tool,db,tool_db,data_type,project,technology,sample,taxid_raw,taxid,name_raw,name,rank,value,value_type,abundance_raw,numReads,numDirectReads
Kraken2,default,Kraken2_default,ZymoMockD6331,ZymoMockD6331,ont,D6331_Zymo,853,853,                  Faecalibacterium prausnitzii,Faecalibacterium prausnitzii,species,14.231014913359253,abund,14.23,423962,415483
Kraken2,default,Kraken2_default,ZymoMockD6331,ZymoMockD6331,ont,D6331_Zymo,2929495,2929495,                    Faecalibacterium sp. I4-3-84,Faecalibacterium sp. I4-3-84,species,0.007418245729221947,abund,0.01,221,221
Kraken2,default,Kraken2_default,ZymoMockD6331,ZymoMockD6331,ont,D6331_Zymo,2929494,2929494,                    Faecalibacterium sp. I4-1-79,Faecalibacterium sp. I4-1-79,species,0.0038937398397726054,abund,0.0,116,116
Kraken2,default,Kraken2_default,ZymoMockD6331,ZymoMockD6331,ont,D6331_Zymo,2929492,2929492,                    Faecalibacterium sp. I3-3-33,Faecalibacterium sp. I3-3-33,species,0.0031217052163694165,abund,0.0,93,93
Kraken2,default,Kraken2_default,ZymoMockD6331,ZymoMockD6331,ont,D6331_Zymo,3141184,3141184,                    Faecalibacterium sp. i21-0019-B1,Faecalibacterium sp. i21-0019-B1,species,0.002215403701939586,abund,0.0,66,66
Kraken2,default,Kraken2_default,ZymoMockD6331,ZymoMockD6331,ont,D6331_Zymo,2929489,2929489,                    Faecalibacterium sp. IP-3-29,Faecalibacterium sp. IP-3-29,species,0.0018461697516163219,abund,0.0,55,55
Kraken2,default,Kraken2_default,ZymoMockD6331,ZymoMockD6331,ont,D6331_Zymo,2929493,2929493,                    Faecalibacterium sp. I3-3-89,Faecalibacterium sp. I3-3-89,species,0.0013762356330230762,abund,0.0,41,41
Kraken2,default,Kraken2_default,ZymoMockD6331,ZymoMockD6331,ont,D6331_Zymo,2929488,2929488,                    Faecalibacterium sp. IP-1-18,Faecalibacterium sp. IP-1-18,species,0.0012419687419964345,abund,0.0,37,37
Kraken2,default,Kraken2_default,ZymoMockD6331,ZymoMockD6331,ont,D6331_Zymo,2929490,2929490,                    Faecalibacterium sp. I2-3-92,Faecalibacterium sp. I2-3-92,species,0.0012419687419964345,abund,0.0,37,37
Kraken2,default,Kraken2_default,ZymoMockD6331,ZymoMockD6331,ont,D6331_Zymo,3141185,3141185,                    Faecalibacterium sp. i25-0019-C1,Faecalibacterium sp. i25-0019-C1,species,0.001107701850969793,abund,0.0,33,33
Kraken2,default,Kraken2_default,ZymoMockD6331,ZymoMockD6331,ont,D6331_Zymo,3030638,3030638,                  Faecalibacterium taiwanense,Faecalibacterium taiwanense,species,0.012050453469641082,abund,0.01,359,359
Kraken2,default,Kraken2_default,ZymoMockD6331,ZymoMockD6331,ont,D6331_Zymo,411483,411483,                  Faecalibacterium duncaniae,Faecalibacterium duncaniae,species,0.0037930396715026246,abund,0.0,113,113
Kraken2,default,Kraken2_default,ZymoMockD6331,ZymoMockD6331,ont,D6331_Zymo,2929491,2929491,                  Faecalibacterium wellingii,Faecalibacterium wellingii,species,0.0010070016826998118,abund,0.0,30,30
Kraken2,default,Kraken2_default,ZymoMockD6331,ZymoMockD6331,ont,D6331_Zymo,657323,657323,                    Ruminococcus sp. SR1/5,Ruminococcus sp. SR1/5,species,0.0012419687419964345,abund,0.0,37,37
Kraken2,default,Kraken2_default,ZymoMockD6331,ZymoMockD6331,ont,D6331_Zymo,3233380,3233380,                    Ruminococcus sp. JE7B6,Ruminococcus sp. JE7B6,species,3.356672275666039e-05,abund,0.0,1,1
Kraken2,default,Kraken2_default,ZymoMockD6331,ZymoMockD6331,ont,D6331_Zymo,3233381,3233381,                    Ruminococcus sp. JL13D9,Ruminococcus sp. JL13D9,species,3.356672275666039e-05,abund,0.0,1,1
Kraken2,default,Kraken2_default,ZymoMockD6331,ZymoMockD6331,ont,D6331_Zymo,1160721,1160721,                  Ruminococcus bicirculans (ex Wegman et al. 2014),Ruminococcus bicirculans (ex Wegman et al. 2014),species,6.713344551332078e-05,abund,0.0,2,2
Kraken2,default,Kraken2_default,ZymoMockD6331,ZymoMockD6331,ont,D6331_Zymo,1264,1264,                  Ruminococcus albus,Ruminococcus albus,species,3.356672275666039e-05,abund,0.0,1,0
Kraken2,default,Kraken2_default,ZymoMockD6331,ZymoMockD6331,ont,D6331_Zymo,2564099,2564099,                  Ruminococcus bovis,Ruminococcus bovis,species,3.356672275666039e-05,abund,0.0,1,1
Kraken2,default,Kraken2_default,ZymoMockD6331,ZymoMockD6331,ont,D6331_Zymo,169435,169435,                  Anaerotruncus colihominis,Anaerotruncus colihominis,species,0.0015105025240497176,abund,0.0,45,45
Kraken2,default,Kraken2_default,ZymoMockD6331,ZymoMockD6331,ont,D6331_Zymo,292800,292800,                  Flavonifractor plautii,Flavonifractor plautii,species,0.0008391680689165098,abund,0.0,25,25
Kraken2,default,Kraken2_default,ZymoMockD6331,ZymoMockD6331,ont,D6331_Zymo,2093857,2093857,                  Dysosmobacter welbionis,Dysosmobacter welbionis,species,0.0005706342868632267,abund,0.0,17,17
Kraken2,default,Kraken2_default,ZymoMockD6331,ZymoMockD6331,ont,D6331_Zymo,288965,288965,                  Acetivibrio clariflavus,Acetivibrio clariflavus,species,0.00023496705929662275,abund,0.0,7,0
Kraken2,default,Kraken2_default,ZymoMockD6331,ZymoMockD6331,ont,D6331_Zymo,1515,1515,                  Acetivibrio thermocellus,Acetivibrio thermocellus,species,6.713344551332078e-05,abund,0.0,2,2
Kraken2,default,Kraken2_default,ZymoMockD6331,ZymoMockD6331,ont,D6331_Zymo,1677857,1677857,                  Acetivibrio saccincola,Acetivibrio saccincola,species,6.713344551332078e-05,abund,0.0,2,2
Kraken2,default,Kraken2_default,ZymoMockD6331,ZymoMockD6331,ont,D6331_Zymo,2714353,2714353,                  Vescimonas fastidiosa,Vescimonas fastidiosa,species,0.00026853378205328313,abund,0.0,8,8
Kraken2,default,Kraken2_default,ZymoMockD6331,ZymoMockD6331,ont,D6331_Zymo,2714355,2714355,                  Vescimonas coprocola,Vescimonas coprocola,species,6.713344551332078e-05,abund,0.0,2,2
Kraken2,default,Kraken2_default,ZymoMockD6331,ZymoMockD6331,ont,D6331_Zymo,2714358,2714358,                  Pusillibacter faecalis,Pusillibacter faecalis,species,0.00026853378205328313,abund,0.0,8,8
Kraken2,default,Kraken2_default,ZymoMockD6331,ZymoMockD6331,ont,D6331_Zymo,1550024,1550024,                  Ruthenibacterium lactatiformans,Ruthenibacterium lactatiformans,species,0.00026853378205328313,abund,0.0,8,8
Kraken2,default,Kraken2_default,ZymoMockD6331,ZymoMockD6331,ont,D6331_Zymo,2108523,2108523,                  Lawsonibacter asaccharolyticus,Lawsonibacter asaccharolyticus,species,0.00026853378205328313,abund,0.0,8,8
Kraken2,default,Kraken2_default,ZymoMockD6331,ZymoMockD6331,ont,D6331_Zymo,512298,512298,                    uncultured Subdoligranulum sp.,uncultured Subdoligranulum sp.,species,0.00016783361378330195,abund,0.0,5,5
Kraken2,default,Kraken2_default,ZymoMockD6331,ZymoMockD6331,ont,D6331_Zymo,214851,214851,                  Subdoligranulum variabile,Subdoligranulum variabile,species,6.713344551332078e-05,abund,0.0,2,2
Kraken2,default,Kraken2_default,ZymoMockD6331,ZymoMockD6331,ont,D6331_Zymo,2488810,2488810,                  Ruminiclostridium herbifermentans,Ruminiclostridium herbifermentans,species,0.00016783361378330195,abund,0.0,5,5
Kraken2,default,Kraken2_default,ZymoMockD6331,ZymoMockD6331,ont,D6331_Zymo,1521,1521,                  Ruminiclostridium cellulolyticum,Ruminiclostridium cellulolyticum,species,6.713344551332078e-05,abund,0.0,2,0
Kraken2,default,Kraken2_default,ZymoMockD6331,ZymoMockD6331,ont,D6331_Zymo,2779352,2779352,                  Pseudoflavonifractor gallinarum,Pseudoflavonifractor gallinarum,species,0.00020140033653996236,abund,0.0,6,6
Kraken2,default,Kraken2_default,ZymoMockD6331,ZymoMockD6331,ont,D6331_Zymo,2109687,2109687,                    Oscillibacter sp. PEA192,Oscillibacter sp. PEA192,species,0.00013426689102664157,abund,0.0,4,4
Kraken2,default,Kraken2_default,ZymoMockD6331,ZymoMockD6331,ont,D6331_Zymo,2763056,2763056,                  Oscillibacter hominis,Oscillibacter hominis,species,3.356672275666039e-05,abund,0.0,1,1
Kraken2,default,Kraken2_default,ZymoMockD6331,ZymoMockD6331,ont,D6331_Zymo,2766537,2766537,                  Caproicibacterium amylolyticum,Caproicibacterium amylolyticum,species,3.356672275666039e-05,abund,0.0,1,1
Kraken2,default,Kraken2_default,ZymoMockD6331,ZymoMockD6331,ont,D6331_Zymo,3388458,3388458,                    Caproicibacterium sp. XB2,Caproicibacterium sp. XB2,species,3.356672275666039e-05,abund,0.0,1,1
Kraken2,default,Kraken2_default,ZymoMockD6331,ZymoMockD6331,ont,D6331_Zymo,3136601,3136601,                  Owariibacterium komagatae,Owariibacterium komagatae,species,0.00013426689102664157,abund,0.0,4,4
Kraken2,default,Kraken2_default,ZymoMockD6331,ZymoMockD6331,ont,D6331_Zymo,3045146,3045146,                    Petroclostridium sp. X23,Petroclostridium sp. X23,species,0.00010070016826998118,abund,0.0,3,3
Kraken2,default,Kraken2_default,ZymoMockD6331,ZymoMockD6331,ont,D6331_Zymo,2780922,2780922,                  Solibaculum mannosilyticum,Solibaculum mannosilyticum,species,0.00010070016826998118,abund,0.0,3,3
Kraken2,default,Kraken2_default,ZymoMockD6331,ZymoMockD6331,ont,D6331_Zymo,3029272,3029272,                  Amygdalobacter indicium,Amygdalobacter indicium,species,3.356672275666039e-05,abund,0.0,1,1
Kraken2,default,Kraken2_default,ZymoMockD6331,ZymoMockD6331,ont,D6331_Zymo,3029274,3029274,                  Amygdalobacter nucleatus,Amygdalobacter nucleatus,species,3.356672275666039e-05,abund,0.0,1,1
Kraken2,default,Kraken2_default,ZymoMockD6331,ZymoMockD6331,ont,D6331_Zymo,1510,1510,                  Thermoclostridium stercorarium,Thermoclostridium stercorarium,species,3.356672275666039e-05,abund,0.0,1,0
Kraken2,default,Kraken2_default,ZymoMockD6331,ZymoMockD6331,ont,D6331_Zymo,3070656,3070656,                    Paludicola sp. MB14-C6,Paludicola sp. MB14-C6,species,3.356672275666039e-05,abund,0.0,1,1
Kraken2,default,Kraken2_default,ZymoMockD6331,ZymoMockD6331,ont,D6331_Zymo,3376682,3376682,                    Clostridium sp. MB05,Clostridium sp. MB05,species,0.00026853378205328313,abund,0.0,8,8
Kraken2,default,Kraken2_default,ZymoMockD6331,ZymoMockD6331,ont,D6331_Zymo,3070996,3070996,                    Clostridium sp. MB40-C1,Clostridium sp. MB40-C1,species,0.00020140033653996236,abund,0.0,6,6
Kraken2,default,Kraken2_default,ZymoMockD6331,ZymoMockD6331,ont,D6331_Zymo,2483110,2483110,                    Clostridium sp. JN-1,Clostridium sp. JN-1,species,0.00016783361378330195,abund,0.0,5,5
Kraken2,default,Kraken2_default,ZymoMockD6331,ZymoMockD6331,ont,D6331_Zymo,3070681,3070681,                    Clostridium sp. OS1-26,Clostridium sp. OS1-26,species,0.00013426689102664157,abund,0.0,4,4
Kraken2,default,Kraken2_default,ZymoMockD6331,ZymoMockD6331,ont,D6331_Zymo,2212991,2212991,                    Clostridium sp. AWRP,Clostridium sp. AWRP,species,0.00013426689102664157,abund,0.0,4,4
Kraken2,default,Kraken2_default,ZymoMockD6331,ZymoMockD6331,ont,D6331_Zymo,3373596,3373596,                    Clostridium sp. 10cd*,Clostridium sp. 10cd*,species,0.00013426689102664157,abund,0.0,4,4
Kraken2,default,Kraken2_default,ZymoMockD6331,ZymoMockD6331,ont,D6331_Zymo,3238594,3238594,                    Clostridium sp. HCS.1,Clostridium sp. HCS.1,species,0.00013426689102664157,abund,0.0,4,4
Kraken2,default,Kraken2_default,ZymoMockD6331,ZymoMockD6331,ont,D6331_Zymo,2930219,2930219,                    Clostridium sp. BJN0001,Clostridium sp. BJN0001,species,6.713344551332078e-05,abund,0.0,2,2
Kraken2,default,Kraken2_default,ZymoMockD6331,ZymoMockD6331,ont,D6331_Zymo,1155388,1155388,                    Clostridium sp. C1,Clostridium sp. C1,species,6.713344551332078e-05,abund,0.0,2,2
Kraken2,default,Kraken2_default,ZymoMockD6331,ZymoMockD6331,ont,D6331_Zymo,641107,641107,                    Clostridium sp. DL-VIII,Clostridium sp. DL-VIII,species,6.713344551332078e-05,abund,0.0,2,2
Kraken2,default,Kraken2_default,ZymoMockD6331,ZymoMockD6331,ont,D6331_Zymo,411486,411486,                    Clostridium sp. M62/1,Clostridium sp. M62/1,species,6.713344551332078e-05,abund,0.0,2,2
Kraken2,default,Kraken2_default,ZymoMockD6331,ZymoMockD6331,ont,D6331_Zymo,97138,97138,                    Clostridium sp. MD294,Clostridium sp. MD294,species,3.356672275666039e-05,abund,0.0,1,1
Kraken2,default,Kraken2_default,ZymoMockD6331,ZymoMockD6331,ont,D6331_Zymo,2779445,2779445,                    Clostridium sp. 'deep sea',Clostridium sp. 'deep sea',species,3.356672275666039e-05,abund,0.0,1,1
Kraken2,default,Kraken2_default,ZymoMockD6331,ZymoMockD6331,ont,D6331_Zymo,2849865,2849865,                    Clostridium sp. CM027,Clostridium sp. CM027,species,3.356672275666039e-05,abund,0.0,1,1
Kraken2,default,Kraken2_default,ZymoMockD6331,ZymoMockD6331,ont,D6331_Zymo,1522,1522,                  [Clostridium] innocuum,[Clostridium] innocuum,species,0.0012084020192397742,abund,0.0,36,36
Kraken2,default,Kraken2_default,ZymoMockD6331,ZymoMockD6331,ont,D6331_Zymo,1491,1491,                  Clostridium botulinum,Clostridium botulinum,species,0.0011748352964831136,abund,0.0,35,23
Kraken2,default,Kraken2_default,ZymoMockD6331,ZymoMockD6331,ont,D6331_Zymo,1502,1502,                  Clostridium perfringens,Clostridium perfringens,species,0.0009063015144298305,abund,0.0,27,26
Kraken2,default,Kraken2_default,ZymoMockD6331,ZymoMockD6331,ont,D6331_Zymo,238834,238834,                  Clostridium estertheticum,Clostridium estertheticum,species,0.0008391680689165098,abund,0.0,25,25
Kraken2,default,Kraken2_default,ZymoMockD6331,ZymoMockD6331,ont,D6331_Zymo,1519,1519,                  Clostridium tyrobutyricum,Clostridium tyrobutyricum,species,0.00040280067307992473,abund,0.0,12,12
Kraken2,default,Kraken2_default,ZymoMockD6331,ZymoMockD6331,ont,D6331_Zymo,36745,36745,                  Clostridium saccharoperbutylacetonicum,Clostridium saccharoperbutylacetonicum,species,0.00040280067307992473,abund,0.0,12,9
Kraken2,default,Kraken2_default,ZymoMockD6331,ZymoMockD6331,ont,D6331_Zymo,36845,36845,                  Clostridium intestinale,Clostridium intestinale,species,0.0003692339503232643,abund,0.0,11,11
Kraken2,default,Kraken2_default,ZymoMockD6331,ZymoMockD6331,ont,D6331_Zymo,1493,1493,                  Clostridium cellulovorans,Clostridium cellulovorans,species,0.00030210050480994355,abund,0.0,9,0
Kraken2,default,Kraken2_default,ZymoMockD6331,ZymoMockD6331,ont,D6331_Zymo,94869,94869,                  Clostridium gasigenes,Clostridium gasigenes,species,0.00026853378205328313,abund,0.0,8,8
Kraken2,default,Kraken2_default,ZymoMockD6331,ZymoMockD6331,ont,D6331_Zymo,84022,84022,                  Clostridium aceticum,Clostridium aceticum,species,0.00026853378205328313,abund,0.0,8,8
Kraken2,default,Kraken2_default,ZymoMockD6331,ZymoMockD6331,ont,D6331_Zymo,169679,169679,                  Clostridium saccharobutylicum,Clostridium saccharobutylicum,species,0.00023496705929662275,abund,0.0,7,7
Kraken2,default,Kraken2_default,ZymoMockD6331,ZymoMockD6331,ont,D6331_Zymo,394958,394958,                  Clostridium taeniosporum,Clostridium taeniosporum,species,0.00020140033653996236,abund,0.0,6,6
Kraken2,default,Kraken2_default,ZymoMockD6331,ZymoMockD6331,ont,D6331_Zymo,1504,1504,                  Clostridium septicum,Clostridium septicum,species,0.00016783361378330195,abund,0.0,5,5
Kraken2,default,Kraken2_default,ZymoMockD6331,ZymoMockD6331,ont,D6331_Zymo,1520,1520,                  Clostridium beijerinckii,Clostridium beijerinckii,species,0.00016783361378330195,abund,0.0,5,5
Kraken2,default,Kraken2_default,ZymoMockD6331,ZymoMockD6331,ont,D6331_Zymo,1492,1492,                  Clostridium butyricum,Clostridium butyricum,species,0.00016783361378330195,abund,0.0,5,5
Kraken2,default,Kraken2_default,ZymoMockD6331,ZymoMockD6331,ont,D6331_Zymo,46867,46867,                  Clostridium chauvoei,Clostridium chauvoei,species,0.00016783361378330195,abund,0.0,5,5
Kraken2,default,Kraken2_default,ZymoMockD6331,ZymoMockD6331,ont,D6331_Zymo,2068654,2068654,                  Clostridium fermenticellae,Clostridium fermenticellae,species,0.00016783361378330195,abund,0.0,5,5
Kraken2,default,Kraken2_default,ZymoMockD6331,ZymoMockD6331,ont,D6331_Zymo,360422,360422,                  Clostridium tagluense,Clostridium tagluense,species,0.00013426689102664157,abund,0.0,4,4
Kraken2,default,Kraken2_default,ZymoMockD6331,ZymoMockD6331,ont,D6331_Zymo,1513,1513,                  Clostridium tetani,Clostridium tetani,species,0.00013426689102664157,abund,0.0,4,4
Kraken2,default,Kraken2_default,ZymoMockD6331,ZymoMockD6331,ont,D6331_Zymo,1716543,1716543,                  Clostridium thermarum,Clostridium thermarum,species,0.00010070016826998118,abund,0.0,3,3
Kraken2,default,Kraken2_default,ZymoMockD6331,ZymoMockD6331,ont,D6331_Zymo,1501,1501,                  Clostridium pasteurianum,Clostridium pasteurianum,species,0.00010070016826998118,abund,0.0,3,1
Kraken2,default,Kraken2_default,ZymoMockD6331,ZymoMockD6331,ont,D6331_Zymo,704125,704125,                  Clostridium gelidum,Clostridium gelidum,species,0.00010070016826998118,abund,0.0,3,3
Kraken2,default,Kraken2_default,ZymoMockD6331,ZymoMockD6331,ont,D6331_Zymo,1561,1561,                  Clostridium baratii,Clostridium baratii,species,6.713344551332078e-05,abund,0.0,2,2
Kraken2,default,Kraken2_default,ZymoMockD6331,ZymoMockD6331,ont,D6331_Zymo,332101,332101,                  Clostridium drakei,Clostridium drakei,species,6.713344551332078e-05,abund,0.0,2,2
Kraken2,default,Kraken2_default,ZymoMockD6331,ZymoMockD6331,ont,D6331_Zymo,1497,1497,                  Clostridium formicaceticum,Clostridium formicaceticum,species,6.713344551332078e-05,abund,0.0,2,2
Kraken2,default,Kraken2_default,ZymoMockD6331,ZymoMockD6331,ont,D6331_Zymo,217159,217159,                  Clostridium carboxidivorans,Clostridium carboxidivorans,species,6.713344551332078e-05,abund,0.0,2,0
Kraken2,default,Kraken2_default,ZymoMockD6331,ZymoMockD6331,ont,D6331_Zymo,182773,182773,                  Clostridium isatidis,Clostridium isatidis,species,6.713344551332078e-05,abund,0.0,2,2
Kraken2,default,Kraken2_default,ZymoMockD6331,ZymoMockD6331,ont,D6331_Zymo,1216932,1216932,                  Clostridium bornimense,Clostridium bornimense,species,6.713344551332078e-05,abund,0.0,2,2
Kraken2,default,Kraken2_default,ZymoMockD6331,ZymoMockD6331,ont,D6331_Zymo,1548,1548,                  Clostridium scatologenes,Clostridium scatologenes,species,6.713344551332078e-05,abund,0.0,2,2
Kraken2,default,Kraken2_default,ZymoMockD6331,ZymoMockD6331,ont,D6331_Zymo,84023,84023,                  Clostridium autoethanogenum,Clostridium autoethanogenum,species,3.356672275666039e-05,abund,0.0,1,1
Kraken2,default,Kraken2_default,ZymoMockD6331,ZymoMockD6331,ont,D6331_Zymo,1529,1529,                  Clostridium cadaveris,Clostridium cadaveris,species,3.356672275666039e-05,abund,0.0,1,1
Kraken2,default,Kraken2_default,ZymoMockD6331,ZymoMockD6331,ont,D6331_Zymo,1534,1534,                  Clostridium kluyveri,Clostridium kluyveri,species,3.356672275666039e-05,abund,0.0,1,1
Kraken2,default,Kraken2_default,ZymoMockD6331,ZymoMockD6331,ont,D6331_Zymo,1542,1542,                  Clostridium novyi,Clostridium novyi,species,3.356672275666039e-05,abund,0.0,1,0
Kraken2,default,Kraken2_default,ZymoMockD6331,ZymoMockD6331,ont,D6331_Zymo,36839,36839,                  Clostridium felsineum,Clostridium felsineum,species,3.356672275666039e-05,abund,0.0,1,1
Kraken2,default,Kraken2_default,ZymoMockD6331,ZymoMockD6331,ont,D6331_Zymo,1499683,1499683,                  Clostridium culturomicium,Clostridium culturomicium,species,3.356672275666039e-05,abund,0.0,1,1
Kraken2,default,Kraken2_default,ZymoMockD6331,ZymoMockD6331,ont,D6331_Zymo,2855394,2855394,                  Crassaminicella indica,Crassaminicella indica,species,0.00020140033653996236,abund,0.0,6,6
Kraken2,default,Kraken2_default,ZymoMockD6331,ZymoMockD6331,ont,D6331_Zymo,2599308,2599308,                  Crassaminicella thermophila,Crassaminicella thermophila,species,0.00016783361378330195,abund,0.0,5,5
Kraken2,default,Kraken2_default,ZymoMockD6331,ZymoMockD6331,ont,D6331_Zymo,1286698,1286698,                  Crassaminicella profunda,Crassaminicella profunda,species,3.356672275666039e-05,abund,0.0,1,1
Kraken2,default,Kraken2_default,ZymoMockD6331,ZymoMockD6331,ont,D6331_Zymo,3023090,3023090,                    Caloramator sp. mosi_1,Caloramator sp. mosi_1,species,0.00020140033653996236,abund,0.0,6,6
Kraken2,default,Kraken2_default,ZymoMockD6331,ZymoMockD6331,ont,D6331_Zymo,2576307,2576307,                    Caloramator sp. E03,Caloramator sp. E03,species,0.00013426689102664157,abund,0.0,4,4
Kraken2,default,Kraken2_default,ZymoMockD6331,ZymoMockD6331,ont,D6331_Zymo,3029174,3029174,                    Caloramator sp. Dgby_cultured_2,Caloramator sp. Dgby_cultured_2,species,3.356672275666039e-05,abund,0.0,1,1
Kraken2,default,Kraken2_default,ZymoMockD6331,ZymoMockD6331,ont,D6331_Zymo,3298609,3298609,                    Haloimpatiens sp. FM7315,Haloimpatiens sp. FM7315,species,0.00016783361378330195,abund,0.0,5,5
Kraken2,default,Kraken2_default,ZymoMockD6331,ZymoMockD6331,ont,D6331_Zymo,3298610,3298610,                    Haloimpatiens sp. FM7330,Haloimpatiens sp. FM7330,species,3.356672275666039e-05,abund,0.0,1,1
Kraken2,default,Kraken2_default,ZymoMockD6331,ZymoMockD6331,ont,D6331_Zymo,1380675,1380675,                  Haloimpatiens lingqiaonensis,Haloimpatiens lingqiaonensis,species,0.00010070016826998118,abund,0.0,3,3
Kraken2,default,Kraken2_default,ZymoMockD6331,ZymoMockD6331,ont,D6331_Zymo,2999116,2999116,                    Oceanirhabdus sp. W0125-5,Oceanirhabdus sp. W0125-5,species,0.00026853378205328313,abund,0.0,8,8
Kraken2,default,Kraken2_default,ZymoMockD6331,ZymoMockD6331,ont,D6331_Zymo,1041504,1041504,                    Candidatus Arthromitus sp. SFB-rat-Yit,Candidatus Arthromitus sp. SFB-rat-Yit,species,0.00016783361378330195,abund,0.0,5,5
Kraken2,default,Kraken2_default,ZymoMockD6331,ZymoMockD6331,ont,D6331_Zymo,1498,1498,                  Hathewaya histolytica,Hathewaya histolytica,species,0.00016783361378330195,abund,0.0,5,5
Kraken2,default,Kraken2_default,ZymoMockD6331,ZymoMockD6331,ont,D6331_Zymo,2726954,2726954,                    Sarcina sp. JB2,Sarcina sp. JB2,species,6.713344551332078e-05,abund,0.0,2,2
Kraken2,default,Kraken2_default,ZymoMockD6331,ZymoMockD6331,ont,D6331_Zymo,341220,341220,                  Lactonifactor longoviformis,Lactonifactor longoviformis,species,3.356672275666039e-05,abund,0.0,1,1
Kraken2,default,Kraken2_default,ZymoMockD6331,ZymoMockD6331,ont,D6331_Zymo,1297617,1297617,                  Intestinimonas butyriciproducens,Intestinimonas butyriciproducens,species,0.0004699341185932455,abund,0.0,14,14
Kraken2,default,Kraken2_default,ZymoMockD6331,ZymoMockD6331,ont,D6331_Zymo,2610895,2610895,                    Flintibacter sp. KGMB00164,Flintibacter sp. KGMB00164,species,0.00040280067307992473,abund,0.0,12,12
Kraken2,default,Kraken2_default,ZymoMockD6331,ZymoMockD6331,ont,D6331_Zymo,2086584,2086584,                  Massilistercora timonensis,Massilistercora timonensis,species,0.0003692339503232643,abund,0.0,11,11
Kraken2,default,Kraken2_default,ZymoMockD6331,ZymoMockD6331,ont,D6331_Zymo,3050072,3050072,                    Proteiniborus sp. MB09-C3,Proteiniborus sp. MB09-C3,species,0.00013426689102664157,abund,0.0,4,4
Kraken2,default,Kraken2_default,ZymoMockD6331,ZymoMockD6331,ont,D6331_Zymo,2811778,2811778,                  Fenollaria sporofastidiosus,Fenollaria sporofastidiosus,species,6.713344551332078e-05,abund,0.0,2,2
Kraken2,default,Kraken2_default,ZymoMockD6331,ZymoMockD6331,ont,D6331_Zymo,53442,53442,                  Eubacterium callanderi,Eubacterium callanderi,species,0.00043636739583658514,abund,0.0,13,13
Kraken2,default,Kraken2_default,ZymoMockD6331,ZymoMockD6331,ont,D6331_Zymo,1736,1736,                  Eubacterium limosum,Eubacterium limosum,species,6.713344551332078e-05,abund,0.0,2,2
Kraken2,default,Kraken2_default,ZymoMockD6331,ZymoMockD6331,ont,D6331_Zymo,39490,39490,                  Eubacterium ramulus,Eubacterium ramulus,species,6.713344551332078e-05,abund,0.0,2,2
Kraken2,default,Kraken2_default,ZymoMockD6331,ZymoMockD6331,ont,D6331_Zymo,39496,39496,                  Eubacterium ventriosum,Eubacterium ventriosum,species,6.713344551332078e-05,abund,0.0,2,2
Kraken2,default,Kraken2_default,ZymoMockD6331,ZymoMockD6331,ont,D6331_Zymo,2841528,2841528,                    Eubacterium sp. MSJ-33,Eubacterium sp. MSJ-33,species,3.356672275666039e-05,abund,0.0,1,1
Kraken2,default,Kraken2_default,ZymoMockD6331,ZymoMockD6331,ont,D6331_Zymo,2815577,2815577,                  Alkalibacter rhizosphaerae,Alkalibacter rhizosphaerae,species,0.00010070016826998118,abund,0.0,3,3
Kraken2,default,Kraken2_default,ZymoMockD6331,ZymoMockD6331,ont,D6331_Zymo,52694,52694,                  Acetobacterium wieringae,Acetobacterium wieringae,species,6.713344551332078e-05,abund,0.0,2,2
Kraken2,default,Kraken2_default,ZymoMockD6331,ZymoMockD6331,ont,D6331_Zymo,214853,214853,                  Anaerofustis stercorihominis,Anaerofustis stercorihominis,species,3.356672275666039e-05,abund,0.0,1,1
Kraken2,default,Kraken2_default,ZymoMockD6331,ZymoMockD6331,ont,D6331_Zymo,1796620,1796620,                  Acutalibacter muris,Acutalibacter muris,species,0.00026853378205328313,abund,0.0,8,8
Kraken2,default,Kraken2_default,ZymoMockD6331,ZymoMockD6331,ont,D6331_Zymo,2576756,2576756,                  Caproicibacter fermentans,Caproicibacter fermentans,species,6.713344551332078e-05,abund,0.0,2,2
Kraken2,default,Kraken2_default,ZymoMockD6331,ZymoMockD6331,ont,D6331_Zymo,3110227,3110227,                    Caproicibacter sp. BJN0012,Caproicibacter sp. BJN0012,species,6.713344551332078e-05,abund,0.0,2,2
Kraken2,default,Kraken2_default,ZymoMockD6331,ZymoMockD6331,ont,D6331_Zymo,2507162,2507162,                    Caproiciproducens sp. NJN-50,Caproiciproducens sp. NJN-50,species,6.713344551332078e-05,abund,0.0,2,2
Kraken2,default,Kraken2_default,ZymoMockD6331,ZymoMockD6331,ont,D6331_Zymo,3030017,3030017,                    Caproiciproducens sp. CPB-2,Caproiciproducens sp. CPB-2,species,3.356672275666039e-05,abund,0.0,1,1
Kraken2,default,Kraken2_default,ZymoMockD6331,ZymoMockD6331,ont,D6331_Zymo,49338,49338,                  Desulfitobacterium hafniense,Desulfitobacterium hafniense,species,0.00010070016826998118,abund,0.0,3,2
Kraken2,default,Kraken2_default,ZymoMockD6331,ZymoMockD6331,ont,D6331_Zymo,36854,36854,                  Desulfitobacterium dehalogenans,Desulfitobacterium dehalogenans,species,6.713344551332078e-05,abund,0.0,2,0
Kraken2,default,Kraken2_default,ZymoMockD6331,ZymoMockD6331,ont,D6331_Zymo,2907827,2907827,                    Dehalobacter sp. DCM,Dehalobacter sp. DCM,species,0.00010070016826998118,abund,0.0,3,3
Kraken2,default,Kraken2_default,ZymoMockD6331,ZymoMockD6331,ont,D6331_Zymo,79209,79209,                  Desulfosporosinus meridiei,Desulfosporosinus meridiei,species,3.356672275666039e-05,abund,0.0,1,0
Kraken2,default,Kraken2_default,ZymoMockD6331,ZymoMockD6331,ont,D6331_Zymo,339862,339862,                  Desulfosporosinus youngiae,Desulfosporosinus youngiae,species,3.356672275666039e-05,abund,0.0,1,0
Kraken2,default,Kraken2_default,ZymoMockD6331,ZymoMockD6331,ont,D6331_Zymo,3115649,3115649,                  Desulfosporosinus paludis,Desulfosporosinus paludis,species,3.356672275666039e-05,abund,0.0,1,1
Kraken2,default,Kraken2_default,ZymoMockD6331,ZymoMockD6331,ont,D6331_Zymo,1564,1564,                  Desulforamulus ruminis,Desulforamulus ruminis,species,0.00010070016826998118,abund,0.0,3,0
Kraken2,default,Kraken2_default,ZymoMockD6331,ZymoMockD6331,ont,D6331_Zymo,59610,59610,                  Desulforamulus reducens,Desulforamulus reducens,species,3.356672275666039e-05,abund,0.0,1,0
Kraken2,default,Kraken2_default,ZymoMockD6331,ZymoMockD6331,ont,D6331_Zymo,1712410,1712410,                  Thermanaerosceptrum fracticalcis,Thermanaerosceptrum fracticalcis,species,6.713344551332078e-05,abund,0.0,2,2
Kraken2,default,Kraken2_default,ZymoMockD6331,ZymoMockD6331,ont,D6331_Zymo,1761012,1761012,                  Candidatus Formimonas warabiya,Candidatus Formimonas warabiya,species,6.713344551332078e-05,abund,0.0,2,2
Kraken2,default,Kraken2_default,ZymoMockD6331,ZymoMockD6331,ont,D6331_Zymo,58135,58135,                  Desulfofundulus kuznetsovii,Desulfofundulus kuznetsovii,species,3.356672275666039e-05,abund,0.0,1,0
Kraken2,default,Kraken2_default,ZymoMockD6331,ZymoMockD6331,ont,D6331_Zymo,1561005,1561005,                  Acididesulfobacillus acetoxydans,Acididesulfobacillus acetoxydans,species,3.356672275666039e-05,abund,0.0,1,1
Kraken2,default,Kraken2_default,ZymoMockD6331,ZymoMockD6331,ont,D6331_Zymo,3014267,3014267,                  Agathobaculum massiliense,Agathobaculum massiliense,species,0.00010070016826998118,abund,0.0,3,3
Kraken2,default,Kraken2_default,ZymoMockD6331,ZymoMockD6331,ont,D6331_Zymo,3079302,3079302,                    Agathobaculum sp. NTUH-O15-33,Agathobaculum sp. NTUH-O15-33,species,6.713344551332078e-05,abund,0.0,2,2
Kraken2,default,Kraken2_default,ZymoMockD6331,ZymoMockD6331,ont,D6331_Zymo,3079303,3079303,                    Intestinibacillus sp. NTUH-41-i26,Intestinibacillus sp. NTUH-41-i26,species,3.356672275666039e-05,abund,0.0,1,1
Kraken2,default,Kraken2_default,ZymoMockD6331,ZymoMockD6331,ont,D6331_Zymo,1565,1565,                  Desulfotomaculum nigrificans,Desulfotomaculum nigrificans,species,0.00020140033653996236,abund,0.0,6,0
Kraken2,default,Kraken2_default,ZymoMockD6331,ZymoMockD6331,ont,D6331_Zymo,356322,356322,                  Heliorestis convoluta,Heliorestis convoluta,species,0.00013426689102664157,abund,0.0,4,4
Kraken2,default,Kraken2_default,ZymoMockD6331,ZymoMockD6331,ont,D6331_Zymo,3144975,3144975,                    Desulfoscipio sp. XC116,Desulfoscipio sp. XC116,species,6.713344551332078e-05,abund,0.0,2,2
Kraken2,default,Kraken2_default,ZymoMockD6331,ZymoMockD6331,ont,D6331_Zymo,1260629,1260629,                  Proteinivorax tanatarense,Proteinivorax tanatarense,species,3.356672275666039e-05,abund,0.0,1,1
Kraken2,default,Kraken2_default,ZymoMockD6331,ZymoMockD6331,ont,D6331_Zymo,863643,863643,                  Thermincola potens,Thermincola potens,species,3.356672275666039e-05,abund,0.0,1,0
Kraken2,default,Kraken2_default,ZymoMockD6331,ZymoMockD6331,ont,D6331_Zymo,3046382,3046382,                  Aristaeella hokkaidonensis,Aristaeella hokkaidonensis,species,3.356672275666039e-05,abund,0.0,1,1
Kraken2,default,Kraken2_default,ZymoMockD6331,ZymoMockD6331,ont,D6331_Zymo,301301,301301,                  Roseburia hominis,Roseburia hominis,species,9.969551625787433,abund,9.97,297007,297007
Kraken2,default,Kraken2_default,ZymoMockD6331,ZymoMockD6331,ont,D6331_Zymo,166486,166486,                  Roseburia intestinalis,Roseburia intestinalis,species,0.00594130992792889,abund,0.01,177,86
Kraken2,default,Kraken2_default,ZymoMockD6331,ZymoMockD6331,ont,D6331_Zymo,2763062,2763062,                  Roseburia rectibacter,Roseburia rectibacter,species,0.0008391680689165098,abund,0.0,25,25
Kraken2,default,Kraken2_default,ZymoMockD6331,ZymoMockD6331,ont,D6331_Zymo,301302,301302,                  Roseburia faecis,Roseburia faecis,species,0.00030210050480994355,abund,0.0,9,9
Kraken2,default,Kraken2_default,ZymoMockD6331,ZymoMockD6331,ont,D6331_Zymo,1261634,1261634,                    Roseburia sp. 499,Roseburia sp. 499,species,3.356672275666039e-05,abund,0.0,1,1
Kraken2,default,Kraken2_default,ZymoMockD6331,ZymoMockD6331,ont,D6331_Zymo,40520,40520,                  Blautia obeum,Blautia obeum,species,0.001779036306103001,abund,0.0,53,7
Kraken2,default,Kraken2_default,ZymoMockD6331,ZymoMockD6331,ont,D6331_Zymo,1532,1532,                  Blautia coccoides,Blautia coccoides,species,0.0012084020192397742,abund,0.0,36,36
Kraken2,default,Kraken2_default,ZymoMockD6331,ZymoMockD6331,ont,D6331_Zymo,89014,89014,                  Blautia luti,Blautia luti,species,0.0008056013461598495,abund,0.0,24,24
Kraken2,default,Kraken2_default,ZymoMockD6331,ZymoMockD6331,ont,D6331_Zymo,1796616,1796616,                  Blautia pseudococcoides,Blautia pseudococcoides,species,0.0008056013461598495,abund,0.0,24,24
Kraken2,default,Kraken2_default,ZymoMockD6331,ZymoMockD6331,ont,D6331_Zymo,418240,418240,                  Blautia wexlerae,Blautia wexlerae,species,0.0005035008413499059,abund,0.0,15,10
Kraken2,default,Kraken2_default,ZymoMockD6331,ZymoMockD6331,ont,D6331_Zymo,1322,1322,                  Blautia hansenii,Blautia hansenii,species,0.0003692339503232643,abund,0.0,11,8
Kraken2,default,Kraken2_default,ZymoMockD6331,ZymoMockD6331,ont,D6331_Zymo,2479767,2479767,                    Blautia sp. SC05B48,Blautia sp. SC05B48,species,0.00030210050480994355,abund,0.0,9,9
Kraken2,default,Kraken2_default,ZymoMockD6331,ZymoMockD6331,ont,D6331_Zymo,53443,53443,                  Blautia hydrogenotrophica,Blautia hydrogenotrophica,species,0.00016783361378330195,abund,0.0,5,0
Kraken2,default,Kraken2_default,ZymoMockD6331,ZymoMockD6331,ont,D6331_Zymo,1912897,1912897,                  Blautia argi,Blautia argi,species,0.00010070016826998118,abund,0.0,3,3
Kraken2,default,Kraken2_default,ZymoMockD6331,ZymoMockD6331,ont,D6331_Zymo,33035,33035,                  Blautia producta,Blautia producta,species,6.713344551332078e-05,abund,0.0,2,2
Kraken2,default,Kraken2_default,ZymoMockD6331,ZymoMockD6331,ont,D6331_Zymo,1737424,1737424,                  Blautia massiliensis (ex Durand et al. 2017),Blautia massiliensis (ex Durand et al. 2017),species,3.356672275666039e-05,abund,0.0,1,1
Kraken2,default,Kraken2_default,ZymoMockD6331,ZymoMockD6331,ont,D6331_Zymo,2877527,2877527,                  Blautia parvula,Blautia parvula,species,3.356672275666039e-05,abund,0.0,1,1
Kraken2,default,Kraken2_default,ZymoMockD6331,ZymoMockD6331,ont,D6331_Zymo,33038,33038,                  Mediterraneibacter gnavus,Mediterraneibacter gnavus,species,0.005538509254848965,abund,0.01,165,164
Kraken2,default,Kraken2_default,ZymoMockD6331,ZymoMockD6331,ont,D6331_Zymo,33039,33039,                  [Ruminococcus] torques,[Ruminococcus] torques,species,0.0008727347916731703,abund,0.0,26,12
Kraken2,default,Kraken2_default,ZymoMockD6331,ZymoMockD6331,ont,D6331_Zymo,342942,342942,                  Mediterraneibacter glycyrrhizinilyticus,Mediterraneibacter glycyrrhizinilyticus,species,0.00020140033653996236,abund,0.0,6,6
Kraken2,default,Kraken2_default,ZymoMockD6331,ZymoMockD6331,ont,D6331_Zymo,46228,46228,                  [Ruminococcus] lactaris,[Ruminococcus] lactaris,species,6.713344551332078e-05,abund,0.0,2,0
Kraken2,default,Kraken2_default,ZymoMockD6331,ZymoMockD6331,ont,D6331_Zymo,39491,39491,                  Agathobacter rectalis,Agathobacter rectalis,species,0.006444810769278796,abund,0.01,192,177
Kraken2,default,Kraken2_default,ZymoMockD6331,ZymoMockD6331,ont,D6331_Zymo,1531,1531,                  Enterocloster clostridioformis,Enterocloster clostridioformis,species,0.0031217052163694165,abund,0.0,93,93
Kraken2,default,Kraken2_default,ZymoMockD6331,ZymoMockD6331,ont,D6331_Zymo,460384,460384,                  Enterocloster lavalensis,Enterocloster lavalensis,species,0.001443369078536397,abund,0.0,43,43
Kraken2,default,Kraken2_default,ZymoMockD6331,ZymoMockD6331,ont,D6331_Zymo,208479,208479,                  Enterocloster bolteae,Enterocloster bolteae,species,0.00030210050480994355,abund,0.0,9,9
Kraken2,default,Kraken2_default,ZymoMockD6331,ZymoMockD6331,ont,D6331_Zymo,88431,88431,                  Dorea longicatena,Dorea longicatena,species,0.0017454695833463406,abund,0.0,52,52
Kraken2,default,Kraken2_default,ZymoMockD6331,ZymoMockD6331,ont,D6331_Zymo,39486,39486,                  Dorea formicigenerans,Dorea formicigenerans,species,0.0008727347916731703,abund,0.0,26,26
Kraken2,default,Kraken2_default,ZymoMockD6331,ZymoMockD6331,ont,D6331_Zymo,751585,751585,                    Coprococcus sp. ART55/1,Coprococcus sp. ART55/1,species,0.0010070016826998118,abund,0.0,30,30
Kraken2,default,Kraken2_default,ZymoMockD6331,ZymoMockD6331,ont,D6331_Zymo,410072,410072,                  Coprococcus comes,Coprococcus comes,species,0.0005035008413499059,abund,0.0,15,15
Kraken2,default,Kraken2_default,ZymoMockD6331,ZymoMockD6331,ont,D6331_Zymo,33043,33043,                  Coprococcus eutactus,Coprococcus eutactus,species,0.0004699341185932455,abund,0.0,14,14
Kraken2,default,Kraken2_default,ZymoMockD6331,ZymoMockD6331,ont,D6331_Zymo,116085,116085,                  Coprococcus catus,Coprococcus catus,species,0.00020140033653996236,abund,0.0,6,6
Kraken2,default,Kraken2_default,ZymoMockD6331,ZymoMockD6331,ont,D6331_Zymo,29347,29347,                  [Clostridium] scindens,[Clostridium] scindens,species,0.000939868237186491,abund,0.0,28,28
Kraken2,default,Kraken2_default,ZymoMockD6331,ZymoMockD6331,ont,D6331_Zymo,1512,1512,                  [Clostridium] symbiosum,[Clostridium] symbiosum,species,0.00030210050480994355,abund,0.0,9,9
Kraken2,default,Kraken2_default,ZymoMockD6331,ZymoMockD6331,ont,D6331_Zymo,66219,66219,                  Lachnoclostridium phytofermentans,Lachnoclostridium phytofermentans,species,0.00010070016826998118,abund,0.0,3,0
Kraken2,default,Kraken2_default,ZymoMockD6331,ZymoMockD6331,ont,D6331_Zymo,89153,89153,                  [Clostridium] hylemonae,[Clostridium] hylemonae,species,0.00010070016826998118,abund,0.0,3,3
Kraken2,default,Kraken2_default,ZymoMockD6331,ZymoMockD6331,ont,D6331_Zymo,649756,649756,                  Anaerostipes hadrus,Anaerostipes hadrus,species,0.0012419687419964345,abund,0.0,37,34
Kraken2,default,Kraken2_default,ZymoMockD6331,ZymoMockD6331,ont,D6331_Zymo,105841,105841,                  Anaerostipes caccae,Anaerostipes caccae,species,0.00013426689102664157,abund,0.0,4,4
Kraken2,default,Kraken2_default,ZymoMockD6331,ZymoMockD6331,ont,D6331_Zymo,1229621,1229621,                  Anaerostipes rhamnosivorans,Anaerostipes rhamnosivorans,species,3.356672275666039e-05,abund,0.0,1,1
Kraken2,default,Kraken2_default,ZymoMockD6331,ZymoMockD6331,ont,D6331_Zymo,45851,45851,                  Eshraghiella crossota,Eshraghiella crossota,species,0.0010405684054564722,abund,0.0,31,31
Kraken2,default,Kraken2_default,ZymoMockD6331,ZymoMockD6331,ont,D6331_Zymo,39488,39488,                  Anaerobutyricum hallii,Anaerobutyricum hallii,species,0.0006713344551332078,abund,0.0,20,20
Kraken2,default,Kraken2_default,ZymoMockD6331,ZymoMockD6331,ont,D6331_Zymo,831,831,                  Butyrivibrio fibrisolvens,Butyrivibrio fibrisolvens,species,0.0009063015144298305,abund,0.0,27,27
Kraken2,default,Kraken2_default,ZymoMockD6331,ZymoMockD6331,ont,D6331_Zymo,43305,43305,                  Butyrivibrio proteoclasticus,Butyrivibrio proteoclasticus,species,3.356672275666039e-05,abund,0.0,1,0
Kraken2,default,Kraken2_default,ZymoMockD6331,ZymoMockD6331,ont,D6331_Zymo,3123317,3123317,                    Kineothrix sp. IPX-CK,Kineothrix sp. IPX-CK,species,0.0006377677323765474,abund,0.0,19,19
Kraken2,default,Kraken2_default,ZymoMockD6331,ZymoMockD6331,ont,D6331_Zymo,3070215,3070215,                    Kineothrix sp. MB12-C1,Kineothrix sp. MB12-C1,species,0.00016783361378330195,abund,0.0,5,5
Kraken2,default,Kraken2_default,ZymoMockD6331,ZymoMockD6331,ont,D6331_Zymo,2763672,2763672,                  Simiaoa sunii,Simiaoa sunii,species,0.0007049011778898683,abund,0.0,21,21
Kraken2,default,Kraken2_default,ZymoMockD6331,ZymoMockD6331,ont,D6331_Zymo,1653434,1653434,                  Sellimonas intestinalis,Sellimonas intestinalis,species,0.0004699341185932455,abund,0.0,14,14
Kraken2,default,Kraken2_default,ZymoMockD6331,ZymoMockD6331,ont,D6331_Zymo,2994035,2994035,                  Sellimonas catena,Sellimonas catena,species,0.00023496705929662275,abund,0.0,7,7
Kraken2,default,Kraken2_default,ZymoMockD6331,ZymoMockD6331,ont,D6331_Zymo,2763669,2763669,                  Qiania dongpingensis,Qiania dongpingensis,species,0.0005370675641065663,abund,0.0,16,16
Kraken2,default,Kraken2_default,ZymoMockD6331,ZymoMockD6331,ont,D6331_Zymo,2696063,2696063,                  Anaerocolumna sedimenticola,Anaerocolumna sedimenticola,species,0.00026853378205328313,abund,0.0,8,8
Kraken2,default,Kraken2_default,ZymoMockD6331,ZymoMockD6331,ont,D6331_Zymo,1727145,1727145,                  Anaerocolumna chitinilytica,Anaerocolumna chitinilytica,species,0.00010070016826998118,abund,0.0,3,3
Kraken2,default,Kraken2_default,ZymoMockD6331,ZymoMockD6331,ont,D6331_Zymo,3070997,3070997,                    Anaerocolumna sp. MB42-C2,Anaerocolumna sp. MB42-C2,species,6.713344551332078e-05,abund,0.0,2,2
Kraken2,default,Kraken2_default,ZymoMockD6331,ZymoMockD6331,ont,D6331_Zymo,3081750,3081750,                    Anaerocolumna sp. AGMB13020,Anaerocolumna sp. AGMB13020,species,3.356672275666039e-05,abund,0.0,1,1
Kraken2,default,Kraken2_default,ZymoMockD6331,ZymoMockD6331,ont,D6331_Zymo,433286,433286,                  Anaerocolumna cellulosilytica,Anaerocolumna cellulosilytica,species,6.713344551332078e-05,abund,0.0,2,2
Kraken2,default,Kraken2_default,ZymoMockD6331,ZymoMockD6331,ont,D6331_Zymo,384636,384636,                  Lacrimispora xylanisolvens,Lacrimispora xylanisolvens,species,0.00013426689102664157,abund,0.0,4,4
Kraken2,default,Kraken2_default,ZymoMockD6331,ZymoMockD6331,ont,D6331_Zymo,29370,29370,                  Lacrimispora sphenoides,Lacrimispora sphenoides,species,0.00010070016826998118,abund,0.0,3,0
Kraken2,default,Kraken2_default,ZymoMockD6331,ZymoMockD6331,ont,D6331_Zymo,3375704,3375704,                    Lacrimispora sp. HJ-01,Lacrimispora sp. HJ-01,species,6.713344551332078e-05,abund,0.0,2,2
Kraken2,default,Kraken2_default,ZymoMockD6331,ZymoMockD6331,ont,D6331_Zymo,3111456,3111456,                  Lacrimispora sinapis,Lacrimispora sinapis,species,6.713344551332078e-05,abund,0.0,2,2
Kraken2,default,Kraken2_default,ZymoMockD6331,ZymoMockD6331,ont,D6331_Zymo,29375,29375,                  Lacrimispora xylanolytica,Lacrimispora xylanolytica,species,3.356672275666039e-05,abund,0.0,1,1
Kraken2,default,Kraken2_default,ZymoMockD6331,ZymoMockD6331,ont,D6331_Zymo,168384,168384,                  Marvinbryantia formatexigens,Marvinbryantia formatexigens,species,0.0003356672275666039,abund,0.0,10,0
Kraken2,default,Kraken2_default,ZymoMockD6331,ZymoMockD6331,ont,D6331_Zymo,2652274,2652274,                  Eisenbergiella porci,Eisenbergiella porci,species,0.00030210050480994355,abund,0.0,9,9
Kraken2,default,Kraken2_default,ZymoMockD6331,ZymoMockD6331,ont,D6331_Zymo,3028070,3028070,                  Claveliimonas bilis,Claveliimonas bilis,species,0.00016783361378330195,abund,0.0,5,5
Kraken2,default,Kraken2_default,ZymoMockD6331,ZymoMockD6331,ont,D6331_Zymo,2785025,2785025,                  Anaeromicropila herbilytica,Anaeromicropila herbilytica,species,0.00016783361378330195,abund,0.0,5,5
Kraken2,default,Kraken2_default,ZymoMockD6331,ZymoMockD6331,ont,D6331_Zymo,1912855,1912855,                  Faecalimonas umbilicata,Faecalimonas umbilicata,species,0.00013426689102664157,abund,0.0,4,4
Kraken2,default,Kraken2_default,ZymoMockD6331,ZymoMockD6331,ont,D6331_Zymo,154046,154046,                  Hungatella hathewayi,Hungatella hathewayi,species,0.00013426689102664157,abund,0.0,4,4
Kraken2,default,Kraken2_default,ZymoMockD6331,ZymoMockD6331,ont,D6331_Zymo,2490855,2490855,                  Lachnoanaerobaculum gingivalis,Lachnoanaerobaculum gingivalis,species,0.00010070016826998118,abund,0.0,3,3
Kraken2,default,Kraken2_default,ZymoMockD6331,ZymoMockD6331,ont,D6331_Zymo,617123,617123,                  Lachnoanaerobaculum umeaense,Lachnoanaerobaculum umeaense,species,3.356672275666039e-05,abund,0.0,1,1
Kraken2,default,Kraken2_default,ZymoMockD6331,ZymoMockD6331,ont,D6331_Zymo,39485,39485,                  Lachnospira eligens,Lachnospira eligens,species,0.00010070016826998118,abund,0.0,3,3
Kraken2,default,Kraken2_default,ZymoMockD6331,ZymoMockD6331,ont,D6331_Zymo,2068655,2068655,                  Novisyntrophococcus fermenticellae,Novisyntrophococcus fermenticellae,species,0.00010070016826998118,abund,0.0,3,3
Kraken2,default,Kraken2_default,ZymoMockD6331,ZymoMockD6331,ont,D6331_Zymo,2934315,2934315,                  Anaeropeptidivorans aminofermentans,Anaeropeptidivorans aminofermentans,species,6.713344551332078e-05,abund,0.0,2,2
Kraken2,default,Kraken2_default,ZymoMockD6331,ZymoMockD6331,ont,D6331_Zymo,2763667,2763667,                  Wansuia hejianensis,Wansuia hejianensis,species,6.713344551332078e-05,abund,0.0,2,2
Kraken2,default,Kraken2_default,ZymoMockD6331,ZymoMockD6331,ont,D6331_Zymo,2763670,2763670,                  Wujia chipingensis,Wujia chipingensis,species,3.356672275666039e-05,abund,0.0,1,1
Kraken2,default,Kraken2_default,ZymoMockD6331,ZymoMockD6331,ont,D6331_Zymo,3059030,3059030,                    Stomatobaculum sp. F0698,Stomatobaculum sp. F0698,species,3.356672275666039e-05,abund,0.0,1,1
Kraken2,default,Kraken2_default,ZymoMockD6331,ZymoMockD6331,ont,D6331_Zymo,2918914,2918914,                  Chakrabartyella piscis,Chakrabartyella piscis,species,3.356672275666039e-05,abund,0.0,1,1
Kraken2,default,Kraken2_default,ZymoMockD6331,ZymoMockD6331,ont,D6331_Zymo,420336,420336,                  Candidatus Epulonipiscium viviparus,Candidatus Epulonipiscium viviparus,species,3.356672275666039e-05,abund,0.0,1,1
Kraken2,default,Kraken2_default,ZymoMockD6331,ZymoMockD6331,ont,D6331_Zymo,1185412,1185412,                  Vallitalea guaymasensis,Vallitalea guaymasensis,species,0.00010070016826998118,abund,0.0,3,3
Kraken2,default,Kraken2_default,ZymoMockD6331,ZymoMockD6331,ont,D6331_Zymo,2173034,2173034,                  Petrocella atlantisensis,Petrocella atlantisensis,species,6.713344551332078e-05,abund,0.0,2,2
Kraken2,default,Kraken2_default,ZymoMockD6331,ZymoMockD6331,ont,D6331_Zymo,879970,879970,                  Defluviitalea saccharophila,Defluviitalea saccharophila,species,6.713344551332078e-05,abund,0.0,2,2
Kraken2,default,Kraken2_default,ZymoMockD6331,ZymoMockD6331,ont,D6331_Zymo,29360,29360,                  Cellulosilyticum lentocellum,Cellulosilyticum lentocellum,species,6.713344551332078e-05,abund,0.0,2,0
Kraken2,default,Kraken2_default,ZymoMockD6331,ZymoMockD6331,ont,D6331_Zymo,3070814,3070814,                    Anaerotignum sp. MB30-C6,Anaerotignum sp. MB30-C6,species,3.356672275666039e-05,abund,0.0,1,1
Kraken2,default,Kraken2_default,ZymoMockD6331,ZymoMockD6331,ont,D6331_Zymo,1496,1496,                  Clostridioides difficile,Clostridioides difficile,species,1.6490659555892118,abund,1.65,49128,45429
Kraken2,default,Kraken2_default,ZymoMockD6331,ZymoMockD6331,ont,D6331_Zymo,2770780,2770780,                    Clostridioides sp. ES-S-0054-01,Clostridioides sp. ES-S-0054-01,species,0.0003692339503232643,abund,0.0,11,11
Kraken2,default,Kraken2_default,ZymoMockD6331,ZymoMockD6331,ont,D6331_Zymo,2770788,2770788,                    Clostridioides sp. ES-W-0016-02,Clostridioides sp. ES-W-0016-02,species,0.00010070016826998118,abund,0.0,3,3
Kraken2,default,Kraken2_default,ZymoMockD6331,ZymoMockD6331,ont,D6331_Zymo,2770772,2770772,                    Clostridioides sp. ES-S-0107-01,Clostridioides sp. ES-S-0107-01,species,6.713344551332078e-05,abund,0.0,2,2
Kraken2,default,Kraken2_default,ZymoMockD6331,ZymoMockD6331,ont,D6331_Zymo,2770776,2770776,                    Clostridioides sp. ES-S-0010-02,Clostridioides sp. ES-S-0010-02,species,3.356672275666039e-05,abund,0.0,1,1
Kraken2,default,Kraken2_default,ZymoMockD6331,ZymoMockD6331,ont,D6331_Zymo,1115758,1115758,                  Romboutsia ilealis,Romboutsia ilealis,species,0.0005035008413499059,abund,0.0,15,15
Kraken2,default,Kraken2_default,ZymoMockD6331,ZymoMockD6331,ont,D6331_Zymo,2724150,2724150,                    Romboutsia sp. CE17,Romboutsia sp. CE17,species,0.00020140033653996236,abund,0.0,6,6
Kraken2,default,Kraken2_default,ZymoMockD6331,ZymoMockD6331,ont,D6331_Zymo,2708053,2708053,                    Romboutsia sp. 13368,Romboutsia sp. 13368,species,0.00010070016826998118,abund,0.0,3,3
Kraken2,default,Kraken2_default,ZymoMockD6331,ZymoMockD6331,ont,D6331_Zymo,36841,36841,                  Terrisporobacter glycolicus,Terrisporobacter glycolicus,species,0.00026853378205328313,abund,0.0,8,0
Kraken2,default,Kraken2_default,ZymoMockD6331,ZymoMockD6331,ont,D6331_Zymo,1541,1541,                  Terrisporobacter mayombei,Terrisporobacter mayombei,species,0.00013426689102664157,abund,0.0,4,4
Kraken2,default,Kraken2_default,ZymoMockD6331,ZymoMockD6331,ont,D6331_Zymo,1460447,1460447,                  Terrisporobacter petrolearius,Terrisporobacter petrolearius,species,3.356672275666039e-05,abund,0.0,1,1
Kraken2,default,Kraken2_default,ZymoMockD6331,ZymoMockD6331,ont,D6331_Zymo,261299,261299,                  Intestinibacter bartlettii,Intestinibacter bartlettii,species,0.0004699341185932455,abund,0.0,14,14
Kraken2,default,Kraken2_default,ZymoMockD6331,ZymoMockD6331,ont,D6331_Zymo,1490,1490,                  Paraclostridium bifermentans,Paraclostridium bifermentans,species,0.00013426689102664157,abund,0.0,4,4
Kraken2,default,Kraken2_default,ZymoMockD6331,ZymoMockD6331,ont,D6331_Zymo,1505,1505,                  Paraclostridium sordellii,Paraclostridium sordellii,species,0.00010070016826998118,abund,0.0,3,3
Kraken2,default,Kraken2_default,ZymoMockD6331,ZymoMockD6331,ont,D6331_Zymo,29358,29358,                  Paraclostridium ghonii,Paraclostridium ghonii,species,6.713344551332078e-05,abund,0.0,2,2
Kraken2,default,Kraken2_default,ZymoMockD6331,ZymoMockD6331,ont,D6331_Zymo,2662455,2662455,                  Paraclostridium dentum,Paraclostridium dentum,species,3.356672275666039e-05,abund,0.0,1,1
Kraken2,default,Kraken2_default,ZymoMockD6331,ZymoMockD6331,ont,D6331_Zymo,2925782,2925782,                  Tepidibacter aestuarii,Tepidibacter aestuarii,species,0.00010070016826998118,abund,0.0,3,3
Kraken2,default,Kraken2_default,ZymoMockD6331,ZymoMockD6331,ont,D6331_Zymo,3036126,3036126,                  Tepidibacter hydrothermalis,Tepidibacter hydrothermalis,species,6.713344551332078e-05,abund,0.0,2,2
Kraken2,default,Kraken2_default,ZymoMockD6331,ZymoMockD6331,ont,D6331_Zymo,3388429,3388429,                    Peptacetobacter sp. AB845,Peptacetobacter sp. AB845,species,0.00010070016826998118,abund,0.0,3,3
Kraken2,default,Kraken2_default,ZymoMockD6331,ZymoMockD6331,ont,D6331_Zymo,89152,89152,                  Peptacetobacter hiranonis,Peptacetobacter hiranonis,species,6.713344551332078e-05,abund,0.0,2,2
Kraken2,default,Kraken2_default,ZymoMockD6331,ZymoMockD6331,ont,D6331_Zymo,3003601,3003601,                  Peptostreptococcus equinus,Peptostreptococcus equinus,species,3.356672275666039e-05,abund,0.0,1,1
Kraken2,default,Kraken2_default,ZymoMockD6331,ZymoMockD6331,ont,D6331_Zymo,114527,114527,                  Mogibacterium diversum,Mogibacterium diversum,species,0.00010070016826998118,abund,0.0,3,3
Kraken2,default,Kraken2_default,ZymoMockD6331,ZymoMockD6331,ont,D6331_Zymo,114528,114528,                  Mogibacterium neglectum,Mogibacterium neglectum,species,6.713344551332078e-05,abund,0.0,2,2
Kraken2,default,Kraken2_default,ZymoMockD6331,ZymoMockD6331,ont,D6331_Zymo,1776384,1776384,                  Emergencia timonensis,Emergencia timonensis,species,6.713344551332078e-05,abund,0.0,2,2
Kraken2,default,Kraken2_default,ZymoMockD6331,ZymoMockD6331,ont,D6331_Zymo,3114296,3114296,                    Emergencia sp. JLR.KK010,Emergencia sp. JLR.KK010,species,3.356672275666039e-05,abund,0.0,1,1
Kraken2,default,Kraken2_default,ZymoMockD6331,ZymoMockD6331,ont,D6331_Zymo,3111540,3111540,                    Sinanaerobacter sp. ZZT-01,Sinanaerobacter sp. ZZT-01,species,0.00010070016826998118,abund,0.0,3,3
Kraken2,default,Kraken2_default,ZymoMockD6331,ZymoMockD6331,ont,D6331_Zymo,1511,1511,                  Acetoanaerobium sticklandii,Acetoanaerobium sticklandii,species,0.00013426689102664157,abund,0.0,4,4
Kraken2,default,Kraken2_default,ZymoMockD6331,ZymoMockD6331,ont,D6331_Zymo,143361,143361,                  Filifactor alocis,Filifactor alocis,species,3.356672275666039e-05,abund,0.0,1,0
Kraken2,default,Kraken2_default,ZymoMockD6331,ZymoMockD6331,ont,D6331_Zymo,166485,166485,                  Caminicella sporogenes,Caminicella sporogenes,species,0.00013426689102664157,abund,0.0,4,4
Kraken2,default,Kraken2_default,ZymoMockD6331,ZymoMockD6331,ont,D6331_Zymo,2731219,2731219,                    Alkaliphilus sp. B6464,Alkaliphilus sp. B6464,species,0.00010070016826998118,abund,0.0,3,3
Kraken2,default,Kraken2_default,ZymoMockD6331,ZymoMockD6331,ont,D6331_Zymo,461876,461876,                  Alkaliphilus oremlandii,Alkaliphilus oremlandii,species,3.356672275666039e-05,abund,0.0,1,0
Kraken2,default,Kraken2_default,ZymoMockD6331,ZymoMockD6331,ont,D6331_Zymo,1424294,1424294,                  Geosporobacter ferrireducens,Geosporobacter ferrireducens,species,0.00010070016826998118,abund,0.0,3,3
Kraken2,default,Kraken2_default,ZymoMockD6331,ZymoMockD6331,ont,D6331_Zymo,1757,1757,                  Thermoanaerobacter ethanolicus,Thermoanaerobacter ethanolicus,species,3.356672275666039e-05,abund,0.0,1,0
Kraken2,default,Kraken2_default,ZymoMockD6331,ZymoMockD6331,ont,D6331_Zymo,108150,108150,                  Thermoanaerobacter italicus,Thermoanaerobacter italicus,species,3.356672275666039e-05,abund,0.0,1,0
Kraken2,default,Kraken2_default,ZymoMockD6331,ZymoMockD6331,ont,D6331_Zymo,1517,1517,                  Thermoanaerobacterium thermosaccharolyticum,Thermoanaerobacterium thermosaccharolyticum,species,0.00013426689102664157,abund,0.0,4,2
Kraken2,default,Kraken2_default,ZymoMockD6331,ZymoMockD6331,ont,D6331_Zymo,29329,29329,                  Thermoanaerobacterium xylanolyticum,Thermoanaerobacterium xylanolyticum,species,0.00010070016826998118,abund,0.0,3,0
Kraken2,default,Kraken2_default,ZymoMockD6331,ZymoMockD6331,ont,D6331_Zymo,42838,42838,                  Ammonifex degensii,Ammonifex degensii,species,3.356672275666039e-05,abund,0.0,1,0
Kraken2,default,Kraken2_default,ZymoMockD6331,ZymoMockD6331,ont,D6331_Zymo,129958,129958,                  Carboxydothermus hydrogenoformans,Carboxydothermus hydrogenoformans,species,3.356672275666039e-05,abund,0.0,1,0
Kraken2,default,Kraken2_default,ZymoMockD6331,ZymoMockD6331,ont,D6331_Zymo,85874,85874,                  Thermacetogenium phaeum,Thermacetogenium phaeum,species,3.356672275666039e-05,abund,0.0,1,0
Kraken2,default,Kraken2_default,ZymoMockD6331,ZymoMockD6331,ont,D6331_Zymo,911092,911092,                  Caldanaerobacter subterraneus,Caldanaerobacter subterraneus,species,3.356672275666039e-05,abund,0.0,1,0
Kraken2,default,Kraken2_default,ZymoMockD6331,ZymoMockD6331,ont,D6331_Zymo,28187,28187,                  Acetohalobium arabaticum,Acetohalobium arabaticum,species,0.00023496705929662275,abund,0.0,7,0
Kraken2,default,Kraken2_default,ZymoMockD6331,ZymoMockD6331,ont,D6331_Zymo,42422,42422,                  Halobacteroides halobius,Halobacteroides halobius,species,3.356672275666039e-05,abund,0.0,1,0
Kraken2,default,Kraken2_default,ZymoMockD6331,ZymoMockD6331,ont,D6331_Zymo,3384444,3384444,                    Natroniella sp. ANB-PHB2,Natroniella sp. ANB-PHB2,species,3.356672275666039e-05,abund,0.0,1,1
Kraken2,default,Kraken2_default,ZymoMockD6331,ZymoMockD6331,ont,D6331_Zymo,656519,656519,                  Halanaerobium hydrogeniformans,Halanaerobium hydrogeniformans,species,6.713344551332078e-05,abund,0.0,2,2
Kraken2,default,Kraken2_default,ZymoMockD6331,ZymoMockD6331,ont,D6331_Zymo,2382161,2382161,                    Halocella sp. SP3-1,Halocella sp. SP3-1,species,3.356672275666039e-05,abund,0.0,1,1
Kraken2,default,Kraken2_default,ZymoMockD6331,ZymoMockD6331,ont,D6331_Zymo,2682810,2682810,                  Iocasia fonsfrigidae,Iocasia fonsfrigidae,species,3.356672275666039e-05,abund,0.0,1,1
Kraken2,default,Kraken2_default,ZymoMockD6331,ZymoMockD6331,ont,D6331_Zymo,31909,31909,                  Halothermothrix orenii,Halothermothrix orenii,species,0.00013426689102664157,abund,0.0,4,0
Kraken2,default,Kraken2_default,ZymoMockD6331,ZymoMockD6331,ont,D6331_Zymo,1981510,1981510,                  Monoglobus pectinilyticus,Monoglobus pectinilyticus,species,0.00016783361378330195,abund,0.0,5,5
Kraken2,default,Kraken2_default,ZymoMockD6331,ZymoMockD6331,ont,D6331_Zymo,1805714,1805714,                  Christensenella massiliensis,Christensenella massiliensis,species,6.713344551332078e-05,abund,0.0,2,2
Kraken2,default,Kraken2_default,ZymoMockD6331,ZymoMockD6331,ont,D6331_Zymo,626937,626937,                  Christensenella minuta,Christensenella minuta,species,3.356672275666039e-05,abund,0.0,1,1
Kraken2,default,Kraken2_default,ZymoMockD6331,ZymoMockD6331,ont,D6331_Zymo,3065157,3065157,                Helicovermis profundi,Helicovermis profundi,species,3.356672275666039e-05,abund,0.0,1,1
Kraken2,default,Kraken2_default,ZymoMockD6331,ZymoMockD6331,ont,D6331_Zymo,499229,499229,                  Tepidanaerobacter acetatoxydans,Tepidanaerobacter acetatoxydans,species,3.356672275666039e-05,abund,0.0,1,0
Kraken2,default,Kraken2_default,ZymoMockD6331,ZymoMockD6331,ont,D6331_Zymo,55779,55779,                  Moorella glycerini,Moorella glycerini,species,3.356672275666039e-05,abund,0.0,1,1
Kraken2,default,Kraken2_default,ZymoMockD6331,ZymoMockD6331,ont,D6331_Zymo,423477,423477,                  Veillonella rogosae,Veillonella rogosae,species,12.89895308748394,abund,12.9,384278,384278
Kraken2,default,Kraken2_default,ZymoMockD6331,ZymoMockD6331,ont,D6331_Zymo,29466,29466,                  Veillonella parvula,Veillonella parvula,species,0.006142710264468852,abund,0.01,183,150
Kraken2,default,Kraken2_default,ZymoMockD6331,ZymoMockD6331,ont,D6331_Zymo,39778,39778,                  Veillonella dispar,Veillonella dispar,species,0.0016447694150763593,abund,0.0,49,49
Kraken2,default,Kraken2_default,ZymoMockD6331,ZymoMockD6331,ont,D6331_Zymo,2682456,2682456,                  Veillonella nakazawae,Veillonella nakazawae,species,0.001611202692319699,abund,0.0,48,48
Kraken2,default,Kraken2_default,ZymoMockD6331,ZymoMockD6331,ont,D6331_Zymo,2682455,2682455,                  Veillonella orientalis,Veillonella orientalis,species,0.0013091021875097555,abund,0.0,39,39
Kraken2,default,Kraken2_default,ZymoMockD6331,ZymoMockD6331,ont,D6331_Zymo,248315,248315,                  Veillonella rodentium,Veillonella rodentium,species,0.000772034623403189,abund,0.0,23,23
Kraken2,default,Kraken2_default,ZymoMockD6331,ZymoMockD6331,ont,D6331_Zymo,39777,39777,                  Veillonella atypica,Veillonella atypica,species,0.0007049011778898683,abund,0.0,21,21
Kraken2,default,Kraken2_default,ZymoMockD6331,ZymoMockD6331,ont,D6331_Zymo,2144175,2144175,                  Megasphaera stantonii,Megasphaera stantonii,species,6.713344551332078e-05,abund,0.0,2,2
Kraken2,default,Kraken2_default,ZymoMockD6331,ZymoMockD6331,ont,D6331_Zymo,2023260,2023260,                    Megasphaera sp.,Megasphaera sp.,species,3.356672275666039e-05,abund,0.0,1,1
Kraken2,default,Kraken2_default,ZymoMockD6331,ZymoMockD6331,ont,D6331_Zymo,204936,204936,                  Sporomusa aerivorans,Sporomusa aerivorans,species,0.00013426689102664157,abund,0.0,4,4
Kraken2,default,Kraken2_default,ZymoMockD6331,ZymoMockD6331,ont,D6331_Zymo,2378,2378,                  Sporomusa ovata,Sporomusa ovata,species,6.713344551332078e-05,abund,0.0,2,0
Kraken2,default,Kraken2_default,ZymoMockD6331,ZymoMockD6331,ont,D6331_Zymo,112900,112900,                  Sporomusa acidovorans,Sporomusa acidovorans,species,6.713344551332078e-05,abund,0.0,2,0
Kraken2,default,Kraken2_default,ZymoMockD6331,ZymoMockD6331,ont,D6331_Zymo,365349,365349,                  Pelosinus fermentans,Pelosinus fermentans,species,6.713344551332078e-05,abund,0.0,2,0
Kraken2,default,Kraken2_default,ZymoMockD6331,ZymoMockD6331,ont,D6331_Zymo,1930071,1930071,                  Methylomusa anaerophila,Methylomusa anaerophila,species,3.356672275666039e-05,abund,0.0,1,1
Kraken2,default,Kraken2_default,ZymoMockD6331,ZymoMockD6331,ont,D6331_Zymo,158847,158847,                  Megamonas hypermegale,Megamonas hypermegale,species,0.00023496705929662275,abund,0.0,7,7
Kraken2,default,Kraken2_default,ZymoMockD6331,ZymoMockD6331,ont,D6331_Zymo,437897,437897,                  Megamonas funiformis,Megamonas funiformis,species,0.00016783361378330195,abund,0.0,5,5
Kraken2,default,Kraken2_default,ZymoMockD6331,ZymoMockD6331,ont,D6331_Zymo,865,865,                  Pectinatus frisingensis,Pectinatus frisingensis,species,3.356672275666039e-05,abund,0.0,1,1
Kraken2,default,Kraken2_default,ZymoMockD6331,ZymoMockD6331,ont,D6331_Zymo,69823,69823,                  Selenomonas sputigena,Selenomonas sputigena,species,3.356672275666039e-05,abund,0.0,1,0
Kraken2,default,Kraken2_default,ZymoMockD6331,ZymoMockD6331,ont,D6331_Zymo,33025,33025,                  Phascolarctobacterium faecium,Phascolarctobacterium faecium,species,0.00016783361378330195,abund,0.0,5,5
Kraken2,default,Kraken2_default,ZymoMockD6331,ZymoMockD6331,ont,D6331_Zymo,187327,187327,                  Acidaminococcus intestini,Acidaminococcus intestini,species,6.713344551332078e-05,abund,0.0,2,2
Kraken2,default,Kraken2_default,ZymoMockD6331,ZymoMockD6331,ont,D6331_Zymo,1613,1613,                  Limosilactobacillus fermentum,Limosilactobacillus fermentum,species,9.926653354104422,abund,9.93,295729,292505
Kraken2,default,Kraken2_default,ZymoMockD6331,ZymoMockD6331,ont,D6331_Zymo,1598,1598,                  Limosilactobacillus reuteri,Limosilactobacillus reuteri,species,0.000939868237186491,abund,0.0,28,27
Kraken2,default,Kraken2_default,ZymoMockD6331,ZymoMockD6331,ont,D6331_Zymo,1633,1633,                  Limosilactobacillus vaginalis,Limosilactobacillus vaginalis,species,0.00023496705929662275,abund,0.0,7,7
Kraken2,default,Kraken2_default,ZymoMockD6331,ZymoMockD6331,ont,D6331_Zymo,97478,97478,                  Limosilactobacillus mucosae,Limosilactobacillus mucosae,species,0.00023496705929662275,abund,0.0,7,5
Kraken2,default,Kraken2_default,ZymoMockD6331,ZymoMockD6331,ont,D6331_Zymo,35787,35787,                  Limosilactobacillus pontis,Limosilactobacillus pontis,species,0.00016783361378330195,abund,0.0,5,5
Kraken2,default,Kraken2_default,ZymoMockD6331,ZymoMockD6331,ont,D6331_Zymo,1632,1632,                  Limosilactobacillus oris,Limosilactobacillus oris,species,0.00010070016826998118,abund,0.0,3,3
Kraken2,default,Kraken2_default,ZymoMockD6331,ZymoMockD6331,ont,D6331_Zymo,47493,47493,                  Limosilactobacillus panis,Limosilactobacillus panis,species,0.00010070016826998118,abund,0.0,3,3
Kraken2,default,Kraken2_default,ZymoMockD6331,ZymoMockD6331,ont,D6331_Zymo,104955,104955,                  Limosilactobacillus frumenti,Limosilactobacillus frumenti,species,3.356672275666039e-05,abund,0.0,1,1
Kraken2,default,Kraken2_default,ZymoMockD6331,ZymoMockD6331,ont,D6331_Zymo,227942,227942,                  Limosilactobacillus gastricus,Limosilactobacillus gastricus,species,3.356672275666039e-05,abund,0.0,1,1
Kraken2,default,Kraken2_default,ZymoMockD6331,ZymoMockD6331,ont,D6331_Zymo,1584,1584,                  Lactobacillus delbrueckii,Lactobacillus delbrueckii,species,0.0031552719391260767,abund,0.0,94,21
Kraken2,default,Kraken2_default,ZymoMockD6331,ZymoMockD6331,ont,D6331_Zymo,1587,1587,                  Lactobacillus helveticus,Lactobacillus helveticus,species,0.0005706342868632267,abund,0.0,17,17
Kraken2,default,Kraken2_default,ZymoMockD6331,ZymoMockD6331,ont,D6331_Zymo,2983211,2983211,                    Lactobacillus sp. ESL0681,Lactobacillus sp. ESL0681,species,0.00013426689102664157,abund,0.0,4,4
Kraken2,default,Kraken2_default,ZymoMockD6331,ZymoMockD6331,ont,D6331_Zymo,2695882,2695882,                    Lactobacillus sp. 3B(2020),Lactobacillus sp. 3B(2020),species,0.00010070016826998118,abund,0.0,3,3
Kraken2,default,Kraken2_default,ZymoMockD6331,ZymoMockD6331,ont,D6331_Zymo,2983232,2983232,                    Lactobacillus sp. ESL0785,Lactobacillus sp. ESL0785,species,6.713344551332078e-05,abund,0.0,2,2
Kraken2,default,Kraken2_default,ZymoMockD6331,ZymoMockD6331,ont,D6331_Zymo,2099788,2099788,                    Lactobacillus sp. CBA3605,Lactobacillus sp. CBA3605,species,3.356672275666039e-05,abund,0.0,1,1
Kraken2,default,Kraken2_default,ZymoMockD6331,ZymoMockD6331,ont,D6331_Zymo,2594496,2594496,                    Lactobacillus sp. PV037,Lactobacillus sp. PV037,species,3.356672275666039e-05,abund,0.0,1,1
Kraken2,default,Kraken2_default,ZymoMockD6331,ZymoMockD6331,ont,D6331_Zymo,2983208,2983208,                    Lactobacillus sp. ESL0677,Lactobacillus sp. ESL0677,species,3.356672275666039e-05,abund,0.0,1,1
Kraken2,default,Kraken2_default,ZymoMockD6331,ZymoMockD6331,ont,D6331_Zymo,33959,33959,                  Lactobacillus johnsonii,Lactobacillus johnsonii,species,0.0003692339503232643,abund,0.0,11,10
Kraken2,default,Kraken2_default,ZymoMockD6331,ZymoMockD6331,ont,D6331_Zymo,508451,508451,                  Lactobacillus taiwanensis,Lactobacillus taiwanensis,species,0.00026853378205328313,abund,0.0,8,8
Kraken2,default,Kraken2_default,ZymoMockD6331,ZymoMockD6331,ont,D6331_Zymo,1579,1579,                  Lactobacillus acidophilus,Lactobacillus acidophilus,species,0.00016783361378330195,abund,0.0,5,5
Kraken2,default,Kraken2_default,ZymoMockD6331,ZymoMockD6331,ont,D6331_Zymo,2107999,2107999,                  Lactobacillus paragasseri,Lactobacillus paragasseri,species,0.00013426689102664157,abund,0.0,4,2
Kraken2,default,Kraken2_default,ZymoMockD6331,ZymoMockD6331,ont,D6331_Zymo,1600,1600,                  Lactobacillus acetotolerans,Lactobacillus acetotolerans,species,0.00010070016826998118,abund,0.0,3,3
Kraken2,default,Kraken2_default,ZymoMockD6331,ZymoMockD6331,ont,D6331_Zymo,1604,1604,                  Lactobacillus amylovorus,Lactobacillus amylovorus,species,0.00010070016826998118,abund,0.0,3,3
Kraken2,default,Kraken2_default,ZymoMockD6331,ZymoMockD6331,ont,D6331_Zymo,227945,227945,                  Lactobacillus ultunensis,Lactobacillus ultunensis,species,0.00010070016826998118,abund,0.0,3,3
Kraken2,default,Kraken2_default,ZymoMockD6331,ZymoMockD6331,ont,D6331_Zymo,267818,267818,                  Lactobacillus kefiranofaciens,Lactobacillus kefiranofaciens,species,6.713344551332078e-05,abund,0.0,2,0
Kraken2,default,Kraken2_default,ZymoMockD6331,ZymoMockD6331,ont,D6331_Zymo,1218493,1218493,                  Lactobacillus kullabergensis,Lactobacillus kullabergensis,species,6.713344551332078e-05,abund,0.0,2,2
Kraken2,default,Kraken2_default,ZymoMockD6331,ZymoMockD6331,ont,D6331_Zymo,151781,151781,                  Lactobacillus intestinalis,Lactobacillus intestinalis,species,6.713344551332078e-05,abund,0.0,2,2
Kraken2,default,Kraken2_default,ZymoMockD6331,ZymoMockD6331,ont,D6331_Zymo,147802,147802,                  Lactobacillus iners,Lactobacillus iners,species,3.356672275666039e-05,abund,0.0,1,1
Kraken2,default,Kraken2_default,ZymoMockD6331,ZymoMockD6331,ont,D6331_Zymo,47770,47770,                  Lactobacillus crispatus,Lactobacillus crispatus,species,3.356672275666039e-05,abund,0.0,1,1
Kraken2,default,Kraken2_default,ZymoMockD6331,ZymoMockD6331,ont,D6331_Zymo,2269374,2269374,                  Lactobacillus terrae,Lactobacillus terrae,species,3.356672275666039e-05,abund,0.0,1,1
Kraken2,default,Kraken2_default,ZymoMockD6331,ZymoMockD6331,ont,D6331_Zymo,2508708,2508708,                  Lactobacillus mulieris,Lactobacillus mulieris,species,3.356672275666039e-05,abund,0.0,1,1
Kraken2,default,Kraken2_default,ZymoMockD6331,ZymoMockD6331,ont,D6331_Zymo,1596,1596,                  Lactobacillus gasseri,Lactobacillus gasseri,species,3.356672275666039e-05,abund,0.0,1,1
Kraken2,default,Kraken2_default,ZymoMockD6331,ZymoMockD6331,ont,D6331_Zymo,1590,1590,                  Lactiplantibacillus plantarum,Lactiplantibacillus plantarum,species,0.0033231055529093787,abund,0.0,99,98
Kraken2,default,Kraken2_default,ZymoMockD6331,ZymoMockD6331,ont,D6331_Zymo,1589,1589,                  Lactiplantibacillus pentosus,Lactiplantibacillus pentosus,species,0.00020140033653996236,abund,0.0,6,6
Kraken2,default,Kraken2_default,ZymoMockD6331,ZymoMockD6331,ont,D6331_Zymo,60520,60520,                  Lactiplantibacillus paraplantarum,Lactiplantibacillus paraplantarum,species,0.00020140033653996236,abund,0.0,6,6
Kraken2,default,Kraken2_default,ZymoMockD6331,ZymoMockD6331,ont,D6331_Zymo,942150,942150,                  Lactiplantibacillus xiangfangensis,Lactiplantibacillus xiangfangensis,species,6.713344551332078e-05,abund,0.0,2,2
Kraken2,default,Kraken2_default,ZymoMockD6331,ZymoMockD6331,ont,D6331_Zymo,3069269,3069269,                  Lactiplantibacillus brownii,Lactiplantibacillus brownii,species,3.356672275666039e-05,abund,0.0,1,1
Kraken2,default,Kraken2_default,ZymoMockD6331,ZymoMockD6331,ont,D6331_Zymo,1597,1597,                  Lacticaseibacillus paracasei,Lacticaseibacillus paracasei,species,0.0011748352964831136,abund,0.0,35,29
Kraken2,default,Kraken2_default,ZymoMockD6331,ZymoMockD6331,ont,D6331_Zymo,47715,47715,                  Lacticaseibacillus rhamnosus,Lacticaseibacillus rhamnosus,species,0.0010741351282131325,abund,0.0,32,32
Kraken2,default,Kraken2_default,ZymoMockD6331,ZymoMockD6331,ont,D6331_Zymo,1582,1582,                  Lacticaseibacillus casei,Lacticaseibacillus casei,species,3.356672275666039e-05,abund,0.0,1,1
Kraken2,default,Kraken2_default,ZymoMockD6331,ZymoMockD6331,ont,D6331_Zymo,3025672,3025672,                  Lacticaseibacillus pabuli,Lacticaseibacillus pabuli,species,3.356672275666039e-05,abund,0.0,1,1
Kraken2,default,Kraken2_default,ZymoMockD6331,ZymoMockD6331,ont,D6331_Zymo,1249,1249,                  Weissella paramesenteroides,Weissella paramesenteroides,species,0.001107701850969793,abund,0.0,33,33
Kraken2,default,Kraken2_default,ZymoMockD6331,ZymoMockD6331,ont,D6331_Zymo,1583,1583,                  Weissella confusa,Weissella confusa,species,0.0006713344551332078,abund,0.0,20,20
Kraken2,default,Kraken2_default,ZymoMockD6331,ZymoMockD6331,ont,D6331_Zymo,155866,155866,                  Weissella soli,Weissella soli,species,6.713344551332078e-05,abund,0.0,2,2
Kraken2,default,Kraken2_default,ZymoMockD6331,ZymoMockD6331,ont,D6331_Zymo,1162633,1162633,                  Weissella diestrammenae,Weissella diestrammenae,species,6.713344551332078e-05,abund,0.0,2,2
Kraken2,default,Kraken2_default,ZymoMockD6331,ZymoMockD6331,ont,D6331_Zymo,2714949,2714949,                  Weissella coleopterorum,Weissella coleopterorum,species,6.713344551332078e-05,abund,0.0,2,2
Kraken2,default,Kraken2_default,ZymoMockD6331,ZymoMockD6331,ont,D6331_Zymo,759620,759620,                  Weissella ceti,Weissella ceti,species,3.356672275666039e-05,abund,0.0,1,1
Kraken2,default,Kraken2_default,ZymoMockD6331,ZymoMockD6331,ont,D6331_Zymo,1631871,1631871,                  Weissella jogaejeotgali,Weissella jogaejeotgali,species,3.356672275666039e-05,abund,0.0,1,1
Kraken2,default,Kraken2_default,ZymoMockD6331,ZymoMockD6331,ont,D6331_Zymo,2559928,2559928,                  Weissella sagaensis,Weissella sagaensis,species,3.356672275666039e-05,abund,0.0,1,1
Kraken2,default,Kraken2_default,ZymoMockD6331,ZymoMockD6331,ont,D6331_Zymo,1254,1254,                    Pediococcus acidilactici,Pediococcus acidilactici,species,0.0007384679006465286,abund,0.0,22,22
Kraken2,default,Kraken2_default,ZymoMockD6331,ZymoMockD6331,ont,D6331_Zymo,1255,1255,                  Pediococcus pentosaceus,Pediococcus pentosaceus,species,0.00026853378205328313,abund,0.0,8,7
Kraken2,default,Kraken2_default,ZymoMockD6331,ZymoMockD6331,ont,D6331_Zymo,319653,319653,                  Pediococcus ethanolidurans,Pediococcus ethanolidurans,species,0.00023496705929662275,abund,0.0,7,7
Kraken2,default,Kraken2_default,ZymoMockD6331,ZymoMockD6331,ont,D6331_Zymo,381829,381829,                  Pediococcus siamensis,Pediococcus siamensis,species,0.00023496705929662275,abund,0.0,7,7
Kraken2,default,Kraken2_default,ZymoMockD6331,ZymoMockD6331,ont,D6331_Zymo,114090,114090,                  Pediococcus inopinatus,Pediococcus inopinatus,species,3.356672275666039e-05,abund,0.0,1,1
Kraken2,default,Kraken2_default,ZymoMockD6331,ZymoMockD6331,ont,D6331_Zymo,1580,1580,                  Levilactobacillus brevis,Levilactobacillus brevis,species,0.0009063015144298305,abund,0.0,27,27
Kraken2,default,Kraken2_default,ZymoMockD6331,ZymoMockD6331,ont,D6331_Zymo,357278,357278,                  Levilactobacillus parabrevis,Levilactobacillus parabrevis,species,0.0005370675641065663,abund,0.0,16,16
Kraken2,default,Kraken2_default,ZymoMockD6331,ZymoMockD6331,ont,D6331_Zymo,2292255,2292255,                  Levilactobacillus suantsaii,Levilactobacillus suantsaii,species,0.00010070016826998118,abund,0.0,3,3
Kraken2,default,Kraken2_default,ZymoMockD6331,ZymoMockD6331,ont,D6331_Zymo,267363,267363,                  Levilactobacillus zymae,Levilactobacillus zymae,species,3.356672275666039e-05,abund,0.0,1,1
Kraken2,default,Kraken2_default,ZymoMockD6331,ZymoMockD6331,ont,D6331_Zymo,380393,380393,                  Levilactobacillus namurensis,Levilactobacillus namurensis,species,3.356672275666039e-05,abund,0.0,1,1
Kraken2,default,Kraken2_default,ZymoMockD6331,ZymoMockD6331,ont,D6331_Zymo,136609,136609,                  Leuconostoc kimchii,Leuconostoc kimchii,species,0.00030210050480994355,abund,0.0,9,0
Kraken2,default,Kraken2_default,ZymoMockD6331,ZymoMockD6331,ont,D6331_Zymo,1245,1245,                  Leuconostoc mesenteroides,Leuconostoc mesenteroides,species,0.00023496705929662275,abund,0.0,7,7
Kraken2,default,Kraken2_default,ZymoMockD6331,ZymoMockD6331,ont,D6331_Zymo,1511761,1511761,                  Leuconostoc suionicum,Leuconostoc suionicum,species,0.00020140033653996236,abund,0.0,6,6
Kraken2,default,Kraken2_default,ZymoMockD6331,ZymoMockD6331,ont,D6331_Zymo,1246,1246,                  Leuconostoc lactis,Leuconostoc lactis,species,0.00010070016826998118,abund,0.0,3,3
Kraken2,default,Kraken2_default,ZymoMockD6331,ZymoMockD6331,ont,D6331_Zymo,1252,1252,                  Leuconostoc carnosum,Leuconostoc carnosum,species,3.356672275666039e-05,abund,0.0,1,1
Kraken2,default,Kraken2_default,ZymoMockD6331,ZymoMockD6331,ont,D6331_Zymo,2766470,2766470,                  Leuconostoc falkenbergense,Leuconostoc falkenbergense,species,3.356672275666039e-05,abund,0.0,1,1
Kraken2,default,Kraken2_default,ZymoMockD6331,ZymoMockD6331,ont,D6331_Zymo,1624,1624,                  Ligilactobacillus salivarius,Ligilactobacillus salivarius,species,0.0003356672275666039,abund,0.0,10,8
Kraken2,default,Kraken2_default,ZymoMockD6331,ZymoMockD6331,ont,D6331_Zymo,1623,1623,                  Ligilactobacillus ruminis,Ligilactobacillus ruminis,species,0.00013426689102664157,abund,0.0,4,3
Kraken2,default,Kraken2_default,ZymoMockD6331,ZymoMockD6331,ont,D6331_Zymo,1622,1622,                  Ligilactobacillus murinus,Ligilactobacillus murinus,species,0.00010070016826998118,abund,0.0,3,3
Kraken2,default,Kraken2_default,ZymoMockD6331,ZymoMockD6331,ont,D6331_Zymo,228229,228229,                  Ligilactobacillus saerimneri,Ligilactobacillus saerimneri,species,6.713344551332078e-05,abund,0.0,2,2
Kraken2,default,Kraken2_default,ZymoMockD6331,ZymoMockD6331,ont,D6331_Zymo,1605,1605,                  Ligilactobacillus animalis,Ligilactobacillus animalis,species,3.356672275666039e-05,abund,0.0,1,1
Kraken2,default,Kraken2_default,ZymoMockD6331,ZymoMockD6331,ont,D6331_Zymo,89059,89059,                  Ligilactobacillus acidipiscis,Ligilactobacillus acidipiscis,species,3.356672275666039e-05,abund,0.0,1,1
Kraken2,default,Kraken2_default,ZymoMockD6331,ZymoMockD6331,ont,D6331_Zymo,762833,762833,                  Ligilactobacillus faecis,Ligilactobacillus faecis,species,3.356672275666039e-05,abund,0.0,1,1
Kraken2,default,Kraken2_default,ZymoMockD6331,ZymoMockD6331,ont,D6331_Zymo,1625,1625,                  Fructilactobacillus sanfranciscensis,Fructilactobacillus sanfranciscensis,species,0.0004699341185932455,abund,0.0,14,9
Kraken2,default,Kraken2_default,ZymoMockD6331,ZymoMockD6331,ont,D6331_Zymo,2940299,2940299,                  Fructilactobacillus cliffordii,Fructilactobacillus cliffordii,species,0.00013426689102664157,abund,0.0,4,4
Kraken2,default,Kraken2_default,ZymoMockD6331,ZymoMockD6331,ont,D6331_Zymo,53444,53444,                  Fructilactobacillus lindneri,Fructilactobacillus lindneri,species,0.00010070016826998118,abund,0.0,3,3
Kraken2,default,Kraken2_default,ZymoMockD6331,ZymoMockD6331,ont,D6331_Zymo,3242688,3242688,                  Fructilactobacillus frigidiflavus,Fructilactobacillus frigidiflavus,species,0.00010070016826998118,abund,0.0,3,3
Kraken2,default,Kraken2_default,ZymoMockD6331,ZymoMockD6331,ont,D6331_Zymo,1614,1614,                  Fructilactobacillus fructivorans,Fructilactobacillus fructivorans,species,6.713344551332078e-05,abund,0.0,2,2
Kraken2,default,Kraken2_default,ZymoMockD6331,ZymoMockD6331,ont,D6331_Zymo,83526,83526,                  Companilactobacillus paralimentarius,Companilactobacillus paralimentarius,species,0.00026853378205328313,abund,0.0,8,8
Kraken2,default,Kraken2_default,ZymoMockD6331,ZymoMockD6331,ont,D6331_Zymo,1612,1612,                  Companilactobacillus farciminis,Companilactobacillus farciminis,species,0.00013426689102664157,abund,0.0,4,4
Kraken2,default,Kraken2_default,ZymoMockD6331,ZymoMockD6331,ont,D6331_Zymo,1847728,1847728,                  Companilactobacillus allii,Companilactobacillus allii,species,0.00013426689102664157,abund,0.0,4,4
Kraken2,default,Kraken2_default,ZymoMockD6331,ZymoMockD6331,ont,D6331_Zymo,1602,1602,                  Companilactobacillus alimentarius,Companilactobacillus alimentarius,species,3.356672275666039e-05,abund,0.0,1,0
Kraken2,default,Kraken2_default,ZymoMockD6331,ZymoMockD6331,ont,D6331_Zymo,938155,938155,                  Companilactobacillus futsaii,Companilactobacillus futsaii,species,3.356672275666039e-05,abund,0.0,1,1
Kraken2,default,Kraken2_default,ZymoMockD6331,ZymoMockD6331,ont,D6331_Zymo,2714036,2714036,                  Companilactobacillus pabuli,Companilactobacillus pabuli,species,3.356672275666039e-05,abund,0.0,1,1
Kraken2,default,Kraken2_default,ZymoMockD6331,ZymoMockD6331,ont,D6331_Zymo,28038,28038,                  Latilactobacillus curvatus,Latilactobacillus curvatus,species,0.00030210050480994355,abund,0.0,9,9
Kraken2,default,Kraken2_default,ZymoMockD6331,ZymoMockD6331,ont,D6331_Zymo,1599,1599,                  Latilactobacillus sakei,Latilactobacillus sakei,species,0.00023496705929662275,abund,0.0,7,6
Kraken2,default,Kraken2_default,ZymoMockD6331,ZymoMockD6331,ont,D6331_Zymo,164393,164393,                  Latilactobacillus fuchuensis,Latilactobacillus fuchuensis,species,3.356672275666039e-05,abund,0.0,1,1
Kraken2,default,Kraken2_default,ZymoMockD6331,ZymoMockD6331,ont,D6331_Zymo,1296540,1296540,                  Paucilactobacillus nenjiangensis,Paucilactobacillus nenjiangensis,species,0.0003356672275666039,abund,0.0,10,10
Kraken2,default,Kraken2_default,ZymoMockD6331,ZymoMockD6331,ont,D6331_Zymo,1193095,1193095,                  Paucilactobacillus hokkaidonensis,Paucilactobacillus hokkaidonensis,species,0.00010070016826998118,abund,0.0,3,0
Kraken2,default,Kraken2_default,ZymoMockD6331,ZymoMockD6331,ont,D6331_Zymo,152335,152335,                  Paucilactobacillus suebicus,Paucilactobacillus suebicus,species,3.356672275666039e-05,abund,0.0,1,1
Kraken2,default,Kraken2_default,ZymoMockD6331,ZymoMockD6331,ont,D6331_Zymo,468911,468911,                  Liquorilactobacillus hordei,Liquorilactobacillus hordei,species,0.00026853378205328313,abund,0.0,8,7
Kraken2,default,Kraken2_default,ZymoMockD6331,ZymoMockD6331,ont,D6331_Zymo,82688,82688,                  Liquorilactobacillus nagelii,Liquorilactobacillus nagelii,species,0.00016783361378330195,abund,0.0,5,5
Kraken2,default,Kraken2_default,ZymoMockD6331,ZymoMockD6331,ont,D6331_Zymo,259059,259059,                  Liquorilactobacillus satsumensis,Liquorilactobacillus satsumensis,species,3.356672275666039e-05,abund,0.0,1,1
Kraken2,default,Kraken2_default,ZymoMockD6331,ZymoMockD6331,ont,D6331_Zymo,33962,33962,                  Lentilactobacillus kefiri,Lentilactobacillus kefiri,species,0.00026853378205328313,abund,0.0,8,8
Kraken2,default,Kraken2_default,ZymoMockD6331,ZymoMockD6331,ont,D6331_Zymo,2883998,2883998,                  Lentilactobacillus laojiaonis,Lentilactobacillus laojiaonis,species,0.00010070016826998118,abund,0.0,3,3
Kraken2,default,Kraken2_default,ZymoMockD6331,ZymoMockD6331,ont,D6331_Zymo,152331,152331,                  Lentilactobacillus parabuchneri,Lentilactobacillus parabuchneri,species,6.713344551332078e-05,abund,0.0,2,2
Kraken2,default,Kraken2_default,ZymoMockD6331,ZymoMockD6331,ont,D6331_Zymo,375175,375175,                  Loigolactobacillus backii,Loigolactobacillus backii,species,0.00020140033653996236,abund,0.0,6,6
Kraken2,default,Kraken2_default,ZymoMockD6331,ZymoMockD6331,ont,D6331_Zymo,1610,1610,                  Loigolactobacillus coryniformis,Loigolactobacillus coryniformis,species,0.00013426689102664157,abund,0.0,4,4
Kraken2,default,Kraken2_default,ZymoMockD6331,ZymoMockD6331,ont,D6331_Zymo,1607,1607,                  Loigolactobacillus bifermentans,Loigolactobacillus bifermentans,species,6.713344551332078e-05,abund,0.0,2,2
Kraken2,default,Kraken2_default,ZymoMockD6331,ZymoMockD6331,ont,D6331_Zymo,1303590,1303590,                  Bombilactobacillus bombi,Bombilactobacillus bombi,species,0.00013426689102664157,abund,0.0,4,4
Kraken2,default,Kraken2_default,ZymoMockD6331,ZymoMockD6331,ont,D6331_Zymo,2923363,2923363,                  Bombilactobacillus thymidiniphilus,Bombilactobacillus thymidiniphilus,species,3.356672275666039e-05,abund,0.0,1,1
Kraken2,default,Kraken2_default,ZymoMockD6331,ZymoMockD6331,ont,D6331_Zymo,2419772,2419772,                  Apilactobacillus bombintestini,Apilactobacillus bombintestini,species,6.713344551332078e-05,abund,0.0,2,2
Kraken2,default,Kraken2_default,ZymoMockD6331,ZymoMockD6331,ont,D6331_Zymo,148814,148814,                  Apilactobacillus kunkeei,Apilactobacillus kunkeei,species,3.356672275666039e-05,abund,0.0,1,1
Kraken2,default,Kraken2_default,ZymoMockD6331,ZymoMockD6331,ont,D6331_Zymo,1218495,1218495,                  Apilactobacillus apinorum,Apilactobacillus apinorum,species,3.356672275666039e-05,abund,0.0,1,1
Kraken2,default,Kraken2_default,ZymoMockD6331,ZymoMockD6331,ont,D6331_Zymo,2923364,2923364,                  Apilactobacillus apisilvae,Apilactobacillus apisilvae,species,3.356672275666039e-05,abund,0.0,1,1
Kraken2,default,Kraken2_default,ZymoMockD6331,ZymoMockD6331,ont,D6331_Zymo,240427,240427,                  Secundilactobacillus paracollinoides,Secundilactobacillus paracollinoides,species,0.00013426689102664157,abund,0.0,4,4
Kraken2,default,Kraken2_default,ZymoMockD6331,ZymoMockD6331,ont,D6331_Zymo,176292,176292,                  Secundilactobacillus malefermentans,Secundilactobacillus malefermentans,species,3.356672275666039e-05,abund,0.0,1,1
Kraken2,default,Kraken2_default,ZymoMockD6331,ZymoMockD6331,ont,D6331_Zymo,1720083,1720083,                  Acetilactobacillus jinshanensis,Acetilactobacillus jinshanensis,species,0.00010070016826998118,abund,0.0,3,3
Kraken2,default,Kraken2_default,ZymoMockD6331,ZymoMockD6331,ont,D6331_Zymo,2506420,2506420,                  Periweissella cryptocerci,Periweissella cryptocerci,species,6.713344551332078e-05,abund,0.0,2,2
Kraken2,default,Kraken2_default,ZymoMockD6331,ZymoMockD6331,ont,D6331_Zymo,2586909,2586909,                  Agrilactobacillus fermenti,Agrilactobacillus fermenti,species,6.713344551332078e-05,abund,0.0,2,2
Kraken2,default,Kraken2_default,ZymoMockD6331,ZymoMockD6331,ont,D6331_Zymo,304207,304207,                  Schleiferilactobacillus harbinensis,Schleiferilactobacillus harbinensis,species,3.356672275666039e-05,abund,0.0,1,1
Kraken2,default,Kraken2_default,ZymoMockD6331,ZymoMockD6331,ont,D6331_Zymo,2925830,2925830,                  Nicoliella spurrieriana,Nicoliella spurrieriana,species,3.356672275666039e-05,abund,0.0,1,1
Kraken2,default,Kraken2_default,ZymoMockD6331,ZymoMockD6331,ont,D6331_Zymo,2932183,2932183,                  Xylocopilactobacillus apis,Xylocopilactobacillus apis,species,3.356672275666039e-05,abund,0.0,1,1
Kraken2,default,Kraken2_default,ZymoMockD6331,ZymoMockD6331,ont,D6331_Zymo,231049,231049,                  Furfurilactobacillus rossiae,Furfurilactobacillus rossiae,species,3.356672275666039e-05,abund,0.0,1,1
Kraken2,default,Kraken2_default,ZymoMockD6331,ZymoMockD6331,ont,D6331_Zymo,3344667,3344667,                    Dellaglioa sp. P0083,Dellaglioa sp. P0083,species,3.356672275666039e-05,abund,0.0,1,1
Kraken2,default,Kraken2_default,ZymoMockD6331,ZymoMockD6331,ont,D6331_Zymo,1247,1247,                  Oenococcus oeni,Oenococcus oeni,species,3.356672275666039e-05,abund,0.0,1,1
Kraken2,default,Kraken2_default,ZymoMockD6331,ZymoMockD6331,ont,D6331_Zymo,1352,1352,                  Enterococcus faecium,Enterococcus faecium,species,0.003088138493612756,abund,0.0,92,88
Kraken2,default,Kraken2_default,ZymoMockD6331,ZymoMockD6331,ont,D6331_Zymo,1351,1351,                  Enterococcus faecalis,Enterococcus faecalis,species,0.0027524712660461524,abund,0.0,82,78
Kraken2,default,Kraken2_default,ZymoMockD6331,ZymoMockD6331,ont,D6331_Zymo,1354,1354,                  Enterococcus hirae,Enterococcus hirae,species,0.0005706342868632267,abund,0.0,17,17
Kraken2,default,Kraken2_default,ZymoMockD6331,ZymoMockD6331,ont,D6331_Zymo,160453,160453,                  Enterococcus gilvus,Enterococcus gilvus,species,0.0003356672275666039,abund,0.0,10,10
Kraken2,default,Kraken2_default,ZymoMockD6331,ZymoMockD6331,ont,D6331_Zymo,1353,1353,                  Enterococcus gallinarum,Enterococcus gallinarum,species,0.00030210050480994355,abund,0.0,9,9
Kraken2,default,Kraken2_default,ZymoMockD6331,ZymoMockD6331,ont,D6331_Zymo,44008,44008,                  Enterococcus cecorum,Enterococcus cecorum,species,0.00023496705929662275,abund,0.0,7,7
Kraken2,default,Kraken2_default,ZymoMockD6331,ZymoMockD6331,ont,D6331_Zymo,2230867,2230867,                    Enterococcus sp. DIV0212c,Enterococcus sp. DIV0212c,species,0.00016783361378330195,abund,0.0,5,5
Kraken2,default,Kraken2_default,ZymoMockD6331,ZymoMockD6331,ont,D6331_Zymo,2060307,2060307,                    Enterococcus sp. FDAARGOS_375,Enterococcus sp. FDAARGOS_375,species,3.356672275666039e-05,abund,0.0,1,1
Kraken2,default,Kraken2_default,ZymoMockD6331,ZymoMockD6331,ont,D6331_Zymo,3044568,3044568,                    Enterococcus sp. ZQ21,Enterococcus sp. ZQ21,species,3.356672275666039e-05,abund,0.0,1,1
Kraken2,default,Kraken2_default,ZymoMockD6331,ZymoMockD6331,ont,D6331_Zymo,71452,71452,                  Enterococcus raffinosus,Enterococcus raffinosus,species,0.00023496705929662275,abund,0.0,7,7
Kraken2,default,Kraken2_default,ZymoMockD6331,ZymoMockD6331,ont,D6331_Zymo,37734,37734,                  Enterococcus casseliflavus,Enterococcus casseliflavus,species,0.00016783361378330195,abund,0.0,5,4
Kraken2,default,Kraken2_default,ZymoMockD6331,ZymoMockD6331,ont,D6331_Zymo,1834167,1834167,                  Candidatus Enterococcus lemimoniae,Candidatus Enterococcus lemimoniae,species,0.00013426689102664157,abund,0.0,4,4
Kraken2,default,Kraken2_default,ZymoMockD6331,ZymoMockD6331,ont,D6331_Zymo,33945,33945,                  Enterococcus avium,Enterococcus avium,species,0.00010070016826998118,abund,0.0,3,3
Kraken2,default,Kraken2_default,ZymoMockD6331,ZymoMockD6331,ont,D6331_Zymo,357441,357441,                  Enterococcus lactis,Enterococcus lactis,species,0.00010070016826998118,abund,0.0,3,3
Kraken2,default,Kraken2_default,ZymoMockD6331,ZymoMockD6331,ont,D6331_Zymo,53346,53346,                  Enterococcus mundtii,Enterococcus mundtii,species,6.713344551332078e-05,abund,0.0,2,2
Kraken2,default,Kraken2_default,ZymoMockD6331,ZymoMockD6331,ont,D6331_Zymo,2230878,2230878,                  Candidatus Enterococcus mangumiae,Candidatus Enterococcus mangumiae,species,6.713344551332078e-05,abund,0.0,2,2
Kraken2,default,Kraken2_default,ZymoMockD6331,ZymoMockD6331,ont,D6331_Zymo,2005703,2005703,                  Enterococcus wangshanyuanii,Enterococcus wangshanyuanii,species,6.713344551332078e-05,abund,0.0,2,2
Kraken2,default,Kraken2_default,ZymoMockD6331,ZymoMockD6331,ont,D6331_Zymo,319970,319970,                  Enterococcus devriesei,Enterococcus devriesei,species,6.713344551332078e-05,abund,0.0,2,2
Kraken2,default,Kraken2_default,ZymoMockD6331,ZymoMockD6331,ont,D6331_Zymo,2230877,2230877,                  Candidatus Enterococcus lowellii,Candidatus Enterococcus lowellii,species,3.356672275666039e-05,abund,0.0,1,1
Kraken2,default,Kraken2_default,ZymoMockD6331,ZymoMockD6331,ont,D6331_Zymo,1834193,1834193,                  Candidatus Enterococcus clewellii,Candidatus Enterococcus clewellii,species,3.356672275666039e-05,abund,0.0,1,1
Kraken2,default,Kraken2_default,ZymoMockD6331,ZymoMockD6331,ont,D6331_Zymo,3031993,3031993,                  Enterococcus montenegrensis,Enterococcus montenegrensis,species,3.356672275666039e-05,abund,0.0,1,1
Kraken2,default,Kraken2_default,ZymoMockD6331,ZymoMockD6331,ont,D6331_Zymo,417368,417368,                  Enterococcus thailandicus,Enterococcus thailandicus,species,3.356672275666039e-05,abund,0.0,1,1
Kraken2,default,Kraken2_default,ZymoMockD6331,ZymoMockD6331,ont,D6331_Zymo,44009,44009,                  Enterococcus dispar,Enterococcus dispar,species,3.356672275666039e-05,abund,0.0,1,1
Kraken2,default,Kraken2_default,ZymoMockD6331,ZymoMockD6331,ont,D6331_Zymo,41997,41997,                  Enterococcus saccharolyticus,Enterococcus saccharolyticus,species,3.356672275666039e-05,abund,0.0,1,0
Kraken2,default,Kraken2_default,ZymoMockD6331,ZymoMockD6331,ont,D6331_Zymo,2738,2738,                  Vagococcus fluvialis,Vagococcus fluvialis,species,0.00020140033653996236,abund,0.0,6,6
Kraken2,default,Kraken2_default,ZymoMockD6331,ZymoMockD6331,ont,D6331_Zymo,81947,81947,                  Vagococcus lutrae,Vagococcus lutrae,species,0.00013426689102664157,abund,0.0,4,4
Kraken2,default,Kraken2_default,ZymoMockD6331,ZymoMockD6331,ont,D6331_Zymo,2991418,2991418,                  Vagococcus intermedius,Vagococcus intermedius,species,0.00013426689102664157,abund,0.0,4,4
Kraken2,default,Kraken2_default,ZymoMockD6331,ZymoMockD6331,ont,D6331_Zymo,2739,2739,                  Vagococcus salmoninarum,Vagococcus salmoninarum,species,3.356672275666039e-05,abund,0.0,1,1
Kraken2,default,Kraken2_default,ZymoMockD6331,ZymoMockD6331,ont,D6331_Zymo,218144,218144,                  Vagococcus carniphilus,Vagococcus carniphilus,species,3.356672275666039e-05,abund,0.0,1,1
Kraken2,default,Kraken2_default,ZymoMockD6331,ZymoMockD6331,ont,D6331_Zymo,519472,519472,                  Vagococcus teuberi,Vagococcus teuberi,species,3.356672275666039e-05,abund,0.0,1,1
Kraken2,default,Kraken2_default,ZymoMockD6331,ZymoMockD6331,ont,D6331_Zymo,2562451,2562451,                  Vagococcus xieshaowenii,Vagococcus xieshaowenii,species,3.356672275666039e-05,abund,0.0,1,1
Kraken2,default,Kraken2_default,ZymoMockD6331,ZymoMockD6331,ont,D6331_Zymo,2920380,2920380,                  Vagococcus luciliae,Vagococcus luciliae,species,3.356672275666039e-05,abund,0.0,1,1
Kraken2,default,Kraken2_default,ZymoMockD6331,ZymoMockD6331,ont,D6331_Zymo,3109030,3109030,                  Vagococcus jeotgali,Vagococcus jeotgali,species,3.356672275666039e-05,abund,0.0,1,1
Kraken2,default,Kraken2_default,ZymoMockD6331,ZymoMockD6331,ont,D6331_Zymo,51669,51669,                  Tetragenococcus halophilus,Tetragenococcus halophilus,species,0.00020140033653996236,abund,0.0,6,3
Kraken2,default,Kraken2_default,ZymoMockD6331,ZymoMockD6331,ont,D6331_Zymo,290335,290335,                  Tetragenococcus koreensis,Tetragenococcus koreensis,species,3.356672275666039e-05,abund,0.0,1,1
Kraken2,default,Kraken2_default,ZymoMockD6331,ZymoMockD6331,ont,D6331_Zymo,33970,33970,                  Melissococcus plutonius,Melissococcus plutonius,species,0.00013426689102664157,abund,0.0,4,3
Kraken2,default,Kraken2_default,ZymoMockD6331,ZymoMockD6331,ont,D6331_Zymo,1338,1338,                    Streptococcus intermedius,Streptococcus intermedius,species,0.0010741351282131325,abund,0.0,32,0
Kraken2,default,Kraken2_default,ZymoMockD6331,ZymoMockD6331,ont,D6331_Zymo,1328,1328,                    Streptococcus anginosus,Streptococcus anginosus,species,0.0006377677323765474,abund,0.0,19,19
Kraken2,default,Kraken2_default,ZymoMockD6331,ZymoMockD6331,ont,D6331_Zymo,76860,76860,                    Streptococcus constellatus,Streptococcus constellatus,species,0.00030210050480994355,abund,0.0,9,9
Kraken2,default,Kraken2_default,ZymoMockD6331,ZymoMockD6331,ont,D6331_Zymo,1336,1336,                    Streptococcus equi,Streptococcus equi,species,0.0008727347916731703,abund,0.0,26,6
Kraken2,default,Kraken2_default,ZymoMockD6331,ZymoMockD6331,ont,D6331_Zymo,1334,1334,                    Streptococcus dysgalactiae,Streptococcus dysgalactiae,species,3.356672275666039e-05,abund,0.0,1,0
Kraken2,default,Kraken2_default,ZymoMockD6331,ZymoMockD6331,ont,D6331_Zymo,1307,1307,                  Streptococcus suis,Streptococcus suis,species,0.00043636739583658514,abund,0.0,13,13
Kraken2,default,Kraken2_default,ZymoMockD6331,ZymoMockD6331,ont,D6331_Zymo,1314,1314,                  Streptococcus pyogenes,Streptococcus pyogenes,species,0.00043636739583658514,abund,0.0,13,13
Kraken2,default,Kraken2_default,ZymoMockD6331,ZymoMockD6331,ont,D6331_Zymo,3028082,3028082,                  Streptococcus suivaginalis,Streptococcus suivaginalis,species,0.00016783361378330195,abund,0.0,5,5
Kraken2,default,Kraken2_default,ZymoMockD6331,ZymoMockD6331,ont,D6331_Zymo,1308,1308,                  Streptococcus thermophilus,Streptococcus thermophilus,species,0.00016783361378330195,abund,0.0,5,4
Kraken2,default,Kraken2_default,ZymoMockD6331,ZymoMockD6331,ont,D6331_Zymo,1343,1343,                  Streptococcus vestibularis,Streptococcus vestibularis,species,0.00013426689102664157,abund,0.0,4,4
Kraken2,default,Kraken2_default,ZymoMockD6331,ZymoMockD6331,ont,D6331_Zymo,1340,1340,                  Streptococcus porcinus,Streptococcus porcinus,species,0.00013426689102664157,abund,0.0,4,4
Kraken2,default,Kraken2_default,ZymoMockD6331,ZymoMockD6331,ont,D6331_Zymo,1335,1335,                  Streptococcus equinus,Streptococcus equinus,species,0.00013426689102664157,abund,0.0,4,4
Kraken2,default,Kraken2_default,ZymoMockD6331,ZymoMockD6331,ont,D6331_Zymo,1313,1313,                  Streptococcus pneumoniae,Streptococcus pneumoniae,species,0.00013426689102664157,abund,0.0,4,4
Kraken2,default,Kraken2_default,ZymoMockD6331,ZymoMockD6331,ont,D6331_Zymo,1156431,1156431,                  Streptococcus ilei,Streptococcus ilei,species,0.00013426689102664157,abund,0.0,4,4
Kraken2,default,Kraken2_default,ZymoMockD6331,ZymoMockD6331,ont,D6331_Zymo,1348,1348,                  Streptococcus parauberis,Streptococcus parauberis,species,0.00010070016826998118,abund,0.0,3,3
Kraken2,default,Kraken2_default,ZymoMockD6331,ZymoMockD6331,ont,D6331_Zymo,1349,1349,                  Streptococcus uberis,Streptococcus uberis,species,0.00010070016826998118,abund,0.0,3,3
Kraken2,default,Kraken2_default,ZymoMockD6331,ZymoMockD6331,ont,D6331_Zymo,1311,1311,                  Streptococcus agalactiae,Streptococcus agalactiae,species,0.00010070016826998118,abund,0.0,3,3
Kraken2,default,Kraken2_default,ZymoMockD6331,ZymoMockD6331,ont,D6331_Zymo,1501662,1501662,                  Streptococcus parasuis,Streptococcus parasuis,species,0.00010070016826998118,abund,0.0,3,3
Kraken2,default,Kraken2_default,ZymoMockD6331,ZymoMockD6331,ont,D6331_Zymo,3028084,3028084,                  Streptococcus iners,Streptococcus iners,species,0.00010070016826998118,abund,0.0,3,3
Kraken2,default,Kraken2_default,ZymoMockD6331,ZymoMockD6331,ont,D6331_Zymo,1303,1303,                  Streptococcus oralis,Streptococcus oralis,species,0.00010070016826998118,abund,0.0,3,3
Kraken2,default,Kraken2_default,ZymoMockD6331,ZymoMockD6331,ont,D6331_Zymo,361101,361101,                  Streptococcus pseudoporcinus,Streptococcus pseudoporcinus,species,6.713344551332078e-05,abund,0.0,2,2
Kraken2,default,Kraken2_default,ZymoMockD6331,ZymoMockD6331,ont,D6331_Zymo,315405,315405,                  Streptococcus gallolyticus,Streptococcus gallolyticus,species,6.713344551332078e-05,abund,0.0,2,1
Kraken2,default,Kraken2_default,ZymoMockD6331,ZymoMockD6331,ont,D6331_Zymo,2598457,2598457,                    Streptococcus sp. KS 6,Streptococcus sp. KS 6,species,6.713344551332078e-05,abund,0.0,2,2
Kraken2,default,Kraken2_default,ZymoMockD6331,ZymoMockD6331,ont,D6331_Zymo,28037,28037,                    Streptococcus mitis,Streptococcus mitis,species,6.713344551332078e-05,abund,0.0,2,1
Kraken2,default,Kraken2_default,ZymoMockD6331,ZymoMockD6331,ont,D6331_Zymo,1304,1304,                  Streptococcus salivarius,Streptococcus salivarius,species,6.713344551332078e-05,abund,0.0,2,2
Kraken2,default,Kraken2_default,ZymoMockD6331,ZymoMockD6331,ont,D6331_Zymo,1329,1329,                  Streptococcus canis,Streptococcus canis,species,3.356672275666039e-05,abund,0.0,1,1
Kraken2,default,Kraken2_default,ZymoMockD6331,ZymoMockD6331,ont,D6331_Zymo,197614,197614,                  Streptococcus pasteurianus,Streptococcus pasteurianus,species,3.356672275666039e-05,abund,0.0,1,1
Kraken2,default,Kraken2_default,ZymoMockD6331,ZymoMockD6331,ont,D6331_Zymo,2686210,2686210,                  Streptococcus ruminicola,Streptococcus ruminicola,species,3.356672275666039e-05,abund,0.0,1,1
Kraken2,default,Kraken2_default,ZymoMockD6331,ZymoMockD6331,ont,D6331_Zymo,2781599,2781599,                  Streptococcus oriscaviae,Streptococcus oriscaviae,species,3.356672275666039e-05,abund,0.0,1,1
Kraken2,default,Kraken2_default,ZymoMockD6331,ZymoMockD6331,ont,D6331_Zymo,1305,1305,                  Streptococcus sanguinis,Streptococcus sanguinis,species,3.356672275666039e-05,abund,0.0,1,0
Kraken2,default,Kraken2_default,ZymoMockD6331,ZymoMockD6331,ont,D6331_Zymo,1318,1318,                  Streptococcus parasanguinis,Streptococcus parasanguinis,species,3.356672275666039e-05,abund,0.0,1,0
Kraken2,default,Kraken2_default,ZymoMockD6331,ZymoMockD6331,ont,D6331_Zymo,1346,1346,                  Streptococcus iniae,Streptococcus iniae,species,3.356672275666039e-05,abund,0.0,1,1
Kraken2,default,Kraken2_default,ZymoMockD6331,ZymoMockD6331,ont,D6331_Zymo,68892,68892,                  Streptococcus infantis,Streptococcus infantis,species,3.356672275666039e-05,abund,0.0,1,1
Kraken2,default,Kraken2_default,ZymoMockD6331,ZymoMockD6331,ont,D6331_Zymo,1811193,1811193,                  Streptococcus pantholopis,Streptococcus pantholopis,species,3.356672275666039e-05,abund,0.0,1,1
Kraken2,default,Kraken2_default,ZymoMockD6331,ZymoMockD6331,ont,D6331_Zymo,45634,45634,                  Streptococcus cristatus,Streptococcus cristatus,species,3.356672275666039e-05,abund,0.0,1,0
Kraken2,default,Kraken2_default,ZymoMockD6331,ZymoMockD6331,ont,D6331_Zymo,33040,33040,                  Streptococcus milleri,Streptococcus milleri,species,3.356672275666039e-05,abund,0.0,1,1
Kraken2,default,Kraken2_default,ZymoMockD6331,ZymoMockD6331,ont,D6331_Zymo,1358,1358,                  Lactococcus lactis,Lactococcus lactis,species,0.00020140033653996236,abund,0.0,6,5
Kraken2,default,Kraken2_default,ZymoMockD6331,ZymoMockD6331,ont,D6331_Zymo,1363,1363,                  Lactococcus garvieae,Lactococcus garvieae,species,0.00013426689102664157,abund,0.0,4,4
Kraken2,default,Kraken2_default,ZymoMockD6331,ZymoMockD6331,ont,D6331_Zymo,1281486,1281486,                  Lactococcus formosensis,Lactococcus formosensis,species,0.00010070016826998118,abund,0.0,3,3
Kraken2,default,Kraken2_default,ZymoMockD6331,ZymoMockD6331,ont,D6331_Zymo,1359,1359,                  Lactococcus cremoris,Lactococcus cremoris,species,3.356672275666039e-05,abund,0.0,1,1
Kraken2,default,Kraken2_default,ZymoMockD6331,ZymoMockD6331,ont,D6331_Zymo,1940789,1940789,                  Lactococcus petauri,Lactococcus petauri,species,3.356672275666039e-05,abund,0.0,1,1
Kraken2,default,Kraken2_default,ZymoMockD6331,ZymoMockD6331,ont,D6331_Zymo,2592653,2592653,                  Lactococcus protaetiae,Lactococcus protaetiae,species,3.356672275666039e-05,abund,0.0,1,1
Kraken2,default,Kraken2_default,ZymoMockD6331,ZymoMockD6331,ont,D6331_Zymo,44273,44273,                    Lactococcus sp.,Lactococcus sp.,species,3.356672275666039e-05,abund,0.0,1,1
Kraken2,default,Kraken2_default,ZymoMockD6331,ZymoMockD6331,ont,D6331_Zymo,2751,2751,                  Carnobacterium maltaromaticum,Carnobacterium maltaromaticum,species,0.00030210050480994355,abund,0.0,9,9
Kraken2,default,Kraken2_default,ZymoMockD6331,ZymoMockD6331,ont,D6331_Zymo,147709,147709,                  Carnobacterium inhibens,Carnobacterium inhibens,species,0.00016783361378330195,abund,0.0,5,0
Kraken2,default,Kraken2_default,ZymoMockD6331,ZymoMockD6331,ont,D6331_Zymo,208596,208596,                    Carnobacterium sp. 17-4,Carnobacterium sp. 17-4,species,3.356672275666039e-05,abund,0.0,1,1
Kraken2,default,Kraken2_default,ZymoMockD6331,ZymoMockD6331,ont,D6331_Zymo,3397060,3397060,                    Carnobacterium sp. TMP28,Carnobacterium sp. TMP28,species,3.356672275666039e-05,abund,0.0,1,1
Kraken2,default,Kraken2_default,ZymoMockD6331,ZymoMockD6331,ont,D6331_Zymo,2748,2748,                  Carnobacterium divergens,Carnobacterium divergens,species,3.356672275666039e-05,abund,0.0,1,1
Kraken2,default,Kraken2_default,ZymoMockD6331,ZymoMockD6331,ont,D6331_Zymo,174587,174587,                  Carnobacterium viridans,Carnobacterium viridans,species,3.356672275666039e-05,abund,0.0,1,1
Kraken2,default,Kraken2_default,ZymoMockD6331,ZymoMockD6331,ont,D6331_Zymo,2908211,2908211,                    Jeotgalibaca sp. MA1X17-3,Jeotgalibaca sp. MA1X17-3,species,6.713344551332078e-05,abund,0.0,2,2
Kraken2,default,Kraken2_default,ZymoMockD6331,ZymoMockD6331,ont,D6331_Zymo,1903686,1903686,                    Jeotgalibaca sp. PTS2502,Jeotgalibaca sp. PTS2502,species,3.356672275666039e-05,abund,0.0,1,1
Kraken2,default,Kraken2_default,ZymoMockD6331,ZymoMockD6331,ont,D6331_Zymo,708126,708126,                  Jeotgalibaca dankookensis,Jeotgalibaca dankookensis,species,6.713344551332078e-05,abund,0.0,2,2
Kraken2,default,Kraken2_default,ZymoMockD6331,ZymoMockD6331,ont,D6331_Zymo,1868794,1868794,                  Jeotgalibaca arthritidis,Jeotgalibaca arthritidis,species,6.713344551332078e-05,abund,0.0,2,2
Kraken2,default,Kraken2_default,ZymoMockD6331,ZymoMockD6331,ont,D6331_Zymo,2496265,2496265,                  Jeotgalibaca ciconiae,Jeotgalibaca ciconiae,species,6.713344551332078e-05,abund,0.0,2,2
Kraken2,default,Kraken2_default,ZymoMockD6331,ZymoMockD6331,ont,D6331_Zymo,46124,46124,                  Granulicatella adiacens,Granulicatella adiacens,species,0.00020140033653996236,abund,0.0,6,6
Kraken2,default,Kraken2_default,ZymoMockD6331,ZymoMockD6331,ont,D6331_Zymo,137732,137732,                  Granulicatella elegans,Granulicatella elegans,species,3.356672275666039e-05,abund,0.0,1,1
Kraken2,default,Kraken2_default,ZymoMockD6331,ZymoMockD6331,ont,D6331_Zymo,29394,29394,                  Dolosigranulum pigrum,Dolosigranulum pigrum,species,6.713344551332078e-05,abund,0.0,2,2
Kraken2,default,Kraken2_default,ZymoMockD6331,ZymoMockD6331,ont,D6331_Zymo,3110288,3110288,                  Dolosigranulum savutiense,Dolosigranulum savutiense,species,3.356672275666039e-05,abund,0.0,1,1
Kraken2,default,Kraken2_default,ZymoMockD6331,ZymoMockD6331,ont,D6331_Zymo,82803,82803,                  Trichococcus flocculiformis,Trichococcus flocculiformis,species,3.356672275666039e-05,abund,0.0,1,1
Kraken2,default,Kraken2_default,ZymoMockD6331,ZymoMockD6331,ont,D6331_Zymo,1911586,1911586,                    Marinilactibacillus sp. 15R,Marinilactibacillus sp. 15R,species,3.356672275666039e-05,abund,0.0,1,1
Kraken2,default,Kraken2_default,ZymoMockD6331,ZymoMockD6331,ont,D6331_Zymo,1377,1377,                  Aerococcus viridans,Aerococcus viridans,species,0.00013426689102664157,abund,0.0,4,4
Kraken2,default,Kraken2_default,ZymoMockD6331,ZymoMockD6331,ont,D6331_Zymo,87541,87541,                  Aerococcus christensenii,Aerococcus christensenii,species,0.00010070016826998118,abund,0.0,3,3
Kraken2,default,Kraken2_default,ZymoMockD6331,ZymoMockD6331,ont,D6331_Zymo,2976812,2976812,                    Aerococcus sp. Group 1,Aerococcus sp. Group 1,species,6.713344551332078e-05,abund,0.0,2,2
Kraken2,default,Kraken2_default,ZymoMockD6331,ZymoMockD6331,ont,D6331_Zymo,51665,51665,                  Aerococcus urinaeequi,Aerococcus urinaeequi,species,3.356672275666039e-05,abund,0.0,1,1
Kraken2,default,Kraken2_default,ZymoMockD6331,ZymoMockD6331,ont,D6331_Zymo,2976809,2976809,                  Aerococcus loyolae,Aerococcus loyolae,species,3.356672275666039e-05,abund,0.0,1,1
Kraken2,default,Kraken2_default,ZymoMockD6331,ZymoMockD6331,ont,D6331_Zymo,89093,89093,                  Ignavigranum ruoffiae,Ignavigranum ruoffiae,species,0.00026853378205328313,abund,0.0,8,8
Kraken2,default,Kraken2_default,ZymoMockD6331,ZymoMockD6331,ont,D6331_Zymo,2885764,2885764,                    Globicatella sp. PHS-GS-PNBC-21-1553,Globicatella sp. PHS-GS-PNBC-21-1553,species,3.356672275666039e-05,abund,0.0,1,1
Kraken2,default,Kraken2_default,ZymoMockD6331,ZymoMockD6331,ont,D6331_Zymo,178214,178214,                  Facklamia hominis,Facklamia hominis,species,3.356672275666039e-05,abund,0.0,1,1
Kraken2,default,Kraken2_default,ZymoMockD6331,ZymoMockD6331,ont,D6331_Zymo,87458,87458,                  Ruoffia tabacinasalis,Ruoffia tabacinasalis,species,3.356672275666039e-05,abund,0.0,1,1
Kraken2,default,Kraken2_default,ZymoMockD6331,ZymoMockD6331,ont,D6331_Zymo,1396,1396,                    Bacillus cereus,Bacillus cereus,species,0.003490939166692681,abund,0.0,104,11
Kraken2,default,Kraken2_default,ZymoMockD6331,ZymoMockD6331,ont,D6331_Zymo,1405,1405,                    Bacillus mycoides,Bacillus mycoides,species,0.002819604711559473,abund,0.0,84,84
Kraken2,default,Kraken2_default,ZymoMockD6331,ZymoMockD6331,ont,D6331_Zymo,1428,1428,                    Bacillus thuringiensis,Bacillus thuringiensis,species,0.0003692339503232643,abund,0.0,11,8
Kraken2,default,Kraken2_default,ZymoMockD6331,ZymoMockD6331,ont,D6331_Zymo,1890302,1890302,                    Bacillus wiedmannii,Bacillus wiedmannii,species,0.00023496705929662275,abund,0.0,7,7
Kraken2,default,Kraken2_default,ZymoMockD6331,ZymoMockD6331,ont,D6331_Zymo,2026194,2026194,                    Bacillus paramycoides,Bacillus paramycoides,species,0.00016783361378330195,abund,0.0,5,5
Kraken2,default,Kraken2_default,ZymoMockD6331,ZymoMockD6331,ont,D6331_Zymo,64104,64104,                    Bacillus pseudomycoides,Bacillus pseudomycoides,species,0.00010070016826998118,abund,0.0,3,2
Kraken2,default,Kraken2_default,ZymoMockD6331,ZymoMockD6331,ont,D6331_Zymo,155322,155322,                    Bacillus toyonensis,Bacillus toyonensis,species,0.00010070016826998118,abund,0.0,3,3
Kraken2,default,Kraken2_default,ZymoMockD6331,ZymoMockD6331,ont,D6331_Zymo,580165,580165,                    Bacillus cytotoxicus,Bacillus cytotoxicus,species,6.713344551332078e-05,abund,0.0,2,2
Kraken2,default,Kraken2_default,ZymoMockD6331,ZymoMockD6331,ont,D6331_Zymo,2817477,2817477,                    Bacillus paramobilis,Bacillus paramobilis,species,6.713344551332078e-05,abund,0.0,2,2
Kraken2,default,Kraken2_default,ZymoMockD6331,ZymoMockD6331,ont,D6331_Zymo,2026186,2026186,                    Bacillus paranthracis,Bacillus paranthracis,species,3.356672275666039e-05,abund,0.0,1,1
Kraken2,default,Kraken2_default,ZymoMockD6331,ZymoMockD6331,ont,D6331_Zymo,2026193,2026193,                    Bacillus nitratireducens,Bacillus nitratireducens,species,3.356672275666039e-05,abund,0.0,1,1
Kraken2,default,Kraken2_default,ZymoMockD6331,ZymoMockD6331,ont,D6331_Zymo,2217832,2217832,                      Bacillus sp. JAS24-2,Bacillus sp. JAS24-2,species,3.356672275666039e-05,abund,0.0,1,1
Kraken2,default,Kraken2_default,ZymoMockD6331,ZymoMockD6331,ont,D6331_Zymo,1408,1408,                  Bacillus pumilus,Bacillus pumilus,species,0.004531507572149153,abund,0.0,135,134
Kraken2,default,Kraken2_default,ZymoMockD6331,ZymoMockD6331,ont,D6331_Zymo,1423,1423,                    Bacillus subtilis,Bacillus subtilis,species,0.0019804366426429635,abund,0.0,59,59
Kraken2,default,Kraken2_default,ZymoMockD6331,ZymoMockD6331,ont,D6331_Zymo,96241,96241,                    Bacillus spizizenii,Bacillus spizizenii,species,0.0012084020192397742,abund,0.0,36,34
Kraken2,default,Kraken2_default,ZymoMockD6331,ZymoMockD6331,ont,D6331_Zymo,492670,492670,                      Bacillus velezensis,Bacillus velezensis,species,0.00026853378205328313,abund,0.0,8,8
Kraken2,default,Kraken2_default,ZymoMockD6331,ZymoMockD6331,ont,D6331_Zymo,1390,1390,                      Bacillus amyloliquefaciens,Bacillus amyloliquefaciens,species,3.356672275666039e-05,abund,0.0,1,1
Kraken2,default,Kraken2_default,ZymoMockD6331,ZymoMockD6331,ont,D6331_Zymo,1452,1452,                    Bacillus atrophaeus,Bacillus atrophaeus,species,0.00026853378205328313,abund,0.0,8,8
Kraken2,default,Kraken2_default,ZymoMockD6331,ZymoMockD6331,ont,D6331_Zymo,1402,1402,                    Bacillus licheniformis,Bacillus licheniformis,species,0.00020140033653996236,abund,0.0,6,6
Kraken2,default,Kraken2_default,ZymoMockD6331,ZymoMockD6331,ont,D6331_Zymo,72361,72361,                    Bacillus vallismortis,Bacillus vallismortis,species,6.713344551332078e-05,abund,0.0,2,2
Kraken2,default,Kraken2_default,ZymoMockD6331,ZymoMockD6331,ont,D6331_Zymo,1648923,1648923,                    Bacillus paralicheniformis,Bacillus paralicheniformis,species,3.356672275666039e-05,abund,0.0,1,1
Kraken2,default,Kraken2_default,ZymoMockD6331,ZymoMockD6331,ont,D6331_Zymo,2587848,2587848,                    Bacillus sp. THAF10,Bacillus sp. THAF10,species,0.00030210050480994355,abund,0.0,9,9
Kraken2,default,Kraken2_default,ZymoMockD6331,ZymoMockD6331,ont,D6331_Zymo,467262,467262,                    Bacillus sp. T3,Bacillus sp. T3,species,0.00016783361378330195,abund,0.0,5,5
Kraken2,default,Kraken2_default,ZymoMockD6331,ZymoMockD6331,ont,D6331_Zymo,3126755,3126755,                    Bacillus sp. BR3(2024),Bacillus sp. BR3(2024),species,0.00013426689102664157,abund,0.0,4,4
Kraken2,default,Kraken2_default,ZymoMockD6331,ZymoMockD6331,ont,D6331_Zymo,2499213,2499213,                    Bacillus sp. BD59S,Bacillus sp. BD59S,species,0.00010070016826998118,abund,0.0,3,3
Kraken2,default,Kraken2_default,ZymoMockD6331,ZymoMockD6331,ont,D6331_Zymo,1581038,1581038,                    Bacillus sp. FJAT-22090,Bacillus sp. FJAT-22090,species,0.00010070016826998118,abund,0.0,3,3
Kraken2,default,Kraken2_default,ZymoMockD6331,ZymoMockD6331,ont,D6331_Zymo,3077585,3077585,                    Bacillus sp. DTU_2020_1000418_1_SI_GHA_SEK_038,Bacillus sp. DTU_2020_1000418_1_SI GHA_SEK_038,species,6.713344551332078e-05,abund,0.0,2,2
Kraken2,default,Kraken2_default,ZymoMockD6331,ZymoMockD6331,ont,D6331_Zymo,2884834,2884834,                    Bacillus sp. CMF12,Bacillus sp. CMF12,species,6.713344551332078e-05,abund,0.0,2,2
Kraken2,default,Kraken2_default,ZymoMockD6331,ZymoMockD6331,ont,D6331_Zymo,3132265,3132265,                    Bacillus sp. 1P10SD,Bacillus sp. 1P10SD,species,6.713344551332078e-05,abund,0.0,2,2
Kraken2,default,Kraken2_default,ZymoMockD6331,ZymoMockD6331,ont,D6331_Zymo,3375707,3375707,                    Bacillus sp. 3G2,Bacillus sp. 3G2,species,3.356672275666039e-05,abund,0.0,1,1
Kraken2,default,Kraken2_default,ZymoMockD6331,ZymoMockD6331,ont,D6331_Zymo,3160967,3160967,                    Bacillus sp. CSS-39,Bacillus sp. CSS-39,species,3.356672275666039e-05,abund,0.0,1,1
Kraken2,default,Kraken2_default,ZymoMockD6331,ZymoMockD6331,ont,D6331_Zymo,666686,666686,                    Bacillus sp. 1NLA3E,Bacillus sp. 1NLA3E,species,3.356672275666039e-05,abund,0.0,1,1
Kraken2,default,Kraken2_default,ZymoMockD6331,ZymoMockD6331,ont,D6331_Zymo,3115294,3115294,                    Bacillus sp. SCS-153A,Bacillus sp. SCS-153A,species,3.356672275666039e-05,abund,0.0,1,1
Kraken2,default,Kraken2_default,ZymoMockD6331,ZymoMockD6331,ont,D6331_Zymo,2954558,2954558,                    Bacillus sp. FSL R5-0397,Bacillus sp. FSL R5-0397,species,3.356672275666039e-05,abund,0.0,1,1
Kraken2,default,Kraken2_default,ZymoMockD6331,ZymoMockD6331,ont,D6331_Zymo,3052091,3052091,                    Bacillus sp. DX3.1,Bacillus sp. DX3.1,species,3.356672275666039e-05,abund,0.0,1,1
Kraken2,default,Kraken2_default,ZymoMockD6331,ZymoMockD6331,ont,D6331_Zymo,1471,1471,                  Bacillus methanolicus,Bacillus methanolicus,species,0.00023496705929662275,abund,0.0,7,7
Kraken2,default,Kraken2_default,ZymoMockD6331,ZymoMockD6331,ont,D6331_Zymo,1441095,1441095,                  Bacillus gobiensis,Bacillus gobiensis,species,0.00013426689102664157,abund,0.0,4,4
Kraken2,default,Kraken2_default,ZymoMockD6331,ZymoMockD6331,ont,D6331_Zymo,1983719,1983719,                  Bacillus shivajii,Bacillus shivajii,species,0.00010070016826998118,abund,0.0,3,3
Kraken2,default,Kraken2_default,ZymoMockD6331,ZymoMockD6331,ont,D6331_Zymo,2819290,2819290,                  Bacillus arachidis,Bacillus arachidis,species,6.713344551332078e-05,abund,0.0,2,2
Kraken2,default,Kraken2_default,ZymoMockD6331,ZymoMockD6331,ont,D6331_Zymo,3129297,3129297,                  Bacillus kandeliae,Bacillus kandeliae,species,3.356672275666039e-05,abund,0.0,1,1
Kraken2,default,Kraken2_default,ZymoMockD6331,ZymoMockD6331,ont,D6331_Zymo,561879,561879,                  Bacillus safensis,Bacillus safensis,species,3.356672275666039e-05,abund,0.0,1,1
Kraken2,default,Kraken2_default,ZymoMockD6331,ZymoMockD6331,ont,D6331_Zymo,293387,293387,                    Bacillus altitudinis,Bacillus altitudinis,species,3.356672275666039e-05,abund,0.0,1,1
Kraken2,default,Kraken2_default,ZymoMockD6331,ZymoMockD6331,ont,D6331_Zymo,2070463,2070463,                    Lysinibacillus sp. SGAir0095,Lysinibacillus sp. SGAir0095,species,0.00020140033653996236,abund,0.0,6,6
Kraken2,default,Kraken2_default,ZymoMockD6331,ZymoMockD6331,ont,D6331_Zymo,3132284,3132284,                    Lysinibacillus sp. 3P01SB,Lysinibacillus sp. 3P01SB,species,0.00016783361378330195,abund,0.0,5,5
Kraken2,default,Kraken2_default,ZymoMockD6331,ZymoMockD6331,ont,D6331_Zymo,2921497,2921497,                    Lysinibacillus sp. FSL K6-3209,Lysinibacillus sp. FSL K6-3209,species,0.00013426689102664157,abund,0.0,4,4
Kraken2,default,Kraken2_default,ZymoMockD6331,ZymoMockD6331,ont,D6331_Zymo,2921619,2921619,                    Lysinibacillus sp. FSL M8-0216,Lysinibacillus sp. FSL M8-0216,species,6.713344551332078e-05,abund,0.0,2,2
Kraken2,default,Kraken2_default,ZymoMockD6331,ZymoMockD6331,ont,D6331_Zymo,2936682,2936682,                    Lysinibacillus sp. Ag94,Lysinibacillus sp. Ag94,species,6.713344551332078e-05,abund,0.0,2,2
Kraken2,default,Kraken2_default,ZymoMockD6331,ZymoMockD6331,ont,D6331_Zymo,2749809,2749809,                    Lysinibacillus sp. JK80,Lysinibacillus sp. JK80,species,3.356672275666039e-05,abund,0.0,1,1
Kraken2,default,Kraken2_default,ZymoMockD6331,ZymoMockD6331,ont,D6331_Zymo,2792479,2792479,                    Lysinibacillus sp. JNUCC-51,Lysinibacillus sp. JNUCC-51,species,3.356672275666039e-05,abund,0.0,1,1
Kraken2,default,Kraken2_default,ZymoMockD6331,ZymoMockD6331,ont,D6331_Zymo,3039426,3039426,                    Lysinibacillus sp. 1 U-2021,Lysinibacillus sp. 1 U-2021,species,3.356672275666039e-05,abund,0.0,1,1
Kraken2,default,Kraken2_default,ZymoMockD6331,ZymoMockD6331,ont,D6331_Zymo,2921721,2921721,                    Lysinibacillus sp. FSL P4-0201,Lysinibacillus sp. FSL P4-0201,species,3.356672275666039e-05,abund,0.0,1,1
Kraken2,default,Kraken2_default,ZymoMockD6331,ZymoMockD6331,ont,D6331_Zymo,2921415,2921415,                    Lysinibacillus sp. FSL K6-0075,Lysinibacillus sp. FSL K6-0075,species,3.356672275666039e-05,abund,0.0,1,1
Kraken2,default,Kraken2_default,ZymoMockD6331,ZymoMockD6331,ont,D6331_Zymo,759811,759811,                  Lysinibacillus pakistanensis,Lysinibacillus pakistanensis,species,0.00013426689102664157,abund,0.0,4,4
Kraken2,default,Kraken2_default,ZymoMockD6331,ZymoMockD6331,ont,D6331_Zymo,28031,28031,                  Lysinibacillus fusiformis,Lysinibacillus fusiformis,species,0.00010070016826998118,abund,0.0,3,3
Kraken2,default,Kraken2_default,ZymoMockD6331,ZymoMockD6331,ont,D6331_Zymo,33935,33935,                  Lysinibacillus macroides,Lysinibacillus macroides,species,6.713344551332078e-05,abund,0.0,2,2
Kraken2,default,Kraken2_default,ZymoMockD6331,ZymoMockD6331,ont,D6331_Zymo,1470088,1470088,                  Lysinibacillus louembei,Lysinibacillus louembei,species,6.713344551332078e-05,abund,0.0,2,2
Kraken2,default,Kraken2_default,ZymoMockD6331,ZymoMockD6331,ont,D6331_Zymo,2086577,2086577,                  Lysinibacillus timonensis,Lysinibacillus timonensis,species,6.713344551332078e-05,abund,0.0,2,2
Kraken2,default,Kraken2_default,ZymoMockD6331,ZymoMockD6331,ont,D6331_Zymo,2590012,2590012,                  Lysinibacillus agricola,Lysinibacillus agricola,species,6.713344551332078e-05,abund,0.0,2,2
Kraken2,default,Kraken2_default,ZymoMockD6331,ZymoMockD6331,ont,D6331_Zymo,1421,1421,                  Lysinibacillus sphaericus,Lysinibacillus sphaericus,species,3.356672275666039e-05,abund,0.0,1,1
Kraken2,default,Kraken2_default,ZymoMockD6331,ZymoMockD6331,ont,D6331_Zymo,436516,436516,                  Lysinibacillus parviboronicapiens,Lysinibacillus parviboronicapiens,species,3.356672275666039e-05,abund,0.0,1,1
Kraken2,default,Kraken2_default,ZymoMockD6331,ZymoMockD6331,ont,D6331_Zymo,2998077,2998077,                  Lysinibacillus irui,Lysinibacillus irui,species,3.356672275666039e-05,abund,0.0,1,1
Kraken2,default,Kraken2_default,ZymoMockD6331,ZymoMockD6331,ont,D6331_Zymo,1404,1404,                  Priestia megaterium,Priestia megaterium,species,0.0003356672275666039,abund,0.0,10,10
Kraken2,default,Kraken2_default,ZymoMockD6331,ZymoMockD6331,ont,D6331_Zymo,1402861,1402861,                  Priestia filamentosa,Priestia filamentosa,species,0.00030210050480994355,abund,0.0,9,9
Kraken2,default,Kraken2_default,ZymoMockD6331,ZymoMockD6331,ont,D6331_Zymo,86664,86664,                  Priestia flexa,Priestia flexa,species,0.00016783361378330195,abund,0.0,5,5
Kraken2,default,Kraken2_default,ZymoMockD6331,ZymoMockD6331,ont,D6331_Zymo,412384,412384,                  Priestia aryabhattai,Priestia aryabhattai,species,0.00013426689102664157,abund,0.0,4,4
Kraken2,default,Kraken2_default,ZymoMockD6331,ZymoMockD6331,ont,D6331_Zymo,2954672,2954672,                    Neobacillus sp. FSL H8-0543,Neobacillus sp. FSL H8-0543,species,0.00040280067307992473,abund,0.0,12,12
Kraken2,default,Kraken2_default,ZymoMockD6331,ZymoMockD6331,ont,D6331_Zymo,3048535,3048535,                    Neobacillus sp. 114,Neobacillus sp. 114,species,0.00013426689102664157,abund,0.0,4,4
Kraken2,default,Kraken2_default,ZymoMockD6331,ZymoMockD6331,ont,D6331_Zymo,3047874,3047874,                    Neobacillus sp. YX16,Neobacillus sp. YX16,species,0.00010070016826998118,abund,0.0,3,3
Kraken2,default,Kraken2_default,ZymoMockD6331,ZymoMockD6331,ont,D6331_Zymo,3070679,3070679,                    Neobacillus sp. PS3-40,Neobacillus sp. PS3-40,species,0.00010070016826998118,abund,0.0,3,3
Kraken2,default,Kraken2_default,ZymoMockD6331,ZymoMockD6331,ont,D6331_Zymo,3047871,3047871,                    Neobacillus sp. DY30,Neobacillus sp. DY30,species,6.713344551332078e-05,abund,0.0,2,2
Kraken2,default,Kraken2_default,ZymoMockD6331,ZymoMockD6331,ont,D6331_Zymo,3047873,3047873,                    Neobacillus sp. WH10,Neobacillus sp. WH10,species,6.713344551332078e-05,abund,0.0,2,2
Kraken2,default,Kraken2_default,ZymoMockD6331,ZymoMockD6331,ont,D6331_Zymo,3047875,3047875,                    Neobacillus sp. SuZ13,Neobacillus sp. SuZ13,species,6.713344551332078e-05,abund,0.0,2,2
Kraken2,default,Kraken2_default,ZymoMockD6331,ZymoMockD6331,ont,D6331_Zymo,3070678,3070678,                    Neobacillus sp. PS3-34,Neobacillus sp. PS3-34,species,6.713344551332078e-05,abund,0.0,2,2
Kraken2,default,Kraken2_default,ZymoMockD6331,ZymoMockD6331,ont,D6331_Zymo,3070683,3070683,                    Neobacillus sp. OS1-33,Neobacillus sp. OS1-33,species,6.713344551332078e-05,abund,0.0,2,2
Kraken2,default,Kraken2_default,ZymoMockD6331,ZymoMockD6331,ont,D6331_Zymo,3115292,3115292,                    Neobacillus sp. SCS-31,Neobacillus sp. SCS-31,species,6.713344551332078e-05,abund,0.0,2,2
Kraken2,default,Kraken2_default,ZymoMockD6331,ZymoMockD6331,ont,D6331_Zymo,3070682,3070682,                    Neobacillus sp. OS1-32,Neobacillus sp. OS1-32,species,3.356672275666039e-05,abund,0.0,1,1
Kraken2,default,Kraken2_default,ZymoMockD6331,ZymoMockD6331,ont,D6331_Zymo,1193713,1193713,                  Neobacillus mesonae,Neobacillus mesonae,species,3.356672275666039e-05,abund,0.0,1,1
Kraken2,default,Kraken2_default,ZymoMockD6331,ZymoMockD6331,ont,D6331_Zymo,2419841,2419841,                    Virgibacillus sp. Bac330,Virgibacillus sp. Bac330,species,0.00010070016826998118,abund,0.0,3,3
Kraken2,default,Kraken2_default,ZymoMockD6331,ZymoMockD6331,ont,D6331_Zymo,403957,403957,                    Virgibacillus sp. SK37,Virgibacillus sp. SK37,species,6.713344551332078e-05,abund,0.0,2,2
Kraken2,default,Kraken2_default,ZymoMockD6331,ZymoMockD6331,ont,D6331_Zymo,2831673,2831673,                    Virgibacillus sp. NKC19-16,Virgibacillus sp. NKC19-16,species,6.713344551332078e-05,abund,0.0,2,2
Kraken2,default,Kraken2_default,ZymoMockD6331,ZymoMockD6331,ont,D6331_Zymo,2942278,2942278,                    Virgibacillus sp. CBA3643,Virgibacillus sp. CBA3643,species,6.713344551332078e-05,abund,0.0,2,2
Kraken2,default,Kraken2_default,ZymoMockD6331,ZymoMockD6331,ont,D6331_Zymo,163877,163877,                  Virgibacillus necropolis,Virgibacillus necropolis,species,0.00020140033653996236,abund,0.0,6,6
Kraken2,default,Kraken2_default,ZymoMockD6331,ZymoMockD6331,ont,D6331_Zymo,1482,1482,                  Virgibacillus halodenitrificans,Virgibacillus halodenitrificans,species,6.713344551332078e-05,abund,0.0,2,2
Kraken2,default,Kraken2_default,ZymoMockD6331,ZymoMockD6331,ont,D6331_Zymo,302167,302167,                  Virgibacillus dokdonensis,Virgibacillus dokdonensis,species,3.356672275666039e-05,abund,0.0,1,1
Kraken2,default,Kraken2_default,ZymoMockD6331,ZymoMockD6331,ont,D6331_Zymo,2017483,2017483,                  Virgibacillus phasianinus,Virgibacillus phasianinus,species,3.356672275666039e-05,abund,0.0,1,1
Kraken2,default,Kraken2_default,ZymoMockD6331,ZymoMockD6331,ont,D6331_Zymo,1478,1478,                  Peribacillus simplex,Peribacillus simplex,species,0.0003692339503232643,abund,0.0,11,8
Kraken2,default,Kraken2_default,ZymoMockD6331,ZymoMockD6331,ont,D6331_Zymo,228899,228899,                  Peribacillus asahii,Peribacillus asahii,species,0.00026853378205328313,abund,0.0,8,8
Kraken2,default,Kraken2_default,ZymoMockD6331,ZymoMockD6331,ont,D6331_Zymo,3073271,3073271,                    Peribacillus sp. R9-11,Peribacillus sp. R9-11,species,0.00010070016826998118,abund,0.0,3,3
Kraken2,default,Kraken2_default,ZymoMockD6331,ZymoMockD6331,ont,D6331_Zymo,2921364,2921364,                    Peribacillus sp. FSL E2-0218,Peribacillus sp. FSL E2-0218,species,3.356672275666039e-05,abund,0.0,1,1
Kraken2,default,Kraken2_default,ZymoMockD6331,ZymoMockD6331,ont,D6331_Zymo,3115295,3115295,                    Peribacillus sp. SCS-26,Peribacillus sp. SCS-26,species,3.356672275666039e-05,abund,0.0,1,1
Kraken2,default,Kraken2_default,ZymoMockD6331,ZymoMockD6331,ont,D6331_Zymo,3242679,3242679,                    Peribacillus sp. RS7,Peribacillus sp. RS7,species,3.356672275666039e-05,abund,0.0,1,1
Kraken2,default,Kraken2_default,ZymoMockD6331,ZymoMockD6331,ont,D6331_Zymo,1407,1407,                  Peribacillus psychrosaccharolyticus,Peribacillus psychrosaccharolyticus,species,0.00010070016826998118,abund,0.0,3,3
Kraken2,default,Kraken2_default,ZymoMockD6331,ZymoMockD6331,ont,D6331_Zymo,450367,450367,                  Peribacillus frigoritolerans,Peribacillus frigoritolerans,species,0.00010070016826998118,abund,0.0,3,3
Kraken2,default,Kraken2_default,ZymoMockD6331,ZymoMockD6331,ont,D6331_Zymo,264697,264697,                  Peribacillus muralis,Peribacillus muralis,species,3.356672275666039e-05,abund,0.0,1,1
Kraken2,default,Kraken2_default,ZymoMockD6331,ZymoMockD6331,ont,D6331_Zymo,746691,746691,                  Oceanobacillus kimchii,Oceanobacillus kimchii,species,0.00026853378205328313,abund,0.0,8,7
Kraken2,default,Kraken2_default,ZymoMockD6331,ZymoMockD6331,ont,D6331_Zymo,2954748,2954748,                    Oceanobacillus sp. FSL K6-2867,Oceanobacillus sp. FSL K6-2867,species,0.00020140033653996236,abund,0.0,6,6
Kraken2,default,Kraken2_default,ZymoMockD6331,ZymoMockD6331,ont,D6331_Zymo,2052660,2052660,                  Oceanobacillus zhaokaii,Oceanobacillus zhaokaii,species,0.00023496705929662275,abund,0.0,7,7
Kraken2,default,Kraken2_default,ZymoMockD6331,ZymoMockD6331,ont,D6331_Zymo,481353,481353,                  Oceanobacillus kapialis,Oceanobacillus kapialis,species,6.713344551332078e-05,abund,0.0,2,2
Kraken2,default,Kraken2_default,ZymoMockD6331,ZymoMockD6331,ont,D6331_Zymo,1462527,1462527,                  Oceanobacillus jeddahense,Oceanobacillus jeddahense,species,6.713344551332078e-05,abund,0.0,2,2
Kraken2,default,Kraken2_default,ZymoMockD6331,ZymoMockD6331,ont,D6331_Zymo,182710,182710,                  Oceanobacillus iheyensis,Oceanobacillus iheyensis,species,3.356672275666039e-05,abund,0.0,1,0
Kraken2,default,Kraken2_default,ZymoMockD6331,ZymoMockD6331,ont,D6331_Zymo,545501,545501,                  Oceanobacillus oncorhynchi,Oceanobacillus oncorhynchi,species,3.356672275666039e-05,abund,0.0,1,1
Kraken2,default,Kraken2_default,ZymoMockD6331,ZymoMockD6331,ont,D6331_Zymo,2829187,2829187,                    Psychrobacillus sp. INOP01,Psychrobacillus sp. INOP01,species,0.00023496705929662275,abund,0.0,7,7
Kraken2,default,Kraken2_default,ZymoMockD6331,ZymoMockD6331,ont,D6331_Zymo,2921389,2921389,                    Psychrobacillus sp. FSL H8-0483,Psychrobacillus sp. FSL H8-0483,species,0.00010070016826998118,abund,0.0,3,3
Kraken2,default,Kraken2_default,ZymoMockD6331,ZymoMockD6331,ont,D6331_Zymo,2921550,2921550,                    Psychrobacillus sp. FSL K6-4046,Psychrobacillus sp. FSL K6-4046,species,6.713344551332078e-05,abund,0.0,2,2
Kraken2,default,Kraken2_default,ZymoMockD6331,ZymoMockD6331,ont,D6331_Zymo,2303505,2303505,                    Psychrobacillus sp. AK 1817,Psychrobacillus sp. AK 1817,species,3.356672275666039e-05,abund,0.0,1,1
Kraken2,default,Kraken2_default,ZymoMockD6331,ZymoMockD6331,ont,D6331_Zymo,3236892,3236892,                    Psychrobacillus sp. L4,Psychrobacillus sp. L4,species,3.356672275666039e-05,abund,0.0,1,1
Kraken2,default,Kraken2_default,ZymoMockD6331,ZymoMockD6331,ont,D6331_Zymo,126156,126156,                  Psychrobacillus psychrotolerans,Psychrobacillus psychrotolerans,species,0.00010070016826998118,abund,0.0,3,3
Kraken2,default,Kraken2_default,ZymoMockD6331,ZymoMockD6331,ont,D6331_Zymo,79883,79883,                  Sutcliffiella horikoshii,Sutcliffiella horikoshii,species,0.0005706342868632267,abund,0.0,17,17
Kraken2,default,Kraken2_default,ZymoMockD6331,ZymoMockD6331,ont,D6331_Zymo,1397,1397,                  Niallia circulans,Niallia circulans,species,0.00023496705929662275,abund,0.0,7,7
Kraken2,default,Kraken2_default,ZymoMockD6331,ZymoMockD6331,ont,D6331_Zymo,2962858,2962858,                    Niallia sp. RD1,Niallia sp. RD1,species,0.00010070016826998118,abund,0.0,3,3
Kraken2,default,Kraken2_default,ZymoMockD6331,ZymoMockD6331,ont,D6331_Zymo,2912824,2912824,                    Niallia sp. Man26,Niallia sp. Man26,species,6.713344551332078e-05,abund,0.0,2,2
Kraken2,default,Kraken2_default,ZymoMockD6331,ZymoMockD6331,ont,D6331_Zymo,2499688,2499688,                  Niallia taxi,Niallia taxi,species,3.356672275666039e-05,abund,0.0,1,1
Kraken2,default,Kraken2_default,ZymoMockD6331,ZymoMockD6331,ont,D6331_Zymo,3237105,3237105,                  Niallia tiangongensis,Niallia tiangongensis,species,3.356672275666039e-05,abund,0.0,1,1
Kraken2,default,Kraken2_default,ZymoMockD6331,ZymoMockD6331,ont,D6331_Zymo,3117746,3117746,                  Metabacillus sediminis,Metabacillus sediminis,species,6.713344551332078e-05,abund,0.0,2,2
Kraken2,default,Kraken2_default,ZymoMockD6331,ZymoMockD6331,ont,D6331_Zymo,246786,246786,                  Metabacillus indicus,Metabacillus indicus,species,3.356672275666039e-05,abund,0.0,1,1
Kraken2,default,Kraken2_default,ZymoMockD6331,ZymoMockD6331,ont,D6331_Zymo,1535204,1535204,                  Metabacillus endolithicus,Metabacillus endolithicus,species,3.356672275666039e-05,abund,0.0,1,1
Kraken2,default,Kraken2_default,ZymoMockD6331,ZymoMockD6331,ont,D6331_Zymo,2567941,2567941,                  Metabacillus sediminilitoris,Metabacillus sediminilitoris,species,3.356672275666039e-05,abund,0.0,1,1
Kraken2,default,Kraken2_default,ZymoMockD6331,ZymoMockD6331,ont,D6331_Zymo,2991053,2991053,                    Fictibacillus sp. KU28468,Fictibacillus sp. KU28468,species,0.00013426689102664157,abund,0.0,4,4
Kraken2,default,Kraken2_default,ZymoMockD6331,ZymoMockD6331,ont,D6331_Zymo,3399565,3399565,                    Fictibacillus sp. JL2B1089,Fictibacillus sp. JL2B1089,species,3.356672275666039e-05,abund,0.0,1,1
Kraken2,default,Kraken2_default,ZymoMockD6331,ZymoMockD6331,ont,D6331_Zymo,255247,255247,                  Fictibacillus arsenicus,Fictibacillus arsenicus,species,6.713344551332078e-05,abund,0.0,2,2
Kraken2,default,Kraken2_default,ZymoMockD6331,ZymoMockD6331,ont,D6331_Zymo,1221500,1221500,                  Fictibacillus phosphorivorans,Fictibacillus phosphorivorans,species,6.713344551332078e-05,abund,0.0,2,2
Kraken2,default,Kraken2_default,ZymoMockD6331,ZymoMockD6331,ont,D6331_Zymo,1398,1398,                  Heyndrickxia coagulans,Heyndrickxia coagulans,species,0.00010070016826998118,abund,0.0,3,3
Kraken2,default,Kraken2_default,ZymoMockD6331,ZymoMockD6331,ont,D6331_Zymo,38875,38875,                  Heyndrickxia oleronia,Heyndrickxia oleronia,species,3.356672275666039e-05,abund,0.0,1,1
Kraken2,default,Kraken2_default,ZymoMockD6331,ZymoMockD6331,ont,D6331_Zymo,46224,46224,                  Heyndrickxia sporothermodurans,Heyndrickxia sporothermodurans,species,3.356672275666039e-05,abund,0.0,1,1
Kraken2,default,Kraken2_default,ZymoMockD6331,ZymoMockD6331,ont,D6331_Zymo,1476025,1476025,                  Heyndrickxia vini,Heyndrickxia vini,species,3.356672275666039e-05,abund,0.0,1,1
Kraken2,default,Kraken2_default,ZymoMockD6331,ZymoMockD6331,ont,D6331_Zymo,129985,129985,                  Mesobacillus jeotgali,Mesobacillus jeotgali,species,0.00010070016826998118,abund,0.0,3,3
Kraken2,default,Kraken2_default,ZymoMockD6331,ZymoMockD6331,ont,D6331_Zymo,3043332,3043332,                    Mesobacillus sp. AQ2,Mesobacillus sp. AQ2,species,0.00010070016826998118,abund,0.0,3,3
Kraken2,default,Kraken2_default,ZymoMockD6331,ZymoMockD6331,ont,D6331_Zymo,279826,279826,                  Mesobacillus foraminis,Mesobacillus foraminis,species,3.356672275666039e-05,abund,0.0,1,1
Kraken2,default,Kraken2_default,ZymoMockD6331,ZymoMockD6331,ont,D6331_Zymo,1399,1399,                  Cytobacillus firmus,Cytobacillus firmus,species,6.713344551332078e-05,abund,0.0,2,2
Kraken2,default,Kraken2_default,ZymoMockD6331,ZymoMockD6331,ont,D6331_Zymo,859143,859143,                  Cytobacillus kochii,Cytobacillus kochii,species,3.356672275666039e-05,abund,0.0,1,1
Kraken2,default,Kraken2_default,ZymoMockD6331,ZymoMockD6331,ont,D6331_Zymo,1637975,1637975,                  Cytobacillus solani,Cytobacillus solani,species,3.356672275666039e-05,abund,0.0,1,1
Kraken2,default,Kraken2_default,ZymoMockD6331,ZymoMockD6331,ont,D6331_Zymo,2901381,2901381,                  Cytobacillus spongiae,Cytobacillus spongiae,species,3.356672275666039e-05,abund,0.0,1,1
Kraken2,default,Kraken2_default,ZymoMockD6331,ZymoMockD6331,ont,D6331_Zymo,2518176,2518176,                    Lentibacillus sp. CBA3610,Lentibacillus sp. CBA3610,species,0.00013426689102664157,abund,0.0,4,4
Kraken2,default,Kraken2_default,ZymoMockD6331,ZymoMockD6331,ont,D6331_Zymo,2911514,2911514,                  Lentibacillus daqui,Lentibacillus daqui,species,6.713344551332078e-05,abund,0.0,2,2
Kraken2,default,Kraken2_default,ZymoMockD6331,ZymoMockD6331,ont,D6331_Zymo,2932256,2932256,                  Gracilibacillus caseinilyticus,Gracilibacillus caseinilyticus,species,0.00010070016826998118,abund,0.0,3,3
Kraken2,default,Kraken2_default,ZymoMockD6331,ZymoMockD6331,ont,D6331_Zymo,2932255,2932255,                  Gracilibacillus salinarum,Gracilibacillus salinarum,species,6.713344551332078e-05,abund,0.0,2,2
Kraken2,default,Kraken2_default,ZymoMockD6331,ZymoMockD6331,ont,D6331_Zymo,2663022,2663022,                  Gracilibacillus salitolerans,Gracilibacillus salitolerans,species,3.356672275666039e-05,abund,0.0,1,1
Kraken2,default,Kraken2_default,ZymoMockD6331,ZymoMockD6331,ont,D6331_Zymo,1570,1570,                  Halobacillus halophilus,Halobacillus halophilus,species,6.713344551332078e-05,abund,0.0,2,2
Kraken2,default,Kraken2_default,ZymoMockD6331,ZymoMockD6331,ont,D6331_Zymo,45668,45668,                  Halobacillus litoralis,Halobacillus litoralis,species,6.713344551332078e-05,abund,0.0,2,2
Kraken2,default,Kraken2_default,ZymoMockD6331,ZymoMockD6331,ont,D6331_Zymo,554880,554880,                  Halobacillus naozhouensis,Halobacillus naozhouensis,species,6.713344551332078e-05,abund,0.0,2,2
Kraken2,default,Kraken2_default,ZymoMockD6331,ZymoMockD6331,ont,D6331_Zymo,3382641,3382641,                    Pseudalkalibacillus sp. A8,Pseudalkalibacillus sp. A8,species,0.00013426689102664157,abund,0.0,4,4
Kraken2,default,Kraken2_default,ZymoMockD6331,ZymoMockD6331,ont,D6331_Zymo,3115291,3115291,                    Pseudalkalibacillus sp. SCS-8,Pseudalkalibacillus sp. SCS-8,species,6.713344551332078e-05,abund,0.0,2,2
Kraken2,default,Kraken2_default,ZymoMockD6331,ZymoMockD6331,ont,D6331_Zymo,79880,79880,                  Shouchella clausii,Shouchella clausii,species,0.00013426689102664157,abund,0.0,4,4
Kraken2,default,Kraken2_default,ZymoMockD6331,ZymoMockD6331,ont,D6331_Zymo,3132300,3132300,                    Robertmurraya sp. 2P01SA,Robertmurraya sp. 2P01SA,species,6.713344551332078e-05,abund,0.0,2,2
Kraken2,default,Kraken2_default,ZymoMockD6331,ZymoMockD6331,ont,D6331_Zymo,3098077,3098077,                  Robertmurraya mangrovi,Robertmurraya mangrovi,species,6.713344551332078e-05,abund,0.0,2,2
Kraken2,default,Kraken2_default,ZymoMockD6331,ZymoMockD6331,ont,D6331_Zymo,3132260,3132260,                    Alkalihalobacillus sp. 1P02AB,Alkalihalobacillus sp. 1P02AB,species,0.00010070016826998118,abund,0.0,3,3
Kraken2,default,Kraken2_default,ZymoMockD6331,ZymoMockD6331,ont,D6331_Zymo,2924032,2924032,                    Alkalihalobacillus sp. LMS39,Alkalihalobacillus sp. LMS39,species,3.356672275666039e-05,abund,0.0,1,1
Kraken2,default,Kraken2_default,ZymoMockD6331,ZymoMockD6331,ont,D6331_Zymo,265426,265426,                  Pontibacillus chungwhensis,Pontibacillus chungwhensis,species,0.00010070016826998118,abund,0.0,3,3
Kraken2,default,Kraken2_default,ZymoMockD6331,ZymoMockD6331,ont,D6331_Zymo,2692425,2692425,                    Pontibacillus sp. HMF3514,Pontibacillus sp. HMF3514,species,3.356672275666039e-05,abund,0.0,1,1
Kraken2,default,Kraken2_default,ZymoMockD6331,ZymoMockD6331,ont,D6331_Zymo,2921432,2921432,                    Siminovitchia sp. FSL H7-0308,Siminovitchia sp. FSL H7-0308,species,3.356672275666039e-05,abund,0.0,1,1
Kraken2,default,Kraken2_default,ZymoMockD6331,ZymoMockD6331,ont,D6331_Zymo,254758,254758,                  Siminovitchia fortis,Siminovitchia fortis,species,3.356672275666039e-05,abund,0.0,1,1
Kraken2,default,Kraken2_default,ZymoMockD6331,ZymoMockD6331,ont,D6331_Zymo,2921447,2921447,                    Terribacillus sp. FSL K6-0262,Terribacillus sp. FSL K6-0262,species,6.713344551332078e-05,abund,0.0,2,2
Kraken2,default,Kraken2_default,ZymoMockD6331,ZymoMockD6331,ont,D6331_Zymo,2850441,2850441,                    Terribacillus sp. DMT04,Terribacillus sp. DMT04,species,3.356672275666039e-05,abund,0.0,1,1
Kraken2,default,Kraken2_default,ZymoMockD6331,ZymoMockD6331,ont,D6331_Zymo,2213194,2213194,                  Paraliobacillus zengyii,Paraliobacillus zengyii,species,0.00010070016826998118,abund,0.0,3,3
Kraken2,default,Kraken2_default,ZymoMockD6331,ZymoMockD6331,ont,D6331_Zymo,33936,33936,                  Aeribacillus pallidus,Aeribacillus pallidus,species,3.356672275666039e-05,abund,0.0,1,1
Kraken2,default,Kraken2_default,ZymoMockD6331,ZymoMockD6331,ont,D6331_Zymo,2921616,2921616,                    Ornithinibacillus sp. FSL M8-0202,Ornithinibacillus sp. FSL M8-0202,species,6.713344551332078e-05,abund,0.0,2,2
Kraken2,default,Kraken2_default,ZymoMockD6331,ZymoMockD6331,ont,D6331_Zymo,79885,79885,                  Alkalihalophilus pseudofirmus,Alkalihalophilus pseudofirmus,species,6.713344551332078e-05,abund,0.0,2,2
Kraken2,default,Kraken2_default,ZymoMockD6331,ZymoMockD6331,ont,D6331_Zymo,996558,996558,                  Caldifermentibacillus hisashii,Caldifermentibacillus hisashii,species,6.713344551332078e-05,abund,0.0,2,2
Kraken2,default,Kraken2_default,ZymoMockD6331,ZymoMockD6331,ont,D6331_Zymo,371036,371036,                  Gottfriedia acidiceleris,Gottfriedia acidiceleris,species,6.713344551332078e-05,abund,0.0,2,2
Kraken2,default,Kraken2_default,ZymoMockD6331,ZymoMockD6331,ont,D6331_Zymo,2933872,2933872,                    Ectobacillus sp. JY-23,Ectobacillus sp. JY-23,species,6.713344551332078e-05,abund,0.0,2,2
Kraken2,default,Kraken2_default,ZymoMockD6331,ZymoMockD6331,ont,D6331_Zymo,2594883,2594883,                  Radiobacillus deserti,Radiobacillus deserti,species,6.713344551332078e-05,abund,0.0,2,2
Kraken2,default,Kraken2_default,ZymoMockD6331,ZymoMockD6331,ont,D6331_Zymo,2743000,2743000,                  Salicibibacter cibarius,Salicibibacter cibarius,species,6.713344551332078e-05,abund,0.0,2,2
Kraken2,default,Kraken2_default,ZymoMockD6331,ZymoMockD6331,ont,D6331_Zymo,3118174,3118174,                    Rossellomorea sp. y25,Rossellomorea sp. y25,species,3.356672275666039e-05,abund,0.0,1,1
Kraken2,default,Kraken2_default,ZymoMockD6331,ZymoMockD6331,ont,D6331_Zymo,2924033,2924033,                    Evansella sp. LMS18,Evansella sp. LMS18,species,3.356672275666039e-05,abund,0.0,1,1
Kraken2,default,Kraken2_default,ZymoMockD6331,ZymoMockD6331,ont,D6331_Zymo,3386553,3386553,                    Alkalibacillus sp. S2W,Alkalibacillus sp. S2W,species,3.356672275666039e-05,abund,0.0,1,1
Kraken2,default,Kraken2_default,ZymoMockD6331,ZymoMockD6331,ont,D6331_Zymo,296745,296745,                  Caldalkalibacillus thermarum,Caldalkalibacillus thermarum,species,3.356672275666039e-05,abund,0.0,1,0
Kraken2,default,Kraken2_default,ZymoMockD6331,ZymoMockD6331,ont,D6331_Zymo,2924031,2924031,                    Salipaludibacillus sp. LMS25,Salipaludibacillus sp. LMS25,species,3.356672275666039e-05,abund,0.0,1,1
Kraken2,default,Kraken2_default,ZymoMockD6331,ZymoMockD6331,ont,D6331_Zymo,85683,85683,                  Salisediminibacterium selenitireducens,Salisediminibacterium selenitireducens,species,3.356672275666039e-05,abund,0.0,1,0
Kraken2,default,Kraken2_default,ZymoMockD6331,ZymoMockD6331,ont,D6331_Zymo,3077789,3077789,                    Domibacillus sp. DTU_2020_1001157_1_SI_ALB_TIR_016,Domibacillus sp. DTU_2020_1001157_1_SI ALB_TIR_016,species,3.356672275666039e-05,abund,0.0,1,1
Kraken2,default,Kraken2_default,ZymoMockD6331,ZymoMockD6331,ont,D6331_Zymo,1532552,1532552,                  Anaerobacillus isosaccharinicus,Anaerobacillus isosaccharinicus,species,3.356672275666039e-05,abund,0.0,1,1
Kraken2,default,Kraken2_default,ZymoMockD6331,ZymoMockD6331,ont,D6331_Zymo,1280,1280,                  Staphylococcus aureus,Staphylococcus aureus,species,0.000939868237186491,abund,0.0,28,28
Kraken2,default,Kraken2_default,ZymoMockD6331,ZymoMockD6331,ont,D6331_Zymo,1282,1282,                  Staphylococcus epidermidis,Staphylococcus epidermidis,species,0.0007049011778898683,abund,0.0,21,21
Kraken2,default,Kraken2_default,ZymoMockD6331,ZymoMockD6331,ont,D6331_Zymo,2025492,2025492,                    Staphylococcus sp. M0911,Staphylococcus sp. M0911,species,3.356672275666039e-05,abund,0.0,1,1
Kraken2,default,Kraken2_default,ZymoMockD6331,ZymoMockD6331,ont,D6331_Zymo,3020908,3020908,                    Staphylococcus sp. NRL 22/194,Staphylococcus sp. NRL 22/194,species,3.356672275666039e-05,abund,0.0,1,1
Kraken2,default,Kraken2_default,ZymoMockD6331,ZymoMockD6331,ont,D6331_Zymo,1283,1283,                  Staphylococcus haemolyticus,Staphylococcus haemolyticus,species,0.00026853378205328313,abund,0.0,8,7
Kraken2,default,Kraken2_default,ZymoMockD6331,ZymoMockD6331,ont,D6331_Zymo,2781774,2781774,                  Staphylococcus lloydii,Staphylococcus lloydii,species,0.00023496705929662275,abund,0.0,7,7
Kraken2,default,Kraken2_default,ZymoMockD6331,ZymoMockD6331,ont,D6331_Zymo,33028,33028,                  Staphylococcus saccharolyticus,Staphylococcus saccharolyticus,species,0.00023496705929662275,abund,0.0,7,7
Kraken2,default,Kraken2_default,ZymoMockD6331,ZymoMockD6331,ont,D6331_Zymo,53344,53344,                    Staphylococcus delphini,Staphylococcus delphini,species,0.00020140033653996236,abund,0.0,6,6
Kraken2,default,Kraken2_default,ZymoMockD6331,ZymoMockD6331,ont,D6331_Zymo,74706,74706,                  Staphylococcus coagulans,Staphylococcus coagulans,species,0.00010070016826998118,abund,0.0,3,3
Kraken2,default,Kraken2_default,ZymoMockD6331,ZymoMockD6331,ont,D6331_Zymo,29382,29382,                    Staphylococcus cohnii,Staphylococcus cohnii,species,6.713344551332078e-05,abund,0.0,2,2
Kraken2,default,Kraken2_default,ZymoMockD6331,ZymoMockD6331,ont,D6331_Zymo,94138,94138,                    Staphylococcus ureilyticus,Staphylococcus ureilyticus,species,3.356672275666039e-05,abund,0.0,1,1
Kraken2,default,Kraken2_default,ZymoMockD6331,ZymoMockD6331,ont,D6331_Zymo,2892440,2892440,                  Staphylococcus ratti,Staphylococcus ratti,species,0.00010070016826998118,abund,0.0,3,3
Kraken2,default,Kraken2_default,ZymoMockD6331,ZymoMockD6331,ont,D6331_Zymo,2044912,2044912,                  Staphylococcus debuckii,Staphylococcus debuckii,species,0.00010070016826998118,abund,0.0,3,3
Kraken2,default,Kraken2_default,ZymoMockD6331,ZymoMockD6331,ont,D6331_Zymo,246432,246432,                  Staphylococcus equorum,Staphylococcus equorum,species,0.00010070016826998118,abund,0.0,3,3
Kraken2,default,Kraken2_default,ZymoMockD6331,ZymoMockD6331,ont,D6331_Zymo,201828,201828,                  Staphylococcus casei,Staphylococcus casei,species,0.00010070016826998118,abund,0.0,3,3
Kraken2,default,Kraken2_default,ZymoMockD6331,ZymoMockD6331,ont,D6331_Zymo,46126,46126,                  Staphylococcus chromogenes,Staphylococcus chromogenes,species,0.00010070016826998118,abund,0.0,3,3
Kraken2,default,Kraken2_default,ZymoMockD6331,ZymoMockD6331,ont,D6331_Zymo,45972,45972,                  Staphylococcus pasteuri,Staphylococcus pasteuri,species,0.00010070016826998118,abund,0.0,3,3
Kraken2,default,Kraken2_default,ZymoMockD6331,ZymoMockD6331,ont,D6331_Zymo,1290,1290,                  Staphylococcus hominis,Staphylococcus hominis,species,0.00010070016826998118,abund,0.0,3,3
Kraken2,default,Kraken2_default,ZymoMockD6331,ZymoMockD6331,ont,D6331_Zymo,1281,1281,                  Staphylococcus carnosus,Staphylococcus carnosus,species,6.713344551332078e-05,abund,0.0,2,2
Kraken2,default,Kraken2_default,ZymoMockD6331,ZymoMockD6331,ont,D6331_Zymo,1286,1286,                  Staphylococcus simulans,Staphylococcus simulans,species,6.713344551332078e-05,abund,0.0,2,2
Kraken2,default,Kraken2_default,ZymoMockD6331,ZymoMockD6331,ont,D6331_Zymo,46127,46127,                  Staphylococcus felis,Staphylococcus felis,species,6.713344551332078e-05,abund,0.0,2,2
Kraken2,default,Kraken2_default,ZymoMockD6331,ZymoMockD6331,ont,D6331_Zymo,1292,1292,                  Staphylococcus warneri,Staphylococcus warneri,species,6.713344551332078e-05,abund,0.0,2,2
Kraken2,default,Kraken2_default,ZymoMockD6331,ZymoMockD6331,ont,D6331_Zymo,308354,308354,                  Staphylococcus simiae,Staphylococcus simiae,species,3.356672275666039e-05,abund,0.0,1,1
Kraken2,default,Kraken2_default,ZymoMockD6331,ZymoMockD6331,ont,D6331_Zymo,2912228,2912228,                  Staphylococcus shinii,Staphylococcus shinii,species,3.356672275666039e-05,abund,0.0,1,1
Kraken2,default,Kraken2_default,ZymoMockD6331,ZymoMockD6331,ont,D6331_Zymo,1284,1284,                  Staphylococcus hyicus,Staphylococcus hyicus,species,3.356672275666039e-05,abund,0.0,1,1
Kraken2,default,Kraken2_default,ZymoMockD6331,ZymoMockD6331,ont,D6331_Zymo,1288,1288,                  Staphylococcus xylosus,Staphylococcus xylosus,species,3.356672275666039e-05,abund,0.0,1,1
Kraken2,default,Kraken2_default,ZymoMockD6331,ZymoMockD6331,ont,D6331_Zymo,1955013,1955013,                  Staphylococcus edaphicus,Staphylococcus edaphicus,species,3.356672275666039e-05,abund,0.0,1,1
Kraken2,default,Kraken2_default,ZymoMockD6331,ZymoMockD6331,ont,D6331_Zymo,1654388,1654388,                  Staphylococcus schweitzeri,Staphylococcus schweitzeri,species,3.356672275666039e-05,abund,0.0,1,1
Kraken2,default,Kraken2_default,ZymoMockD6331,ZymoMockD6331,ont,D6331_Zymo,985762,985762,                  Staphylococcus agnetis,Staphylococcus agnetis,species,3.356672275666039e-05,abund,0.0,1,1
Kraken2,default,Kraken2_default,ZymoMockD6331,ZymoMockD6331,ont,D6331_Zymo,586733,586733,                  Staphylococcus devriesei,Staphylococcus devriesei,species,3.356672275666039e-05,abund,0.0,1,1
Kraken2,default,Kraken2_default,ZymoMockD6331,ZymoMockD6331,ont,D6331_Zymo,29384,29384,                  Staphylococcus kloosii,Staphylococcus kloosii,species,3.356672275666039e-05,abund,0.0,1,1
Kraken2,default,Kraken2_default,ZymoMockD6331,ZymoMockD6331,ont,D6331_Zymo,29378,29378,                  Staphylococcus arlettae,Staphylococcus arlettae,species,3.356672275666039e-05,abund,0.0,1,1
Kraken2,default,Kraken2_default,ZymoMockD6331,ZymoMockD6331,ont,D6331_Zymo,28035,28035,                  Staphylococcus lugdunensis,Staphylococcus lugdunensis,species,3.356672275666039e-05,abund,0.0,1,1
Kraken2,default,Kraken2_default,ZymoMockD6331,ZymoMockD6331,ont,D6331_Zymo,70255,70255,                  Staphylococcus condimenti,Staphylococcus condimenti,species,3.356672275666039e-05,abund,0.0,1,1
Kraken2,default,Kraken2_default,ZymoMockD6331,ZymoMockD6331,ont,D6331_Zymo,70258,70258,                  Staphylococcus piscifermentans,Staphylococcus piscifermentans,species,3.356672275666039e-05,abund,0.0,1,1
Kraken2,default,Kraken2_default,ZymoMockD6331,ZymoMockD6331,ont,D6331_Zymo,3395461,3395461,                    Macrococcus sp. 18KM583,Macrococcus sp. 18KM583,species,6.713344551332078e-05,abund,0.0,2,2
Kraken2,default,Kraken2_default,ZymoMockD6331,ZymoMockD6331,ont,D6331_Zymo,69968,69968,                  Macrococcus bovicus,Macrococcus bovicus,species,0.00010070016826998118,abund,0.0,3,3
Kraken2,default,Kraken2_default,ZymoMockD6331,ZymoMockD6331,ont,D6331_Zymo,2875764,2875764,                  Macrococcus armenti,Macrococcus armenti,species,0.00010070016826998118,abund,0.0,3,3
Kraken2,default,Kraken2_default,ZymoMockD6331,ZymoMockD6331,ont,D6331_Zymo,1296,1296,                  Mammaliicoccus sciuri,Mammaliicoccus sciuri,species,0.00026853378205328313,abund,0.0,8,8
Kraken2,default,Kraken2_default,ZymoMockD6331,ZymoMockD6331,ont,D6331_Zymo,42858,42858,                  Mammaliicoccus lentus,Mammaliicoccus lentus,species,0.00016783361378330195,abund,0.0,5,5
Kraken2,default,Kraken2_default,ZymoMockD6331,ZymoMockD6331,ont,D6331_Zymo,71237,71237,                  Mammaliicoccus vitulinus,Mammaliicoccus vitulinus,species,6.713344551332078e-05,abund,0.0,2,2
Kraken2,default,Kraken2_default,ZymoMockD6331,ZymoMockD6331,ont,D6331_Zymo,643214,643214,                  Mammaliicoccus stepanovicii,Mammaliicoccus stepanovicii,species,6.713344551332078e-05,abund,0.0,2,2
Kraken2,default,Kraken2_default,ZymoMockD6331,ZymoMockD6331,ont,D6331_Zymo,1903056,1903056,                  Macrococcoides bohemicum,Macrococcoides bohemicum,species,0.00020140033653996236,abund,0.0,6,6
Kraken2,default,Kraken2_default,ZymoMockD6331,ZymoMockD6331,ont,D6331_Zymo,1855823,1855823,                  Macrococcoides canis,Macrococcoides canis,species,6.713344551332078e-05,abund,0.0,2,2
Kraken2,default,Kraken2_default,ZymoMockD6331,ZymoMockD6331,ont,D6331_Zymo,69966,69966,                  Macrococcoides caseolyticum,Macrococcoides caseolyticum,species,3.356672275666039e-05,abund,0.0,1,1
Kraken2,default,Kraken2_default,ZymoMockD6331,ZymoMockD6331,ont,D6331_Zymo,489910,489910,                  Nosocomiicoccus ampullae,Nosocomiicoccus ampullae,species,0.00013426689102664157,abund,0.0,4,4
Kraken2,default,Kraken2_default,ZymoMockD6331,ZymoMockD6331,ont,D6331_Zymo,1232430,1232430,                  Nosocomiicoccus massiliensis,Nosocomiicoccus massiliensis,species,6.713344551332078e-05,abund,0.0,2,2
Kraken2,default,Kraken2_default,ZymoMockD6331,ZymoMockD6331,ont,D6331_Zymo,3385497,3385497,                    Salinicoccus sp. HZC-1,Salinicoccus sp. HZC-1,species,0.00010070016826998118,abund,0.0,3,3
Kraken2,default,Kraken2_default,ZymoMockD6331,ZymoMockD6331,ont,D6331_Zymo,3136731,3136731,                    Salinicoccus sp. Bachu38,Salinicoccus sp. Bachu38,species,3.356672275666039e-05,abund,0.0,1,1
Kraken2,default,Kraken2_default,ZymoMockD6331,ZymoMockD6331,ont,D6331_Zymo,407035,407035,                  Salinicoccus halodurans,Salinicoccus halodurans,species,3.356672275666039e-05,abund,0.0,1,1
Kraken2,default,Kraken2_default,ZymoMockD6331,ZymoMockD6331,ont,D6331_Zymo,946435,946435,                    Jeotgalicoccus sp. ATCC 8456,Jeotgalicoccus sp. ATCC 8456,species,3.356672275666039e-05,abund,0.0,1,1
Kraken2,default,Kraken2_default,ZymoMockD6331,ZymoMockD6331,ont,D6331_Zymo,2708346,2708346,                    Jeotgalicoccus sp. WY2,Jeotgalicoccus sp. WY2,species,3.356672275666039e-05,abund,0.0,1,1
Kraken2,default,Kraken2_default,ZymoMockD6331,ZymoMockD6331,ont,D6331_Zymo,2777983,2777983,                    Paenibacillus sp. JNUCC-31,Paenibacillus sp. JNUCC-31,species,0.00013426689102664157,abund,0.0,4,4
Kraken2,default,Kraken2_default,ZymoMockD6331,ZymoMockD6331,ont,D6331_Zymo,2921495,2921495,                    Paenibacillus sp. FSL K6-3182,Paenibacillus sp. FSL K6-3182,species,0.00013426689102664157,abund,0.0,4,4
Kraken2,default,Kraken2_default,ZymoMockD6331,ZymoMockD6331,ont,D6331_Zymo,2895946,2895946,                    Paenibacillus sp. MMS20-IR301,Paenibacillus sp. MMS20-IR301,species,0.00010070016826998118,abund,0.0,3,3
Kraken2,default,Kraken2_default,ZymoMockD6331,ZymoMockD6331,ont,D6331_Zymo,1306526,1306526,                    Paenibacillus sp. HWE-109,Paenibacillus sp. HWE-109,species,6.713344551332078e-05,abund,0.0,2,2
Kraken2,default,Kraken2_default,ZymoMockD6331,ZymoMockD6331,ont,D6331_Zymo,2921460,2921460,                    Paenibacillus sp. FSL K6-1096,Paenibacillus sp. FSL K6-1096,species,6.713344551332078e-05,abund,0.0,2,2
Kraken2,default,Kraken2_default,ZymoMockD6331,ZymoMockD6331,ont,D6331_Zymo,1566358,1566358,                    Paenibacillus sp. IHBB 10380,Paenibacillus sp. IHBB 10380,species,6.713344551332078e-05,abund,0.0,2,2
Kraken2,default,Kraken2_default,ZymoMockD6331,ZymoMockD6331,ont,D6331_Zymo,3049075,3049075,                    Paenibacillus sp. PK1-4R,Paenibacillus sp. PK1-4R,species,6.713344551332078e-05,abund,0.0,2,2
Kraken2,default,Kraken2_default,ZymoMockD6331,ZymoMockD6331,ont,D6331_Zymo,2921381,2921381,                    Paenibacillus sp. FSL H8-0261,Paenibacillus sp. FSL H8-0261,species,6.713344551332078e-05,abund,0.0,2,2
Kraken2,default,Kraken2_default,ZymoMockD6331,ZymoMockD6331,ont,D6331_Zymo,2921427,2921427,                    Paenibacillus sp. FSL H3-0286,Paenibacillus sp. FSL H3-0286,species,3.356672275666039e-05,abund,0.0,1,1
Kraken2,default,Kraken2_default,ZymoMockD6331,ZymoMockD6331,ont,D6331_Zymo,2954532,2954532,                    Paenibacillus sp. FSL R7-0313,Paenibacillus sp. FSL R7-0313,species,3.356672275666039e-05,abund,0.0,1,1
Kraken2,default,Kraken2_default,ZymoMockD6331,ZymoMockD6331,ont,D6331_Zymo,2996034,2996034,                    Paenibacillus sp. SYP-B4298,Paenibacillus sp. SYP-B4298,species,3.356672275666039e-05,abund,0.0,1,1
Kraken2,default,Kraken2_default,ZymoMockD6331,ZymoMockD6331,ont,D6331_Zymo,2282849,2282849,                    Paenibacillus sp. H1-7,Paenibacillus sp. H1-7,species,3.356672275666039e-05,abund,0.0,1,1
Kraken2,default,Kraken2_default,ZymoMockD6331,ZymoMockD6331,ont,D6331_Zymo,2921466,2921466,                    Paenibacillus sp. FSL K6-1217,Paenibacillus sp. FSL K6-1217,species,3.356672275666039e-05,abund,0.0,1,1
Kraken2,default,Kraken2_default,ZymoMockD6331,ZymoMockD6331,ont,D6331_Zymo,1920422,1920422,                    Paenibacillus sp. FSL H8-0548,Paenibacillus sp. FSL H8-0548,species,3.356672275666039e-05,abund,0.0,1,1
Kraken2,default,Kraken2_default,ZymoMockD6331,ZymoMockD6331,ont,D6331_Zymo,2878915,2878915,                    Paenibacillus sp. YPG26,Paenibacillus sp. YPG26,species,3.356672275666039e-05,abund,0.0,1,1
Kraken2,default,Kraken2_default,ZymoMockD6331,ZymoMockD6331,ont,D6331_Zymo,2023772,2023772,                    Paenibacillus sp. RUD330,Paenibacillus sp. RUD330,species,3.356672275666039e-05,abund,0.0,1,1
Kraken2,default,Kraken2_default,ZymoMockD6331,ZymoMockD6331,ont,D6331_Zymo,2921710,2921710,                    Paenibacillus sp. FSL W8-0187,Paenibacillus sp. FSL W8-0187,species,3.356672275666039e-05,abund,0.0,1,1
Kraken2,default,Kraken2_default,ZymoMockD6331,ZymoMockD6331,ont,D6331_Zymo,2918901,2918901,                    Paenibacillus sp. MBLB1832,Paenibacillus sp. MBLB1832,species,3.356672275666039e-05,abund,0.0,1,1
Kraken2,default,Kraken2_default,ZymoMockD6331,ZymoMockD6331,ont,D6331_Zymo,2921695,2921695,                    Paenibacillus sp. FSL W7-1088,Paenibacillus sp. FSL W7-1088,species,3.356672275666039e-05,abund,0.0,1,1
Kraken2,default,Kraken2_default,ZymoMockD6331,ZymoMockD6331,ont,D6331_Zymo,2921645,2921645,                    Paenibacillus sp. FSL R5-0486,Paenibacillus sp. FSL R5-0486,species,3.356672275666039e-05,abund,0.0,1,1
Kraken2,default,Kraken2_default,ZymoMockD6331,ZymoMockD6331,ont,D6331_Zymo,3384767,3384767,                    Paenibacillus sp. MBLB4367,Paenibacillus sp. MBLB4367,species,3.356672275666039e-05,abund,0.0,1,1
Kraken2,default,Kraken2_default,ZymoMockD6331,ZymoMockD6331,ont,D6331_Zymo,1536774,1536774,                    Paenibacillus sp. FSL H7-0357,Paenibacillus sp. FSL H7-0357,species,3.356672275666039e-05,abund,0.0,1,1
Kraken2,default,Kraken2_default,ZymoMockD6331,ZymoMockD6331,ont,D6331_Zymo,2921679,2921679,                    Paenibacillus sp. FSL R7-0272,Paenibacillus sp. FSL R7-0272,species,3.356672275666039e-05,abund,0.0,1,1
Kraken2,default,Kraken2_default,ZymoMockD6331,ZymoMockD6331,ont,D6331_Zymo,2921677,2921677,                    Paenibacillus sp. FSL R7-0216,Paenibacillus sp. FSL R7-0216,species,3.356672275666039e-05,abund,0.0,1,1
Kraken2,default,Kraken2_default,ZymoMockD6331,ZymoMockD6331,ont,D6331_Zymo,2921673,2921673,                    Paenibacillus sp. FSL R7-0189,Paenibacillus sp. FSL R7-0189,species,3.356672275666039e-05,abund,0.0,1,1
Kraken2,default,Kraken2_default,ZymoMockD6331,ZymoMockD6331,ont,D6331_Zymo,715179,715179,                    Paenibacillus sp. sptzw28,Paenibacillus sp. sptzw28,species,3.356672275666039e-05,abund,0.0,1,1
Kraken2,default,Kraken2_default,ZymoMockD6331,ZymoMockD6331,ont,D6331_Zymo,3342538,3342538,                    Paenibacillus sp. P36,Paenibacillus sp. P36,species,3.356672275666039e-05,abund,0.0,1,1
Kraken2,default,Kraken2_default,ZymoMockD6331,ZymoMockD6331,ont,D6331_Zymo,1532905,1532905,                    Paenibacillus sp. CAA11,Paenibacillus sp. CAA11,species,3.356672275666039e-05,abund,0.0,1,1
Kraken2,default,Kraken2_default,ZymoMockD6331,ZymoMockD6331,ont,D6331_Zymo,2954686,2954686,                    Paenibacillus sp. FSL L8-0436,Paenibacillus sp. FSL L8-0436,species,3.356672275666039e-05,abund,0.0,1,1
Kraken2,default,Kraken2_default,ZymoMockD6331,ZymoMockD6331,ont,D6331_Zymo,1778678,1778678,                  Paenibacillus psychroresistens,Paenibacillus psychroresistens,species,0.00026853378205328313,abund,0.0,8,8
Kraken2,default,Kraken2_default,ZymoMockD6331,ZymoMockD6331,ont,D6331_Zymo,1406,1406,                  Paenibacillus polymyxa,Paenibacillus polymyxa,species,0.00023496705929662275,abund,0.0,7,6
Kraken2,default,Kraken2_default,ZymoMockD6331,ZymoMockD6331,ont,D6331_Zymo,189426,189426,                  Paenibacillus odorifer,Paenibacillus odorifer,species,0.00010070016826998118,abund,0.0,3,3
Kraken2,default,Kraken2_default,ZymoMockD6331,ZymoMockD6331,ont,D6331_Zymo,130049,130049,                  Paenibacillus dendritiformis,Paenibacillus dendritiformis,species,6.713344551332078e-05,abund,0.0,2,2
Kraken2,default,Kraken2_default,ZymoMockD6331,ZymoMockD6331,ont,D6331_Zymo,61624,61624,                  Paenibacillus mucilaginosus,Paenibacillus mucilaginosus,species,6.713344551332078e-05,abund,0.0,2,2
Kraken2,default,Kraken2_default,ZymoMockD6331,ZymoMockD6331,ont,D6331_Zymo,1763538,1763538,                  Paenibacillus crassostreae,Paenibacillus crassostreae,species,3.356672275666039e-05,abund,0.0,1,1
Kraken2,default,Kraken2_default,ZymoMockD6331,ZymoMockD6331,ont,D6331_Zymo,414771,414771,                  Paenibacillus donghaensis,Paenibacillus donghaensis,species,3.356672275666039e-05,abund,0.0,1,1
Kraken2,default,Kraken2_default,ZymoMockD6331,ZymoMockD6331,ont,D6331_Zymo,1873425,1873425,                  Paenibacillus tritici,Paenibacillus tritici,species,3.356672275666039e-05,abund,0.0,1,1
Kraken2,default,Kraken2_default,ZymoMockD6331,ZymoMockD6331,ont,D6331_Zymo,1886670,1886670,                  Paenibacillus nuruki,Paenibacillus nuruki,species,3.356672275666039e-05,abund,0.0,1,1
Kraken2,default,Kraken2_default,ZymoMockD6331,ZymoMockD6331,ont,D6331_Zymo,189691,189691,                  Paenibacillus elgii,Paenibacillus elgii,species,3.356672275666039e-05,abund,0.0,1,1
Kraken2,default,Kraken2_default,ZymoMockD6331,ZymoMockD6331,ont,D6331_Zymo,484184,484184,                  Paenibacillus taichungensis,Paenibacillus taichungensis,species,3.356672275666039e-05,abund,0.0,1,1
Kraken2,default,Kraken2_default,ZymoMockD6331,ZymoMockD6331,ont,D6331_Zymo,1338368,1338368,                  Paenibacillus lentus,Paenibacillus lentus,species,3.356672275666039e-05,abund,0.0,1,1
Kraken2,default,Kraken2_default,ZymoMockD6331,ZymoMockD6331,ont,D6331_Zymo,683737,683737,                  Paenibacillus uliginis,Paenibacillus uliginis,species,3.356672275666039e-05,abund,0.0,1,0
Kraken2,default,Kraken2_default,ZymoMockD6331,ZymoMockD6331,ont,D6331_Zymo,171404,171404,                  Paenibacillus agaridevorans,Paenibacillus agaridevorans,species,3.356672275666039e-05,abund,0.0,1,1
Kraken2,default,Kraken2_default,ZymoMockD6331,ZymoMockD6331,ont,D6331_Zymo,2495582,2495582,                  Paenibacillus albus,Paenibacillus albus,species,3.356672275666039e-05,abund,0.0,1,1
Kraken2,default,Kraken2_default,ZymoMockD6331,ZymoMockD6331,ont,D6331_Zymo,2509456,2509456,                  Paenibacillus protaetiae,Paenibacillus protaetiae,species,3.356672275666039e-05,abund,0.0,1,1
Kraken2,default,Kraken2_default,ZymoMockD6331,ZymoMockD6331,ont,D6331_Zymo,1178515,1178515,                  Paenibacillus swuensis,Paenibacillus swuensis,species,3.356672275666039e-05,abund,0.0,1,1
Kraken2,default,Kraken2_default,ZymoMockD6331,ZymoMockD6331,ont,D6331_Zymo,1401,1401,                  Paenibacillus lautus,Paenibacillus lautus,species,3.356672275666039e-05,abund,0.0,1,1
Kraken2,default,Kraken2_default,ZymoMockD6331,ZymoMockD6331,ont,D6331_Zymo,2975482,2975482,                  Paenibacillus andongensis,Paenibacillus andongensis,species,3.356672275666039e-05,abund,0.0,1,1
Kraken2,default,Kraken2_default,ZymoMockD6331,ZymoMockD6331,ont,D6331_Zymo,44252,44252,                  Paenibacillus macerans,Paenibacillus macerans,species,3.356672275666039e-05,abund,0.0,1,1
Kraken2,default,Kraken2_default,ZymoMockD6331,ZymoMockD6331,ont,D6331_Zymo,44251,44251,                  Paenibacillus durus,Paenibacillus durus,species,3.356672275666039e-05,abund,0.0,1,1
Kraken2,default,Kraken2_default,ZymoMockD6331,ZymoMockD6331,ont,D6331_Zymo,1465,1465,                  Brevibacillus laterosporus,Brevibacillus laterosporus,species,0.00023496705929662275,abund,0.0,7,7
Kraken2,default,Kraken2_default,ZymoMockD6331,ZymoMockD6331,ont,D6331_Zymo,1393,1393,                  Brevibacillus brevis,Brevibacillus brevis,species,0.00020140033653996236,abund,0.0,6,6
Kraken2,default,Kraken2_default,ZymoMockD6331,ZymoMockD6331,ont,D6331_Zymo,54910,54910,                  Brevibacillus centrosporus,Brevibacillus centrosporus,species,0.00016783361378330195,abund,0.0,5,5
Kraken2,default,Kraken2_default,ZymoMockD6331,ZymoMockD6331,ont,D6331_Zymo,2738979,2738979,                    Brevibacillus sp. HD3.3A,Brevibacillus sp. HD3.3A,species,3.356672275666039e-05,abund,0.0,1,1
Kraken2,default,Kraken2_default,ZymoMockD6331,ZymoMockD6331,ont,D6331_Zymo,3366810,3366810,                    Cohnella sp. WGS1546,Cohnella sp. WGS1546,species,0.00010070016826998118,abund,0.0,3,3
Kraken2,default,Kraken2_default,ZymoMockD6331,ZymoMockD6331,ont,D6331_Zymo,1619153,1619153,                    Cohnella sp. LGH,Cohnella sp. LGH,species,3.356672275666039e-05,abund,0.0,1,1
Kraken2,default,Kraken2_default,ZymoMockD6331,ZymoMockD6331,ont,D6331_Zymo,2507935,2507935,                  Cohnella abietis,Cohnella abietis,species,3.356672275666039e-05,abund,0.0,1,1
Kraken2,default,Kraken2_default,ZymoMockD6331,ZymoMockD6331,ont,D6331_Zymo,2598458,2598458,                  Cohnella cholangitidis,Cohnella cholangitidis,species,3.356672275666039e-05,abund,0.0,1,1
Kraken2,default,Kraken2_default,ZymoMockD6331,ZymoMockD6331,ont,D6331_Zymo,2728023,2728023,                  Cohnella herbarum,Cohnella herbarum,species,3.356672275666039e-05,abund,0.0,1,1
Kraken2,default,Kraken2_default,ZymoMockD6331,ZymoMockD6331,ont,D6331_Zymo,3022697,3022697,                      Aneurinibacillus sp. Ricciae_BoGa-3,Aneurinibacillus sp. Ricciae_BoGa-3,species,0.00010070016826998118,abund,0.0,3,3
Kraken2,default,Kraken2_default,ZymoMockD6331,ZymoMockD6331,ont,D6331_Zymo,1500254,1500254,                    Aneurinibacillus soli,Aneurinibacillus soli,species,6.713344551332078e-05,abund,0.0,2,2
Kraken2,default,Kraken2_default,ZymoMockD6331,ZymoMockD6331,ont,D6331_Zymo,3400422,3400422,                    Candidatus Pristimantibacillus sp. PTI5,Candidatus Pristimantibacillus sp. PTI5,species,0.00016783361378330195,abund,0.0,5,5
Kraken2,default,Kraken2_default,ZymoMockD6331,ZymoMockD6331,ont,D6331_Zymo,2583377,2583377,                  Saccharibacillus brassicae,Saccharibacillus brassicae,species,3.356672275666039e-05,abund,0.0,1,1
Kraken2,default,Kraken2_default,ZymoMockD6331,ZymoMockD6331,ont,D6331_Zymo,1930764,1930764,                    Sporosarcina sp. P33,Sporosarcina sp. P33,species,0.00020140033653996236,abund,0.0,6,6
Kraken2,default,Kraken2_default,ZymoMockD6331,ZymoMockD6331,ont,D6331_Zymo,2810514,2810514,                    Sporosarcina sp. Marseille-Q4063,Sporosarcina sp. Marseille-Q4063,species,6.713344551332078e-05,abund,0.0,2,2
Kraken2,default,Kraken2_default,ZymoMockD6331,ZymoMockD6331,ont,D6331_Zymo,2818390,2818390,                    Sporosarcina sp. Te-1,Sporosarcina sp. Te-1,species,6.713344551332078e-05,abund,0.0,2,2
Kraken2,default,Kraken2_default,ZymoMockD6331,ZymoMockD6331,ont,D6331_Zymo,2597358,2597358,                    Sporosarcina sp. ANT_H38,Sporosarcina sp. ANT_H38,species,3.356672275666039e-05,abund,0.0,1,1
Kraken2,default,Kraken2_default,ZymoMockD6331,ZymoMockD6331,ont,D6331_Zymo,2921556,2921556,                    Sporosarcina sp. FSL K6-2383,Sporosarcina sp. FSL K6-2383,species,3.356672275666039e-05,abund,0.0,1,1
Kraken2,default,Kraken2_default,ZymoMockD6331,ZymoMockD6331,ont,D6331_Zymo,2921557,2921557,                    Sporosarcina sp. FSL K6-3508,Sporosarcina sp. FSL K6-3508,species,3.356672275666039e-05,abund,0.0,1,1
Kraken2,default,Kraken2_default,ZymoMockD6331,ZymoMockD6331,ont,D6331_Zymo,3056444,3056444,                  Sporosarcina oncorhynchi,Sporosarcina oncorhynchi,species,0.00016783361378330195,abund,0.0,5,5
Kraken2,default,Kraken2_default,ZymoMockD6331,ZymoMockD6331,ont,D6331_Zymo,1474,1474,                  Sporosarcina pasteurii,Sporosarcina pasteurii,species,6.713344551332078e-05,abund,0.0,2,2
Kraken2,default,Kraken2_default,ZymoMockD6331,ZymoMockD6331,ont,D6331_Zymo,298596,298596,                  Sporosarcina ureilytica,Sporosarcina ureilytica,species,6.713344551332078e-05,abund,0.0,2,2
Kraken2,default,Kraken2_default,ZymoMockD6331,ZymoMockD6331,ont,D6331_Zymo,3020056,3020056,                  Sporosarcina jeotgali,Sporosarcina jeotgali,species,6.713344551332078e-05,abund,0.0,2,2
Kraken2,default,Kraken2_default,ZymoMockD6331,ZymoMockD6331,ont,D6331_Zymo,1571,1571,                  Sporosarcina ureae,Sporosarcina ureae,species,3.356672275666039e-05,abund,0.0,1,1
Kraken2,default,Kraken2_default,ZymoMockD6331,ZymoMockD6331,ont,D6331_Zymo,633404,633404,                  Sporosarcina thermotolerans,Sporosarcina thermotolerans,species,3.356672275666039e-05,abund,0.0,1,1
Kraken2,default,Kraken2_default,ZymoMockD6331,ZymoMockD6331,ont,D6331_Zymo,3056445,3056445,                  Sporosarcina trichiuri,Sporosarcina trichiuri,species,3.356672275666039e-05,abund,0.0,1,1
Kraken2,default,Kraken2_default,ZymoMockD6331,ZymoMockD6331,ont,D6331_Zymo,1302659,1302659,                  Planococcus versutus,Planococcus versutus,species,0.00010070016826998118,abund,0.0,3,3
Kraken2,default,Kraken2_default,ZymoMockD6331,ZymoMockD6331,ont,D6331_Zymo,414778,414778,                  Planococcus donghaensis,Planococcus donghaensis,species,6.713344551332078e-05,abund,0.0,2,2
Kraken2,default,Kraken2_default,ZymoMockD6331,ZymoMockD6331,ont,D6331_Zymo,2233542,2233542,                  Planococcus halotolerans,Planococcus halotolerans,species,6.713344551332078e-05,abund,0.0,2,2
Kraken2,default,Kraken2_default,ZymoMockD6331,ZymoMockD6331,ont,D6331_Zymo,161360,161360,                  Planococcus antarcticus,Planococcus antarcticus,species,3.356672275666039e-05,abund,0.0,1,0
Kraken2,default,Kraken2_default,ZymoMockD6331,ZymoMockD6331,ont,D6331_Zymo,1526927,1526927,                    Planococcus sp. PAMC 21323,Planococcus sp. PAMC 21323,species,3.356672275666039e-05,abund,0.0,1,1
Kraken2,default,Kraken2_default,ZymoMockD6331,ZymoMockD6331,ont,D6331_Zymo,459472,459472,                  Planococcus glaciei,Planococcus glaciei,species,3.356672275666039e-05,abund,0.0,1,1
Kraken2,default,Kraken2_default,ZymoMockD6331,ZymoMockD6331,ont,D6331_Zymo,2954684,2954684,                    Ureibacillus sp. FSL K6-8385,Ureibacillus sp. FSL K6-8385,species,0.00016783361378330195,abund,0.0,5,5
Kraken2,default,Kraken2_default,ZymoMockD6331,ZymoMockD6331,ont,D6331_Zymo,1202712,1202712,                  Ureibacillus chungkukjangi,Ureibacillus chungkukjangi,species,6.713344551332078e-05,abund,0.0,2,2
Kraken2,default,Kraken2_default,ZymoMockD6331,ZymoMockD6331,ont,D6331_Zymo,367743,367743,                  Ureibacillus thermophilus,Ureibacillus thermophilus,species,3.356672275666039e-05,abund,0.0,1,1
Kraken2,default,Kraken2_default,ZymoMockD6331,ZymoMockD6331,ont,D6331_Zymo,2954511,2954511,                    Solibacillus sp. FSL H8-0523,Solibacillus sp. FSL H8-0523,species,6.713344551332078e-05,abund,0.0,2,2
Kraken2,default,Kraken2_default,ZymoMockD6331,ZymoMockD6331,ont,D6331_Zymo,2048654,2048654,                    Solibacillus sp. R5-41,Solibacillus sp. R5-41,species,3.356672275666039e-05,abund,0.0,1,1
Kraken2,default,Kraken2_default,ZymoMockD6331,ZymoMockD6331,ont,D6331_Zymo,2921653,2921653,                    Solibacillus sp. FSL R5-0691,Solibacillus sp. FSL R5-0691,species,3.356672275666039e-05,abund,0.0,1,1
Kraken2,default,Kraken2_default,ZymoMockD6331,ZymoMockD6331,ont,D6331_Zymo,2912187,2912187,                  Solibacillus daqui,Solibacillus daqui,species,0.00013426689102664157,abund,0.0,4,4
Kraken2,default,Kraken2_default,ZymoMockD6331,ZymoMockD6331,ont,D6331_Zymo,2921401,2921401,                    Paenisporosarcina sp. FSL H8-0542,Paenisporosarcina sp. FSL H8-0542,species,0.00020140033653996236,abund,0.0,6,6
Kraken2,default,Kraken2_default,ZymoMockD6331,ZymoMockD6331,ont,D6331_Zymo,417367,417367,                  Paenisporosarcina antarctica,Paenisporosarcina antarctica,species,3.356672275666039e-05,abund,0.0,1,1
Kraken2,default,Kraken2_default,ZymoMockD6331,ZymoMockD6331,ont,D6331_Zymo,2320858,2320858,                  Paenisporosarcina cavernae,Paenisporosarcina cavernae,species,3.356672275666039e-05,abund,0.0,1,1
Kraken2,default,Kraken2_default,ZymoMockD6331,ZymoMockD6331,ont,D6331_Zymo,2779527,2779527,                    Viridibacillus sp. JNUCC-6,Viridibacillus sp. JNUCC-6,species,0.00023496705929662275,abund,0.0,7,7
Kraken2,default,Kraken2_default,ZymoMockD6331,ZymoMockD6331,ont,D6331_Zymo,2921704,2921704,                    Chryseomicrobium sp. FSL W7-1435,Chryseomicrobium sp. FSL W7-1435,species,0.00013426689102664157,abund,0.0,4,4
Kraken2,default,Kraken2_default,ZymoMockD6331,ZymoMockD6331,ont,D6331_Zymo,1441723,1441723,                  Chryseomicrobium aureum,Chryseomicrobium aureum,species,6.713344551332078e-05,abund,0.0,2,2
Kraken2,default,Kraken2_default,ZymoMockD6331,ZymoMockD6331,ont,D6331_Zymo,1650,1650,                  Kurthia zopfii,Kurthia zopfii,species,3.356672275666039e-05,abund,0.0,1,1
Kraken2,default,Kraken2_default,ZymoMockD6331,ZymoMockD6331,ont,D6331_Zymo,241244,241244,                  Rummeliibacillus stabekisii,Rummeliibacillus stabekisii,species,3.356672275666039e-05,abund,0.0,1,1
Kraken2,default,Kraken2_default,ZymoMockD6331,ZymoMockD6331,ont,D6331_Zymo,1639,1639,                  Listeria monocytogenes,Listeria monocytogenes,species,0.00040280067307992473,abund,0.0,12,12
Kraken2,default,Kraken2_default,ZymoMockD6331,ZymoMockD6331,ont,D6331_Zymo,1642,1642,                  Listeria innocua,Listeria innocua,species,0.00010070016826998118,abund,0.0,3,3
Kraken2,default,Kraken2_default,ZymoMockD6331,ZymoMockD6331,ont,D6331_Zymo,1641,1641,                  Listeria grayi,Listeria grayi,species,6.713344551332078e-05,abund,0.0,2,2
Kraken2,default,Kraken2_default,ZymoMockD6331,ZymoMockD6331,ont,D6331_Zymo,1638,1638,                  Listeria ivanovii,Listeria ivanovii,species,3.356672275666039e-05,abund,0.0,1,0
Kraken2,default,Kraken2_default,ZymoMockD6331,ZymoMockD6331,ont,D6331_Zymo,1643,1643,                  Listeria welshimeri,Listeria welshimeri,species,3.356672275666039e-05,abund,0.0,1,1
Kraken2,default,Kraken2_default,ZymoMockD6331,ZymoMockD6331,ont,D6331_Zymo,2713501,2713501,                  Listeria swaminathanii,Listeria swaminathanii,species,3.356672275666039e-05,abund,0.0,1,1
Kraken2,default,Kraken2_default,ZymoMockD6331,ZymoMockD6331,ont,D6331_Zymo,2756,2756,                  Brochothrix thermosphacta,Brochothrix thermosphacta,species,0.00016783361378330195,abund,0.0,5,5
Kraken2,default,Kraken2_default,ZymoMockD6331,ZymoMockD6331,ont,D6331_Zymo,2757,2757,                  Brochothrix campestris,Brochothrix campestris,species,6.713344551332078e-05,abund,0.0,2,2
Kraken2,default,Kraken2_default,ZymoMockD6331,ZymoMockD6331,ont,D6331_Zymo,392011,392011,                  Alicyclobacillus fastidiosus,Alicyclobacillus fastidiosus,species,0.00013426689102664157,abund,0.0,4,4
Kraken2,default,Kraken2_default,ZymoMockD6331,ZymoMockD6331,ont,D6331_Zymo,2665646,2665646,                    Alicyclobacillus sp. SO9,Alicyclobacillus sp. SO9,species,0.00013426689102664157,abund,0.0,4,4
Kraken2,default,Kraken2_default,ZymoMockD6331,ZymoMockD6331,ont,D6331_Zymo,405212,405212,                  Alicyclobacillus acidocaldarius,Alicyclobacillus acidocaldarius,species,3.356672275666039e-05,abund,0.0,1,0
Kraken2,default,Kraken2_default,ZymoMockD6331,ZymoMockD6331,ont,D6331_Zymo,2901836,2901836,                  Fodinisporobacter ferrooxydans,Fodinisporobacter ferrooxydans,species,3.356672275666039e-05,abund,0.0,1,1
Kraken2,default,Kraken2_default,ZymoMockD6331,ZymoMockD6331,ont,D6331_Zymo,2954655,2954655,                    Anoxybacillus sp. FSL W8-1294,Anoxybacillus sp. FSL W8-1294,species,3.356672275666039e-05,abund,0.0,1,1
Kraken2,default,Kraken2_default,ZymoMockD6331,ZymoMockD6331,ont,D6331_Zymo,198467,198467,                  Anoxybacillus gonensis,Anoxybacillus gonensis,species,3.356672275666039e-05,abund,0.0,1,1
Kraken2,default,Kraken2_default,ZymoMockD6331,ZymoMockD6331,ont,D6331_Zymo,1426,1426,                  Parageobacillus thermoglucosidasius,Parageobacillus thermoglucosidasius,species,0.00010070016826998118,abund,0.0,3,1
Kraken2,default,Kraken2_default,ZymoMockD6331,ZymoMockD6331,ont,D6331_Zymo,129338,129338,                  Geobacillus subterraneus,Geobacillus subterraneus,species,3.356672275666039e-05,abund,0.0,1,1
Kraken2,default,Kraken2_default,ZymoMockD6331,ZymoMockD6331,ont,D6331_Zymo,247480,247480,                  Thermaerobacillus caldiproteolyticus,Thermaerobacillus caldiproteolyticus,species,6.713344551332078e-05,abund,0.0,2,2
Kraken2,default,Kraken2_default,ZymoMockD6331,ZymoMockD6331,ont,D6331_Zymo,81408,81408,                  Saccharococcus caldoxylosilyticus,Saccharococcus caldoxylosilyticus,species,3.356672275666039e-05,abund,0.0,1,1
Kraken2,default,Kraken2_default,ZymoMockD6331,ZymoMockD6331,ont,D6331_Zymo,294699,294699,                  Anoxybacteroides amylolyticum,Anoxybacteroides amylolyticum,species,3.356672275666039e-05,abund,0.0,1,1
Kraken2,default,Kraken2_default,ZymoMockD6331,ZymoMockD6331,ont,D6331_Zymo,1817405,1817405,                  Abyssicoccus albus,Abyssicoccus albus,species,0.00023496705929662275,abund,0.0,7,7
Kraken2,default,Kraken2_default,ZymoMockD6331,ZymoMockD6331,ont,D6331_Zymo,1125966,1125966,                  Polycladomyces abyssicola,Polycladomyces abyssicola,species,0.00016783361378330195,abund,0.0,5,5
Kraken2,default,Kraken2_default,ZymoMockD6331,ZymoMockD6331,ont,D6331_Zymo,37482,37482,                  Laceyella sacchari,Laceyella sacchari,species,3.356672275666039e-05,abund,0.0,1,1
Kraken2,default,Kraken2_default,ZymoMockD6331,ZymoMockD6331,ont,D6331_Zymo,3160863,3160863,                    Sporolactobacillus sp. Y61,Sporolactobacillus sp. Y61,species,0.00013426689102664157,abund,0.0,4,4
Kraken2,default,Kraken2_default,ZymoMockD6331,ZymoMockD6331,ont,D6331_Zymo,3028315,3028315,                    Pullulanibacillus sp. KACC 23026,Pullulanibacillus sp. KACC 23026,species,3.356672275666039e-05,abund,0.0,1,1
Kraken2,default,Kraken2_default,ZymoMockD6331,ZymoMockD6331,ont,D6331_Zymo,1785995,1785995,                    Gemella sp. oral taxon 928,Gemella sp. oral taxon 928,species,3.356672275666039e-05,abund,0.0,1,1
Kraken2,default,Kraken2_default,ZymoMockD6331,ZymoMockD6331,ont,D6331_Zymo,2735868,2735868,                      Exiguobacterium sp. Helios,Exiguobacterium sp. Helios,species,6.713344551332078e-05,abund,0.0,2,2
Kraken2,default,Kraken2_default,ZymoMockD6331,ZymoMockD6331,ont,D6331_Zymo,1399115,1399115,                      Exiguobacterium sp. MH3,Exiguobacterium sp. MH3,species,3.356672275666039e-05,abund,0.0,1,1
Kraken2,default,Kraken2_default,ZymoMockD6331,ZymoMockD6331,ont,D6331_Zymo,169177,169177,                    Exiguobacterium undae,Exiguobacterium undae,species,3.356672275666039e-05,abund,0.0,1,1
Kraken2,default,Kraken2_default,ZymoMockD6331,ZymoMockD6331,ont,D6331_Zymo,72026,72026,                  Helcococcus ovis,Helcococcus ovis,species,0.0004699341185932455,abund,0.0,14,14
Kraken2,default,Kraken2_default,ZymoMockD6331,ZymoMockD6331,ont,D6331_Zymo,54005,54005,                  Peptoniphilus harei,Peptoniphilus harei,species,0.00016783361378330195,abund,0.0,5,5
Kraken2,default,Kraken2_default,ZymoMockD6331,ZymoMockD6331,ont,D6331_Zymo,3036303,3036303,                  Peptoniphilus genitalis,Peptoniphilus genitalis,species,0.00016783361378330195,abund,0.0,5,5
Kraken2,default,Kraken2_default,ZymoMockD6331,ZymoMockD6331,ont,D6331_Zymo,33031,33031,                  Peptoniphilus lacrimalis,Peptoniphilus lacrimalis,species,6.713344551332078e-05,abund,0.0,2,2
Kraken2,default,Kraken2_default,ZymoMockD6331,ZymoMockD6331,ont,D6331_Zymo,3036300,3036300,                    Anaerococcus sp. Marseille-Q7828,Anaerococcus sp. Marseille-Q7828,species,6.713344551332078e-05,abund,0.0,2,2
Kraken2,default,Kraken2_default,ZymoMockD6331,ZymoMockD6331,ont,D6331_Zymo,3385202,3385202,                    Anaerococcus sp. AH8042_DFU013_CI05,Anaerococcus sp. AH8042_DFU013_CI05,species,3.356672275666039e-05,abund,0.0,1,1
Kraken2,default,Kraken2_default,ZymoMockD6331,ZymoMockD6331,ont,D6331_Zymo,33037,33037,                  Anaerococcus vaginalis,Anaerococcus vaginalis,species,3.356672275666039e-05,abund,0.0,1,1
Kraken2,default,Kraken2_default,ZymoMockD6331,ZymoMockD6331,ont,D6331_Zymo,1287640,1287640,                  Anaerococcus obesiensis,Anaerococcus obesiensis,species,3.356672275666039e-05,abund,0.0,1,1
Kraken2,default,Kraken2_default,ZymoMockD6331,ZymoMockD6331,ont,D6331_Zymo,1870984,1870984,                  Anaerococcus mediterraneensis,Anaerococcus mediterraneensis,species,3.356672275666039e-05,abund,0.0,1,1
Kraken2,default,Kraken2_default,ZymoMockD6331,ZymoMockD6331,ont,D6331_Zymo,1260,1260,                  Finegoldia magna,Finegoldia magna,species,0.00016783361378330195,abund,0.0,5,5
Kraken2,default,Kraken2_default,ZymoMockD6331,ZymoMockD6331,ont,D6331_Zymo,33033,33033,                  Parvimonas micra,Parvimonas micra,species,0.00013426689102664157,abund,0.0,4,4
Kraken2,default,Kraken2_default,ZymoMockD6331,ZymoMockD6331,ont,D6331_Zymo,1852373,1852373,                  Murdochiella vaginalis,Murdochiella vaginalis,species,3.356672275666039e-05,abund,0.0,1,1
Kraken2,default,Kraken2_default,ZymoMockD6331,ZymoMockD6331,ont,D6331_Zymo,3035694,3035694,                    Tissierella sp. Yu-01,Tissierella sp. Yu-01,species,6.713344551332078e-05,abund,0.0,2,2
Kraken2,default,Kraken2_default,ZymoMockD6331,ZymoMockD6331,ont,D6331_Zymo,3070999,3070999,                    Tissierella sp. MB52-C2,Tissierella sp. MB52-C2,species,6.713344551332078e-05,abund,0.0,2,2
Kraken2,default,Kraken2_default,ZymoMockD6331,ZymoMockD6331,ont,D6331_Zymo,689904,689904,                  Tissierella carlieri,Tissierella carlieri,species,3.356672275666039e-05,abund,0.0,1,1
Kraken2,default,Kraken2_default,ZymoMockD6331,ZymoMockD6331,ont,D6331_Zymo,1582259,1582259,                  Gudongella oleilytica,Gudongella oleilytica,species,0.00010070016826998118,abund,0.0,3,3
Kraken2,default,Kraken2_default,ZymoMockD6331,ZymoMockD6331,ont,D6331_Zymo,1556,1556,                  Gottschalkia acidurici,Gottschalkia acidurici,species,0.00016783361378330195,abund,0.0,5,0
Kraken2,default,Kraken2_default,ZymoMockD6331,ZymoMockD6331,ont,D6331_Zymo,116090,116090,                  Caloranaerobacter azorensis,Caloranaerobacter azorensis,species,0.00013426689102664157,abund,0.0,4,4
Kraken2,default,Kraken2_default,ZymoMockD6331,ZymoMockD6331,ont,D6331_Zymo,2010183,2010183,                    Sporanaerobacter sp.,Sporanaerobacter sp.,species,6.713344551332078e-05,abund,0.0,2,2
Kraken2,default,Kraken2_default,ZymoMockD6331,ZymoMockD6331,ont,D6331_Zymo,2507161,2507161,                  Acidilutibacter cellobiosedens,Acidilutibacter cellobiosedens,species,3.356672275666039e-05,abund,0.0,1,1
Kraken2,default,Kraken2_default,ZymoMockD6331,ZymoMockD6331,ont,D6331_Zymo,1278232,1278232,                  Keratinibaculum paraultunense,Keratinibaculum paraultunense,species,3.356672275666039e-05,abund,0.0,1,1
Kraken2,default,Kraken2_default,ZymoMockD6331,ZymoMockD6331,ont,D6331_Zymo,3109366,3109366,                  Sedimentibacter sp. MB31-C6,Sedimentibacter sp. MB31-C6,species,0.00013426689102664157,abund,0.0,4,4
Kraken2,default,Kraken2_default,ZymoMockD6331,ZymoMockD6331,ont,D6331_Zymo,3070995,3070995,                  Sedimentibacter sp. MB35-C1,Sedimentibacter sp. MB35-C1,species,3.356672275666039e-05,abund,0.0,1,1
Kraken2,default,Kraken2_default,ZymoMockD6331,ZymoMockD6331,ont,D6331_Zymo,1852374,1852374,                Ezakiella massiliensis,Ezakiella massiliensis,species,6.713344551332078e-05,abund,0.0,2,2
Kraken2,default,Kraken2_default,ZymoMockD6331,ZymoMockD6331,ont,D6331_Zymo,1796635,1796635,                  Longicatena caecimuris,Longicatena caecimuris,species,0.00023496705929662275,abund,0.0,7,7
Kraken2,default,Kraken2_default,ZymoMockD6331,ZymoMockD6331,ont,D6331_Zymo,102148,102148,                  Solobacterium moorei,Solobacterium moorei,species,0.00016783361378330195,abund,0.0,5,5
Kraken2,default,Kraken2_default,ZymoMockD6331,ZymoMockD6331,ont,D6331_Zymo,2583452,2583452,                  Amedibacterium intestinale,Amedibacterium intestinale,species,0.00016783361378330195,abund,0.0,5,5
Kraken2,default,Kraken2_default,ZymoMockD6331,ZymoMockD6331,ont,D6331_Zymo,2944914,2944914,                  Allocoprobacillus halotolerans,Allocoprobacillus halotolerans,species,0.00013426689102664157,abund,0.0,4,4
Kraken2,default,Kraken2_default,ZymoMockD6331,ZymoMockD6331,ont,D6331_Zymo,1468449,1468449,                  Holdemania massiliensis,Holdemania massiliensis,species,0.00010070016826998118,abund,0.0,3,3
Kraken2,default,Kraken2_default,ZymoMockD6331,ZymoMockD6331,ont,D6331_Zymo,1648,1648,                  Erysipelothrix rhusiopathiae,Erysipelothrix rhusiopathiae,species,3.356672275666039e-05,abund,0.0,1,1
Kraken2,default,Kraken2_default,ZymoMockD6331,ZymoMockD6331,ont,D6331_Zymo,1514105,1514105,                  Erysipelothrix larvae,Erysipelothrix larvae,species,3.356672275666039e-05,abund,0.0,1,1
Kraken2,default,Kraken2_default,ZymoMockD6331,ZymoMockD6331,ont,D6331_Zymo,2806552,2806552,                    Bulleidia sp. zg-1006,Bulleidia sp. zg-1006,species,3.356672275666039e-05,abund,0.0,1,1
Kraken2,default,Kraken2_default,ZymoMockD6331,ZymoMockD6331,ont,D6331_Zymo,2834459,2834459,                  Allobaculum mucilyticum,Allobaculum mucilyticum,species,3.356672275666039e-05,abund,0.0,1,1
Kraken2,default,Kraken2_default,ZymoMockD6331,ZymoMockD6331,ont,D6331_Zymo,2764325,2764325,                  [Eubacterium] hominis,[Eubacterium] hominis,species,3.356672275666039e-05,abund,0.0,1,1
Kraken2,default,Kraken2_default,ZymoMockD6331,ZymoMockD6331,ont,D6331_Zymo,1547,1547,                  Thomasclavelia ramosa,Thomasclavelia ramosa,species,0.0003356672275666039,abund,0.0,10,10
Kraken2,default,Kraken2_default,ZymoMockD6331,ZymoMockD6331,ont,D6331_Zymo,29348,29348,                  Thomasclavelia spiroformis,Thomasclavelia spiroformis,species,0.00026853378205328313,abund,0.0,8,0
Kraken2,default,Kraken2_default,ZymoMockD6331,ZymoMockD6331,ont,D6331_Zymo,1982626,1982626,                  Faecalibacillus intestinalis,Faecalibacillus intestinalis,species,0.00020140033653996236,abund,0.0,6,6
Kraken2,default,Kraken2_default,ZymoMockD6331,ZymoMockD6331,ont,D6331_Zymo,2899121,2899121,                  Tannockella kyphosi,Tannockella kyphosi,species,6.713344551332078e-05,abund,0.0,2,2
Kraken2,default,Kraken2_default,ZymoMockD6331,ZymoMockD6331,ont,D6331_Zymo,2478954,2478954,                    Catenibacterium sp. co_0103,Catenibacterium sp. co_0103,species,3.356672275666039e-05,abund,0.0,1,1
Kraken2,default,Kraken2_default,ZymoMockD6331,ZymoMockD6331,ont,D6331_Zymo,2806443,2806443,                    Turicibacter sp. TJ11,Turicibacter sp. TJ11,species,0.00013426689102664157,abund,0.0,4,4
Kraken2,default,Kraken2_default,ZymoMockD6331,ZymoMockD6331,ont,D6331_Zymo,154288,154288,                  Turicibacter sanguinis,Turicibacter sanguinis,species,0.00010070016826998118,abund,0.0,3,3
Kraken2,default,Kraken2_default,ZymoMockD6331,ZymoMockD6331,ont,D6331_Zymo,2735723,2735723,                  Turicibacter bilis,Turicibacter bilis,species,3.356672275666039e-05,abund,0.0,1,1
Kraken2,default,Kraken2_default,ZymoMockD6331,ZymoMockD6331,ont,D6331_Zymo,55205,55205,                  Caldicellulosiruptor owensensis,Caldicellulosiruptor owensensis,species,0.00023496705929662275,abund,0.0,7,0
Kraken2,default,Kraken2_default,ZymoMockD6331,ZymoMockD6331,ont,D6331_Zymo,1387555,1387555,                  Caldicellulosiruptor morganii,Caldicellulosiruptor morganii,species,0.00013426689102664157,abund,0.0,4,4
Kraken2,default,Kraken2_default,ZymoMockD6331,ZymoMockD6331,ont,D6331_Zymo,29324,29324,                  Caldicellulosiruptor naganoensis,Caldicellulosiruptor naganoensis,species,6.713344551332078e-05,abund,0.0,2,2
Kraken2,default,Kraken2_default,ZymoMockD6331,ZymoMockD6331,ont,D6331_Zymo,413889,413889,                  Caldicellulosiruptor kronotskyensis,Caldicellulosiruptor kronotskyensis,species,6.713344551332078e-05,abund,0.0,2,0
Kraken2,default,Kraken2_default,ZymoMockD6331,ZymoMockD6331,ont,D6331_Zymo,2806205,2806205,                  Caldicellulosiruptor diazotrophicus,Caldicellulosiruptor diazotrophicus,species,6.713344551332078e-05,abund,0.0,2,2
Kraken2,default,Kraken2_default,ZymoMockD6331,ZymoMockD6331,ont,D6331_Zymo,44001,44001,                  Caldicellulosiruptor saccharolyticus,Caldicellulosiruptor saccharolyticus,species,3.356672275666039e-05,abund,0.0,1,0
Kraken2,default,Kraken2_default,ZymoMockD6331,ZymoMockD6331,ont,D6331_Zymo,717609,717609,                  Caldicellulosiruptor obsidiansis,Caldicellulosiruptor obsidiansis,species,3.356672275666039e-05,abund,0.0,1,0
Kraken2,default,Kraken2_default,ZymoMockD6331,ZymoMockD6331,ont,D6331_Zymo,1387557,1387557,                  Caldicellulosiruptor danielii,Caldicellulosiruptor danielii,species,3.356672275666039e-05,abund,0.0,1,1
Kraken2,default,Kraken2_default,ZymoMockD6331,ZymoMockD6331,ont,D6331_Zymo,1680,1680,                  Bifidobacterium adolescentis,Bifidobacterium adolescentis,species,1.945560817698793,abund,1.95,57961,57961
Kraken2,default,Kraken2_default,ZymoMockD6331,ZymoMockD6331,ont,D6331_Zymo,2985571,2985571,                    Bifidobacterium sp. KRGSERBCFTRI,Bifidobacterium sp. KRGSERBCFTRI,species,0.025175042067495296,abund,0.03,750,750
Kraken2,default,Kraken2_default,ZymoMockD6331,ZymoMockD6331,ont,D6331_Zymo,2983233,2983233,                    Bifidobacterium sp. ESL0790,Bifidobacterium sp. ESL0790,species,0.006142710264468852,abund,0.01,183,183
Kraken2,default,Kraken2_default,ZymoMockD6331,ZymoMockD6331,ont,D6331_Zymo,2983230,2983230,                    Bifidobacterium sp. ESL0775,Bifidobacterium sp. ESL0775,species,0.0042629737900958704,abund,0.0,127,127
Kraken2,default,Kraken2_default,ZymoMockD6331,ZymoMockD6331,ont,D6331_Zymo,2983214,2983214,                    Bifidobacterium sp. ESL0690,Bifidobacterium sp. ESL0690,species,0.003725906225989304,abund,0.0,111,111
Kraken2,default,Kraken2_default,ZymoMockD6331,ZymoMockD6331,ont,D6331_Zymo,2983222,2983222,                    Bifidobacterium sp. ESL0732,Bifidobacterium sp. ESL0732,species,0.003222405384639398,abund,0.0,96,96
Kraken2,default,Kraken2_default,ZymoMockD6331,ZymoMockD6331,ont,D6331_Zymo,2983212,2983212,                    Bifidobacterium sp. ESL0682,Bifidobacterium sp. ESL0682,species,0.0031552719391260767,abund,0.0,94,94
Kraken2,default,Kraken2_default,ZymoMockD6331,ZymoMockD6331,ont,D6331_Zymo,2983229,2983229,                    Bifidobacterium sp. ESL0769,Bifidobacterium sp. ESL0769,species,0.003054571770856096,abund,0.0,91,91
Kraken2,default,Kraken2_default,ZymoMockD6331,ZymoMockD6331,ont,D6331_Zymo,2983220,2983220,                    Bifidobacterium sp. ESL0728,Bifidobacterium sp. ESL0728,species,0.002819604711559473,abund,0.0,84,84
Kraken2,default,Kraken2_default,ZymoMockD6331,ZymoMockD6331,ont,D6331_Zymo,2983236,2983236,                    Bifidobacterium sp. ESL0800,Bifidobacterium sp. ESL0800,species,0.001879736474372982,abund,0.0,56,56
Kraken2,default,Kraken2_default,ZymoMockD6331,ZymoMockD6331,ont,D6331_Zymo,2983228,2983228,                    Bifidobacterium sp. ESL0764,Bifidobacterium sp. ESL0764,species,0.001544069246806378,abund,0.0,46,46
Kraken2,default,Kraken2_default,ZymoMockD6331,ZymoMockD6331,ont,D6331_Zymo,2983235,2983235,                    Bifidobacterium sp. ESL0798,Bifidobacterium sp. ESL0798,species,0.001107701850969793,abund,0.0,33,33
Kraken2,default,Kraken2_default,ZymoMockD6331,ZymoMockD6331,ont,D6331_Zymo,2983219,2983219,                    Bifidobacterium sp. ESL0704,Bifidobacterium sp. ESL0704,species,0.000939868237186491,abund,0.0,28,28
Kraken2,default,Kraken2_default,ZymoMockD6331,ZymoMockD6331,ont,D6331_Zymo,2922859,2922859,                    Bifidobacterium sp. SKU,Bifidobacterium sp. SKU,species,3.356672275666039e-05,abund,0.0,1,1
Kraken2,default,Kraken2_default,ZymoMockD6331,ZymoMockD6331,ont,D6331_Zymo,1686,1686,                  Bifidobacterium catenulatum,Bifidobacterium catenulatum,species,0.0684761144235872,abund,0.07,2040,941
Kraken2,default,Kraken2_default,ZymoMockD6331,ZymoMockD6331,ont,D6331_Zymo,28026,28026,                  Bifidobacterium pseudocatenulatum,Bifidobacterium pseudocatenulatum,species,0.06454880786105793,abund,0.06,1923,1879
Kraken2,default,Kraken2_default,ZymoMockD6331,ZymoMockD6331,ont,D6331_Zymo,1689,1689,                  Bifidobacterium dentium,Bifidobacterium dentium,species,0.05840609759658909,abund,0.06,1740,1736
Kraken2,default,Kraken2_default,ZymoMockD6331,ZymoMockD6331,ont,D6331_Zymo,216816,216816,                  Bifidobacterium longum,Bifidobacterium longum,species,0.05706342868632267,abund,0.06,1700,1203
Kraken2,default,Kraken2_default,ZymoMockD6331,ZymoMockD6331,ont,D6331_Zymo,1683,1683,                  Bifidobacterium angulatum,Bifidobacterium angulatum,species,0.03571499301308666,abund,0.04,1064,809
Kraken2,default,Kraken2_default,ZymoMockD6331,ZymoMockD6331,ont,D6331_Zymo,158787,158787,                  Bifidobacterium scardovii,Bifidobacterium scardovii,species,0.020844934831886104,abund,0.02,621,0
Kraken2,default,Kraken2_default,ZymoMockD6331,ZymoMockD6331,ont,D6331_Zymo,1685,1685,                  Bifidobacterium breve,Bifidobacterium breve,species,0.02064353449534614,abund,0.02,615,594
Kraken2,default,Kraken2_default,ZymoMockD6331,ZymoMockD6331,ont,D6331_Zymo,1694,1694,                  Bifidobacterium pseudolongum,Bifidobacterium pseudolongum,species,0.018461697516163215,abund,0.02,550,471
Kraken2,default,Kraken2_default,ZymoMockD6331,ZymoMockD6331,ont,D6331_Zymo,78448,78448,                  Bifidobacterium pullorum,Bifidobacterium pullorum,species,0.01782392978378667,abund,0.02,531,0
Kraken2,default,Kraken2_default,ZymoMockD6331,ZymoMockD6331,ont,D6331_Zymo,33905,33905,                  Bifidobacterium thermophilum,Bifidobacterium thermophilum,species,0.0137287896074741,abund,0.01,409,409
Kraken2,default,Kraken2_default,ZymoMockD6331,ZymoMockD6331,ont,D6331_Zymo,35760,35760,                  Bifidobacterium choerinum,Bifidobacterium choerinum,species,0.010472817500078044,abund,0.01,312,312
Kraken2,default,Kraken2_default,ZymoMockD6331,ZymoMockD6331,ont,D6331_Zymo,77635,77635,                  Bifidobacterium subtile,Bifidobacterium subtile,species,0.008861614807758343,abund,0.01,264,264
Kraken2,default,Kraken2_default,ZymoMockD6331,ZymoMockD6331,ont,D6331_Zymo,1603886,1603886,                  Bifidobacterium lemurum,Bifidobacterium lemurum,species,0.008693781193975042,abund,0.01,259,259
Kraken2,default,Kraken2_default,ZymoMockD6331,ZymoMockD6331,ont,D6331_Zymo,1765219,1765219,                  Bifidobacterium eulemuris,Bifidobacterium eulemuris,species,0.008056013461598495,abund,0.01,240,240
Kraken2,default,Kraken2_default,ZymoMockD6331,ZymoMockD6331,ont,D6331_Zymo,1684,1684,                  Bifidobacterium asteroides,Bifidobacterium asteroides,species,0.00782104640230187,abund,0.01,233,233
Kraken2,default,Kraken2_default,ZymoMockD6331,ZymoMockD6331,ont,D6331_Zymo,1681,1681,                  Bifidobacterium bifidum,Bifidobacterium bifidum,species,0.005739909591388928,abund,0.01,171,162
Kraken2,default,Kraken2_default,ZymoMockD6331,ZymoMockD6331,ont,D6331_Zymo,762210,762210,                  Bifidobacterium saguini,Bifidobacterium saguini,species,0.00510214185901238,abund,0.01,152,152
Kraken2,default,Kraken2_default,ZymoMockD6331,ZymoMockD6331,ont,D6331_Zymo,28025,28025,                  Bifidobacterium animalis,Bifidobacterium animalis,species,0.004967874967985738,abund,0.0,148,121
Kraken2,default,Kraken2_default,ZymoMockD6331,ZymoMockD6331,ont,D6331_Zymo,2020965,2020965,                  Bifidobacterium imperatoris,Bifidobacterium imperatoris,species,0.0046993411859324544,abund,0.0,140,140
Kraken2,default,Kraken2_default,ZymoMockD6331,ZymoMockD6331,ont,D6331_Zymo,327277,327277,                  Bifidobacterium crudilactis,Bifidobacterium crudilactis,species,0.003591639334962662,abund,0.0,107,107
Kraken2,default,Kraken2_default,ZymoMockD6331,ZymoMockD6331,ont,D6331_Zymo,638619,638619,                  Bifidobacterium actinocoloniiforme,Bifidobacterium actinocoloniiforme,species,0.0027524712660461524,abund,0.0,82,0
Kraken2,default,Kraken2_default,ZymoMockD6331,ZymoMockD6331,ont,D6331_Zymo,3059035,3059035,                  Bifidobacterium fermentum,Bifidobacterium fermentum,species,0.0023496705929662272,abund,0.0,70,70
Kraken2,default,Kraken2_default,ZymoMockD6331,ZymoMockD6331,ont,D6331_Zymo,1687,1687,                  Bifidobacterium coryneforme,Bifidobacterium coryneforme,species,0.002148270256426265,abund,0.0,64,61
Kraken2,default,Kraken2_default,ZymoMockD6331,ZymoMockD6331,ont,D6331_Zymo,3059038,3059038,                  Bifidobacterium aquikefiricola,Bifidobacterium aquikefiricola,species,0.0014098023557797365,abund,0.0,42,42
Kraken2,default,Kraken2_default,ZymoMockD6331,ZymoMockD6331,ont,D6331_Zymo,419015,419015,                  Alloscardovia omnicolens,Alloscardovia omnicolens,species,6.713344551332078e-05,abund,0.0,2,2
Kraken2,default,Kraken2_default,ZymoMockD6331,ZymoMockD6331,ont,D6331_Zymo,2702,2702,                  Gardnerella vaginalis,Gardnerella vaginalis,species,3.356672275666039e-05,abund,0.0,1,1
Kraken2,default,Kraken2_default,ZymoMockD6331,ZymoMockD6331,ont,D6331_Zymo,544580,544580,                  Actinomyces oris,Actinomyces oris,species,0.024134473662038823,abund,0.02,719,719
Kraken2,default,Kraken2_default,ZymoMockD6331,ZymoMockD6331,ont,D6331_Zymo,712116,712116,                    Actinomyces sp. oral taxon 169,Actinomyces sp. oral taxon 169,species,3.356672275666039e-05,abund,0.0,1,1
Kraken2,default,Kraken2_default,ZymoMockD6331,ZymoMockD6331,ont,D6331_Zymo,2789425,2789425,                    Actinomyces sp. HMT 175,Actinomyces sp. HMT 175,species,3.356672275666039e-05,abund,0.0,1,1
Kraken2,default,Kraken2_default,ZymoMockD6331,ZymoMockD6331,ont,D6331_Zymo,1655,1655,                  Actinomyces naeslundii,Actinomyces naeslundii,species,3.356672275666039e-05,abund,0.0,1,1
Kraken2,default,Kraken2_default,ZymoMockD6331,ZymoMockD6331,ont,D6331_Zymo,131110,131110,                  Schaalia radingae,Schaalia radingae,species,0.00023496705929662275,abund,0.0,7,7
Kraken2,default,Kraken2_default,ZymoMockD6331,ZymoMockD6331,ont,D6331_Zymo,131111,131111,                  Schaalia turicensis,Schaalia turicensis,species,6.713344551332078e-05,abund,0.0,2,2
Kraken2,default,Kraken2_default,ZymoMockD6331,ZymoMockD6331,ont,D6331_Zymo,1660,1660,                  Schaalia odontolytica,Schaalia odontolytica,species,3.356672275666039e-05,abund,0.0,1,1
Kraken2,default,Kraken2_default,ZymoMockD6331,ZymoMockD6331,ont,D6331_Zymo,2758572,2758572,                    Schaalia sp. JY-X169,Schaalia sp. JY-X169,species,3.356672275666039e-05,abund,0.0,1,1
Kraken2,default,Kraken2_default,ZymoMockD6331,ZymoMockD6331,ont,D6331_Zymo,66228,66228,                  Gleimia europaea,Gleimia europaea,species,0.00010070016826998118,abund,0.0,3,3
Kraken2,default,Kraken2_default,ZymoMockD6331,ZymoMockD6331,ont,D6331_Zymo,1661,1661,                  Trueperella pyogenes,Trueperella pyogenes,species,3.356672275666039e-05,abund,0.0,1,1
Kraken2,default,Kraken2_default,ZymoMockD6331,ZymoMockD6331,ont,D6331_Zymo,59561,59561,                  Trueperella bernardiae,Trueperella bernardiae,species,3.356672275666039e-05,abund,0.0,1,1
Kraken2,default,Kraken2_default,ZymoMockD6331,ZymoMockD6331,ont,D6331_Zymo,3036302,3036302,                  Mobiluncus massiliensis,Mobiluncus massiliensis,species,3.356672275666039e-05,abund,0.0,1,1
Kraken2,default,Kraken2_default,ZymoMockD6331,ZymoMockD6331,ont,D6331_Zymo,477697,477697,                    Streptomyces sp. T12,Streptomyces sp. T12,species,0.00020140033653996236,abund,0.0,6,6
Kraken2,default,Kraken2_default,ZymoMockD6331,ZymoMockD6331,ont,D6331_Zymo,2975755,2975755,                    Streptomyces sp. NBC_00481,Streptomyces sp. NBC_00481,species,0.00013426689102664157,abund,0.0,4,4
Kraken2,default,Kraken2_default,ZymoMockD6331,ZymoMockD6331,ont,D6331_Zymo,2903619,2903619,                    Streptomyces sp. NBC_00090,Streptomyces sp. NBC_00090,species,0.00010070016826998118,abund,0.0,3,3
Kraken2,default,Kraken2_default,ZymoMockD6331,ZymoMockD6331,ont,D6331_Zymo,2903828,2903828,                    Streptomyces sp. NBC_01335,Streptomyces sp. NBC_01335,species,0.00010070016826998118,abund,0.0,3,3
Kraken2,default,Kraken2_default,ZymoMockD6331,ZymoMockD6331,ont,D6331_Zymo,2791991,2791991,                    Streptomyces sp. MUM 178J,Streptomyces sp. MUM 178J,species,0.00010070016826998118,abund,0.0,3,3
Kraken2,default,Kraken2_default,ZymoMockD6331,ZymoMockD6331,ont,D6331_Zymo,710705,710705,                    Streptomyces sp. FXJ1.172,Streptomyces sp. FXJ1.172,species,6.713344551332078e-05,abund,0.0,2,2
Kraken2,default,Kraken2_default,ZymoMockD6331,ZymoMockD6331,ont,D6331_Zymo,2975917,2975917,                    Streptomyces sp. NBC_01716,Streptomyces sp. NBC_01716,species,6.713344551332078e-05,abund,0.0,2,2
Kraken2,default,Kraken2_default,ZymoMockD6331,ZymoMockD6331,ont,D6331_Zymo,3062782,3062782,                    Streptomyces sp. HUAS CX7,Streptomyces sp. HUAS CX7,species,6.713344551332078e-05,abund,0.0,2,2
Kraken2,default,Kraken2_default,ZymoMockD6331,ZymoMockD6331,ont,D6331_Zymo,2903683,2903683,                    Streptomyces sp. NBC_00868,Streptomyces sp. NBC_00868,species,6.713344551332078e-05,abund,0.0,2,2
Kraken2,default,Kraken2_default,ZymoMockD6331,ZymoMockD6331,ont,D6331_Zymo,2059884,2059884,                    Streptomyces sp. CMB-StM0423,Streptomyces sp. CMB-StM0423,species,6.713344551332078e-05,abund,0.0,2,2
Kraken2,default,Kraken2_default,ZymoMockD6331,ZymoMockD6331,ont,D6331_Zymo,2903747,2903747,                    Streptomyces sp. NBC_01089,Streptomyces sp. NBC_01089,species,6.713344551332078e-05,abund,0.0,2,2
Kraken2,default,Kraken2_default,ZymoMockD6331,ZymoMockD6331,ont,D6331_Zymo,2903881,2903881,                    Streptomyces sp. NBC_01476,Streptomyces sp. NBC_01476,species,6.713344551332078e-05,abund,0.0,2,2
Kraken2,default,Kraken2_default,ZymoMockD6331,ZymoMockD6331,ont,D6331_Zymo,3372855,3372855,                    Streptomyces sp. BBFR25,Streptomyces sp. BBFR25,species,6.713344551332078e-05,abund,0.0,2,2
Kraken2,default,Kraken2_default,ZymoMockD6331,ZymoMockD6331,ont,D6331_Zymo,2975641,2975641,                    Streptomyces sp. NBC_00075,Streptomyces sp. NBC_00075,species,3.356672275666039e-05,abund,0.0,1,1
Kraken2,default,Kraken2_default,ZymoMockD6331,ZymoMockD6331,ont,D6331_Zymo,2975669,2975669,                    Streptomyces sp. NBC_00151,Streptomyces sp. NBC_00151,species,3.356672275666039e-05,abund,0.0,1,1
Kraken2,default,Kraken2_default,ZymoMockD6331,ZymoMockD6331,ont,D6331_Zymo,2903657,2903657,                    Streptomyces sp. NBC_00490,Streptomyces sp. NBC_00490,species,3.356672275666039e-05,abund,0.0,1,1
Kraken2,default,Kraken2_default,ZymoMockD6331,ZymoMockD6331,ont,D6331_Zymo,2695266,2695266,                    Streptomyces sp. HM190,Streptomyces sp. HM190,species,3.356672275666039e-05,abund,0.0,1,1
Kraken2,default,Kraken2_default,ZymoMockD6331,ZymoMockD6331,ont,D6331_Zymo,2903674,2903674,                    Streptomyces sp. NBC_00726,Streptomyces sp. NBC_00726,species,3.356672275666039e-05,abund,0.0,1,1
Kraken2,default,Kraken2_default,ZymoMockD6331,ZymoMockD6331,ont,D6331_Zymo,1287523,1287523,                    Streptomyces sp. CG1,Streptomyces sp. CG1,species,3.356672275666039e-05,abund,0.0,1,1
Kraken2,default,Kraken2_default,ZymoMockD6331,ZymoMockD6331,ont,D6331_Zymo,3231512,3231512,                    Streptomyces sp. CMC78,Streptomyces sp. CMC78,species,3.356672275666039e-05,abund,0.0,1,1
Kraken2,default,Kraken2_default,ZymoMockD6331,ZymoMockD6331,ont,D6331_Zymo,3040076,3040076,                    Streptomyces sp. SYP-A7185,Streptomyces sp. SYP-A7185,species,3.356672275666039e-05,abund,0.0,1,1
Kraken2,default,Kraken2_default,ZymoMockD6331,ZymoMockD6331,ont,D6331_Zymo,2903665,2903665,                    Streptomyces sp. NBC_00576,Streptomyces sp. NBC_00576,species,3.356672275666039e-05,abund,0.0,1,1
Kraken2,default,Kraken2_default,ZymoMockD6331,ZymoMockD6331,ont,D6331_Zymo,2801030,2801030,                    Streptomyces sp. DSM 40750,Streptomyces sp. DSM 40750,species,3.356672275666039e-05,abund,0.0,1,1
Kraken2,default,Kraken2_default,ZymoMockD6331,ZymoMockD6331,ont,D6331_Zymo,2903671,2903671,                    Streptomyces sp. NBC_00691,Streptomyces sp. NBC_00691,species,3.356672275666039e-05,abund,0.0,1,1
Kraken2,default,Kraken2_default,ZymoMockD6331,ZymoMockD6331,ont,D6331_Zymo,2975720,2975720,                    Streptomyces sp. NBC_00344,Streptomyces sp. NBC_00344,species,3.356672275666039e-05,abund,0.0,1,1
Kraken2,default,Kraken2_default,ZymoMockD6331,ZymoMockD6331,ont,D6331_Zymo,2903779,2903779,                    Streptomyces sp. NBC_01217,Streptomyces sp. NBC_01217,species,3.356672275666039e-05,abund,0.0,1,1
Kraken2,default,Kraken2_default,ZymoMockD6331,ZymoMockD6331,ont,D6331_Zymo,2903788,2903788,                    Streptomyces sp. NBC_01235,Streptomyces sp. NBC_01235,species,3.356672275666039e-05,abund,0.0,1,1
Kraken2,default,Kraken2_default,ZymoMockD6331,ZymoMockD6331,ont,D6331_Zymo,2903862,2903862,                    Streptomyces sp. NBC_01429,Streptomyces sp. NBC_01429,species,3.356672275666039e-05,abund,0.0,1,1
Kraken2,default,Kraken2_default,ZymoMockD6331,ZymoMockD6331,ont,D6331_Zymo,2976015,2976015,                    Streptomyces sp. NBC_01477,Streptomyces sp. NBC_01477,species,3.356672275666039e-05,abund,0.0,1,1
Kraken2,default,Kraken2_default,ZymoMockD6331,ZymoMockD6331,ont,D6331_Zymo,2903872,2903872,                    Streptomyces sp. NBC_01451,Streptomyces sp. NBC_01451,species,3.356672275666039e-05,abund,0.0,1,1
Kraken2,default,Kraken2_default,ZymoMockD6331,ZymoMockD6331,ont,D6331_Zymo,2751189,2751189,                    Streptomyces sp. NEAU-sy36,Streptomyces sp. NEAU-sy36,species,3.356672275666039e-05,abund,0.0,1,1
Kraken2,default,Kraken2_default,ZymoMockD6331,ZymoMockD6331,ont,D6331_Zymo,2903640,2903640,                    Streptomyces sp. NBC_00239,Streptomyces sp. NBC_00239,species,3.356672275666039e-05,abund,0.0,1,1
Kraken2,default,Kraken2_default,ZymoMockD6331,ZymoMockD6331,ont,D6331_Zymo,2975946,2975946,                    Streptomyces sp. NBC_01803,Streptomyces sp. NBC_01803,species,3.356672275666039e-05,abund,0.0,1,1
Kraken2,default,Kraken2_default,ZymoMockD6331,ZymoMockD6331,ont,D6331_Zymo,2975945,2975945,                    Streptomyces sp. NBC_01800,Streptomyces sp. NBC_01800,species,3.356672275666039e-05,abund,0.0,1,1
Kraken2,default,Kraken2_default,ZymoMockD6331,ZymoMockD6331,ont,D6331_Zymo,2903643,2903643,                    Streptomyces sp. NBC_00259,Streptomyces sp. NBC_00259,species,3.356672275666039e-05,abund,0.0,1,1
Kraken2,default,Kraken2_default,ZymoMockD6331,ZymoMockD6331,ont,D6331_Zymo,2903748,2903748,                    Streptomyces sp. NBC_01092,Streptomyces sp. NBC_01092,species,3.356672275666039e-05,abund,0.0,1,1
Kraken2,default,Kraken2_default,ZymoMockD6331,ZymoMockD6331,ont,D6331_Zymo,3239284,3239284,                    Streptomyces sp. RK9,Streptomyces sp. RK9,species,3.356672275666039e-05,abund,0.0,1,1
Kraken2,default,Kraken2_default,ZymoMockD6331,ZymoMockD6331,ont,D6331_Zymo,2903844,2903844,                    Streptomyces sp. NBC_01378,Streptomyces sp. NBC_01378,species,3.356672275666039e-05,abund,0.0,1,1
Kraken2,default,Kraken2_default,ZymoMockD6331,ZymoMockD6331,ont,D6331_Zymo,2975903,2975903,                    Streptomyces sp. NBC_01622,Streptomyces sp. NBC_01622,species,3.356672275666039e-05,abund,0.0,1,1
Kraken2,default,Kraken2_default,ZymoMockD6331,ZymoMockD6331,ont,D6331_Zymo,2779671,2779671,                    Streptomyces sp. EAS-AB2608,Streptomyces sp. EAS-AB2608,species,3.356672275666039e-05,abund,0.0,1,1
Kraken2,default,Kraken2_default,ZymoMockD6331,ZymoMockD6331,ont,D6331_Zymo,3030210,3030210,                    Streptomyces sp. WZ-12,Streptomyces sp. WZ-12,species,3.356672275666039e-05,abund,0.0,1,1
Kraken2,default,Kraken2_default,ZymoMockD6331,ZymoMockD6331,ont,D6331_Zymo,3156398,3156398,                  Streptomyces tabacisoli,Streptomyces tabacisoli,species,0.00013426689102664157,abund,0.0,4,4
Kraken2,default,Kraken2_default,ZymoMockD6331,ZymoMockD6331,ont,D6331_Zymo,193462,193462,                  Streptomyces niveus,Streptomyces niveus,species,0.00010070016826998118,abund,0.0,3,3
Kraken2,default,Kraken2_default,ZymoMockD6331,ZymoMockD6331,ont,D6331_Zymo,1169025,1169025,                  Streptomyces pratensis,Streptomyces pratensis,species,6.713344551332078e-05,abund,0.0,2,2
Kraken2,default,Kraken2_default,ZymoMockD6331,ZymoMockD6331,ont,D6331_Zymo,1433415,1433415,                  Streptoverticillium reticulum,Streptoverticillium reticulum,species,6.713344551332078e-05,abund,0.0,2,2
Kraken2,default,Kraken2_default,ZymoMockD6331,ZymoMockD6331,ont,D6331_Zymo,1977088,1977088,                  Streptomyces ficellus,Streptomyces ficellus,species,6.713344551332078e-05,abund,0.0,2,2
Kraken2,default,Kraken2_default,ZymoMockD6331,ZymoMockD6331,ont,D6331_Zymo,1906,1906,                  Streptomyces fradiae,Streptomyces fradiae,species,6.713344551332078e-05,abund,0.0,2,1
Kraken2,default,Kraken2_default,ZymoMockD6331,ZymoMockD6331,ont,D6331_Zymo,58343,58343,                    Streptomyces canus,Streptomyces canus,species,3.356672275666039e-05,abund,0.0,1,1
Kraken2,default,Kraken2_default,ZymoMockD6331,ZymoMockD6331,ont,D6331_Zymo,2282738,2282738,                  Streptomyces paludis,Streptomyces paludis,species,3.356672275666039e-05,abund,0.0,1,1
Kraken2,default,Kraken2_default,ZymoMockD6331,ZymoMockD6331,ont,D6331_Zymo,173858,173858,                  Streptomyces luteireticuli,Streptomyces luteireticuli,species,3.356672275666039e-05,abund,0.0,1,1
Kraken2,default,Kraken2_default,ZymoMockD6331,ZymoMockD6331,ont,D6331_Zymo,2763006,2763006,                  Streptomyces buecherae,Streptomyces buecherae,species,3.356672275666039e-05,abund,0.0,1,1
Kraken2,default,Kraken2_default,ZymoMockD6331,ZymoMockD6331,ont,D6331_Zymo,155177,155177,                    Streptomyces yatensis,Streptomyces yatensis,species,3.356672275666039e-05,abund,0.0,1,1
Kraken2,default,Kraken2_default,ZymoMockD6331,ZymoMockD6331,ont,D6331_Zymo,83380,83380,                    Streptomyces althioticus,Streptomyces althioticus,species,3.356672275666039e-05,abund,0.0,1,1
Kraken2,default,Kraken2_default,ZymoMockD6331,ZymoMockD6331,ont,D6331_Zymo,3004093,3004093,                  Streptomyces camelliae,Streptomyces camelliae,species,3.356672275666039e-05,abund,0.0,1,1
Kraken2,default,Kraken2_default,ZymoMockD6331,ZymoMockD6331,ont,D6331_Zymo,1889,1889,                  Streptomyces ambofaciens,Streptomyces ambofaciens,species,3.356672275666039e-05,abund,0.0,1,0
Kraken2,default,Kraken2_default,ZymoMockD6331,ZymoMockD6331,ont,D6331_Zymo,1893,1893,                  Streptomyces atratus,Streptomyces atratus,species,3.356672275666039e-05,abund,0.0,1,1
Kraken2,default,Kraken2_default,ZymoMockD6331,ZymoMockD6331,ont,D6331_Zymo,1894,1894,                  Kitasatospora aureofaciens,Kitasatospora aureofaciens,species,0.00010070016826998118,abund,0.0,3,3
Kraken2,default,Kraken2_default,ZymoMockD6331,ZymoMockD6331,ont,D6331_Zymo,2903572,2903572,                    Kitasatospora sp. NBC_01266,Kitasatospora sp. NBC_01266,species,3.356672275666039e-05,abund,0.0,1,1
Kraken2,default,Kraken2_default,ZymoMockD6331,ZymoMockD6331,ont,D6331_Zymo,1719132,1719132,                  Mycobacterium vicinigordonae,Mycobacterium vicinigordonae,species,0.00013426689102664157,abund,0.0,4,4
Kraken2,default,Kraken2_default,ZymoMockD6331,ZymoMockD6331,ont,D6331_Zymo,3385967,3385967,                    Mycobacterium sp. SMC-16,Mycobacterium sp. SMC-16,species,3.356672275666039e-05,abund,0.0,1,1
Kraken2,default,Kraken2_default,ZymoMockD6331,ZymoMockD6331,ont,D6331_Zymo,2099693,2099693,                    Mycobacterium sp. ITM-2016-00318,Mycobacterium sp. ITM-2016-00318,species,3.356672275666039e-05,abund,0.0,1,1
Kraken2,default,Kraken2_default,ZymoMockD6331,ZymoMockD6331,ont,D6331_Zymo,2991729,2991729,                    Mycobacterium sp. Aquia_216,Mycobacterium sp. Aquia_216,species,3.356672275666039e-05,abund,0.0,1,1
Kraken2,default,Kraken2_default,ZymoMockD6331,ZymoMockD6331,ont,D6331_Zymo,480418,480418,                  Mycobacterium lepromatosis,Mycobacterium lepromatosis,species,3.356672275666039e-05,abund,0.0,1,1
Kraken2,default,Kraken2_default,ZymoMockD6331,ZymoMockD6331,ont,D6331_Zymo,2094119,2094119,                  Mycobacterium basiliense,Mycobacterium basiliense,species,3.356672275666039e-05,abund,0.0,1,1
Kraken2,default,Kraken2_default,ZymoMockD6331,ZymoMockD6331,ont,D6331_Zymo,1784,1784,                    Mycobacterium simiae,Mycobacterium simiae,species,3.356672275666039e-05,abund,0.0,1,1
Kraken2,default,Kraken2_default,ZymoMockD6331,ZymoMockD6331,ont,D6331_Zymo,212765,212765,                  Mycolicibacterium madagascariense,Mycolicibacterium madagascariense,species,6.713344551332078e-05,abund,0.0,2,2
Kraken2,default,Kraken2_default,ZymoMockD6331,ZymoMockD6331,ont,D6331_Zymo,2761578,2761578,                  Mycolicibacterium baixiangningiae,Mycolicibacterium baixiangningiae,species,3.356672275666039e-05,abund,0.0,1,1
Kraken2,default,Kraken2_default,ZymoMockD6331,ZymoMockD6331,ont,D6331_Zymo,318424,318424,                  Mycolicibacterium rufum,Mycolicibacterium rufum,species,3.356672275666039e-05,abund,0.0,1,1
Kraken2,default,Kraken2_default,ZymoMockD6331,ZymoMockD6331,ont,D6331_Zymo,319707,319707,                  Mycolicibacterium aubagnense,Mycolicibacterium aubagnense,species,3.356672275666039e-05,abund,0.0,1,1
Kraken2,default,Kraken2_default,ZymoMockD6331,ZymoMockD6331,ont,D6331_Zymo,370524,370524,                  Mycolicibacterium pallens,Mycolicibacterium pallens,species,3.356672275666039e-05,abund,0.0,1,1
Kraken2,default,Kraken2_default,ZymoMockD6331,ZymoMockD6331,ont,D6331_Zymo,1069221,1069221,                  Mycolicibacillus parakoreensis,Mycolicibacillus parakoreensis,species,0.00020140033653996236,abund,0.0,6,6
Kraken2,default,Kraken2_default,ZymoMockD6331,ZymoMockD6331,ont,D6331_Zymo,36809,36809,                  Mycobacteroides abscessus,Mycobacteroides abscessus,species,3.356672275666039e-05,abund,0.0,1,1
Kraken2,default,Kraken2_default,ZymoMockD6331,ZymoMockD6331,ont,D6331_Zymo,227319,227319,                  Corynebacterium ciconiae,Corynebacterium ciconiae,species,0.00010070016826998118,abund,0.0,3,0
Kraken2,default,Kraken2_default,ZymoMockD6331,ZymoMockD6331,ont,D6331_Zymo,28028,28028,                  Corynebacterium flavescens,Corynebacterium flavescens,species,0.00010070016826998118,abund,0.0,3,3
Kraken2,default,Kraken2_default,ZymoMockD6331,ZymoMockD6331,ont,D6331_Zymo,598660,598660,                  Corynebacterium pyruviciproducens,Corynebacterium pyruviciproducens,species,6.713344551332078e-05,abund,0.0,2,2
Kraken2,default,Kraken2_default,ZymoMockD6331,ZymoMockD6331,ont,D6331_Zymo,1719,1719,                  Corynebacterium pseudotuberculosis,Corynebacterium pseudotuberculosis,species,6.713344551332078e-05,abund,0.0,2,2
Kraken2,default,Kraken2_default,ZymoMockD6331,ZymoMockD6331,ont,D6331_Zymo,161879,161879,                  Corynebacterium kroppenstedtii,Corynebacterium kroppenstedtii,species,6.713344551332078e-05,abund,0.0,2,1
Kraken2,default,Kraken2_default,ZymoMockD6331,ZymoMockD6331,ont,D6331_Zymo,61592,61592,                  Corynebacterium durum,Corynebacterium durum,species,6.713344551332078e-05,abund,0.0,2,2
Kraken2,default,Kraken2_default,ZymoMockD6331,ZymoMockD6331,ont,D6331_Zymo,3062461,3062461,                  Corynebacterium mayonis,Corynebacterium mayonis,species,3.356672275666039e-05,abund,0.0,1,1
Kraken2,default,Kraken2_default,ZymoMockD6331,ZymoMockD6331,ont,D6331_Zymo,571915,571915,                  Corynebacterium mustelae,Corynebacterium mustelae,species,3.356672275666039e-05,abund,0.0,1,1
Kraken2,default,Kraken2_default,ZymoMockD6331,ZymoMockD6331,ont,D6331_Zymo,1072256,1072256,                  Corynebacterium uterequi,Corynebacterium uterequi,species,3.356672275666039e-05,abund,0.0,1,1
Kraken2,default,Kraken2_default,ZymoMockD6331,ZymoMockD6331,ont,D6331_Zymo,1121358,1121358,                  Corynebacterium doosanense,Corynebacterium doosanense,species,3.356672275666039e-05,abund,0.0,1,0
Kraken2,default,Kraken2_default,ZymoMockD6331,ZymoMockD6331,ont,D6331_Zymo,1862358,1862358,                  Corynebacterium choanae,Corynebacterium choanae,species,3.356672275666039e-05,abund,0.0,1,1
Kraken2,default,Kraken2_default,ZymoMockD6331,ZymoMockD6331,ont,D6331_Zymo,42817,42817,                  Corynebacterium argentoratense,Corynebacterium argentoratense,species,3.356672275666039e-05,abund,0.0,1,0
Kraken2,default,Kraken2_default,ZymoMockD6331,ZymoMockD6331,ont,D6331_Zymo,3050213,3050213,                    Corynebacterium sp. MSK175,Corynebacterium sp. MSK175,species,3.356672275666039e-05,abund,0.0,1,1
Kraken2,default,Kraken2_default,ZymoMockD6331,ZymoMockD6331,ont,D6331_Zymo,2754725,2754725,                  Corynebacterium incognita,Corynebacterium incognita,species,3.356672275666039e-05,abund,0.0,1,1
Kraken2,default,Kraken2_default,ZymoMockD6331,ZymoMockD6331,ont,D6331_Zymo,2507582,2507582,                    Rhodococcus sp. ABRD24,Rhodococcus sp. ABRD24,species,0.00023496705929662275,abund,0.0,7,7
Kraken2,default,Kraken2_default,ZymoMockD6331,ZymoMockD6331,ont,D6331_Zymo,1564114,1564114,                    Rhodococcus sp. B7740,Rhodococcus sp. B7740,species,3.356672275666039e-05,abund,0.0,1,1
Kraken2,default,Kraken2_default,ZymoMockD6331,ZymoMockD6331,ont,D6331_Zymo,1830,1830,                  Rhodococcus ruber,Rhodococcus ruber,species,3.356672275666039e-05,abund,0.0,1,1
Kraken2,default,Kraken2_default,ZymoMockD6331,ZymoMockD6331,ont,D6331_Zymo,37919,37919,                  Rhodococcus opacus,Rhodococcus opacus,species,3.356672275666039e-05,abund,0.0,1,1
Kraken2,default,Kraken2_default,ZymoMockD6331,ZymoMockD6331,ont,D6331_Zymo,1833,1833,                    Rhodococcus erythropolis,Rhodococcus erythropolis,species,3.356672275666039e-05,abund,0.0,1,0
Kraken2,default,Kraken2_default,ZymoMockD6331,ZymoMockD6331,ont,D6331_Zymo,223392,223392,                  Rhodococcus gordoniae,Rhodococcus gordoniae,species,3.356672275666039e-05,abund,0.0,1,1
Kraken2,default,Kraken2_default,ZymoMockD6331,ZymoMockD6331,ont,D6331_Zymo,2903591,2903591,                    Nocardia sp. NBC_00511,Nocardia sp. NBC_00511,species,3.356672275666039e-05,abund,0.0,1,1
Kraken2,default,Kraken2_default,ZymoMockD6331,ZymoMockD6331,ont,D6331_Zymo,1141657,1141657,                  Nocardia vulneris,Nocardia vulneris,species,3.356672275666039e-05,abund,0.0,1,1
Kraken2,default,Kraken2_default,ZymoMockD6331,ZymoMockD6331,ont,D6331_Zymo,480035,480035,                  Nocardia wallacei,Nocardia wallacei,species,3.356672275666039e-05,abund,0.0,1,1
Kraken2,default,Kraken2_default,ZymoMockD6331,ZymoMockD6331,ont,D6331_Zymo,499555,499555,                  Dietzia timorensis,Dietzia timorensis,species,0.00016783361378330195,abund,0.0,5,5
Kraken2,default,Kraken2_default,ZymoMockD6331,ZymoMockD6331,ont,D6331_Zymo,712270,712270,                    Dietzia sp. oral taxon 368,Dietzia sp. oral taxon 368,species,3.356672275666039e-05,abund,0.0,1,1
Kraken2,default,Kraken2_default,ZymoMockD6331,ZymoMockD6331,ont,D6331_Zymo,3039400,3039400,                    Gordonia sp. SMJS1,Gordonia sp. SMJS1,species,3.356672275666039e-05,abund,0.0,1,1
Kraken2,default,Kraken2_default,ZymoMockD6331,ZymoMockD6331,ont,D6331_Zymo,410332,410332,                  Gordonia malaquae,Gordonia malaquae,species,3.356672275666039e-05,abund,0.0,1,1
Kraken2,default,Kraken2_default,ZymoMockD6331,ZymoMockD6331,ont,D6331_Zymo,2061,2061,                  Tsukamurella paurometabola,Tsukamurella paurometabola,species,3.356672275666039e-05,abund,0.0,1,0
Kraken2,default,Kraken2_default,ZymoMockD6331,ZymoMockD6331,ont,D6331_Zymo,3138181,3138181,                    Curtobacterium sp. L1-20,Curtobacterium sp. L1-20,species,0.00026853378205328313,abund,0.0,8,8
Kraken2,default,Kraken2_default,ZymoMockD6331,ZymoMockD6331,ont,D6331_Zymo,3243047,3243047,                    Curtobacterium sp. Curtsp57,Curtobacterium sp. Curtsp57,species,3.356672275666039e-05,abund,0.0,1,1
Kraken2,default,Kraken2_default,ZymoMockD6331,ZymoMockD6331,ont,D6331_Zymo,582680,582680,                  Microbacterium azadirachtae,Microbacterium azadirachtae,species,0.00010070016826998118,abund,0.0,3,3
Kraken2,default,Kraken2_default,ZymoMockD6331,ZymoMockD6331,ont,D6331_Zymo,3160749,3160749,                    Microbacterium sp. A8/3-1,Microbacterium sp. A8/3-1,species,3.356672275666039e-05,abund,0.0,1,1
Kraken2,default,Kraken2_default,ZymoMockD6331,ZymoMockD6331,ont,D6331_Zymo,3025663,3025663,                    Microbacterium sp. Clip185,Microbacterium sp. Clip185,species,3.356672275666039e-05,abund,0.0,1,1
Kraken2,default,Kraken2_default,ZymoMockD6331,ZymoMockD6331,ont,D6331_Zymo,3049071,3049071,                    Microbacterium sp. zg-Y625,Microbacterium sp. zg-Y625,species,3.356672275666039e-05,abund,0.0,1,1
Kraken2,default,Kraken2_default,ZymoMockD6331,ZymoMockD6331,ont,D6331_Zymo,2033,2033,                  Microbacterium testaceum,Microbacterium testaceum,species,3.356672275666039e-05,abund,0.0,1,1
Kraken2,default,Kraken2_default,ZymoMockD6331,ZymoMockD6331,ont,D6331_Zymo,57043,57043,                  Microbacterium esteraromaticum,Microbacterium esteraromaticum,species,3.356672275666039e-05,abund,0.0,1,1
Kraken2,default,Kraken2_default,ZymoMockD6331,ZymoMockD6331,ont,D6331_Zymo,415217,415217,                  Microbacterium lacus,Microbacterium lacus,species,3.356672275666039e-05,abund,0.0,1,1
Kraken2,default,Kraken2_default,ZymoMockD6331,ZymoMockD6331,ont,D6331_Zymo,1897060,1897060,                    Cryobacterium sp. SO2,Cryobacterium sp. SO2,species,0.00016783361378330195,abund,0.0,5,5
Kraken2,default,Kraken2_default,ZymoMockD6331,ZymoMockD6331,ont,D6331_Zymo,2781962,2781962,                  Agromyces archimandritae,Agromyces archimandritae,species,3.356672275666039e-05,abund,0.0,1,1
Kraken2,default,Kraken2_default,ZymoMockD6331,ZymoMockD6331,ont,D6331_Zymo,3144168,3144168,                  Rathayibacter soli,Rathayibacter soli,species,3.356672275666039e-05,abund,0.0,1,1
Kraken2,default,Kraken2_default,ZymoMockD6331,ZymoMockD6331,ont,D6331_Zymo,2810513,2810513,                    Agrococcus sp. Marseille-Q4369,Agrococcus sp. Marseille-Q4369,species,3.356672275666039e-05,abund,0.0,1,1
Kraken2,default,Kraken2_default,ZymoMockD6331,ZymoMockD6331,ont,D6331_Zymo,2583374,2583374,                    Salinibacterium sp. M195,Salinibacterium sp. M195,species,3.356672275666039e-05,abund,0.0,1,1
Kraken2,default,Kraken2_default,ZymoMockD6331,ZymoMockD6331,ont,D6331_Zymo,2991715,2991715,                    Arthrobacter sp. ATA002,Arthrobacter sp. ATA002,species,6.713344551332078e-05,abund,0.0,2,2
Kraken2,default,Kraken2_default,ZymoMockD6331,ZymoMockD6331,ont,D6331_Zymo,2830995,2830995,                    Arthrobacter sp. StoSoilB20,Arthrobacter sp. StoSoilB20,species,3.356672275666039e-05,abund,0.0,1,1
Kraken2,default,Kraken2_default,ZymoMockD6331,ZymoMockD6331,ont,D6331_Zymo,2079227,2079227,                    Arthrobacter sp. PGP41,Arthrobacter sp. PGP41,species,3.356672275666039e-05,abund,0.0,1,1
Kraken2,default,Kraken2_default,ZymoMockD6331,ZymoMockD6331,ont,D6331_Zymo,37928,37928,                  Arthrobacter crystallopoietes,Arthrobacter crystallopoietes,species,3.356672275666039e-05,abund,0.0,1,1
Kraken2,default,Kraken2_default,ZymoMockD6331,ZymoMockD6331,ont,D6331_Zymo,396015,396015,                  Rothia terrae,Rothia terrae,species,6.713344551332078e-05,abund,0.0,2,2
Kraken2,default,Kraken2_default,ZymoMockD6331,ZymoMockD6331,ont,D6331_Zymo,172042,172042,                  Rothia aeria,Rothia aeria,species,3.356672275666039e-05,abund,0.0,1,1
Kraken2,default,Kraken2_default,ZymoMockD6331,ZymoMockD6331,ont,D6331_Zymo,121292,121292,                  Pseudarthrobacter sulfonivorans,Pseudarthrobacter sulfonivorans,species,3.356672275666039e-05,abund,0.0,1,1
Kraken2,default,Kraken2_default,ZymoMockD6331,ZymoMockD6331,ont,D6331_Zymo,361575,361575,                  Pseudarthrobacter phenanthrenivorans,Pseudarthrobacter phenanthrenivorans,species,3.356672275666039e-05,abund,0.0,1,0
Kraken2,default,Kraken2_default,ZymoMockD6331,ZymoMockD6331,ont,D6331_Zymo,2973976,2973976,                    Pseudarthrobacter sp. NS4,Pseudarthrobacter sp. NS4,species,3.356672275666039e-05,abund,0.0,1,1
Kraken2,default,Kraken2_default,ZymoMockD6331,ZymoMockD6331,ont,D6331_Zymo,1646,1646,                  Renibacterium salmoninarum,Renibacterium salmoninarum,species,3.356672275666039e-05,abund,0.0,1,1
Kraken2,default,Kraken2_default,ZymoMockD6331,ZymoMockD6331,ont,D6331_Zymo,29320,29320,                  Paenarthrobacter nicotinovorans,Paenarthrobacter nicotinovorans,species,3.356672275666039e-05,abund,0.0,1,1
Kraken2,default,Kraken2_default,ZymoMockD6331,ZymoMockD6331,ont,D6331_Zymo,37929,37929,                  Glutamicibacter nicotianae,Glutamicibacter nicotianae,species,3.356672275666039e-05,abund,0.0,1,1
Kraken2,default,Kraken2_default,ZymoMockD6331,ZymoMockD6331,ont,D6331_Zymo,358099,358099,                  Brevibacterium oceani,Brevibacterium oceani,species,0.00020140033653996236,abund,0.0,6,6
Kraken2,default,Kraken2_default,ZymoMockD6331,ZymoMockD6331,ont,D6331_Zymo,2909672,2909672,                  Brevibacterium spongiae,Brevibacterium spongiae,species,6.713344551332078e-05,abund,0.0,2,2
Kraken2,default,Kraken2_default,ZymoMockD6331,ZymoMockD6331,ont,D6331_Zymo,33889,33889,                  Brevibacterium casei,Brevibacterium casei,species,3.356672275666039e-05,abund,0.0,1,1
Kraken2,default,Kraken2_default,ZymoMockD6331,ZymoMockD6331,ont,D6331_Zymo,372663,372663,                  Isoptericola dokdonensis,Isoptericola dokdonensis,species,0.00010070016826998118,abund,0.0,3,0
Kraken2,default,Kraken2_default,ZymoMockD6331,ZymoMockD6331,ont,D6331_Zymo,1076331,1076331,                  Arsenicicoccus dermatophilus,Arsenicicoccus dermatophilus,species,3.356672275666039e-05,abund,0.0,1,1
Kraken2,default,Kraken2_default,ZymoMockD6331,ZymoMockD6331,ont,D6331_Zymo,3149228,3149228,                    Pedococcus sp. KACC 23699,Pedococcus sp. KACC 23699,species,3.356672275666039e-05,abund,0.0,1,1
Kraken2,default,Kraken2_default,ZymoMockD6331,ZymoMockD6331,ont,D6331_Zymo,100225,100225,                  Austwickia chelonae,Austwickia chelonae,species,3.356672275666039e-05,abund,0.0,1,1
Kraken2,default,Kraken2_default,ZymoMockD6331,ZymoMockD6331,ont,D6331_Zymo,84757,84757,                  Beutenbergia cavernae,Beutenbergia cavernae,species,3.356672275666039e-05,abund,0.0,1,0
Kraken2,default,Kraken2_default,ZymoMockD6331,ZymoMockD6331,ont,D6331_Zymo,3061627,3061627,                    Micromonospora sp. NBRC 110009,Micromonospora sp. NBRC 110009,species,0.00016783361378330195,abund,0.0,5,5
Kraken2,default,Kraken2_default,ZymoMockD6331,ZymoMockD6331,ont,D6331_Zymo,3016096,3016096,                    Micromonospora sp. WMMD712,Micromonospora sp. WMMD712,species,0.00010070016826998118,abund,0.0,3,3
Kraken2,default,Kraken2_default,ZymoMockD6331,ZymoMockD6331,ont,D6331_Zymo,3015152,3015152,                    Micromonospora sp. WMMD812,Micromonospora sp. WMMD812,species,3.356672275666039e-05,abund,0.0,1,1
Kraken2,default,Kraken2_default,ZymoMockD6331,ZymoMockD6331,ont,D6331_Zymo,2975986,2975986,                    Micromonospora sp. NBC_01740,Micromonospora sp. NBC_01740,species,3.356672275666039e-05,abund,0.0,1,1
Kraken2,default,Kraken2_default,ZymoMockD6331,ZymoMockD6331,ont,D6331_Zymo,1881,1881,                  Micromonospora viridifaciens,Micromonospora viridifaciens,species,3.356672275666039e-05,abund,0.0,1,1
Kraken2,default,Kraken2_default,ZymoMockD6331,ZymoMockD6331,ont,D6331_Zymo,47858,47858,                  Micromonospora echinofusca,Micromonospora echinofusca,species,3.356672275666039e-05,abund,0.0,1,1
Kraken2,default,Kraken2_default,ZymoMockD6331,ZymoMockD6331,ont,D6331_Zymo,299152,299152,                  Micromonospora siamensis,Micromonospora siamensis,species,3.356672275666039e-05,abund,0.0,1,1
Kraken2,default,Kraken2_default,ZymoMockD6331,ZymoMockD6331,ont,D6331_Zymo,47872,47872,                  Micromonospora purpureochromogenes,Micromonospora purpureochromogenes,species,3.356672275666039e-05,abund,0.0,1,1
Kraken2,default,Kraken2_default,ZymoMockD6331,ZymoMockD6331,ont,D6331_Zymo,47875,47875,                  Micromonospora sagamiensis,Micromonospora sagamiensis,species,3.356672275666039e-05,abund,0.0,1,1
Kraken2,default,Kraken2_default,ZymoMockD6331,ZymoMockD6331,ont,D6331_Zymo,1866,1866,                  Actinoplanes missouriensis,Actinoplanes missouriensis,species,3.356672275666039e-05,abund,0.0,1,0
Kraken2,default,Kraken2_default,ZymoMockD6331,ZymoMockD6331,ont,D6331_Zymo,3088255,3088255,                    Longispora sp. K20-0274,Longispora sp. K20-0274,species,6.713344551332078e-05,abund,0.0,2,2
Kraken2,default,Kraken2_default,ZymoMockD6331,ZymoMockD6331,ont,D6331_Zymo,338584,338584,                  Polymorphospora rubra,Polymorphospora rubra,species,3.356672275666039e-05,abund,0.0,1,1
Kraken2,default,Kraken2_default,ZymoMockD6331,ZymoMockD6331,ont,D6331_Zymo,227318,227318,                  Actinocatenispora thailandica,Actinocatenispora thailandica,species,3.356672275666039e-05,abund,0.0,1,1
Kraken2,default,Kraken2_default,ZymoMockD6331,ZymoMockD6331,ont,D6331_Zymo,2024580,2024580,                    Plantactinospora sp. KBS50,Plantactinospora sp. KBS50,species,3.356672275666039e-05,abund,0.0,1,1
Kraken2,default,Kraken2_default,ZymoMockD6331,ZymoMockD6331,ont,D6331_Zymo,3238807,3238807,                    Amycolatopsis sp. cg13,Amycolatopsis sp. cg13,species,6.713344551332078e-05,abund,0.0,2,2
Kraken2,default,Kraken2_default,ZymoMockD6331,ZymoMockD6331,ont,D6331_Zymo,2975957,2975957,                    Amycolatopsis sp. NBC_00355,Amycolatopsis sp. NBC_00355,species,6.713344551332078e-05,abund,0.0,2,2
Kraken2,default,Kraken2_default,ZymoMockD6331,ZymoMockD6331,ont,D6331_Zymo,3052846,3052846,                    Amycolatopsis sp. DG1A-15b,Amycolatopsis sp. DG1A-15b,species,3.356672275666039e-05,abund,0.0,1,1
Kraken2,default,Kraken2_default,ZymoMockD6331,ZymoMockD6331,ont,D6331_Zymo,2975955,2975955,                    Amycolatopsis sp. NBC_00345,Amycolatopsis sp. NBC_00345,species,3.356672275666039e-05,abund,0.0,1,1
Kraken2,default,Kraken2_default,ZymoMockD6331,ZymoMockD6331,ont,D6331_Zymo,944492,944492,                  Amycolatopsis thermalba,Amycolatopsis thermalba,species,6.713344551332078e-05,abund,0.0,2,2
Kraken2,default,Kraken2_default,ZymoMockD6331,ZymoMockD6331,ont,D6331_Zymo,129921,129921,                    Amycolatopsis keratiniphila,Amycolatopsis keratiniphila,species,3.356672275666039e-05,abund,0.0,1,1
Kraken2,default,Kraken2_default,ZymoMockD6331,ZymoMockD6331,ont,D6331_Zymo,2951806,2951806,                    Lentzea sp. HUAS12,Lentzea sp. HUAS12,species,6.713344551332078e-05,abund,0.0,2,2
Kraken2,default,Kraken2_default,ZymoMockD6331,ZymoMockD6331,ont,D6331_Zymo,2903582,2903582,                    Lentzea sp. NBC_00516,Lentzea sp. NBC_00516,species,3.356672275666039e-05,abund,0.0,1,1
Kraken2,default,Kraken2_default,ZymoMockD6331,ZymoMockD6331,ont,D6331_Zymo,40990,40990,                  Saccharomonospora glauca,Saccharomonospora glauca,species,3.356672275666039e-05,abund,0.0,1,0
Kraken2,default,Kraken2_default,ZymoMockD6331,ZymoMockD6331,ont,D6331_Zymo,75294,75294,                  Saccharomonospora xinjiangensis,Saccharomonospora xinjiangensis,species,3.356672275666039e-05,abund,0.0,1,1
Kraken2,default,Kraken2_default,ZymoMockD6331,ZymoMockD6331,ont,D6331_Zymo,2781735,2781735,                    Saccharothrix sp. 6-C,Saccharothrix sp. 6-C,species,3.356672275666039e-05,abund,0.0,1,1
Kraken2,default,Kraken2_default,ZymoMockD6331,ZymoMockD6331,ont,D6331_Zymo,43357,43357,                  Kutzneria albida,Kutzneria albida,species,3.356672275666039e-05,abund,0.0,1,0
Kraken2,default,Kraken2_default,ZymoMockD6331,ZymoMockD6331,ont,D6331_Zymo,3075927,3075927,                    Umezawaea sp. Da 62-37,Umezawaea sp. Da 62-37,species,3.356672275666039e-05,abund,0.0,1,1
Kraken2,default,Kraken2_default,ZymoMockD6331,ZymoMockD6331,ont,D6331_Zymo,93944,93944,                  Nonomuraea gerenzanensis,Nonomuraea gerenzanensis,species,0.0003692339503232643,abund,0.0,11,11
Kraken2,default,Kraken2_default,ZymoMockD6331,ZymoMockD6331,ont,D6331_Zymo,2976002,2976002,                    Nonomuraea sp. NBC_00507,Nonomuraea sp. NBC_00507,species,3.356672275666039e-05,abund,0.0,1,1
Kraken2,default,Kraken2_default,ZymoMockD6331,ZymoMockD6331,ont,D6331_Zymo,2202249,2202249,                    Streptosporangium sp. 'caverna',Streptosporangium sp. 'caverna',species,0.00013426689102664157,abund,0.0,4,4
Kraken2,default,Kraken2_default,ZymoMockD6331,ZymoMockD6331,ont,D6331_Zymo,2750812,2750812,                  Actinomadura graeca,Actinomadura graeca,species,3.356672275666039e-05,abund,0.0,1,1
Kraken2,default,Kraken2_default,ZymoMockD6331,ZymoMockD6331,ont,D6331_Zymo,2831968,2831968,                  Nocardiopsis akebiae,Nocardiopsis akebiae,species,3.356672275666039e-05,abund,0.0,1,1
Kraken2,default,Kraken2_default,ZymoMockD6331,ZymoMockD6331,ont,D6331_Zymo,2975968,2975968,                    Kribbella sp. NBC_00482,Kribbella sp. NBC_00482,species,6.713344551332078e-05,abund,0.0,2,2
Kraken2,default,Kraken2_default,ZymoMockD6331,ZymoMockD6331,ont,D6331_Zymo,2903578,2903578,                    Kribbella sp. NBC_01245,Kribbella sp. NBC_01245,species,3.356672275666039e-05,abund,0.0,1,1
Kraken2,default,Kraken2_default,ZymoMockD6331,ZymoMockD6331,ont,D6331_Zymo,3160966,3160966,                    Kribbella sp. HUAS MG21,Kribbella sp. HUAS MG21,species,3.356672275666039e-05,abund,0.0,1,1
Kraken2,default,Kraken2_default,ZymoMockD6331,ZymoMockD6331,ont,D6331_Zymo,2107713,2107713,                    Aeromicrobium sp. A1-2,Aeromicrobium sp. A1-2,species,3.356672275666039e-05,abund,0.0,1,1
Kraken2,default,Kraken2_default,ZymoMockD6331,ZymoMockD6331,ont,D6331_Zymo,3009077,3009077,                    Aeromicrobium sp. HA,Aeromicrobium sp. HA,species,3.356672275666039e-05,abund,0.0,1,1
Kraken2,default,Kraken2_default,ZymoMockD6331,ZymoMockD6331,ont,D6331_Zymo,2714939,2714939,                    Nocardioides sp. HDW12B,Nocardioides sp. HDW12B,species,3.356672275666039e-05,abund,0.0,1,1
Kraken2,default,Kraken2_default,ZymoMockD6331,ZymoMockD6331,ont,D6331_Zymo,2045,2045,                  Pimelobacter simplex,Pimelobacter simplex,species,3.356672275666039e-05,abund,0.0,1,1
Kraken2,default,Kraken2_default,ZymoMockD6331,ZymoMockD6331,ont,D6331_Zymo,1747,1747,                  Cutibacterium acnes,Cutibacterium acnes,species,6.713344551332078e-05,abund,0.0,2,2
Kraken2,default,Kraken2_default,ZymoMockD6331,ZymoMockD6331,ont,D6331_Zymo,3158264,3158264,                    Nakamurella sp. A5-74,Nakamurella sp. A5-74,species,0.00013426689102664157,abund,0.0,4,4
Kraken2,default,Kraken2_default,ZymoMockD6331,ZymoMockD6331,ont,D6331_Zymo,1884905,1884905,                  Candidatus Planktophila versatilis,Candidatus Planktophila versatilis,species,3.356672275666039e-05,abund,0.0,1,1
Kraken2,default,Kraken2_default,ZymoMockD6331,ZymoMockD6331,ont,D6331_Zymo,1884907,1884907,                  Candidatus Planktophila vernalis,Candidatus Planktophila vernalis,species,3.356672275666039e-05,abund,0.0,1,1
Kraken2,default,Kraken2_default,ZymoMockD6331,ZymoMockD6331,ont,D6331_Zymo,2038343,2038343,                  Jatrophihabitans telluris,Jatrophihabitans telluris,species,3.356672275666039e-05,abund,0.0,1,1
Kraken2,default,Kraken2_default,ZymoMockD6331,ZymoMockD6331,ont,D6331_Zymo,1528104,1528104,                    Geodermatophilus sp. DSM 44513,Geodermatophilus sp. DSM 44513,species,3.356672275666039e-05,abund,0.0,1,1
Kraken2,default,Kraken2_default,ZymoMockD6331,ZymoMockD6331,ont,D6331_Zymo,1382,1382,                  Lancefieldella parvula,Lancefieldella parvula,species,0.00030210050480994355,abund,0.0,9,0
Kraken2,default,Kraken2_default,ZymoMockD6331,ZymoMockD6331,ont,D6331_Zymo,3022127,3022127,                    Lancefieldella sp. Marseille-Q7238,Lancefieldella sp. Marseille-Q7238,species,3.356672275666039e-05,abund,0.0,1,1
Kraken2,default,Kraken2_default,ZymoMockD6331,ZymoMockD6331,ont,D6331_Zymo,133926,133926,                  Olsenella uli,Olsenella uli,species,0.00020140033653996236,abund,0.0,6,0
Kraken2,default,Kraken2_default,ZymoMockD6331,ZymoMockD6331,ont,D6331_Zymo,1805478,1805478,                  Olsenella timonensis,Olsenella timonensis,species,3.356672275666039e-05,abund,0.0,1,1
Kraken2,default,Kraken2_default,ZymoMockD6331,ZymoMockD6331,ont,D6331_Zymo,84112,84112,                  Eggerthella lenta,Eggerthella lenta,species,0.00030210050480994355,abund,0.0,9,9
Kraken2,default,Kraken2_default,ZymoMockD6331,ZymoMockD6331,ont,D6331_Zymo,84163,84163,                  Cryptobacterium curtum,Cryptobacterium curtum,species,3.356672275666039e-05,abund,0.0,1,0
Kraken2,default,Kraken2_default,ZymoMockD6331,ZymoMockD6331,ont,D6331_Zymo,1531429,1531429,                  Berryella intestinalis,Berryella intestinalis,species,3.356672275666039e-05,abund,0.0,1,1
Kraken2,default,Kraken2_default,ZymoMockD6331,ZymoMockD6331,ont,D6331_Zymo,3101277,3101277,                    Candidatus Poriferisodalis sp.,Candidatus Poriferisodalis sp.,species,3.356672275666039e-05,abund,0.0,1,1
Kraken2,default,Kraken2_default,ZymoMockD6331,ZymoMockD6331,ont,D6331_Zymo,2843216,2843216,                  Miltoncostaea oceani,Miltoncostaea oceani,species,3.356672275666039e-05,abund,0.0,1,1
Kraken2,default,Kraken2_default,ZymoMockD6331,ZymoMockD6331,ont,D6331_Zymo,2914041,2914041,                      Nostoc sp. UHCC 0870,Nostoc sp. UHCC 0870,species,0.00013426689102664157,abund,0.0,4,4
Kraken2,default,Kraken2_default,ZymoMockD6331,ZymoMockD6331,ont,D6331_Zymo,317936,317936,                      Nostoc sp. PCC 7107,Nostoc sp. PCC 7107,species,0.00010070016826998118,abund,0.0,3,3
Kraken2,default,Kraken2_default,ZymoMockD6331,ZymoMockD6331,ont,D6331_Zymo,2576904,2576904,                      Nostoc sp. TCL26-01,Nostoc sp. TCL26-01,species,0.00010070016826998118,abund,0.0,3,3
Kraken2,default,Kraken2_default,ZymoMockD6331,ZymoMockD6331,ont,D6331_Zymo,28072,28072,                      Nostoc sp. PCC 7524,Nostoc sp. PCC 7524,species,3.356672275666039e-05,abund,0.0,1,1
Kraken2,default,Kraken2_default,ZymoMockD6331,ZymoMockD6331,ont,D6331_Zymo,1751286,1751286,                      Nostoc sp. NIES-3756,Nostoc sp. NIES-3756,species,3.356672275666039e-05,abund,0.0,1,1
Kraken2,default,Kraken2_default,ZymoMockD6331,ZymoMockD6331,ont,D6331_Zymo,3134896,3134896,                      Nostoc sp. UHCC 0302,Nostoc sp. UHCC 0302,species,3.356672275666039e-05,abund,0.0,1,1
Kraken2,default,Kraken2_default,ZymoMockD6331,ZymoMockD6331,ont,D6331_Zymo,1261031,1261031,                        Nostoc sp. 'Peltigera membranacea cyanobiont' N6,Nostoc sp. 'Peltigera membranacea cyanobiont' N6,species,3.356672275666039e-05,abund,0.0,1,1
Kraken2,default,Kraken2_default,ZymoMockD6331,ZymoMockD6331,ont,D6331_Zymo,264686,264686,                    Nostoc edaphicum,Nostoc edaphicum,species,6.713344551332078e-05,abund,0.0,2,0
Kraken2,default,Kraken2_default,ZymoMockD6331,ZymoMockD6331,ont,D6331_Zymo,1178,1178,                    Nostoc commune,Nostoc commune,species,3.356672275666039e-05,abund,0.0,1,0
Kraken2,default,Kraken2_default,ZymoMockD6331,ZymoMockD6331,ont,D6331_Zymo,272131,272131,                    Nostoc punctiforme,Nostoc punctiforme,species,3.356672275666039e-05,abund,0.0,1,0
Kraken2,default,Kraken2_default,ZymoMockD6331,ZymoMockD6331,ont,D6331_Zymo,1165,1165,                    Anabaena cylindrica,Anabaena cylindrica,species,0.00020140033653996236,abund,0.0,6,0
Kraken2,default,Kraken2_default,ZymoMockD6331,ZymoMockD6331,ont,D6331_Zymo,197653,197653,                    Anabaena azotica,Anabaena azotica,species,0.00010070016826998118,abund,0.0,3,0
Kraken2,default,Kraken2_default,ZymoMockD6331,ZymoMockD6331,ont,D6331_Zymo,46234,46234,                      Anabaena sp. 90,Anabaena sp. 90,species,6.713344551332078e-05,abund,0.0,2,2
Kraken2,default,Kraken2_default,ZymoMockD6331,ZymoMockD6331,ont,D6331_Zymo,1164,1164,                    Trichormus azollae,Trichormus azollae,species,6.713344551332078e-05,abund,0.0,2,0
Kraken2,default,Kraken2_default,ZymoMockD6331,ZymoMockD6331,ont,D6331_Zymo,99598,99598,                      Calothrix sp. PCC 7507,Calothrix sp. PCC 7507,species,0.0003692339503232643,abund,0.0,11,11
Kraken2,default,Kraken2_default,ZymoMockD6331,ZymoMockD6331,ont,D6331_Zymo,1337936,1337936,                      Calothrix sp. 336/3,Calothrix sp. 336/3,species,0.00010070016826998118,abund,0.0,3,3
Kraken2,default,Kraken2_default,ZymoMockD6331,ZymoMockD6331,ont,D6331_Zymo,1170562,1170562,                      Calothrix sp. PCC 6303,Calothrix sp. PCC 6303,species,3.356672275666039e-05,abund,0.0,1,1
Kraken2,default,Kraken2_default,ZymoMockD6331,ZymoMockD6331,ont,D6331_Zymo,70799,70799,                    Nodularia spumigena,Nodularia spumigena,species,0.00023496705929662275,abund,0.0,7,3
Kraken2,default,Kraken2_default,ZymoMockD6331,ZymoMockD6331,ont,D6331_Zymo,1620816,1620816,                    Halotia branconii,Halotia branconii,species,3.356672275666039e-05,abund,0.0,1,0
Kraken2,default,Kraken2_default,ZymoMockD6331,ZymoMockD6331,ont,D6331_Zymo,373994,373994,                      Rivularia sp. PCC 7116,Rivularia sp. PCC 7116,species,6.713344551332078e-05,abund,0.0,2,2
Kraken2,default,Kraken2_default,ZymoMockD6331,ZymoMockD6331,ont,D6331_Zymo,1124,1124,                    Chlorogloeopsis fritschii,Chlorogloeopsis fritschii,species,6.713344551332078e-05,abund,0.0,2,2
Kraken2,default,Kraken2_default,ZymoMockD6331,ZymoMockD6331,ont,D6331_Zymo,2597771,2597771,                      Fischerella sp. JS2,Fischerella sp. JS2,species,6.713344551332078e-05,abund,0.0,2,2
Kraken2,default,Kraken2_default,ZymoMockD6331,ZymoMockD6331,ont,D6331_Zymo,747548,747548,                    Cylindrospermopsis curvispora,Cylindrospermopsis curvispora,species,3.356672275666039e-05,abund,0.0,1,0
Kraken2,default,Kraken2_default,ZymoMockD6331,ZymoMockD6331,ont,D6331_Zymo,713887,713887,                      Candidatus Atelocyanobacterium thalassa,Candidatus Atelocyanobacterium thalassa,species,0.0003356672275666039,abund,0.0,10,0
Kraken2,default,Kraken2_default,ZymoMockD6331,ZymoMockD6331,ont,D6331_Zymo,2546360,2546360,                      Crocosphaera subtropica,Crocosphaera subtropica,species,0.00016783361378330195,abund,0.0,5,0
Kraken2,default,Kraken2_default,ZymoMockD6331,ZymoMockD6331,ont,D6331_Zymo,2546356,2546356,                      Gloeothece citriformis,Gloeothece citriformis,species,6.713344551332078e-05,abund,0.0,2,0
Kraken2,default,Kraken2_default,ZymoMockD6331,ZymoMockD6331,ont,D6331_Zymo,2546359,2546359,                      Gloeothece verrucosa,Gloeothece verrucosa,species,3.356672275666039e-05,abund,0.0,1,0
Kraken2,default,Kraken2_default,ZymoMockD6331,ZymoMockD6331,ont,D6331_Zymo,379064,379064,                      Cyanobacterium aponinum,Cyanobacterium aponinum,species,0.00016783361378330195,abund,0.0,5,3
Kraken2,default,Kraken2_default,ZymoMockD6331,ZymoMockD6331,ont,D6331_Zymo,2976343,2976343,                        Cyanobacterium sp. uoEpiScrs1,Cyanobacterium sp. uoEpiScrs1,species,3.356672275666039e-05,abund,0.0,1,1
Kraken2,default,Kraken2_default,ZymoMockD6331,ZymoMockD6331,ont,D6331_Zymo,1615909,1615909,                        Geminocystis sp. NIES-3708,Geminocystis sp. NIES-3708,species,6.713344551332078e-05,abund,0.0,2,2
Kraken2,default,Kraken2_default,ZymoMockD6331,ZymoMockD6331,ont,D6331_Zymo,1617448,1617448,                        Geminocystis sp. NIES-3709,Geminocystis sp. NIES-3709,species,6.713344551332078e-05,abund,0.0,2,2
Kraken2,default,Kraken2_default,ZymoMockD6331,ZymoMockD6331,ont,D6331_Zymo,1126,1126,                      Microcystis aeruginosa,Microcystis aeruginosa,species,0.00013426689102664157,abund,0.0,4,2
Kraken2,default,Kraken2_default,ZymoMockD6331,ZymoMockD6331,ont,D6331_Zymo,1173026,1173026,                        Gloeocapsa sp. PCC 7428,Gloeocapsa sp. PCC 7428,species,0.00010070016826998118,abund,0.0,3,3
Kraken2,default,Kraken2_default,ZymoMockD6331,ZymoMockD6331,ont,D6331_Zymo,2859516,2859516,                      Gloeocapsopsis dulcis,Gloeocapsopsis dulcis,species,3.356672275666039e-05,abund,0.0,1,1
Kraken2,default,Kraken2_default,ZymoMockD6331,ZymoMockD6331,ont,D6331_Zymo,1206,1206,                      Trichodesmium erythraeum,Trichodesmium erythraeum,species,0.00016783361378330195,abund,0.0,5,0
Kraken2,default,Kraken2_default,ZymoMockD6331,ZymoMockD6331,ont,D6331_Zymo,2705319,2705319,                      Microcoleus anatoxicus,Microcoleus anatoxicus,species,0.00016783361378330195,abund,0.0,5,5
Kraken2,default,Kraken2_default,ZymoMockD6331,ZymoMockD6331,ont,D6331_Zymo,2874213,2874213,                      Oxynema aestuarii,Oxynema aestuarii,species,0.00020140033653996236,abund,0.0,6,0
Kraken2,default,Kraken2_default,ZymoMockD6331,ZymoMockD6331,ont,D6331_Zymo,482564,482564,                      Oscillatoria nigro-viridis,Oscillatoria nigro-viridis,species,6.713344551332078e-05,abund,0.0,2,0
Kraken2,default,Kraken2_default,ZymoMockD6331,ZymoMockD6331,ont,D6331_Zymo,132608,132608,                      Planktothricoides raciborskii,Planktothricoides raciborskii,species,3.356672275666039e-05,abund,0.0,1,0
Kraken2,default,Kraken2_default,ZymoMockD6331,ZymoMockD6331,ont,D6331_Zymo,54297,54297,                      Limnospira fusiformis,Limnospira fusiformis,species,0.00010070016826998118,abund,0.0,3,0
Kraken2,default,Kraken2_default,ZymoMockD6331,ZymoMockD6331,ont,D6331_Zymo,1155739,1155739,                    Moorena producens,Moorena producens,species,0.0019468699198863027,abund,0.0,58,0
Kraken2,default,Kraken2_default,ZymoMockD6331,ZymoMockD6331,ont,D6331_Zymo,1219,1219,                    Prochlorococcus marinus,Prochlorococcus marinus,species,0.0005706342868632267,abund,0.0,17,2
Kraken2,default,Kraken2_default,ZymoMockD6331,ZymoMockD6331,ont,D6331_Zymo,3096219,3096219,                      Prochlorococcus sp. MIT 1307,Prochlorococcus sp. MIT 1307,species,6.713344551332078e-05,abund,0.0,2,2
Kraken2,default,Kraken2_default,ZymoMockD6331,ZymoMockD6331,ont,D6331_Zymo,3096218,3096218,                      Prochlorococcus sp. MIT 1300,Prochlorococcus sp. MIT 1300,species,3.356672275666039e-05,abund,0.0,1,1
Kraken2,default,Kraken2_default,ZymoMockD6331,ZymoMockD6331,ont,D6331_Zymo,1501269,1501269,                      Prochlorococcus sp. MIT 0801,Prochlorococcus sp. MIT 0801,species,3.356672275666039e-05,abund,0.0,1,1
Kraken2,default,Kraken2_default,ZymoMockD6331,ZymoMockD6331,ont,D6331_Zymo,3082521,3082521,                      Prochlorococcus sp. MIT 0916,Prochlorococcus sp. MIT 0916,species,3.356672275666039e-05,abund,0.0,1,1
Kraken2,default,Kraken2_default,ZymoMockD6331,ZymoMockD6331,ont,D6331_Zymo,3082549,3082549,                      Synechococcus sp. MIT S1220,Synechococcus sp. MIT S1220,species,0.00010070016826998118,abund,0.0,3,3
Kraken2,default,Kraken2_default,ZymoMockD6331,ZymoMockD6331,ont,D6331_Zymo,3103139,3103139,                      Synechococcus sp. M16CYN,Synechococcus sp. M16CYN,species,6.713344551332078e-05,abund,0.0,2,2
Kraken2,default,Kraken2_default,ZymoMockD6331,ZymoMockD6331,ont,D6331_Zymo,1400864,1400864,                      Synechococcus sp. BIOS-E4-1,Synechococcus sp. BIOS-E4-1,species,3.356672275666039e-05,abund,0.0,1,1
Kraken2,default,Kraken2_default,ZymoMockD6331,ZymoMockD6331,ont,D6331_Zymo,1050635,1050635,                      Synechococcus sp. A15-24,Synechococcus sp. A15-24,species,3.356672275666039e-05,abund,0.0,1,1
Kraken2,default,Kraken2_default,ZymoMockD6331,ZymoMockD6331,ont,D6331_Zymo,1442554,1442554,                      Synechococcus sp. MEDNS5,Synechococcus sp. MEDNS5,species,3.356672275666039e-05,abund,0.0,1,1
Kraken2,default,Kraken2_default,ZymoMockD6331,ZymoMockD6331,ont,D6331_Zymo,3082546,3082546,                      Synechococcus sp. MIT S9452,Synechococcus sp. MIT S9452,species,3.356672275666039e-05,abund,0.0,1,1
Kraken2,default,Kraken2_default,ZymoMockD6331,ZymoMockD6331,ont,D6331_Zymo,1147,1147,                      Synechocystis sp. PCC 6714,Synechocystis sp. PCC 6714,species,3.356672275666039e-05,abund,0.0,1,1
Kraken2,default,Kraken2_default,ZymoMockD6331,ZymoMockD6331,ont,D6331_Zymo,3082949,3082949,                      Altericista sp. CCNU0014,Altericista sp. CCNU0014,species,6.713344551332078e-05,abund,0.0,2,2
Kraken2,default,Kraken2_default,ZymoMockD6331,ZymoMockD6331,ont,D6331_Zymo,1080068,1080068,                        Leptolyngbya sp. O-77,Leptolyngbya sp. O-77,species,0.00016783361378330195,abund,0.0,5,5
Kraken2,default,Kraken2_default,ZymoMockD6331,ZymoMockD6331,ont,D6331_Zymo,2692802,2692802,                        Leptolyngbya sp. FACHB-1624,Leptolyngbya sp. FACHB-1624,species,3.356672275666039e-05,abund,0.0,1,1
Kraken2,default,Kraken2_default,ZymoMockD6331,ZymoMockD6331,ont,D6331_Zymo,1184,1184,                      Leptolyngbya boryana,Leptolyngbya boryana,species,0.00013426689102664157,abund,0.0,4,2
Kraken2,default,Kraken2_default,ZymoMockD6331,ZymoMockD6331,ont,D6331_Zymo,2917832,2917832,                    Leptothermofonsia sichuanensis,Leptothermofonsia sichuanensis,species,0.00020140033653996236,abund,0.0,6,0
Kraken2,default,Kraken2_default,ZymoMockD6331,ZymoMockD6331,ont,D6331_Zymo,2931930,2931930,                    Kovacikia minuta,Kovacikia minuta,species,0.00013426689102664157,abund,0.0,4,0
Kraken2,default,Kraken2_default,ZymoMockD6331,ZymoMockD6331,ont,D6331_Zymo,2906798,2906798,                    Leptodesmis sichuanensis,Leptodesmis sichuanensis,species,0.00013426689102664157,abund,0.0,4,0
Kraken2,default,Kraken2_default,ZymoMockD6331,ZymoMockD6331,ont,D6331_Zymo,1481672,1481672,                    Trichocoleus desertorum,Trichocoleus desertorum,species,3.356672275666039e-05,abund,0.0,1,0
Kraken2,default,Kraken2_default,ZymoMockD6331,ZymoMockD6331,ont,D6331_Zymo,310037,310037,                      Acaryochloris sp. CCMEE 5410,Acaryochloris sp. CCMEE 5410,species,0.00023496705929662275,abund,0.0,7,7
Kraken2,default,Kraken2_default,ZymoMockD6331,ZymoMockD6331,ont,D6331_Zymo,155978,155978,                    Acaryochloris marina,Acaryochloris marina,species,0.00016783361378330195,abund,0.0,5,5
Kraken2,default,Kraken2_default,ZymoMockD6331,ZymoMockD6331,ont,D6331_Zymo,102116,102116,                    Stanieria cyanosphaera,Stanieria cyanosphaera,species,0.00020140033653996236,abund,0.0,6,0
Kraken2,default,Kraken2_default,ZymoMockD6331,ZymoMockD6331,ont,D6331_Zymo,3040204,3040204,                      Pleurocapsa sp. FMAR1,Pleurocapsa sp. FMAR1,species,3.356672275666039e-05,abund,0.0,1,1
Kraken2,default,Kraken2_default,ZymoMockD6331,ZymoMockD6331,ont,D6331_Zymo,241425,241425,                    Crinalium epipsammum,Crinalium epipsammum,species,0.00013426689102664157,abund,0.0,4,0
Kraken2,default,Kraken2_default,ZymoMockD6331,ZymoMockD6331,ont,D6331_Zymo,1173032,1173032,                    Chamaesiphon minutus,Chamaesiphon minutus,species,6.713344551332078e-05,abund,0.0,2,0
Kraken2,default,Kraken2_default,ZymoMockD6331,ZymoMockD6331,ont,D6331_Zymo,82654,82654,                      Pseudanabaena sp. PCC 7367,Pseudanabaena sp. PCC 7367,species,0.00010070016826998118,abund,0.0,3,3
Kraken2,default,Kraken2_default,ZymoMockD6331,ZymoMockD6331,ont,D6331_Zymo,1209493,1209493,                    Halomicronema hongdechloris,Halomicronema hongdechloris,species,6.713344551332078e-05,abund,0.0,2,0
Kraken2,default,Kraken2_default,ZymoMockD6331,ZymoMockD6331,ont,D6331_Zymo,292566,292566,                    Dactylococcopsis salina,Dactylococcopsis salina,species,3.356672275666039e-05,abund,0.0,1,0
Kraken2,default,Kraken2_default,ZymoMockD6331,ZymoMockD6331,ont,D6331_Zymo,1763363,1763363,              cyanobacterium endosymbiont of Rhopalodia gibberula,cyanobacterium endosymbiont of Rhopalodia gibberula,species,3.356672275666039e-05,abund,0.0,1,1
Kraken2,default,Kraken2_default,ZymoMockD6331,ZymoMockD6331,ont,D6331_Zymo,3066322,3066322,                    Spiroplasma endosymbiont of Diplazon laetatorius,Spiroplasma endosymbiont of Diplazon laetatorius,species,0.00016783361378330195,abund,0.0,5,5
Kraken2,default,Kraken2_default,ZymoMockD6331,ZymoMockD6331,ont,D6331_Zymo,3066314,3066314,                    Spiroplasma endosymbiont of Panorpa germanica,Spiroplasma endosymbiont of Panorpa germanica,species,0.00010070016826998118,abund,0.0,3,3
Kraken2,default,Kraken2_default,ZymoMockD6331,ZymoMockD6331,ont,D6331_Zymo,2967972,2967972,                    Spiroplasma endosymbiont of Anurida maritima,Spiroplasma endosymbiont of Anurida maritima,species,3.356672275666039e-05,abund,0.0,1,1
Kraken2,default,Kraken2_default,ZymoMockD6331,ZymoMockD6331,ont,D6331_Zymo,3066305,3066305,                    Spiroplasma endosymbiont of Labia minor,Spiroplasma endosymbiont of Labia minor,species,3.356672275666039e-05,abund,0.0,1,1
Kraken2,default,Kraken2_default,ZymoMockD6331,ZymoMockD6331,ont,D6331_Zymo,3066291,3066291,                    Spiroplasma endosymbiont of Atherix ibis,Spiroplasma endosymbiont of Atherix ibis,species,3.356672275666039e-05,abund,0.0,1,1
Kraken2,default,Kraken2_default,ZymoMockD6331,ZymoMockD6331,ont,D6331_Zymo,3077930,3077930,                    Spiroplasma endosymbiont of Agriotes lineatus,Spiroplasma endosymbiont of Agriotes lineatus,species,3.356672275666039e-05,abund,0.0,1,1
Kraken2,default,Kraken2_default,ZymoMockD6331,ZymoMockD6331,ont,D6331_Zymo,2570468,2570468,                    Spiroplasma sp. SV19,Spiroplasma sp. SV19,species,3.356672275666039e-05,abund,0.0,1,1
Kraken2,default,Kraken2_default,ZymoMockD6331,ZymoMockD6331,ont,D6331_Zymo,216964,216964,                    Spiroplasma sp. BIUS-1,Spiroplasma sp. BIUS-1,species,3.356672275666039e-05,abund,0.0,1,1
Kraken2,default,Kraken2_default,ZymoMockD6331,ZymoMockD6331,ont,D6331_Zymo,2138,2138,                  Spiroplasma poulsonii,Spiroplasma poulsonii,species,0.00026853378205328313,abund,0.0,8,8
Kraken2,default,Kraken2_default,ZymoMockD6331,ZymoMockD6331,ont,D6331_Zymo,2145,2145,                  Spiroplasma taiwanense,Spiroplasma taiwanense,species,0.00010070016826998118,abund,0.0,3,0
Kraken2,default,Kraken2_default,ZymoMockD6331,ZymoMockD6331,ont,D6331_Zymo,362837,362837,                  Spiroplasma cantharicola,Spiroplasma cantharicola,species,3.356672275666039e-05,abund,0.0,1,1
Kraken2,default,Kraken2_default,ZymoMockD6331,ZymoMockD6331,ont,D6331_Zymo,324079,324079,                  Spiroplasma tabanidicola,Spiroplasma tabanidicola,species,3.356672275666039e-05,abund,0.0,1,1
Kraken2,default,Kraken2_default,ZymoMockD6331,ZymoMockD6331,ont,D6331_Zymo,216934,216934,                  Spiroplasma corruscae,Spiroplasma corruscae,species,3.356672275666039e-05,abund,0.0,1,1
Kraken2,default,Kraken2_default,ZymoMockD6331,ZymoMockD6331,ont,D6331_Zymo,216946,216946,                  Spiroplasma turonicum,Spiroplasma turonicum,species,3.356672275666039e-05,abund,0.0,1,1
Kraken2,default,Kraken2_default,ZymoMockD6331,ZymoMockD6331,ont,D6331_Zymo,2133,2133,                  Spiroplasma citri,Spiroplasma citri,species,3.356672275666039e-05,abund,0.0,1,1
Kraken2,default,Kraken2_default,ZymoMockD6331,ZymoMockD6331,ont,D6331_Zymo,216932,216932,                  Spiroplasma chinense,Spiroplasma chinense,species,3.356672275666039e-05,abund,0.0,1,1
Kraken2,default,Kraken2_default,ZymoMockD6331,ZymoMockD6331,ont,D6331_Zymo,2151,2151,                  Mesoplasma florum,Mesoplasma florum,species,0.00023496705929662275,abund,0.0,7,7
Kraken2,default,Kraken2_default,ZymoMockD6331,ZymoMockD6331,ont,D6331_Zymo,2149,2149,                  Mesoplasma entomophilum,Mesoplasma entomophilum,species,3.356672275666039e-05,abund,0.0,1,1
Kraken2,default,Kraken2_default,ZymoMockD6331,ZymoMockD6331,ont,D6331_Zymo,138853,138853,                  Mesoplasma lactucae,Mesoplasma lactucae,species,3.356672275666039e-05,abund,0.0,1,0
Kraken2,default,Kraken2_default,ZymoMockD6331,ZymoMockD6331,ont,D6331_Zymo,216427,216427,                  Mesoplasma chauliocola,Mesoplasma chauliocola,species,3.356672275666039e-05,abund,0.0,1,1
Kraken2,default,Kraken2_default,ZymoMockD6331,ZymoMockD6331,ont,D6331_Zymo,214888,214888,                Williamsoniiplasma luminosum,Williamsoniiplasma luminosum,species,6.713344551332078e-05,abund,0.0,2,2
Kraken2,default,Kraken2_default,ZymoMockD6331,ZymoMockD6331,ont,D6331_Zymo,3398776,3398776,                    Mycoplasma sp. 005V,Mycoplasma sp. 005V,species,0.00020140033653996236,abund,0.0,6,6
Kraken2,default,Kraken2_default,ZymoMockD6331,ZymoMockD6331,ont,D6331_Zymo,2683967,2683967,                    Mycoplasma sp. NEAQ87857,Mycoplasma sp. NEAQ87857,species,0.00010070016826998118,abund,0.0,3,3
Kraken2,default,Kraken2_default,ZymoMockD6331,ZymoMockD6331,ont,D6331_Zymo,2810348,2810348,                    Mycoplasma sp. SG1,Mycoplasma sp. SG1,species,6.713344551332078e-05,abund,0.0,2,2
Kraken2,default,Kraken2_default,ZymoMockD6331,ZymoMockD6331,ont,D6331_Zymo,640330,640330,                    Mycoplasma sp. Pen4,Mycoplasma sp. Pen4,species,3.356672275666039e-05,abund,0.0,1,1
Kraken2,default,Kraken2_default,ZymoMockD6331,ZymoMockD6331,ont,D6331_Zymo,2967302,2967302,                    Mycoplasma sp. 1018B,Mycoplasma sp. 1018B,species,3.356672275666039e-05,abund,0.0,1,1
Kraken2,default,Kraken2_default,ZymoMockD6331,ZymoMockD6331,ont,D6331_Zymo,2725994,2725994,                    Mycoplasma sp. 1654_15,Mycoplasma sp. 1654_15,species,3.356672275666039e-05,abund,0.0,1,1
Kraken2,default,Kraken2_default,ZymoMockD6331,ZymoMockD6331,ont,D6331_Zymo,1179777,1179777,                    Mycoplasma feriruminatoris,Mycoplasma feriruminatoris,species,0.00016783361378330195,abund,0.0,5,5
Kraken2,default,Kraken2_default,ZymoMockD6331,ZymoMockD6331,ont,D6331_Zymo,2095,2095,                    Mycoplasma capricolum,Mycoplasma capricolum,species,3.356672275666039e-05,abund,0.0,1,0
Kraken2,default,Kraken2_default,ZymoMockD6331,ZymoMockD6331,ont,D6331_Zymo,2102,2102,                    Mycoplasma mycoides,Mycoplasma mycoides,species,3.356672275666039e-05,abund,0.0,1,0
Kraken2,default,Kraken2_default,ZymoMockD6331,ZymoMockD6331,ont,D6331_Zymo,519450,519450,                  Mycoplasma anserisalpingitidis,Mycoplasma anserisalpingitidis,species,0.00013426689102664157,abund,0.0,4,4
Kraken2,default,Kraken2_default,ZymoMockD6331,ZymoMockD6331,ont,D6331_Zymo,57372,57372,                  Mycoplasma suis,Mycoplasma suis,species,0.00013426689102664157,abund,0.0,4,3
Kraken2,default,Kraken2_default,ZymoMockD6331,ZymoMockD6331,ont,D6331_Zymo,50052,50052,                  Mycoplasma crocodyli,Mycoplasma crocodyli,species,0.00010070016826998118,abund,0.0,3,0
Kraken2,default,Kraken2_default,ZymoMockD6331,ZymoMockD6331,ont,D6331_Zymo,2963128,2963128,                  Mycoplasma bradburyae,Mycoplasma bradburyae,species,6.713344551332078e-05,abund,0.0,2,2
Kraken2,default,Kraken2_default,ZymoMockD6331,ZymoMockD6331,ont,D6331_Zymo,2106,2106,                  Mycoplasma corogypsi,Mycoplasma corogypsi,species,6.713344551332078e-05,abund,0.0,2,2
Kraken2,default,Kraken2_default,ZymoMockD6331,ZymoMockD6331,ont,D6331_Zymo,136241,136241,                  Mycoplasma haemocanis,Mycoplasma haemocanis,species,6.713344551332078e-05,abund,0.0,2,0
Kraken2,default,Kraken2_default,ZymoMockD6331,ZymoMockD6331,ont,D6331_Zymo,1312741,1312741,                  Mycoplasma aquilae,Mycoplasma aquilae,species,3.356672275666039e-05,abund,0.0,1,0
Kraken2,default,Kraken2_default,ZymoMockD6331,ZymoMockD6331,ont,D6331_Zymo,273136,273136,                  Mycoplasma amphoriforme,Mycoplasma amphoriforme,species,3.356672275666039e-05,abund,0.0,1,0
Kraken2,default,Kraken2_default,ZymoMockD6331,ZymoMockD6331,ont,D6331_Zymo,2726117,2726117,                  Mycoplasma phocoeninasale,Mycoplasma phocoeninasale,species,3.356672275666039e-05,abund,0.0,1,1
Kraken2,default,Kraken2_default,ZymoMockD6331,ZymoMockD6331,ont,D6331_Zymo,295596,295596,                  Candidatus Hepatoplasma crinochetorum,Candidatus Hepatoplasma crinochetorum,species,6.713344551332078e-05,abund,0.0,2,0
Kraken2,default,Kraken2_default,ZymoMockD6331,ZymoMockD6331,ont,D6331_Zymo,38986,38986,                  Alteracholeplasma palmae,Alteracholeplasma palmae,species,0.00013426689102664157,abund,0.0,4,0
Kraken2,default,Kraken2_default,ZymoMockD6331,ZymoMockD6331,ont,D6331_Zymo,69896,69896,                    Candidatus Phytoplasma solani,Candidatus Phytoplasma solani,species,3.356672275666039e-05,abund,0.0,1,1
Kraken2,default,Kraken2_default,ZymoMockD6331,ZymoMockD6331,ont,D6331_Zymo,61635,61635,                  Paracholeplasma brassicae,Paracholeplasma brassicae,species,6.713344551332078e-05,abund,0.0,2,2
Kraken2,default,Kraken2_default,ZymoMockD6331,ZymoMockD6331,ont,D6331_Zymo,2735436,2735436,                  Mariniplasma anaerobium,Mariniplasma anaerobium,species,3.356672275666039e-05,abund,0.0,1,1
Kraken2,default,Kraken2_default,ZymoMockD6331,ZymoMockD6331,ont,D6331_Zymo,29553,29553,                Mycoplasmopsis bovirhinis,Mycoplasmopsis bovirhinis,species,0.00020140033653996236,abund,0.0,6,6
Kraken2,default,Kraken2_default,ZymoMockD6331,ZymoMockD6331,ont,D6331_Zymo,171291,171291,                Mycoplasmopsis verecunda,Mycoplasmopsis verecunda,species,0.00010070016826998118,abund,0.0,3,3
Kraken2,default,Kraken2_default,ZymoMockD6331,ZymoMockD6331,ont,D6331_Zymo,114885,114885,                Mycoplasmopsis maculosa,Mycoplasmopsis maculosa,species,0.00010070016826998118,abund,0.0,3,3
Kraken2,default,Kraken2_default,ZymoMockD6331,ZymoMockD6331,ont,D6331_Zymo,2110,2110,                Mycoplasmopsis agalactiae,Mycoplasmopsis agalactiae,species,6.713344551332078e-05,abund,0.0,2,2
Kraken2,default,Kraken2_default,ZymoMockD6331,ZymoMockD6331,ont,D6331_Zymo,2113,2113,                Mycoplasmopsis californica,Mycoplasmopsis californica,species,6.713344551332078e-05,abund,0.0,2,2
Kraken2,default,Kraken2_default,ZymoMockD6331,ZymoMockD6331,ont,D6331_Zymo,2109,2109,                Mycoplasmopsis synoviae,Mycoplasmopsis synoviae,species,6.713344551332078e-05,abund,0.0,2,2
Kraken2,default,Kraken2_default,ZymoMockD6331,ZymoMockD6331,ont,D6331_Zymo,33923,33923,                Mycoplasmopsis felis,Mycoplasmopsis felis,species,6.713344551332078e-05,abund,0.0,2,2
Kraken2,default,Kraken2_default,ZymoMockD6331,ZymoMockD6331,ont,D6331_Zymo,2112,2112,                Mycoplasmopsis bovigenitalium,Mycoplasmopsis bovigenitalium,species,3.356672275666039e-05,abund,0.0,1,1
Kraken2,default,Kraken2_default,ZymoMockD6331,ZymoMockD6331,ont,D6331_Zymo,171285,171285,                Mycoplasmopsis glycophila,Mycoplasmopsis glycophila,species,3.356672275666039e-05,abund,0.0,1,1
Kraken2,default,Kraken2_default,ZymoMockD6331,ZymoMockD6331,ont,D6331_Zymo,171282,171282,                Mycoplasmopsis columboralis,Mycoplasmopsis columboralis,species,3.356672275666039e-05,abund,0.0,1,1
Kraken2,default,Kraken2_default,ZymoMockD6331,ZymoMockD6331,ont,D6331_Zymo,29558,29558,                Mycoplasmopsis hyopharyngis,Mycoplasmopsis hyopharyngis,species,3.356672275666039e-05,abund,0.0,1,1
Kraken2,default,Kraken2_default,ZymoMockD6331,ZymoMockD6331,ont,D6331_Zymo,142650,142650,                Mycoplasmopsis phocirhinis,Mycoplasmopsis phocirhinis,species,3.356672275666039e-05,abund,0.0,1,1
Kraken2,default,Kraken2_default,ZymoMockD6331,ZymoMockD6331,ont,D6331_Zymo,33922,33922,                Mycoplasmopsis agassizii,Mycoplasmopsis agassizii,species,3.356672275666039e-05,abund,0.0,1,1
Kraken2,default,Kraken2_default,ZymoMockD6331,ZymoMockD6331,ont,D6331_Zymo,171287,171287,                Mesomycoplasma moatsii,Mesomycoplasma moatsii,species,0.00016783361378330195,abund,0.0,5,5
Kraken2,default,Kraken2_default,ZymoMockD6331,ZymoMockD6331,ont,D6331_Zymo,29562,29562,                Mesomycoplasma ovipneumoniae,Mesomycoplasma ovipneumoniae,species,0.00013426689102664157,abund,0.0,4,4
Kraken2,default,Kraken2_default,ZymoMockD6331,ZymoMockD6331,ont,D6331_Zymo,2099,2099,                Mesomycoplasma hyopneumoniae,Mesomycoplasma hyopneumoniae,species,6.713344551332078e-05,abund,0.0,2,2
Kraken2,default,Kraken2_default,ZymoMockD6331,ZymoMockD6331,ont,D6331_Zymo,2100,2100,                Mesomycoplasma hyorhinis,Mesomycoplasma hyorhinis,species,6.713344551332078e-05,abund,0.0,2,1
Kraken2,default,Kraken2_default,ZymoMockD6331,ZymoMockD6331,ont,D6331_Zymo,45361,45361,                Mesomycoplasma conjunctivae,Mesomycoplasma conjunctivae,species,6.713344551332078e-05,abund,0.0,2,2
Kraken2,default,Kraken2_default,ZymoMockD6331,ZymoMockD6331,ont,D6331_Zymo,86660,86660,                Mesomycoplasma dispar,Mesomycoplasma dispar,species,3.356672275666039e-05,abund,0.0,1,1
Kraken2,default,Kraken2_default,ZymoMockD6331,ZymoMockD6331,ont,D6331_Zymo,35769,35769,                Metamycoplasma gateae,Metamycoplasma gateae,species,0.00010070016826998118,abund,0.0,3,3
Kraken2,default,Kraken2_default,ZymoMockD6331,ZymoMockD6331,ont,D6331_Zymo,2098,2098,                Metamycoplasma hominis,Metamycoplasma hominis,species,3.356672275666039e-05,abund,0.0,1,1
Kraken2,default,Kraken2_default,ZymoMockD6331,ZymoMockD6331,ont,D6331_Zymo,142649,142649,                Metamycoplasma phocicerebrale,Metamycoplasma phocicerebrale,species,3.356672275666039e-05,abund,0.0,1,1
Kraken2,default,Kraken2_default,ZymoMockD6331,ZymoMockD6331,ont,D6331_Zymo,92407,92407,                Metamycoplasma subdolum,Metamycoplasma subdolum,species,3.356672275666039e-05,abund,0.0,1,1
Kraken2,default,Kraken2_default,ZymoMockD6331,ZymoMockD6331,ont,D6331_Zymo,92404,92404,                [Mycoplasma] gypis,[Mycoplasma] gypis,species,3.356672275666039e-05,abund,0.0,1,1
Kraken2,default,Kraken2_default,ZymoMockD6331,ZymoMockD6331,ont,D6331_Zymo,29559,29559,                Metamycoplasma hyosynoviae,Metamycoplasma hyosynoviae,species,3.356672275666039e-05,abund,0.0,1,1
Kraken2,default,Kraken2_default,ZymoMockD6331,ZymoMockD6331,ont,D6331_Zymo,55602,55602,                Metamycoplasma buccale,Metamycoplasma buccale,species,3.356672275666039e-05,abund,0.0,1,1
Kraken2,default,Kraken2_default,ZymoMockD6331,ZymoMockD6331,ont,D6331_Zymo,42094,42094,                Ureaplasma diversum,Ureaplasma diversum,species,0.00010070016826998118,abund,0.0,3,3
Kraken2,default,Kraken2_default,ZymoMockD6331,ZymoMockD6331,ont,D6331_Zymo,2130,2130,                Ureaplasma urealyticum,Ureaplasma urealyticum,species,3.356672275666039e-05,abund,0.0,1,1
Kraken2,default,Kraken2_default,ZymoMockD6331,ZymoMockD6331,ont,D6331_Zymo,2097,2097,                Mycoplasmoides genitalium,Mycoplasmoides genitalium,species,0.00010070016826998118,abund,0.0,3,3
Kraken2,default,Kraken2_default,ZymoMockD6331,ZymoMockD6331,ont,D6331_Zymo,92757,92757,                [Mycoplasma] cavipharyngis,[Mycoplasma] cavipharyngis,species,3.356672275666039e-05,abund,0.0,1,1
Kraken2,default,Kraken2_default,ZymoMockD6331,ZymoMockD6331,ont,D6331_Zymo,2119,2119,                Malacoplasma muris,Malacoplasma muris,species,0.00010070016826998118,abund,0.0,3,3
Kraken2,default,Kraken2_default,ZymoMockD6331,ZymoMockD6331,ont,D6331_Zymo,3242468,3242468,                    Candidatus Izemoplasma sp. B36,Candidatus Izemoplasma sp. B36,species,6.713344551332078e-05,abund,0.0,2,2
Kraken2,default,Kraken2_default,ZymoMockD6331,ZymoMockD6331,ont,D6331_Zymo,2725268,2725268,                  Hujiaoplasma nucleasis,Hujiaoplasma nucleasis,species,3.356672275666039e-05,abund,0.0,1,1
Kraken2,default,Kraken2_default,ZymoMockD6331,ZymoMockD6331,ont,D6331_Zymo,3241576,3241576,                    Candidatus Leptofilum sp.,Candidatus Leptofilum sp.,species,0.00016783361378330195,abund,0.0,5,5
Kraken2,default,Kraken2_default,ZymoMockD6331,ZymoMockD6331,ont,D6331_Zymo,1806508,1806508,                  Candidatus Promineifilum breve,Candidatus Promineifilum breve,species,3.356672275666039e-05,abund,0.0,1,1
Kraken2,default,Kraken2_default,ZymoMockD6331,ZymoMockD6331,ont,D6331_Zymo,120962,120962,                    Roseiflexus castenholzii,Roseiflexus castenholzii,species,6.713344551332078e-05,abund,0.0,2,0
Kraken2,default,Kraken2_default,ZymoMockD6331,ZymoMockD6331,ont,D6331_Zymo,3038979,3038979,                    Candidatus Lucifugimonas marina,Candidatus Lucifugimonas marina,species,6.713344551332078e-05,abund,0.0,2,2
Kraken2,default,Kraken2_default,ZymoMockD6331,ZymoMockD6331,ont,D6331_Zymo,133453,133453,                  Caldilinea aerophila,Caldilinea aerophila,species,6.713344551332078e-05,abund,0.0,2,0
Kraken2,default,Kraken2_default,ZymoMockD6331,ZymoMockD6331,ont,D6331_Zymo,2509675,2509675,                  Ktedonosporobacter rubrisoli,Ktedonosporobacter rubrisoli,species,3.356672275666039e-05,abund,0.0,1,1
Kraken2,default,Kraken2_default,ZymoMockD6331,ZymoMockD6331,ont,D6331_Zymo,817,817,                      Bacteroides fragilis,Bacteroides fragilis,species,15.380138100210766,abund,15.38,458196,447067
Kraken2,default,Kraken2_default,ZymoMockD6331,ZymoMockD6331,ont,D6331_Zymo,674529,674529,                      Bacteroides faecis,Bacteroides faecis,species,0.012184720360667723,abund,0.01,363,363
Kraken2,default,Kraken2_default,ZymoMockD6331,ZymoMockD6331,ont,D6331_Zymo,2847299,2847299,                        Bacteroides sp. DH3716P,Bacteroides sp. DH3716P,species,0.007888179847815193,abund,0.01,235,235
Kraken2,default,Kraken2_default,ZymoMockD6331,ZymoMockD6331,ont,D6331_Zymo,2785531,2785531,                        Bacteroides sp. HF-162,Bacteroides sp. HF-162,species,0.00040280067307992473,abund,0.0,12,12
Kraken2,default,Kraken2_default,ZymoMockD6331,ZymoMockD6331,ont,D6331_Zymo,2763022,2763022,                        Bacteroides sp. M10,Bacteroides sp. M10,species,0.0003692339503232643,abund,0.0,11,11
Kraken2,default,Kraken2_default,ZymoMockD6331,ZymoMockD6331,ont,D6331_Zymo,2162637,2162637,                        Bacteroides sp. PHL 2737,Bacteroides sp. PHL 2737,species,0.00023496705929662275,abund,0.0,7,7
Kraken2,default,Kraken2_default,ZymoMockD6331,ZymoMockD6331,ont,D6331_Zymo,3096000,3096000,                        Bacteroides sp. CG01,Bacteroides sp. CG01,species,0.00016783361378330195,abund,0.0,5,5
Kraken2,default,Kraken2_default,ZymoMockD6331,ZymoMockD6331,ont,D6331_Zymo,2528203,2528203,                        Bacteroides sp. A1C1,Bacteroides sp. A1C1,species,0.00013426689102664157,abund,0.0,4,4
Kraken2,default,Kraken2_default,ZymoMockD6331,ZymoMockD6331,ont,D6331_Zymo,556259,556259,                        Bacteroides sp. D2,Bacteroides sp. D2,species,6.713344551332078e-05,abund,0.0,2,2
Kraken2,default,Kraken2_default,ZymoMockD6331,ZymoMockD6331,ont,D6331_Zymo,2025659,2025659,                        Bacteroides sp. KFT8,Bacteroides sp. KFT8,species,6.713344551332078e-05,abund,0.0,2,2
Kraken2,default,Kraken2_default,ZymoMockD6331,ZymoMockD6331,ont,D6331_Zymo,2709390,2709390,                        Bacteroides sp. ZJ-18,Bacteroides sp. ZJ-18,species,6.713344551332078e-05,abund,0.0,2,2
Kraken2,default,Kraken2_default,ZymoMockD6331,ZymoMockD6331,ont,D6331_Zymo,3117552,3117552,                        Bacteroides sp. MSB163,Bacteroides sp. MSB163,species,3.356672275666039e-05,abund,0.0,1,1
Kraken2,default,Kraken2_default,ZymoMockD6331,ZymoMockD6331,ont,D6331_Zymo,2755405,2755405,                        Bacteroides sp. CACC 737,Bacteroides sp. CACC 737,species,3.356672275666039e-05,abund,0.0,1,1
Kraken2,default,Kraken2_default,ZymoMockD6331,ZymoMockD6331,ont,D6331_Zymo,818,818,                      Bacteroides thetaiotaomicron,Bacteroides thetaiotaomicron,species,0.007518945897491928,abund,0.01,224,224
Kraken2,default,Kraken2_default,ZymoMockD6331,ZymoMockD6331,ont,D6331_Zymo,820,820,                      Bacteroides uniformis,Bacteroides uniformis,species,0.006176276987225512,abund,0.01,184,166
Kraken2,default,Kraken2_default,ZymoMockD6331,ZymoMockD6331,ont,D6331_Zymo,28116,28116,                      Bacteroides ovatus,Bacteroides ovatus,species,0.0052028420272823605,abund,0.01,155,151
Kraken2,default,Kraken2_default,ZymoMockD6331,ZymoMockD6331,ont,D6331_Zymo,46506,46506,                      Bacteroides stercoris,Bacteroides stercoris,species,0.003994440008042587,abund,0.0,119,63
Kraken2,default,Kraken2_default,ZymoMockD6331,ZymoMockD6331,ont,D6331_Zymo,371601,371601,                      Bacteroides xylanisolvens,Bacteroides xylanisolvens,species,0.003960873285285927,abund,0.0,118,104
Kraken2,default,Kraken2_default,ZymoMockD6331,ZymoMockD6331,ont,D6331_Zymo,2763023,2763023,                      Bacteroides hominis,Bacteroides hominis,species,0.002819604711559473,abund,0.0,84,84
Kraken2,default,Kraken2_default,ZymoMockD6331,ZymoMockD6331,ont,D6331_Zymo,291644,291644,                      Bacteroides salyersiae,Bacteroides salyersiae,species,0.0027860379888028125,abund,0.0,83,83
Kraken2,default,Kraken2_default,ZymoMockD6331,ZymoMockD6331,ont,D6331_Zymo,2650157,2650157,                      Bacteroides zhangwenhongii,Bacteroides zhangwenhongii,species,0.002282537147452907,abund,0.0,68,68
Kraken2,default,Kraken2_default,ZymoMockD6331,ZymoMockD6331,ont,D6331_Zymo,47678,47678,                      Bacteroides caccae,Bacteroides caccae,species,0.001443369078536397,abund,0.0,43,42
Kraken2,default,Kraken2_default,ZymoMockD6331,ZymoMockD6331,ont,D6331_Zymo,291645,291645,                      Bacteroides nordii,Bacteroides nordii,species,0.0013426689102664156,abund,0.0,40,40
Kraken2,default,Kraken2_default,ZymoMockD6331,ZymoMockD6331,ont,D6331_Zymo,2792859,2792859,                      Bacteroides humanifaecis,Bacteroides humanifaecis,species,0.0009063015144298305,abund,0.0,27,27
Kraken2,default,Kraken2_default,ZymoMockD6331,ZymoMockD6331,ont,D6331_Zymo,1796613,1796613,                      Bacteroides caecimuris,Bacteroides caecimuris,species,0.0008056013461598495,abund,0.0,24,24
Kraken2,default,Kraken2_default,ZymoMockD6331,ZymoMockD6331,ont,D6331_Zymo,338188,338188,                      Bacteroides finegoldii,Bacteroides finegoldii,species,0.0006377677323765474,abund,0.0,19,19
Kraken2,default,Kraken2_default,ZymoMockD6331,ZymoMockD6331,ont,D6331_Zymo,246787,246787,                      Bacteroides cellulosilyticus,Bacteroides cellulosilyticus,species,0.00040280067307992473,abund,0.0,12,12
Kraken2,default,Kraken2_default,ZymoMockD6331,ZymoMockD6331,ont,D6331_Zymo,28111,28111,                      Bacteroides eggerthii,Bacteroides eggerthii,species,0.00026853378205328313,abund,0.0,8,8
Kraken2,default,Kraken2_default,ZymoMockD6331,ZymoMockD6331,ont,D6331_Zymo,310300,310300,                      Bacteroides pyogenes,Bacteroides pyogenes,species,0.00023496705929662275,abund,0.0,7,7
Kraken2,default,Kraken2_default,ZymoMockD6331,ZymoMockD6331,ont,D6331_Zymo,2715212,2715212,                      Bacteroides faecium,Bacteroides faecium,species,0.00016783361378330195,abund,0.0,5,5
Kraken2,default,Kraken2_default,ZymoMockD6331,ZymoMockD6331,ont,D6331_Zymo,329854,329854,                      Bacteroides intestinalis,Bacteroides intestinalis,species,0.00016783361378330195,abund,0.0,5,5
Kraken2,default,Kraken2_default,ZymoMockD6331,ZymoMockD6331,ont,D6331_Zymo,162156,162156,                        uncultured Bacteroides sp.,uncultured Bacteroides sp.,species,0.00013426689102664157,abund,0.0,4,4
Kraken2,default,Kraken2_default,ZymoMockD6331,ZymoMockD6331,ont,D6331_Zymo,290053,290053,                      Bacteroides helcogenes,Bacteroides helcogenes,species,0.00010070016826998118,abund,0.0,3,0
Kraken2,default,Kraken2_default,ZymoMockD6331,ZymoMockD6331,ont,D6331_Zymo,2650158,2650158,                      Bacteroides luhongzhouii,Bacteroides luhongzhouii,species,0.00010070016826998118,abund,0.0,3,3
Kraken2,default,Kraken2_default,ZymoMockD6331,ZymoMockD6331,ont,D6331_Zymo,477666,477666,                      Bacteroides graminisolvens,Bacteroides graminisolvens,species,6.713344551332078e-05,abund,0.0,2,2
Kraken2,default,Kraken2_default,ZymoMockD6331,ZymoMockD6331,ont,D6331_Zymo,2136147,2136147,                      Bacteroides sedimenti,Bacteroides sedimenti,species,3.356672275666039e-05,abund,0.0,1,1
Kraken2,default,Kraken2_default,ZymoMockD6331,ZymoMockD6331,ont,D6331_Zymo,2763021,2763021,                      Bacteroides difficilis,Bacteroides difficilis,species,3.356672275666039e-05,abund,0.0,1,1
Kraken2,default,Kraken2_default,ZymoMockD6331,ZymoMockD6331,ont,D6331_Zymo,28119,28119,                      Bacteroides zoogleoformans,Bacteroides zoogleoformans,species,3.356672275666039e-05,abund,0.0,1,1
Kraken2,default,Kraken2_default,ZymoMockD6331,ZymoMockD6331,ont,D6331_Zymo,28113,28113,                      Bacteroides heparinolyticus,Bacteroides heparinolyticus,species,3.356672275666039e-05,abund,0.0,1,1
Kraken2,default,Kraken2_default,ZymoMockD6331,ZymoMockD6331,ont,D6331_Zymo,821,821,                      Phocaeicola vulgatus,Phocaeicola vulgatus,species,0.005739909591388928,abund,0.01,171,171
Kraken2,default,Kraken2_default,ZymoMockD6331,ZymoMockD6331,ont,D6331_Zymo,357276,357276,                      Phocaeicola dorei,Phocaeicola dorei,species,0.0027860379888028125,abund,0.0,83,31
Kraken2,default,Kraken2_default,ZymoMockD6331,ZymoMockD6331,ont,D6331_Zymo,387090,387090,                      Phocaeicola coprophilus,Phocaeicola coprophilus,species,0.0005035008413499059,abund,0.0,15,15
Kraken2,default,Kraken2_default,ZymoMockD6331,ZymoMockD6331,ont,D6331_Zymo,376805,376805,                      Phocaeicola salanitronis,Phocaeicola salanitronis,species,0.00040280067307992473,abund,0.0,12,0
Kraken2,default,Kraken2_default,ZymoMockD6331,ZymoMockD6331,ont,D6331_Zymo,28128,28128,                      Prevotella corporis,Prevotella corporis,species,6.551116580249139,abund,6.55,195167,195167
Kraken2,default,Kraken2_default,ZymoMockD6331,ZymoMockD6331,ont,D6331_Zymo,28131,28131,                      Prevotella intermedia,Prevotella intermedia,species,0.0013426689102664156,abund,0.0,40,39
Kraken2,default,Kraken2_default,ZymoMockD6331,ZymoMockD6331,ont,D6331_Zymo,1177574,1177574,                      Prevotella jejuni,Prevotella jejuni,species,0.0009734349599431514,abund,0.0,29,29
Kraken2,default,Kraken2_default,ZymoMockD6331,ZymoMockD6331,ont,D6331_Zymo,28132,28132,                      Prevotella melaninogenica,Prevotella melaninogenica,species,0.0003356672275666039,abund,0.0,10,10
Kraken2,default,Kraken2_default,ZymoMockD6331,ZymoMockD6331,ont,D6331_Zymo,28137,28137,                      Prevotella veroralis,Prevotella veroralis,species,0.00026853378205328313,abund,0.0,8,8
Kraken2,default,Kraken2_default,ZymoMockD6331,ZymoMockD6331,ont,D6331_Zymo,2937774,2937774,                        Prevotella sp. E15-22,Prevotella sp. E15-22,species,0.00010070016826998118,abund,0.0,3,3
Kraken2,default,Kraken2_default,ZymoMockD6331,ZymoMockD6331,ont,D6331_Zymo,652716,652716,                        Prevotella sp. oral taxon 299,Prevotella sp. oral taxon 299,species,6.713344551332078e-05,abund,0.0,2,0
Kraken2,default,Kraken2_default,ZymoMockD6331,ZymoMockD6331,ont,D6331_Zymo,712471,712471,                        Prevotella sp. oral taxon 475,Prevotella sp. oral taxon 475,species,3.356672275666039e-05,abund,0.0,1,1
Kraken2,default,Kraken2_default,ZymoMockD6331,ZymoMockD6331,ont,D6331_Zymo,2913621,2913621,                        Prevotella sp. E9-3,Prevotella sp. E9-3,species,3.356672275666039e-05,abund,0.0,1,1
Kraken2,default,Kraken2_default,ZymoMockD6331,ZymoMockD6331,ont,D6331_Zymo,2913614,2913614,                      Prevotella communis,Prevotella communis,species,0.00023496705929662275,abund,0.0,7,7
Kraken2,default,Kraken2_default,ZymoMockD6331,ZymoMockD6331,ont,D6331_Zymo,28125,28125,                      Prevotella bivia,Prevotella bivia,species,0.00020140033653996236,abund,0.0,6,6
Kraken2,default,Kraken2_default,ZymoMockD6331,ZymoMockD6331,ont,D6331_Zymo,28129,28129,                      Prevotella denticola,Prevotella denticola,species,0.00016783361378330195,abund,0.0,5,5
Kraken2,default,Kraken2_default,ZymoMockD6331,ZymoMockD6331,ont,D6331_Zymo,28133,28133,                      Prevotella nigrescens,Prevotella nigrescens,species,0.00013426689102664157,abund,0.0,4,1
Kraken2,default,Kraken2_default,ZymoMockD6331,ZymoMockD6331,ont,D6331_Zymo,589437,589437,                      Prevotella scopos,Prevotella scopos,species,0.00010070016826998118,abund,0.0,3,0
Kraken2,default,Kraken2_default,ZymoMockD6331,ZymoMockD6331,ont,D6331_Zymo,470565,470565,                      Prevotella histicola,Prevotella histicola,species,6.713344551332078e-05,abund,0.0,2,2
Kraken2,default,Kraken2_default,ZymoMockD6331,ZymoMockD6331,ont,D6331_Zymo,2801997,2801997,                      Prevotella herbatica,Prevotella herbatica,species,6.713344551332078e-05,abund,0.0,2,2
Kraken2,default,Kraken2_default,ZymoMockD6331,ZymoMockD6331,ont,D6331_Zymo,589436,589436,                      Prevotella fusca,Prevotella fusca,species,3.356672275666039e-05,abund,0.0,1,0
Kraken2,default,Kraken2_default,ZymoMockD6331,ZymoMockD6331,ont,D6331_Zymo,165179,165179,                      Segatella copri,Segatella copri,species,0.001544069246806378,abund,0.0,46,44
Kraken2,default,Kraken2_default,ZymoMockD6331,ZymoMockD6331,ont,D6331_Zymo,2518605,2518605,                      Segatella hominis,Segatella hominis,species,0.00010070016826998118,abund,0.0,3,3
Kraken2,default,Kraken2_default,ZymoMockD6331,ZymoMockD6331,ont,D6331_Zymo,28135,28135,                      Segatella oris,Segatella oris,species,3.356672275666039e-05,abund,0.0,1,1
Kraken2,default,Kraken2_default,ZymoMockD6331,ZymoMockD6331,ont,D6331_Zymo,77095,77095,                      Segatella bryantii,Segatella bryantii,species,3.356672275666039e-05,abund,0.0,1,1
Kraken2,default,Kraken2_default,ZymoMockD6331,ZymoMockD6331,ont,D6331_Zymo,454154,454154,                      Paraprevotella clara,Paraprevotella clara,species,0.0013762356330230762,abund,0.0,41,41
Kraken2,default,Kraken2_default,ZymoMockD6331,ZymoMockD6331,ont,D6331_Zymo,454155,454155,                      Paraprevotella xylaniphila,Paraprevotella xylaniphila,species,0.00010070016826998118,abund,0.0,3,0
Kraken2,default,Kraken2_default,ZymoMockD6331,ZymoMockD6331,ont,D6331_Zymo,2133944,2133944,                      Pseudoprevotella muciniphila,Pseudoprevotella muciniphila,species,0.00013426689102664157,abund,0.0,4,4
Kraken2,default,Kraken2_default,ZymoMockD6331,ZymoMockD6331,ont,D6331_Zymo,76123,76123,                      Hoylesella enoeca,Hoylesella enoeca,species,6.713344551332078e-05,abund,0.0,2,2
Kraken2,default,Kraken2_default,ZymoMockD6331,ZymoMockD6331,ont,D6331_Zymo,28127,28127,                      Hoylesella buccalis,Hoylesella buccalis,species,3.356672275666039e-05,abund,0.0,1,1
Kraken2,default,Kraken2_default,ZymoMockD6331,ZymoMockD6331,ont,D6331_Zymo,823,823,                      Parabacteroides distasonis,Parabacteroides distasonis,species,0.0067133445513320785,abund,0.01,200,192
Kraken2,default,Kraken2_default,ZymoMockD6331,ZymoMockD6331,ont,D6331_Zymo,46503,46503,                      Parabacteroides merdae,Parabacteroides merdae,species,0.0025846376522628504,abund,0.0,77,77
Kraken2,default,Kraken2_default,ZymoMockD6331,ZymoMockD6331,ont,D6331_Zymo,2685834,2685834,                      Parabacteroides chongii,Parabacteroides chongii,species,0.002483937483992869,abund,0.0,74,74
Kraken2,default,Kraken2_default,ZymoMockD6331,ZymoMockD6331,ont,D6331_Zymo,328812,328812,                      Parabacteroides goldsteinii,Parabacteroides goldsteinii,species,0.0008056013461598495,abund,0.0,24,24
Kraken2,default,Kraken2_default,ZymoMockD6331,ZymoMockD6331,ont,D6331_Zymo,387661,387661,                      Parabacteroides johnsonii,Parabacteroides johnsonii,species,0.0006713344551332078,abund,0.0,20,17
Kraken2,default,Kraken2_default,ZymoMockD6331,ZymoMockD6331,ont,D6331_Zymo,2951805,2951805,                      Parabacteroides absconsus,Parabacteroides absconsus,species,0.0005035008413499059,abund,0.0,15,15
Kraken2,default,Kraken2_default,ZymoMockD6331,ZymoMockD6331,ont,D6331_Zymo,1217282,1217282,                      Parabacteroides faecis,Parabacteroides faecis,species,0.00013426689102664157,abund,0.0,4,4
Kraken2,default,Kraken2_default,ZymoMockD6331,ZymoMockD6331,ont,D6331_Zymo,712710,712710,                      Tannerella serpentiformis,Tannerella serpentiformis,species,6.713344551332078e-05,abund,0.0,2,2
Kraken2,default,Kraken2_default,ZymoMockD6331,ZymoMockD6331,ont,D6331_Zymo,328814,328814,                      Alistipes shahii,Alistipes shahii,species,0.001812603028859661,abund,0.0,54,4
Kraken2,default,Kraken2_default,ZymoMockD6331,ZymoMockD6331,ont,D6331_Zymo,214856,214856,                      Alistipes finegoldii,Alistipes finegoldii,species,0.0011412685737264535,abund,0.0,34,7
Kraken2,default,Kraken2_default,ZymoMockD6331,ZymoMockD6331,ont,D6331_Zymo,328813,328813,                      Alistipes onderdonkii,Alistipes onderdonkii,species,0.0003692339503232643,abund,0.0,11,4
Kraken2,default,Kraken2_default,ZymoMockD6331,ZymoMockD6331,ont,D6331_Zymo,2585118,2585118,                      Alistipes communis,Alistipes communis,species,0.00020140033653996236,abund,0.0,6,6
Kraken2,default,Kraken2_default,ZymoMockD6331,ZymoMockD6331,ont,D6331_Zymo,626932,626932,                      Alistipes indistinctus,Alistipes indistinctus,species,0.00016783361378330195,abund,0.0,5,5
Kraken2,default,Kraken2_default,ZymoMockD6331,ZymoMockD6331,ont,D6331_Zymo,1288121,1288121,                      Alistipes senegalensis,Alistipes senegalensis,species,0.00013426689102664157,abund,0.0,4,4
Kraken2,default,Kraken2_default,ZymoMockD6331,ZymoMockD6331,ont,D6331_Zymo,28117,28117,                      Alistipes putredinis,Alistipes putredinis,species,0.00010070016826998118,abund,0.0,3,3
Kraken2,default,Kraken2_default,ZymoMockD6331,ZymoMockD6331,ont,D6331_Zymo,538949,538949,                        uncultured Alistipes sp.,uncultured Alistipes sp.,species,0.00010070016826998118,abund,0.0,3,3
Kraken2,default,Kraken2_default,ZymoMockD6331,ZymoMockD6331,ont,D6331_Zymo,2364787,2364787,                      Alistipes megaguti,Alistipes megaguti,species,6.713344551332078e-05,abund,0.0,2,2
Kraken2,default,Kraken2_default,ZymoMockD6331,ZymoMockD6331,ont,D6331_Zymo,2662363,2662363,                        Alistipes sp. dk3624,Alistipes sp. dk3624,species,3.356672275666039e-05,abund,0.0,1,1
Kraken2,default,Kraken2_default,ZymoMockD6331,ZymoMockD6331,ont,D6331_Zymo,1760811,1760811,                        uncultured Acetobacteroides sp.,uncultured Acetobacteroides sp.,species,0.00020140033653996236,abund,0.0,6,6
Kraken2,default,Kraken2_default,ZymoMockD6331,ZymoMockD6331,ont,D6331_Zymo,2530390,2530390,                      Muribaculum gordoncarteri,Muribaculum gordoncarteri,species,0.0003692339503232643,abund,0.0,11,11
Kraken2,default,Kraken2_default,ZymoMockD6331,ZymoMockD6331,ont,D6331_Zymo,1796646,1796646,                      Muribaculum intestinale,Muribaculum intestinale,species,0.00026853378205328313,abund,0.0,8,8
Kraken2,default,Kraken2_default,ZymoMockD6331,ZymoMockD6331,ont,D6331_Zymo,2094151,2094151,                      Paramuribaculum intestinale,Paramuribaculum intestinale,species,0.00023496705929662275,abund,0.0,7,7
Kraken2,default,Kraken2_default,ZymoMockD6331,ZymoMockD6331,ont,D6331_Zymo,2606626,2606626,                      Sodaliphilus pleomorphus,Sodaliphilus pleomorphus,species,0.00023496705929662275,abund,0.0,7,7
Kraken2,default,Kraken2_default,ZymoMockD6331,ZymoMockD6331,ont,D6331_Zymo,2518971,2518971,                      Duncaniella dubosii,Duncaniella dubosii,species,6.713344551332078e-05,abund,0.0,2,2
Kraken2,default,Kraken2_default,ZymoMockD6331,ZymoMockD6331,ont,D6331_Zymo,1965590,1965590,                        Barnesiella sp. An22,Barnesiella sp. An22,species,0.00040280067307992473,abund,0.0,12,12
Kraken2,default,Kraken2_default,ZymoMockD6331,ZymoMockD6331,ont,D6331_Zymo,1501392,1501392,                      Coprobacter secundus,Coprobacter secundus,species,0.00020140033653996236,abund,0.0,6,0
Kraken2,default,Kraken2_default,ZymoMockD6331,ZymoMockD6331,ont,D6331_Zymo,1472417,1472417,                      Butyricimonas paravirosa,Butyricimonas paravirosa,species,0.00013426689102664157,abund,0.0,4,4
Kraken2,default,Kraken2_default,ZymoMockD6331,ZymoMockD6331,ont,D6331_Zymo,1472416,1472416,                      Butyricimonas faecihominis,Butyricimonas faecihominis,species,0.00010070016826998118,abund,0.0,3,3
Kraken2,default,Kraken2_default,ZymoMockD6331,ZymoMockD6331,ont,D6331_Zymo,2093856,2093856,                      Butyricimonas faecalis,Butyricimonas faecalis,species,6.713344551332078e-05,abund,0.0,2,2
Kraken2,default,Kraken2_default,ZymoMockD6331,ZymoMockD6331,ont,D6331_Zymo,544645,544645,                      Butyricimonas virosa,Butyricimonas virosa,species,3.356672275666039e-05,abund,0.0,1,1
Kraken2,default,Kraken2_default,ZymoMockD6331,ZymoMockD6331,ont,D6331_Zymo,28118,28118,                      Odoribacter splanchnicus,Odoribacter splanchnicus,species,0.00010070016826998118,abund,0.0,3,3
Kraken2,default,Kraken2_default,ZymoMockD6331,ZymoMockD6331,ont,D6331_Zymo,322095,322095,                      Porphyromonas somerae,Porphyromonas somerae,species,0.00013426689102664157,abund,0.0,4,4
Kraken2,default,Kraken2_default,ZymoMockD6331,ZymoMockD6331,ont,D6331_Zymo,28123,28123,                      Porphyromonas asaccharolytica,Porphyromonas asaccharolytica,species,6.713344551332078e-05,abund,0.0,2,0
Kraken2,default,Kraken2_default,ZymoMockD6331,ZymoMockD6331,ont,D6331_Zymo,393921,393921,                      Porphyromonas crevioricanis,Porphyromonas crevioricanis,species,6.713344551332078e-05,abund,0.0,2,2
Kraken2,default,Kraken2_default,ZymoMockD6331,ZymoMockD6331,ont,D6331_Zymo,837,837,                      Porphyromonas gingivalis,Porphyromonas gingivalis,species,3.356672275666039e-05,abund,0.0,1,1
Kraken2,default,Kraken2_default,ZymoMockD6331,ZymoMockD6331,ont,D6331_Zymo,36874,36874,                      Porphyromonas cangingivalis,Porphyromonas cangingivalis,species,3.356672275666039e-05,abund,0.0,1,1
Kraken2,default,Kraken2_default,ZymoMockD6331,ZymoMockD6331,ont,D6331_Zymo,867595,867595,                      Porphyromonas pogonae,Porphyromonas pogonae,species,3.356672275666039e-05,abund,0.0,1,1
Kraken2,default,Kraken2_default,ZymoMockD6331,ZymoMockD6331,ont,D6331_Zymo,45254,45254,                      Dysgonomonas capnocytophagoides,Dysgonomonas capnocytophagoides,species,6.713344551332078e-05,abund,0.0,2,2
Kraken2,default,Kraken2_default,ZymoMockD6331,ZymoMockD6331,ont,D6331_Zymo,2714927,2714927,                        Dysgonomonas sp. HDW5B,Dysgonomonas sp. HDW5B,species,3.356672275666039e-05,abund,0.0,1,1
Kraken2,default,Kraken2_default,ZymoMockD6331,ZymoMockD6331,ont,D6331_Zymo,1642647,1642647,                      Proteiniphilum saccharofermentans,Proteiniphilum saccharofermentans,species,3.356672275666039e-05,abund,0.0,1,1
Kraken2,default,Kraken2_default,ZymoMockD6331,ZymoMockD6331,ont,D6331_Zymo,3229863,3229863,                      Limibacterium fermenti,Limibacterium fermenti,species,3.356672275666039e-05,abund,0.0,1,1
Kraken2,default,Kraken2_default,ZymoMockD6331,ZymoMockD6331,ont,D6331_Zymo,1307839,1307839,                      Salinivirga cyanobacteriivorans,Salinivirga cyanobacteriivorans,species,3.356672275666039e-05,abund,0.0,1,1
Kraken2,default,Kraken2_default,ZymoMockD6331,ZymoMockD6331,ont,D6331_Zymo,2590900,2590900,                      Tenuifilum thalassicum,Tenuifilum thalassicum,species,3.356672275666039e-05,abund,0.0,1,1
Kraken2,default,Kraken2_default,ZymoMockD6331,ZymoMockD6331,ont,D6331_Zymo,2681766,2681766,                      Maribellus comscasis,Maribellus comscasis,species,0.00020140033653996236,abund,0.0,6,6
Kraken2,default,Kraken2_default,ZymoMockD6331,ZymoMockD6331,ont,D6331_Zymo,3374599,3374599,                      Halosquirtibacter xylanolyticus,Halosquirtibacter xylanolyticus,species,0.00013426689102664157,abund,0.0,4,4
Kraken2,default,Kraken2_default,ZymoMockD6331,ZymoMockD6331,ont,D6331_Zymo,3374600,3374600,                      Halosquirtibacter laminarini,Halosquirtibacter laminarini,species,3.356672275666039e-05,abund,0.0,1,1
Kraken2,default,Kraken2_default,ZymoMockD6331,ZymoMockD6331,ont,D6331_Zymo,1168034,1168034,                      Draconibacterium orientale,Draconibacterium orientale,species,3.356672275666039e-05,abund,0.0,1,1
Kraken2,default,Kraken2_default,ZymoMockD6331,ZymoMockD6331,ont,D6331_Zymo,1639118,1639118,                      Mangrovibacterium marinum,Mangrovibacterium marinum,species,3.356672275666039e-05,abund,0.0,1,1
Kraken2,default,Kraken2_default,ZymoMockD6331,ZymoMockD6331,ont,D6331_Zymo,570161,570161,                      Marinifilum fragile,Marinifilum fragile,species,0.00016783361378330195,abund,0.0,5,5
Kraken2,default,Kraken2_default,ZymoMockD6331,ZymoMockD6331,ont,D6331_Zymo,1717717,1717717,                      Labilibaculum antarcticum,Labilibaculum antarcticum,species,3.356672275666039e-05,abund,0.0,1,1
Kraken2,default,Kraken2_default,ZymoMockD6331,ZymoMockD6331,ont,D6331_Zymo,2060723,2060723,                        Labilibaculum sp.,Labilibaculum sp.,species,3.356672275666039e-05,abund,0.0,1,1
Kraken2,default,Kraken2_default,ZymoMockD6331,ZymoMockD6331,ont,D6331_Zymo,889453,889453,                      Alkalitalea saponilacus,Alkalitalea saponilacus,species,0.00013426689102664157,abund,0.0,4,4
Kraken2,default,Kraken2_default,ZymoMockD6331,ZymoMockD6331,ont,D6331_Zymo,2885633,2885633,                        Flavobacterium sp. N1719,Flavobacterium sp. N1719,species,0.00026853378205328313,abund,0.0,8,8
Kraken2,default,Kraken2_default,ZymoMockD6331,ZymoMockD6331,ont,D6331_Zymo,2986834,2986834,                        Flavobacterium sp. N2820,Flavobacterium sp. N2820,species,0.00020140033653996236,abund,0.0,6,6
Kraken2,default,Kraken2_default,ZymoMockD6331,ZymoMockD6331,ont,D6331_Zymo,2986829,2986829,                        Flavobacterium sp. N2038,Flavobacterium sp. N2038,species,0.00016783361378330195,abund,0.0,5,5
Kraken2,default,Kraken2_default,ZymoMockD6331,ZymoMockD6331,ont,D6331_Zymo,1979344,1979344,                        Flavobacterium sp. MDT1-60,Flavobacterium sp. MDT1-60,species,0.00016783361378330195,abund,0.0,5,5
Kraken2,default,Kraken2_default,ZymoMockD6331,ZymoMockD6331,ont,D6331_Zymo,2775246,2775246,                        Flavobacterium sp. CS20,Flavobacterium sp. CS20,species,0.00013426689102664157,abund,0.0,4,4
Kraken2,default,Kraken2_default,ZymoMockD6331,ZymoMockD6331,ont,D6331_Zymo,3120525,3120525,                        Flavobacterium sp. KS-LB2,Flavobacterium sp. KS-LB2,species,0.00013426689102664157,abund,0.0,4,4
Kraken2,default,Kraken2_default,ZymoMockD6331,ZymoMockD6331,ont,D6331_Zymo,2986835,2986835,                        Flavobacterium sp. N3904,Flavobacterium sp. N3904,species,0.00013426689102664157,abund,0.0,4,4
Kraken2,default,Kraken2_default,ZymoMockD6331,ZymoMockD6331,ont,D6331_Zymo,2654325,2654325,                        Flavobacterium sp. xlx-214,Flavobacterium sp. xlx-214,species,0.00010070016826998118,abund,0.0,3,3
Kraken2,default,Kraken2_default,ZymoMockD6331,ZymoMockD6331,ont,D6331_Zymo,2871165,2871165,                        Flavobacterium sp. CHNK8,Flavobacterium sp. CHNK8,species,0.00010070016826998118,abund,0.0,3,3
Kraken2,default,Kraken2_default,ZymoMockD6331,ZymoMockD6331,ont,D6331_Zymo,2986831,2986831,                        Flavobacterium sp. N2270,Flavobacterium sp. N2270,species,0.00010070016826998118,abund,0.0,3,3
Kraken2,default,Kraken2_default,ZymoMockD6331,ZymoMockD6331,ont,D6331_Zymo,2986838,2986838,                        Flavobacterium sp. N502540,Flavobacterium sp. N502540,species,0.00010070016826998118,abund,0.0,3,3
Kraken2,default,Kraken2_default,ZymoMockD6331,ZymoMockD6331,ont,D6331_Zymo,3092665,3092665,                        Flavobacterium sp. KACC 22761,Flavobacterium sp. KACC 22761,species,6.713344551332078e-05,abund,0.0,2,2
Kraken2,default,Kraken2_default,ZymoMockD6331,ZymoMockD6331,ont,D6331_Zymo,1179672,1179672,                        Flavobacterium sp. KBS0721,Flavobacterium sp. KBS0721,species,6.713344551332078e-05,abund,0.0,2,2
Kraken2,default,Kraken2_default,ZymoMockD6331,ZymoMockD6331,ont,D6331_Zymo,2746225,2746225,                        Flavobacterium sp. K5-23,Flavobacterium sp. K5-23,species,6.713344551332078e-05,abund,0.0,2,2
Kraken2,default,Kraken2_default,ZymoMockD6331,ZymoMockD6331,ont,D6331_Zymo,2748319,2748319,                        Flavobacterium sp. I3-2,Flavobacterium sp. I3-2,species,6.713344551332078e-05,abund,0.0,2,2
Kraken2,default,Kraken2_default,ZymoMockD6331,ZymoMockD6331,ont,D6331_Zymo,3143118,3143118,                        Flavobacterium sp. CFS9,Flavobacterium sp. CFS9,species,6.713344551332078e-05,abund,0.0,2,2
Kraken2,default,Kraken2_default,ZymoMockD6331,ZymoMockD6331,ont,D6331_Zymo,2986823,2986823,                        Flavobacterium sp. N1736,Flavobacterium sp. N1736,species,6.713344551332078e-05,abund,0.0,2,2
Kraken2,default,Kraken2_default,ZymoMockD6331,ZymoMockD6331,ont,D6331_Zymo,3097547,3097547,                        Flavobacterium sp. NG2,Flavobacterium sp. NG2,species,3.356672275666039e-05,abund,0.0,1,1
Kraken2,default,Kraken2_default,ZymoMockD6331,ZymoMockD6331,ont,D6331_Zymo,2977321,2977321,                        Flavobacterium sp. TR2,Flavobacterium sp. TR2,species,3.356672275666039e-05,abund,0.0,1,1
Kraken2,default,Kraken2_default,ZymoMockD6331,ZymoMockD6331,ont,D6331_Zymo,3031997,3031997,                        Flavobacterium sp. YJ01,Flavobacterium sp. YJ01,species,3.356672275666039e-05,abund,0.0,1,1
Kraken2,default,Kraken2_default,ZymoMockD6331,ZymoMockD6331,ont,D6331_Zymo,3025667,3025667,                        Flavobacterium sp. KACC 22758,Flavobacterium sp. KACC 22758,species,3.356672275666039e-05,abund,0.0,1,1
Kraken2,default,Kraken2_default,ZymoMockD6331,ZymoMockD6331,ont,D6331_Zymo,935222,935222,                        Flavobacterium sp. Sr18,Flavobacterium sp. Sr18,species,3.356672275666039e-05,abund,0.0,1,1
Kraken2,default,Kraken2_default,ZymoMockD6331,ZymoMockD6331,ont,D6331_Zymo,3394146,3394146,                        Flavobacterium sp. W1B,Flavobacterium sp. W1B,species,3.356672275666039e-05,abund,0.0,1,1
Kraken2,default,Kraken2_default,ZymoMockD6331,ZymoMockD6331,ont,D6331_Zymo,3384157,3384157,                        Flavobacterium sp. PS2,Flavobacterium sp. PS2,species,3.356672275666039e-05,abund,0.0,1,1
Kraken2,default,Kraken2_default,ZymoMockD6331,ZymoMockD6331,ont,D6331_Zymo,2478552,2478552,                        Flavobacterium sp. 140616W15,Flavobacterium sp. 140616W15,species,3.356672275666039e-05,abund,0.0,1,1
Kraken2,default,Kraken2_default,ZymoMockD6331,ZymoMockD6331,ont,D6331_Zymo,2614441,2614441,                        Flavobacterium sp. LPB0248,Flavobacterium sp. LPB0248,species,3.356672275666039e-05,abund,0.0,1,1
Kraken2,default,Kraken2_default,ZymoMockD6331,ZymoMockD6331,ont,D6331_Zymo,2724135,2724135,                        Flavobacterium sp. CLA17,Flavobacterium sp. CLA17,species,3.356672275666039e-05,abund,0.0,1,1
Kraken2,default,Kraken2_default,ZymoMockD6331,ZymoMockD6331,ont,D6331_Zymo,2665645,2665645,                        Flavobacterium sp. SLB02,Flavobacterium sp. SLB02,species,3.356672275666039e-05,abund,0.0,1,1
Kraken2,default,Kraken2_default,ZymoMockD6331,ZymoMockD6331,ont,D6331_Zymo,1617283,1617283,                      Flavobacterium nitrogenifigens,Flavobacterium nitrogenifigens,species,0.00023496705929662275,abund,0.0,7,7
Kraken2,default,Kraken2_default,ZymoMockD6331,ZymoMockD6331,ont,D6331_Zymo,2602769,2602769,                      Flavobacterium alkalisoli,Flavobacterium alkalisoli,species,0.00020140033653996236,abund,0.0,6,6
Kraken2,default,Kraken2_default,ZymoMockD6331,ZymoMockD6331,ont,D6331_Zymo,1492737,1492737,                      Flavobacterium gilvum,Flavobacterium gilvum,species,0.00020140033653996236,abund,0.0,6,6
Kraken2,default,Kraken2_default,ZymoMockD6331,ZymoMockD6331,ont,D6331_Zymo,3003262,3003262,                      Flavobacterium limnophilum,Flavobacterium limnophilum,species,0.00020140033653996236,abund,0.0,6,6
Kraken2,default,Kraken2_default,ZymoMockD6331,ZymoMockD6331,ont,D6331_Zymo,3003263,3003263,                      Flavobacterium eburneipallidum,Flavobacterium eburneipallidum,species,0.00016783361378330195,abund,0.0,5,5
Kraken2,default,Kraken2_default,ZymoMockD6331,ZymoMockD6331,ont,D6331_Zymo,2183896,2183896,                      Flavobacterium crocinum,Flavobacterium crocinum,species,0.00016783361378330195,abund,0.0,5,5
Kraken2,default,Kraken2_default,ZymoMockD6331,ZymoMockD6331,ont,D6331_Zymo,2038737,2038737,                      Flavobacterium ardleyense,Flavobacterium ardleyense,species,0.00016783361378330195,abund,0.0,5,5
Kraken2,default,Kraken2_default,ZymoMockD6331,ZymoMockD6331,ont,D6331_Zymo,96345,96345,                      Flavobacterium psychrophilum,Flavobacterium psychrophilum,species,0.00013426689102664157,abund,0.0,4,4
Kraken2,default,Kraken2_default,ZymoMockD6331,ZymoMockD6331,ont,D6331_Zymo,3003256,3003256,                      Flavobacterium marginilacus,Flavobacterium marginilacus,species,0.00013426689102664157,abund,0.0,4,4
Kraken2,default,Kraken2_default,ZymoMockD6331,ZymoMockD6331,ont,D6331_Zymo,2816357,2816357,                      Flavobacterium endoglycinae,Flavobacterium endoglycinae,species,0.00013426689102664157,abund,0.0,4,4
Kraken2,default,Kraken2_default,ZymoMockD6331,ZymoMockD6331,ont,D6331_Zymo,1114861,1114861,                      Flavobacterium collinsii,Flavobacterium collinsii,species,0.00013426689102664157,abund,0.0,4,4
Kraken2,default,Kraken2_default,ZymoMockD6331,ZymoMockD6331,ont,D6331_Zymo,1563479,1563479,                      Flavobacterium dauae,Flavobacterium dauae,species,0.00013426689102664157,abund,0.0,4,4
Kraken2,default,Kraken2_default,ZymoMockD6331,ZymoMockD6331,ont,D6331_Zymo,2704140,2704140,                      Flavobacterium bizetiae,Flavobacterium bizetiae,species,0.00010070016826998118,abund,0.0,3,3
Kraken2,default,Kraken2_default,ZymoMockD6331,ZymoMockD6331,ont,D6331_Zymo,996,996,                      Flavobacterium columnare,Flavobacterium columnare,species,0.00010070016826998118,abund,0.0,3,1
Kraken2,default,Kraken2_default,ZymoMockD6331,ZymoMockD6331,ont,D6331_Zymo,2518177,2518177,                      Flavobacterium sangjuense,Flavobacterium sangjuense,species,0.00010070016826998118,abund,0.0,3,3
Kraken2,default,Kraken2_default,ZymoMockD6331,ZymoMockD6331,ont,D6331_Zymo,2201181,2201181,                      Flavobacterium sediminis,Flavobacterium sediminis,species,0.00010070016826998118,abund,0.0,3,3
Kraken2,default,Kraken2_default,ZymoMockD6331,ZymoMockD6331,ont,D6331_Zymo,1751095,1751095,                      Flavobacterium ammoniigenes,Flavobacterium ammoniigenes,species,0.00010070016826998118,abund,0.0,3,3
Kraken2,default,Kraken2_default,ZymoMockD6331,ZymoMockD6331,ont,D6331_Zymo,3016339,3016339,                      Flavobacterium lacustre,Flavobacterium lacustre,species,0.00010070016826998118,abund,0.0,3,3
Kraken2,default,Kraken2_default,ZymoMockD6331,ZymoMockD6331,ont,D6331_Zymo,3034146,3034146,                      Flavobacterium panacagri,Flavobacterium panacagri,species,0.00010070016826998118,abund,0.0,3,3
Kraken2,default,Kraken2_default,ZymoMockD6331,ZymoMockD6331,ont,D6331_Zymo,459526,459526,                      Flavobacterium anhuiense,Flavobacterium anhuiense,species,0.00010070016826998118,abund,0.0,3,3
Kraken2,default,Kraken2_default,ZymoMockD6331,ZymoMockD6331,ont,D6331_Zymo,3075618,3075618,                      Flavobacterium capsici,Flavobacterium capsici,species,6.713344551332078e-05,abund,0.0,2,2
Kraken2,default,Kraken2_default,ZymoMockD6331,ZymoMockD6331,ont,D6331_Zymo,2830782,2830782,                      Flavobacterium okayamense,Flavobacterium okayamense,species,6.713344551332078e-05,abund,0.0,2,2
Kraken2,default,Kraken2_default,ZymoMockD6331,ZymoMockD6331,ont,D6331_Zymo,2906077,2906077,                      Flavobacterium davisii,Flavobacterium davisii,species,6.713344551332078e-05,abund,0.0,2,2
Kraken2,default,Kraken2_default,ZymoMockD6331,ZymoMockD6331,ont,D6331_Zymo,992289,992289,                      Flavobacterium nitratireducens,Flavobacterium nitratireducens,species,6.713344551332078e-05,abund,0.0,2,2
Kraken2,default,Kraken2_default,ZymoMockD6331,ZymoMockD6331,ont,D6331_Zymo,2937442,2937442,                      Flavobacterium humidisoli,Flavobacterium humidisoli,species,6.713344551332078e-05,abund,0.0,2,2
Kraken2,default,Kraken2_default,ZymoMockD6331,ZymoMockD6331,ont,D6331_Zymo,2175091,2175091,                      Flavobacterium album,Flavobacterium album,species,6.713344551332078e-05,abund,0.0,2,2
Kraken2,default,Kraken2_default,ZymoMockD6331,ZymoMockD6331,ont,D6331_Zymo,3003261,3003261,                      Flavobacterium aquiphilum,Flavobacterium aquiphilum,species,6.713344551332078e-05,abund,0.0,2,2
Kraken2,default,Kraken2_default,ZymoMockD6331,ZymoMockD6331,ont,D6331_Zymo,165435,165435,                        uncultured Flavobacterium sp.,uncultured Flavobacterium sp.,species,6.713344551332078e-05,abund,0.0,2,2
Kraken2,default,Kraken2_default,ZymoMockD6331,ZymoMockD6331,ont,D6331_Zymo,1751056,1751056,                      Flavobacterium ammonificans,Flavobacterium ammonificans,species,3.356672275666039e-05,abund,0.0,1,1
Kraken2,default,Kraken2_default,ZymoMockD6331,ZymoMockD6331,ont,D6331_Zymo,2895947,2895947,                      Flavobacterium cyclinae,Flavobacterium cyclinae,species,3.356672275666039e-05,abund,0.0,1,1
Kraken2,default,Kraken2_default,ZymoMockD6331,ZymoMockD6331,ont,D6331_Zymo,2897181,2897181,                      Flavobacterium channae,Flavobacterium channae,species,3.356672275666039e-05,abund,0.0,1,1
Kraken2,default,Kraken2_default,ZymoMockD6331,ZymoMockD6331,ont,D6331_Zymo,2856519,2856519,                      Flavobacterium litorale,Flavobacterium litorale,species,3.356672275666039e-05,abund,0.0,1,1
Kraken2,default,Kraken2_default,ZymoMockD6331,ZymoMockD6331,ont,D6331_Zymo,2732161,2732161,                      Flavobacterium rivulicola,Flavobacterium rivulicola,species,3.356672275666039e-05,abund,0.0,1,1
Kraken2,default,Kraken2_default,ZymoMockD6331,ZymoMockD6331,ont,D6331_Zymo,683124,683124,                      Flavobacterium haoranii,Flavobacterium haoranii,species,3.356672275666039e-05,abund,0.0,1,1
Kraken2,default,Kraken2_default,ZymoMockD6331,ZymoMockD6331,ont,D6331_Zymo,2906076,2906076,                      Flavobacterium covae,Flavobacterium covae,species,3.356672275666039e-05,abund,0.0,1,1
Kraken2,default,Kraken2_default,ZymoMockD6331,ZymoMockD6331,ont,D6331_Zymo,1306519,1306519,                      Flavobacterium commune,Flavobacterium commune,species,3.356672275666039e-05,abund,0.0,1,1
Kraken2,default,Kraken2_default,ZymoMockD6331,ZymoMockD6331,ont,D6331_Zymo,2547394,2547394,                      Flavobacterium nackdongense,Flavobacterium nackdongense,species,3.356672275666039e-05,abund,0.0,1,1
Kraken2,default,Kraken2_default,ZymoMockD6331,ZymoMockD6331,ont,D6331_Zymo,871694,871694,                      Flavobacterium ginsengisoli,Flavobacterium ginsengisoli,species,3.356672275666039e-05,abund,0.0,1,1
Kraken2,default,Kraken2_default,ZymoMockD6331,ZymoMockD6331,ont,D6331_Zymo,2502784,2502784,                      Flavobacterium cerinum,Flavobacterium cerinum,species,3.356672275666039e-05,abund,0.0,1,1
Kraken2,default,Kraken2_default,ZymoMockD6331,ZymoMockD6331,ont,D6331_Zymo,2249356,2249356,                      Flavobacterium fluviale,Flavobacterium fluviale,species,3.356672275666039e-05,abund,0.0,1,1
Kraken2,default,Kraken2_default,ZymoMockD6331,ZymoMockD6331,ont,D6331_Zymo,3002900,3002900,                      Flavobacterium praedii,Flavobacterium praedii,species,3.356672275666039e-05,abund,0.0,1,1
Kraken2,default,Kraken2_default,ZymoMockD6331,ZymoMockD6331,ont,D6331_Zymo,312277,312277,                      Flavobacterium indicum,Flavobacterium indicum,species,3.356672275666039e-05,abund,0.0,1,0
Kraken2,default,Kraken2_default,ZymoMockD6331,ZymoMockD6331,ont,D6331_Zymo,1871076,1871076,                      Flavobacterium azooxidireducens,Flavobacterium azooxidireducens,species,3.356672275666039e-05,abund,0.0,1,1
Kraken2,default,Kraken2_default,ZymoMockD6331,ZymoMockD6331,ont,D6331_Zymo,3093870,3093870,                        Polaribacter sp. R77954,Polaribacter sp. R77954,species,0.00043636739583658514,abund,0.0,13,13
Kraken2,default,Kraken2_default,ZymoMockD6331,ZymoMockD6331,ont,D6331_Zymo,1312072,1312072,                        Polaribacter sp. SA4-12,Polaribacter sp. SA4-12,species,0.00016783361378330195,abund,0.0,5,5
Kraken2,default,Kraken2_default,ZymoMockD6331,ZymoMockD6331,ont,D6331_Zymo,1855336,1855336,                        Polaribacter sp. KT25b,Polaribacter sp. KT25b,species,0.00010070016826998118,abund,0.0,3,3
Kraken2,default,Kraken2_default,ZymoMockD6331,ZymoMockD6331,ont,D6331_Zymo,2686361,2686361,                        Polaribacter sp. L3A8,Polaribacter sp. L3A8,species,6.713344551332078e-05,abund,0.0,2,2
Kraken2,default,Kraken2_default,ZymoMockD6331,ZymoMockD6331,ont,D6331_Zymo,2806551,2806551,                        Polaribacter sp. Q13,Polaribacter sp. Q13,species,6.713344551332078e-05,abund,0.0,2,2
Kraken2,default,Kraken2_default,ZymoMockD6331,ZymoMockD6331,ont,D6331_Zymo,2855841,2855841,                        Polaribacter sp. NJDZ03,Polaribacter sp. NJDZ03,species,6.713344551332078e-05,abund,0.0,2,2
Kraken2,default,Kraken2_default,ZymoMockD6331,ZymoMockD6331,ont,D6331_Zymo,1336804,1336804,                        Polaribacter sp. Hel1_33_78,Polaribacter sp. Hel1_33_78,species,3.356672275666039e-05,abund,0.0,1,1
Kraken2,default,Kraken2_default,ZymoMockD6331,ZymoMockD6331,ont,D6331_Zymo,2058137,2058137,                        Polaribacter sp. ALD11,Polaribacter sp. ALD11,species,3.356672275666039e-05,abund,0.0,1,1
Kraken2,default,Kraken2_default,ZymoMockD6331,ZymoMockD6331,ont,D6331_Zymo,2745561,2745561,                        Polaribacter sp. HaHaR_3_91,Polaribacter sp. HaHaR_3_91,species,3.356672275666039e-05,abund,0.0,1,1
Kraken2,default,Kraken2_default,ZymoMockD6331,ZymoMockD6331,ont,D6331_Zymo,326329,326329,                      Polaribacter dokdonensis,Polaribacter dokdonensis,species,0.00043636739583658514,abund,0.0,13,13
Kraken2,default,Kraken2_default,ZymoMockD6331,ZymoMockD6331,ont,D6331_Zymo,1920034,1920034,                      Polaribacter tangerinus,Polaribacter tangerinus,species,0.00026853378205328313,abund,0.0,8,8
Kraken2,default,Kraken2_default,ZymoMockD6331,ZymoMockD6331,ont,D6331_Zymo,574710,574710,                      Polaribacter gangjinensis,Polaribacter gangjinensis,species,0.00020140033653996236,abund,0.0,6,6
Kraken2,default,Kraken2_default,ZymoMockD6331,ZymoMockD6331,ont,D6331_Zymo,2818493,2818493,                      Polaribacter cellanae,Polaribacter cellanae,species,0.00010070016826998118,abund,0.0,3,3
Kraken2,default,Kraken2_default,ZymoMockD6331,ZymoMockD6331,ont,D6331_Zymo,985043,985043,                      Polaribacter sejongensis,Polaribacter sejongensis,species,0.00010070016826998118,abund,0.0,3,3
Kraken2,default,Kraken2_default,ZymoMockD6331,ZymoMockD6331,ont,D6331_Zymo,996801,996801,                      Polaribacter reichenbachii,Polaribacter reichenbachii,species,0.00010070016826998118,abund,0.0,3,3
Kraken2,default,Kraken2_default,ZymoMockD6331,ZymoMockD6331,ont,D6331_Zymo,2808900,2808900,                      Polaribacter batillariae,Polaribacter batillariae,species,0.00010070016826998118,abund,0.0,3,3
Kraken2,default,Kraken2_default,ZymoMockD6331,ZymoMockD6331,ont,D6331_Zymo,1333662,1333662,                      Polaribacter atrinae,Polaribacter atrinae,species,6.713344551332078e-05,abund,0.0,2,2
Kraken2,default,Kraken2_default,ZymoMockD6331,ZymoMockD6331,ont,D6331_Zymo,2738844,2738844,                      Polaribacter pectinis,Polaribacter pectinis,species,6.713344551332078e-05,abund,0.0,2,2
Kraken2,default,Kraken2_default,ZymoMockD6331,ZymoMockD6331,ont,D6331_Zymo,1775173,1775173,                      Polaribacter pacificus,Polaribacter pacificus,species,6.713344551332078e-05,abund,0.0,2,2
Kraken2,default,Kraken2_default,ZymoMockD6331,ZymoMockD6331,ont,D6331_Zymo,1774273,1774273,                      Polaribacter vadi,Polaribacter vadi,species,3.356672275666039e-05,abund,0.0,1,1
Kraken2,default,Kraken2_default,ZymoMockD6331,ZymoMockD6331,ont,D6331_Zymo,2022337,2022337,                      Polaribacter staleyi,Polaribacter staleyi,species,3.356672275666039e-05,abund,0.0,1,1
Kraken2,default,Kraken2_default,ZymoMockD6331,ZymoMockD6331,ont,D6331_Zymo,1888915,1888915,                      Polaribacter haliotis,Polaribacter haliotis,species,3.356672275666039e-05,abund,0.0,1,1
Kraken2,default,Kraken2_default,ZymoMockD6331,ZymoMockD6331,ont,D6331_Zymo,2926907,2926907,                      Abyssalbus ytuae,Abyssalbus ytuae,species,0.001107701850969793,abund,0.0,33,33
Kraken2,default,Kraken2_default,ZymoMockD6331,ZymoMockD6331,ont,D6331_Zymo,2736252,2736252,                        Aquimarina sp. TRL1,Aquimarina sp. TRL1,species,0.00040280067307992473,abund,0.0,12,12
Kraken2,default,Kraken2_default,ZymoMockD6331,ZymoMockD6331,ont,D6331_Zymo,3342247,3342247,                        Aquimarina sp. SS2-1,Aquimarina sp. SS2-1,species,0.00013426689102664157,abund,0.0,4,4
Kraken2,default,Kraken2_default,ZymoMockD6331,ZymoMockD6331,ont,D6331_Zymo,1714860,1714860,                        Aquimarina sp. BL5,Aquimarina sp. BL5,species,0.00010070016826998118,abund,0.0,3,3
Kraken2,default,Kraken2_default,ZymoMockD6331,ZymoMockD6331,ont,D6331_Zymo,3342246,3342246,                        Aquimarina sp. W85,Aquimarina sp. W85,species,0.00010070016826998118,abund,0.0,3,3
Kraken2,default,Kraken2_default,ZymoMockD6331,ZymoMockD6331,ont,D6331_Zymo,1191912,1191912,                        Aquimarina sp. Aq107,Aquimarina sp. Aq107,species,6.713344551332078e-05,abund,0.0,2,2
Kraken2,default,Kraken2_default,ZymoMockD6331,ZymoMockD6331,ont,D6331_Zymo,1714849,1714849,                        Aquimarina sp. AD10,Aquimarina sp. AD10,species,3.356672275666039e-05,abund,0.0,1,1
Kraken2,default,Kraken2_default,ZymoMockD6331,ZymoMockD6331,ont,D6331_Zymo,2949996,2949996,                        Aquimarina sp. ERC-38,Aquimarina sp. ERC-38,species,3.356672275666039e-05,abund,0.0,1,1
Kraken2,default,Kraken2_default,ZymoMockD6331,ZymoMockD6331,ont,D6331_Zymo,104270,104270,                      Tenacibaculum ovolyticum,Tenacibaculum ovolyticum,species,0.00026853378205328313,abund,0.0,8,8
Kraken2,default,Kraken2_default,ZymoMockD6331,ZymoMockD6331,ont,D6331_Zymo,104268,104268,                      Tenacibaculum mesophilum,Tenacibaculum mesophilum,species,6.713344551332078e-05,abund,0.0,2,2
Kraken2,default,Kraken2_default,ZymoMockD6331,ZymoMockD6331,ont,D6331_Zymo,584609,584609,                      Tenacibaculum jejuense,Tenacibaculum jejuense,species,6.713344551332078e-05,abund,0.0,2,2
Kraken2,default,Kraken2_default,ZymoMockD6331,ZymoMockD6331,ont,D6331_Zymo,2006131,2006131,                      Tenacibaculum aestuariivivum,Tenacibaculum aestuariivivum,species,6.713344551332078e-05,abund,0.0,2,2
Kraken2,default,Kraken2_default,ZymoMockD6331,ZymoMockD6331,ont,D6331_Zymo,2781243,2781243,                      Tenacibaculum finnmarkense,Tenacibaculum finnmarkense,species,6.713344551332078e-05,abund,0.0,2,2
Kraken2,default,Kraken2_default,ZymoMockD6331,ZymoMockD6331,ont,D6331_Zymo,107401,107401,                      Tenacibaculum maritimum,Tenacibaculum maritimum,species,3.356672275666039e-05,abund,0.0,1,1
Kraken2,default,Kraken2_default,ZymoMockD6331,ZymoMockD6331,ont,D6331_Zymo,3137857,3137857,                      Tenacibaculum polynesiense,Tenacibaculum polynesiense,species,3.356672275666039e-05,abund,0.0,1,1
Kraken2,default,Kraken2_default,ZymoMockD6331,ZymoMockD6331,ont,D6331_Zymo,1850252,1850252,                      Tenacibaculum todarodis,Tenacibaculum todarodis,species,3.356672275666039e-05,abund,0.0,1,1
Kraken2,default,Kraken2_default,ZymoMockD6331,ZymoMockD6331,ont,D6331_Zymo,3137852,3137852,                      Tenacibaculum platacis,Tenacibaculum platacis,species,3.356672275666039e-05,abund,0.0,1,1
Kraken2,default,Kraken2_default,ZymoMockD6331,ZymoMockD6331,ont,D6331_Zymo,754423,754423,                        Tenacibaculum sp. SZ-18,Tenacibaculum sp. SZ-18,species,3.356672275666039e-05,abund,0.0,1,1
Kraken2,default,Kraken2_default,ZymoMockD6331,ZymoMockD6331,ont,D6331_Zymo,3053613,3053613,                        Maribacter sp. BPC-D8,Maribacter sp. BPC-D8,species,0.00016783361378330195,abund,0.0,5,5
Kraken2,default,Kraken2_default,ZymoMockD6331,ZymoMockD6331,ont,D6331_Zymo,3093854,3093854,                        Maribacter sp. R86514,Maribacter sp. R86514,species,0.00010070016826998118,abund,0.0,3,3
Kraken2,default,Kraken2_default,ZymoMockD6331,ZymoMockD6331,ont,D6331_Zymo,3402159,3402159,                        Maribacter sp. X9,Maribacter sp. X9,species,6.713344551332078e-05,abund,0.0,2,2
Kraken2,default,Kraken2_default,ZymoMockD6331,ZymoMockD6331,ont,D6331_Zymo,1130723,1130723,                      Maribacter aestuarii,Maribacter aestuarii,species,0.00026853378205328313,abund,0.0,8,8
Kraken2,default,Kraken2_default,ZymoMockD6331,ZymoMockD6331,ont,D6331_Zymo,320912,320912,                      Maribacter dokdonensis,Maribacter dokdonensis,species,3.356672275666039e-05,abund,0.0,1,1
Kraken2,default,Kraken2_default,ZymoMockD6331,ZymoMockD6331,ont,D6331_Zymo,2976127,2976127,                      Maribacter litopenaei,Maribacter litopenaei,species,3.356672275666039e-05,abund,0.0,1,1
Kraken2,default,Kraken2_default,ZymoMockD6331,ZymoMockD6331,ont,D6331_Zymo,3040348,3040348,                      Aequorivita marisscotiae,Aequorivita marisscotiae,species,0.00026853378205328313,abund,0.0,8,8
Kraken2,default,Kraken2_default,ZymoMockD6331,ZymoMockD6331,ont,D6331_Zymo,1287690,1287690,                      Aequorivita nionensis,Aequorivita nionensis,species,0.00020140033653996236,abund,0.0,6,6
Kraken2,default,Kraken2_default,ZymoMockD6331,ZymoMockD6331,ont,D6331_Zymo,2494375,2494375,                      Aequorivita ciconiae,Aequorivita ciconiae,species,0.00013426689102664157,abund,0.0,4,4
Kraken2,default,Kraken2_default,ZymoMockD6331,ZymoMockD6331,ont,D6331_Zymo,101385,101385,                      Aequorivita sublithincola,Aequorivita sublithincola,species,0.00010070016826998118,abund,0.0,3,0
Kraken2,default,Kraken2_default,ZymoMockD6331,ZymoMockD6331,ont,D6331_Zymo,3093873,3093873,                        Algibacter sp. R77976,Algibacter sp. R77976,species,0.00016783361378330195,abund,0.0,5,5
Kraken2,default,Kraken2_default,ZymoMockD6331,ZymoMockD6331,ont,D6331_Zymo,2686365,2686365,                        Algibacter sp. L1A34,Algibacter sp. L1A34,species,0.00013426689102664157,abund,0.0,4,4
Kraken2,default,Kraken2_default,ZymoMockD6331,ZymoMockD6331,ont,D6331_Zymo,3135773,3135773,                        Algibacter sp. AS12,Algibacter sp. AS12,species,3.356672275666039e-05,abund,0.0,1,1
Kraken2,default,Kraken2_default,ZymoMockD6331,ZymoMockD6331,ont,D6331_Zymo,221126,221126,                      Algibacter lectus,Algibacter lectus,species,0.00013426689102664157,abund,0.0,4,4
Kraken2,default,Kraken2_default,ZymoMockD6331,ZymoMockD6331,ont,D6331_Zymo,1178825,1178825,                      Algibacter luteus,Algibacter luteus,species,0.00010070016826998118,abund,0.0,3,3
Kraken2,default,Kraken2_default,ZymoMockD6331,ZymoMockD6331,ont,D6331_Zymo,906888,906888,                      Nonlabens ulvanivorans,Nonlabens ulvanivorans,species,0.0003692339503232643,abund,0.0,11,11
Kraken2,default,Kraken2_default,ZymoMockD6331,ZymoMockD6331,ont,D6331_Zymo,930802,930802,                      Nonlabens marinus,Nonlabens marinus,species,0.00010070016826998118,abund,0.0,3,0
Kraken2,default,Kraken2_default,ZymoMockD6331,ZymoMockD6331,ont,D6331_Zymo,1476901,1476901,                        Nonlabens sp. MIC269,Nonlabens sp. MIC269,species,6.713344551332078e-05,abund,0.0,2,2
Kraken2,default,Kraken2_default,ZymoMockD6331,ZymoMockD6331,ont,D6331_Zymo,2058134,2058134,                        Nonlabens sp. MB-3u-79,Nonlabens sp. MB-3u-79,species,3.356672275666039e-05,abund,0.0,1,1
Kraken2,default,Kraken2_default,ZymoMockD6331,ZymoMockD6331,ont,D6331_Zymo,331648,331648,                      Nonlabens spongiae,Nonlabens spongiae,species,6.713344551332078e-05,abund,0.0,2,2
Kraken2,default,Kraken2_default,ZymoMockD6331,ZymoMockD6331,ont,D6331_Zymo,979,979,                      Cellulophaga lytica,Cellulophaga lytica,species,0.00020140033653996236,abund,0.0,6,6
Kraken2,default,Kraken2_default,ZymoMockD6331,ZymoMockD6331,ont,D6331_Zymo,2745558,2745558,                        Cellulophaga sp. HaHa_2_95,Cellulophaga sp. HaHa_2_95,species,0.00010070016826998118,abund,0.0,3,3
Kraken2,default,Kraken2_default,ZymoMockD6331,ZymoMockD6331,ont,D6331_Zymo,1942464,1942464,                        Cellulophaga sp. HaHaR_3_176,Cellulophaga sp. HaHaR_3_176,species,6.713344551332078e-05,abund,0.0,2,2
Kraken2,default,Kraken2_default,ZymoMockD6331,ZymoMockD6331,ont,D6331_Zymo,2686362,2686362,                        Cellulophaga sp. L1A9,Cellulophaga sp. L1A9,species,3.356672275666039e-05,abund,0.0,1,1
Kraken2,default,Kraken2_default,ZymoMockD6331,ZymoMockD6331,ont,D6331_Zymo,59600,59600,                      Cellulophaga algicola,Cellulophaga algicola,species,0.00013426689102664157,abund,0.0,4,0
Kraken2,default,Kraken2_default,ZymoMockD6331,ZymoMockD6331,ont,D6331_Zymo,76594,76594,                      Cellulophaga baltica,Cellulophaga baltica,species,6.713344551332078e-05,abund,0.0,2,1
Kraken2,default,Kraken2_default,ZymoMockD6331,ZymoMockD6331,ont,D6331_Zymo,2929510,2929510,                        Winogradskyella sp. MH6,Winogradskyella sp. MH6,species,0.00010070016826998118,abund,0.0,3,3
Kraken2,default,Kraken2_default,ZymoMockD6331,ZymoMockD6331,ont,D6331_Zymo,3098297,3098297,                        Winogradskyella sp. MIT101101,Winogradskyella sp. MIT101101,species,0.00010070016826998118,abund,0.0,3,3
Kraken2,default,Kraken2_default,ZymoMockD6331,ZymoMockD6331,ont,D6331_Zymo,2749995,2749995,                        Winogradskyella sp. HaHa_3_26,Winogradskyella sp. HaHa_3_26,species,6.713344551332078e-05,abund,0.0,2,2
Kraken2,default,Kraken2_default,ZymoMockD6331,ZymoMockD6331,ont,D6331_Zymo,754409,754409,                        Winogradskyella sp. PG-2,Winogradskyella sp. PG-2,species,3.356672275666039e-05,abund,0.0,1,1
Kraken2,default,Kraken2_default,ZymoMockD6331,ZymoMockD6331,ont,D6331_Zymo,3093872,3093872,                        Winogradskyella sp. R77965,Winogradskyella sp. R77965,species,3.356672275666039e-05,abund,0.0,1,1
Kraken2,default,Kraken2_default,ZymoMockD6331,ZymoMockD6331,ont,D6331_Zymo,2686078,2686078,                      Winogradskyella schleiferi,Winogradskyella schleiferi,species,0.00010070016826998118,abund,0.0,3,3
Kraken2,default,Kraken2_default,ZymoMockD6331,ZymoMockD6331,ont,D6331_Zymo,2686077,2686077,                      Winogradskyella forsetii,Winogradskyella forsetii,species,6.713344551332078e-05,abund,0.0,2,2
Kraken2,default,Kraken2_default,ZymoMockD6331,ZymoMockD6331,ont,D6331_Zymo,1382466,1382466,                      Winogradskyella sediminis,Winogradskyella sediminis,species,3.356672275666039e-05,abund,0.0,1,1
Kraken2,default,Kraken2_default,ZymoMockD6331,ZymoMockD6331,ont,D6331_Zymo,2697010,2697010,                      Winogradskyella helgolandensis,Winogradskyella helgolandensis,species,3.356672275666039e-05,abund,0.0,1,1
Kraken2,default,Kraken2_default,ZymoMockD6331,ZymoMockD6331,ont,D6331_Zymo,3160833,3160833,                        Leeuwenhoekiella sp. LLG6367-2.1,Leeuwenhoekiella sp. LLG6367-2.1,species,6.713344551332078e-05,abund,0.0,2,2
Kraken2,default,Kraken2_default,ZymoMockD6331,ZymoMockD6331,ont,D6331_Zymo,2719912,2719912,                        Leeuwenhoekiella sp. ZYFB001,Leeuwenhoekiella sp. ZYFB001,species,3.356672275666039e-05,abund,0.0,1,1
Kraken2,default,Kraken2_default,ZymoMockD6331,ZymoMockD6331,ont,D6331_Zymo,573501,573501,                      Leeuwenhoekiella palythoae,Leeuwenhoekiella palythoae,species,0.00010070016826998118,abund,0.0,3,3
Kraken2,default,Kraken2_default,ZymoMockD6331,ZymoMockD6331,ont,D6331_Zymo,2058762,2058762,                        Flagellimonas sp.,Flagellimonas sp.,species,0.00013426689102664157,abund,0.0,4,4
Kraken2,default,Kraken2_default,ZymoMockD6331,ZymoMockD6331,ont,D6331_Zymo,2905121,2905121,                        Flagellimonas sp. HMM57,Flagellimonas sp. HMM57,species,0.00013426689102664157,abund,0.0,4,4
Kraken2,default,Kraken2_default,ZymoMockD6331,ZymoMockD6331,ont,D6331_Zymo,3158549,3158549,                        Flagellimonas sp. MMG031,Flagellimonas sp. MMG031,species,3.356672275666039e-05,abund,0.0,1,1
Kraken2,default,Kraken2_default,ZymoMockD6331,ZymoMockD6331,ont,D6331_Zymo,2698672,2698672,                      Flagellimonas oceani,Flagellimonas oceani,species,0.00010070016826998118,abund,0.0,3,3
Kraken2,default,Kraken2_default,ZymoMockD6331,ZymoMockD6331,ont,D6331_Zymo,111501,111501,                      Flagellimonas ruestringensis,Flagellimonas ruestringensis,species,3.356672275666039e-05,abund,0.0,1,0
Kraken2,default,Kraken2_default,ZymoMockD6331,ZymoMockD6331,ont,D6331_Zymo,2915619,2915619,                      Flagellimonas aurea,Flagellimonas aurea,species,3.356672275666039e-05,abund,0.0,1,1
Kraken2,default,Kraken2_default,ZymoMockD6331,ZymoMockD6331,ont,D6331_Zymo,2126553,2126553,                      Christiangramia fulva,Christiangramia fulva,species,0.00013426689102664157,abund,0.0,4,4
Kraken2,default,Kraken2_default,ZymoMockD6331,ZymoMockD6331,ont,D6331_Zymo,1250205,1250205,                        Gramella sp. MAR_2010_147,Gramella sp. MAR_2010_147,species,0.00010070016826998118,abund,0.0,3,3
Kraken2,default,Kraken2_default,ZymoMockD6331,ZymoMockD6331,ont,D6331_Zymo,2705471,2705471,                        Gramella sp. MT6,Gramella sp. MT6,species,3.356672275666039e-05,abund,0.0,1,1
Kraken2,default,Kraken2_default,ZymoMockD6331,ZymoMockD6331,ont,D6331_Zymo,1913577,1913577,                      Christiangramia salexigens,Christiangramia salexigens,species,3.356672275666039e-05,abund,0.0,1,1
Kraken2,default,Kraken2_default,ZymoMockD6331,ZymoMockD6331,ont,D6331_Zymo,983544,983544,                        Lacinutrix sp. 5H-3-7-4,Lacinutrix sp. 5H-3-7-4,species,0.00013426689102664157,abund,0.0,4,4
Kraken2,default,Kraken2_default,ZymoMockD6331,ZymoMockD6331,ont,D6331_Zymo,2653681,2653681,                        Lacinutrix sp. WUR7,Lacinutrix sp. WUR7,species,0.00010070016826998118,abund,0.0,3,3
Kraken2,default,Kraken2_default,ZymoMockD6331,ZymoMockD6331,ont,D6331_Zymo,1486034,1486034,                      Lacinutrix venerupis,Lacinutrix venerupis,species,0.00013426689102664157,abund,0.0,4,4
Kraken2,default,Kraken2_default,ZymoMockD6331,ZymoMockD6331,ont,D6331_Zymo,2980107,2980107,                      Lacinutrix neustonica,Lacinutrix neustonica,species,0.00010070016826998118,abund,0.0,3,3
Kraken2,default,Kraken2_default,ZymoMockD6331,ZymoMockD6331,ont,D6331_Zymo,2027857,2027857,                        Mariniflexile sp. TRM1-10,Mariniflexile sp. TRM1-10,species,0.00020140033653996236,abund,0.0,6,6
Kraken2,default,Kraken2_default,ZymoMockD6331,ZymoMockD6331,ont,D6331_Zymo,3063957,3063957,                        Mariniflexile sp. AS56,Mariniflexile sp. AS56,species,0.00016783361378330195,abund,0.0,5,5
Kraken2,default,Kraken2_default,ZymoMockD6331,ZymoMockD6331,ont,D6331_Zymo,264023,264023,                      Mariniflexile fucanivorans,Mariniflexile fucanivorans,species,6.713344551332078e-05,abund,0.0,2,2
Kraken2,default,Kraken2_default,ZymoMockD6331,ZymoMockD6331,ont,D6331_Zymo,3045158,3045158,                      Mariniflexile litorale,Mariniflexile litorale,species,3.356672275666039e-05,abund,0.0,1,1
Kraken2,default,Kraken2_default,ZymoMockD6331,ZymoMockD6331,ont,D6331_Zymo,2748316,2748316,                        Capnocytophaga sp. oral taxon 902,Capnocytophaga sp. oral taxon 902,species,0.00013426689102664157,abund,0.0,4,4
Kraken2,default,Kraken2_default,ZymoMockD6331,ZymoMockD6331,ont,D6331_Zymo,1316596,1316596,                        Capnocytophaga sp. oral taxon 878,Capnocytophaga sp. oral taxon 878,species,6.713344551332078e-05,abund,0.0,2,2
Kraken2,default,Kraken2_default,ZymoMockD6331,ZymoMockD6331,ont,D6331_Zymo,3238809,3238809,                        Capnocytophaga sp. ARDL2,Capnocytophaga sp. ARDL2,species,3.356672275666039e-05,abund,0.0,1,1
Kraken2,default,Kraken2_default,ZymoMockD6331,ZymoMockD6331,ont,D6331_Zymo,1019,1019,                      Capnocytophaga sputigena,Capnocytophaga sputigena,species,0.00010070016826998118,abund,0.0,3,3
Kraken2,default,Kraken2_default,ZymoMockD6331,ZymoMockD6331,ont,D6331_Zymo,1018,1018,                      Capnocytophaga ochracea,Capnocytophaga ochracea,species,3.356672275666039e-05,abund,0.0,1,1
Kraken2,default,Kraken2_default,ZymoMockD6331,ZymoMockD6331,ont,D6331_Zymo,28188,28188,                      Capnocytophaga canimorsus,Capnocytophaga canimorsus,species,3.356672275666039e-05,abund,0.0,1,1
Kraken2,default,Kraken2_default,ZymoMockD6331,ZymoMockD6331,ont,D6331_Zymo,28189,28189,                      Capnocytophaga cynodegmi,Capnocytophaga cynodegmi,species,3.356672275666039e-05,abund,0.0,1,1
Kraken2,default,Kraken2_default,ZymoMockD6331,ZymoMockD6331,ont,D6331_Zymo,1798225,1798225,                        Formosa sp. Hel1_31_208,Formosa sp. Hel1_31_208,species,0.0003692339503232643,abund,0.0,11,11
Kraken2,default,Kraken2_default,ZymoMockD6331,ZymoMockD6331,ont,D6331_Zymo,1336794,1336794,                        Formosa sp. Hel1_33_131,Formosa sp. Hel1_33_131,species,3.356672275666039e-05,abund,0.0,1,1
Kraken2,default,Kraken2_default,ZymoMockD6331,ZymoMockD6331,ont,D6331_Zymo,2686363,2686363,                        Formosa sp. L2A11,Formosa sp. L2A11,species,3.356672275666039e-05,abund,0.0,1,1
Kraken2,default,Kraken2_default,ZymoMockD6331,ZymoMockD6331,ont,D6331_Zymo,1761453,1761453,                      Euzebyella marina,Euzebyella marina,species,0.0003692339503232643,abund,0.0,11,11
Kraken2,default,Kraken2_default,ZymoMockD6331,ZymoMockD6331,ont,D6331_Zymo,2049305,2049305,                      Changchengzhania lutea,Changchengzhania lutea,species,0.0003356672275666039,abund,0.0,10,10
Kraken2,default,Kraken2_default,ZymoMockD6331,ZymoMockD6331,ont,D6331_Zymo,1218801,1218801,                      Kordia antarctica,Kordia antarctica,species,0.00030210050480994355,abund,0.0,9,9
Kraken2,default,Kraken2_default,ZymoMockD6331,ZymoMockD6331,ont,D6331_Zymo,2282170,2282170,                        Kordia sp. SMS9,Kordia sp. SMS9,species,3.356672275666039e-05,abund,0.0,1,1
Kraken2,default,Kraken2_default,ZymoMockD6331,ZymoMockD6331,ont,D6331_Zymo,2918526,2918526,                        Lutibacter sp. A64,Lutibacter sp. A64,species,0.00016783361378330195,abund,0.0,5,5
Kraken2,default,Kraken2_default,ZymoMockD6331,ZymoMockD6331,ont,D6331_Zymo,2918453,2918453,                        Lutibacter sp. A80,Lutibacter sp. A80,species,3.356672275666039e-05,abund,0.0,1,1
Kraken2,default,Kraken2_default,ZymoMockD6331,ZymoMockD6331,ont,D6331_Zymo,1622118,1622118,                      Lutibacter profundi,Lutibacter profundi,species,0.00010070016826998118,abund,0.0,3,3
Kraken2,default,Kraken2_default,ZymoMockD6331,ZymoMockD6331,ont,D6331_Zymo,2058175,2058175,                      Antarcticibacterium flavum,Antarcticibacterium flavum,species,0.00013426689102664157,abund,0.0,4,4
Kraken2,default,Kraken2_default,ZymoMockD6331,ZymoMockD6331,ont,D6331_Zymo,2908210,2908210,                        Antarcticibacterium sp. 1MA-6-2,Antarcticibacterium sp. 1MA-6-2,species,0.00013426689102664157,abund,0.0,4,4
Kraken2,default,Kraken2_default,ZymoMockD6331,ZymoMockD6331,ont,D6331_Zymo,3391574,3391574,                        Pontimicrobium sp. IMCC45349,Pontimicrobium sp. IMCC45349,species,0.00020140033653996236,abund,0.0,6,6
Kraken2,default,Kraken2_default,ZymoMockD6331,ZymoMockD6331,ont,D6331_Zymo,3153519,3153519,                        Pontimicrobium sp. SW4,Pontimicrobium sp. SW4,species,3.356672275666039e-05,abund,0.0,1,1
Kraken2,default,Kraken2_default,ZymoMockD6331,ZymoMockD6331,ont,D6331_Zymo,3080055,3080055,                      Mangrovimonas cancribranchiae,Mangrovimonas cancribranchiae,species,0.00020140033653996236,abund,0.0,6,6
Kraken2,default,Kraken2_default,ZymoMockD6331,ZymoMockD6331,ont,D6331_Zymo,3015170,3015170,                        Zunongwangia sp. HRR-M8,Zunongwangia sp. HRR-M8,species,0.00010070016826998118,abund,0.0,3,3
Kraken2,default,Kraken2_default,ZymoMockD6331,ZymoMockD6331,ont,D6331_Zymo,2779359,2779359,                        Zunongwangia sp. SCSIO 43204,Zunongwangia sp. SCSIO 43204,species,6.713344551332078e-05,abund,0.0,2,2
Kraken2,default,Kraken2_default,ZymoMockD6331,ZymoMockD6331,ont,D6331_Zymo,616991,616991,                      Arenibacter algicola,Arenibacter algicola,species,0.00013426689102664157,abund,0.0,4,4
Kraken2,default,Kraken2_default,ZymoMockD6331,ZymoMockD6331,ont,D6331_Zymo,2040469,2040469,                      Arenibacter antarcticus,Arenibacter antarcticus,species,3.356672275666039e-05,abund,0.0,1,1
Kraken2,default,Kraken2_default,ZymoMockD6331,ZymoMockD6331,ont,D6331_Zymo,2058135,2058135,                        Olleya sp. Bg11-27,Olleya sp. Bg11-27,species,0.00016783361378330195,abund,0.0,5,5
Kraken2,default,Kraken2_default,ZymoMockD6331,ZymoMockD6331,ont,D6331_Zymo,2584122,2584122,                      Aureibaculum algae,Aureibaculum algae,species,0.00016783361378330195,abund,0.0,5,5
Kraken2,default,Kraken2_default,ZymoMockD6331,ZymoMockD6331,ont,D6331_Zymo,1630406,1630406,                        Tamlana sp. s12,Tamlana sp. s12,species,0.00016783361378330195,abund,0.0,5,5
Kraken2,default,Kraken2_default,ZymoMockD6331,ZymoMockD6331,ont,D6331_Zymo,2562285,2562285,                        Constantimarinum furrinae,Constantimarinum furrinae,species,0.00013426689102664157,abund,0.0,4,4
Kraken2,default,Kraken2_default,ZymoMockD6331,ZymoMockD6331,ont,D6331_Zymo,3230969,3230969,                        Patiriisocius sp. Uisw_047,Patiriisocius sp. Uisw_047,species,0.00010070016826998118,abund,0.0,3,3
Kraken2,default,Kraken2_default,ZymoMockD6331,ZymoMockD6331,ont,D6331_Zymo,3230968,3230968,                        Patiriisocius sp. Uisw_017,Patiriisocius sp. Uisw_017,species,3.356672275666039e-05,abund,0.0,1,1
Kraken2,default,Kraken2_default,ZymoMockD6331,ZymoMockD6331,ont,D6331_Zymo,1803846,1803846,                      Flavivirga eckloniae,Flavivirga eckloniae,species,6.713344551332078e-05,abund,0.0,2,2
Kraken2,default,Kraken2_default,ZymoMockD6331,ZymoMockD6331,ont,D6331_Zymo,3063533,3063533,                      Flavivirga abyssicola,Flavivirga abyssicola,species,6.713344551332078e-05,abund,0.0,2,2
Kraken2,default,Kraken2_default,ZymoMockD6331,ZymoMockD6331,ont,D6331_Zymo,702745,702745,                      Myroides phaeus,Myroides phaeus,species,3.356672275666039e-05,abund,0.0,1,1
Kraken2,default,Kraken2_default,ZymoMockD6331,ZymoMockD6331,ont,D6331_Zymo,2562892,2562892,                      Myroides albus,Myroides albus,species,3.356672275666039e-05,abund,0.0,1,1
Kraken2,default,Kraken2_default,ZymoMockD6331,ZymoMockD6331,ont,D6331_Zymo,3119977,3119977,                        Myroides sp. JBRI-B21084,Myroides sp. JBRI-B21084,species,3.356672275666039e-05,abund,0.0,1,1
Kraken2,default,Kraken2_default,ZymoMockD6331,ZymoMockD6331,ont,D6331_Zymo,1165090,1165090,                      Imtechella halotolerans,Imtechella halotolerans,species,0.00010070016826998118,abund,0.0,3,3
Kraken2,default,Kraken2_default,ZymoMockD6331,ZymoMockD6331,ont,D6331_Zymo,1850246,1850246,                      Urechidicola croceus,Urechidicola croceus,species,0.00010070016826998118,abund,0.0,3,3
Kraken2,default,Kraken2_default,ZymoMockD6331,ZymoMockD6331,ont,D6331_Zymo,2916754,2916754,                        Flaviramulus sp. BrNp1-15,Flaviramulus sp. BrNp1-15,species,0.00010070016826998118,abund,0.0,3,3
Kraken2,default,Kraken2_default,ZymoMockD6331,ZymoMockD6331,ont,D6331_Zymo,143223,143223,                      Salegentibacter salegens,Salegentibacter salegens,species,6.713344551332078e-05,abund,0.0,2,2
Kraken2,default,Kraken2_default,ZymoMockD6331,ZymoMockD6331,ont,D6331_Zymo,270918,270918,                      Salegentibacter mishustinae,Salegentibacter mishustinae,species,3.356672275666039e-05,abund,0.0,1,1
Kraken2,default,Kraken2_default,ZymoMockD6331,ZymoMockD6331,ont,D6331_Zymo,3032586,3032586,                      Zobellia alginiliquefaciens,Zobellia alginiliquefaciens,species,6.713344551332078e-05,abund,0.0,2,2
Kraken2,default,Kraken2_default,ZymoMockD6331,ZymoMockD6331,ont,D6331_Zymo,248907,248907,                      Zobellia russellii,Zobellia russellii,species,3.356672275666039e-05,abund,0.0,1,1
Kraken2,default,Kraken2_default,ZymoMockD6331,ZymoMockD6331,ont,D6331_Zymo,2094025,2094025,                      Pukyongia salina,Pukyongia salina,species,6.713344551332078e-05,abund,0.0,2,2
Kraken2,default,Kraken2_default,ZymoMockD6331,ZymoMockD6331,ont,D6331_Zymo,2744027,2744027,                      Rasiella rasia,Rasiella rasia,species,6.713344551332078e-05,abund,0.0,2,2
Kraken2,default,Kraken2_default,ZymoMockD6331,ZymoMockD6331,ont,D6331_Zymo,3074124,3074124,                      Thalassobellus suaedae,Thalassobellus suaedae,species,6.713344551332078e-05,abund,0.0,2,2
Kraken2,default,Kraken2_default,ZymoMockD6331,ZymoMockD6331,ont,D6331_Zymo,2069432,2069432,                      Pseudotamlana carrageenivorans,Pseudotamlana carrageenivorans,species,6.713344551332078e-05,abund,0.0,2,2
Kraken2,default,Kraken2_default,ZymoMockD6331,ZymoMockD6331,ont,D6331_Zymo,2202721,2202721,                      Zhouia spongiae,Zhouia spongiae,species,6.713344551332078e-05,abund,0.0,2,2
Kraken2,default,Kraken2_default,ZymoMockD6331,ZymoMockD6331,ont,D6331_Zymo,2779362,2779362,                        Mesoflavibacter sp. SCSIO 43206,Mesoflavibacter sp. SCSIO 43206,species,3.356672275666039e-05,abund,0.0,1,1
Kraken2,default,Kraken2_default,ZymoMockD6331,ZymoMockD6331,ont,D6331_Zymo,983548,983548,                        Dokdonia sp. 4H-3-7-5,Dokdonia sp. 4H-3-7-5,species,3.356672275666039e-05,abund,0.0,1,1
Kraken2,default,Kraken2_default,ZymoMockD6331,ZymoMockD6331,ont,D6331_Zymo,1170699,1170699,                        Galbibacter sp. BG1,Galbibacter sp. BG1,species,6.713344551332078e-05,abund,0.0,2,2
Kraken2,default,Kraken2_default,ZymoMockD6331,ZymoMockD6331,ont,D6331_Zymo,2932268,2932268,                      Psychroserpens ponticola,Psychroserpens ponticola,species,3.356672275666039e-05,abund,0.0,1,1
Kraken2,default,Kraken2_default,ZymoMockD6331,ZymoMockD6331,ont,D6331_Zymo,2820661,2820661,                      Candidatus Arcticimaribacter forsetii,Candidatus Arcticimaribacter forsetii,species,3.356672275666039e-05,abund,0.0,1,1
Kraken2,default,Kraken2_default,ZymoMockD6331,ZymoMockD6331,ont,D6331_Zymo,2893202,2893202,                      Aegicerativicinus sediminis,Aegicerativicinus sediminis,species,3.356672275666039e-05,abund,0.0,1,1
Kraken2,default,Kraken2_default,ZymoMockD6331,ZymoMockD6331,ont,D6331_Zymo,1736674,1736674,                      Pseudalgibacter alginicilyticus,Pseudalgibacter alginicilyticus,species,3.356672275666039e-05,abund,0.0,1,1
Kraken2,default,Kraken2_default,ZymoMockD6331,ZymoMockD6331,ont,D6331_Zymo,2529032,2529032,                        Oceanihabitans sp. IOP_32,Oceanihabitans sp. IOP_32,species,3.356672275666039e-05,abund,0.0,1,1
Kraken2,default,Kraken2_default,ZymoMockD6331,ZymoMockD6331,ont,D6331_Zymo,1816680,1816680,                      Vaginella massiliensis,Vaginella massiliensis,species,3.356672275666039e-05,abund,0.0,1,1
Kraken2,default,Kraken2_default,ZymoMockD6331,ZymoMockD6331,ont,D6331_Zymo,1936081,1936081,                        Seonamhaeicola sp. S2-3,Seonamhaeicola sp. S2-3,species,3.356672275666039e-05,abund,0.0,1,1
Kraken2,default,Kraken2_default,ZymoMockD6331,ZymoMockD6331,ont,D6331_Zymo,2507538,2507538,                      Muriicola soli,Muriicola soli,species,3.356672275666039e-05,abund,0.0,1,1
Kraken2,default,Kraken2_default,ZymoMockD6331,ZymoMockD6331,ont,D6331_Zymo,3114359,3114359,                        Salinimicrobium sp. 3283s,Salinimicrobium sp. 3283s,species,3.356672275666039e-05,abund,0.0,1,1
Kraken2,default,Kraken2_default,ZymoMockD6331,ZymoMockD6331,ont,D6331_Zymo,3060215,3060215,                      Lutimonas zeaxanthinifaciens,Lutimonas zeaxanthinifaciens,species,3.356672275666039e-05,abund,0.0,1,1
Kraken2,default,Kraken2_default,ZymoMockD6331,ZymoMockD6331,ont,D6331_Zymo,3075823,3075823,                      Hwangdonia lutea,Hwangdonia lutea,species,3.356672275666039e-05,abund,0.0,1,1
Kraken2,default,Kraken2_default,ZymoMockD6331,ZymoMockD6331,ont,D6331_Zymo,2487063,2487063,                          Chryseobacterium sp. G0162,Chryseobacterium sp. G0162,species,0.00023496705929662275,abund,0.0,7,7
Kraken2,default,Kraken2_default,ZymoMockD6331,ZymoMockD6331,ont,D6331_Zymo,2893882,2893882,                          Chryseobacterium sp. C-71,Chryseobacterium sp. C-71,species,0.00023496705929662275,abund,0.0,7,7
Kraken2,default,Kraken2_default,ZymoMockD6331,ZymoMockD6331,ont,D6331_Zymo,1033900,1033900,                          Chryseobacterium sp. PMSZPI,Chryseobacterium sp. PMSZPI,species,0.00016783361378330195,abund,0.0,5,5
Kraken2,default,Kraken2_default,ZymoMockD6331,ZymoMockD6331,ont,D6331_Zymo,2920939,2920939,                          Chryseobacterium sp. Y16C,Chryseobacterium sp. Y16C,species,0.00013426689102664157,abund,0.0,4,4
Kraken2,default,Kraken2_default,ZymoMockD6331,ZymoMockD6331,ont,D6331_Zymo,3094839,3094839,                          Chryseobacterium sp. HR92,Chryseobacterium sp. HR92,species,0.00010070016826998118,abund,0.0,3,3
Kraken2,default,Kraken2_default,ZymoMockD6331,ZymoMockD6331,ont,D6331_Zymo,2487065,2487065,                          Chryseobacterium sp. G0201,Chryseobacterium sp. G0201,species,0.00010070016826998118,abund,0.0,3,3
Kraken2,default,Kraken2_default,ZymoMockD6331,ZymoMockD6331,ont,D6331_Zymo,2838877,2838877,                          Chryseobacterium sp. ZHDP1,Chryseobacterium sp. ZHDP1,species,0.00010070016826998118,abund,0.0,3,3
Kraken2,default,Kraken2_default,ZymoMockD6331,ZymoMockD6331,ont,D6331_Zymo,1932669,1932669,                          Chryseobacterium sp. JV274,Chryseobacterium sp. JV274,species,6.713344551332078e-05,abund,0.0,2,2
Kraken2,default,Kraken2_default,ZymoMockD6331,ZymoMockD6331,ont,D6331_Zymo,2997336,2997336,                          Chryseobacterium sp. CY350,Chryseobacterium sp. CY350,species,6.713344551332078e-05,abund,0.0,2,2
Kraken2,default,Kraken2_default,ZymoMockD6331,ZymoMockD6331,ont,D6331_Zymo,2966625,2966625,                          Chryseobacterium sp. MA9,Chryseobacterium sp. MA9,species,6.713344551332078e-05,abund,0.0,2,2
Kraken2,default,Kraken2_default,ZymoMockD6331,ZymoMockD6331,ont,D6331_Zymo,2594269,2594269,                          Chryseobacterium sp. SNU WT5,Chryseobacterium sp. SNU WT5,species,6.713344551332078e-05,abund,0.0,2,2
Kraken2,default,Kraken2_default,ZymoMockD6331,ZymoMockD6331,ont,D6331_Zymo,2745153,2745153,                          Chryseobacterium sp. MYb264,Chryseobacterium sp. MYb264,species,6.713344551332078e-05,abund,0.0,2,2
Kraken2,default,Kraken2_default,ZymoMockD6331,ZymoMockD6331,ont,D6331_Zymo,3400631,3400631,                          Chryseobacterium sp. PTM-20240506,Chryseobacterium sp. PTM-20240506,species,3.356672275666039e-05,abund,0.0,1,1
Kraken2,default,Kraken2_default,ZymoMockD6331,ZymoMockD6331,ont,D6331_Zymo,3231511,3231511,                          Chryseobacterium sp. KCF3-3,Chryseobacterium sp. KCF3-3,species,3.356672275666039e-05,abund,0.0,1,1
Kraken2,default,Kraken2_default,ZymoMockD6331,ZymoMockD6331,ont,D6331_Zymo,3074145,3074145,                          Chryseobacterium sp. SG20098,Chryseobacterium sp. SG20098,species,3.356672275666039e-05,abund,0.0,1,1
Kraken2,default,Kraken2_default,ZymoMockD6331,ZymoMockD6331,ont,D6331_Zymo,2713414,2713414,                          Chryseobacterium sp. POL2,Chryseobacterium sp. POL2,species,3.356672275666039e-05,abund,0.0,1,1
Kraken2,default,Kraken2_default,ZymoMockD6331,ZymoMockD6331,ont,D6331_Zymo,2478663,2478663,                          Chryseobacterium sp. 3008163,Chryseobacterium sp. 3008163,species,3.356672275666039e-05,abund,0.0,1,1
Kraken2,default,Kraken2_default,ZymoMockD6331,ZymoMockD6331,ont,D6331_Zymo,2015076,2015076,                          Chryseobacterium sp. T16E-39,Chryseobacterium sp. T16E-39,species,3.356672275666039e-05,abund,0.0,1,1
Kraken2,default,Kraken2_default,ZymoMockD6331,ZymoMockD6331,ont,D6331_Zymo,1854498,1854498,                        Chryseobacterium nepalense,Chryseobacterium nepalense,species,0.00026853378205328313,abund,0.0,8,8
Kraken2,default,Kraken2_default,ZymoMockD6331,ZymoMockD6331,ont,D6331_Zymo,651561,651561,                        Chryseobacterium arthrosphaerae,Chryseobacterium arthrosphaerae,species,0.00020140033653996236,abund,0.0,6,6
Kraken2,default,Kraken2_default,ZymoMockD6331,ZymoMockD6331,ont,D6331_Zymo,253,253,                        Chryseobacterium indologenes,Chryseobacterium indologenes,species,0.00016783361378330195,abund,0.0,5,5
Kraken2,default,Kraken2_default,ZymoMockD6331,ZymoMockD6331,ont,D6331_Zymo,1124835,1124835,                        Chryseobacterium carnipullorum,Chryseobacterium carnipullorum,species,0.00013426689102664157,abund,0.0,4,4
Kraken2,default,Kraken2_default,ZymoMockD6331,ZymoMockD6331,ont,D6331_Zymo,250,250,                        Chryseobacterium gleum,Chryseobacterium gleum,species,0.00010070016826998118,abund,0.0,3,3
Kraken2,default,Kraken2_default,ZymoMockD6331,ZymoMockD6331,ont,D6331_Zymo,2956784,2956784,                        Chryseobacterium paludis,Chryseobacterium paludis,species,0.00010070016826998118,abund,0.0,3,3
Kraken2,default,Kraken2_default,ZymoMockD6331,ZymoMockD6331,ont,D6331_Zymo,1265445,1265445,                        Chryseobacterium camelliae,Chryseobacterium camelliae,species,0.00010070016826998118,abund,0.0,3,3
Kraken2,default,Kraken2_default,ZymoMockD6331,ZymoMockD6331,ont,D6331_Zymo,1241981,1241981,                        Chryseobacterium lactis,Chryseobacterium lactis,species,0.00010070016826998118,abund,0.0,3,3
Kraken2,default,Kraken2_default,ZymoMockD6331,ZymoMockD6331,ont,D6331_Zymo,59733,59733,                        Chryseobacterium scophthalmum,Chryseobacterium scophthalmum,species,0.00010070016826998118,abund,0.0,3,3
Kraken2,default,Kraken2_default,ZymoMockD6331,ZymoMockD6331,ont,D6331_Zymo,112234,112234,                        Chryseobacterium joostei,Chryseobacterium joostei,species,6.713344551332078e-05,abund,0.0,2,2
Kraken2,default,Kraken2_default,ZymoMockD6331,ZymoMockD6331,ont,D6331_Zymo,254,254,                        Chryseobacterium indoltheticum,Chryseobacterium indoltheticum,species,6.713344551332078e-05,abund,0.0,2,2
Kraken2,default,Kraken2_default,ZymoMockD6331,ZymoMockD6331,ont,D6331_Zymo,1807141,1807141,                        Chryseobacterium panacisoli,Chryseobacterium panacisoli,species,6.713344551332078e-05,abund,0.0,2,2
Kraken2,default,Kraken2_default,ZymoMockD6331,ZymoMockD6331,ont,D6331_Zymo,1685010,1685010,                        Chryseobacterium glaciei,Chryseobacterium glaciei,species,6.713344551332078e-05,abund,0.0,2,2
Kraken2,default,Kraken2_default,ZymoMockD6331,ZymoMockD6331,ont,D6331_Zymo,2754694,2754694,                        Chryseobacterium manosquense,Chryseobacterium manosquense,species,6.713344551332078e-05,abund,0.0,2,2
Kraken2,default,Kraken2_default,ZymoMockD6331,ZymoMockD6331,ont,D6331_Zymo,192389,192389,                        Chryseobacterium daecheongense,Chryseobacterium daecheongense,species,6.713344551332078e-05,abund,0.0,2,2
Kraken2,default,Kraken2_default,ZymoMockD6331,ZymoMockD6331,ont,D6331_Zymo,246,246,                        Chryseobacterium balustinum,Chryseobacterium balustinum,species,6.713344551332078e-05,abund,0.0,2,2
Kraken2,default,Kraken2_default,ZymoMockD6331,ZymoMockD6331,ont,D6331_Zymo,1324352,1324352,                        Chryseobacterium gallinarum,Chryseobacterium gallinarum,species,3.356672275666039e-05,abund,0.0,1,1
Kraken2,default,Kraken2_default,ZymoMockD6331,ZymoMockD6331,ont,D6331_Zymo,2759528,2759528,                        Chryseobacterium capnotolerans,Chryseobacterium capnotolerans,species,3.356672275666039e-05,abund,0.0,1,1
Kraken2,default,Kraken2_default,ZymoMockD6331,ZymoMockD6331,ont,D6331_Zymo,2929800,2929800,                        Chryseobacterium suipulveris,Chryseobacterium suipulveris,species,3.356672275666039e-05,abund,0.0,1,1
Kraken2,default,Kraken2_default,ZymoMockD6331,ZymoMockD6331,ont,D6331_Zymo,373672,373672,                        Chryseobacterium gambrini,Chryseobacterium gambrini,species,3.356672275666039e-05,abund,0.0,1,1
Kraken2,default,Kraken2_default,ZymoMockD6331,ZymoMockD6331,ont,D6331_Zymo,1813611,1813611,                        Chryseobacterium cucumeris,Chryseobacterium cucumeris,species,3.356672275666039e-05,abund,0.0,1,1
Kraken2,default,Kraken2_default,ZymoMockD6331,ZymoMockD6331,ont,D6331_Zymo,536441,536441,                        Chryseobacterium taklimakanense,Chryseobacterium taklimakanense,species,3.356672275666039e-05,abund,0.0,1,1
Kraken2,default,Kraken2_default,ZymoMockD6331,ZymoMockD6331,ont,D6331_Zymo,2038776,2038776,                        Kaistella flava (ex Peng et al. 2021),Kaistella flava (ex Peng et al. 2021),species,0.00016783361378330195,abund,0.0,5,5
Kraken2,default,Kraken2_default,ZymoMockD6331,ZymoMockD6331,ont,D6331_Zymo,2487074,2487074,                        Kaistella daneshvariae,Kaistella daneshvariae,species,0.00016783361378330195,abund,0.0,5,5
Kraken2,default,Kraken2_default,ZymoMockD6331,ZymoMockD6331,ont,D6331_Zymo,1241979,1241979,                        Kaistella carnis,Kaistella carnis,species,0.00010070016826998118,abund,0.0,3,3
Kraken2,default,Kraken2_default,ZymoMockD6331,ZymoMockD6331,ont,D6331_Zymo,266748,266748,                        Kaistella antarctica,Kaistella antarctica,species,6.713344551332078e-05,abund,0.0,2,2
Kraken2,default,Kraken2_default,ZymoMockD6331,ZymoMockD6331,ont,D6331_Zymo,266749,266749,                        Kaistella jeonii,Kaistella jeonii,species,3.356672275666039e-05,abund,0.0,1,1
Kraken2,default,Kraken2_default,ZymoMockD6331,ZymoMockD6331,ont,D6331_Zymo,2820270,2820270,                        Candidatus Kaistella beijingensis,Candidatus Kaistella beijingensis,species,3.356672275666039e-05,abund,0.0,1,1
Kraken2,default,Kraken2_default,ZymoMockD6331,ZymoMockD6331,ont,D6331_Zymo,2852098,2852098,                        Kaistella faecalis,Kaistella faecalis,species,3.356672275666039e-05,abund,0.0,1,1
Kraken2,default,Kraken2_default,ZymoMockD6331,ZymoMockD6331,ont,D6331_Zymo,2878534,2878534,                        Kaistella polysaccharea,Kaistella polysaccharea,species,3.356672275666039e-05,abund,0.0,1,1
Kraken2,default,Kraken2_default,ZymoMockD6331,ZymoMockD6331,ont,D6331_Zymo,1416779,1416779,                        Epilithonimonas zeae,Epilithonimonas zeae,species,6.713344551332078e-05,abund,0.0,2,2
Kraken2,default,Kraken2_default,ZymoMockD6331,ZymoMockD6331,ont,D6331_Zymo,2487072,2487072,                        Epilithonimonas vandammei,Epilithonimonas vandammei,species,3.356672275666039e-05,abund,0.0,1,1
Kraken2,default,Kraken2_default,ZymoMockD6331,ZymoMockD6331,ont,D6331_Zymo,3350167,3350167,                          Epilithonimonas sp. UC225_85,Epilithonimonas sp. UC225_85,species,3.356672275666039e-05,abund,0.0,1,1
Kraken2,default,Kraken2_default,ZymoMockD6331,ZymoMockD6331,ont,D6331_Zymo,1117645,1117645,                      Elizabethkingia anophelis,Elizabethkingia anophelis,species,0.00020140033653996236,abund,0.0,6,6
Kraken2,default,Kraken2_default,ZymoMockD6331,ZymoMockD6331,ont,D6331_Zymo,1756149,1756149,                      Elizabethkingia bruuniana,Elizabethkingia bruuniana,species,0.00013426689102664157,abund,0.0,4,4
Kraken2,default,Kraken2_default,ZymoMockD6331,ZymoMockD6331,ont,D6331_Zymo,238,238,                      Elizabethkingia meningoseptica,Elizabethkingia meningoseptica,species,3.356672275666039e-05,abund,0.0,1,1
Kraken2,default,Kraken2_default,ZymoMockD6331,ZymoMockD6331,ont,D6331_Zymo,2583851,2583851,                        Elizabethkingia sp. JS20170427COW,Elizabethkingia sp. JS20170427COW,species,3.356672275666039e-05,abund,0.0,1,1
Kraken2,default,Kraken2_default,ZymoMockD6331,ZymoMockD6331,ont,D6331_Zymo,2004710,2004710,                      Cloacibacterium caeni,Cloacibacterium caeni,species,0.00020140033653996236,abund,0.0,6,6
Kraken2,default,Kraken2_default,ZymoMockD6331,ZymoMockD6331,ont,D6331_Zymo,237258,237258,                      Cloacibacterium normanense,Cloacibacterium normanense,species,6.713344551332078e-05,abund,0.0,2,2
Kraken2,default,Kraken2_default,ZymoMockD6331,ZymoMockD6331,ont,D6331_Zymo,2976818,2976818,                        Cloacibacterium sp. TD35,Cloacibacterium sp. TD35,species,3.356672275666039e-05,abund,0.0,1,1
Kraken2,default,Kraken2_default,ZymoMockD6331,ZymoMockD6331,ont,D6331_Zymo,28251,28251,                      Ornithobacterium rhinotracheale,Ornithobacterium rhinotracheale,species,0.0003692339503232643,abund,0.0,11,11
Kraken2,default,Kraken2_default,ZymoMockD6331,ZymoMockD6331,ont,D6331_Zymo,247,247,                      Empedobacter brevis,Empedobacter brevis,species,0.00020140033653996236,abund,0.0,6,6
Kraken2,default,Kraken2_default,ZymoMockD6331,ZymoMockD6331,ont,D6331_Zymo,343874,343874,                      Empedobacter falsenii,Empedobacter falsenii,species,0.00013426689102664157,abund,0.0,4,4
Kraken2,default,Kraken2_default,ZymoMockD6331,ZymoMockD6331,ont,D6331_Zymo,2898187,2898187,                      Faecalibacter bovis,Faecalibacter bovis,species,0.00030210050480994355,abund,0.0,9,9
Kraken2,default,Kraken2_default,ZymoMockD6331,ZymoMockD6331,ont,D6331_Zymo,2500547,2500547,                      Apibacter raozihei,Apibacter raozihei,species,0.00020140033653996236,abund,0.0,6,6
Kraken2,default,Kraken2_default,ZymoMockD6331,ZymoMockD6331,ont,D6331_Zymo,1014,1014,                      Weeksella virosa,Weeksella virosa,species,0.00010070016826998118,abund,0.0,3,3
Kraken2,default,Kraken2_default,ZymoMockD6331,ZymoMockD6331,ont,D6331_Zymo,34085,34085,                      Riemerella anatipestifer,Riemerella anatipestifer,species,6.713344551332078e-05,abund,0.0,2,2
Kraken2,default,Kraken2_default,ZymoMockD6331,ZymoMockD6331,ont,D6331_Zymo,103810,103810,                      Riemerella columbina,Riemerella columbina,species,3.356672275666039e-05,abund,0.0,1,1
Kraken2,default,Kraken2_default,ZymoMockD6331,ZymoMockD6331,ont,D6331_Zymo,1653831,1653831,                      Blattabacterium cuenoti,Blattabacterium cuenoti,species,0.0008391680689165098,abund,0.0,25,25
Kraken2,default,Kraken2_default,ZymoMockD6331,ZymoMockD6331,ont,D6331_Zymo,624186,624186,                        Blattabacterium sp. (Blattella germanica),Blattabacterium sp. (Blattella germanica),species,6.713344551332078e-05,abund,0.0,2,0
Kraken2,default,Kraken2_default,ZymoMockD6331,ZymoMockD6331,ont,D6331_Zymo,1186051,1186051,                        Blattabacterium sp. (Blaberus giganteus),Blattabacterium sp. (Blaberus giganteus),species,3.356672275666039e-05,abund,0.0,1,1
Kraken2,default,Kraken2_default,ZymoMockD6331,ZymoMockD6331,ont,D6331_Zymo,164514,164514,                      Blattabacterium punctulatus,Blattabacterium punctulatus,species,6.713344551332078e-05,abund,0.0,2,2
Kraken2,default,Kraken2_default,ZymoMockD6331,ZymoMockD6331,ont,D6331_Zymo,2862509,2862509,                      Paracrocinitomix mangrovi,Paracrocinitomix mangrovi,species,0.00013426689102664157,abund,0.0,4,4
Kraken2,default,Kraken2_default,ZymoMockD6331,ZymoMockD6331,ont,D6331_Zymo,191579,191579,                      Fluviicola taffensis,Fluviicola taffensis,species,3.356672275666039e-05,abund,0.0,1,0
Kraken2,default,Kraken2_default,ZymoMockD6331,ZymoMockD6331,ont,D6331_Zymo,242600,242600,                      Ichthyobacterium seriolicida,Ichthyobacterium seriolicida,species,6.713344551332078e-05,abund,0.0,2,2
Kraken2,default,Kraken2_default,ZymoMockD6331,ZymoMockD6331,ont,D6331_Zymo,2829795,2829795,                      Parvicella tangerina,Parvicella tangerina,species,3.356672275666039e-05,abund,0.0,1,1
Kraken2,default,Kraken2_default,ZymoMockD6331,ZymoMockD6331,ont,D6331_Zymo,3069118,3069118,                      Sanyastnella coralliicola,Sanyastnella coralliicola,species,3.356672275666039e-05,abund,0.0,1,1
Kraken2,default,Kraken2_default,ZymoMockD6331,ZymoMockD6331,ont,D6331_Zymo,1006,1006,                      Marivirga tractuosa,Marivirga tractuosa,species,0.0004699341185932455,abund,0.0,14,14
Kraken2,default,Kraken2_default,ZymoMockD6331,ZymoMockD6331,ont,D6331_Zymo,2010992,2010992,                      Marivirga harenae,Marivirga harenae,species,0.00030210050480994355,abund,0.0,9,9
Kraken2,default,Kraken2_default,ZymoMockD6331,ZymoMockD6331,ont,D6331_Zymo,3059076,3059076,                      Marivirga arenosa,Marivirga arenosa,species,0.00026853378205328313,abund,0.0,8,8
Kraken2,default,Kraken2_default,ZymoMockD6331,ZymoMockD6331,ont,D6331_Zymo,3059078,3059078,                      Marivirga salinarum,Marivirga salinarum,species,0.00010070016826998118,abund,0.0,3,3
Kraken2,default,Kraken2_default,ZymoMockD6331,ZymoMockD6331,ont,D6331_Zymo,373891,373891,                      Flammeovirga kamogawensis,Flammeovirga kamogawensis,species,0.00016783361378330195,abund,0.0,5,5
Kraken2,default,Kraken2_default,ZymoMockD6331,ZymoMockD6331,ont,D6331_Zymo,2494373,2494373,                      Flammeovirga pectinis,Flammeovirga pectinis,species,0.00010070016826998118,abund,0.0,3,3
Kraken2,default,Kraken2_default,ZymoMockD6331,ZymoMockD6331,ont,D6331_Zymo,1191459,1191459,                        Flammeovirga sp. MY04,Flammeovirga sp. MY04,species,0.00010070016826998118,abund,0.0,3,3
Kraken2,default,Kraken2_default,ZymoMockD6331,ZymoMockD6331,ont,D6331_Zymo,367791,367791,                      Flammeovirga yaeyamensis,Flammeovirga yaeyamensis,species,6.713344551332078e-05,abund,0.0,2,2
Kraken2,default,Kraken2_default,ZymoMockD6331,ZymoMockD6331,ont,D6331_Zymo,2994555,2994555,                      Chondrinema litorale,Chondrinema litorale,species,0.00026853378205328313,abund,0.0,8,8
Kraken2,default,Kraken2_default,ZymoMockD6331,ZymoMockD6331,ont,D6331_Zymo,1324217,1324217,                      Imperialibacter roseus,Imperialibacter roseus,species,6.713344551332078e-05,abund,0.0,2,2
Kraken2,default,Kraken2_default,ZymoMockD6331,ZymoMockD6331,ont,D6331_Zymo,2038411,2038411,                        Imperialibacter sp.,Imperialibacter sp.,species,3.356672275666039e-05,abund,0.0,1,1
Kraken2,default,Kraken2_default,ZymoMockD6331,ZymoMockD6331,ont,D6331_Zymo,2772483,2772483,                        Algoriphagus sp. Y33,Algoriphagus sp. Y33,species,0.00020140033653996236,abund,0.0,6,6
Kraken2,default,Kraken2_default,ZymoMockD6331,ZymoMockD6331,ont,D6331_Zymo,2705473,2705473,                        Algoriphagus sp. NBT04N3,Algoriphagus sp. NBT04N3,species,3.356672275666039e-05,abund,0.0,1,1
Kraken2,default,Kraken2_default,ZymoMockD6331,ZymoMockD6331,ont,D6331_Zymo,388413,388413,                      Algoriphagus machipongonensis,Algoriphagus machipongonensis,species,0.00013426689102664157,abund,0.0,4,4
Kraken2,default,Kraken2_default,ZymoMockD6331,ZymoMockD6331,ont,D6331_Zymo,226505,226505,                      Algoriphagus halophilus,Algoriphagus halophilus,species,0.00010070016826998118,abund,0.0,3,3
Kraken2,default,Kraken2_default,ZymoMockD6331,ZymoMockD6331,ont,D6331_Zymo,2991499,2991499,                      Algoriphagus halophytocola,Algoriphagus halophytocola,species,3.356672275666039e-05,abund,0.0,1,1
Kraken2,default,Kraken2_default,ZymoMockD6331,ZymoMockD6331,ont,D6331_Zymo,390884,390884,                      Echinicola vietnamensis,Echinicola vietnamensis,species,0.00010070016826998118,abund,0.0,3,0
Kraken2,default,Kraken2_default,ZymoMockD6331,ZymoMockD6331,ont,D6331_Zymo,1795355,1795355,                      Echinicola strongylocentroti,Echinicola strongylocentroti,species,3.356672275666039e-05,abund,0.0,1,1
Kraken2,default,Kraken2_default,ZymoMockD6331,ZymoMockD6331,ont,D6331_Zymo,320787,320787,                      Cyclobacterium amurskyense,Cyclobacterium amurskyense,species,6.713344551332078e-05,abund,0.0,2,2
Kraken2,default,Kraken2_default,ZymoMockD6331,ZymoMockD6331,ont,D6331_Zymo,104,104,                      Cyclobacterium marinum,Cyclobacterium marinum,species,3.356672275666039e-05,abund,0.0,1,0
Kraken2,default,Kraken2_default,ZymoMockD6331,ZymoMockD6331,ont,D6331_Zymo,232259,232259,                      Belliella baltica,Belliella baltica,species,3.356672275666039e-05,abund,0.0,1,0
Kraken2,default,Kraken2_default,ZymoMockD6331,ZymoMockD6331,ont,D6331_Zymo,280473,280473,                      Aquiflexum balticum,Aquiflexum balticum,species,3.356672275666039e-05,abund,0.0,1,0
Kraken2,default,Kraken2_default,ZymoMockD6331,ZymoMockD6331,ont,D6331_Zymo,106,106,                      Runella slithyformis,Runella slithyformis,species,0.00030210050480994355,abund,0.0,9,0
Kraken2,default,Kraken2_default,ZymoMockD6331,ZymoMockD6331,ont,D6331_Zymo,2861765,2861765,                        Dyadobacter sp. NIV53,Dyadobacter sp. NIV53,species,0.00016783361378330195,abund,0.0,5,5
Kraken2,default,Kraken2_default,ZymoMockD6331,ZymoMockD6331,ont,D6331_Zymo,3088362,3088362,                        Dyadobacter sp. 676,Dyadobacter sp. 676,species,0.00010070016826998118,abund,0.0,3,3
Kraken2,default,Kraken2_default,ZymoMockD6331,ZymoMockD6331,ont,D6331_Zymo,94254,94254,                      Dyadobacter fermentans,Dyadobacter fermentans,species,3.356672275666039e-05,abund,0.0,1,0
Kraken2,default,Kraken2_default,ZymoMockD6331,ZymoMockD6331,ont,D6331_Zymo,2607656,2607656,                      Hymenobacter busanensis,Hymenobacter busanensis,species,0.00016783361378330195,abund,0.0,5,5
Kraken2,default,Kraken2_default,ZymoMockD6331,ZymoMockD6331,ont,D6331_Zymo,2999067,2999067,                      Hymenobacter canadensis,Hymenobacter canadensis,species,3.356672275666039e-05,abund,0.0,1,1
Kraken2,default,Kraken2_default,ZymoMockD6331,ZymoMockD6331,ont,D6331_Zymo,497967,497967,                      Hymenobacter tibetensis,Hymenobacter tibetensis,species,3.356672275666039e-05,abund,0.0,1,1
Kraken2,default,Kraken2_default,ZymoMockD6331,ZymoMockD6331,ont,D6331_Zymo,2932248,2932248,                      Hymenobacter cellulosilyticus,Hymenobacter cellulosilyticus,species,3.356672275666039e-05,abund,0.0,1,1
Kraken2,default,Kraken2_default,ZymoMockD6331,ZymoMockD6331,ont,D6331_Zymo,1484118,1484118,                        Hymenobacter sp. PAMC 26628,Hymenobacter sp. PAMC 26628,species,3.356672275666039e-05,abund,0.0,1,1
Kraken2,default,Kraken2_default,ZymoMockD6331,ZymoMockD6331,ont,D6331_Zymo,1411621,1411621,                      Hymenobacter sedentarius,Hymenobacter sedentarius,species,3.356672275666039e-05,abund,0.0,1,1
Kraken2,default,Kraken2_default,ZymoMockD6331,ZymoMockD6331,ont,D6331_Zymo,2086471,2086471,                      Adhaeribacter swui,Adhaeribacter swui,species,6.713344551332078e-05,abund,0.0,2,2
Kraken2,default,Kraken2_default,ZymoMockD6331,ZymoMockD6331,ont,D6331_Zymo,2745197,2745197,                      Adhaeribacter radiodurans,Adhaeribacter radiodurans,species,3.356672275666039e-05,abund,0.0,1,1
Kraken2,default,Kraken2_default,ZymoMockD6331,ZymoMockD6331,ont,D6331_Zymo,2694930,2694930,                      Pontibacter pudoricolor,Pontibacter pudoricolor,species,6.713344551332078e-05,abund,0.0,2,2
Kraken2,default,Kraken2_default,ZymoMockD6331,ZymoMockD6331,ont,D6331_Zymo,323450,323450,                      Pontibacter actiniarum,Pontibacter actiniarum,species,3.356672275666039e-05,abund,0.0,1,1
Kraken2,default,Kraken2_default,ZymoMockD6331,ZymoMockD6331,ont,D6331_Zymo,1379910,1379910,                      Rufibacter radiotolerans,Rufibacter radiotolerans,species,6.713344551332078e-05,abund,0.0,2,2
Kraken2,default,Kraken2_default,ZymoMockD6331,ZymoMockD6331,ont,D6331_Zymo,2520506,2520506,                        Spirosoma sp. KCTC 42546,Spirosoma sp. KCTC 42546,species,0.00016783361378330195,abund,0.0,5,5
Kraken2,default,Kraken2_default,ZymoMockD6331,ZymoMockD6331,ont,D6331_Zymo,2894082,2894082,                        Spirosoma sp. KNUC1025,Spirosoma sp. KNUC1025,species,3.356672275666039e-05,abund,0.0,1,1
Kraken2,default,Kraken2_default,ZymoMockD6331,ZymoMockD6331,ont,D6331_Zymo,3128900,3128900,                        Spirosoma sp. SC4-14,Spirosoma sp. SC4-14,species,3.356672275666039e-05,abund,0.0,1,1
Kraken2,default,Kraken2_default,ZymoMockD6331,ZymoMockD6331,ont,D6331_Zymo,2692134,2692134,                      Spirosoma aureum,Spirosoma aureum,species,0.00010070016826998118,abund,0.0,3,3
Kraken2,default,Kraken2_default,ZymoMockD6331,ZymoMockD6331,ont,D6331_Zymo,2735870,2735870,                      Spirosoma taeanense,Spirosoma taeanense,species,6.713344551332078e-05,abund,0.0,2,2
Kraken2,default,Kraken2_default,ZymoMockD6331,ZymoMockD6331,ont,D6331_Zymo,564064,564064,                      Spirosoma rigui,Spirosoma rigui,species,3.356672275666039e-05,abund,0.0,1,1
Kraken2,default,Kraken2_default,ZymoMockD6331,ZymoMockD6331,ont,D6331_Zymo,1178516,1178516,                      Spirosoma montaniterrae,Spirosoma montaniterrae,species,3.356672275666039e-05,abund,0.0,1,1
Kraken2,default,Kraken2_default,ZymoMockD6331,ZymoMockD6331,ont,D6331_Zymo,1211326,1211326,                      Spirosoma aerolatum,Spirosoma aerolatum,species,3.356672275666039e-05,abund,0.0,1,1
Kraken2,default,Kraken2_default,ZymoMockD6331,ZymoMockD6331,ont,D6331_Zymo,1379870,1379870,                      Spirosoma radiotolerans,Spirosoma radiotolerans,species,3.356672275666039e-05,abund,0.0,1,1
Kraken2,default,Kraken2_default,ZymoMockD6331,ZymoMockD6331,ont,D6331_Zymo,2728024,2728024,                      Spirosoma rhododendri,Spirosoma rhododendri,species,3.356672275666039e-05,abund,0.0,1,1
Kraken2,default,Kraken2_default,ZymoMockD6331,ZymoMockD6331,ont,D6331_Zymo,985,985,                      Cytophaga hutchinsonii,Cytophaga hutchinsonii,species,3.356672275666039e-05,abund,0.0,1,0
Kraken2,default,Kraken2_default,ZymoMockD6331,ZymoMockD6331,ont,D6331_Zymo,2904247,2904247,                      Fulvivirga maritima,Fulvivirga maritima,species,0.00026853378205328313,abund,0.0,8,8
Kraken2,default,Kraken2_default,ZymoMockD6331,ZymoMockD6331,ont,D6331_Zymo,2810512,2810512,                      Fulvivirga lutea,Fulvivirga lutea,species,6.713344551332078e-05,abund,0.0,2,2
Kraken2,default,Kraken2_default,ZymoMockD6331,ZymoMockD6331,ont,D6331_Zymo,2904246,2904246,                      Fulvivirga ligni,Fulvivirga ligni,species,6.713344551332078e-05,abund,0.0,2,2
Kraken2,default,Kraken2_default,ZymoMockD6331,ZymoMockD6331,ont,D6331_Zymo,2904245,2904245,                      Fulvivirga ulvae,Fulvivirga ulvae,species,3.356672275666039e-05,abund,0.0,1,1
Kraken2,default,Kraken2_default,ZymoMockD6331,ZymoMockD6331,ont,D6331_Zymo,3127470,3127470,                        Bernardetia sp. MNP-M8,Bernardetia sp. MNP-M8,species,6.713344551332078e-05,abund,0.0,2,2
Kraken2,default,Kraken2_default,ZymoMockD6331,ZymoMockD6331,ont,D6331_Zymo,3344876,3344876,                        Bernardetia sp. OM2101,Bernardetia sp. OM2101,species,3.356672275666039e-05,abund,0.0,1,1
Kraken2,default,Kraken2_default,ZymoMockD6331,ZymoMockD6331,ont,D6331_Zymo,999,999,                      Bernardetia litoralis,Bernardetia litoralis,species,0.00013426689102664157,abund,0.0,4,0
Kraken2,default,Kraken2_default,ZymoMockD6331,ZymoMockD6331,ont,D6331_Zymo,2979869,2979869,                      Reichenbachiella carrageenanivorans,Reichenbachiella carrageenanivorans,species,0.00016783361378330195,abund,0.0,5,5
Kraken2,default,Kraken2_default,ZymoMockD6331,ZymoMockD6331,ont,D6331_Zymo,2608089,2608089,                        Ekhidna sp.,Ekhidna sp.,species,6.713344551332078e-05,abund,0.0,2,2
Kraken2,default,Kraken2_default,ZymoMockD6331,ZymoMockD6331,ont,D6331_Zymo,312279,312279,                      Emticicia oligotrophica,Emticicia oligotrophica,species,0.00010070016826998118,abund,0.0,3,0
Kraken2,default,Kraken2_default,ZymoMockD6331,ZymoMockD6331,ont,D6331_Zymo,2916755,2916755,                        Emticicia sp. 21SJ11W-3,Emticicia sp. 21SJ11W-3,species,3.356672275666039e-05,abund,0.0,1,1
Kraken2,default,Kraken2_default,ZymoMockD6331,ZymoMockD6331,ont,D6331_Zymo,316068,316068,                      Leadbetterella byssophila,Leadbetterella byssophila,species,0.00010070016826998118,abund,0.0,3,0
Kraken2,default,Kraken2_default,ZymoMockD6331,ZymoMockD6331,ont,D6331_Zymo,2516557,2516557,                      Aquirufa nivalisilvae,Aquirufa nivalisilvae,species,0.00020140033653996236,abund,0.0,6,6
Kraken2,default,Kraken2_default,ZymoMockD6331,ZymoMockD6331,ont,D6331_Zymo,931531,931531,                      Tunicatimonas pelagia,Tunicatimonas pelagia,species,0.00010070016826998118,abund,0.0,3,3
Kraken2,default,Kraken2_default,ZymoMockD6331,ZymoMockD6331,ont,D6331_Zymo,930972,930972,                      Porifericola rhodea,Porifericola rhodea,species,3.356672275666039e-05,abund,0.0,1,1
Kraken2,default,Kraken2_default,ZymoMockD6331,ZymoMockD6331,ont,D6331_Zymo,1397264,1397264,                      Catalinimonas niigatensis,Catalinimonas niigatensis,species,3.356672275666039e-05,abund,0.0,1,1
Kraken2,default,Kraken2_default,ZymoMockD6331,ZymoMockD6331,ont,D6331_Zymo,1964215,1964215,                        Roseivirga sp.,Roseivirga sp.,species,0.00010070016826998118,abund,0.0,3,3
Kraken2,default,Kraken2_default,ZymoMockD6331,ZymoMockD6331,ont,D6331_Zymo,333140,333140,                      Roseivirga spongicola,Roseivirga spongicola,species,3.356672275666039e-05,abund,0.0,1,1
Kraken2,default,Kraken2_default,ZymoMockD6331,ZymoMockD6331,ont,D6331_Zymo,3077941,3077941,                        Cardinium endosymbiont of Philonthus spinipes,Cardinium endosymbiont of Philonthus spinipes,species,6.713344551332078e-05,abund,0.0,2,2
Kraken2,default,Kraken2_default,ZymoMockD6331,ZymoMockD6331,ont,D6331_Zymo,281120,281120,                      Candidatus Amoebophilus asiaticus,Candidatus Amoebophilus asiaticus,species,6.713344551332078e-05,abund,0.0,2,0
Kraken2,default,Kraken2_default,ZymoMockD6331,ZymoMockD6331,ont,D6331_Zymo,2715131,2715131,                      Mangrovivirga cuniculi,Mangrovivirga cuniculi,species,6.713344551332078e-05,abund,0.0,2,2
Kraken2,default,Kraken2_default,ZymoMockD6331,ZymoMockD6331,ont,D6331_Zymo,2704465,2704465,                      Rhodocytophaga rosea,Rhodocytophaga rosea,species,3.356672275666039e-05,abund,0.0,1,1
Kraken2,default,Kraken2_default,ZymoMockD6331,ZymoMockD6331,ont,D6331_Zymo,3387402,3387402,                        Pedobacter sp. KLB.chiD,Pedobacter sp. KLB.chiD,species,0.00020140033653996236,abund,0.0,6,6
Kraken2,default,Kraken2_default,ZymoMockD6331,ZymoMockD6331,ont,D6331_Zymo,1727164,1727164,                        Pedobacter sp. PACM 27299,Pedobacter sp. PACM 27299,species,0.00016783361378330195,abund,0.0,5,5
Kraken2,default,Kraken2_default,ZymoMockD6331,ZymoMockD6331,ont,D6331_Zymo,3234142,3234142,                        Pedobacter sp. WC2423,Pedobacter sp. WC2423,species,0.00016783361378330195,abund,0.0,5,5
Kraken2,default,Kraken2_default,ZymoMockD6331,ZymoMockD6331,ont,D6331_Zymo,2578106,2578106,                        Pedobacter sp. KBS0701,Pedobacter sp. KBS0701,species,0.00010070016826998118,abund,0.0,3,3
Kraken2,default,Kraken2_default,ZymoMockD6331,ZymoMockD6331,ont,D6331_Zymo,2995161,2995161,                        Pedobacter sp. SL55,Pedobacter sp. SL55,species,0.00010070016826998118,abund,0.0,3,3
Kraken2,default,Kraken2_default,ZymoMockD6331,ZymoMockD6331,ont,D6331_Zymo,3149230,3149230,                        Pedobacter sp. KACC 23697,Pedobacter sp. KACC 23697,species,6.713344551332078e-05,abund,0.0,2,2
Kraken2,default,Kraken2_default,ZymoMockD6331,ZymoMockD6331,ont,D6331_Zymo,3140251,3140251,                        Pedobacter sp. FW305-3-2-15-E-R2A2,Pedobacter sp. FW305-3-2-15-E-R2A2,species,3.356672275666039e-05,abund,0.0,1,1
Kraken2,default,Kraken2_default,ZymoMockD6331,ZymoMockD6331,ont,D6331_Zymo,3350173,3350173,                        Pedobacter sp. UC225_65,Pedobacter sp. UC225_65,species,3.356672275666039e-05,abund,0.0,1,1
Kraken2,default,Kraken2_default,ZymoMockD6331,ZymoMockD6331,ont,D6331_Zymo,2605747,2605747,                      Pedobacter aquae,Pedobacter aquae,species,0.00023496705929662275,abund,0.0,7,7
Kraken2,default,Kraken2_default,ZymoMockD6331,ZymoMockD6331,ont,D6331_Zymo,332999,332999,                      Pedobacter suwonensis,Pedobacter suwonensis,species,0.00016783361378330195,abund,0.0,5,5
Kraken2,default,Kraken2_default,ZymoMockD6331,ZymoMockD6331,ont,D6331_Zymo,2739058,2739058,                      Pedobacter foliorum,Pedobacter foliorum,species,0.00016783361378330195,abund,0.0,5,5
Kraken2,default,Kraken2_default,ZymoMockD6331,ZymoMockD6331,ont,D6331_Zymo,2895286,2895286,                      Pedobacter mucosus,Pedobacter mucosus,species,0.00013426689102664157,abund,0.0,4,4
Kraken2,default,Kraken2_default,ZymoMockD6331,ZymoMockD6331,ont,D6331_Zymo,430522,430522,                      Pedobacter steynii,Pedobacter steynii,species,0.00010070016826998118,abund,0.0,3,3
Kraken2,default,Kraken2_default,ZymoMockD6331,ZymoMockD6331,ont,D6331_Zymo,2201271,2201271,                      Pedobacter schmidteae,Pedobacter schmidteae,species,6.713344551332078e-05,abund,0.0,2,2
Kraken2,default,Kraken2_default,ZymoMockD6331,ZymoMockD6331,ont,D6331_Zymo,188932,188932,                      Pedobacter cryoconitis,Pedobacter cryoconitis,species,3.356672275666039e-05,abund,0.0,1,1
Kraken2,default,Kraken2_default,ZymoMockD6331,ZymoMockD6331,ont,D6331_Zymo,363852,363852,                      Pedobacter ginsengisoli,Pedobacter ginsengisoli,species,3.356672275666039e-05,abund,0.0,1,1
Kraken2,default,Kraken2_default,ZymoMockD6331,ZymoMockD6331,ont,D6331_Zymo,2723092,2723092,                        Mucilaginibacter sp. X4EP1,Mucilaginibacter sp. X4EP1,species,0.00016783361378330195,abund,0.0,5,5
Kraken2,default,Kraken2_default,ZymoMockD6331,ZymoMockD6331,ont,D6331_Zymo,3342096,3342096,                        Mucilaginibacter sp. cycad4,Mucilaginibacter sp. cycad4,species,0.00010070016826998118,abund,0.0,3,3
Kraken2,default,Kraken2_default,ZymoMockD6331,ZymoMockD6331,ont,D6331_Zymo,2929803,2929803,                        Mucilaginibacter sp. SMC90,Mucilaginibacter sp. SMC90,species,6.713344551332078e-05,abund,0.0,2,2
Kraken2,default,Kraken2_default,ZymoMockD6331,ZymoMockD6331,ont,D6331_Zymo,3402687,3402687,                        Mucilaginibacter sp. NFX135,Mucilaginibacter sp. NFX135,species,3.356672275666039e-05,abund,0.0,1,1
Kraken2,default,Kraken2_default,ZymoMockD6331,ZymoMockD6331,ont,D6331_Zymo,2723089,2723089,                        Mucilaginibacter sp. E4BP6,Mucilaginibacter sp. E4BP6,species,3.356672275666039e-05,abund,0.0,1,1
Kraken2,default,Kraken2_default,ZymoMockD6331,ZymoMockD6331,ont,D6331_Zymo,2723090,2723090,                        Mucilaginibacter sp. FT3.2,Mucilaginibacter sp. FT3.2,species,3.356672275666039e-05,abund,0.0,1,1
Kraken2,default,Kraken2_default,ZymoMockD6331,ZymoMockD6331,ont,D6331_Zymo,2723091,2723091,                        Mucilaginibacter sp. SP1R1,Mucilaginibacter sp. SP1R1,species,3.356672275666039e-05,abund,0.0,1,1
Kraken2,default,Kraken2_default,ZymoMockD6331,ZymoMockD6331,ont,D6331_Zymo,3243060,3243060,                        Mucilaginibacter sp. Mucisp86,Mucilaginibacter sp. Mucisp86,species,3.356672275666039e-05,abund,0.0,1,1
Kraken2,default,Kraken2_default,ZymoMockD6331,ZymoMockD6331,ont,D6331_Zymo,3025666,3025666,                        Mucilaginibacter sp. KACC 22063,Mucilaginibacter sp. KACC 22063,species,3.356672275666039e-05,abund,0.0,1,1
Kraken2,default,Kraken2_default,ZymoMockD6331,ZymoMockD6331,ont,D6331_Zymo,3141542,3141542,                        Mucilaginibacter sp. CSA2-8R,Mucilaginibacter sp. CSA2-8R,species,3.356672275666039e-05,abund,0.0,1,1
Kraken2,default,Kraken2_default,ZymoMockD6331,ZymoMockD6331,ont,D6331_Zymo,3138568,3138568,                        Mucilaginibacter sp. PAMB04274,Mucilaginibacter sp. PAMB04274,species,3.356672275666039e-05,abund,0.0,1,1
Kraken2,default,Kraken2_default,ZymoMockD6331,ZymoMockD6331,ont,D6331_Zymo,423351,423351,                      Mucilaginibacter paludis,Mucilaginibacter paludis,species,0.00020140033653996236,abund,0.0,6,0
Kraken2,default,Kraken2_default,ZymoMockD6331,ZymoMockD6331,ont,D6331_Zymo,2740462,2740462,                      Mucilaginibacter mali,Mucilaginibacter mali,species,0.00016783361378330195,abund,0.0,5,5
Kraken2,default,Kraken2_default,ZymoMockD6331,ZymoMockD6331,ont,D6331_Zymo,1234841,1234841,                      Mucilaginibacter xinganensis,Mucilaginibacter xinganensis,species,3.356672275666039e-05,abund,0.0,1,1
Kraken2,default,Kraken2_default,ZymoMockD6331,ZymoMockD6331,ont,D6331_Zymo,2728022,2728022,                      Mucilaginibacter robiniae,Mucilaginibacter robiniae,species,3.356672275666039e-05,abund,0.0,1,1
Kraken2,default,Kraken2_default,ZymoMockD6331,ZymoMockD6331,ont,D6331_Zymo,2682091,2682091,                      Mucilaginibacter ginkgonis,Mucilaginibacter ginkgonis,species,3.356672275666039e-05,abund,0.0,1,1
Kraken2,default,Kraken2_default,ZymoMockD6331,ZymoMockD6331,ont,D6331_Zymo,2305508,2305508,                      Mucilaginibacter celer,Mucilaginibacter celer,species,3.356672275666039e-05,abund,0.0,1,1
Kraken2,default,Kraken2_default,ZymoMockD6331,ZymoMockD6331,ont,D6331_Zymo,1295612,1295612,                      Mucilaginibacter yixingensis,Mucilaginibacter yixingensis,species,3.356672275666039e-05,abund,0.0,1,1
Kraken2,default,Kraken2_default,ZymoMockD6331,ZymoMockD6331,ont,D6331_Zymo,551996,551996,                      Mucilaginibacter gossypii,Mucilaginibacter gossypii,species,3.356672275666039e-05,abund,0.0,1,1
Kraken2,default,Kraken2_default,ZymoMockD6331,ZymoMockD6331,ont,D6331_Zymo,2557994,2557994,                        Sphingobacterium sp. CZ-2,Sphingobacterium sp. CZ-2,species,6.713344551332078e-05,abund,0.0,2,2
Kraken2,default,Kraken2_default,ZymoMockD6331,ZymoMockD6331,ont,D6331_Zymo,2713573,2713573,                        Sphingobacterium sp. DR205,Sphingobacterium sp. DR205,species,6.713344551332078e-05,abund,0.0,2,2
Kraken2,default,Kraken2_default,ZymoMockD6331,ZymoMockD6331,ont,D6331_Zymo,3382150,3382150,                        Sphingobacterium sp. Lzh-3,Sphingobacterium sp. Lzh-3,species,3.356672275666039e-05,abund,0.0,1,1
Kraken2,default,Kraken2_default,ZymoMockD6331,ZymoMockD6331,ont,D6331_Zymo,1933220,1933220,                        Sphingobacterium sp. B29,Sphingobacterium sp. B29,species,3.356672275666039e-05,abund,0.0,1,1
Kraken2,default,Kraken2_default,ZymoMockD6331,ZymoMockD6331,ont,D6331_Zymo,3367156,3367156,                        Sphingobacterium sp. SG20118,Sphingobacterium sp. SG20118,species,3.356672275666039e-05,abund,0.0,1,1
Kraken2,default,Kraken2_default,ZymoMockD6331,ZymoMockD6331,ont,D6331_Zymo,3031802,3031802,                        Sphingobacterium sp. WM,Sphingobacterium sp. WM,species,3.356672275666039e-05,abund,0.0,1,1
Kraken2,default,Kraken2_default,ZymoMockD6331,ZymoMockD6331,ont,D6331_Zymo,2996035,2996035,                        Sphingobacterium sp. SYP-B4668,Sphingobacterium sp. SYP-B4668,species,3.356672275666039e-05,abund,0.0,1,1
Kraken2,default,Kraken2_default,ZymoMockD6331,ZymoMockD6331,ont,D6331_Zymo,2986767,2986767,                        Sphingobacterium sp. UGAL515B_05,Sphingobacterium sp. UGAL515B_05,species,3.356672275666039e-05,abund,0.0,1,1
Kraken2,default,Kraken2_default,ZymoMockD6331,ZymoMockD6331,ont,D6331_Zymo,371142,371142,                      Sphingobacterium daejeonense,Sphingobacterium daejeonense,species,0.00020140033653996236,abund,0.0,6,6
Kraken2,default,Kraken2_default,ZymoMockD6331,ZymoMockD6331,ont,D6331_Zymo,258,258,                      Sphingobacterium spiritivorum,Sphingobacterium spiritivorum,species,0.00010070016826998118,abund,0.0,3,3
Kraken2,default,Kraken2_default,ZymoMockD6331,ZymoMockD6331,ont,D6331_Zymo,259,259,                      Sphingobacterium thalpophilum,Sphingobacterium thalpophilum,species,6.713344551332078e-05,abund,0.0,2,2
Kraken2,default,Kraken2_default,ZymoMockD6331,ZymoMockD6331,ont,D6331_Zymo,34087,34087,                      Sphingobacterium faecium,Sphingobacterium faecium,species,6.713344551332078e-05,abund,0.0,2,2
Kraken2,default,Kraken2_default,ZymoMockD6331,ZymoMockD6331,ont,D6331_Zymo,459529,459529,                      Sphingobacterium siyangense,Sphingobacterium siyangense,species,6.713344551332078e-05,abund,0.0,2,2
Kraken2,default,Kraken2_default,ZymoMockD6331,ZymoMockD6331,ont,D6331_Zymo,561061,561061,                      Sphingobacterium psychroaquaticum,Sphingobacterium psychroaquaticum,species,6.713344551332078e-05,abund,0.0,2,2
Kraken2,default,Kraken2_default,ZymoMockD6331,ZymoMockD6331,ont,D6331_Zymo,3025669,3025669,                      Sphingobacterium oryzagri,Sphingobacterium oryzagri,species,3.356672275666039e-05,abund,0.0,1,1
Kraken2,default,Kraken2_default,ZymoMockD6331,ZymoMockD6331,ont,D6331_Zymo,2662364,2662364,                      Sphingobacterium zhuxiongii,Sphingobacterium zhuxiongii,species,3.356672275666039e-05,abund,0.0,1,1
Kraken2,default,Kraken2_default,ZymoMockD6331,ZymoMockD6331,ont,D6331_Zymo,1768011,1768011,                      Sphingobacterium cellulitidis,Sphingobacterium cellulitidis,species,3.356672275666039e-05,abund,0.0,1,1
Kraken2,default,Kraken2_default,ZymoMockD6331,ZymoMockD6331,ont,D6331_Zymo,28454,28454,                      Sphingobacterium multivorum,Sphingobacterium multivorum,species,3.356672275666039e-05,abund,0.0,1,1
Kraken2,default,Kraken2_default,ZymoMockD6331,ZymoMockD6331,ont,D6331_Zymo,995,995,                      Solitalea canadensis,Solitalea canadensis,species,0.00010070016826998118,abund,0.0,3,0
Kraken2,default,Kraken2_default,ZymoMockD6331,ZymoMockD6331,ont,D6331_Zymo,3341726,3341726,                        Arcticibacter sp. MXS-1,Arcticibacter sp. MXS-1,species,0.00010070016826998118,abund,0.0,3,3
Kraken2,default,Kraken2_default,ZymoMockD6331,ZymoMockD6331,ont,D6331_Zymo,3137178,3137178,                        Chitinophaga sp. MM2321,Chitinophaga sp. MM2321,species,0.00023496705929662275,abund,0.0,7,7
Kraken2,default,Kraken2_default,ZymoMockD6331,ZymoMockD6331,ont,D6331_Zymo,2952571,2952571,                        Chitinophaga sp. HK235,Chitinophaga sp. HK235,species,0.00010070016826998118,abund,0.0,3,3
Kraken2,default,Kraken2_default,ZymoMockD6331,ZymoMockD6331,ont,D6331_Zymo,79329,79329,                      Chitinophaga pinensis,Chitinophaga pinensis,species,0.00020140033653996236,abund,0.0,6,0
Kraken2,default,Kraken2_default,ZymoMockD6331,ZymoMockD6331,ont,D6331_Zymo,2267521,2267521,                      Chitinophaga caseinilytica,Chitinophaga caseinilytica,species,6.713344551332078e-05,abund,0.0,2,2
Kraken2,default,Kraken2_default,ZymoMockD6331,ZymoMockD6331,ont,D6331_Zymo,2725414,2725414,                      Chitinophaga oryzae,Chitinophaga oryzae,species,6.713344551332078e-05,abund,0.0,2,2
Kraken2,default,Kraken2_default,ZymoMockD6331,ZymoMockD6331,ont,D6331_Zymo,1004,1004,                      Chitinophaga sancti,Chitinophaga sancti,species,3.356672275666039e-05,abund,0.0,1,1
Kraken2,default,Kraken2_default,ZymoMockD6331,ZymoMockD6331,ont,D6331_Zymo,104663,104663,                      Chitinophaga filiformis,Chitinophaga filiformis,species,3.356672275666039e-05,abund,0.0,1,1
Kraken2,default,Kraken2_default,ZymoMockD6331,ZymoMockD6331,ont,D6331_Zymo,575378,575378,                        Sediminibacterium sp. TEGAF015,Sediminibacterium sp. TEGAF015,species,0.00020140033653996236,abund,0.0,6,6
Kraken2,default,Kraken2_default,ZymoMockD6331,ZymoMockD6331,ont,D6331_Zymo,1751071,1751071,                        Sediminibacterium sp. KACHI17,Sediminibacterium sp. KACHI17,species,3.356672275666039e-05,abund,0.0,1,1
Kraken2,default,Kraken2_default,ZymoMockD6331,ZymoMockD6331,ont,D6331_Zymo,3076558,3076558,                      Paraflavitalea speifideaquila,Paraflavitalea speifideaquila,species,0.00013426689102664157,abund,0.0,4,4
Kraken2,default,Kraken2_default,ZymoMockD6331,ZymoMockD6331,ont,D6331_Zymo,2315862,2315862,                      Paraflavitalea soli,Paraflavitalea soli,species,6.713344551332078e-05,abund,0.0,2,2
Kraken2,default,Kraken2_default,ZymoMockD6331,ZymoMockD6331,ont,D6331_Zymo,2760713,2760713,                      Lacibacter sediminis,Lacibacter sediminis,species,0.00013426689102664157,abund,0.0,4,4
Kraken2,default,Kraken2_default,ZymoMockD6331,ZymoMockD6331,ont,D6331_Zymo,3020883,3020883,                        Lacibacter sp. MH-610,Lacibacter sp. MH-610,species,3.356672275666039e-05,abund,0.0,1,1
Kraken2,default,Kraken2_default,ZymoMockD6331,ZymoMockD6331,ont,D6331_Zymo,577386,577386,                      Niabella yanshanensis,Niabella yanshanensis,species,0.00010070016826998118,abund,0.0,3,3
Kraken2,default,Kraken2_default,ZymoMockD6331,ZymoMockD6331,ont,D6331_Zymo,1176587,1176587,                      Niabella ginsenosidivorans,Niabella ginsenosidivorans,species,3.356672275666039e-05,abund,0.0,1,1
Kraken2,default,Kraken2_default,ZymoMockD6331,ZymoMockD6331,ont,D6331_Zymo,354356,354356,                      Niastella koreensis,Niastella koreensis,species,0.00010070016826998118,abund,0.0,3,0
Kraken2,default,Kraken2_default,ZymoMockD6331,ZymoMockD6331,ont,D6331_Zymo,2545455,2545455,                      Rhizosphaericola mali,Rhizosphaericola mali,species,0.00010070016826998118,abund,0.0,3,3
Kraken2,default,Kraken2_default,ZymoMockD6331,ZymoMockD6331,ont,D6331_Zymo,2676868,2676868,                      Phnomibacter ginsenosidimutans,Phnomibacter ginsenosidimutans,species,6.713344551332078e-05,abund,0.0,2,2
Kraken2,default,Kraken2_default,ZymoMockD6331,ZymoMockD6331,ont,D6331_Zymo,3042318,3042318,                        Phnomibacter sp. MR,Phnomibacter sp. MR,species,3.356672275666039e-05,abund,0.0,1,1
Kraken2,default,Kraken2_default,ZymoMockD6331,ZymoMockD6331,ont,D6331_Zymo,1968839,1968839,                        Thermoflavifilum sp.,Thermoflavifilum sp.,species,6.713344551332078e-05,abund,0.0,2,2
Kraken2,default,Kraken2_default,ZymoMockD6331,ZymoMockD6331,ont,D6331_Zymo,1850526,1850526,                        Arachidicoccus sp. BS20,Arachidicoccus sp. BS20,species,6.713344551332078e-05,abund,0.0,2,2
Kraken2,default,Kraken2_default,ZymoMockD6331,ZymoMockD6331,ont,D6331_Zymo,2875540,2875540,                      Ferruginibacter albus,Ferruginibacter albus,species,6.713344551332078e-05,abund,0.0,2,2
Kraken2,default,Kraken2_default,ZymoMockD6331,ZymoMockD6331,ont,D6331_Zymo,2838157,2838157,                      Flavihumibacter fluvii,Flavihumibacter fluvii,species,6.713344551332078e-05,abund,0.0,2,2
Kraken2,default,Kraken2_default,ZymoMockD6331,ZymoMockD6331,ont,D6331_Zymo,1813871,1813871,                      Panacibacter ginsenosidivorans,Panacibacter ginsenosidivorans,species,3.356672275666039e-05,abund,0.0,1,1
Kraken2,default,Kraken2_default,ZymoMockD6331,ZymoMockD6331,ont,D6331_Zymo,2502779,2502779,                      Pseudocnuella soli,Pseudocnuella soli,species,3.356672275666039e-05,abund,0.0,1,1
Kraken2,default,Kraken2_default,ZymoMockD6331,ZymoMockD6331,ont,D6331_Zymo,3051121,3051121,                        Aureispira sp. CCB-E,Aureispira sp. CCB-E,species,0.00016783361378330195,abund,0.0,5,5
Kraken2,default,Kraken2_default,ZymoMockD6331,ZymoMockD6331,ont,D6331_Zymo,2864201,2864201,                      Aureispira anguillae,Aureispira anguillae,species,0.00016783361378330195,abund,0.0,5,5
Kraken2,default,Kraken2_default,ZymoMockD6331,ZymoMockD6331,ont,D6331_Zymo,1008,1008,                      Saprospira grandis,Saprospira grandis,species,6.713344551332078e-05,abund,0.0,2,2
Kraken2,default,Kraken2_default,ZymoMockD6331,ZymoMockD6331,ont,D6331_Zymo,2350,2350,                      Haliscomenobacter hydrossis,Haliscomenobacter hydrossis,species,6.713344551332078e-05,abund,0.0,2,0
Kraken2,default,Kraken2_default,ZymoMockD6331,ZymoMockD6331,ont,D6331_Zymo,34090,34090,                        Pelodictyon phaeoclathratiforme,Pelodictyon phaeoclathratiforme,species,0.00026853378205328313,abund,0.0,8,0
Kraken2,default,Kraken2_default,ZymoMockD6331,ZymoMockD6331,ont,D6331_Zymo,100716,100716,                      Chloroherpeton thalassium,Chloroherpeton thalassium,species,3.356672275666039e-05,abund,0.0,1,0
Kraken2,default,Kraken2_default,ZymoMockD6331,ZymoMockD6331,ont,D6331_Zymo,591197,591197,                      Ignavibacterium album,Ignavibacterium album,species,0.00013426689102664157,abund,0.0,4,0
Kraken2,default,Kraken2_default,ZymoMockD6331,ZymoMockD6331,ont,D6331_Zymo,3101350,3101350,                      Candidatus Palauibacter sp.,Candidatus Palauibacter sp.,species,0.00016783361378330195,abund,0.0,5,5
Kraken2,default,Kraken2_default,ZymoMockD6331,ZymoMockD6331,ont,D6331_Zymo,1379270,1379270,                    Gemmatimonas phototrophica,Gemmatimonas phototrophica,species,3.356672275666039e-05,abund,0.0,1,1
Kraken2,default,Kraken2_default,ZymoMockD6331,ZymoMockD6331,ont,D6331_Zymo,833,833,                    Fibrobacter succinogenes,Fibrobacter succinogenes,species,6.713344551332078e-05,abund,0.0,2,0
Kraken2,default,Kraken2_default,ZymoMockD6331,ZymoMockD6331,ont,D6331_Zymo,562,562,                  Escherichia coli,Escherichia coli,species,10.510177262506206,abund,10.51,313113,281064
Kraken2,default,Kraken2_default,ZymoMockD6331,ZymoMockD6331,ont,D6331_Zymo,208962,208962,                  Escherichia albertii,Escherichia albertii,species,0.12997035051378905,abund,0.13,3872,3861
Kraken2,default,Kraken2_default,ZymoMockD6331,ZymoMockD6331,ont,D6331_Zymo,564,564,                  Escherichia fergusonii,Escherichia fergusonii,species,0.07609576048934912,abund,0.08,2267,2259
Kraken2,default,Kraken2_default,ZymoMockD6331,ZymoMockD6331,ont,D6331_Zymo,1499973,1499973,                  Escherichia marmotae,Escherichia marmotae,species,0.06548867609824444,abund,0.07,1951,1951
Kraken2,default,Kraken2_default,ZymoMockD6331,ZymoMockD6331,ont,D6331_Zymo,2044467,2044467,                    Escherichia sp. E4742,Escherichia sp. E4742,species,0.04568430967181479,abund,0.05,1361,1361
Kraken2,default,Kraken2_default,ZymoMockD6331,ZymoMockD6331,ont,D6331_Zymo,1849427,1849427,                    Escherichia sp. F1,Escherichia sp. F1,species,0.004028006730799247,abund,0.0,120,120
Kraken2,default,Kraken2_default,ZymoMockD6331,ZymoMockD6331,ont,D6331_Zymo,2509662,2509662,                    Escherichia sp. HH091_1A,Escherichia sp. HH091_1A,species,0.0030210050480994352,abund,0.0,90,90
Kraken2,default,Kraken2_default,ZymoMockD6331,ZymoMockD6331,ont,D6331_Zymo,2725997,2725997,                    Escherichia sp. SCLE84,Escherichia sp. SCLE84,species,0.0016783361378330196,abund,0.0,50,50
Kraken2,default,Kraken2_default,ZymoMockD6331,ZymoMockD6331,ont,D6331_Zymo,2509666,2509666,                    Escherichia sp. KS167_9B,Escherichia sp. KS167_9B,species,0.001275535464753095,abund,0.0,38,38
Kraken2,default,Kraken2_default,ZymoMockD6331,ZymoMockD6331,ont,D6331_Zymo,2509664,2509664,                    Escherichia sp. HH154_1D,Escherichia sp. HH154_1D,species,0.00013426689102664157,abund,0.0,4,4
Kraken2,default,Kraken2_default,ZymoMockD6331,ZymoMockD6331,ont,D6331_Zymo,2860337,2860337,                    Escherichia sp. TM-G17TGC,Escherichia sp. TM-G17TGC,species,6.713344551332078e-05,abund,0.0,2,2
Kraken2,default,Kraken2_default,ZymoMockD6331,ZymoMockD6331,ont,D6331_Zymo,2935450,2935450,                    Escherichia sp. 10290,Escherichia sp. 10290,species,3.356672275666039e-05,abund,0.0,1,1
Kraken2,default,Kraken2_default,ZymoMockD6331,ZymoMockD6331,ont,D6331_Zymo,623,623,                  Shigella flexneri,Shigella flexneri,species,0.07132928585790332,abund,0.07,2125,1770
Kraken2,default,Kraken2_default,ZymoMockD6331,ZymoMockD6331,ont,D6331_Zymo,622,622,                  Shigella dysenteriae,Shigella dysenteriae,species,0.06058793457577201,abund,0.06,1805,1791
Kraken2,default,Kraken2_default,ZymoMockD6331,ZymoMockD6331,ont,D6331_Zymo,621,621,                  Shigella boydii,Shigella boydii,species,0.04330107235609191,abund,0.04,1290,1240
Kraken2,default,Kraken2_default,ZymoMockD6331,ZymoMockD6331,ont,D6331_Zymo,624,624,                  Shigella sonnei,Shigella sonnei,species,0.0155078259135771,abund,0.02,462,458
Kraken2,default,Kraken2_default,ZymoMockD6331,ZymoMockD6331,ont,D6331_Zymo,546,546,                    Citrobacter freundii,Citrobacter freundii,species,0.01010358354975478,abund,0.01,301,301
Kraken2,default,Kraken2_default,ZymoMockD6331,ZymoMockD6331,ont,D6331_Zymo,1639133,1639133,                    Citrobacter portucalensis,Citrobacter portucalensis,species,0.006243410432738833,abund,0.01,186,186
Kraken2,default,Kraken2_default,ZymoMockD6331,ZymoMockD6331,ont,D6331_Zymo,57706,57706,                    Citrobacter braakii,Citrobacter braakii,species,0.006176276987225512,abund,0.01,184,184
Kraken2,default,Kraken2_default,ZymoMockD6331,ZymoMockD6331,ont,D6331_Zymo,67827,67827,                    Citrobacter werkmanii,Citrobacter werkmanii,species,0.004430807403879172,abund,0.0,132,132
Kraken2,default,Kraken2_default,ZymoMockD6331,ZymoMockD6331,ont,D6331_Zymo,2066049,2066049,                      Citrobacter freundii complex sp. CFNIH2,Citrobacter freundii complex sp. CFNIH2,species,0.0008056013461598495,abund,0.0,24,24
Kraken2,default,Kraken2_default,ZymoMockD6331,ZymoMockD6331,ont,D6331_Zymo,1686380,1686380,                      Citrobacter sp. MGH105,Citrobacter sp. MGH105,species,0.00016783361378330195,abund,0.0,5,5
Kraken2,default,Kraken2_default,ZymoMockD6331,ZymoMockD6331,ont,D6331_Zymo,2077149,2077149,                      Citrobacter freundii complex sp. CFNIH9,Citrobacter freundii complex sp. CFNIH9,species,0.00013426689102664157,abund,0.0,4,4
Kraken2,default,Kraken2_default,ZymoMockD6331,ZymoMockD6331,ont,D6331_Zymo,1686385,1686385,                      Citrobacter sp. BIDMC108,Citrobacter sp. BIDMC108,species,3.356672275666039e-05,abund,0.0,1,1
Kraken2,default,Kraken2_default,ZymoMockD6331,ZymoMockD6331,ont,D6331_Zymo,133448,133448,                    Citrobacter youngae,Citrobacter youngae,species,0.0009063015144298305,abund,0.0,27,27
Kraken2,default,Kraken2_default,ZymoMockD6331,ZymoMockD6331,ont,D6331_Zymo,1748967,1748967,                    Citrobacter cronae,Citrobacter cronae,species,0.0007049011778898683,abund,0.0,21,21
Kraken2,default,Kraken2_default,ZymoMockD6331,ZymoMockD6331,ont,D6331_Zymo,67826,67826,                    Citrobacter sedlakii,Citrobacter sedlakii,species,0.0006713344551332078,abund,0.0,20,20
Kraken2,default,Kraken2_default,ZymoMockD6331,ZymoMockD6331,ont,D6331_Zymo,67828,67828,                    Citrobacter gillenii,Citrobacter gillenii,species,0.0005035008413499059,abund,0.0,15,15
Kraken2,default,Kraken2_default,ZymoMockD6331,ZymoMockD6331,ont,D6331_Zymo,2742624,2742624,                    Citrobacter sp. RHB25-C09,Citrobacter sp. RHB25-C09,species,0.005639209423118946,abund,0.01,168,168
Kraken2,default,Kraken2_default,ZymoMockD6331,ZymoMockD6331,ont,D6331_Zymo,1573676,1573676,                    Citrobacter sp. R56,Citrobacter sp. R56,species,0.00342380572117936,abund,0.0,102,102
Kraken2,default,Kraken2_default,ZymoMockD6331,ZymoMockD6331,ont,D6331_Zymo,2781952,2781952,                    Citrobacter sp. BDA59-3,Citrobacter sp. BDA59-3,species,0.0003692339503232643,abund,0.0,11,11
Kraken2,default,Kraken2_default,ZymoMockD6331,ZymoMockD6331,ont,D6331_Zymo,2742625,2742625,                    Citrobacter sp. RHB35-C17,Citrobacter sp. RHB35-C17,species,0.00030210050480994355,abund,0.0,9,9
Kraken2,default,Kraken2_default,ZymoMockD6331,ZymoMockD6331,ont,D6331_Zymo,2769347,2769347,                    Citrobacter sp. C13,Citrobacter sp. C13,species,0.00026853378205328313,abund,0.0,8,8
Kraken2,default,Kraken2_default,ZymoMockD6331,ZymoMockD6331,ont,D6331_Zymo,1439319,1439319,                    Citrobacter sp. MGH 55,Citrobacter sp. MGH 55,species,0.00023496705929662275,abund,0.0,7,7
Kraken2,default,Kraken2_default,ZymoMockD6331,ZymoMockD6331,ont,D6331_Zymo,1702170,1702170,                    Citrobacter sp. FDAARGOS_156,Citrobacter sp. FDAARGOS_156,species,0.00016783361378330195,abund,0.0,5,5
Kraken2,default,Kraken2_default,ZymoMockD6331,ZymoMockD6331,ont,D6331_Zymo,2697370,2697370,                    Citrobacter sp. LUTT5,Citrobacter sp. LUTT5,species,0.00013426689102664157,abund,0.0,4,4
Kraken2,default,Kraken2_default,ZymoMockD6331,ZymoMockD6331,ont,D6331_Zymo,2742675,2742675,                    Citrobacter sp. RHBSTW-00986,Citrobacter sp. RHBSTW-00986,species,0.00010070016826998118,abund,0.0,3,3
Kraken2,default,Kraken2_default,ZymoMockD6331,ZymoMockD6331,ont,D6331_Zymo,2742655,2742655,                    Citrobacter sp. RHBSTW-00570,Citrobacter sp. RHBSTW-00570,species,0.00010070016826998118,abund,0.0,3,3
Kraken2,default,Kraken2_default,ZymoMockD6331,ZymoMockD6331,ont,D6331_Zymo,2861802,2861802,                    Citrobacter sp. Colony219,Citrobacter sp. Colony219,species,0.00010070016826998118,abund,0.0,3,3
Kraken2,default,Kraken2_default,ZymoMockD6331,ZymoMockD6331,ont,D6331_Zymo,2807631,2807631,                    Citrobacter sp. B72,Citrobacter sp. B72,species,6.713344551332078e-05,abund,0.0,2,2
Kraken2,default,Kraken2_default,ZymoMockD6331,ZymoMockD6331,ont,D6331_Zymo,2742677,2742677,                    Citrobacter sp. RHBSTW-01013,Citrobacter sp. RHBSTW-01013,species,6.713344551332078e-05,abund,0.0,2,2
Kraken2,default,Kraken2_default,ZymoMockD6331,ZymoMockD6331,ont,D6331_Zymo,2769343,2769343,                    Citrobacter sp. C1,Citrobacter sp. C1,species,6.713344551332078e-05,abund,0.0,2,2
Kraken2,default,Kraken2_default,ZymoMockD6331,ZymoMockD6331,ont,D6331_Zymo,2742627,2742627,                    Citrobacter sp. RHB36-C18,Citrobacter sp. RHB36-C18,species,6.713344551332078e-05,abund,0.0,2,2
Kraken2,default,Kraken2_default,ZymoMockD6331,ZymoMockD6331,ont,D6331_Zymo,2742626,2742626,                    Citrobacter sp. RHB35-C21,Citrobacter sp. RHB35-C21,species,3.356672275666039e-05,abund,0.0,1,1
Kraken2,default,Kraken2_default,ZymoMockD6331,ZymoMockD6331,ont,D6331_Zymo,2742647,2742647,                    Citrobacter sp. RHBSTW-00424,Citrobacter sp. RHBSTW-00424,species,3.356672275666039e-05,abund,0.0,1,1
Kraken2,default,Kraken2_default,ZymoMockD6331,ZymoMockD6331,ont,D6331_Zymo,2742666,2742666,                    Citrobacter sp. RHBSTW-00859,Citrobacter sp. RHBSTW-00859,species,3.356672275666039e-05,abund,0.0,1,1
Kraken2,default,Kraken2_default,ZymoMockD6331,ZymoMockD6331,ont,D6331_Zymo,2742661,2742661,                    Citrobacter sp. RHBSTW-00678,Citrobacter sp. RHBSTW-00678,species,3.356672275666039e-05,abund,0.0,1,1
Kraken2,default,Kraken2_default,ZymoMockD6331,ZymoMockD6331,ont,D6331_Zymo,2742660,2742660,                    Citrobacter sp. RHBSTW-00671,Citrobacter sp. RHBSTW-00671,species,3.356672275666039e-05,abund,0.0,1,1
Kraken2,default,Kraken2_default,ZymoMockD6331,ZymoMockD6331,ont,D6331_Zymo,184912,184912,                    Citrobacter sp. TSA-1,Citrobacter sp. TSA-1,species,3.356672275666039e-05,abund,0.0,1,1
Kraken2,default,Kraken2_default,ZymoMockD6331,ZymoMockD6331,ont,D6331_Zymo,3015952,3015952,                    Citrobacter sp. 21OH12SH02A-Citro,Citrobacter sp. 21OH12SH02A-Citro,species,3.356672275666039e-05,abund,0.0,1,1
Kraken2,default,Kraken2_default,ZymoMockD6331,ZymoMockD6331,ont,D6331_Zymo,2660638,2660638,                    Citrobacter sp. S39,Citrobacter sp. S39,species,3.356672275666039e-05,abund,0.0,1,1
Kraken2,default,Kraken2_default,ZymoMockD6331,ZymoMockD6331,ont,D6331_Zymo,1703250,1703250,                    Citrobacter sp. CRE-46,Citrobacter sp. CRE-46,species,3.356672275666039e-05,abund,0.0,1,1
Kraken2,default,Kraken2_default,ZymoMockD6331,ZymoMockD6331,ont,D6331_Zymo,2861801,2861801,                    Citrobacter sp. Colony322,Citrobacter sp. Colony322,species,3.356672275666039e-05,abund,0.0,1,1
Kraken2,default,Kraken2_default,ZymoMockD6331,ZymoMockD6331,ont,D6331_Zymo,67825,67825,                  Citrobacter rodentium,Citrobacter rodentium,species,0.006646211105818757,abund,0.01,198,198
Kraken2,default,Kraken2_default,ZymoMockD6331,ZymoMockD6331,ont,D6331_Zymo,67824,67824,                  Citrobacter farmeri,Citrobacter farmeri,species,0.005907743205172229,abund,0.01,176,176
Kraken2,default,Kraken2_default,ZymoMockD6331,ZymoMockD6331,ont,D6331_Zymo,35703,35703,                  Citrobacter amalonaticus,Citrobacter amalonaticus,species,0.005437809086578984,abund,0.01,162,39
Kraken2,default,Kraken2_default,ZymoMockD6331,ZymoMockD6331,ont,D6331_Zymo,545,545,                  Citrobacter koseri,Citrobacter koseri,species,0.004934308245229078,abund,0.0,147,147
Kraken2,default,Kraken2_default,ZymoMockD6331,ZymoMockD6331,ont,D6331_Zymo,2971264,2971264,                  Citrobacter enshiensis,Citrobacter enshiensis,species,0.003960873285285927,abund,0.0,118,118
Kraken2,default,Kraken2_default,ZymoMockD6331,ZymoMockD6331,ont,D6331_Zymo,2562449,2562449,                  Citrobacter tructae,Citrobacter tructae,species,0.0030210050480994352,abund,0.0,90,90
Kraken2,default,Kraken2_default,ZymoMockD6331,ZymoMockD6331,ont,D6331_Zymo,2894201,2894201,                  Citrobacter meridianamericanus,Citrobacter meridianamericanus,species,0.0027860379888028125,abund,0.0,83,83
Kraken2,default,Kraken2_default,ZymoMockD6331,ZymoMockD6331,ont,D6331_Zymo,2546350,2546350,                  Citrobacter arsenatis,Citrobacter arsenatis,species,0.0016783361378330196,abund,0.0,50,50
Kraken2,default,Kraken2_default,ZymoMockD6331,ZymoMockD6331,ont,D6331_Zymo,1563222,1563222,                  Citrobacter pasteurii,Citrobacter pasteurii,species,0.0003692339503232643,abund,0.0,11,11
Kraken2,default,Kraken2_default,ZymoMockD6331,ZymoMockD6331,ont,D6331_Zymo,1914243,1914243,                  Citrobacter europaeus,Citrobacter europaeus,species,0.00016783361378330195,abund,0.0,5,5
Kraken2,default,Kraken2_default,ZymoMockD6331,ZymoMockD6331,ont,D6331_Zymo,2707174,2707174,                    Enterobacter sp. T2,Enterobacter sp. T2,species,0.03746046259643299,abund,0.04,1116,1116
Kraken2,default,Kraken2_default,ZymoMockD6331,ZymoMockD6331,ont,D6331_Zymo,2724468,2724468,                    Enterobacter sp. JUb54,Enterobacter sp. JUb54,species,0.002282537147452907,abund,0.0,68,68
Kraken2,default,Kraken2_default,ZymoMockD6331,ZymoMockD6331,ont,D6331_Zymo,3116479,3116479,                    Enterobacter sp. ECC-175,Enterobacter sp. ECC-175,species,0.0019133031971296423,abund,0.0,57,57
Kraken2,default,Kraken2_default,ZymoMockD6331,ZymoMockD6331,ont,D6331_Zymo,2742676,2742676,                    Enterobacter sp. RHBSTW-00994,Enterobacter sp. RHBSTW-00994,species,0.001443369078536397,abund,0.0,43,43
Kraken2,default,Kraken2_default,ZymoMockD6331,ZymoMockD6331,ont,D6331_Zymo,2870346,2870346,                    Enterobacter sp. C2,Enterobacter sp. C2,species,0.0009063015144298305,abund,0.0,27,27
Kraken2,default,Kraken2_default,ZymoMockD6331,ZymoMockD6331,ont,D6331_Zymo,399742,399742,                    Enterobacter sp. 638,Enterobacter sp. 638,species,0.0007384679006465286,abund,0.0,22,22
Kraken2,default,Kraken2_default,ZymoMockD6331,ZymoMockD6331,ont,D6331_Zymo,1914861,1914861,                    Enterobacter sp. SA187,Enterobacter sp. SA187,species,0.0006377677323765474,abund,0.0,19,19
Kraken2,default,Kraken2_default,ZymoMockD6331,ZymoMockD6331,ont,D6331_Zymo,3116480,3116480,                    Enterobacter sp. ECC-219,Enterobacter sp. ECC-219,species,0.0005706342868632267,abund,0.0,17,17
Kraken2,default,Kraken2_default,ZymoMockD6331,ZymoMockD6331,ont,D6331_Zymo,3104013,3104013,                    Enterobacter sp. PGRG2,Enterobacter sp. PGRG2,species,0.0005035008413499059,abund,0.0,15,15
Kraken2,default,Kraken2_default,ZymoMockD6331,ZymoMockD6331,ont,D6331_Zymo,2866201,2866201,                    Enterobacter sp. Colony194,Enterobacter sp. Colony194,species,0.0005035008413499059,abund,0.0,15,15
Kraken2,default,Kraken2_default,ZymoMockD6331,ZymoMockD6331,ont,D6331_Zymo,2976431,2976431,                    Enterobacter sp. CP102,Enterobacter sp. CP102,species,0.0005035008413499059,abund,0.0,15,15
Kraken2,default,Kraken2_default,ZymoMockD6331,ZymoMockD6331,ont,D6331_Zymo,3116481,3116481,                    Enterobacter sp. ECC-249,Enterobacter sp. ECC-249,species,0.00040280067307992473,abund,0.0,12,12
Kraken2,default,Kraken2_default,ZymoMockD6331,ZymoMockD6331,ont,D6331_Zymo,2831891,2831891,                    Enterobacter sp. JBIWA005,Enterobacter sp. JBIWA005,species,0.00020140033653996236,abund,0.0,6,6
Kraken2,default,Kraken2_default,ZymoMockD6331,ZymoMockD6331,ont,D6331_Zymo,2831890,2831890,                    Enterobacter sp. JBIWA003,Enterobacter sp. JBIWA003,species,0.00016783361378330195,abund,0.0,5,5
Kraken2,default,Kraken2_default,ZymoMockD6331,ZymoMockD6331,ont,D6331_Zymo,3116478,3116478,                    Enterobacter sp. ECC-019,Enterobacter sp. ECC-019,species,0.00016783361378330195,abund,0.0,5,5
Kraken2,default,Kraken2_default,ZymoMockD6331,ZymoMockD6331,ont,D6331_Zymo,2836161,2836161,                    Enterobacter sp. SGAir0187,Enterobacter sp. SGAir0187,species,0.00016783361378330195,abund,0.0,5,5
Kraken2,default,Kraken2_default,ZymoMockD6331,ZymoMockD6331,ont,D6331_Zymo,2742639,2742639,                    Enterobacter sp. RHBSTW-00175,Enterobacter sp. RHBSTW-00175,species,0.00013426689102664157,abund,0.0,4,4
Kraken2,default,Kraken2_default,ZymoMockD6331,ZymoMockD6331,ont,D6331_Zymo,3077940,3077940,                    Enterobacter sp. DTU_2021_1002640_1_SI_PRY_ASU_LCPMC_013,Enterobacter sp. DTU_2021_1002640_1_SI PRY_ASU LCPMC_013,species,0.00013426689102664157,abund,0.0,4,4
Kraken2,default,Kraken2_default,ZymoMockD6331,ZymoMockD6331,ont,D6331_Zymo,2720029,2720029,                    Enterobacter sp. DNB-S2,Enterobacter sp. DNB-S2,species,0.00013426689102664157,abund,0.0,4,4
Kraken2,default,Kraken2_default,ZymoMockD6331,ZymoMockD6331,ont,D6331_Zymo,3026145,3026145,                    Enterobacter sp. S-33,Enterobacter sp. S-33,species,0.00010070016826998118,abund,0.0,3,3
Kraken2,default,Kraken2_default,ZymoMockD6331,ZymoMockD6331,ont,D6331_Zymo,2565914,2565914,                    Enterobacter sp. 18A13,Enterobacter sp. 18A13,species,6.713344551332078e-05,abund,0.0,2,2
Kraken2,default,Kraken2_default,ZymoMockD6331,ZymoMockD6331,ont,D6331_Zymo,3080020,3080020,                    Enterobacter sp. JJBC,Enterobacter sp. JJBC,species,6.713344551332078e-05,abund,0.0,2,2
Kraken2,default,Kraken2_default,ZymoMockD6331,ZymoMockD6331,ont,D6331_Zymo,1560339,1560339,                    Enterobacter sp. E20,Enterobacter sp. E20,species,6.713344551332078e-05,abund,0.0,2,2
Kraken2,default,Kraken2_default,ZymoMockD6331,ZymoMockD6331,ont,D6331_Zymo,1166130,1166130,                    Enterobacter sp. R4-368,Enterobacter sp. R4-368,species,6.713344551332078e-05,abund,0.0,2,2
Kraken2,default,Kraken2_default,ZymoMockD6331,ZymoMockD6331,ont,D6331_Zymo,3376155,3376155,                    Enterobacter sp. BNK-18,Enterobacter sp. BNK-18,species,3.356672275666039e-05,abund,0.0,1,1
Kraken2,default,Kraken2_default,ZymoMockD6331,ZymoMockD6331,ont,D6331_Zymo,3102784,3102784,                    Enterobacter sp. D2,Enterobacter sp. D2,species,3.356672275666039e-05,abund,0.0,1,1
Kraken2,default,Kraken2_default,ZymoMockD6331,ZymoMockD6331,ont,D6331_Zymo,3151599,3151599,                    Enterobacter sp. HNDS-6,Enterobacter sp. HNDS-6,species,3.356672275666039e-05,abund,0.0,1,1
Kraken2,default,Kraken2_default,ZymoMockD6331,ZymoMockD6331,ont,D6331_Zymo,1827481,1827481,                    Enterobacter sp. ODB01,Enterobacter sp. ODB01,species,3.356672275666039e-05,abund,0.0,1,1
Kraken2,default,Kraken2_default,ZymoMockD6331,ZymoMockD6331,ont,D6331_Zymo,2500132,2500132,                    Enterobacter sp. N18-03635,Enterobacter sp. N18-03635,species,3.356672275666039e-05,abund,0.0,1,1
Kraken2,default,Kraken2_default,ZymoMockD6331,ZymoMockD6331,ont,D6331_Zymo,2705458,2705458,                    Enterobacter sp. SES19,Enterobacter sp. SES19,species,3.356672275666039e-05,abund,0.0,1,1
Kraken2,default,Kraken2_default,ZymoMockD6331,ZymoMockD6331,ont,D6331_Zymo,158836,158836,                    Enterobacter hormaechei,Enterobacter hormaechei,species,0.013091021875097553,abund,0.01,390,348
Kraken2,default,Kraken2_default,ZymoMockD6331,ZymoMockD6331,ont,D6331_Zymo,550,550,                    Enterobacter cloacae,Enterobacter cloacae,species,0.005572075977605625,abund,0.01,166,156
Kraken2,default,Kraken2_default,ZymoMockD6331,ZymoMockD6331,ont,D6331_Zymo,61645,61645,                    Enterobacter asburiae,Enterobacter asburiae,species,0.005035008413499059,abund,0.01,150,150
Kraken2,default,Kraken2_default,ZymoMockD6331,ZymoMockD6331,ont,D6331_Zymo,208224,208224,                    Enterobacter kobei,Enterobacter kobei,species,0.004665774463175795,abund,0.0,139,139
Kraken2,default,Kraken2_default,ZymoMockD6331,ZymoMockD6331,ont,D6331_Zymo,1812935,1812935,                    Enterobacter roggenkampii,Enterobacter roggenkampii,species,0.004598641017662474,abund,0.0,137,137
Kraken2,default,Kraken2_default,ZymoMockD6331,ZymoMockD6331,ont,D6331_Zymo,69218,69218,                    Enterobacter cancerogenus,Enterobacter cancerogenus,species,0.002215403701939586,abund,0.0,66,66
Kraken2,default,Kraken2_default,ZymoMockD6331,ZymoMockD6331,ont,D6331_Zymo,299767,299767,                    Enterobacter ludwigii,Enterobacter ludwigii,species,0.001812603028859661,abund,0.0,54,54
Kraken2,default,Kraken2_default,ZymoMockD6331,ZymoMockD6331,ont,D6331_Zymo,2027919,2027919,                      Enterobacter cloacae complex sp.,Enterobacter cloacae complex sp.,species,0.000939868237186491,abund,0.0,28,28
Kraken2,default,Kraken2_default,ZymoMockD6331,ZymoMockD6331,ont,D6331_Zymo,2798729,2798729,                      Enterobacter cloacae complex sp. AR_0002,Enterobacter cloacae complex sp. AR_0002,species,0.00023496705929662275,abund,0.0,7,7
Kraken2,default,Kraken2_default,ZymoMockD6331,ZymoMockD6331,ont,D6331_Zymo,2912630,2912630,                      Enterobacter cloacae complex sp. ECL405,Enterobacter cloacae complex sp. ECL405,species,0.00013426689102664157,abund,0.0,4,4
Kraken2,default,Kraken2_default,ZymoMockD6331,ZymoMockD6331,ont,D6331_Zymo,1329841,1329841,                      Enterobacter sp. BIDMC 29,Enterobacter sp. BIDMC 29,species,0.00013426689102664157,abund,0.0,4,4
Kraken2,default,Kraken2_default,ZymoMockD6331,ZymoMockD6331,ont,D6331_Zymo,3152302,3152302,                      Enterobacter cloacae complex sp. Mu1197,Enterobacter cloacae complex sp. Mu1197,species,0.00010070016826998118,abund,0.0,3,3
Kraken2,default,Kraken2_default,ZymoMockD6331,ZymoMockD6331,ont,D6331_Zymo,2850078,2850078,                      Enterobacter cloacae complex sp. ECL72,Enterobacter cloacae complex sp. ECL72,species,6.713344551332078e-05,abund,0.0,2,2
Kraken2,default,Kraken2_default,ZymoMockD6331,ZymoMockD6331,ont,D6331_Zymo,2850493,2850493,                      Enterobacter cloacae complex sp. ECL112,Enterobacter cloacae complex sp. ECL112,species,6.713344551332078e-05,abund,0.0,2,2
Kraken2,default,Kraken2_default,ZymoMockD6331,ZymoMockD6331,ont,D6331_Zymo,2077137,2077137,                      Enterobacter cloacae complex sp. FDA-CDC-AR_0132,Enterobacter cloacae complex sp. FDA-CDC-AR_0132,species,6.713344551332078e-05,abund,0.0,2,2
Kraken2,default,Kraken2_default,ZymoMockD6331,ZymoMockD6331,ont,D6331_Zymo,2077136,2077136,                      Enterobacter cloacae complex sp. FDA-CDC-AR_0164,Enterobacter cloacae complex sp. FDA-CDC-AR_0164,species,3.356672275666039e-05,abund,0.0,1,1
Kraken2,default,Kraken2_default,ZymoMockD6331,ZymoMockD6331,ont,D6331_Zymo,2071710,2071710,                    Enterobacter sichuanensis,Enterobacter sichuanensis,species,0.0016447694150763593,abund,0.0,49,49
Kraken2,default,Kraken2_default,ZymoMockD6331,ZymoMockD6331,ont,D6331_Zymo,2497875,2497875,                    Enterobacter chuandaensis,Enterobacter chuandaensis,species,0.0013762356330230762,abund,0.0,41,41
Kraken2,default,Kraken2_default,ZymoMockD6331,ZymoMockD6331,ont,D6331_Zymo,2494701,2494701,                    Enterobacter chengduensis,Enterobacter chengduensis,species,0.0005370675641065663,abund,0.0,16,16
Kraken2,default,Kraken2_default,ZymoMockD6331,ZymoMockD6331,ont,D6331_Zymo,3029761,3029761,                    Enterobacter pasteurii,Enterobacter pasteurii,species,0.0003356672275666039,abund,0.0,10,10
Kraken2,default,Kraken2_default,ZymoMockD6331,ZymoMockD6331,ont,D6331_Zymo,539813,539813,                  Enterobacter mori,Enterobacter mori,species,0.004330107235609191,abund,0.0,129,129
Kraken2,default,Kraken2_default,ZymoMockD6331,ZymoMockD6331,ont,D6331_Zymo,881260,881260,                  Enterobacter bugandensis,Enterobacter bugandensis,species,0.0022489704246962464,abund,0.0,67,67
Kraken2,default,Kraken2_default,ZymoMockD6331,ZymoMockD6331,ont,D6331_Zymo,885040,885040,                  Enterobacter soli,Enterobacter soli,species,0.0014769358012930573,abund,0.0,44,44
Kraken2,default,Kraken2_default,ZymoMockD6331,ZymoMockD6331,ont,D6331_Zymo,2478464,2478464,                  Enterobacter oligotrophicus,Enterobacter oligotrophicus,species,0.0013762356330230762,abund,0.0,41,41
Kraken2,default,Kraken2_default,ZymoMockD6331,ZymoMockD6331,ont,D6331_Zymo,2529381,2529381,                  Enterobacter wuhouensis,Enterobacter wuhouensis,species,0.0009734349599431514,abund,0.0,29,29
Kraken2,default,Kraken2_default,ZymoMockD6331,ZymoMockD6331,ont,D6331_Zymo,2494702,2494702,                  Enterobacter huaxiensis,Enterobacter huaxiensis,species,0.000939868237186491,abund,0.0,28,28
Kraken2,default,Kraken2_default,ZymoMockD6331,ZymoMockD6331,ont,D6331_Zymo,3142537,3142537,                  Enterobacter adelaidei,Enterobacter adelaidei,species,0.0005706342868632267,abund,0.0,17,17
Kraken2,default,Kraken2_default,ZymoMockD6331,ZymoMockD6331,ont,D6331_Zymo,2996112,2996112,                  Enterobacter pseudoroggenkampii,Enterobacter pseudoroggenkampii,species,0.0003692339503232643,abund,0.0,11,11
Kraken2,default,Kraken2_default,ZymoMockD6331,ZymoMockD6331,ont,D6331_Zymo,2497436,2497436,                  Enterobacter quasiroggenkampii,Enterobacter quasiroggenkampii,species,0.0003356672275666039,abund,0.0,10,10
Kraken2,default,Kraken2_default,ZymoMockD6331,ZymoMockD6331,ont,D6331_Zymo,2797505,2797505,                  Enterobacter vonholyi,Enterobacter vonholyi,species,3.356672275666039e-05,abund,0.0,1,1
Kraken2,default,Kraken2_default,ZymoMockD6331,ZymoMockD6331,ont,D6331_Zymo,573,573,                      Klebsiella pneumoniae,Klebsiella pneumoniae,species,0.04001153352593919,abund,0.04,1192,1103
Kraken2,default,Kraken2_default,ZymoMockD6331,ZymoMockD6331,ont,D6331_Zymo,1463165,1463165,                      Klebsiella quasipneumoniae,Klebsiella quasipneumoniae,species,0.0057063428686322665,abund,0.01,170,141
Kraken2,default,Kraken2_default,ZymoMockD6331,ZymoMockD6331,ont,D6331_Zymo,244366,244366,                      Klebsiella variicola,Klebsiella variicola,species,0.005068575136255719,abund,0.01,151,91
Kraken2,default,Kraken2_default,ZymoMockD6331,ZymoMockD6331,ont,D6331_Zymo,2026240,2026240,                      Klebsiella quasivariicola,Klebsiella quasivariicola,species,0.0009063015144298305,abund,0.0,27,27
Kraken2,default,Kraken2_default,ZymoMockD6331,ZymoMockD6331,ont,D6331_Zymo,571,571,                    Klebsiella oxytoca,Klebsiella oxytoca,species,0.00594130992792889,abund,0.01,177,177
Kraken2,default,Kraken2_default,ZymoMockD6331,ZymoMockD6331,ont,D6331_Zymo,548,548,                    Klebsiella aerogenes,Klebsiella aerogenes,species,0.004934308245229078,abund,0.0,147,146
Kraken2,default,Kraken2_default,ZymoMockD6331,ZymoMockD6331,ont,D6331_Zymo,1134687,1134687,                    Klebsiella michiganensis,Klebsiella michiganensis,species,0.004430807403879172,abund,0.0,132,130
Kraken2,default,Kraken2_default,ZymoMockD6331,ZymoMockD6331,ont,D6331_Zymo,2834819,2834819,                      Klebsiella sp. A52,Klebsiella sp. A52,species,0.00016783361378330195,abund,0.0,5,5
Kraken2,default,Kraken2_default,ZymoMockD6331,ZymoMockD6331,ont,D6331_Zymo,1905288,1905288,                      Klebsiella sp. LTGPAF-6F,Klebsiella sp. LTGPAF-6F,species,0.00013426689102664157,abund,0.0,4,4
Kraken2,default,Kraken2_default,ZymoMockD6331,ZymoMockD6331,ont,D6331_Zymo,2897413,2897413,                      Klebsiella sp. KPN54798,Klebsiella sp. KPN54798,species,0.00010070016826998118,abund,0.0,3,3
Kraken2,default,Kraken2_default,ZymoMockD6331,ZymoMockD6331,ont,D6331_Zymo,2851540,2851540,                      Klebsiella sp. PL-2018,Klebsiella sp. PL-2018,species,0.00010070016826998118,abund,0.0,3,3
Kraken2,default,Kraken2_default,ZymoMockD6331,ZymoMockD6331,ont,D6331_Zymo,2267618,2267618,                      Klebsiella sp. P1CD1,Klebsiella sp. P1CD1,species,6.713344551332078e-05,abund,0.0,2,2
Kraken2,default,Kraken2_default,ZymoMockD6331,ZymoMockD6331,ont,D6331_Zymo,2873296,2873296,                      Klebsiella sp. CTHL.F3a,Klebsiella sp. CTHL.F3a,species,6.713344551332078e-05,abund,0.0,2,2
Kraken2,default,Kraken2_default,ZymoMockD6331,ZymoMockD6331,ont,D6331_Zymo,2488567,2488567,                      Klebsiella sp. FDAARGOS_511,Klebsiella sp. FDAARGOS_511,species,3.356672275666039e-05,abund,0.0,1,1
Kraken2,default,Kraken2_default,ZymoMockD6331,ZymoMockD6331,ont,D6331_Zymo,2675713,2675713,                      Klebsiella sp. WP4-W18-ESBL-05,Klebsiella sp. WP4-W18-ESBL-05,species,3.356672275666039e-05,abund,0.0,1,1
Kraken2,default,Kraken2_default,ZymoMockD6331,ZymoMockD6331,ont,D6331_Zymo,2675726,2675726,                      Klebsiella sp. WP8-S18-ESBL-06,Klebsiella sp. WP8-S18-ESBL-06,species,3.356672275666039e-05,abund,0.0,1,1
Kraken2,default,Kraken2_default,ZymoMockD6331,ZymoMockD6331,ont,D6331_Zymo,2153354,2153354,                    Klebsiella huaxiensis,Klebsiella huaxiensis,species,0.002114703533669605,abund,0.0,63,63
Kraken2,default,Kraken2_default,ZymoMockD6331,ZymoMockD6331,ont,D6331_Zymo,1259973,1259973,                    Klebsiella electrica,Klebsiella electrica,species,0.0015105025240497176,abund,0.0,45,45
Kraken2,default,Kraken2_default,ZymoMockD6331,ZymoMockD6331,ont,D6331_Zymo,2058152,2058152,                    Klebsiella grimontii,Klebsiella grimontii,species,0.0009734349599431514,abund,0.0,29,29
Kraken2,default,Kraken2_default,ZymoMockD6331,ZymoMockD6331,ont,D6331_Zymo,2489010,2489010,                    Klebsiella africana,Klebsiella africana,species,0.0005035008413499059,abund,0.0,15,15
Kraken2,default,Kraken2_default,ZymoMockD6331,ZymoMockD6331,ont,D6331_Zymo,2587529,2587529,                    Klebsiella pasteurii,Klebsiella pasteurii,species,0.0005035008413499059,abund,0.0,15,15
Kraken2,default,Kraken2_default,ZymoMockD6331,ZymoMockD6331,ont,D6331_Zymo,54291,54291,                    Raoultella ornithinolytica,Raoultella ornithinolytica,species,0.003222405384639398,abund,0.0,96,96
Kraken2,default,Kraken2_default,ZymoMockD6331,ZymoMockD6331,ont,D6331_Zymo,577,577,                    Raoultella terrigena,Raoultella terrigena,species,0.0010070016826998118,abund,0.0,30,30
Kraken2,default,Kraken2_default,ZymoMockD6331,ZymoMockD6331,ont,D6331_Zymo,2923366,2923366,                      Raoultella sp. HC6,Raoultella sp. HC6,species,0.0005370675641065663,abund,0.0,16,16
Kraken2,default,Kraken2_default,ZymoMockD6331,ZymoMockD6331,ont,D6331_Zymo,2799495,2799495,                      Raoultella sp. XY-1,Raoultella sp. XY-1,species,0.00013426689102664157,abund,0.0,4,4
Kraken2,default,Kraken2_default,ZymoMockD6331,ZymoMockD6331,ont,D6331_Zymo,2259647,2259647,                      Raoultella sp. X13,Raoultella sp. X13,species,6.713344551332078e-05,abund,0.0,2,2
Kraken2,default,Kraken2_default,ZymoMockD6331,ZymoMockD6331,ont,D6331_Zymo,575,575,                    Raoultella planticola,Raoultella planticola,species,0.0004699341185932455,abund,0.0,14,14
Kraken2,default,Kraken2_default,ZymoMockD6331,ZymoMockD6331,ont,D6331_Zymo,28901,28901,                  Salmonella enterica,Salmonella enterica,species,0.04675844480002793,abund,0.05,1393,423
Kraken2,default,Kraken2_default,ZymoMockD6331,ZymoMockD6331,ont,D6331_Zymo,54736,54736,                  Salmonella bongori,Salmonella bongori,species,0.004162273621825889,abund,0.0,124,118
Kraken2,default,Kraken2_default,ZymoMockD6331,ZymoMockD6331,ont,D6331_Zymo,599,599,                    Salmonella sp.,Salmonella sp.,species,0.00020140033653996236,abund,0.0,6,6
Kraken2,default,Kraken2_default,ZymoMockD6331,ZymoMockD6331,ont,D6331_Zymo,3344879,3344879,                    Salmonella sp. HY31,Salmonella sp. HY31,species,6.713344551332078e-05,abund,0.0,2,2
Kraken2,default,Kraken2_default,ZymoMockD6331,ZymoMockD6331,ont,D6331_Zymo,3030530,3030530,                    Salmonella sp. SA17155,Salmonella sp. SA17155,species,3.356672275666039e-05,abund,0.0,1,1
Kraken2,default,Kraken2_default,ZymoMockD6331,ZymoMockD6331,ont,D6331_Zymo,2500542,2500542,                    Salmonella sp. SSDFZ54,Salmonella sp. SSDFZ54,species,3.356672275666039e-05,abund,0.0,1,1
Kraken2,default,Kraken2_default,ZymoMockD6331,ZymoMockD6331,ont,D6331_Zymo,2979871,2979871,                    Salmonella sp. 3C,Salmonella sp. 3C,species,3.356672275666039e-05,abund,0.0,1,1
Kraken2,default,Kraken2_default,ZymoMockD6331,ZymoMockD6331,ont,D6331_Zymo,2991700,2991700,                    Salmonella sp. 2018103,Salmonella sp. 2018103,species,3.356672275666039e-05,abund,0.0,1,1
Kraken2,default,Kraken2_default,ZymoMockD6331,ZymoMockD6331,ont,D6331_Zymo,2745893,2745893,                    Salmonella sp. SJTUF14154,Salmonella sp. SJTUF14154,species,3.356672275666039e-05,abund,0.0,1,1
Kraken2,default,Kraken2_default,ZymoMockD6331,ZymoMockD6331,ont,D6331_Zymo,2745891,2745891,                    Salmonella sp. SJTUF14146,Salmonella sp. SJTUF14146,species,3.356672275666039e-05,abund,0.0,1,1
Kraken2,default,Kraken2_default,ZymoMockD6331,ZymoMockD6331,ont,D6331_Zymo,2980557,2980557,                    Kosakonia sp. ML.JS2a,Kosakonia sp. ML.JS2a,species,0.0013091021875097555,abund,0.0,39,39
Kraken2,default,Kraken2_default,ZymoMockD6331,ZymoMockD6331,ont,D6331_Zymo,2067958,2067958,                    Kosakonia sp. MUSA4,Kosakonia sp. MUSA4,species,0.0011412685737264535,abund,0.0,34,34
Kraken2,default,Kraken2_default,ZymoMockD6331,ZymoMockD6331,ont,D6331_Zymo,2725560,2725560,                    Kosakonia sp. SMBL-WEM22,Kosakonia sp. SMBL-WEM22,species,0.0010405684054564722,abund,0.0,31,31
Kraken2,default,Kraken2_default,ZymoMockD6331,ZymoMockD6331,ont,D6331_Zymo,2492396,2492396,                    Kosakonia sp. CCTCC M2018092,Kosakonia sp. CCTCC M2018092,species,0.0006042010096198871,abund,0.0,18,18
Kraken2,default,Kraken2_default,ZymoMockD6331,ZymoMockD6331,ont,D6331_Zymo,208223,208223,                  Kosakonia cowanii,Kosakonia cowanii,species,0.0029538716025861145,abund,0.0,88,85
Kraken2,default,Kraken2_default,ZymoMockD6331,ZymoMockD6331,ont,D6331_Zymo,1158459,1158459,                  Kosakonia sacchari,Kosakonia sacchari,species,0.002383237315722888,abund,0.0,71,64
Kraken2,default,Kraken2_default,ZymoMockD6331,ZymoMockD6331,ont,D6331_Zymo,3139408,3139408,                  Kosakonia calanthes,Kosakonia calanthes,species,0.002282537147452907,abund,0.0,68,68
Kraken2,default,Kraken2_default,ZymoMockD6331,ZymoMockD6331,ont,D6331_Zymo,551989,551989,                  Kosakonia arachidis,Kosakonia arachidis,species,0.001812603028859661,abund,0.0,54,54
Kraken2,default,Kraken2_default,ZymoMockD6331,ZymoMockD6331,ont,D6331_Zymo,1005665,1005665,                  Kosakonia oryzendophytica,Kosakonia oryzendophytica,species,0.0014769358012930573,abund,0.0,44,44
Kraken2,default,Kraken2_default,ZymoMockD6331,ZymoMockD6331,ont,D6331_Zymo,283686,283686,                  Kosakonia radicincitans,Kosakonia radicincitans,species,0.0013091021875097555,abund,0.0,39,39
Kraken2,default,Kraken2_default,ZymoMockD6331,ZymoMockD6331,ont,D6331_Zymo,1646340,1646340,                  Kosakonia pseudosacchari,Kosakonia pseudosacchari,species,0.001275535464753095,abund,0.0,38,38
Kraken2,default,Kraken2_default,ZymoMockD6331,ZymoMockD6331,ont,D6331_Zymo,497725,497725,                  Kosakonia oryzae,Kosakonia oryzae,species,0.001107701850969793,abund,0.0,33,33
Kraken2,default,Kraken2_default,ZymoMockD6331,ZymoMockD6331,ont,D6331_Zymo,83655,83655,                  Leclercia adecarboxylata,Leclercia adecarboxylata,species,0.0038937398397726054,abund,0.0,116,116
Kraken2,default,Kraken2_default,ZymoMockD6331,ZymoMockD6331,ont,D6331_Zymo,2714951,2714951,                    Leclercia sp. 29361,Leclercia sp. 29361,species,0.0010070016826998118,abund,0.0,30,30
Kraken2,default,Kraken2_default,ZymoMockD6331,ZymoMockD6331,ont,D6331_Zymo,3138178,3138178,                    Leclercia sp. S52,Leclercia sp. S52,species,0.0008391680689165098,abund,0.0,25,25
Kraken2,default,Kraken2_default,ZymoMockD6331,ZymoMockD6331,ont,D6331_Zymo,2681308,2681308,                    Leclercia sp. 119287,Leclercia sp. 119287,species,0.00030210050480994355,abund,0.0,9,9
Kraken2,default,Kraken2_default,ZymoMockD6331,ZymoMockD6331,ont,D6331_Zymo,2681307,2681307,                    Leclercia sp. J807,Leclercia sp. J807,species,0.00026853378205328313,abund,0.0,8,8
Kraken2,default,Kraken2_default,ZymoMockD6331,ZymoMockD6331,ont,D6331_Zymo,2282309,2282309,                    Leclercia sp. W17,Leclercia sp. W17,species,0.00010070016826998118,abund,0.0,3,3
Kraken2,default,Kraken2_default,ZymoMockD6331,ZymoMockD6331,ont,D6331_Zymo,2282310,2282310,                    Leclercia sp. W6,Leclercia sp. W6,species,0.00010070016826998118,abund,0.0,3,3
Kraken2,default,Kraken2_default,ZymoMockD6331,ZymoMockD6331,ont,D6331_Zymo,2681309,2681309,                    Leclercia sp. Colony189,Leclercia sp. Colony189,species,6.713344551332078e-05,abund,0.0,2,2
Kraken2,default,Kraken2_default,ZymoMockD6331,ZymoMockD6331,ont,D6331_Zymo,2898725,2898725,                    Leclercia sp. G3L,Leclercia sp. G3L,species,6.713344551332078e-05,abund,0.0,2,2
Kraken2,default,Kraken2_default,ZymoMockD6331,ZymoMockD6331,ont,D6331_Zymo,1920114,1920114,                    Leclercia sp. LSNIH1,Leclercia sp. LSNIH1,species,3.356672275666039e-05,abund,0.0,1,1
Kraken2,default,Kraken2_default,ZymoMockD6331,ZymoMockD6331,ont,D6331_Zymo,2815358,2815358,                  Leclercia pneumoniae,Leclercia pneumoniae,species,0.0020811368109129444,abund,0.0,62,62
Kraken2,default,Kraken2_default,ZymoMockD6331,ZymoMockD6331,ont,D6331_Zymo,413497,413497,                  Cronobacter dublinensis,Cronobacter dublinensis,species,0.002316103870209567,abund,0.0,69,57
Kraken2,default,Kraken2_default,ZymoMockD6331,ZymoMockD6331,ont,D6331_Zymo,28141,28141,                  Cronobacter sakazakii,Cronobacter sakazakii,species,0.002282537147452907,abund,0.0,68,64
Kraken2,default,Kraken2_default,ZymoMockD6331,ZymoMockD6331,ont,D6331_Zymo,413503,413503,                  Cronobacter malonaticus,Cronobacter malonaticus,species,0.0018461697516163219,abund,0.0,55,51
Kraken2,default,Kraken2_default,ZymoMockD6331,ZymoMockD6331,ont,D6331_Zymo,1163710,1163710,                  Cronobacter condimenti,Cronobacter condimenti,species,0.0013426689102664156,abund,0.0,40,40
Kraken2,default,Kraken2_default,ZymoMockD6331,ZymoMockD6331,ont,D6331_Zymo,413502,413502,                  Cronobacter turicensis,Cronobacter turicensis,species,0.0006713344551332078,abund,0.0,20,20
Kraken2,default,Kraken2_default,ZymoMockD6331,ZymoMockD6331,ont,D6331_Zymo,535744,535744,                  Cronobacter universalis,Cronobacter universalis,species,0.0006713344551332078,abund,0.0,20,20
Kraken2,default,Kraken2_default,ZymoMockD6331,ZymoMockD6331,ont,D6331_Zymo,1906275,1906275,                    Cronobacter sp. JZ38,Cronobacter sp. JZ38,species,0.00016783361378330195,abund,0.0,5,5
Kraken2,default,Kraken2_default,ZymoMockD6331,ZymoMockD6331,ont,D6331_Zymo,61648,61648,                  Kluyvera intermedia,Kluyvera intermedia,species,0.0026853378205328312,abund,0.0,80,80
Kraken2,default,Kraken2_default,ZymoMockD6331,ZymoMockD6331,ont,D6331_Zymo,580,580,                  Kluyvera cryocrescens,Kluyvera cryocrescens,species,0.002215403701939586,abund,0.0,66,66
Kraken2,default,Kraken2_default,ZymoMockD6331,ZymoMockD6331,ont,D6331_Zymo,51288,51288,                  Kluyvera ascorbata,Kluyvera ascorbata,species,0.002215403701939586,abund,0.0,66,66
Kraken2,default,Kraken2_default,ZymoMockD6331,ZymoMockD6331,ont,D6331_Zymo,2725494,2725494,                  Kluyvera sichuanensis,Kluyvera sichuanensis,species,0.0016783361378330196,abund,0.0,50,50
Kraken2,default,Kraken2_default,ZymoMockD6331,ZymoMockD6331,ont,D6331_Zymo,2774055,2774055,                  Kluyvera genomosp. 3,Kluyvera genomosp. 3,species,0.00030210050480994355,abund,0.0,9,9
Kraken2,default,Kraken2_default,ZymoMockD6331,ZymoMockD6331,ont,D6331_Zymo,2873269,2873269,                    Kluyvera sp. CRP,Kluyvera sp. CRP,species,0.00013426689102664157,abund,0.0,4,4
Kraken2,default,Kraken2_default,ZymoMockD6331,ZymoMockD6331,ont,D6331_Zymo,158822,158822,                  Cedecea neteri,Cedecea neteri,species,0.004800041354202436,abund,0.0,143,143
Kraken2,default,Kraken2_default,ZymoMockD6331,ZymoMockD6331,ont,D6331_Zymo,158823,158823,                  Cedecea lapagei,Cedecea lapagei,species,0.001443369078536397,abund,0.0,43,43
Kraken2,default,Kraken2_default,ZymoMockD6331,ZymoMockD6331,ont,D6331_Zymo,2545798,2545798,                    Cedecea sp. FDAARGOS_727,Cedecea sp. FDAARGOS_727,species,0.00030210050480994355,abund,0.0,9,9
Kraken2,default,Kraken2_default,ZymoMockD6331,ZymoMockD6331,ont,D6331_Zymo,158484,158484,                  Cedecea davisae,Cedecea davisae,species,0.00023496705929662275,abund,0.0,7,7
Kraken2,default,Kraken2_default,ZymoMockD6331,ZymoMockD6331,ont,D6331_Zymo,3110110,3110110,                    Lelliottia sp. JS-SCA-14,Lelliottia sp. JS-SCA-14,species,0.0016447694150763593,abund,0.0,49,49
Kraken2,default,Kraken2_default,ZymoMockD6331,ZymoMockD6331,ont,D6331_Zymo,2153385,2153385,                    Lelliottia sp. WB101,Lelliottia sp. WB101,species,0.0005370675641065663,abund,0.0,16,16
Kraken2,default,Kraken2_default,ZymoMockD6331,ZymoMockD6331,ont,D6331_Zymo,2067959,2067959,                    Lelliottia sp. AC1,Lelliottia sp. AC1,species,0.00043636739583658514,abund,0.0,13,13
Kraken2,default,Kraken2_default,ZymoMockD6331,ZymoMockD6331,ont,D6331_Zymo,61646,61646,                  Lelliottia amnigena,Lelliottia amnigena,species,0.0026853378205328312,abund,0.0,80,80
Kraken2,default,Kraken2_default,ZymoMockD6331,ZymoMockD6331,ont,D6331_Zymo,69220,69220,                  Lelliottia nimipressuralis,Lelliottia nimipressuralis,species,0.0003356672275666039,abund,0.0,10,10
Kraken2,default,Kraken2_default,ZymoMockD6331,ZymoMockD6331,ont,D6331_Zymo,1398493,1398493,                  Pseudocitrobacter faecalis,Pseudocitrobacter faecalis,species,0.0027524712660461524,abund,0.0,82,82
Kraken2,default,Kraken2_default,ZymoMockD6331,ZymoMockD6331,ont,D6331_Zymo,2891570,2891570,                  Pseudocitrobacter corydidari,Pseudocitrobacter corydidari,species,0.002718904543289492,abund,0.0,81,81
Kraken2,default,Kraken2_default,ZymoMockD6331,ZymoMockD6331,ont,D6331_Zymo,82977,82977,                  Buttiauxella agrestis,Buttiauxella agrestis,species,0.0010070016826998118,abund,0.0,30,30
Kraken2,default,Kraken2_default,ZymoMockD6331,ZymoMockD6331,ont,D6331_Zymo,2986951,2986951,                    Buttiauxella sp. WJP83,Buttiauxella sp. WJP83,species,0.0009063015144298305,abund,0.0,27,27
Kraken2,default,Kraken2_default,ZymoMockD6331,ZymoMockD6331,ont,D6331_Zymo,3073902,3073902,                  Buttiauxella selenatireducens,Buttiauxella selenatireducens,species,0.0008056013461598495,abund,0.0,24,24
Kraken2,default,Kraken2_default,ZymoMockD6331,ZymoMockD6331,ont,D6331_Zymo,82989,82989,                  Buttiauxella ferragutiae,Buttiauxella ferragutiae,species,0.0003692339503232643,abund,0.0,11,11
Kraken2,default,Kraken2_default,ZymoMockD6331,ZymoMockD6331,ont,D6331_Zymo,1334193,1334193,                  [Enterobacter] lignolyticus,[Enterobacter] lignolyticus,species,0.002618204375019511,abund,0.0,78,59
Kraken2,default,Kraken2_default,ZymoMockD6331,ZymoMockD6331,ont,D6331_Zymo,61647,61647,                  Pluralibacter gergoviae,Pluralibacter gergoviae,species,0.0025175042067495297,abund,0.0,75,75
Kraken2,default,Kraken2_default,ZymoMockD6331,ZymoMockD6331,ont,D6331_Zymo,3376142,3376142,                    Superficieibacter sp. BNK-5,Superficieibacter sp. BNK-5,species,0.001611202692319699,abund,0.0,48,48
Kraken2,default,Kraken2_default,ZymoMockD6331,ZymoMockD6331,ont,D6331_Zymo,3031919,3031919,                    Superficieibacter sp. HKU1,Superficieibacter sp. HKU1,species,0.0015776359695630383,abund,0.0,47,47
Kraken2,default,Kraken2_default,ZymoMockD6331,ZymoMockD6331,ont,D6331_Zymo,379893,379893,                  Trabulsiella odontotermitis,Trabulsiella odontotermitis,species,0.0042629737900958704,abund,0.0,127,127
Kraken2,default,Kraken2_default,ZymoMockD6331,ZymoMockD6331,ont,D6331_Zymo,2579935,2579935,                  Jejubacter calystegiae,Jejubacter calystegiae,species,0.0039273065625292656,abund,0.0,117,117
Kraken2,default,Kraken2_default,ZymoMockD6331,ZymoMockD6331,ont,D6331_Zymo,565,565,                  Atlantibacter hermannii,Atlantibacter hermannii,species,0.0025175042067495297,abund,0.0,75,75
Kraken2,default,Kraken2_default,ZymoMockD6331,ZymoMockD6331,ont,D6331_Zymo,255519,255519,                  Atlantibacter subterraneus,Atlantibacter subterraneus,species,0.000939868237186491,abund,0.0,28,28
Kraken2,default,Kraken2_default,ZymoMockD6331,ZymoMockD6331,ont,D6331_Zymo,1972431,1972431,                  Phytobacter ursingii,Phytobacter ursingii,species,0.00171190286058968,abund,0.0,51,51
Kraken2,default,Kraken2_default,ZymoMockD6331,ZymoMockD6331,ont,D6331_Zymo,395631,395631,                  Phytobacter diazotrophicus,Phytobacter diazotrophicus,species,0.00030210050480994355,abund,0.0,9,9
Kraken2,default,Kraken2_default,ZymoMockD6331,ZymoMockD6331,ont,D6331_Zymo,1756993,1756993,                    Phytobacter sp. SCO41,Phytobacter sp. SCO41,species,0.00020140033653996236,abund,0.0,6,6
Kraken2,default,Kraken2_default,ZymoMockD6331,ZymoMockD6331,ont,D6331_Zymo,1505757,1505757,                  Siccibacter colletis,Siccibacter colletis,species,0.0029538716025861145,abund,0.0,88,88
Kraken2,default,Kraken2_default,ZymoMockD6331,ZymoMockD6331,ont,D6331_Zymo,2871826,2871826,                      Symbiopectobacterium purcellii,Symbiopectobacterium purcellii,species,0.000939868237186491,abund,0.0,28,28
Kraken2,default,Kraken2_default,ZymoMockD6331,ZymoMockD6331,ont,D6331_Zymo,138072,138072,                        Candidatus Hamiltonella defensa,Candidatus Hamiltonella defensa,species,0.0003692339503232643,abund,0.0,11,10
Kraken2,default,Kraken2_default,ZymoMockD6331,ZymoMockD6331,ont,D6331_Zymo,3077956,3077956,                          Candidatus Regiella endosymbiont of Tuberolachnus salignus,Candidatus Regiella endosymbiont of Tuberolachnus salignus,species,0.00023496705929662275,abund,0.0,7,7
Kraken2,default,Kraken2_default,ZymoMockD6331,ZymoMockD6331,ont,D6331_Zymo,1199245,1199245,                      secondary endosymbiont of Ctenarytaina eucalypti,secondary endosymbiont of Ctenarytaina eucalypti,species,6.713344551332078e-05,abund,0.0,2,2
Kraken2,default,Kraken2_default,ZymoMockD6331,ZymoMockD6331,ont,D6331_Zymo,3118169,3118169,                          Candidatus Blochmannia sp. SNP,Candidatus Blochmannia sp. SNP,species,0.00010070016826998118,abund,0.0,3,3
Kraken2,default,Kraken2_default,ZymoMockD6331,ZymoMockD6331,ont,D6331_Zymo,700220,700220,                          Blochmannia endosymbiont of Camponotus sp.,Blochmannia endosymbiont of Camponotus sp.,species,6.713344551332078e-05,abund,0.0,2,2
Kraken2,default,Kraken2_default,ZymoMockD6331,ZymoMockD6331,ont,D6331_Zymo,2681987,2681987,                          Blochmannia endosymbiont of Colobopsis nipponica,Blochmannia endosymbiont of Colobopsis nipponica,species,6.713344551332078e-05,abund,0.0,2,2
Kraken2,default,Kraken2_default,ZymoMockD6331,ZymoMockD6331,ont,D6331_Zymo,1505596,1505596,                          Blochmannia endosymbiont of Polyrhachis (Hedomyrma) turneri,Blochmannia endosymbiont of Polyrhachis (Hedomyrma) turneri,species,3.356672275666039e-05,abund,0.0,1,1
Kraken2,default,Kraken2_default,ZymoMockD6331,ZymoMockD6331,ont,D6331_Zymo,1505597,1505597,                          Blochmannia endosymbiont of Camponotus (Colobopsis) obliquus,Blochmannia endosymbiont of Camponotus (Colobopsis) obliquus,species,3.356672275666039e-05,abund,0.0,1,1
Kraken2,default,Kraken2_default,ZymoMockD6331,ZymoMockD6331,ont,D6331_Zymo,2945587,2945587,                          Blochmannia endosymbiont of Camponotus modoc,Blochmannia endosymbiont of Camponotus modoc,species,3.356672275666039e-05,abund,0.0,1,1
Kraken2,default,Kraken2_default,ZymoMockD6331,ZymoMockD6331,ont,D6331_Zymo,101534,101534,                        Candidatus Blochmanniella pennsylvanica,Candidatus Blochmanniella pennsylvanica,species,3.356672275666039e-05,abund,0.0,1,1
Kraken2,default,Kraken2_default,ZymoMockD6331,ZymoMockD6331,ont,D6331_Zymo,251535,251535,                        Candidatus Blochmanniella vafra,Candidatus Blochmanniella vafra,species,3.356672275666039e-05,abund,0.0,1,0
Kraken2,default,Kraken2_default,ZymoMockD6331,ZymoMockD6331,ont,D6331_Zymo,251538,251538,                        Candidatus Blochmannia ocreatus (nom. nud.),Candidatus Blochmannia ocreatus (nom. nud.),species,3.356672275666039e-05,abund,0.0,1,1
Kraken2,default,Kraken2_default,ZymoMockD6331,ZymoMockD6331,ont,D6331_Zymo,1778262,1778262,                      Candidatus Doolittlea endobia,Candidatus Doolittlea endobia,species,0.00023496705929662275,abund,0.0,7,7
Kraken2,default,Kraken2_default,ZymoMockD6331,ZymoMockD6331,ont,D6331_Zymo,1778263,1778263,                      Candidatus Hoaglandella endobia,Candidatus Hoaglandella endobia,species,0.00020140033653996236,abund,0.0,6,6
Kraken2,default,Kraken2_default,ZymoMockD6331,ZymoMockD6331,ont,D6331_Zymo,1345117,1345117,                      Candidatus Annandia pinicola,Candidatus Annandia pinicola,species,0.00013426689102664157,abund,0.0,4,4
Kraken2,default,Kraken2_default,ZymoMockD6331,ZymoMockD6331,ont,D6331_Zymo,472834,472834,                      Candidatus Purcelliella pentastirinorum,Candidatus Purcelliella pentastirinorum,species,0.00010070016826998118,abund,0.0,3,3
Kraken2,default,Kraken2_default,ZymoMockD6331,ZymoMockD6331,ont,D6331_Zymo,158877,158877,                  Yokenella regensburgei,Yokenella regensburgei,species,0.0025175042067495297,abund,0.0,75,75
Kraken2,default,Kraken2_default,ZymoMockD6331,ZymoMockD6331,ont,D6331_Zymo,1851514,1851514,                  Scandinavium goeteborgense,Scandinavium goeteborgense,species,0.002383237315722888,abund,0.0,71,71
Kraken2,default,Kraken2_default,ZymoMockD6331,ZymoMockD6331,ont,D6331_Zymo,566,566,                  Pseudescherichia vulneris,Pseudescherichia vulneris,species,0.0020475700881562838,abund,0.0,61,61
Kraken2,default,Kraken2_default,ZymoMockD6331,ZymoMockD6331,ont,D6331_Zymo,563,563,                  Shimwellia blattae,Shimwellia blattae,species,0.0019468699198863027,abund,0.0,58,58
Kraken2,default,Kraken2_default,ZymoMockD6331,ZymoMockD6331,ont,D6331_Zymo,2047724,2047724,                  Franconibacter daqui,Franconibacter daqui,species,0.0016783361378330196,abund,0.0,50,50
Kraken2,default,Kraken2_default,ZymoMockD6331,ZymoMockD6331,ont,D6331_Zymo,1691903,1691903,                  Mangrovibacter phragmitis,Mangrovibacter phragmitis,species,0.001544069246806378,abund,0.0,46,46
Kraken2,default,Kraken2_default,ZymoMockD6331,ZymoMockD6331,ont,D6331_Zymo,703,703,                  Plesiomonas shigelloides,Plesiomonas shigelloides,species,0.0011412685737264535,abund,0.0,34,34
Kraken2,default,Kraken2_default,ZymoMockD6331,ZymoMockD6331,ont,D6331_Zymo,1177216,1177216,                  Candidatus Profftia tarda,Candidatus Profftia tarda,species,0.00026853378205328313,abund,0.0,8,8
Kraken2,default,Kraken2_default,ZymoMockD6331,ZymoMockD6331,ont,D6331_Zymo,2864218,2864218,                    Candidatus Profftia sp. (ex Adelges kitamiensis),Candidatus Profftia sp. (ex Adelges kitamiensis),species,0.00016783361378330195,abund,0.0,5,5
Kraken2,default,Kraken2_default,ZymoMockD6331,ZymoMockD6331,ont,D6331_Zymo,2675791,2675791,                  Enterobacteriaceae endosymbiont of Macroplea mutica,Enterobacteriaceae endosymbiont of Macroplea mutica,species,3.356672275666039e-05,abund,0.0,1,1
Kraken2,default,Kraken2_default,ZymoMockD6331,ZymoMockD6331,ont,D6331_Zymo,2675790,2675790,                  Enterobacteriaceae endosymbiont of Macroplea appendiculata,Enterobacteriaceae endosymbiont of Macroplea appendiculata,species,3.356672275666039e-05,abund,0.0,1,1
Kraken2,default,Kraken2_default,ZymoMockD6331,ZymoMockD6331,ont,D6331_Zymo,2675781,2675781,                  Enterobacteriaceae endosymbiont of Donacia provostii,Enterobacteriaceae endosymbiont of Donacia provostii,species,3.356672275666039e-05,abund,0.0,1,1
Kraken2,default,Kraken2_default,ZymoMockD6331,ZymoMockD6331,ont,D6331_Zymo,428411,428411,                  Candidatus Riesia pediculischaeffi,Candidatus Riesia pediculischaeffi,species,6.713344551332078e-05,abund,0.0,2,2
Kraken2,default,Kraken2_default,ZymoMockD6331,ZymoMockD6331,ont,D6331_Zymo,401619,401619,                  Candidatus Riesia pediculicola,Candidatus Riesia pediculicola,species,3.356672275666039e-05,abund,0.0,1,1
Kraken2,default,Kraken2_default,ZymoMockD6331,ZymoMockD6331,ont,D6331_Zymo,1048758,1048758,                  Candidatus Moranella endobia,Candidatus Moranella endobia,species,6.713344551332078e-05,abund,0.0,2,2
Kraken2,default,Kraken2_default,ZymoMockD6331,ZymoMockD6331,ont,D6331_Zymo,690594,690594,                  Candidatus Curculioniphilus buchneri,Candidatus Curculioniphilus buchneri,species,6.713344551332078e-05,abund,0.0,2,0
Kraken2,default,Kraken2_default,ZymoMockD6331,ZymoMockD6331,ont,D6331_Zymo,168169,168169,                  Candidatus Ishikawella capsulata,Candidatus Ishikawella capsulata,species,3.356672275666039e-05,abund,0.0,1,0
Kraken2,default,Kraken2_default,ZymoMockD6331,ZymoMockD6331,ont,D6331_Zymo,584,584,                  Proteus mirabilis,Proteus mirabilis,species,0.001779036306103001,abund,0.0,53,53
Kraken2,default,Kraken2_default,ZymoMockD6331,ZymoMockD6331,ont,D6331_Zymo,585,585,                  Proteus vulgaris,Proteus vulgaris,species,0.00020140033653996236,abund,0.0,6,6
Kraken2,default,Kraken2_default,ZymoMockD6331,ZymoMockD6331,ont,D6331_Zymo,102862,102862,                  Proteus penneri,Proteus penneri,species,0.00010070016826998118,abund,0.0,3,3
Kraken2,default,Kraken2_default,ZymoMockD6331,ZymoMockD6331,ont,D6331_Zymo,1574161,1574161,                  Proteus terrae,Proteus terrae,species,6.713344551332078e-05,abund,0.0,2,2
Kraken2,default,Kraken2_default,ZymoMockD6331,ZymoMockD6331,ont,D6331_Zymo,1987580,1987580,                  Proteus columbae,Proteus columbae,species,6.713344551332078e-05,abund,0.0,2,2
Kraken2,default,Kraken2_default,ZymoMockD6331,ZymoMockD6331,ont,D6331_Zymo,126385,126385,                  Providencia alcalifaciens,Providencia alcalifaciens,species,0.00030210050480994355,abund,0.0,9,9
Kraken2,default,Kraken2_default,ZymoMockD6331,ZymoMockD6331,ont,D6331_Zymo,3015951,3015951,                    Providencia sp. 21OH12SH02B-Prov,Providencia sp. 21OH12SH02B-Prov,species,3.356672275666039e-05,abund,0.0,1,1
Kraken2,default,Kraken2_default,ZymoMockD6331,ZymoMockD6331,ont,D6331_Zymo,2936786,2936786,                    Providencia sp. PROV101,Providencia sp. PROV101,species,3.356672275666039e-05,abund,0.0,1,1
Kraken2,default,Kraken2_default,ZymoMockD6331,ZymoMockD6331,ont,D6331_Zymo,2828763,2828763,                    Providencia sp. R33,Providencia sp. R33,species,3.356672275666039e-05,abund,0.0,1,1
Kraken2,default,Kraken2_default,ZymoMockD6331,ZymoMockD6331,ont,D6331_Zymo,2936798,2936798,                    Providencia sp. PROV236,Providencia sp. PROV236,species,3.356672275666039e-05,abund,0.0,1,1
Kraken2,default,Kraken2_default,ZymoMockD6331,ZymoMockD6331,ont,D6331_Zymo,2949758,2949758,                    Providencia sp. PROV024,Providencia sp. PROV024,species,3.356672275666039e-05,abund,0.0,1,1
Kraken2,default,Kraken2_default,ZymoMockD6331,ZymoMockD6331,ont,D6331_Zymo,2939731,2939731,                    Providencia sp. PROV188,Providencia sp. PROV188,species,3.356672275666039e-05,abund,0.0,1,1
Kraken2,default,Kraken2_default,ZymoMockD6331,ZymoMockD6331,ont,D6331_Zymo,158850,158850,                  Providencia rustigianii,Providencia rustigianii,species,6.713344551332078e-05,abund,0.0,2,2
Kraken2,default,Kraken2_default,ZymoMockD6331,ZymoMockD6331,ont,D6331_Zymo,588,588,                  Providencia stuartii,Providencia stuartii,species,3.356672275666039e-05,abund,0.0,1,1
Kraken2,default,Kraken2_default,ZymoMockD6331,ZymoMockD6331,ont,D6331_Zymo,516075,516075,                  Providencia sneebia,Providencia sneebia,species,3.356672275666039e-05,abund,0.0,1,0
Kraken2,default,Kraken2_default,ZymoMockD6331,ZymoMockD6331,ont,D6331_Zymo,582,582,                  Morganella morganii,Morganella morganii,species,0.0003692339503232643,abund,0.0,11,9
Kraken2,default,Kraken2_default,ZymoMockD6331,ZymoMockD6331,ont,D6331_Zymo,638,638,                  Arsenophonus nasoniae,Arsenophonus nasoniae,species,0.00013426689102664157,abund,0.0,4,4
Kraken2,default,Kraken2_default,ZymoMockD6331,ZymoMockD6331,ont,D6331_Zymo,634121,634121,                    Arsenophonus symbiont of Ornithomya chloropus,Arsenophonus symbiont of Ornithomya chloropus,species,3.356672275666039e-05,abund,0.0,1,1
Kraken2,default,Kraken2_default,ZymoMockD6331,ZymoMockD6331,ont,D6331_Zymo,3041619,3041619,                    Arsenophonus sp. aPb,Arsenophonus sp. aPb,species,3.356672275666039e-05,abund,0.0,1,1
Kraken2,default,Kraken2_default,ZymoMockD6331,ZymoMockD6331,ont,D6331_Zymo,628,628,                  Xenorhabdus nematophila,Xenorhabdus nematophila,species,0.00010070016826998118,abund,0.0,3,3
Kraken2,default,Kraken2_default,ZymoMockD6331,ZymoMockD6331,ont,D6331_Zymo,3026967,3026967,                    Xenorhabdus sp. SF857,Xenorhabdus sp. SF857,species,3.356672275666039e-05,abund,0.0,1,1
Kraken2,default,Kraken2_default,ZymoMockD6331,ZymoMockD6331,ont,D6331_Zymo,3130166,3130166,                    Xenorhabdus sp. TH1,Xenorhabdus sp. TH1,species,3.356672275666039e-05,abund,0.0,1,1
Kraken2,default,Kraken2_default,ZymoMockD6331,ZymoMockD6331,ont,D6331_Zymo,290110,290110,                  Xenorhabdus budapestensis,Xenorhabdus budapestensis,species,3.356672275666039e-05,abund,0.0,1,1
Kraken2,default,Kraken2_default,ZymoMockD6331,ZymoMockD6331,ont,D6331_Zymo,171438,171438,                  Photorhabdus akhurstii,Photorhabdus akhurstii,species,6.713344551332078e-05,abund,0.0,2,2
Kraken2,default,Kraken2_default,ZymoMockD6331,ZymoMockD6331,ont,D6331_Zymo,291112,291112,                  Photorhabdus asymbiotica,Photorhabdus asymbiotica,species,3.356672275666039e-05,abund,0.0,1,1
Kraken2,default,Kraken2_default,ZymoMockD6331,ZymoMockD6331,ont,D6331_Zymo,158849,158849,                  Moellerella wisconsensis,Moellerella wisconsensis,species,6.713344551332078e-05,abund,0.0,2,2
Kraken2,default,Kraken2_default,ZymoMockD6331,ZymoMockD6331,ont,D6331_Zymo,9,9,                  Buchnera aphidicola,Buchnera aphidicola,species,0.0019468699198863027,abund,0.0,58,9
Kraken2,default,Kraken2_default,ZymoMockD6331,ZymoMockD6331,ont,D6331_Zymo,3039407,3039407,                    Erwinia sp. E_sp_W01_1,Erwinia sp. E_sp_W01_1,species,6.713344551332078e-05,abund,0.0,2,2
Kraken2,default,Kraken2_default,ZymoMockD6331,ZymoMockD6331,ont,D6331_Zymo,3039408,3039408,                    Erwinia sp. E_sp_W01_6,Erwinia sp. E_sp_W01_6,species,3.356672275666039e-05,abund,0.0,1,1
Kraken2,default,Kraken2_default,ZymoMockD6331,ZymoMockD6331,ont,D6331_Zymo,1922217,1922217,                  Candidatus Erwinia haradaeae,Candidatus Erwinia haradaeae,species,0.00030210050480994355,abund,0.0,9,9
Kraken2,default,Kraken2_default,ZymoMockD6331,ZymoMockD6331,ont,D6331_Zymo,552,552,                  Erwinia amylovora,Erwinia amylovora,species,0.00020140033653996236,abund,0.0,6,6
Kraken2,default,Kraken2_default,ZymoMockD6331,ZymoMockD6331,ont,D6331_Zymo,79967,79967,                  Erwinia pyrifoliae,Erwinia pyrifoliae,species,0.00013426689102664157,abund,0.0,4,4
Kraken2,default,Kraken2_default,ZymoMockD6331,ZymoMockD6331,ont,D6331_Zymo,65700,65700,                  Erwinia tracheiphila,Erwinia tracheiphila,species,3.356672275666039e-05,abund,0.0,1,1
Kraken2,default,Kraken2_default,ZymoMockD6331,ZymoMockD6331,ont,D6331_Zymo,2681984,2681984,                  Erwinia sorbitola,Erwinia sorbitola,species,3.356672275666039e-05,abund,0.0,1,1
Kraken2,default,Kraken2_default,ZymoMockD6331,ZymoMockD6331,ont,D6331_Zymo,549,549,                    Pantoea agglomerans,Pantoea agglomerans,species,0.00026853378205328313,abund,0.0,8,8
Kraken2,default,Kraken2_default,ZymoMockD6331,ZymoMockD6331,ont,D6331_Zymo,3141541,3141541,                    Pantoea sp. BRR-3P,Pantoea sp. BRR-3P,species,3.356672275666039e-05,abund,0.0,1,1
Kraken2,default,Kraken2_default,ZymoMockD6331,ZymoMockD6331,ont,D6331_Zymo,2490851,2490851,                    Pantoea sp. CCBC3-3-1,Pantoea sp. CCBC3-3-1,species,3.356672275666039e-05,abund,0.0,1,1
Kraken2,default,Kraken2_default,ZymoMockD6331,ZymoMockD6331,ont,D6331_Zymo,3141540,3141540,                    Pantoea sp. MBD-2R,Pantoea sp. MBD-2R,species,3.356672275666039e-05,abund,0.0,1,1
Kraken2,default,Kraken2_default,ZymoMockD6331,ZymoMockD6331,ont,D6331_Zymo,3028622,3028622,                    Pantoea sp. Lij88,Pantoea sp. Lij88,species,3.356672275666039e-05,abund,0.0,1,1
Kraken2,default,Kraken2_default,ZymoMockD6331,ZymoMockD6331,ont,D6331_Zymo,3019892,3019892,                    Pantoea sp. S18,Pantoea sp. S18,species,3.356672275666039e-05,abund,0.0,1,1
Kraken2,default,Kraken2_default,ZymoMockD6331,ZymoMockD6331,ont,D6331_Zymo,2052056,2052056,                  Pantoea phytobeneficialis,Pantoea phytobeneficialis,species,0.00013426689102664157,abund,0.0,4,4
Kraken2,default,Kraken2_default,ZymoMockD6331,ZymoMockD6331,ont,D6331_Zymo,55209,55209,                  Pantoea cypripedii,Pantoea cypripedii,species,0.00010070016826998118,abund,0.0,3,3
Kraken2,default,Kraken2_default,ZymoMockD6331,ZymoMockD6331,ont,D6331_Zymo,1076550,1076550,                  Pantoea rwandensis,Pantoea rwandensis,species,6.713344551332078e-05,abund,0.0,2,2
Kraken2,default,Kraken2_default,ZymoMockD6331,ZymoMockD6331,ont,D6331_Zymo,553,553,                  Pantoea ananatis,Pantoea ananatis,species,6.713344551332078e-05,abund,0.0,2,2
Kraken2,default,Kraken2_default,ZymoMockD6331,ZymoMockD6331,ont,D6331_Zymo,470932,470932,                  Pantoea deleyi,Pantoea deleyi,species,6.713344551332078e-05,abund,0.0,2,2
Kraken2,default,Kraken2_default,ZymoMockD6331,ZymoMockD6331,ont,D6331_Zymo,59814,59814,                  Pantoea dispersa,Pantoea dispersa,species,6.713344551332078e-05,abund,0.0,2,2
Kraken2,default,Kraken2_default,ZymoMockD6331,ZymoMockD6331,ont,D6331_Zymo,66269,66269,                  Pantoea stewartii,Pantoea stewartii,species,3.356672275666039e-05,abund,0.0,1,1
Kraken2,default,Kraken2_default,ZymoMockD6331,ZymoMockD6331,ont,D6331_Zymo,3074822,3074822,                  Pantoea alfalfae,Pantoea alfalfae,species,3.356672275666039e-05,abund,0.0,1,1
Kraken2,default,Kraken2_default,ZymoMockD6331,ZymoMockD6331,ont,D6331_Zymo,53336,53336,                  Tatumella citrea,Tatumella citrea,species,0.00010070016826998118,abund,0.0,3,3
Kraken2,default,Kraken2_default,ZymoMockD6331,ZymoMockD6331,ont,D6331_Zymo,665914,665914,                  Mixta gaviniae,Mixta gaviniae,species,3.356672275666039e-05,abund,0.0,1,1
Kraken2,default,Kraken2_default,ZymoMockD6331,ZymoMockD6331,ont,D6331_Zymo,1326752,1326752,                    Dickeya sp. CFBP 1272,Dickeya sp. CFBP 1272,species,3.356672275666039e-05,abund,0.0,1,1
Kraken2,default,Kraken2_default,ZymoMockD6331,ZymoMockD6331,ont,D6331_Zymo,3122209,3122209,                    Dickeya sp. A6137,Dickeya sp. A6137,species,3.356672275666039e-05,abund,0.0,1,1
Kraken2,default,Kraken2_default,ZymoMockD6331,ZymoMockD6331,ont,D6331_Zymo,3122210,3122210,                    Dickeya sp. A5611,Dickeya sp. A5611,species,3.356672275666039e-05,abund,0.0,1,1
Kraken2,default,Kraken2_default,ZymoMockD6331,ZymoMockD6331,ont,D6331_Zymo,556,556,                  Dickeya chrysanthemi,Dickeya chrysanthemi,species,0.00010070016826998118,abund,0.0,3,3
Kraken2,default,Kraken2_default,ZymoMockD6331,ZymoMockD6331,ont,D6331_Zymo,204038,204038,                  Dickeya dadantii,Dickeya dadantii,species,6.713344551332078e-05,abund,0.0,2,2
Kraken2,default,Kraken2_default,ZymoMockD6331,ZymoMockD6331,ont,D6331_Zymo,204042,204042,                  Dickeya zeae,Dickeya zeae,species,6.713344551332078e-05,abund,0.0,2,2
Kraken2,default,Kraken2_default,ZymoMockD6331,ZymoMockD6331,ont,D6331_Zymo,1089444,1089444,                  Dickeya solani,Dickeya solani,species,3.356672275666039e-05,abund,0.0,1,1
Kraken2,default,Kraken2_default,ZymoMockD6331,ZymoMockD6331,ont,D6331_Zymo,2259638,2259638,                  Dickeya lacustris,Dickeya lacustris,species,3.356672275666039e-05,abund,0.0,1,1
Kraken2,default,Kraken2_default,ZymoMockD6331,ZymoMockD6331,ont,D6331_Zymo,554,554,                  Pectobacterium carotovorum,Pectobacterium carotovorum,species,0.00016783361378330195,abund,0.0,5,3
Kraken2,default,Kraken2_default,ZymoMockD6331,ZymoMockD6331,ont,D6331_Zymo,2488639,2488639,                  Pectobacterium versatile,Pectobacterium versatile,species,6.713344551332078e-05,abund,0.0,2,2
Kraken2,default,Kraken2_default,ZymoMockD6331,ZymoMockD6331,ont,D6331_Zymo,2485124,2485124,                  Pectobacterium polonicum,Pectobacterium polonicum,species,6.713344551332078e-05,abund,0.0,2,2
Kraken2,default,Kraken2_default,ZymoMockD6331,ZymoMockD6331,ont,D6331_Zymo,29471,29471,                  Pectobacterium atrosepticum,Pectobacterium atrosepticum,species,3.356672275666039e-05,abund,0.0,1,1
Kraken2,default,Kraken2_default,ZymoMockD6331,ZymoMockD6331,ont,D6331_Zymo,69221,69221,                  Pectobacterium cacticida,Pectobacterium cacticida,species,3.356672275666039e-05,abund,0.0,1,1
Kraken2,default,Kraken2_default,ZymoMockD6331,ZymoMockD6331,ont,D6331_Zymo,2878098,2878098,                  Pectobacterium colocasium,Pectobacterium colocasium,species,3.356672275666039e-05,abund,0.0,1,1
Kraken2,default,Kraken2_default,ZymoMockD6331,ZymoMockD6331,ont,D6331_Zymo,180957,180957,                  Pectobacterium brasiliense,Pectobacterium brasiliense,species,3.356672275666039e-05,abund,0.0,1,1
Kraken2,default,Kraken2_default,ZymoMockD6331,ZymoMockD6331,ont,D6331_Zymo,2034769,2034769,                  Pectobacterium zantedeschiae,Pectobacterium zantedeschiae,species,3.356672275666039e-05,abund,0.0,1,1
Kraken2,default,Kraken2_default,ZymoMockD6331,ZymoMockD6331,ont,D6331_Zymo,2108399,2108399,                  Pectobacterium punjabense,Pectobacterium punjabense,species,3.356672275666039e-05,abund,0.0,1,1
Kraken2,default,Kraken2_default,ZymoMockD6331,ZymoMockD6331,ont,D6331_Zymo,55213,55213,                  Brenneria rubrifaciens,Brenneria rubrifaciens,species,3.356672275666039e-05,abund,0.0,1,1
Kraken2,default,Kraken2_default,ZymoMockD6331,ZymoMockD6331,ont,D6331_Zymo,104623,104623,                  Prodigiosinella confusarubida,Prodigiosinella confusarubida,species,3.356672275666039e-05,abund,0.0,1,1
Kraken2,default,Kraken2_default,ZymoMockD6331,ZymoMockD6331,ont,D6331_Zymo,61652,61652,                  Serratia rubidaea,Serratia rubidaea,species,6.713344551332078e-05,abund,0.0,2,2
Kraken2,default,Kraken2_default,ZymoMockD6331,ZymoMockD6331,ont,D6331_Zymo,615,615,                  Serratia marcescens,Serratia marcescens,species,3.356672275666039e-05,abund,0.0,1,1
Kraken2,default,Kraken2_default,ZymoMockD6331,ZymoMockD6331,ont,D6331_Zymo,618,618,                  Serratia odorifera,Serratia odorifera,species,3.356672275666039e-05,abund,0.0,1,1
Kraken2,default,Kraken2_default,ZymoMockD6331,ZymoMockD6331,ont,D6331_Zymo,47917,47917,                  Serratia fonticola,Serratia fonticola,species,3.356672275666039e-05,abund,0.0,1,1
Kraken2,default,Kraken2_default,ZymoMockD6331,ZymoMockD6331,ont,D6331_Zymo,3376147,3376147,                    Serratia sp. BNK-10,Serratia sp. BNK-10,species,3.356672275666039e-05,abund,0.0,1,1
Kraken2,default,Kraken2_default,ZymoMockD6331,ZymoMockD6331,ont,D6331_Zymo,138074,138074,                  Serratia symbiotica,Serratia symbiotica,species,3.356672275666039e-05,abund,0.0,1,1
Kraken2,default,Kraken2_default,ZymoMockD6331,ZymoMockD6331,ont,D6331_Zymo,632,632,                    Yersinia pestis,Yersinia pestis,species,0.00010070016826998118,abund,0.0,3,2
Kraken2,default,Kraken2_default,ZymoMockD6331,ZymoMockD6331,ont,D6331_Zymo,633,633,                    Yersinia pseudotuberculosis,Yersinia pseudotuberculosis,species,6.713344551332078e-05,abund,0.0,2,2
Kraken2,default,Kraken2_default,ZymoMockD6331,ZymoMockD6331,ont,D6331_Zymo,29486,29486,                  Yersinia ruckeri,Yersinia ruckeri,species,6.713344551332078e-05,abund,0.0,2,2
Kraken2,default,Kraken2_default,ZymoMockD6331,ZymoMockD6331,ont,D6331_Zymo,2890317,2890317,                  Yersinia alsatica,Yersinia alsatica,species,3.356672275666039e-05,abund,0.0,1,1
Kraken2,default,Kraken2_default,ZymoMockD6331,ZymoMockD6331,ont,D6331_Zymo,29483,29483,                  Yersinia aldovae,Yersinia aldovae,species,3.356672275666039e-05,abund,0.0,1,0
Kraken2,default,Kraken2_default,ZymoMockD6331,ZymoMockD6331,ont,D6331_Zymo,2607663,2607663,                  Yersinia canariae,Yersinia canariae,species,3.356672275666039e-05,abund,0.0,1,1
Kraken2,default,Kraken2_default,ZymoMockD6331,ZymoMockD6331,ont,D6331_Zymo,1604335,1604335,                  Yersinia rochesterensis,Yersinia rochesterensis,species,3.356672275666039e-05,abund,0.0,1,1
Kraken2,default,Kraken2_default,ZymoMockD6331,ZymoMockD6331,ont,D6331_Zymo,1639108,1639108,                  Chania multitudinisentens,Chania multitudinisentens,species,0.00020140033653996236,abund,0.0,6,0
Kraken2,default,Kraken2_default,ZymoMockD6331,ZymoMockD6331,ont,D6331_Zymo,58169,58169,                  Rahnella inusitata,Rahnella inusitata,species,3.356672275666039e-05,abund,0.0,1,1
Kraken2,default,Kraken2_default,ZymoMockD6331,ZymoMockD6331,ont,D6331_Zymo,929813,929813,                  Gibbsiella quercinecans,Gibbsiella quercinecans,species,3.356672275666039e-05,abund,0.0,1,1
Kraken2,default,Kraken2_default,ZymoMockD6331,ZymoMockD6331,ont,D6331_Zymo,2994492,2994492,                  Candidatus Fukatsuia anoeciicola,Candidatus Fukatsuia anoeciicola,species,3.356672275666039e-05,abund,0.0,1,1
Kraken2,default,Kraken2_default,ZymoMockD6331,ZymoMockD6331,ont,D6331_Zymo,2126321,2126321,                    Nissabacter sp. SGAir0207,Nissabacter sp. SGAir0207,species,3.356672275666039e-05,abund,0.0,1,1
Kraken2,default,Kraken2_default,ZymoMockD6331,ZymoMockD6331,ont,D6331_Zymo,1898979,1898979,                    Sodalis sp. (in: enterobacteria),Sodalis sp. (in: enterobacteria),species,0.00010070016826998118,abund,0.0,3,3
Kraken2,default,Kraken2_default,ZymoMockD6331,ZymoMockD6331,ont,D6331_Zymo,1929246,1929246,                    Sodalis endosymbiont of Henestaris halophilus,Sodalis endosymbiont of Henestaris halophilus,species,3.356672275666039e-05,abund,0.0,1,1
Kraken2,default,Kraken2_default,ZymoMockD6331,ZymoMockD6331,ont,D6331_Zymo,63612,63612,                  Sodalis glossinidius,Sodalis glossinidius,species,3.356672275666039e-05,abund,0.0,1,1
Kraken2,default,Kraken2_default,ZymoMockD6331,ZymoMockD6331,ont,D6331_Zymo,1239307,1239307,                  Sodalis praecaptivus,Sodalis praecaptivus,species,3.356672275666039e-05,abund,0.0,1,1
Kraken2,default,Kraken2_default,ZymoMockD6331,ZymoMockD6331,ont,D6331_Zymo,636,636,                  Edwardsiella tarda,Edwardsiella tarda,species,0.00013426689102664157,abund,0.0,4,4
Kraken2,default,Kraken2_default,ZymoMockD6331,ZymoMockD6331,ont,D6331_Zymo,1263550,1263550,                  Edwardsiella piscicida,Edwardsiella piscicida,species,6.713344551332078e-05,abund,0.0,2,2
Kraken2,default,Kraken2_default,ZymoMockD6331,ZymoMockD6331,ont,D6331_Zymo,93378,93378,                  Edwardsiella hoshinae,Edwardsiella hoshinae,species,3.356672275666039e-05,abund,0.0,1,1
Kraken2,default,Kraken2_default,ZymoMockD6331,ZymoMockD6331,ont,D6331_Zymo,1821960,1821960,                  Edwardsiella anguillarum,Edwardsiella anguillarum,species,3.356672275666039e-05,abund,0.0,1,1
Kraken2,default,Kraken2_default,ZymoMockD6331,ZymoMockD6331,ont,D6331_Zymo,569,569,                  Hafnia alvei,Hafnia alvei,species,3.356672275666039e-05,abund,0.0,1,1
Kraken2,default,Kraken2_default,ZymoMockD6331,ZymoMockD6331,ont,D6331_Zymo,546367,546367,                  Hafnia paralvei,Hafnia paralvei,species,3.356672275666039e-05,abund,0.0,1,1
Kraken2,default,Kraken2_default,ZymoMockD6331,ZymoMockD6331,ont,D6331_Zymo,82983,82983,                  Obesumbacterium proteus,Obesumbacterium proteus,species,3.356672275666039e-05,abund,0.0,1,1
Kraken2,default,Kraken2_default,ZymoMockD6331,ZymoMockD6331,ont,D6331_Zymo,158841,158841,                  Leminorella richardii,Leminorella richardii,species,6.713344551332078e-05,abund,0.0,2,2
Kraken2,default,Kraken2_default,ZymoMockD6331,ZymoMockD6331,ont,D6331_Zymo,82985,82985,                  Pragia fontium,Pragia fontium,species,3.356672275666039e-05,abund,0.0,1,1
Kraken2,default,Kraken2_default,ZymoMockD6331,ZymoMockD6331,ont,D6331_Zymo,3132096,3132096,                Enterobacterales bacterium endosymbiont of Anomoneura mori,Enterobacterales bacterium endosymbiont of Anomoneura mori,species,6.713344551332078e-05,abund,0.0,2,2
Kraken2,default,Kraken2_default,ZymoMockD6331,ZymoMockD6331,ont,D6331_Zymo,55601,55601,                  Vibrio anguillarum,Vibrio anguillarum,species,0.0013426689102664156,abund,0.0,40,39
Kraken2,default,Kraken2_default,ZymoMockD6331,ZymoMockD6331,ont,D6331_Zymo,670,670,                    Vibrio parahaemolyticus,Vibrio parahaemolyticus,species,0.0008056013461598495,abund,0.0,24,24
Kraken2,default,Kraken2_default,ZymoMockD6331,ZymoMockD6331,ont,D6331_Zymo,669,669,                    Vibrio harveyi,Vibrio harveyi,species,0.00016783361378330195,abund,0.0,5,5
Kraken2,default,Kraken2_default,ZymoMockD6331,ZymoMockD6331,ont,D6331_Zymo,680,680,                    Vibrio campbellii,Vibrio campbellii,species,0.00013426689102664157,abund,0.0,4,3
Kraken2,default,Kraken2_default,ZymoMockD6331,ZymoMockD6331,ont,D6331_Zymo,663,663,                    Vibrio alginolyticus,Vibrio alginolyticus,species,3.356672275666039e-05,abund,0.0,1,1
Kraken2,default,Kraken2_default,ZymoMockD6331,ZymoMockD6331,ont,D6331_Zymo,691,691,                    Vibrio natriegens,Vibrio natriegens,species,3.356672275666039e-05,abund,0.0,1,1
Kraken2,default,Kraken2_default,ZymoMockD6331,ZymoMockD6331,ont,D6331_Zymo,512649,512649,                    Vibrio azureus,Vibrio azureus,species,3.356672275666039e-05,abund,0.0,1,1
Kraken2,default,Kraken2_default,ZymoMockD6331,ZymoMockD6331,ont,D6331_Zymo,696485,696485,                    Vibrio owensii,Vibrio owensii,species,3.356672275666039e-05,abund,0.0,1,1
Kraken2,default,Kraken2_default,ZymoMockD6331,ZymoMockD6331,ont,D6331_Zymo,50719,50719,                      Vibrio diabolicus,Vibrio diabolicus,species,3.356672275666039e-05,abund,0.0,1,1
Kraken2,default,Kraken2_default,ZymoMockD6331,ZymoMockD6331,ont,D6331_Zymo,3064001,3064001,                    Vibrio sp. SNU_ST1,Vibrio sp. SNU_ST1,species,0.00010070016826998118,abund,0.0,3,3
Kraken2,default,Kraken2_default,ZymoMockD6331,ZymoMockD6331,ont,D6331_Zymo,3391828,3391828,                    Vibrio sp. MA40-2,Vibrio sp. MA40-2,species,3.356672275666039e-05,abund,0.0,1,1
Kraken2,default,Kraken2_default,ZymoMockD6331,ZymoMockD6331,ont,D6331_Zymo,2819096,2819096,                    Vibrio sp. SCSIO 43135,Vibrio sp. SCSIO 43135,species,3.356672275666039e-05,abund,0.0,1,1
Kraken2,default,Kraken2_default,ZymoMockD6331,ZymoMockD6331,ont,D6331_Zymo,2908646,2908646,                    Vibrio sp. SS-MA-C1-2,Vibrio sp. SS-MA-C1-2,species,3.356672275666039e-05,abund,0.0,1,1
Kraken2,default,Kraken2_default,ZymoMockD6331,ZymoMockD6331,ont,D6331_Zymo,2912315,2912315,                    Vibrio sp. DW001,Vibrio sp. DW001,species,3.356672275666039e-05,abund,0.0,1,1
Kraken2,default,Kraken2_default,ZymoMockD6331,ZymoMockD6331,ont,D6331_Zymo,2976236,2976236,                    Vibrio sp. STUT-A11,Vibrio sp. STUT-A11,species,3.356672275666039e-05,abund,0.0,1,1
Kraken2,default,Kraken2_default,ZymoMockD6331,ZymoMockD6331,ont,D6331_Zymo,3021011,3021011,                    Vibrio sp. SCSIO 43137,Vibrio sp. SCSIO 43137,species,3.356672275666039e-05,abund,0.0,1,1
Kraken2,default,Kraken2_default,ZymoMockD6331,ZymoMockD6331,ont,D6331_Zymo,3232307,3232307,                    Vibrio sp. HB236076,Vibrio sp. HB236076,species,3.356672275666039e-05,abund,0.0,1,1
Kraken2,default,Kraken2_default,ZymoMockD6331,ZymoMockD6331,ont,D6331_Zymo,3234954,3234954,                    Vibrio sp. NTOU-M3,Vibrio sp. NTOU-M3,species,3.356672275666039e-05,abund,0.0,1,1
Kraken2,default,Kraken2_default,ZymoMockD6331,ZymoMockD6331,ont,D6331_Zymo,672,672,                  Vibrio vulnificus,Vibrio vulnificus,species,0.0003692339503232643,abund,0.0,11,6
Kraken2,default,Kraken2_default,ZymoMockD6331,ZymoMockD6331,ont,D6331_Zymo,190893,190893,                  Vibrio coralliilyticus,Vibrio coralliilyticus,species,0.0003692339503232643,abund,0.0,11,11
Kraken2,default,Kraken2_default,ZymoMockD6331,ZymoMockD6331,ont,D6331_Zymo,413402,413402,                  Vibrio inusitatus,Vibrio inusitatus,species,0.0003356672275666039,abund,0.0,10,10
Kraken2,default,Kraken2_default,ZymoMockD6331,ZymoMockD6331,ont,D6331_Zymo,3034029,3034029,                  Vibrio syngnathi,Vibrio syngnathi,species,0.00026853378205328313,abund,0.0,8,8
Kraken2,default,Kraken2_default,ZymoMockD6331,ZymoMockD6331,ont,D6331_Zymo,29497,29497,                  Vibrio splendidus,Vibrio splendidus,species,0.00026853378205328313,abund,0.0,8,8
Kraken2,default,Kraken2_default,ZymoMockD6331,ZymoMockD6331,ont,D6331_Zymo,3016528,3016528,                  Vibrio chaetopteri,Vibrio chaetopteri,species,0.00023496705929662275,abund,0.0,7,7
Kraken2,default,Kraken2_default,ZymoMockD6331,ZymoMockD6331,ont,D6331_Zymo,666,666,                  Vibrio cholerae,Vibrio cholerae,species,0.00016783361378330195,abund,0.0,5,5
Kraken2,default,Kraken2_default,ZymoMockD6331,ZymoMockD6331,ont,D6331_Zymo,1918946,1918946,                  Vibrio palustris,Vibrio palustris,species,0.00016783361378330195,abund,0.0,5,5
Kraken2,default,Kraken2_default,ZymoMockD6331,ZymoMockD6331,ont,D6331_Zymo,29495,29495,                  Vibrio navarrensis,Vibrio navarrensis,species,0.00016783361378330195,abund,0.0,5,5
Kraken2,default,Kraken2_default,ZymoMockD6331,ZymoMockD6331,ont,D6331_Zymo,296199,296199,                  Vibrio gigantis,Vibrio gigantis,species,0.00013426689102664157,abund,0.0,4,4
Kraken2,default,Kraken2_default,ZymoMockD6331,ZymoMockD6331,ont,D6331_Zymo,553239,553239,                  Vibrio breoganii,Vibrio breoganii,species,0.00013426689102664157,abund,0.0,4,4
Kraken2,default,Kraken2_default,ZymoMockD6331,ZymoMockD6331,ont,D6331_Zymo,45658,45658,                  Vibrio scophthalmi,Vibrio scophthalmi,species,0.00013426689102664157,abund,0.0,4,4
Kraken2,default,Kraken2_default,ZymoMockD6331,ZymoMockD6331,ont,D6331_Zymo,1918945,1918945,                  Vibrio spartinae,Vibrio spartinae,species,0.00010070016826998118,abund,0.0,3,3
Kraken2,default,Kraken2_default,ZymoMockD6331,ZymoMockD6331,ont,D6331_Zymo,674,674,                  Vibrio mimicus,Vibrio mimicus,species,0.00010070016826998118,abund,0.0,3,3
Kraken2,default,Kraken2_default,ZymoMockD6331,ZymoMockD6331,ont,D6331_Zymo,1117707,1117707,                  Vibrio quintilis,Vibrio quintilis,species,0.00010070016826998118,abund,0.0,3,3
Kraken2,default,Kraken2_default,ZymoMockD6331,ZymoMockD6331,ont,D6331_Zymo,1074311,1074311,                  Vibrio alfacsensis,Vibrio alfacsensis,species,0.00010070016826998118,abund,0.0,3,3
Kraken2,default,Kraken2_default,ZymoMockD6331,ZymoMockD6331,ont,D6331_Zymo,693153,693153,                  Vibrio atlanticus,Vibrio atlanticus,species,0.00010070016826998118,abund,0.0,3,3
Kraken2,default,Kraken2_default,ZymoMockD6331,ZymoMockD6331,ont,D6331_Zymo,170679,170679,                  Vibrio chagasii,Vibrio chagasii,species,0.00010070016826998118,abund,0.0,3,3
Kraken2,default,Kraken2_default,ZymoMockD6331,ZymoMockD6331,ont,D6331_Zymo,1891186,1891186,                  Vibrio aphrogenes,Vibrio aphrogenes,species,6.713344551332078e-05,abund,0.0,2,2
Kraken2,default,Kraken2_default,ZymoMockD6331,ZymoMockD6331,ont,D6331_Zymo,212667,212667,                  Vibrio fortis,Vibrio fortis,species,6.713344551332078e-05,abund,0.0,2,2
Kraken2,default,Kraken2_default,ZymoMockD6331,ZymoMockD6331,ont,D6331_Zymo,190897,190897,                  Vibrio gallicus,Vibrio gallicus,species,6.713344551332078e-05,abund,0.0,2,2
Kraken2,default,Kraken2_default,ZymoMockD6331,ZymoMockD6331,ont,D6331_Zymo,2572923,2572923,                  Vibrio taketomensis,Vibrio taketomensis,species,6.713344551332078e-05,abund,0.0,2,2
Kraken2,default,Kraken2_default,ZymoMockD6331,ZymoMockD6331,ont,D6331_Zymo,446372,446372,                  Vibrio celticus,Vibrio celticus,species,3.356672275666039e-05,abund,0.0,1,1
Kraken2,default,Kraken2_default,ZymoMockD6331,ZymoMockD6331,ont,D6331_Zymo,413403,413403,                  Vibrio rarus,Vibrio rarus,species,3.356672275666039e-05,abund,0.0,1,1
Kraken2,default,Kraken2_default,ZymoMockD6331,ZymoMockD6331,ont,D6331_Zymo,2711221,2711221,                  Vibrio ziniensis,Vibrio ziniensis,species,3.356672275666039e-05,abund,0.0,1,1
Kraken2,default,Kraken2_default,ZymoMockD6331,ZymoMockD6331,ont,D6331_Zymo,2587862,2587862,                  Vibrio aquimaris,Vibrio aquimaris,species,3.356672275666039e-05,abund,0.0,1,1
Kraken2,default,Kraken2_default,ZymoMockD6331,ZymoMockD6331,ont,D6331_Zymo,2077090,2077090,                  Vibrio gangliei,Vibrio gangliei,species,3.356672275666039e-05,abund,0.0,1,1
Kraken2,default,Kraken2_default,ZymoMockD6331,ZymoMockD6331,ont,D6331_Zymo,1381081,1381081,                  Vibrio panuliri,Vibrio panuliri,species,3.356672275666039e-05,abund,0.0,1,1
Kraken2,default,Kraken2_default,ZymoMockD6331,ZymoMockD6331,ont,D6331_Zymo,1481663,1481663,                  Vibrio metoecus,Vibrio metoecus,species,3.356672275666039e-05,abund,0.0,1,1
Kraken2,default,Kraken2_default,ZymoMockD6331,ZymoMockD6331,ont,D6331_Zymo,1481923,1481923,                  Vibrio astriarenae,Vibrio astriarenae,species,3.356672275666039e-05,abund,0.0,1,1
Kraken2,default,Kraken2_default,ZymoMockD6331,ZymoMockD6331,ont,D6331_Zymo,1824638,1824638,                  Vibrio japonicus,Vibrio japonicus,species,3.356672275666039e-05,abund,0.0,1,1
Kraken2,default,Kraken2_default,ZymoMockD6331,ZymoMockD6331,ont,D6331_Zymo,675,675,                  Vibrio cincinnatiensis,Vibrio cincinnatiensis,species,3.356672275666039e-05,abund,0.0,1,1
Kraken2,default,Kraken2_default,ZymoMockD6331,ZymoMockD6331,ont,D6331_Zymo,29494,29494,                  Vibrio furnissii,Vibrio furnissii,species,3.356672275666039e-05,abund,0.0,1,1
Kraken2,default,Kraken2_default,ZymoMockD6331,ZymoMockD6331,ont,D6331_Zymo,687,687,                  Vibrio gazogenes,Vibrio gazogenes,species,3.356672275666039e-05,abund,0.0,1,1
Kraken2,default,Kraken2_default,ZymoMockD6331,ZymoMockD6331,ont,D6331_Zymo,28169,28169,                  Vibrio pelagius,Vibrio pelagius,species,3.356672275666039e-05,abund,0.0,1,1
Kraken2,default,Kraken2_default,ZymoMockD6331,ZymoMockD6331,ont,D6331_Zymo,28173,28173,                  Vibrio nigripulchritudo,Vibrio nigripulchritudo,species,3.356672275666039e-05,abund,0.0,1,1
Kraken2,default,Kraken2_default,ZymoMockD6331,ZymoMockD6331,ont,D6331_Zymo,170673,170673,                  Vibrio kanaloae,Vibrio kanaloae,species,3.356672275666039e-05,abund,0.0,1,1
Kraken2,default,Kraken2_default,ZymoMockD6331,ZymoMockD6331,ont,D6331_Zymo,28172,28172,                  Vibrio metschnikovii,Vibrio metschnikovii,species,3.356672275666039e-05,abund,0.0,1,1
Kraken2,default,Kraken2_default,ZymoMockD6331,ZymoMockD6331,ont,D6331_Zymo,104609,104609,                  Vibrio penaeicida,Vibrio penaeicida,species,3.356672275666039e-05,abund,0.0,1,1
Kraken2,default,Kraken2_default,ZymoMockD6331,ZymoMockD6331,ont,D6331_Zymo,38293,38293,                  Photobacterium damselae,Photobacterium damselae,species,0.00040280067307992473,abund,0.0,12,12
Kraken2,default,Kraken2_default,ZymoMockD6331,ZymoMockD6331,ont,D6331_Zymo,553611,553611,                  Photobacterium leiognathi,Photobacterium leiognathi,species,0.00026853378205328313,abund,0.0,8,1
Kraken2,default,Kraken2_default,ZymoMockD6331,ZymoMockD6331,ont,D6331_Zymo,74109,74109,                  Photobacterium profundum,Photobacterium profundum,species,0.00010070016826998118,abund,0.0,3,0
Kraken2,default,Kraken2_default,ZymoMockD6331,ZymoMockD6331,ont,D6331_Zymo,1935446,1935446,                  Photobacterium toruni,Photobacterium toruni,species,0.00010070016826998118,abund,0.0,3,3
Kraken2,default,Kraken2_default,ZymoMockD6331,ZymoMockD6331,ont,D6331_Zymo,875932,875932,                  Photobacterium sanguinicancri,Photobacterium sanguinicancri,species,6.713344551332078e-05,abund,0.0,2,2
Kraken2,default,Kraken2_default,ZymoMockD6331,ZymoMockD6331,ont,D6331_Zymo,1378299,1378299,                  Photobacterium piscicola,Photobacterium piscicola,species,6.713344551332078e-05,abund,0.0,2,2
Kraken2,default,Kraken2_default,ZymoMockD6331,ZymoMockD6331,ont,D6331_Zymo,2899122,2899122,                    Photobacterium sp. TY1-4,Photobacterium sp. TY1-4,species,6.713344551332078e-05,abund,0.0,2,2
Kraken2,default,Kraken2_default,ZymoMockD6331,ZymoMockD6331,ont,D6331_Zymo,659,659,                  Photobacterium phosphoreum,Photobacterium phosphoreum,species,3.356672275666039e-05,abund,0.0,1,1
Kraken2,default,Kraken2_default,ZymoMockD6331,ZymoMockD6331,ont,D6331_Zymo,865757,865757,                  Photobacterium atrarenae,Photobacterium atrarenae,species,3.356672275666039e-05,abund,0.0,1,1
Kraken2,default,Kraken2_default,ZymoMockD6331,ZymoMockD6331,ont,D6331_Zymo,668,668,                  Aliivibrio fischeri,Aliivibrio fischeri,species,6.713344551332078e-05,abund,0.0,2,1
Kraken2,default,Kraken2_default,ZymoMockD6331,ZymoMockD6331,ont,D6331_Zymo,688,688,                  Aliivibrio logei,Aliivibrio logei,species,3.356672275666039e-05,abund,0.0,1,1
Kraken2,default,Kraken2_default,ZymoMockD6331,ZymoMockD6331,ont,D6331_Zymo,40269,40269,                  Aliivibrio salmonicida,Aliivibrio salmonicida,species,3.356672275666039e-05,abund,0.0,1,1
Kraken2,default,Kraken2_default,ZymoMockD6331,ZymoMockD6331,ont,D6331_Zymo,3241166,3241166,                    Enterovibrio sp. 27052020O,Enterovibrio sp. 27052020O,species,6.713344551332078e-05,abund,0.0,2,2
Kraken2,default,Kraken2_default,ZymoMockD6331,ZymoMockD6331,ont,D6331_Zymo,1908198,1908198,                  Salinivibrio kushneri,Salinivibrio kushneri,species,3.356672275666039e-05,abund,0.0,1,1
Kraken2,default,Kraken2_default,ZymoMockD6331,ZymoMockD6331,ont,D6331_Zymo,1179155,1179155,                  Candidatus Photodesmus blepharus,Candidatus Photodesmus blepharus,species,3.356672275666039e-05,abund,0.0,1,1
Kraken2,default,Kraken2_default,ZymoMockD6331,ZymoMockD6331,ont,D6331_Zymo,1891207,1891207,                  Thaumasiovibrio subtropicus,Thaumasiovibrio subtropicus,species,3.356672275666039e-05,abund,0.0,1,1
Kraken2,default,Kraken2_default,ZymoMockD6331,ZymoMockD6331,ont,D6331_Zymo,1755811,1755811,                  Paraphotobacterium marinum,Paraphotobacterium marinum,species,3.356672275666039e-05,abund,0.0,1,1
Kraken2,default,Kraken2_default,ZymoMockD6331,ZymoMockD6331,ont,D6331_Zymo,287,287,                    Pseudomonas aeruginosa,Pseudomonas aeruginosa,species,0.001544069246806378,abund,0.0,46,45
Kraken2,default,Kraken2_default,ZymoMockD6331,ZymoMockD6331,ont,D6331_Zymo,53406,53406,                    Pseudomonas anguilliseptica,Pseudomonas anguilliseptica,species,3.356672275666039e-05,abund,0.0,1,1
Kraken2,default,Kraken2_default,ZymoMockD6331,ZymoMockD6331,ont,D6331_Zymo,2994495,2994495,                    Pseudomonas paraeruginosa,Pseudomonas paraeruginosa,species,3.356672275666039e-05,abund,0.0,1,0
Kraken2,default,Kraken2_default,ZymoMockD6331,ZymoMockD6331,ont,D6331_Zymo,2892442,2892442,                    Pseudomonas sp. CIP-10,Pseudomonas sp. CIP-10,species,0.00030210050480994355,abund,0.0,9,9
Kraken2,default,Kraken2_default,ZymoMockD6331,ZymoMockD6331,ont,D6331_Zymo,3043447,3043447,                    Pseudomonas sp. P9_2,Pseudomonas sp. P9_2,species,0.00013426689102664157,abund,0.0,4,4
Kraken2,default,Kraken2_default,ZymoMockD6331,ZymoMockD6331,ont,D6331_Zymo,3029060,3029060,                    Pseudomonas sp. PSKL.D1,Pseudomonas sp. PSKL.D1,species,0.00013426689102664157,abund,0.0,4,4
Kraken2,default,Kraken2_default,ZymoMockD6331,ZymoMockD6331,ont,D6331_Zymo,2971912,2971912,                    Pseudomonas sp. CBS,Pseudomonas sp. CBS,species,0.00013426689102664157,abund,0.0,4,4
Kraken2,default,Kraken2_default,ZymoMockD6331,ZymoMockD6331,ont,D6331_Zymo,3402865,3402865,                    Pseudomonas sp. ABY48,Pseudomonas sp. ABY48,species,6.713344551332078e-05,abund,0.0,2,2
Kraken2,default,Kraken2_default,ZymoMockD6331,ZymoMockD6331,ont,D6331_Zymo,3141539,3141539,                    Pseudomonas sp. F3-2,Pseudomonas sp. F3-2,species,6.713344551332078e-05,abund,0.0,2,2
Kraken2,default,Kraken2_default,ZymoMockD6331,ZymoMockD6331,ont,D6331_Zymo,3019098,3019098,                    Pseudomonas sp. TUM22785,Pseudomonas sp. TUM22785,species,6.713344551332078e-05,abund,0.0,2,2
Kraken2,default,Kraken2_default,ZymoMockD6331,ZymoMockD6331,ont,D6331_Zymo,2811422,2811422,                    Pseudomonas sp. PDNC002,Pseudomonas sp. PDNC002,species,6.713344551332078e-05,abund,0.0,2,2
Kraken2,default,Kraken2_default,ZymoMockD6331,ZymoMockD6331,ont,D6331_Zymo,2069256,2069256,                    Pseudomonas sp. XWY-1,Pseudomonas sp. XWY-1,species,6.713344551332078e-05,abund,0.0,2,2
Kraken2,default,Kraken2_default,ZymoMockD6331,ZymoMockD6331,ont,D6331_Zymo,3078264,3078264,                    Pseudomonas sp. C9-3,Pseudomonas sp. C9-3,species,3.356672275666039e-05,abund,0.0,1,1
Kraken2,default,Kraken2_default,ZymoMockD6331,ZymoMockD6331,ont,D6331_Zymo,3235108,3235108,                    Pseudomonas sp. B16120,Pseudomonas sp. B16120,species,3.356672275666039e-05,abund,0.0,1,1
Kraken2,default,Kraken2_default,ZymoMockD6331,ZymoMockD6331,ont,D6331_Zymo,3048613,3048613,                    Pseudomonas sp. CCI1.1,Pseudomonas sp. CCI1.1,species,3.356672275666039e-05,abund,0.0,1,1
Kraken2,default,Kraken2_default,ZymoMockD6331,ZymoMockD6331,ont,D6331_Zymo,658630,658630,                    Pseudomonas sp. CMR5c,Pseudomonas sp. CMR5c,species,3.356672275666039e-05,abund,0.0,1,1
Kraken2,default,Kraken2_default,ZymoMockD6331,ZymoMockD6331,ont,D6331_Zymo,1028989,1028989,                    Pseudomonas sp. StFLB209,Pseudomonas sp. StFLB209,species,3.356672275666039e-05,abund,0.0,1,1
Kraken2,default,Kraken2_default,ZymoMockD6331,ZymoMockD6331,ont,D6331_Zymo,2972478,2972478,                    Pseudomonas sp. LS1212,Pseudomonas sp. LS1212,species,3.356672275666039e-05,abund,0.0,1,1
Kraken2,default,Kraken2_default,ZymoMockD6331,ZymoMockD6331,ont,D6331_Zymo,2871095,2871095,                    Pseudomonas sp. DR48,Pseudomonas sp. DR48,species,3.356672275666039e-05,abund,0.0,1,1
Kraken2,default,Kraken2_default,ZymoMockD6331,ZymoMockD6331,ont,D6331_Zymo,2654238,2654238,                    Pseudomonas sp. DTU12.1,Pseudomonas sp. DTU12.1,species,3.356672275666039e-05,abund,0.0,1,1
Kraken2,default,Kraken2_default,ZymoMockD6331,ZymoMockD6331,ont,D6331_Zymo,3087234,3087234,                    Pseudomonas sp. MUP55,Pseudomonas sp. MUP55,species,3.356672275666039e-05,abund,0.0,1,1
Kraken2,default,Kraken2_default,ZymoMockD6331,ZymoMockD6331,ont,D6331_Zymo,3133144,3133144,                    Pseudomonas sp. TMP9,Pseudomonas sp. TMP9,species,3.356672275666039e-05,abund,0.0,1,1
Kraken2,default,Kraken2_default,ZymoMockD6331,ZymoMockD6331,ont,D6331_Zymo,47883,47883,                    Pseudomonas synxantha,Pseudomonas synxantha,species,0.0003356672275666039,abund,0.0,10,10
Kraken2,default,Kraken2_default,ZymoMockD6331,ZymoMockD6331,ont,D6331_Zymo,76758,76758,                    Pseudomonas orientalis,Pseudomonas orientalis,species,0.00026853378205328313,abund,0.0,8,8
Kraken2,default,Kraken2_default,ZymoMockD6331,ZymoMockD6331,ont,D6331_Zymo,47878,47878,                    Pseudomonas azotoformans,Pseudomonas azotoformans,species,0.00016783361378330195,abund,0.0,5,5
Kraken2,default,Kraken2_default,ZymoMockD6331,ZymoMockD6331,ont,D6331_Zymo,294,294,                    Pseudomonas fluorescens,Pseudomonas fluorescens,species,6.713344551332078e-05,abund,0.0,2,0
Kraken2,default,Kraken2_default,ZymoMockD6331,ZymoMockD6331,ont,D6331_Zymo,47879,47879,                    Pseudomonas corrugata,Pseudomonas corrugata,species,6.713344551332078e-05,abund,0.0,2,2
Kraken2,default,Kraken2_default,ZymoMockD6331,ZymoMockD6331,ont,D6331_Zymo,76760,76760,                    Pseudomonas rhodesiae,Pseudomonas rhodesiae,species,6.713344551332078e-05,abund,0.0,2,2
Kraken2,default,Kraken2_default,ZymoMockD6331,ZymoMockD6331,ont,D6331_Zymo,78543,78543,                    Pseudomonas migulae,Pseudomonas migulae,species,3.356672275666039e-05,abund,0.0,1,1
Kraken2,default,Kraken2_default,ZymoMockD6331,ZymoMockD6331,ont,D6331_Zymo,200450,200450,                    Pseudomonas trivialis,Pseudomonas trivialis,species,3.356672275666039e-05,abund,0.0,1,1
Kraken2,default,Kraken2_default,ZymoMockD6331,ZymoMockD6331,ont,D6331_Zymo,303,303,                    Pseudomonas putida,Pseudomonas putida,species,0.00020140033653996236,abund,0.0,6,3
Kraken2,default,Kraken2_default,ZymoMockD6331,ZymoMockD6331,ont,D6331_Zymo,78327,78327,                    Pseudomonas mosselii,Pseudomonas mosselii,species,6.713344551332078e-05,abund,0.0,2,2
Kraken2,default,Kraken2_default,ZymoMockD6331,ZymoMockD6331,ont,D6331_Zymo,47880,47880,                    Pseudomonas fulva,Pseudomonas fulva,species,3.356672275666039e-05,abund,0.0,1,0
Kraken2,default,Kraken2_default,ZymoMockD6331,ZymoMockD6331,ont,D6331_Zymo,237609,237609,                  Pseudomonas alkylphenolica,Pseudomonas alkylphenolica,species,0.00020140033653996236,abund,0.0,6,6
Kraken2,default,Kraken2_default,ZymoMockD6331,ZymoMockD6331,ont,D6331_Zymo,1451454,1451454,                    Pseudomonas caspiana,Pseudomonas caspiana,species,6.713344551332078e-05,abund,0.0,2,2
Kraken2,default,Kraken2_default,ZymoMockD6331,ZymoMockD6331,ont,D6331_Zymo,33069,33069,                    Pseudomonas viridiflava,Pseudomonas viridiflava,species,3.356672275666039e-05,abund,0.0,1,1
Kraken2,default,Kraken2_default,ZymoMockD6331,ZymoMockD6331,ont,D6331_Zymo,47877,47877,                      Pseudomonas amygdali,Pseudomonas amygdali,species,3.356672275666039e-05,abund,0.0,1,0
Kraken2,default,Kraken2_default,ZymoMockD6331,ZymoMockD6331,ont,D6331_Zymo,380021,380021,                    Pseudomonas protegens,Pseudomonas protegens,species,6.713344551332078e-05,abund,0.0,2,2
Kraken2,default,Kraken2_default,ZymoMockD6331,ZymoMockD6331,ont,D6331_Zymo,587753,587753,                    Pseudomonas chlororaphis,Pseudomonas chlororaphis,species,6.713344551332078e-05,abund,0.0,2,2
Kraken2,default,Kraken2_default,ZymoMockD6331,ZymoMockD6331,ont,D6331_Zymo,296,296,                    Pseudomonas fragi,Pseudomonas fragi,species,3.356672275666039e-05,abund,0.0,1,1
Kraken2,default,Kraken2_default,ZymoMockD6331,ZymoMockD6331,ont,D6331_Zymo,1302376,1302376,                  Candidatus Pseudomonas adelgestsugas,Candidatus Pseudomonas adelgestsugas,species,0.00010070016826998118,abund,0.0,3,3
Kraken2,default,Kraken2_default,ZymoMockD6331,ZymoMockD6331,ont,D6331_Zymo,89065,89065,                  Pseudomonas abietaniphila,Pseudomonas abietaniphila,species,0.00010070016826998118,abund,0.0,3,3
Kraken2,default,Kraken2_default,ZymoMockD6331,ZymoMockD6331,ont,D6331_Zymo,53407,53407,                  Pseudomonas asplenii,Pseudomonas asplenii,species,6.713344551332078e-05,abund,0.0,2,2
Kraken2,default,Kraken2_default,ZymoMockD6331,ZymoMockD6331,ont,D6331_Zymo,2961896,2961896,                  Pseudomonas nunensis,Pseudomonas nunensis,species,3.356672275666039e-05,abund,0.0,1,1
Kraken2,default,Kraken2_default,ZymoMockD6331,ZymoMockD6331,ont,D6331_Zymo,2867264,2867264,                  Pseudomonas phytophila,Pseudomonas phytophila,species,3.356672275666039e-05,abund,0.0,1,1
Kraken2,default,Kraken2_default,ZymoMockD6331,ZymoMockD6331,ont,D6331_Zymo,2762576,2762576,                  Pseudomonas baltica,Pseudomonas baltica,species,3.356672275666039e-05,abund,0.0,1,1
Kraken2,default,Kraken2_default,ZymoMockD6331,ZymoMockD6331,ont,D6331_Zymo,2931382,2931382,                  Pseudomonas abieticivorans,Pseudomonas abieticivorans,species,3.356672275666039e-05,abund,0.0,1,1
Kraken2,default,Kraken2_default,ZymoMockD6331,ZymoMockD6331,ont,D6331_Zymo,157783,157783,                  Pseudomonas cremoricolorata,Pseudomonas cremoricolorata,species,3.356672275666039e-05,abund,0.0,1,1
Kraken2,default,Kraken2_default,ZymoMockD6331,ZymoMockD6331,ont,D6331_Zymo,312306,312306,                  Pseudomonas entomophila,Pseudomonas entomophila,species,3.356672275666039e-05,abund,0.0,1,1
Kraken2,default,Kraken2_default,ZymoMockD6331,ZymoMockD6331,ont,D6331_Zymo,2320867,2320867,                  Pseudomonas cavernae,Pseudomonas cavernae,species,3.356672275666039e-05,abund,0.0,1,1
Kraken2,default,Kraken2_default,ZymoMockD6331,ZymoMockD6331,ont,D6331_Zymo,2364649,2364649,                  Pseudomonas laurentiana,Pseudomonas laurentiana,species,3.356672275666039e-05,abund,0.0,1,1
Kraken2,default,Kraken2_default,ZymoMockD6331,ZymoMockD6331,ont,D6331_Zymo,395599,395599,                  Pseudomonas moorei,Pseudomonas moorei,species,3.356672275666039e-05,abund,0.0,1,1
Kraken2,default,Kraken2_default,ZymoMockD6331,ZymoMockD6331,ont,D6331_Zymo,2505979,2505979,                  Pseudomonas viciae,Pseudomonas viciae,species,3.356672275666039e-05,abund,0.0,1,1
Kraken2,default,Kraken2_default,ZymoMockD6331,ZymoMockD6331,ont,D6331_Zymo,2518644,2518644,                  Pseudomonas tructae,Pseudomonas tructae,species,3.356672275666039e-05,abund,0.0,1,1
Kraken2,default,Kraken2_default,ZymoMockD6331,ZymoMockD6331,ont,D6331_Zymo,1306993,1306993,                  Pseudomonas soli,Pseudomonas soli,species,3.356672275666039e-05,abund,0.0,1,1
Kraken2,default,Kraken2_default,ZymoMockD6331,ZymoMockD6331,ont,D6331_Zymo,321846,321846,                  Pseudomonas simiae,Pseudomonas simiae,species,3.356672275666039e-05,abund,0.0,1,1
Kraken2,default,Kraken2_default,ZymoMockD6331,ZymoMockD6331,ont,D6331_Zymo,316,316,                      Stutzerimonas stutzeri,Stutzerimonas stutzeri,species,0.00020140033653996236,abund,0.0,6,3
Kraken2,default,Kraken2_default,ZymoMockD6331,ZymoMockD6331,ont,D6331_Zymo,1176257,1176257,                  Stutzerimonas zhaodongensis,Stutzerimonas zhaodongensis,species,3.356672275666039e-05,abund,0.0,1,1
Kraken2,default,Kraken2_default,ZymoMockD6331,ZymoMockD6331,ont,D6331_Zymo,2822138,2822138,                  Metapseudomonas boanensis,Metapseudomonas boanensis,species,0.00023496705929662275,abund,0.0,7,7
Kraken2,default,Kraken2_default,ZymoMockD6331,ZymoMockD6331,ont,D6331_Zymo,2785331,2785331,                  Entomomonas asaccharolytica,Entomomonas asaccharolytica,species,0.00010070016826998118,abund,0.0,3,3
Kraken2,default,Kraken2_default,ZymoMockD6331,ZymoMockD6331,ont,D6331_Zymo,2930213,2930213,                    Entomomonas sp. E2T0,Entomomonas sp. E2T0,species,6.713344551332078e-05,abund,0.0,2,2
Kraken2,default,Kraken2_default,ZymoMockD6331,ZymoMockD6331,ont,D6331_Zymo,2213226,2213226,                  Entomomonas moraniae,Entomomonas moraniae,species,3.356672275666039e-05,abund,0.0,1,1
Kraken2,default,Kraken2_default,ZymoMockD6331,ZymoMockD6331,ont,D6331_Zymo,43263,43263,                  Aquipseudomonas alcaligenes,Aquipseudomonas alcaligenes,species,0.00013426689102664157,abund,0.0,4,4
Kraken2,default,Kraken2_default,ZymoMockD6331,ZymoMockD6331,ont,D6331_Zymo,301,301,                  Ectopseudomonas oleovorans,Ectopseudomonas oleovorans,species,6.713344551332078e-05,abund,0.0,2,2
Kraken2,default,Kraken2_default,ZymoMockD6331,ZymoMockD6331,ont,D6331_Zymo,353,353,                    Azotobacter chroococcum,Azotobacter chroococcum,species,3.356672275666039e-05,abund,0.0,1,1
Kraken2,default,Kraken2_default,ZymoMockD6331,ZymoMockD6331,ont,D6331_Zymo,1697053,1697053,                  Thiopseudomonas alkaliphila,Thiopseudomonas alkaliphila,species,3.356672275666039e-05,abund,0.0,1,1
Kraken2,default,Kraken2_default,ZymoMockD6331,ZymoMockD6331,ont,D6331_Zymo,3041098,3041098,                    Halopseudomonas sp. SMJS2,Halopseudomonas sp. SMJS2,species,3.356672275666039e-05,abund,0.0,1,1
Kraken2,default,Kraken2_default,ZymoMockD6331,ZymoMockD6331,ont,D6331_Zymo,1917421,1917421,                  Ketobacter alkanivorans,Ketobacter alkanivorans,species,0.00016783361378330195,abund,0.0,5,5
Kraken2,default,Kraken2_default,ZymoMockD6331,ZymoMockD6331,ont,D6331_Zymo,3035454,3035454,                  Marinobacter apostichopi,Marinobacter apostichopi,species,3.356672275666039e-05,abund,0.0,1,1
Kraken2,default,Kraken2_default,ZymoMockD6331,ZymoMockD6331,ont,D6331_Zymo,1249552,1249552,                  Pseudohongiella spirulinae,Pseudohongiella spirulinae,species,6.713344551332078e-05,abund,0.0,2,2
Kraken2,default,Kraken2_default,ZymoMockD6331,ZymoMockD6331,ont,D6331_Zymo,2589987,2589987,                    Shewanella sp. Scap07,Shewanella sp. Scap07,species,0.00020140033653996236,abund,0.0,6,6
Kraken2,default,Kraken2_default,ZymoMockD6331,ZymoMockD6331,ont,D6331_Zymo,2806008,2806008,                    Shewanella sp. LZH-2,Shewanella sp. LZH-2,species,0.00010070016826998118,abund,0.0,3,3
Kraken2,default,Kraken2_default,ZymoMockD6331,ZymoMockD6331,ont,D6331_Zymo,2775245,2775245,                    Shewanella sp. WPAGA9,Shewanella sp. WPAGA9,species,0.00010070016826998118,abund,0.0,3,3
Kraken2,default,Kraken2_default,ZymoMockD6331,ZymoMockD6331,ont,D6331_Zymo,2746932,2746932,                    Shewanella sp. MTB7,Shewanella sp. MTB7,species,0.00010070016826998118,abund,0.0,3,3
Kraken2,default,Kraken2_default,ZymoMockD6331,ZymoMockD6331,ont,D6331_Zymo,2864202,2864202,                    Shewanella sp. FJAT-52076,Shewanella sp. FJAT-52076,species,6.713344551332078e-05,abund,0.0,2,2
Kraken2,default,Kraken2_default,ZymoMockD6331,ZymoMockD6331,ont,D6331_Zymo,2803864,2803864,                    Shewanella sp. KX20019,Shewanella sp. KX20019,species,3.356672275666039e-05,abund,0.0,1,1
Kraken2,default,Kraken2_default,ZymoMockD6331,ZymoMockD6331,ont,D6331_Zymo,60961,60961,                  Shewanella woodyi,Shewanella woodyi,species,0.00026853378205328313,abund,0.0,8,8
Kraken2,default,Kraken2_default,ZymoMockD6331,ZymoMockD6331,ont,D6331_Zymo,238836,238836,                  Shewanella donghaensis,Shewanella donghaensis,species,0.00016783361378330195,abund,0.0,5,5
Kraken2,default,Kraken2_default,ZymoMockD6331,ZymoMockD6331,ont,D6331_Zymo,404011,404011,                  Shewanella piezotolerans,Shewanella piezotolerans,species,0.00016783361378330195,abund,0.0,5,0
Kraken2,default,Kraken2_default,ZymoMockD6331,ZymoMockD6331,ont,D6331_Zymo,70864,70864,                  Shewanella pealeana,Shewanella pealeana,species,0.00016783361378330195,abund,0.0,5,0
Kraken2,default,Kraken2_default,ZymoMockD6331,ZymoMockD6331,ont,D6331_Zymo,472183,472183,                  Shewanella basaltis,Shewanella basaltis,species,0.00010070016826998118,abund,0.0,3,3
Kraken2,default,Kraken2_default,ZymoMockD6331,ZymoMockD6331,ont,D6331_Zymo,38313,38313,                  Shewanella algae,Shewanella algae,species,6.713344551332078e-05,abund,0.0,2,2
Kraken2,default,Kraken2_default,ZymoMockD6331,ZymoMockD6331,ont,D6331_Zymo,56812,56812,                  Shewanella frigidimarina,Shewanella frigidimarina,species,6.713344551332078e-05,abund,0.0,2,0
Kraken2,default,Kraken2_default,ZymoMockD6331,ZymoMockD6331,ont,D6331_Zymo,60217,60217,                  Shewanella violacea,Shewanella violacea,species,6.713344551332078e-05,abund,0.0,2,0
Kraken2,default,Kraken2_default,ZymoMockD6331,ZymoMockD6331,ont,D6331_Zymo,2590884,2590884,                  Shewanella glacialimarina,Shewanella glacialimarina,species,6.713344551332078e-05,abund,0.0,2,2
Kraken2,default,Kraken2_default,ZymoMockD6331,ZymoMockD6331,ont,D6331_Zymo,260364,260364,                  Shewanella marisflavi,Shewanella marisflavi,species,3.356672275666039e-05,abund,0.0,1,1
Kraken2,default,Kraken2_default,ZymoMockD6331,ZymoMockD6331,ont,D6331_Zymo,1028752,1028752,                  Shewanella aestuarii,Shewanella aestuarii,species,3.356672275666039e-05,abund,0.0,1,1
Kraken2,default,Kraken2_default,ZymoMockD6331,ZymoMockD6331,ont,D6331_Zymo,768528,768528,                  Shewanella indica,Shewanella indica,species,3.356672275666039e-05,abund,0.0,1,1
Kraken2,default,Kraken2_default,ZymoMockD6331,ZymoMockD6331,ont,D6331_Zymo,24,24,                  Shewanella putrefaciens,Shewanella putrefaciens,species,3.356672275666039e-05,abund,0.0,1,1
Kraken2,default,Kraken2_default,ZymoMockD6331,ZymoMockD6331,ont,D6331_Zymo,1738770,1738770,                  Shewanella inventionis,Shewanella inventionis,species,3.356672275666039e-05,abund,0.0,1,1
Kraken2,default,Kraken2_default,ZymoMockD6331,ZymoMockD6331,ont,D6331_Zymo,2487742,2487742,                  Shewanella psychromarinicola,Shewanella psychromarinicola,species,3.356672275666039e-05,abund,0.0,1,1
Kraken2,default,Kraken2_default,ZymoMockD6331,ZymoMockD6331,ont,D6331_Zymo,2864204,2864204,                  Shewanella halotolerans,Shewanella halotolerans,species,3.356672275666039e-05,abund,0.0,1,1
Kraken2,default,Kraken2_default,ZymoMockD6331,ZymoMockD6331,ont,D6331_Zymo,62322,62322,                  Shewanella baltica,Shewanella baltica,species,3.356672275666039e-05,abund,0.0,1,1
Kraken2,default,Kraken2_default,ZymoMockD6331,ZymoMockD6331,ont,D6331_Zymo,192073,192073,                  Shewanella denitrificans,Shewanella denitrificans,species,3.356672275666039e-05,abund,0.0,1,0
Kraken2,default,Kraken2_default,ZymoMockD6331,ZymoMockD6331,ont,D6331_Zymo,150120,150120,                  Shewanella livingstonensis,Shewanella livingstonensis,species,3.356672275666039e-05,abund,0.0,1,1
Kraken2,default,Kraken2_default,ZymoMockD6331,ZymoMockD6331,ont,D6331_Zymo,342950,342950,                  Parashewanella spongiae,Parashewanella spongiae,species,3.356672275666039e-05,abund,0.0,1,1
Kraken2,default,Kraken2_default,ZymoMockD6331,ZymoMockD6331,ont,D6331_Zymo,1917158,1917158,                      Alteromonas sp. RW2A1,Alteromonas sp. RW2A1,species,0.0003356672275666039,abund,0.0,10,10
Kraken2,default,Kraken2_default,ZymoMockD6331,ZymoMockD6331,ont,D6331_Zymo,3135644,3135644,                      Alteromonas sp. M12,Alteromonas sp. M12,species,0.00020140033653996236,abund,0.0,6,6
Kraken2,default,Kraken2_default,ZymoMockD6331,ZymoMockD6331,ont,D6331_Zymo,3002962,3002962,                      Alteromonas sp. 009811495,Alteromonas sp. 009811495,species,0.00010070016826998118,abund,0.0,3,3
Kraken2,default,Kraken2_default,ZymoMockD6331,ZymoMockD6331,ont,D6331_Zymo,3157618,3157618,                      Alteromonas sp. D210916BOD_24,Alteromonas sp. D210916BOD_24,species,0.00010070016826998118,abund,0.0,3,3
Kraken2,default,Kraken2_default,ZymoMockD6331,ZymoMockD6331,ont,D6331_Zymo,3389876,3389876,                      Alteromonas sp. H39,Alteromonas sp. H39,species,3.356672275666039e-05,abund,0.0,1,1
Kraken2,default,Kraken2_default,ZymoMockD6331,ZymoMockD6331,ont,D6331_Zymo,314275,314275,                    Alteromonas mediterranea,Alteromonas mediterranea,species,6.713344551332078e-05,abund,0.0,2,2
Kraken2,default,Kraken2_default,ZymoMockD6331,ZymoMockD6331,ont,D6331_Zymo,233316,233316,                    Alteromonas stellipolaris,Alteromonas stellipolaris,species,3.356672275666039e-05,abund,0.0,1,1
Kraken2,default,Kraken2_default,ZymoMockD6331,ZymoMockD6331,ont,D6331_Zymo,2572577,2572577,                    Salinimonas iocasae,Salinimonas iocasae,species,3.356672275666039e-05,abund,0.0,1,1
Kraken2,default,Kraken2_default,ZymoMockD6331,ZymoMockD6331,ont,D6331_Zymo,3042615,3042615,                    Paraglaciecola sp. T6c,Paraglaciecola sp. T6c,species,0.00013426689102664157,abund,0.0,4,4
Kraken2,default,Kraken2_default,ZymoMockD6331,ZymoMockD6331,ont,D6331_Zymo,2686359,2686359,                    Paraglaciecola sp. L1A13,Paraglaciecola sp. L1A13,species,0.00010070016826998118,abund,0.0,3,3
Kraken2,default,Kraken2_default,ZymoMockD6331,ZymoMockD6331,ont,D6331_Zymo,197222,197222,                  Paraglaciecola mesophila,Paraglaciecola mesophila,species,0.00010070016826998118,abund,0.0,3,3
Kraken2,default,Kraken2_default,ZymoMockD6331,ZymoMockD6331,ont,D6331_Zymo,326544,326544,                  Paraglaciecola psychrophila,Paraglaciecola psychrophila,species,3.356672275666039e-05,abund,0.0,1,0
Kraken2,default,Kraken2_default,ZymoMockD6331,ZymoMockD6331,ont,D6331_Zymo,2935863,2935863,                  Alkalimarinus coralli,Alkalimarinus coralli,species,0.00020140033653996236,abund,0.0,6,6
Kraken2,default,Kraken2_default,ZymoMockD6331,ZymoMockD6331,ont,D6331_Zymo,2961619,2961619,                  Alkalimarinus alittae,Alkalimarinus alittae,species,3.356672275666039e-05,abund,0.0,1,1
Kraken2,default,Kraken2_default,ZymoMockD6331,ZymoMockD6331,ont,D6331_Zymo,2831148,2831148,                  Paraneptunicella aestuarii,Paraneptunicella aestuarii,species,0.00016783361378330195,abund,0.0,5,5
Kraken2,default,Kraken2_default,ZymoMockD6331,ZymoMockD6331,ont,D6331_Zymo,1306992,1306992,                  Halioxenophilus aromaticivorans,Halioxenophilus aromaticivorans,species,0.00013426689102664157,abund,0.0,4,4
Kraken2,default,Kraken2_default,ZymoMockD6331,ZymoMockD6331,ont,D6331_Zymo,3342249,3342249,                    Agarivorans sp. DSG3-1,Agarivorans sp. DSG3-1,species,6.713344551332078e-05,abund,0.0,2,2
Kraken2,default,Kraken2_default,ZymoMockD6331,ZymoMockD6331,ont,D6331_Zymo,1563703,1563703,                  Agarivorans aestuarii,Agarivorans aestuarii,species,3.356672275666039e-05,abund,0.0,1,1
Kraken2,default,Kraken2_default,ZymoMockD6331,ZymoMockD6331,ont,D6331_Zymo,1740262,1740262,                  Catenovulum sediminis,Catenovulum sediminis,species,6.713344551332078e-05,abund,0.0,2,2
Kraken2,default,Kraken2_default,ZymoMockD6331,ZymoMockD6331,ont,D6331_Zymo,300231,300231,                  Brumicola nitratireducens,Brumicola nitratireducens,species,6.713344551332078e-05,abund,0.0,2,0
Kraken2,default,Kraken2_default,ZymoMockD6331,ZymoMockD6331,ont,D6331_Zymo,1526571,1526571,                  Lacimicrobium alkaliphilum,Lacimicrobium alkaliphilum,species,6.713344551332078e-05,abund,0.0,2,2
Kraken2,default,Kraken2_default,ZymoMockD6331,ZymoMockD6331,ont,D6331_Zymo,2172099,2172099,                  Saccharobesus litoralis,Saccharobesus litoralis,species,3.356672275666039e-05,abund,0.0,1,1
Kraken2,default,Kraken2_default,ZymoMockD6331,ZymoMockD6331,ont,D6331_Zymo,3053655,3053655,                    Aliiglaciecola sp. LCG003,Aliiglaciecola sp. LCG003,species,3.356672275666039e-05,abund,0.0,1,1
Kraken2,default,Kraken2_default,ZymoMockD6331,ZymoMockD6331,ont,D6331_Zymo,107327,107327,                  Pseudoalteromonas ulvae,Pseudoalteromonas ulvae,species,0.00026853378205328313,abund,0.0,8,0
Kraken2,default,Kraken2_default,ZymoMockD6331,ZymoMockD6331,ont,D6331_Zymo,1348114,1348114,                  Pseudoalteromonas piratica,Pseudoalteromonas piratica,species,0.00020140033653996236,abund,0.0,6,6
Kraken2,default,Kraken2_default,ZymoMockD6331,ZymoMockD6331,ont,D6331_Zymo,116092,116092,                    Pseudoalteromonas sp. A25,Pseudoalteromonas sp. A25,species,3.356672275666039e-05,abund,0.0,1,1
Kraken2,default,Kraken2_default,ZymoMockD6331,ZymoMockD6331,ont,D6331_Zymo,327511,327511,                    Pseudoalteromonas sp. A22,Pseudoalteromonas sp. A22,species,3.356672275666039e-05,abund,0.0,1,1
Kraken2,default,Kraken2_default,ZymoMockD6331,ZymoMockD6331,ont,D6331_Zymo,2822842,2822842,                    Pseudoalteromonas sp. SCSIO 43201,Pseudoalteromonas sp. SCSIO 43201,species,3.356672275666039e-05,abund,0.0,1,1
Kraken2,default,Kraken2_default,ZymoMockD6331,ZymoMockD6331,ont,D6331_Zymo,3071081,3071081,                    Pseudoalteromonas sp. HL-AS1,Pseudoalteromonas sp. HL-AS1,species,3.356672275666039e-05,abund,0.0,1,1
Kraken2,default,Kraken2_default,ZymoMockD6331,ZymoMockD6331,ont,D6331_Zymo,2894202,2894202,                    Pseudoalteromonas sp. SCSIO 43095,Pseudoalteromonas sp. SCSIO 43095,species,3.356672275666039e-05,abund,0.0,1,1
Kraken2,default,Kraken2_default,ZymoMockD6331,ZymoMockD6331,ont,D6331_Zymo,298657,298657,                  Pseudoalteromonas spongiae,Pseudoalteromonas spongiae,species,0.00010070016826998118,abund,0.0,3,3
Kraken2,default,Kraken2_default,ZymoMockD6331,ZymoMockD6331,ont,D6331_Zymo,570156,570156,                  Pseudoalteromonas lipolytica,Pseudoalteromonas lipolytica,species,6.713344551332078e-05,abund,0.0,2,2
Kraken2,default,Kraken2_default,ZymoMockD6331,ZymoMockD6331,ont,D6331_Zymo,314281,314281,                  Pseudoalteromonas tunicata,Pseudoalteromonas tunicata,species,6.713344551332078e-05,abund,0.0,2,2
Kraken2,default,Kraken2_default,ZymoMockD6331,ZymoMockD6331,ont,D6331_Zymo,2774154,2774154,                  Pseudoalteromonas ostreae,Pseudoalteromonas ostreae,species,3.356672275666039e-05,abund,0.0,1,1
Kraken2,default,Kraken2_default,ZymoMockD6331,ZymoMockD6331,ont,D6331_Zymo,206042,206042,                  Pseudoalteromonas mariniglutinosa,Pseudoalteromonas mariniglutinosa,species,3.356672275666039e-05,abund,0.0,1,1
Kraken2,default,Kraken2_default,ZymoMockD6331,ZymoMockD6331,ont,D6331_Zymo,43657,43657,                  Pseudoalteromonas luteoviolacea,Pseudoalteromonas luteoviolacea,species,3.356672275666039e-05,abund,0.0,1,1
Kraken2,default,Kraken2_default,ZymoMockD6331,ZymoMockD6331,ont,D6331_Zymo,43658,43658,                  Pseudoalteromonas rubra,Pseudoalteromonas rubra,species,3.356672275666039e-05,abund,0.0,1,1
Kraken2,default,Kraken2_default,ZymoMockD6331,ZymoMockD6331,ont,D6331_Zymo,43660,43660,                  Pseudoalteromonas undina,Pseudoalteromonas undina,species,3.356672275666039e-05,abund,0.0,1,1
Kraken2,default,Kraken2_default,ZymoMockD6331,ZymoMockD6331,ont,D6331_Zymo,882626,882626,                  Pseudoalteromonas xiamenensis,Pseudoalteromonas xiamenensis,species,3.356672275666039e-05,abund,0.0,1,1
Kraken2,default,Kraken2_default,ZymoMockD6331,ZymoMockD6331,ont,D6331_Zymo,182141,182141,                  Pseudoalteromonas prydzensis,Pseudoalteromonas prydzensis,species,3.356672275666039e-05,abund,0.0,1,0
Kraken2,default,Kraken2_default,ZymoMockD6331,ZymoMockD6331,ont,D6331_Zymo,176102,176102,                  Pseudoalteromonas agarivorans,Pseudoalteromonas agarivorans,species,3.356672275666039e-05,abund,0.0,1,1
Kraken2,default,Kraken2_default,ZymoMockD6331,ZymoMockD6331,ont,D6331_Zymo,2820710,2820710,                  Psychrosphaera ytuae,Psychrosphaera ytuae,species,6.713344551332078e-05,abund,0.0,2,2
Kraken2,default,Kraken2_default,ZymoMockD6331,ZymoMockD6331,ont,D6331_Zymo,58049,58049,                    Colwellia sp. MT41,Colwellia sp. MT41,species,0.00020140033653996236,abund,0.0,6,6
Kraken2,default,Kraken2_default,ZymoMockD6331,ZymoMockD6331,ont,D6331_Zymo,2161872,2161872,                    Colwellia sp. Arc7-D,Colwellia sp. Arc7-D,species,0.00013426689102664157,abund,0.0,4,4
Kraken2,default,Kraken2_default,ZymoMockD6331,ZymoMockD6331,ont,D6331_Zymo,2689569,2689569,                    Colwellia sp. 20A7,Colwellia sp. 20A7,species,0.00010070016826998118,abund,0.0,3,3
Kraken2,default,Kraken2_default,ZymoMockD6331,ZymoMockD6331,ont,D6331_Zymo,1816218,1816218,                    Colwellia sp. PAMC 20917,Colwellia sp. PAMC 20917,species,3.356672275666039e-05,abund,0.0,1,1
Kraken2,default,Kraken2_default,ZymoMockD6331,ZymoMockD6331,ont,D6331_Zymo,28229,28229,                  Colwellia psychrerythraea,Colwellia psychrerythraea,species,0.00016783361378330195,abund,0.0,5,0
Kraken2,default,Kraken2_default,ZymoMockD6331,ZymoMockD6331,ont,D6331_Zymo,349064,349064,                  Thalassotalea agarivorans,Thalassotalea agarivorans,species,6.713344551332078e-05,abund,0.0,2,2
Kraken2,default,Kraken2_default,ZymoMockD6331,ZymoMockD6331,ont,D6331_Zymo,1230533,1230533,                  Thalassotalea piscium,Thalassotalea piscium,species,6.713344551332078e-05,abund,0.0,2,2
Kraken2,default,Kraken2_default,ZymoMockD6331,ZymoMockD6331,ont,D6331_Zymo,1763536,1763536,                  Thalassotalea crassostreae,Thalassotalea crassostreae,species,6.713344551332078e-05,abund,0.0,2,2
Kraken2,default,Kraken2_default,ZymoMockD6331,ZymoMockD6331,ont,D6331_Zymo,3065648,3065648,                  Thalassotalea nanhaiensis,Thalassotalea nanhaiensis,species,6.713344551332078e-05,abund,0.0,2,2
Kraken2,default,Kraken2_default,ZymoMockD6331,ZymoMockD6331,ont,D6331_Zymo,3065649,3065649,                  Thalassotalea fonticola,Thalassotalea fonticola,species,6.713344551332078e-05,abund,0.0,2,2
Kraken2,default,Kraken2_default,ZymoMockD6331,ZymoMockD6331,ont,D6331_Zymo,2594005,2594005,                    Thalassotalea sp. PS06,Thalassotalea sp. PS06,species,3.356672275666039e-05,abund,0.0,1,1
Kraken2,default,Kraken2_default,ZymoMockD6331,ZymoMockD6331,ont,D6331_Zymo,3065647,3065647,                  Thalassotalea psychrophila,Thalassotalea psychrophila,species,3.356672275666039e-05,abund,0.0,1,1
Kraken2,default,Kraken2_default,ZymoMockD6331,ZymoMockD6331,ont,D6331_Zymo,137584,137584,                  Thalassomonas viridans,Thalassomonas viridans,species,0.00013426689102664157,abund,0.0,4,4
Kraken2,default,Kraken2_default,ZymoMockD6331,ZymoMockD6331,ont,D6331_Zymo,357794,357794,                  Psychromonas ingrahamii,Psychromonas ingrahamii,species,0.00010070016826998118,abund,0.0,3,0
Kraken2,default,Kraken2_default,ZymoMockD6331,ZymoMockD6331,ont,D6331_Zymo,3231032,3231032,                    Psychromonas sp. MME1,Psychromonas sp. MME1,species,3.356672275666039e-05,abund,0.0,1,1
Kraken2,default,Kraken2_default,ZymoMockD6331,ZymoMockD6331,ont,D6331_Zymo,3391823,3391823,                    Psychromonas sp. KJ10-10,Psychromonas sp. KJ10-10,species,3.356672275666039e-05,abund,0.0,1,1
Kraken2,default,Kraken2_default,ZymoMockD6331,ZymoMockD6331,ont,D6331_Zymo,1940690,1940690,                  Pseudidiomarina andamanensis,Pseudidiomarina andamanensis,species,0.00010070016826998118,abund,0.0,3,3
Kraken2,default,Kraken2_default,ZymoMockD6331,ZymoMockD6331,ont,D6331_Zymo,502366,502366,                  Pseudidiomarina marina,Pseudidiomarina marina,species,3.356672275666039e-05,abund,0.0,1,1
Kraken2,default,Kraken2_default,ZymoMockD6331,ZymoMockD6331,ont,D6331_Zymo,2746233,2746233,                    Moritella sp. 36,Moritella sp. 36,species,6.713344551332078e-05,abund,0.0,2,2
Kraken2,default,Kraken2_default,ZymoMockD6331,ZymoMockD6331,ont,D6331_Zymo,3028878,3028878,                    Ferrimonas sp. YFM,Ferrimonas sp. YFM,species,3.356672275666039e-05,abund,0.0,1,1
Kraken2,default,Kraken2_default,ZymoMockD6331,ZymoMockD6331,ont,D6331_Zymo,3035288,3035288,                    Acinetobacter sp. ANC 7201,Acinetobacter sp. ANC 7201,species,0.00023496705929662275,abund,0.0,7,7
Kraken2,default,Kraken2_default,ZymoMockD6331,ZymoMockD6331,ont,D6331_Zymo,2773709,2773709,                    Acinetobacter sp. ASP199,Acinetobacter sp. ASP199,species,0.00013426689102664157,abund,0.0,4,4
Kraken2,default,Kraken2_default,ZymoMockD6331,ZymoMockD6331,ont,D6331_Zymo,1407071,1407071,                    Acinetobacter sp. TGL-Y2,Acinetobacter sp. TGL-Y2,species,0.00013426689102664157,abund,0.0,4,4
Kraken2,default,Kraken2_default,ZymoMockD6331,ZymoMockD6331,ont,D6331_Zymo,3379131,3379131,                    Acinetobacter sp. SEK541,Acinetobacter sp. SEK541,species,0.00010070016826998118,abund,0.0,3,3
Kraken2,default,Kraken2_default,ZymoMockD6331,ZymoMockD6331,ont,D6331_Zymo,2953738,2953738,                    Acinetobacter sp. Z1,Acinetobacter sp. Z1,species,6.713344551332078e-05,abund,0.0,2,2
Kraken2,default,Kraken2_default,ZymoMockD6331,ZymoMockD6331,ont,D6331_Zymo,2798861,2798861,                    Acinetobacter sp. CS-2,Acinetobacter sp. CS-2,species,6.713344551332078e-05,abund,0.0,2,2
Kraken2,default,Kraken2_default,ZymoMockD6331,ZymoMockD6331,ont,D6331_Zymo,3156489,3156489,                    Acinetobacter sp. A1-4-2,Acinetobacter sp. A1-4-2,species,6.713344551332078e-05,abund,0.0,2,2
Kraken2,default,Kraken2_default,ZymoMockD6331,ZymoMockD6331,ont,D6331_Zymo,2913495,2913495,                    Acinetobacter sp. AHP123,Acinetobacter sp. AHP123,species,6.713344551332078e-05,abund,0.0,2,2
Kraken2,default,Kraken2_default,ZymoMockD6331,ZymoMockD6331,ont,D6331_Zymo,472,472,                    Acinetobacter sp.,Acinetobacter sp.,species,3.356672275666039e-05,abund,0.0,1,1
Kraken2,default,Kraken2_default,ZymoMockD6331,ZymoMockD6331,ont,D6331_Zymo,2950074,2950074,                    Acinetobacter sp. C32I,Acinetobacter sp. C32I,species,3.356672275666039e-05,abund,0.0,1,1
Kraken2,default,Kraken2_default,ZymoMockD6331,ZymoMockD6331,ont,D6331_Zymo,2004647,2004647,                    Acinetobacter sp. WCHAc010052,Acinetobacter sp. WCHAc010052,species,3.356672275666039e-05,abund,0.0,1,1
Kraken2,default,Kraken2_default,ZymoMockD6331,ZymoMockD6331,ont,D6331_Zymo,2004646,2004646,                    Acinetobacter sp. WCHA55,Acinetobacter sp. WCHA55,species,3.356672275666039e-05,abund,0.0,1,1
Kraken2,default,Kraken2_default,ZymoMockD6331,ZymoMockD6331,ont,D6331_Zymo,2004644,2004644,                    Acinetobacter sp. WCHA45,Acinetobacter sp. WCHA45,species,3.356672275666039e-05,abund,0.0,1,1
Kraken2,default,Kraken2_default,ZymoMockD6331,ZymoMockD6331,ont,D6331_Zymo,362457,362457,                    Acinetobacter sp. A2,Acinetobacter sp. A2,species,3.356672275666039e-05,abund,0.0,1,1
Kraken2,default,Kraken2_default,ZymoMockD6331,ZymoMockD6331,ont,D6331_Zymo,470,470,                    Acinetobacter baumannii,Acinetobacter baumannii,species,0.00030210050480994355,abund,0.0,9,9
Kraken2,default,Kraken2_default,ZymoMockD6331,ZymoMockD6331,ont,D6331_Zymo,471,471,                    Acinetobacter calcoaceticus,Acinetobacter calcoaceticus,species,0.00013426689102664157,abund,0.0,4,4
Kraken2,default,Kraken2_default,ZymoMockD6331,ZymoMockD6331,ont,D6331_Zymo,48296,48296,                    Acinetobacter pittii,Acinetobacter pittii,species,0.00013426689102664157,abund,0.0,4,4
Kraken2,default,Kraken2_default,ZymoMockD6331,ZymoMockD6331,ont,D6331_Zymo,106654,106654,                    Acinetobacter nosocomialis,Acinetobacter nosocomialis,species,0.00010070016826998118,abund,0.0,3,3
Kraken2,default,Kraken2_default,ZymoMockD6331,ZymoMockD6331,ont,D6331_Zymo,29430,29430,                  Acinetobacter haemolyticus,Acinetobacter haemolyticus,species,0.0005035008413499059,abund,0.0,15,15
Kraken2,default,Kraken2_default,ZymoMockD6331,ZymoMockD6331,ont,D6331_Zymo,1789224,1789224,                  Acinetobacter larvae,Acinetobacter larvae,species,0.00016783361378330195,abund,0.0,5,5
Kraken2,default,Kraken2_default,ZymoMockD6331,ZymoMockD6331,ont,D6331_Zymo,2006115,2006115,                  Acinetobacter piscicola,Acinetobacter piscicola,species,0.00013426689102664157,abund,0.0,4,4
Kraken2,default,Kraken2_default,ZymoMockD6331,ZymoMockD6331,ont,D6331_Zymo,40214,40214,                  Acinetobacter johnsonii,Acinetobacter johnsonii,species,0.00010070016826998118,abund,0.0,3,3
Kraken2,default,Kraken2_default,ZymoMockD6331,ZymoMockD6331,ont,D6331_Zymo,40216,40216,                  Acinetobacter radioresistens,Acinetobacter radioresistens,species,0.00010070016826998118,abund,0.0,3,3
Kraken2,default,Kraken2_default,ZymoMockD6331,ZymoMockD6331,ont,D6331_Zymo,70348,70348,                  Acinetobacter dispersus,Acinetobacter dispersus,species,0.00010070016826998118,abund,0.0,3,3
Kraken2,default,Kraken2_default,ZymoMockD6331,ZymoMockD6331,ont,D6331_Zymo,1871111,1871111,                  Acinetobacter defluvii,Acinetobacter defluvii,species,6.713344551332078e-05,abund,0.0,2,2
Kraken2,default,Kraken2_default,ZymoMockD6331,ZymoMockD6331,ont,D6331_Zymo,756892,756892,                  Acinetobacter indicus,Acinetobacter indicus,species,6.713344551332078e-05,abund,0.0,2,2
Kraken2,default,Kraken2_default,ZymoMockD6331,ZymoMockD6331,ont,D6331_Zymo,2715163,2715163,                  Acinetobacter lanii,Acinetobacter lanii,species,6.713344551332078e-05,abund,0.0,2,2
Kraken2,default,Kraken2_default,ZymoMockD6331,ZymoMockD6331,ont,D6331_Zymo,2715164,2715164,                  Acinetobacter shaoyimingii,Acinetobacter shaoyimingii,species,6.713344551332078e-05,abund,0.0,2,2
Kraken2,default,Kraken2_default,ZymoMockD6331,ZymoMockD6331,ont,D6331_Zymo,202950,202950,                  Acinetobacter baylyi,Acinetobacter baylyi,species,6.713344551332078e-05,abund,0.0,2,2
Kraken2,default,Kraken2_default,ZymoMockD6331,ZymoMockD6331,ont,D6331_Zymo,108980,108980,                  Acinetobacter ursingii,Acinetobacter ursingii,species,6.713344551332078e-05,abund,0.0,2,2
Kraken2,default,Kraken2_default,ZymoMockD6331,ZymoMockD6331,ont,D6331_Zymo,106649,106649,                  Acinetobacter guillouiae,Acinetobacter guillouiae,species,3.356672275666039e-05,abund,0.0,1,1
Kraken2,default,Kraken2_default,ZymoMockD6331,ZymoMockD6331,ont,D6331_Zymo,28090,28090,                  Acinetobacter lwoffii,Acinetobacter lwoffii,species,3.356672275666039e-05,abund,0.0,1,1
Kraken2,default,Kraken2_default,ZymoMockD6331,ZymoMockD6331,ont,D6331_Zymo,2004650,2004650,                  Acinetobacter chinensis,Acinetobacter chinensis,species,3.356672275666039e-05,abund,0.0,1,1
Kraken2,default,Kraken2_default,ZymoMockD6331,ZymoMockD6331,ont,D6331_Zymo,487316,487316,                  Acinetobacter soli,Acinetobacter soli,species,3.356672275666039e-05,abund,0.0,1,1
Kraken2,default,Kraken2_default,ZymoMockD6331,ZymoMockD6331,ont,D6331_Zymo,106648,106648,                  Acinetobacter bereziniae,Acinetobacter bereziniae,species,3.356672275666039e-05,abund,0.0,1,1
Kraken2,default,Kraken2_default,ZymoMockD6331,ZymoMockD6331,ont,D6331_Zymo,52133,52133,                  Acinetobacter venetianus,Acinetobacter venetianus,species,3.356672275666039e-05,abund,0.0,1,1
Kraken2,default,Kraken2_default,ZymoMockD6331,ZymoMockD6331,ont,D6331_Zymo,1443941,1443941,                  Acinetobacter gandensis,Acinetobacter gandensis,species,3.356672275666039e-05,abund,0.0,1,1
Kraken2,default,Kraken2_default,ZymoMockD6331,ZymoMockD6331,ont,D6331_Zymo,1324350,1324350,                  Acinetobacter equi,Acinetobacter equi,species,3.356672275666039e-05,abund,0.0,1,1
Kraken2,default,Kraken2_default,ZymoMockD6331,ZymoMockD6331,ont,D6331_Zymo,571800,571800,                    Psychrobacter sp. G,Psychrobacter sp. G,species,6.713344551332078e-05,abund,0.0,2,2
Kraken2,default,Kraken2_default,ZymoMockD6331,ZymoMockD6331,ont,D6331_Zymo,3406645,3406645,                    Psychrobacter sp. ER1,Psychrobacter sp. ER1,species,3.356672275666039e-05,abund,0.0,1,1
Kraken2,default,Kraken2_default,ZymoMockD6331,ZymoMockD6331,ont,D6331_Zymo,3043330,3043330,                    Psychrobacter sp. WB2,Psychrobacter sp. WB2,species,3.356672275666039e-05,abund,0.0,1,1
Kraken2,default,Kraken2_default,ZymoMockD6331,ZymoMockD6331,ont,D6331_Zymo,1699622,1699622,                    Psychrobacter sp. P2G3,Psychrobacter sp. P2G3,species,3.356672275666039e-05,abund,0.0,1,1
Kraken2,default,Kraken2_default,ZymoMockD6331,ZymoMockD6331,ont,D6331_Zymo,1028416,1028416,                    Psychrobacter sp. DAB_AL43B,Psychrobacter sp. DAB_AL43B,species,3.356672275666039e-05,abund,0.0,1,1
Kraken2,default,Kraken2_default,ZymoMockD6331,ZymoMockD6331,ont,D6331_Zymo,334543,334543,                  Psychrobacter arcticus,Psychrobacter arcticus,species,0.00020140033653996236,abund,0.0,6,0
Kraken2,default,Kraken2_default,ZymoMockD6331,ZymoMockD6331,ont,D6331_Zymo,256326,256326,                  Psychrobacter arenosus,Psychrobacter arenosus,species,0.00013426689102664157,abund,0.0,4,4
Kraken2,default,Kraken2_default,ZymoMockD6331,ZymoMockD6331,ont,D6331_Zymo,2565531,2565531,                  Psychrobacter raelei,Psychrobacter raelei,species,0.00013426689102664157,abund,0.0,4,4
Kraken2,default,Kraken2_default,ZymoMockD6331,ZymoMockD6331,ont,D6331_Zymo,330922,330922,                  Psychrobacter cryohalolentis,Psychrobacter cryohalolentis,species,3.356672275666039e-05,abund,0.0,1,1
Kraken2,default,Kraken2_default,ZymoMockD6331,ZymoMockD6331,ont,D6331_Zymo,34062,34062,                  Moraxella osloensis,Moraxella osloensis,species,0.00023496705929662275,abund,0.0,7,7
Kraken2,default,Kraken2_default,ZymoMockD6331,ZymoMockD6331,ont,D6331_Zymo,476,476,                  Moraxella bovis,Moraxella bovis,species,3.356672275666039e-05,abund,0.0,1,1
Kraken2,default,Kraken2_default,ZymoMockD6331,ZymoMockD6331,ont,D6331_Zymo,478,478,                  Moraxella nonliquefaciens,Moraxella nonliquefaciens,species,3.356672275666039e-05,abund,0.0,1,1
Kraken2,default,Kraken2_default,ZymoMockD6331,ZymoMockD6331,ont,D6331_Zymo,29433,29433,                  Moraxella ovis,Moraxella ovis,species,3.356672275666039e-05,abund,0.0,1,1
Kraken2,default,Kraken2_default,ZymoMockD6331,ZymoMockD6331,ont,D6331_Zymo,34059,34059,                  Moraxella atlantae,Moraxella atlantae,species,3.356672275666039e-05,abund,0.0,1,1
Kraken2,default,Kraken2_default,ZymoMockD6331,ZymoMockD6331,ont,D6331_Zymo,90239,90239,                  Moraxella canis,Moraxella canis,species,3.356672275666039e-05,abund,0.0,1,1
Kraken2,default,Kraken2_default,ZymoMockD6331,ZymoMockD6331,ont,D6331_Zymo,2911524,2911524,                    Avibacterium sp. 20-126,Avibacterium sp. 20-126,species,0.001275535464753095,abund,0.0,38,38
Kraken2,default,Kraken2_default,ZymoMockD6331,ZymoMockD6331,ont,D6331_Zymo,728,728,                  Avibacterium paragallinarum,Avibacterium paragallinarum,species,0.00010070016826998118,abund,0.0,3,3
Kraken2,default,Kraken2_default,ZymoMockD6331,ZymoMockD6331,ont,D6331_Zymo,727,727,                  Haemophilus influenzae,Haemophilus influenzae,species,0.0003356672275666039,abund,0.0,10,7
Kraken2,default,Kraken2_default,ZymoMockD6331,ZymoMockD6331,ont,D6331_Zymo,729,729,                  Haemophilus parainfluenzae,Haemophilus parainfluenzae,species,6.713344551332078e-05,abund,0.0,2,2
Kraken2,default,Kraken2_default,ZymoMockD6331,ZymoMockD6331,ont,D6331_Zymo,730,730,                  [Haemophilus] ducreyi,[Haemophilus] ducreyi,species,3.356672275666039e-05,abund,0.0,1,1
Kraken2,default,Kraken2_default,ZymoMockD6331,ZymoMockD6331,ont,D6331_Zymo,735,735,                  Haemophilus parahaemolyticus,Haemophilus parahaemolyticus,species,3.356672275666039e-05,abund,0.0,1,1
Kraken2,default,Kraken2_default,ZymoMockD6331,ZymoMockD6331,ont,D6331_Zymo,712310,712310,                    Haemophilus sp. oral taxon 036,Haemophilus sp. oral taxon 036,species,3.356672275666039e-05,abund,0.0,1,1
Kraken2,default,Kraken2_default,ZymoMockD6331,ZymoMockD6331,ont,D6331_Zymo,1432056,1432056,                    Mannheimia sp. USDA-ARS-USMARC-1261,Mannheimia sp. USDA-ARS-USMARC-1261,species,0.00013426689102664157,abund,0.0,4,4
Kraken2,default,Kraken2_default,ZymoMockD6331,ZymoMockD6331,ont,D6331_Zymo,75985,75985,                  Mannheimia haemolytica,Mannheimia haemolytica,species,3.356672275666039e-05,abund,0.0,1,1
Kraken2,default,Kraken2_default,ZymoMockD6331,ZymoMockD6331,ont,D6331_Zymo,85402,85402,                  Mannheimia granulomatis,Mannheimia granulomatis,species,3.356672275666039e-05,abund,0.0,1,1
Kraken2,default,Kraken2_default,ZymoMockD6331,ZymoMockD6331,ont,D6331_Zymo,85404,85404,                  Mannheimia varigena,Mannheimia varigena,species,3.356672275666039e-05,abund,0.0,1,1
Kraken2,default,Kraken2_default,ZymoMockD6331,ZymoMockD6331,ont,D6331_Zymo,2827233,2827233,                  Pasteurella atlantica,Pasteurella atlantica,species,0.00026853378205328313,abund,0.0,8,8
Kraken2,default,Kraken2_default,ZymoMockD6331,ZymoMockD6331,ont,D6331_Zymo,747,747,                  Pasteurella multocida,Pasteurella multocida,species,3.356672275666039e-05,abund,0.0,1,1
Kraken2,default,Kraken2_default,ZymoMockD6331,ZymoMockD6331,ont,D6331_Zymo,718,718,                  Actinobacillus equuli,Actinobacillus equuli,species,6.713344551332078e-05,abund,0.0,2,0
Kraken2,default,Kraken2_default,ZymoMockD6331,ZymoMockD6331,ont,D6331_Zymo,189834,189834,                  Actinobacillus porcitonsillarum,Actinobacillus porcitonsillarum,species,6.713344551332078e-05,abund,0.0,2,2
Kraken2,default,Kraken2_default,ZymoMockD6331,ZymoMockD6331,ont,D6331_Zymo,715,715,                  Actinobacillus pleuropneumoniae,Actinobacillus pleuropneumoniae,species,3.356672275666039e-05,abund,0.0,1,1
Kraken2,default,Kraken2_default,ZymoMockD6331,ZymoMockD6331,ont,D6331_Zymo,157339,157339,                  Actinobacillus arthritidis,Actinobacillus arthritidis,species,3.356672275666039e-05,abund,0.0,1,1
Kraken2,default,Kraken2_default,ZymoMockD6331,ZymoMockD6331,ont,D6331_Zymo,230709,230709,                  Actinobacillus genomosp. 2,Actinobacillus genomosp. 2,species,3.356672275666039e-05,abund,0.0,1,1
Kraken2,default,Kraken2_default,ZymoMockD6331,ZymoMockD6331,ont,D6331_Zymo,254839,254839,                  Actinobacillus genomosp. 1,Actinobacillus genomosp. 1,species,3.356672275666039e-05,abund,0.0,1,1
Kraken2,default,Kraken2_default,ZymoMockD6331,ZymoMockD6331,ont,D6331_Zymo,731,731,                  Histophilus somni,Histophilus somni,species,0.00010070016826998118,abund,0.0,3,3
Kraken2,default,Kraken2_default,ZymoMockD6331,ZymoMockD6331,ont,D6331_Zymo,712150,712150,                    Aggregatibacter sp. oral taxon 513,Aggregatibacter sp. oral taxon 513,species,6.713344551332078e-05,abund,0.0,2,2
Kraken2,default,Kraken2_default,ZymoMockD6331,ZymoMockD6331,ont,D6331_Zymo,2778911,2778911,                  Rodentibacter haemolyticus,Rodentibacter haemolyticus,species,3.356672275666039e-05,abund,0.0,1,1
Kraken2,default,Kraken2_default,ZymoMockD6331,ZymoMockD6331,ont,D6331_Zymo,1032623,1032623,                  Otariodibacter oris,Otariodibacter oris,species,6.713344551332078e-05,abund,0.0,2,2
Kraken2,default,Kraken2_default,ZymoMockD6331,ZymoMockD6331,ont,D6331_Zymo,3003617,3003617,                    Lonepinella sp. MS14434,Lonepinella sp. MS14434,species,3.356672275666039e-05,abund,0.0,1,1
Kraken2,default,Kraken2_default,ZymoMockD6331,ZymoMockD6331,ont,D6331_Zymo,109472,109472,                  Bisgaardia hudsonensis,Bisgaardia hudsonensis,species,3.356672275666039e-05,abund,0.0,1,1
Kraken2,default,Kraken2_default,ZymoMockD6331,ZymoMockD6331,ont,D6331_Zymo,221402,221402,                  Mergibacter septicus,Mergibacter septicus,species,3.356672275666039e-05,abund,0.0,1,1
Kraken2,default,Kraken2_default,ZymoMockD6331,ZymoMockD6331,ont,D6331_Zymo,2306583,2306583,                    Halomonas sp. JS92-SW72,Halomonas sp. JS92-SW72,species,0.0003356672275666039,abund,0.0,10,10
Kraken2,default,Kraken2_default,ZymoMockD6331,ZymoMockD6331,ont,D6331_Zymo,2733487,2733487,                    Halomonas sp. MCCC 1A13316,Halomonas sp. MCCC 1A13316,species,3.356672275666039e-05,abund,0.0,1,1
Kraken2,default,Kraken2_default,ZymoMockD6331,ZymoMockD6331,ont,D6331_Zymo,2982694,2982694,                    Halomonas sp. LR3S48,Halomonas sp. LR3S48,species,3.356672275666039e-05,abund,0.0,1,1
Kraken2,default,Kraken2_default,ZymoMockD6331,ZymoMockD6331,ont,D6331_Zymo,2576841,2576841,                    Halomonas sp. PA16-9,Halomonas sp. PA16-9,species,3.356672275666039e-05,abund,0.0,1,1
Kraken2,default,Kraken2_default,ZymoMockD6331,ZymoMockD6331,ont,D6331_Zymo,44933,44933,                  Halomonas cupida,Halomonas cupida,species,6.713344551332078e-05,abund,0.0,2,2
Kraken2,default,Kraken2_default,ZymoMockD6331,ZymoMockD6331,ont,D6331_Zymo,2733488,2733488,                  Halomonas sulfidivorans,Halomonas sulfidivorans,species,3.356672275666039e-05,abund,0.0,1,1
Kraken2,default,Kraken2_default,ZymoMockD6331,ZymoMockD6331,ont,D6331_Zymo,2562282,2562282,                  Halomonas binhaiensis,Halomonas binhaiensis,species,3.356672275666039e-05,abund,0.0,1,1
Kraken2,default,Kraken2_default,ZymoMockD6331,ZymoMockD6331,ont,D6331_Zymo,2661587,2661587,                    Candidatus Carsonella ruddii (Diaphorina cf. continua),Candidatus Carsonella ruddii (Diaphorina cf. continua),species,0.00023496705929662275,abund,0.0,7,7
Kraken2,default,Kraken2_default,ZymoMockD6331,ZymoMockD6331,ont,D6331_Zymo,114186,114186,                    Candidatus Carsonella ruddii,Candidatus Carsonella ruddii,species,0.00013426689102664157,abund,0.0,4,2
Kraken2,default,Kraken2_default,ZymoMockD6331,ZymoMockD6331,ont,D6331_Zymo,44935,44935,                  Vreelandella venusta,Vreelandella venusta,species,0.00010070016826998118,abund,0.0,3,3
Kraken2,default,Kraken2_default,ZymoMockD6331,ZymoMockD6331,ont,D6331_Zymo,664683,664683,                  Vreelandella titanicae,Vreelandella titanicae,species,0.00010070016826998118,abund,0.0,3,3
Kraken2,default,Kraken2_default,ZymoMockD6331,ZymoMockD6331,ont,D6331_Zymo,3394751,3394751,                    Vreelandella sp. F11,Vreelandella sp. F11,species,6.713344551332078e-05,abund,0.0,2,2
Kraken2,default,Kraken2_default,ZymoMockD6331,ZymoMockD6331,ont,D6331_Zymo,77097,77097,                  Vreelandella aquamarina,Vreelandella aquamarina,species,3.356672275666039e-05,abund,0.0,1,1
Kraken2,default,Kraken2_default,ZymoMockD6331,ZymoMockD6331,ont,D6331_Zymo,28258,28258,                  Cobetia marina,Cobetia marina,species,3.356672275666039e-05,abund,0.0,1,1
Kraken2,default,Kraken2_default,ZymoMockD6331,ZymoMockD6331,ont,D6331_Zymo,491948,491948,                  Marinomonas rhizomae,Marinomonas rhizomae,species,0.00013426689102664157,abund,0.0,4,4
Kraken2,default,Kraken2_default,ZymoMockD6331,ZymoMockD6331,ont,D6331_Zymo,2992802,2992802,                    Marinomonas sp. GJ51-6,Marinomonas sp. GJ51-6,species,6.713344551332078e-05,abund,0.0,2,2
Kraken2,default,Kraken2_default,ZymoMockD6331,ZymoMockD6331,ont,D6331_Zymo,2065312,2065312,                    Marinomonas sp. A3A,Marinomonas sp. A3A,species,3.356672275666039e-05,abund,0.0,1,1
Kraken2,default,Kraken2_default,ZymoMockD6331,ZymoMockD6331,ont,D6331_Zymo,178399,178399,                  Marinomonas primoryensis,Marinomonas primoryensis,species,6.713344551332078e-05,abund,0.0,2,2
Kraken2,default,Kraken2_default,ZymoMockD6331,ZymoMockD6331,ont,D6331_Zymo,293552,293552,                  Marinomonas polaris,Marinomonas polaris,species,3.356672275666039e-05,abund,0.0,1,1
Kraken2,default,Kraken2_default,ZymoMockD6331,ZymoMockD6331,ont,D6331_Zymo,2726122,2726122,                  Marinomonas profundi,Marinomonas profundi,species,3.356672275666039e-05,abund,0.0,1,1
Kraken2,default,Kraken2_default,ZymoMockD6331,ZymoMockD6331,ont,D6331_Zymo,187493,187493,                  Thalassolituus oleivorans,Thalassolituus oleivorans,species,6.713344551332078e-05,abund,0.0,2,2
Kraken2,default,Kraken2_default,ZymoMockD6331,ZymoMockD6331,ont,D6331_Zymo,2597518,2597518,                    Thalassolituus sp. C2-1,Thalassolituus sp. C2-1,species,6.713344551332078e-05,abund,0.0,2,2
Kraken2,default,Kraken2_default,ZymoMockD6331,ZymoMockD6331,ont,D6331_Zymo,3100113,3100113,                  Candidatus Thalassolituus haligoni,Candidatus Thalassolituus haligoni,species,6.713344551332078e-05,abund,0.0,2,2
Kraken2,default,Kraken2_default,ZymoMockD6331,ZymoMockD6331,ont,D6331_Zymo,1572645,1572645,                  Neptunomonas phycophila,Neptunomonas phycophila,species,0.00010070016826998118,abund,0.0,3,3
Kraken2,default,Kraken2_default,ZymoMockD6331,ZymoMockD6331,ont,D6331_Zymo,417574,417574,                  Neptunomonas japonica,Neptunomonas japonica,species,6.713344551332078e-05,abund,0.0,2,0
Kraken2,default,Kraken2_default,ZymoMockD6331,ZymoMockD6331,ont,D6331_Zymo,1249553,1249553,                  Bacterioplanes sanyensis,Bacterioplanes sanyensis,species,0.00016783361378330195,abund,0.0,5,5
Kraken2,default,Kraken2_default,ZymoMockD6331,ZymoMockD6331,ont,D6331_Zymo,651666,651666,                  Neptuniibacter halophilus,Neptuniibacter halophilus,species,0.00010070016826998118,abund,0.0,3,3
Kraken2,default,Kraken2_default,ZymoMockD6331,ZymoMockD6331,ont,D6331_Zymo,1806670,1806670,                  Neptuniibacter marinus,Neptuniibacter marinus,species,3.356672275666039e-05,abund,0.0,1,1
Kraken2,default,Kraken2_default,ZymoMockD6331,ZymoMockD6331,ont,D6331_Zymo,2661630,2661630,                  Venatoribacter cucullus,Venatoribacter cucullus,species,6.713344551332078e-05,abund,0.0,2,2
Kraken2,default,Kraken2_default,ZymoMockD6331,ZymoMockD6331,ont,D6331_Zymo,3386918,3386918,                    Nitrincola sp. WZQS7-5,Nitrincola sp. WZQS7-5,species,3.356672275666039e-05,abund,0.0,1,1
Kraken2,default,Kraken2_default,ZymoMockD6331,ZymoMockD6331,ont,D6331_Zymo,355243,355243,                  Amphritea atlantica,Amphritea atlantica,species,3.356672275666039e-05,abund,0.0,1,1
Kraken2,default,Kraken2_default,ZymoMockD6331,ZymoMockD6331,ont,D6331_Zymo,2895352,2895352,                  Aliamphritea hakodatensis,Aliamphritea hakodatensis,species,3.356672275666039e-05,abund,0.0,1,1
Kraken2,default,Kraken2_default,ZymoMockD6331,ZymoMockD6331,ont,D6331_Zymo,2918516,2918516,                    Endozoicomonas sp. SCSIO W0465,Endozoicomonas sp. SCSIO W0465,species,0.00013426689102664157,abund,0.0,4,4
Kraken2,default,Kraken2_default,ZymoMockD6331,ZymoMockD6331,ont,D6331_Zymo,2919499,2919499,                    Endozoicomonas sp. Mp262,Endozoicomonas sp. Mp262,species,0.00010070016826998118,abund,0.0,3,3
Kraken2,default,Kraken2_default,ZymoMockD6331,ZymoMockD6331,ont,D6331_Zymo,3009078,3009078,                    Endozoicomonas sp. GU-1,Endozoicomonas sp. GU-1,species,0.00010070016826998118,abund,0.0,3,3
Kraken2,default,Kraken2_default,ZymoMockD6331,ZymoMockD6331,ont,D6331_Zymo,1027273,1027273,                  Endozoicomonas montiporae,Endozoicomonas montiporae,species,6.713344551332078e-05,abund,0.0,2,0
Kraken2,default,Kraken2_default,ZymoMockD6331,ZymoMockD6331,ont,D6331_Zymo,1234143,1234143,                  Endozoicomonas euniceicola,Endozoicomonas euniceicola,species,3.356672275666039e-05,abund,0.0,1,1
Kraken2,default,Kraken2_default,ZymoMockD6331,ZymoMockD6331,ont,D6331_Zymo,1872427,1872427,                    Alcanivorax sp.,Alcanivorax sp.,species,0.00010070016826998118,abund,0.0,3,3
Kraken2,default,Kraken2_default,ZymoMockD6331,ZymoMockD6331,ont,D6331_Zymo,1336806,1336806,                  Reinekea forsetii,Reinekea forsetii,species,3.356672275666039e-05,abund,0.0,1,1
Kraken2,default,Kraken2_default,ZymoMockD6331,ZymoMockD6331,ont,D6331_Zymo,1445505,1445505,                  Gynuella sunshinyii,Gynuella sunshinyii,species,3.356672275666039e-05,abund,0.0,1,0
Kraken2,default,Kraken2_default,ZymoMockD6331,ZymoMockD6331,ont,D6331_Zymo,3070815,3070815,                  Pleionea litopenaei,Pleionea litopenaei,species,6.713344551332078e-05,abund,0.0,2,2
Kraken2,default,Kraken2_default,ZymoMockD6331,ZymoMockD6331,ont,D6331_Zymo,2683272,2683272,                  Spartinivicinus ruber,Spartinivicinus ruber,species,3.356672275666039e-05,abund,0.0,1,1
Kraken2,default,Kraken2_default,ZymoMockD6331,ZymoMockD6331,ont,D6331_Zymo,40324,40324,                    Stenotrophomonas maltophilia,Stenotrophomonas maltophilia,species,0.000772034623403189,abund,0.0,23,23
Kraken2,default,Kraken2_default,ZymoMockD6331,ZymoMockD6331,ont,D6331_Zymo,2871169,2871169,                    Stenotrophomonas forensis,Stenotrophomonas forensis,species,3.356672275666039e-05,abund,0.0,1,1
Kraken2,default,Kraken2_default,ZymoMockD6331,ZymoMockD6331,ont,D6331_Zymo,2045451,2045451,                  Stenotrophomonas indicatrix,Stenotrophomonas indicatrix,species,0.00016783361378330195,abund,0.0,5,5
Kraken2,default,Kraken2_default,ZymoMockD6331,ZymoMockD6331,ont,D6331_Zymo,2742129,2742129,                    Stenotrophomonas sp. NA06056,Stenotrophomonas sp. NA06056,species,6.713344551332078e-05,abund,0.0,2,2
Kraken2,default,Kraken2_default,ZymoMockD6331,ZymoMockD6331,ont,D6331_Zymo,216778,216778,                  Stenotrophomonas rhizophila,Stenotrophomonas rhizophila,species,3.356672275666039e-05,abund,0.0,1,1
Kraken2,default,Kraken2_default,ZymoMockD6331,ZymoMockD6331,ont,D6331_Zymo,3055080,3055080,                  Stenotrophomonas pigmentata,Stenotrophomonas pigmentata,species,3.356672275666039e-05,abund,0.0,1,1
Kraken2,default,Kraken2_default,ZymoMockD6331,ZymoMockD6331,ont,D6331_Zymo,3046274,3046274,                  Xanthomonas rydalmerensis,Xanthomonas rydalmerensis,species,0.00026853378205328313,abund,0.0,8,8
Kraken2,default,Kraken2_default,ZymoMockD6331,ZymoMockD6331,ont,D6331_Zymo,347,347,                  Xanthomonas oryzae,Xanthomonas oryzae,species,0.00013426689102664157,abund,0.0,4,4
Kraken2,default,Kraken2_default,ZymoMockD6331,ZymoMockD6331,ont,D6331_Zymo,56454,56454,                  Xanthomonas hortorum,Xanthomonas hortorum,species,0.00013426689102664157,abund,0.0,4,4
Kraken2,default,Kraken2_default,ZymoMockD6331,ZymoMockD6331,ont,D6331_Zymo,346,346,                    Xanthomonas citri,Xanthomonas citri,species,3.356672275666039e-05,abund,0.0,1,0
Kraken2,default,Kraken2_default,ZymoMockD6331,ZymoMockD6331,ont,D6331_Zymo,2775159,2775159,                  Xanthomonas hydrangeae,Xanthomonas hydrangeae,species,3.356672275666039e-05,abund,0.0,1,1
Kraken2,default,Kraken2_default,ZymoMockD6331,ZymoMockD6331,ont,D6331_Zymo,339,339,                  Xanthomonas campestris,Xanthomonas campestris,species,3.356672275666039e-05,abund,0.0,1,0
Kraken2,default,Kraken2_default,ZymoMockD6331,ZymoMockD6331,ont,D6331_Zymo,442694,442694,                  Xanthomonas perforans,Xanthomonas perforans,species,3.356672275666039e-05,abund,0.0,1,1
Kraken2,default,Kraken2_default,ZymoMockD6331,ZymoMockD6331,ont,D6331_Zymo,56460,56460,                  Xanthomonas vesicatoria,Xanthomonas vesicatoria,species,3.356672275666039e-05,abund,0.0,1,1
Kraken2,default,Kraken2_default,ZymoMockD6331,ZymoMockD6331,ont,D6331_Zymo,29447,29447,                  Xanthomonas albilineans,Xanthomonas albilineans,species,3.356672275666039e-05,abund,0.0,1,1
Kraken2,default,Kraken2_default,ZymoMockD6331,ZymoMockD6331,ont,D6331_Zymo,2371,2371,                  Xylella fastidiosa,Xylella fastidiosa,species,0.00013426689102664157,abund,0.0,4,4
Kraken2,default,Kraken2_default,ZymoMockD6331,ZymoMockD6331,ont,D6331_Zymo,1444770,1444770,                  Xylella taiwanensis,Xylella taiwanensis,species,0.00013426689102664157,abund,0.0,4,4
Kraken2,default,Kraken2_default,ZymoMockD6331,ZymoMockD6331,ont,D6331_Zymo,3383698,3383698,                    Lysobacter sp. Hz 25,Lysobacter sp. Hz 25,species,3.356672275666039e-05,abund,0.0,1,1
Kraken2,default,Kraken2_default,ZymoMockD6331,ZymoMockD6331,ont,D6331_Zymo,215691,215691,                  Thermomonas brevis,Thermomonas brevis,species,3.356672275666039e-05,abund,0.0,1,1
Kraken2,default,Kraken2_default,ZymoMockD6331,ZymoMockD6331,ont,D6331_Zymo,416169,416169,                  Rhodanobacter thiooxydans,Rhodanobacter thiooxydans,species,3.356672275666039e-05,abund,0.0,1,1
Kraken2,default,Kraken2_default,ZymoMockD6331,ZymoMockD6331,ont,D6331_Zymo,3350178,3350178,                    Tahibacter sp. UC22_41,Tahibacter sp. UC22_41,species,3.356672275666039e-05,abund,0.0,1,1
Kraken2,default,Kraken2_default,ZymoMockD6331,ZymoMockD6331,ont,D6331_Zymo,1542390,1542390,                  Francisella frigiditurris,Francisella frigiditurris,species,0.00043636739583658514,abund,0.0,13,13
Kraken2,default,Kraken2_default,ZymoMockD6331,ZymoMockD6331,ont,D6331_Zymo,573570,573570,                  Francisella uliginis,Francisella uliginis,species,0.00023496705929662275,abund,0.0,7,7
Kraken2,default,Kraken2_default,ZymoMockD6331,ZymoMockD6331,ont,D6331_Zymo,263,263,                  Francisella tularensis,Francisella tularensis,species,0.00013426689102664157,abund,0.0,4,1
Kraken2,default,Kraken2_default,ZymoMockD6331,ZymoMockD6331,ont,D6331_Zymo,1395624,1395624,                    Francisella sp. LA112445,Francisella sp. LA112445,species,0.00013426689102664157,abund,0.0,4,4
Kraken2,default,Kraken2_default,ZymoMockD6331,ZymoMockD6331,ont,D6331_Zymo,28110,28110,                  Francisella philomiragia,Francisella philomiragia,species,0.00010070016826998118,abund,0.0,3,3
Kraken2,default,Kraken2_default,ZymoMockD6331,ZymoMockD6331,ont,D6331_Zymo,657445,657445,                  Francisella noatunensis,Francisella noatunensis,species,0.00010070016826998118,abund,0.0,3,0
Kraken2,default,Kraken2_default,ZymoMockD6331,ZymoMockD6331,ont,D6331_Zymo,299583,299583,                  Francisella orientalis,Francisella orientalis,species,6.713344551332078e-05,abund,0.0,2,2
Kraken2,default,Kraken2_default,ZymoMockD6331,ZymoMockD6331,ont,D6331_Zymo,622488,622488,                  Francisella hispaniensis,Francisella hispaniensis,species,6.713344551332078e-05,abund,0.0,2,1
Kraken2,default,Kraken2_default,ZymoMockD6331,ZymoMockD6331,ont,D6331_Zymo,594679,594679,                  Allofrancisella guangzhouensis,Allofrancisella guangzhouensis,species,0.00010070016826998118,abund,0.0,3,3
Kraken2,default,Kraken2_default,ZymoMockD6331,ZymoMockD6331,ont,D6331_Zymo,2039724,2039724,                    Thiomicrorhabdus sp.,Thiomicrorhabdus sp.,species,0.00023496705929662275,abund,0.0,7,7
Kraken2,default,Kraken2_default,ZymoMockD6331,ZymoMockD6331,ont,D6331_Zymo,2739063,2739063,                  Thiomicrorhabdus xiamenensis,Thiomicrorhabdus xiamenensis,species,6.713344551332078e-05,abund,0.0,2,2
Kraken2,default,Kraken2_default,ZymoMockD6331,ZymoMockD6331,ont,D6331_Zymo,2675054,2675054,                  Thiosulfatimonas sediminis,Thiosulfatimonas sediminis,species,0.00016783361378330195,abund,0.0,5,5
Kraken2,default,Kraken2_default,ZymoMockD6331,ZymoMockD6331,ont,D6331_Zymo,2881052,2881052,                  Methylophaga pinxianii,Methylophaga pinxianii,species,0.00010070016826998118,abund,0.0,3,3
Kraken2,default,Kraken2_default,ZymoMockD6331,ZymoMockD6331,ont,D6331_Zymo,45495,45495,                  Methylophaga marina,Methylophaga marina,species,3.356672275666039e-05,abund,0.0,1,1
Kraken2,default,Kraken2_default,ZymoMockD6331,ZymoMockD6331,ont,D6331_Zymo,1803865,1803865,                    Thiomicrospira sp. S5,Thiomicrospira sp. S5,species,3.356672275666039e-05,abund,0.0,1,1
Kraken2,default,Kraken2_default,ZymoMockD6331,ZymoMockD6331,ont,D6331_Zymo,3035472,3035472,                    Thiomicrospira sp. R3,Thiomicrospira sp. R3,species,3.356672275666039e-05,abund,0.0,1,1
Kraken2,default,Kraken2_default,ZymoMockD6331,ZymoMockD6331,ont,D6331_Zymo,147268,147268,                  Thiomicrospira cyclica,Thiomicrospira cyclica,species,3.356672275666039e-05,abund,0.0,1,0
Kraken2,default,Kraken2_default,ZymoMockD6331,ZymoMockD6331,ont,D6331_Zymo,28885,28885,                  Hydrogenovibrio marinus,Hydrogenovibrio marinus,species,3.356672275666039e-05,abund,0.0,1,1
Kraken2,default,Kraken2_default,ZymoMockD6331,ZymoMockD6331,ont,D6331_Zymo,288004,288004,                  Beggiatoa leptomitoformis,Beggiatoa leptomitoformis,species,0.00010070016826998118,abund,0.0,3,3
Kraken2,default,Kraken2_default,ZymoMockD6331,ZymoMockD6331,ont,D6331_Zymo,2975055,2975055,                    Cysteiniphilum sp. QT6929,Cysteiniphilum sp. QT6929,species,3.356672275666039e-05,abund,0.0,1,1
Kraken2,default,Kraken2_default,ZymoMockD6331,ZymoMockD6331,ont,D6331_Zymo,3402688,3402688,                    Legionella sp. D16C41,Legionella sp. D16C41,species,0.00016783361378330195,abund,0.0,5,5
Kraken2,default,Kraken2_default,ZymoMockD6331,ZymoMockD6331,ont,D6331_Zymo,2755562,2755562,                    Legionella sp. PC997,Legionella sp. PC997,species,0.00013426689102664157,abund,0.0,4,4
Kraken2,default,Kraken2_default,ZymoMockD6331,ZymoMockD6331,ont,D6331_Zymo,2662448,2662448,                    Legionella sp. MW5194,Legionella sp. MW5194,species,3.356672275666039e-05,abund,0.0,1,1
Kraken2,default,Kraken2_default,ZymoMockD6331,ZymoMockD6331,ont,D6331_Zymo,3367288,3367288,                    Legionella sp. 227,Legionella sp. 227,species,3.356672275666039e-05,abund,0.0,1,1
Kraken2,default,Kraken2_default,ZymoMockD6331,ZymoMockD6331,ont,D6331_Zymo,66969,66969,                  Legionella waltersii,Legionella waltersii,species,0.00026853378205328313,abund,0.0,8,8
Kraken2,default,Kraken2_default,ZymoMockD6331,ZymoMockD6331,ont,D6331_Zymo,446,446,                  Legionella pneumophila,Legionella pneumophila,species,0.00023496705929662275,abund,0.0,7,7
Kraken2,default,Kraken2_default,ZymoMockD6331,ZymoMockD6331,ont,D6331_Zymo,1071983,1071983,                  Legionella cardiaca,Legionella cardiaca,species,0.00016783361378330195,abund,0.0,5,5
Kraken2,default,Kraken2_default,ZymoMockD6331,ZymoMockD6331,ont,D6331_Zymo,450,450,                  Legionella longbeachae,Legionella longbeachae,species,0.00013426689102664157,abund,0.0,4,4
Kraken2,default,Kraken2_default,ZymoMockD6331,ZymoMockD6331,ont,D6331_Zymo,2005262,2005262,                  Candidatus Legionella polyplacis,Candidatus Legionella polyplacis,species,0.00010070016826998118,abund,0.0,3,3
Kraken2,default,Kraken2_default,ZymoMockD6331,ZymoMockD6331,ont,D6331_Zymo,454,454,                  Legionella israelensis,Legionella israelensis,species,6.713344551332078e-05,abund,0.0,2,2
Kraken2,default,Kraken2_default,ZymoMockD6331,ZymoMockD6331,ont,D6331_Zymo,451,451,                  Legionella micdadei,Legionella micdadei,species,3.356672275666039e-05,abund,0.0,1,1
Kraken2,default,Kraken2_default,ZymoMockD6331,ZymoMockD6331,ont,D6331_Zymo,1867846,1867846,                  Legionella clemsonensis,Legionella clemsonensis,species,3.356672275666039e-05,abund,0.0,1,1
Kraken2,default,Kraken2_default,ZymoMockD6331,ZymoMockD6331,ont,D6331_Zymo,28087,28087,                  Legionella sainthelensi,Legionella sainthelensi,species,3.356672275666039e-05,abund,0.0,1,1
Kraken2,default,Kraken2_default,ZymoMockD6331,ZymoMockD6331,ont,D6331_Zymo,29423,29423,                  Legionella oakridgensis,Legionella oakridgensis,species,3.356672275666039e-05,abund,0.0,1,0
Kraken2,default,Kraken2_default,ZymoMockD6331,ZymoMockD6331,ont,D6331_Zymo,45056,45056,                  Legionella adelaidensis,Legionella adelaidensis,species,3.356672275666039e-05,abund,0.0,1,1
Kraken2,default,Kraken2_default,ZymoMockD6331,ZymoMockD6331,ont,D6331_Zymo,45065,45065,                  Legionella geestiana,Legionella geestiana,species,3.356672275666039e-05,abund,0.0,1,1
Kraken2,default,Kraken2_default,ZymoMockD6331,ZymoMockD6331,ont,D6331_Zymo,96230,96230,                  Legionella fallonii,Legionella fallonii,species,3.356672275666039e-05,abund,0.0,1,0
Kraken2,default,Kraken2_default,ZymoMockD6331,ZymoMockD6331,ont,D6331_Zymo,3077937,3077937,                    Rickettsiella endosymbiont of Rhagonycha lignosa,Rickettsiella endosymbiont of Rhagonycha lignosa,species,0.00010070016826998118,abund,0.0,3,3
Kraken2,default,Kraken2_default,ZymoMockD6331,ZymoMockD6331,ont,D6331_Zymo,3077936,3077936,                    Rickettsiella endosymbiont of Aleochara curtula,Rickettsiella endosymbiont of Aleochara curtula,species,6.713344551332078e-05,abund,0.0,2,2
Kraken2,default,Kraken2_default,ZymoMockD6331,ZymoMockD6331,ont,D6331_Zymo,2856608,2856608,                    Rickettsiella endosymbiont of Dermanyssus gallinae,Rickettsiella endosymbiont of Dermanyssus gallinae,species,3.356672275666039e-05,abund,0.0,1,1
Kraken2,default,Kraken2_default,ZymoMockD6331,ZymoMockD6331,ont,D6331_Zymo,3066237,3066237,                    Rickettsiella endosymbiont of Litargus connexus,Rickettsiella endosymbiont of Litargus connexus,species,3.356672275666039e-05,abund,0.0,1,1
Kraken2,default,Kraken2_default,ZymoMockD6331,ZymoMockD6331,ont,D6331_Zymo,777,777,                  Coxiella burnetii,Coxiella burnetii,species,3.356672275666039e-05,abund,0.0,1,1
Kraken2,default,Kraken2_default,ZymoMockD6331,ZymoMockD6331,ont,D6331_Zymo,1656159,1656159,                    Coxiella endosymbiont of Dermacentor marginatus,Coxiella endosymbiont of Dermacentor marginatus,species,3.356672275666039e-05,abund,0.0,1,1
Kraken2,default,Kraken2_default,ZymoMockD6331,ZymoMockD6331,ont,D6331_Zymo,3120264,3120264,                    Gilliamella sp. wkB7,Gilliamella sp. wkB7,species,0.00043636739583658514,abund,0.0,13,13
Kraken2,default,Kraken2_default,ZymoMockD6331,ZymoMockD6331,ont,D6331_Zymo,2704653,2704653,                    Gilliamella sp. ESL0405,Gilliamella sp. ESL0405,species,3.356672275666039e-05,abund,0.0,1,1
Kraken2,default,Kraken2_default,ZymoMockD6331,ZymoMockD6331,ont,D6331_Zymo,1970738,1970738,                  Gilliamella apis,Gilliamella apis,species,0.00010070016826998118,abund,0.0,3,3
Kraken2,default,Kraken2_default,ZymoMockD6331,ZymoMockD6331,ont,D6331_Zymo,1196095,1196095,                  Gilliamella apicola,Gilliamella apicola,species,3.356672275666039e-05,abund,0.0,1,1
Kraken2,default,Kraken2_default,ZymoMockD6331,ZymoMockD6331,ont,D6331_Zymo,1267021,1267021,                  Frischella perrara,Frischella perrara,species,0.00026853378205328313,abund,0.0,8,8
Kraken2,default,Kraken2_default,ZymoMockD6331,ZymoMockD6331,ont,D6331_Zymo,3074111,3074111,                  Orbus wheelerorum,Orbus wheelerorum,species,0.00013426689102664157,abund,0.0,4,4
Kraken2,default,Kraken2_default,ZymoMockD6331,ZymoMockD6331,ont,D6331_Zymo,3074107,3074107,                  Orbus mooreae,Orbus mooreae,species,3.356672275666039e-05,abund,0.0,1,1
Kraken2,default,Kraken2_default,ZymoMockD6331,ZymoMockD6331,ont,D6331_Zymo,1635327,1635327,                  Zophobihabitans entericus,Zophobihabitans entericus,species,3.356672275666039e-05,abund,0.0,1,1
Kraken2,default,Kraken2_default,ZymoMockD6331,ZymoMockD6331,ont,D6331_Zymo,3074108,3074108,                  Utexia brackfieldae,Utexia brackfieldae,species,3.356672275666039e-05,abund,0.0,1,1
Kraken2,default,Kraken2_default,ZymoMockD6331,ZymoMockD6331,ont,D6331_Zymo,80679,80679,                  Thioflavicoccus mobilis,Thioflavicoccus mobilis,species,0.00040280067307992473,abund,0.0,12,0
Kraken2,default,Kraken2_default,ZymoMockD6331,ZymoMockD6331,ont,D6331_Zymo,3019969,3019969,                    Rheinheimera sp. MM224,Rheinheimera sp. MM224,species,0.00023496705929662275,abund,0.0,7,7
Kraken2,default,Kraken2_default,ZymoMockD6331,ZymoMockD6331,ont,D6331_Zymo,1763998,1763998,                    Rheinheimera sp. F8,Rheinheimera sp. F8,species,3.356672275666039e-05,abund,0.0,1,1
Kraken2,default,Kraken2_default,ZymoMockD6331,ZymoMockD6331,ont,D6331_Zymo,2498451,2498451,                  Rheinheimera mangrovi,Rheinheimera mangrovi,species,6.713344551332078e-05,abund,0.0,2,2
Kraken2,default,Kraken2_default,ZymoMockD6331,ZymoMockD6331,ont,D6331_Zymo,1630141,1630141,                  Candidatus Nitrosoglobus terrae,Candidatus Nitrosoglobus terrae,species,0.00013426689102664157,abund,0.0,4,4
Kraken2,default,Kraken2_default,ZymoMockD6331,ZymoMockD6331,ont,D6331_Zymo,553981,553981,                  Candidatus Nitrosacidococcus tergens,Candidatus Nitrosacidococcus tergens,species,6.713344551332078e-05,abund,0.0,2,2
Kraken2,default,Kraken2_default,ZymoMockD6331,ZymoMockD6331,ont,D6331_Zymo,521689,521689,                  Thiocapsa bogorovii,Thiocapsa bogorovii,species,3.356672275666039e-05,abund,0.0,1,1
Kraken2,default,Kraken2_default,ZymoMockD6331,ZymoMockD6331,ont,D6331_Zymo,473531,473531,                  Nitrosococcus watsonii,Nitrosococcus watsonii,species,3.356672275666039e-05,abund,0.0,1,0
Kraken2,default,Kraken2_default,ZymoMockD6331,ZymoMockD6331,ont,D6331_Zymo,73141,73141,                  Thiocystis violascens,Thiocystis violascens,species,3.356672275666039e-05,abund,0.0,1,0
Kraken2,default,Kraken2_default,ZymoMockD6331,ZymoMockD6331,ont,D6331_Zymo,1166950,1166950,                  Candidatus Thiodictyon syntrophicum,Candidatus Thiodictyon syntrophicum,species,3.356672275666039e-05,abund,0.0,1,1
Kraken2,default,Kraken2_default,ZymoMockD6331,ZymoMockD6331,ont,D6331_Zymo,1860122,1860122,                  Halothiobacillus diazotrophicus,Halothiobacillus diazotrophicus,species,3.356672275666039e-05,abund,0.0,1,1
Kraken2,default,Kraken2_default,ZymoMockD6331,ZymoMockD6331,ont,D6331_Zymo,437505,437505,                  Granulosicoccus antarcticus,Granulosicoccus antarcticus,species,3.356672275666039e-05,abund,0.0,1,0
Kraken2,default,Kraken2_default,ZymoMockD6331,ZymoMockD6331,ont,D6331_Zymo,2771012,2771012,                    Wenzhouxiangella sp. AB-CW3,Wenzhouxiangella sp. AB-CW3,species,3.356672275666039e-05,abund,0.0,1,1
Kraken2,default,Kraken2_default,ZymoMockD6331,ZymoMockD6331,ont,D6331_Zymo,1543721,1543721,                  Sedimenticola thiotaurini,Sedimenticola thiotaurini,species,3.356672275666039e-05,abund,0.0,1,1
Kraken2,default,Kraken2_default,ZymoMockD6331,ZymoMockD6331,ont,D6331_Zymo,648,648,                  Aeromonas caviae,Aeromonas caviae,species,0.00016783361378330195,abund,0.0,5,5
Kraken2,default,Kraken2_default,ZymoMockD6331,ZymoMockD6331,ont,D6331_Zymo,654,654,                  Aeromonas veronii,Aeromonas veronii,species,6.713344551332078e-05,abund,0.0,2,2
Kraken2,default,Kraken2_default,ZymoMockD6331,ZymoMockD6331,ont,D6331_Zymo,644,644,                  Aeromonas hydrophila,Aeromonas hydrophila,species,3.356672275666039e-05,abund,0.0,1,1
Kraken2,default,Kraken2_default,ZymoMockD6331,ZymoMockD6331,ont,D6331_Zymo,29489,29489,                  Aeromonas enteropelogenes,Aeromonas enteropelogenes,species,3.356672275666039e-05,abund,0.0,1,1
Kraken2,default,Kraken2_default,ZymoMockD6331,ZymoMockD6331,ont,D6331_Zymo,83771,83771,                  Succinivibrio dextrinosolvens,Succinivibrio dextrinosolvens,species,3.356672275666039e-05,abund,0.0,1,1
Kraken2,default,Kraken2_default,ZymoMockD6331,ZymoMockD6331,ont,D6331_Zymo,1620392,1620392,                    Spongiibacter sp. IMCC21906,Spongiibacter sp. IMCC21906,species,0.00023496705929662275,abund,0.0,7,7
Kraken2,default,Kraken2_default,ZymoMockD6331,ZymoMockD6331,ont,D6331_Zymo,155077,155077,                  Cellvibrio japonicus,Cellvibrio japonicus,species,6.713344551332078e-05,abund,0.0,2,2
Kraken2,default,Kraken2_default,ZymoMockD6331,ZymoMockD6331,ont,D6331_Zymo,2426,2426,                  Teredinibacter turnerae,Teredinibacter turnerae,species,3.356672275666039e-05,abund,0.0,1,1
Kraken2,default,Kraken2_default,ZymoMockD6331,ZymoMockD6331,ont,D6331_Zymo,86304,86304,                  Saccharophagus degradans,Saccharophagus degradans,species,3.356672275666039e-05,abund,0.0,1,1
Kraken2,default,Kraken2_default,ZymoMockD6331,ZymoMockD6331,ont,D6331_Zymo,3233574,3233574,                    Agaribacterium sp. ZY112,Agaribacterium sp. ZY112,species,3.356672275666039e-05,abund,0.0,1,1
Kraken2,default,Kraken2_default,ZymoMockD6331,ZymoMockD6331,ont,D6331_Zymo,1516059,1516059,                    Microbulbifer sp. ALW1,Microbulbifer sp. ALW1,species,3.356672275666039e-05,abund,0.0,1,1
Kraken2,default,Kraken2_default,ZymoMockD6331,ZymoMockD6331,ont,D6331_Zymo,3140242,3140242,                    Microbulbifer sp. ARAS458-1,Microbulbifer sp. ARAS458-1,species,3.356672275666039e-05,abund,0.0,1,1
Kraken2,default,Kraken2_default,ZymoMockD6331,ZymoMockD6331,ont,D6331_Zymo,260552,260552,                  Microbulbifer agarilyticus,Microbulbifer agarilyticus,species,3.356672275666039e-05,abund,0.0,1,1
Kraken2,default,Kraken2_default,ZymoMockD6331,ZymoMockD6331,ont,D6331_Zymo,2944933,2944933,                  Microbulbifer spongiae,Microbulbifer spongiae,species,3.356672275666039e-05,abund,0.0,1,1
Kraken2,default,Kraken2_default,ZymoMockD6331,ZymoMockD6331,ont,D6331_Zymo,2708301,2708301,                  Kineobactrum salinum,Kineobactrum salinum,species,3.356672275666039e-05,abund,0.0,1,1
Kraken2,default,Kraken2_default,ZymoMockD6331,ZymoMockD6331,ont,D6331_Zymo,1427364,1427364,                  Candidatus Pseudothioglobus singularis,Candidatus Pseudothioglobus singularis,species,0.00010070016826998118,abund,0.0,3,1
Kraken2,default,Kraken2_default,ZymoMockD6331,ZymoMockD6331,ont,D6331_Zymo,3230995,3230995,                    Candidatus Pseudothioglobus sp. Uisw_016,Candidatus Pseudothioglobus sp. Uisw_016,species,0.00010070016826998118,abund,0.0,3,3
Kraken2,default,Kraken2_default,ZymoMockD6331,ZymoMockD6331,ont,D6331_Zymo,412965,412965,                  Candidatus Vesicomyosocius okutanii,Candidatus Vesicomyosocius okutanii,species,3.356672275666039e-05,abund,0.0,1,1
Kraken2,default,Kraken2_default,ZymoMockD6331,ZymoMockD6331,ont,D6331_Zymo,2738852,2738852,                  Candidatus Ruthia endofausta,Candidatus Ruthia endofausta,species,3.356672275666039e-05,abund,0.0,1,1
Kraken2,default,Kraken2_default,ZymoMockD6331,ZymoMockD6331,ont,D6331_Zymo,1705394,1705394,                  Candidatus Thioglobus autotrophicus,Candidatus Thioglobus autotrophicus,species,3.356672275666039e-05,abund,0.0,1,1
Kraken2,default,Kraken2_default,ZymoMockD6331,ZymoMockD6331,ont,D6331_Zymo,2360,2360,                Bathymodiolus thermophilus thioautotrophic gill symbiont,Bathymodiolus thermophilus thioautotrophic gill symbiont,species,3.356672275666039e-05,abund,0.0,1,1
Kraken2,default,Kraken2_default,ZymoMockD6331,ZymoMockD6331,ont,D6331_Zymo,2738883,2738883,                Candidatus Reidiella endopervernicosa,Candidatus Reidiella endopervernicosa,species,3.356672275666039e-05,abund,0.0,1,1
Kraken2,default,Kraken2_default,ZymoMockD6331,ZymoMockD6331,ont,D6331_Zymo,3367743,3367743,                    Methylomonas sp. 2B,Methylomonas sp. 2B,species,6.713344551332078e-05,abund,0.0,2,2
Kraken2,default,Kraken2_default,ZymoMockD6331,ZymoMockD6331,ont,D6331_Zymo,1173101,1173101,                  Methylomonas paludis,Methylomonas paludis,species,3.356672275666039e-05,abund,0.0,1,1
Kraken2,default,Kraken2_default,ZymoMockD6331,ZymoMockD6331,ont,D6331_Zymo,1760988,1760988,                  Methylomagnum ishizawai,Methylomagnum ishizawai,species,0.00013426689102664157,abund,0.0,4,4
Kraken2,default,Kraken2_default,ZymoMockD6331,ZymoMockD6331,ont,D6331_Zymo,136992,136992,                  Methylomicrobium lacus,Methylomicrobium lacus,species,3.356672275666039e-05,abund,0.0,1,1
Kraken2,default,Kraken2_default,ZymoMockD6331,ZymoMockD6331,ont,D6331_Zymo,1432792,1432792,                  Methylocaldum marinum,Methylocaldum marinum,species,3.356672275666039e-05,abund,0.0,1,1
Kraken2,default,Kraken2_default,ZymoMockD6331,ZymoMockD6331,ont,D6331_Zymo,91844,91844,                  Candidatus Portiera aleyrodidarum,Candidatus Portiera aleyrodidarum,species,0.00013426689102664157,abund,0.0,4,4
Kraken2,default,Kraken2_default,ZymoMockD6331,ZymoMockD6331,ont,D6331_Zymo,112009,112009,                  Ignatzschineria larvae,Ignatzschineria larvae,species,3.356672275666039e-05,abund,0.0,1,0
Kraken2,default,Kraken2_default,ZymoMockD6331,ZymoMockD6331,ont,D6331_Zymo,914150,914150,                  Kangiella geojedonensis,Kangiella geojedonensis,species,3.356672275666039e-05,abund,0.0,1,1
Kraken2,default,Kraken2_default,ZymoMockD6331,ZymoMockD6331,ont,D6331_Zymo,1248727,1248727,              endosymbiont of unidentified scaly snail isolate Monju,endosymbiont of unidentified scaly snail isolate Monju,species,3.356672275666039e-05,abund,0.0,1,1
Kraken2,default,Kraken2_default,ZymoMockD6331,ZymoMockD6331,ont,D6331_Zymo,87883,87883,                    Burkholderia multivorans,Burkholderia multivorans,species,0.030210050480994354,abund,0.03,900,900
Kraken2,default,Kraken2_default,ZymoMockD6331,ZymoMockD6331,ont,D6331_Zymo,152480,152480,                    Burkholderia ambifaria,Burkholderia ambifaria,species,6.713344551332078e-05,abund,0.0,2,1
Kraken2,default,Kraken2_default,ZymoMockD6331,ZymoMockD6331,ont,D6331_Zymo,95486,95486,                    Burkholderia cenocepacia,Burkholderia cenocepacia,species,3.356672275666039e-05,abund,0.0,1,1
Kraken2,default,Kraken2_default,ZymoMockD6331,ZymoMockD6331,ont,D6331_Zymo,337,337,                  Burkholderia glumae,Burkholderia glumae,species,6.713344551332078e-05,abund,0.0,2,2
Kraken2,default,Kraken2_default,ZymoMockD6331,ZymoMockD6331,ont,D6331_Zymo,1855652,1855652,                    Polynucleobacter sp. es-EL-1,Polynucleobacter sp. es-EL-1,species,0.00010070016826998118,abund,0.0,3,3
Kraken2,default,Kraken2_default,ZymoMockD6331,ZymoMockD6331,ont,D6331_Zymo,2081052,2081052,                    Polynucleobacter sp. MG-Unter2-18,Polynucleobacter sp. MG-Unter2-18,species,6.713344551332078e-05,abund,0.0,2,2
Kraken2,default,Kraken2_default,ZymoMockD6331,ZymoMockD6331,ont,D6331_Zymo,2770234,2770234,                    Polynucleobacter sp. Adler-ghost,Polynucleobacter sp. Adler-ghost,species,6.713344551332078e-05,abund,0.0,2,2
Kraken2,default,Kraken2_default,ZymoMockD6331,ZymoMockD6331,ont,D6331_Zymo,1743173,1743173,                    Polynucleobacter sp. MWH-P3-07-1,Polynucleobacter sp. MWH-P3-07-1,species,3.356672275666039e-05,abund,0.0,1,1
Kraken2,default,Kraken2_default,ZymoMockD6331,ZymoMockD6331,ont,D6331_Zymo,3022126,3022126,                    Polynucleobacter sp. TUM22923,Polynucleobacter sp. TUM22923,species,3.356672275666039e-05,abund,0.0,1,1
Kraken2,default,Kraken2_default,ZymoMockD6331,ZymoMockD6331,ont,D6331_Zymo,1743162,1743162,                  Polynucleobacter antarcticus,Polynucleobacter antarcticus,species,0.00016783361378330195,abund,0.0,5,5
Kraken2,default,Kraken2_default,ZymoMockD6331,ZymoMockD6331,ont,D6331_Zymo,576611,576611,                  Polynucleobacter asymbioticus,Polynucleobacter asymbioticus,species,6.713344551332078e-05,abund,0.0,2,2
Kraken2,default,Kraken2_default,ZymoMockD6331,ZymoMockD6331,ont,D6331_Zymo,1743165,1743165,                  Polynucleobacter arcticus,Polynucleobacter arcticus,species,6.713344551332078e-05,abund,0.0,2,2
Kraken2,default,Kraken2_default,ZymoMockD6331,ZymoMockD6331,ont,D6331_Zymo,576610,576610,                  Polynucleobacter necessarius,Polynucleobacter necessarius,species,3.356672275666039e-05,abund,0.0,1,1
Kraken2,default,Kraken2_default,ZymoMockD6331,ZymoMockD6331,ont,D6331_Zymo,1819725,1819725,                  Polynucleobacter ibericus,Polynucleobacter ibericus,species,3.356672275666039e-05,abund,0.0,1,1
Kraken2,default,Kraken2_default,ZymoMockD6331,ZymoMockD6331,ont,D6331_Zymo,164546,164546,                  Cupriavidus taiwanensis,Cupriavidus taiwanensis,species,0.00026853378205328313,abund,0.0,8,8
Kraken2,default,Kraken2_default,ZymoMockD6331,ZymoMockD6331,ont,D6331_Zymo,82541,82541,                  Cupriavidus gilardii,Cupriavidus gilardii,species,0.00010070016826998118,abund,0.0,3,3
Kraken2,default,Kraken2_default,ZymoMockD6331,ZymoMockD6331,ont,D6331_Zymo,3024399,3024399,                  Cupriavidus phytorum,Cupriavidus phytorum,species,0.00010070016826998118,abund,0.0,3,3
Kraken2,default,Kraken2_default,ZymoMockD6331,ZymoMockD6331,ont,D6331_Zymo,119219,119219,                  Cupriavidus metallidurans,Cupriavidus metallidurans,species,3.356672275666039e-05,abund,0.0,1,1
Kraken2,default,Kraken2_default,ZymoMockD6331,ZymoMockD6331,ont,D6331_Zymo,1796606,1796606,                  Cupriavidus nantongensis,Cupriavidus nantongensis,species,3.356672275666039e-05,abund,0.0,1,1
Kraken2,default,Kraken2_default,ZymoMockD6331,ZymoMockD6331,ont,D6331_Zymo,3160989,3160989,                    Cupriavidus sp. DF5525,Cupriavidus sp. DF5525,species,3.356672275666039e-05,abund,0.0,1,1
Kraken2,default,Kraken2_default,ZymoMockD6331,ZymoMockD6331,ont,D6331_Zymo,2604047,2604047,                  Paraburkholderia dioscoreae,Paraburkholderia dioscoreae,species,6.713344551332078e-05,abund,0.0,2,2
Kraken2,default,Kraken2_default,ZymoMockD6331,ZymoMockD6331,ont,D6331_Zymo,169430,169430,                  Paraburkholderia hospita,Paraburkholderia hospita,species,6.713344551332078e-05,abund,0.0,2,2
Kraken2,default,Kraken2_default,ZymoMockD6331,ZymoMockD6331,ont,D6331_Zymo,1761016,1761016,                  Paraburkholderia caffeinilytica,Paraburkholderia caffeinilytica,species,3.356672275666039e-05,abund,0.0,1,1
Kraken2,default,Kraken2_default,ZymoMockD6331,ZymoMockD6331,ont,D6331_Zymo,3136564,3136564,                    Paraburkholderia sp. IMGN_8,Paraburkholderia sp. IMGN_8,species,3.356672275666039e-05,abund,0.0,1,1
Kraken2,default,Kraken2_default,ZymoMockD6331,ZymoMockD6331,ont,D6331_Zymo,2152891,2152891,                  Paraburkholderia bonniea,Paraburkholderia bonniea,species,3.356672275666039e-05,abund,0.0,1,1
Kraken2,default,Kraken2_default,ZymoMockD6331,ZymoMockD6331,ont,D6331_Zymo,261302,261302,                  Paraburkholderia phytofirmans,Paraburkholderia phytofirmans,species,3.356672275666039e-05,abund,0.0,1,0
Kraken2,default,Kraken2_default,ZymoMockD6331,ZymoMockD6331,ont,D6331_Zymo,2878153,2878153,                    Caballeronia sp. TF1N1,Caballeronia sp. TF1N1,species,6.713344551332078e-05,abund,0.0,2,2
Kraken2,default,Kraken2_default,ZymoMockD6331,ZymoMockD6331,ont,D6331_Zymo,2878152,2878152,                    Caballeronia sp. Sq4a,Caballeronia sp. Sq4a,species,3.356672275666039e-05,abund,0.0,1,1
Kraken2,default,Kraken2_default,ZymoMockD6331,ZymoMockD6331,ont,D6331_Zymo,190721,190721,                  Ralstonia insidiosa,Ralstonia insidiosa,species,3.356672275666039e-05,abund,0.0,1,1
Kraken2,default,Kraken2_default,ZymoMockD6331,ZymoMockD6331,ont,D6331_Zymo,3002643,3002643,                    Pandoraea sp. XJJ-1,Pandoraea sp. XJJ-1,species,3.356672275666039e-05,abund,0.0,1,1
Kraken2,default,Kraken2_default,ZymoMockD6331,ZymoMockD6331,ont,D6331_Zymo,2714925,2714925,                    Diaphorobacter sp. HDW4B,Diaphorobacter sp. HDW4B,species,0.00016783361378330195,abund,0.0,5,5
Kraken2,default,Kraken2_default,ZymoMockD6331,ZymoMockD6331,ont,D6331_Zymo,3036128,3036128,                  Diaphorobacter limosus,Diaphorobacter limosus,species,0.00013426689102664157,abund,0.0,4,4
Kraken2,default,Kraken2_default,ZymoMockD6331,ZymoMockD6331,ont,D6331_Zymo,1715720,1715720,                  Diaphorobacter ruginosibacter,Diaphorobacter ruginosibacter,species,3.356672275666039e-05,abund,0.0,1,1
Kraken2,default,Kraken2_default,ZymoMockD6331,ZymoMockD6331,ont,D6331_Zymo,758826,758826,                  Acidovorax radicis,Acidovorax radicis,species,0.00016783361378330195,abund,0.0,5,5
Kraken2,default,Kraken2_default,ZymoMockD6331,ZymoMockD6331,ont,D6331_Zymo,3140252,3140252,                    Acidovorax sp. FHTAMBA,Acidovorax sp. FHTAMBA,species,3.356672275666039e-05,abund,0.0,1,1
Kraken2,default,Kraken2_default,ZymoMockD6331,ZymoMockD6331,ont,D6331_Zymo,34073,34073,                  Variovorax paradoxus,Variovorax paradoxus,species,0.00010070016826998118,abund,0.0,3,2
Kraken2,default,Kraken2_default,ZymoMockD6331,ZymoMockD6331,ont,D6331_Zymo,434009,434009,                    Variovorax sp. PBL-H6,Variovorax sp. PBL-H6,species,3.356672275666039e-05,abund,0.0,1,1
Kraken2,default,Kraken2_default,ZymoMockD6331,ZymoMockD6331,ont,D6331_Zymo,3228789,3228789,                    Oryzisolibacter sp. LB2S,Oryzisolibacter sp. LB2S,species,0.00016783361378330195,abund,0.0,5,5
Kraken2,default,Kraken2_default,ZymoMockD6331,ZymoMockD6331,ont,D6331_Zymo,2853257,2853257,                    Comamonas sp. Y33R10-2,Comamonas sp. Y33R10-2,species,3.356672275666039e-05,abund,0.0,1,1
Kraken2,default,Kraken2_default,ZymoMockD6331,ZymoMockD6331,ont,D6331_Zymo,2918299,2918299,                    Comamonas sp. B21-038,Comamonas sp. B21-038,species,3.356672275666039e-05,abund,0.0,1,1
Kraken2,default,Kraken2_default,ZymoMockD6331,ZymoMockD6331,ont,D6331_Zymo,32013,32013,                  Comamonas terrigena,Comamonas terrigena,species,3.356672275666039e-05,abund,0.0,1,0
Kraken2,default,Kraken2_default,ZymoMockD6331,ZymoMockD6331,ont,D6331_Zymo,363952,363952,                  Comamonas thiooxydans,Comamonas thiooxydans,species,3.356672275666039e-05,abund,0.0,1,1
Kraken2,default,Kraken2_default,ZymoMockD6331,ZymoMockD6331,ont,D6331_Zymo,379895,379895,                  Comamonas odontotermitis,Comamonas odontotermitis,species,3.356672275666039e-05,abund,0.0,1,1
Kraken2,default,Kraken2_default,ZymoMockD6331,ZymoMockD6331,ont,D6331_Zymo,3234144,3234144,                    Rhodoferax sp. WC2427,Rhodoferax sp. WC2427,species,6.713344551332078e-05,abund,0.0,2,2
Kraken2,default,Kraken2_default,ZymoMockD6331,ZymoMockD6331,ont,D6331_Zymo,2798804,2798804,                  Rhodoferax lithotrophicus,Rhodoferax lithotrophicus,species,3.356672275666039e-05,abund,0.0,1,1
Kraken2,default,Kraken2_default,ZymoMockD6331,ZymoMockD6331,ont,D6331_Zymo,80866,80866,                  Delftia acidovorans,Delftia acidovorans,species,3.356672275666039e-05,abund,0.0,1,1
Kraken2,default,Kraken2_default,ZymoMockD6331,ZymoMockD6331,ont,D6331_Zymo,1658672,1658672,                    Ottowia sp. oral taxon 894,Ottowia sp. oral taxon 894,species,3.356672275666039e-05,abund,0.0,1,1
Kraken2,default,Kraken2_default,ZymoMockD6331,ZymoMockD6331,ont,D6331_Zymo,2109915,2109915,                  Simplicispira suum,Simplicispira suum,species,3.356672275666039e-05,abund,0.0,1,1
Kraken2,default,Kraken2_default,ZymoMockD6331,ZymoMockD6331,ont,D6331_Zymo,2660641,2660641,                    Pseudoduganella aquatica,Pseudoduganella aquatica,species,0.00010070016826998118,abund,0.0,3,3
Kraken2,default,Kraken2_default,ZymoMockD6331,ZymoMockD6331,ont,D6331_Zymo,321985,321985,                    Pseudoduganella lutea,Pseudoduganella lutea,species,6.713344551332078e-05,abund,0.0,2,2
Kraken2,default,Kraken2_default,ZymoMockD6331,ZymoMockD6331,ont,D6331_Zymo,2045208,2045208,                    Massilia violaceinigra,Massilia violaceinigra,species,6.713344551332078e-05,abund,0.0,2,2
Kraken2,default,Kraken2_default,ZymoMockD6331,ZymoMockD6331,ont,D6331_Zymo,2861282,2861282,                      Massilia sp. NP310,Massilia sp. NP310,species,3.356672275666039e-05,abund,0.0,1,1
Kraken2,default,Kraken2_default,ZymoMockD6331,ZymoMockD6331,ont,D6331_Zymo,2943848,2943848,                      Duganella sp. BuS-21,Duganella sp. BuS-21,species,3.356672275666039e-05,abund,0.0,1,1
Kraken2,default,Kraken2_default,ZymoMockD6331,ZymoMockD6331,ont,D6331_Zymo,29581,29581,                  Janthinobacterium lividum,Janthinobacterium lividum,species,0.00016783361378330195,abund,0.0,5,5
Kraken2,default,Kraken2_default,ZymoMockD6331,ZymoMockD6331,ont,D6331_Zymo,1236179,1236179,                    Janthinobacterium sp. B9-8,Janthinobacterium sp. B9-8,species,3.356672275666039e-05,abund,0.0,1,1
Kraken2,default,Kraken2_default,ZymoMockD6331,ZymoMockD6331,ont,D6331_Zymo,1938606,1938606,                    Janthinobacterium sp. LM6,Janthinobacterium sp. LM6,species,3.356672275666039e-05,abund,0.0,1,1
Kraken2,default,Kraken2_default,ZymoMockD6331,ZymoMockD6331,ont,D6331_Zymo,2751478,2751478,                  Janthinobacterium rivuli,Janthinobacterium rivuli,species,3.356672275666039e-05,abund,0.0,1,1
Kraken2,default,Kraken2_default,ZymoMockD6331,ZymoMockD6331,ont,D6331_Zymo,863372,863372,                  Herbaspirillum huttiense,Herbaspirillum huttiense,species,0.00016783361378330195,abund,0.0,5,5
Kraken2,default,Kraken2_default,ZymoMockD6331,ZymoMockD6331,ont,D6331_Zymo,80842,80842,                  Herbaspirillum rubrisubalbicans,Herbaspirillum rubrisubalbicans,species,3.356672275666039e-05,abund,0.0,1,1
Kraken2,default,Kraken2_default,ZymoMockD6331,ZymoMockD6331,ont,D6331_Zymo,2025949,2025949,                    Herbaspirillum sp. meg3,Herbaspirillum sp. meg3,species,3.356672275666039e-05,abund,0.0,1,1
Kraken2,default,Kraken2_default,ZymoMockD6331,ZymoMockD6331,ont,D6331_Zymo,2058625,2058625,                    Undibacterium sp. YM2,Undibacterium sp. YM2,species,6.713344551332078e-05,abund,0.0,2,2
Kraken2,default,Kraken2_default,ZymoMockD6331,ZymoMockD6331,ont,D6331_Zymo,401471,401471,                  Undibacterium parvum,Undibacterium parvum,species,3.356672275666039e-05,abund,0.0,1,1
Kraken2,default,Kraken2_default,ZymoMockD6331,ZymoMockD6331,ont,D6331_Zymo,2807626,2807626,                    Glaciimonas sp. PAMC28666,Glaciimonas sp. PAMC28666,species,0.00010070016826998118,abund,0.0,3,3
Kraken2,default,Kraken2_default,ZymoMockD6331,ZymoMockD6331,ont,D6331_Zymo,847,847,                  Oxalobacter formigenes,Oxalobacter formigenes,species,3.356672275666039e-05,abund,0.0,1,1
Kraken2,default,Kraken2_default,ZymoMockD6331,ZymoMockD6331,ont,D6331_Zymo,85698,85698,                  Achromobacter xylosoxidans,Achromobacter xylosoxidans,species,0.00013426689102664157,abund,0.0,4,3
Kraken2,default,Kraken2_default,ZymoMockD6331,ZymoMockD6331,ont,D6331_Zymo,3047478,3047478,                  Achromobacter seleniivolatilans,Achromobacter seleniivolatilans,species,6.713344551332078e-05,abund,0.0,2,2
Kraken2,default,Kraken2_default,ZymoMockD6331,ZymoMockD6331,ont,D6331_Zymo,32002,32002,                  Achromobacter denitrificans,Achromobacter denitrificans,species,3.356672275666039e-05,abund,0.0,1,1
Kraken2,default,Kraken2_default,ZymoMockD6331,ZymoMockD6331,ont,D6331_Zymo,2860286,2860286,                    Achromobacter sp. ES-001,Achromobacter sp. ES-001,species,3.356672275666039e-05,abund,0.0,1,1
Kraken2,default,Kraken2_default,ZymoMockD6331,ZymoMockD6331,ont,D6331_Zymo,2652177,2652177,                  Pelistega ratti,Pelistega ratti,species,0.00016783361378330195,abund,0.0,5,5
Kraken2,default,Kraken2_default,ZymoMockD6331,ZymoMockD6331,ont,D6331_Zymo,1746199,1746199,                    Bordetella sp. N,Bordetella sp. N,species,6.713344551332078e-05,abund,0.0,2,2
Kraken2,default,Kraken2_default,ZymoMockD6331,ZymoMockD6331,ont,D6331_Zymo,521,521,                  Bordetella avium,Bordetella avium,species,3.356672275666039e-05,abund,0.0,1,1
Kraken2,default,Kraken2_default,ZymoMockD6331,ZymoMockD6331,ont,D6331_Zymo,1851544,1851544,                  Orrella dioscoreae,Orrella dioscoreae,species,6.713344551332078e-05,abund,0.0,2,2
Kraken2,default,Kraken2_default,ZymoMockD6331,ZymoMockD6331,ont,D6331_Zymo,2488560,2488560,                    Pigmentiphaga sp. H8,Pigmentiphaga sp. H8,species,3.356672275666039e-05,abund,0.0,1,1
Kraken2,default,Kraken2_default,ZymoMockD6331,ZymoMockD6331,ont,D6331_Zymo,3081984,3081984,                    Pigmentiphaga sp. CHJ604,Pigmentiphaga sp. CHJ604,species,3.356672275666039e-05,abund,0.0,1,1
Kraken2,default,Kraken2_default,ZymoMockD6331,ZymoMockD6331,ont,D6331_Zymo,511,511,                  Alcaligenes faecalis,Alcaligenes faecalis,species,3.356672275666039e-05,abund,0.0,1,1
Kraken2,default,Kraken2_default,ZymoMockD6331,ZymoMockD6331,ont,D6331_Zymo,2980099,2980099,                  Paenalcaligenes faecalis,Paenalcaligenes faecalis,species,3.356672275666039e-05,abund,0.0,1,1
Kraken2,default,Kraken2_default,ZymoMockD6331,ZymoMockD6331,ont,D6331_Zymo,1481665,1481665,                  Advenella alkanexedens,Advenella alkanexedens,species,3.356672275666039e-05,abund,0.0,1,1
Kraken2,default,Kraken2_default,ZymoMockD6331,ZymoMockD6331,ont,D6331_Zymo,3037797,3037797,                    Piscinibacter sp. XHJ-5,Piscinibacter sp. XHJ-5,species,0.00016783361378330195,abund,0.0,5,5
Kraken2,default,Kraken2_default,ZymoMockD6331,ZymoMockD6331,ont,D6331_Zymo,1547922,1547922,                  Piscinibacter sakaiensis,Piscinibacter sakaiensis,species,6.713344551332078e-05,abund,0.0,2,2
Kraken2,default,Kraken2_default,ZymoMockD6331,ZymoMockD6331,ont,D6331_Zymo,946333,946333,                  Piscinibacter gummiphilus,Piscinibacter gummiphilus,species,3.356672275666039e-05,abund,0.0,1,1
Kraken2,default,Kraken2_default,ZymoMockD6331,ZymoMockD6331,ont,D6331_Zymo,34029,34029,                  Leptothrix cholodnii,Leptothrix cholodnii,species,3.356672275666039e-05,abund,0.0,1,0
Kraken2,default,Kraken2_default,ZymoMockD6331,ZymoMockD6331,ont,D6331_Zymo,2914710,2914710,                  Sphaerotilus microaerophilus,Sphaerotilus microaerophilus,species,3.356672275666039e-05,abund,0.0,1,1
Kraken2,default,Kraken2_default,ZymoMockD6331,ZymoMockD6331,ont,D6331_Zymo,1768242,1768242,                    Paucibacter sp. KCTC 42545,Paucibacter sp. KCTC 42545,species,3.356672275666039e-05,abund,0.0,1,1
Kraken2,default,Kraken2_default,ZymoMockD6331,ZymoMockD6331,ont,D6331_Zymo,1561003,1561003,                  Candidatus Ichthyocystis hellenicum,Candidatus Ichthyocystis hellenicum,species,0.00013426689102664157,abund,0.0,4,4
Kraken2,default,Kraken2_default,ZymoMockD6331,ZymoMockD6331,ont,D6331_Zymo,1296669,1296669,                  Aquabacterium olei,Aquabacterium olei,species,6.713344551332078e-05,abund,0.0,2,2
Kraken2,default,Kraken2_default,ZymoMockD6331,ZymoMockD6331,ont,D6331_Zymo,926,926,                  Thiomonas intermedia,Thiomonas intermedia,species,3.356672275666039e-05,abund,0.0,1,1
Kraken2,default,Kraken2_default,ZymoMockD6331,ZymoMockD6331,ont,D6331_Zymo,40545,40545,                  Sutterella wadsworthensis,Sutterella wadsworthensis,species,6.713344551332078e-05,abund,0.0,2,2
Kraken2,default,Kraken2_default,ZymoMockD6331,ZymoMockD6331,ont,D6331_Zymo,1796652,1796652,                  Turicimonas muris,Turicimonas muris,species,3.356672275666039e-05,abund,0.0,1,1
Kraken2,default,Kraken2_default,ZymoMockD6331,ZymoMockD6331,ont,D6331_Zymo,490,490,                  Neisseria sicca,Neisseria sicca,species,0.00016783361378330195,abund,0.0,5,5
Kraken2,default,Kraken2_default,ZymoMockD6331,ZymoMockD6331,ont,D6331_Zymo,484,484,                  Neisseria flavescens,Neisseria flavescens,species,0.00010070016826998118,abund,0.0,3,3
Kraken2,default,Kraken2_default,ZymoMockD6331,ZymoMockD6331,ont,D6331_Zymo,487,487,                  Neisseria meningitidis,Neisseria meningitidis,species,0.00010070016826998118,abund,0.0,3,3
Kraken2,default,Kraken2_default,ZymoMockD6331,ZymoMockD6331,ont,D6331_Zymo,326522,326522,                  Neisseria animaloris,Neisseria animaloris,species,6.713344551332078e-05,abund,0.0,2,2
Kraken2,default,Kraken2_default,ZymoMockD6331,ZymoMockD6331,ont,D6331_Zymo,607711,607711,                  Neisseria wadsworthii,Neisseria wadsworthii,species,3.356672275666039e-05,abund,0.0,1,1
Kraken2,default,Kraken2_default,ZymoMockD6331,ZymoMockD6331,ont,D6331_Zymo,72,72,                  Simonsiella muelleri,Simonsiella muelleri,species,6.713344551332078e-05,abund,0.0,2,2
Kraken2,default,Kraken2_default,ZymoMockD6331,ZymoMockD6331,ont,D6331_Zymo,153491,153491,                  Alysiella crassa,Alysiella crassa,species,6.713344551332078e-05,abund,0.0,2,2
Kraken2,default,Kraken2_default,ZymoMockD6331,ZymoMockD6331,ont,D6331_Zymo,1196083,1196083,                  Snodgrassella alvi,Snodgrassella alvi,species,3.356672275666039e-05,abund,0.0,1,1
Kraken2,default,Kraken2_default,ZymoMockD6331,ZymoMockD6331,ont,D6331_Zymo,2946699,2946699,                  Snodgrassella communis,Snodgrassella communis,species,3.356672275666039e-05,abund,0.0,1,1
Kraken2,default,Kraken2_default,ZymoMockD6331,ZymoMockD6331,ont,D6331_Zymo,96942,96942,                    Vitreoscilla sp. C1,Vitreoscilla sp. C1,species,3.356672275666039e-05,abund,0.0,1,1
Kraken2,default,Kraken2_default,ZymoMockD6331,ZymoMockD6331,ont,D6331_Zymo,1795832,1795832,                  Eikenella halliae,Eikenella halliae,species,3.356672275666039e-05,abund,0.0,1,1
Kraken2,default,Kraken2_default,ZymoMockD6331,ZymoMockD6331,ont,D6331_Zymo,252130,252130,                  Uruburuella suis,Uruburuella suis,species,3.356672275666039e-05,abund,0.0,1,1
Kraken2,default,Kraken2_default,ZymoMockD6331,ZymoMockD6331,ont,D6331_Zymo,2809020,2809020,                  Paralysiella testudinis,Paralysiella testudinis,species,3.356672275666039e-05,abund,0.0,1,1
Kraken2,default,Kraken2_default,ZymoMockD6331,ZymoMockD6331,ont,D6331_Zymo,2917790,2917790,                  Wielerella bovis,Wielerella bovis,species,3.356672275666039e-05,abund,0.0,1,1
Kraken2,default,Kraken2_default,ZymoMockD6331,ZymoMockD6331,ont,D6331_Zymo,2605945,2605945,                  Chromobacterium paludis,Chromobacterium paludis,species,0.00020140033653996236,abund,0.0,6,6
Kraken2,default,Kraken2_default,ZymoMockD6331,ZymoMockD6331,ont,D6331_Zymo,2877939,2877939,                    Vogesella sp. XCS3,Vogesella sp. XCS3,species,3.356672275666039e-05,abund,0.0,1,1
Kraken2,default,Kraken2_default,ZymoMockD6331,ZymoMockD6331,ont,D6331_Zymo,400061,400061,                  Paludibacterium yongneupense,Paludibacterium yongneupense,species,3.356672275666039e-05,abund,0.0,1,1
Kraken2,default,Kraken2_default,ZymoMockD6331,ZymoMockD6331,ont,D6331_Zymo,519081,519081,                  Aquitalea denitrificans,Aquitalea denitrificans,species,3.356672275666039e-05,abund,0.0,1,1
Kraken2,default,Kraken2_default,ZymoMockD6331,ZymoMockD6331,ont,D6331_Zymo,2739061,2739061,                  Deefgea piscis,Deefgea piscis,species,6.713344551332078e-05,abund,0.0,2,2
Kraken2,default,Kraken2_default,ZymoMockD6331,ZymoMockD6331,ont,D6331_Zymo,1906741,1906741,                    Jeongeupia sp. USM3,Jeongeupia sp. USM3,species,3.356672275666039e-05,abund,0.0,1,1
Kraken2,default,Kraken2_default,ZymoMockD6331,ZymoMockD6331,ont,D6331_Zymo,1938604,1938604,                    Aquaspirillum sp. LM1,Aquaspirillum sp. LM1,species,3.356672275666039e-05,abund,0.0,1,1
Kraken2,default,Kraken2_default,ZymoMockD6331,ZymoMockD6331,ont,D6331_Zymo,1581557,1581557,                  Candidatus Methylopumilus planktonicus,Candidatus Methylopumilus planktonicus,species,0.00026853378205328313,abund,0.0,8,8
Kraken2,default,Kraken2_default,ZymoMockD6331,ZymoMockD6331,ont,D6331_Zymo,2588536,2588536,                  Candidatus Methylopumilus universalis,Candidatus Methylopumilus universalis,species,0.00010070016826998118,abund,0.0,3,3
Kraken2,default,Kraken2_default,ZymoMockD6331,ZymoMockD6331,ont,D6331_Zymo,1581680,1581680,                  Candidatus Methylopumilus turicensis,Candidatus Methylopumilus turicensis,species,3.356672275666039e-05,abund,0.0,1,1
Kraken2,default,Kraken2_default,ZymoMockD6331,ZymoMockD6331,ont,D6331_Zymo,359408,359408,                  Methylotenera mobilis,Methylotenera mobilis,species,3.356672275666039e-05,abund,0.0,1,0
Kraken2,default,Kraken2_default,ZymoMockD6331,ZymoMockD6331,ont,D6331_Zymo,2778876,2778876,                  Methyloradius palustris,Methyloradius palustris,species,3.356672275666039e-05,abund,0.0,1,1
Kraken2,default,Kraken2_default,ZymoMockD6331,ZymoMockD6331,ont,D6331_Zymo,2600596,2600596,                    Sideroxydans sp. CL21,Sideroxydans sp. CL21,species,6.713344551332078e-05,abund,0.0,2,2
Kraken2,default,Kraken2_default,ZymoMockD6331,ZymoMockD6331,ont,D6331_Zymo,453162,453162,                  Candidatus Nitrotoga arctica,Candidatus Nitrotoga arctica,species,3.356672275666039e-05,abund,0.0,1,1
Kraken2,default,Kraken2_default,ZymoMockD6331,ZymoMockD6331,ont,D6331_Zymo,59406,59406,                  Aromatoleum evansii,Aromatoleum evansii,species,3.356672275666039e-05,abund,0.0,1,1
Kraken2,default,Kraken2_default,ZymoMockD6331,ZymoMockD6331,ont,D6331_Zymo,200254,200254,                  Aromatoleum buckelii,Aromatoleum buckelii,species,3.356672275666039e-05,abund,0.0,1,1
Kraken2,default,Kraken2_default,ZymoMockD6331,ZymoMockD6331,ont,D6331_Zymo,356837,356837,                    Azoarcus sp. DN11,Azoarcus sp. DN11,species,3.356672275666039e-05,abund,0.0,1,1
Kraken2,default,Kraken2_default,ZymoMockD6331,ZymoMockD6331,ont,D6331_Zymo,418702,418702,                  Azonexus hydrophilus,Azonexus hydrophilus,species,3.356672275666039e-05,abund,0.0,1,1
Kraken2,default,Kraken2_default,ZymoMockD6331,ZymoMockD6331,ont,D6331_Zymo,233181,233181,                Candidatus Kinetoplastibacterium blastocrithidii,Candidatus Kinetoplastibacterium blastocrithidii,species,3.356672275666039e-05,abund,0.0,1,1
Kraken2,default,Kraken2_default,ZymoMockD6331,ZymoMockD6331,ont,D6331_Zymo,994692,994692,                Candidatus Kinetoplastibacterium desouzaii,Candidatus Kinetoplastibacterium desouzaii,species,3.356672275666039e-05,abund,0.0,1,0
Kraken2,default,Kraken2_default,ZymoMockD6331,ZymoMockD6331,ont,D6331_Zymo,2954771,2954771,                    Bradyrhizobium sp. Ash2021,Bradyrhizobium sp. Ash2021,species,0.00016783361378330195,abund,0.0,5,5
Kraken2,default,Kraken2_default,ZymoMockD6331,ZymoMockD6331,ont,D6331_Zymo,3039158,3039158,                    Bradyrhizobium sp. CB3481,Bradyrhizobium sp. CB3481,species,0.00013426689102664157,abund,0.0,4,4
Kraken2,default,Kraken2_default,ZymoMockD6331,ZymoMockD6331,ont,D6331_Zymo,2831780,2831780,                    Bradyrhizobium sp. sBnM-33,Bradyrhizobium sp. sBnM-33,species,6.713344551332078e-05,abund,0.0,2,2
Kraken2,default,Kraken2_default,ZymoMockD6331,ZymoMockD6331,ont,D6331_Zymo,1685970,1685970,                    Bradyrhizobium sp. ORS 86,Bradyrhizobium sp. ORS 86,species,6.713344551332078e-05,abund,0.0,2,2
Kraken2,default,Kraken2_default,ZymoMockD6331,ZymoMockD6331,ont,D6331_Zymo,3139728,3139728,                    Bradyrhizobium sp. 27S5,Bradyrhizobium sp. 27S5,species,3.356672275666039e-05,abund,0.0,1,1
Kraken2,default,Kraken2_default,ZymoMockD6331,ZymoMockD6331,ont,D6331_Zymo,3039159,3039159,                    Bradyrhizobium sp. CB82,Bradyrhizobium sp. CB82,species,3.356672275666039e-05,abund,0.0,1,1
Kraken2,default,Kraken2_default,ZymoMockD6331,ZymoMockD6331,ont,D6331_Zymo,3049772,3049772,                    Bradyrhizobium sp. NP1,Bradyrhizobium sp. NP1,species,3.356672275666039e-05,abund,0.0,1,1
Kraken2,default,Kraken2_default,ZymoMockD6331,ZymoMockD6331,ont,D6331_Zymo,208375,208375,                    Bradyrhizobium sp. Pha-3,Bradyrhizobium sp. Pha-3,species,3.356672275666039e-05,abund,0.0,1,1
Kraken2,default,Kraken2_default,ZymoMockD6331,ZymoMockD6331,ont,D6331_Zymo,115808,115808,                    Bradyrhizobium sp. ORS 285,Bradyrhizobium sp. ORS 285,species,3.356672275666039e-05,abund,0.0,1,1
Kraken2,default,Kraken2_default,ZymoMockD6331,ZymoMockD6331,ont,D6331_Zymo,375,375,                  Bradyrhizobium japonicum,Bradyrhizobium japonicum,species,6.713344551332078e-05,abund,0.0,2,2
Kraken2,default,Kraken2_default,ZymoMockD6331,ZymoMockD6331,ont,D6331_Zymo,722472,722472,                  Bradyrhizobium lablabi,Bradyrhizobium lablabi,species,6.713344551332078e-05,abund,0.0,2,2
Kraken2,default,Kraken2_default,ZymoMockD6331,ZymoMockD6331,ont,D6331_Zymo,190148,190148,                  Bradyrhizobium paxllaeri,Bradyrhizobium paxllaeri,species,6.713344551332078e-05,abund,0.0,2,2
Kraken2,default,Kraken2_default,ZymoMockD6331,ZymoMockD6331,ont,D6331_Zymo,3056648,3056648,                  Bradyrhizobium roseum,Bradyrhizobium roseum,species,3.356672275666039e-05,abund,0.0,1,1
Kraken2,default,Kraken2_default,ZymoMockD6331,ZymoMockD6331,ont,D6331_Zymo,1437360,1437360,                  Bradyrhizobium erythrophlei,Bradyrhizobium erythrophlei,species,3.356672275666039e-05,abund,0.0,1,1
Kraken2,default,Kraken2_default,ZymoMockD6331,ZymoMockD6331,ont,D6331_Zymo,2840469,2840469,                  Bradyrhizobium sediminis,Bradyrhizobium sediminis,species,3.356672275666039e-05,abund,0.0,1,1
Kraken2,default,Kraken2_default,ZymoMockD6331,ZymoMockD6331,ont,D6331_Zymo,83627,83627,                  Bradyrhizobium commune,Bradyrhizobium commune,species,3.356672275666039e-05,abund,0.0,1,1
Kraken2,default,Kraken2_default,ZymoMockD6331,ZymoMockD6331,ont,D6331_Zymo,340268,340268,                  Tardiphaga alba,Tardiphaga alba,species,0.00013426689102664157,abund,0.0,4,4
Kraken2,default,Kraken2_default,ZymoMockD6331,ZymoMockD6331,ont,D6331_Zymo,943830,943830,                  Tardiphaga robiniae,Tardiphaga robiniae,species,3.356672275666039e-05,abund,0.0,1,1
Kraken2,default,Kraken2_default,ZymoMockD6331,ZymoMockD6331,ont,D6331_Zymo,1076,1076,                  Rhodopseudomonas palustris,Rhodopseudomonas palustris,species,3.356672275666039e-05,abund,0.0,1,1
Kraken2,default,Kraken2_default,ZymoMockD6331,ZymoMockD6331,ont,D6331_Zymo,475937,475937,                  Rhodopseudomonas boonkerdii,Rhodopseudomonas boonkerdii,species,3.356672275666039e-05,abund,0.0,1,1
Kraken2,default,Kraken2_default,ZymoMockD6331,ZymoMockD6331,ont,D6331_Zymo,40137,40137,                  Afipia carboxidovorans,Afipia carboxidovorans,species,3.356672275666039e-05,abund,0.0,1,1
Kraken2,default,Kraken2_default,ZymoMockD6331,ZymoMockD6331,ont,D6331_Zymo,2813827,2813827,                    Rhizobium cremeum,Rhizobium cremeum,species,0.00013426689102664157,abund,0.0,4,4
Kraken2,default,Kraken2_default,ZymoMockD6331,ZymoMockD6331,ont,D6331_Zymo,1223565,1223565,                      Rhizobium sp. Pop5,Rhizobium sp. Pop5,species,3.356672275666039e-05,abund,0.0,1,1
Kraken2,default,Kraken2_default,ZymoMockD6331,ZymoMockD6331,ont,D6331_Zymo,2028343,2028343,                      Rhizobium sp. 11515TR,Rhizobium sp. 11515TR,species,3.356672275666039e-05,abund,0.0,1,1
Kraken2,default,Kraken2_default,ZymoMockD6331,ZymoMockD6331,ont,D6331_Zymo,3138065,3138065,                      Rhizobium sp. SU303,Rhizobium sp. SU303,species,3.356672275666039e-05,abund,0.0,1,1
Kraken2,default,Kraken2_default,ZymoMockD6331,ZymoMockD6331,ont,D6331_Zymo,396,396,                    Rhizobium phaseoli,Rhizobium phaseoli,species,6.713344551332078e-05,abund,0.0,2,2
Kraken2,default,Kraken2_default,ZymoMockD6331,ZymoMockD6331,ont,D6331_Zymo,1368430,1368430,                    Rhizobium rosettiformans,Rhizobium rosettiformans,species,6.713344551332078e-05,abund,0.0,2,2
Kraken2,default,Kraken2_default,ZymoMockD6331,ZymoMockD6331,ont,D6331_Zymo,358,358,                      Agrobacterium tumefaciens,Agrobacterium tumefaciens,species,3.356672275666039e-05,abund,0.0,1,1
Kraken2,default,Kraken2_default,ZymoMockD6331,ZymoMockD6331,ont,D6331_Zymo,2969528,2969528,                      Agrobacterium sp. El2ro-1b,Agrobacterium sp. El2ro-1b,species,3.356672275666039e-05,abund,0.0,1,1
Kraken2,default,Kraken2_default,ZymoMockD6331,ZymoMockD6331,ont,D6331_Zymo,379684,379684,                    Allorhizobium pseudoryzae,Allorhizobium pseudoryzae,species,3.356672275666039e-05,abund,0.0,1,1
Kraken2,default,Kraken2_default,ZymoMockD6331,ZymoMockD6331,ont,D6331_Zymo,3133975,3133975,                      Pararhizobium sp. A13,Pararhizobium sp. A13,species,3.356672275666039e-05,abund,0.0,1,1
Kraken2,default,Kraken2_default,ZymoMockD6331,ZymoMockD6331,ont,D6331_Zymo,309868,309868,                  Candidatus Liberibacter americanus,Candidatus Liberibacter americanus,species,0.00013426689102664157,abund,0.0,4,0
Kraken2,default,Kraken2_default,ZymoMockD6331,ZymoMockD6331,ont,D6331_Zymo,34021,34021,                  Candidatus Liberibacter asiaticus,Candidatus Liberibacter asiaticus,species,3.356672275666039e-05,abund,0.0,1,1
Kraken2,default,Kraken2_default,ZymoMockD6331,ZymoMockD6331,ont,D6331_Zymo,1273132,1273132,                  Liberibacter crescens,Liberibacter crescens,species,3.356672275666039e-05,abund,0.0,1,1
Kraken2,default,Kraken2_default,ZymoMockD6331,ZymoMockD6331,ont,D6331_Zymo,1813451,1813451,                  Peteryoungia desertarenae,Peteryoungia desertarenae,species,0.00016783361378330195,abund,0.0,5,5
Kraken2,default,Kraken2_default,ZymoMockD6331,ZymoMockD6331,ont,D6331_Zymo,194963,194963,                    Sinorhizobium americanum,Sinorhizobium americanum,species,0.00013426689102664157,abund,0.0,4,4
Kraken2,default,Kraken2_default,ZymoMockD6331,ZymoMockD6331,ont,D6331_Zymo,3388653,3388653,                    Hoeflea sp. Naph1,Hoeflea sp. Naph1,species,3.356672275666039e-05,abund,0.0,1,1
Kraken2,default,Kraken2_default,ZymoMockD6331,ZymoMockD6331,ont,D6331_Zymo,3239807,3239807,                    Bartonella sp. DGB1,Bartonella sp. DGB1,species,0.00010070016826998118,abund,0.0,3,3
Kraken2,default,Kraken2_default,ZymoMockD6331,ZymoMockD6331,ont,D6331_Zymo,3388426,3388426,                    Bartonella sp. DGB2,Bartonella sp. DGB2,species,6.713344551332078e-05,abund,0.0,2,2
Kraken2,default,Kraken2_default,ZymoMockD6331,ZymoMockD6331,ont,D6331_Zymo,1933904,1933904,                    Bartonella sp. WD16.2,Bartonella sp. WD16.2,species,6.713344551332078e-05,abund,0.0,2,2
Kraken2,default,Kraken2_default,ZymoMockD6331,ZymoMockD6331,ont,D6331_Zymo,165694,165694,                  Bartonella schoenbuchensis,Bartonella schoenbuchensis,species,0.00016783361378330195,abund,0.0,5,5
Kraken2,default,Kraken2_default,ZymoMockD6331,ZymoMockD6331,ont,D6331_Zymo,2893471,2893471,                  Bartonella machadoae,Bartonella machadoae,species,0.00010070016826998118,abund,0.0,3,3
Kraken2,default,Kraken2_default,ZymoMockD6331,ZymoMockD6331,ont,D6331_Zymo,2267275,2267275,                  Bartonella krasnovii,Bartonella krasnovii,species,6.713344551332078e-05,abund,0.0,2,2
Kraken2,default,Kraken2_default,ZymoMockD6331,ZymoMockD6331,ont,D6331_Zymo,807,807,                  Bartonella elizabethae,Bartonella elizabethae,species,3.356672275666039e-05,abund,0.0,1,1
Kraken2,default,Kraken2_default,ZymoMockD6331,ZymoMockD6331,ont,D6331_Zymo,33045,33045,                  Bartonella grahamii,Bartonella grahamii,species,3.356672275666039e-05,abund,0.0,1,0
Kraken2,default,Kraken2_default,ZymoMockD6331,ZymoMockD6331,ont,D6331_Zymo,52764,52764,                  Bartonella alsatica,Bartonella alsatica,species,3.356672275666039e-05,abund,0.0,1,1
Kraken2,default,Kraken2_default,ZymoMockD6331,ZymoMockD6331,ont,D6331_Zymo,85701,85701,                  Bartonella tribocorum,Bartonella tribocorum,species,3.356672275666039e-05,abund,0.0,1,1
Kraken2,default,Kraken2_default,ZymoMockD6331,ZymoMockD6331,ont,D6331_Zymo,111504,111504,                  Bartonella birtlesii,Bartonella birtlesii,species,3.356672275666039e-05,abund,0.0,1,0
Kraken2,default,Kraken2_default,ZymoMockD6331,ZymoMockD6331,ont,D6331_Zymo,2865839,2865839,                    Mesorhizobium sp. AR10,Mesorhizobium sp. AR10,species,0.00013426689102664157,abund,0.0,4,4
Kraken2,default,Kraken2_default,ZymoMockD6331,ZymoMockD6331,ont,D6331_Zymo,2956834,2956834,                    Mesorhizobium sp. C416B,Mesorhizobium sp. C416B,species,6.713344551332078e-05,abund,0.0,2,2
Kraken2,default,Kraken2_default,ZymoMockD6331,ZymoMockD6331,ont,D6331_Zymo,1854057,1854057,                    Mesorhizobium sp. AA22,Mesorhizobium sp. AA22,species,3.356672275666039e-05,abund,0.0,1,1
Kraken2,default,Kraken2_default,ZymoMockD6331,ZymoMockD6331,ont,D6331_Zymo,2777475,2777475,                    Mesorhizobium sp. J8,Mesorhizobium sp. J8,species,3.356672275666039e-05,abund,0.0,1,1
Kraken2,default,Kraken2_default,ZymoMockD6331,ZymoMockD6331,ont,D6331_Zymo,2744518,2744518,                    Mesorhizobium sp. 131-2-1,Mesorhizobium sp. 131-2-1,species,3.356672275666039e-05,abund,0.0,1,1
Kraken2,default,Kraken2_default,ZymoMockD6331,ZymoMockD6331,ont,D6331_Zymo,2493681,2493681,                    Mesorhizobium sp. M7A.F.Ce.TU.012.03.2.1,Mesorhizobium sp. M7A.F.Ce.TU.012.03.2.1,species,3.356672275666039e-05,abund,0.0,1,1
Kraken2,default,Kraken2_default,ZymoMockD6331,ZymoMockD6331,ont,D6331_Zymo,2493676,2493676,                    Mesorhizobium sp. M3A.F.Ca.ET.080.04.2.1,Mesorhizobium sp. M3A.F.Ca.ET.080.04.2.1,species,3.356672275666039e-05,abund,0.0,1,1
Kraken2,default,Kraken2_default,ZymoMockD6331,ZymoMockD6331,ont,D6331_Zymo,1756988,1756988,                    Nitratireductor sp. OM-1,Nitratireductor sp. OM-1,species,6.713344551332078e-05,abund,0.0,2,2
Kraken2,default,Kraken2_default,ZymoMockD6331,ZymoMockD6331,ont,D6331_Zymo,2978392,2978392,                    Phyllobacterium sp. A18/5-2,Phyllobacterium sp. A18/5-2,species,3.356672275666039e-05,abund,0.0,1,1
Kraken2,default,Kraken2_default,ZymoMockD6331,ZymoMockD6331,ont,D6331_Zymo,1670800,1670800,                  Aquibium oceanicum,Aquibium oceanicum,species,3.356672275666039e-05,abund,0.0,1,1
Kraken2,default,Kraken2_default,ZymoMockD6331,ZymoMockD6331,ont,D6331_Zymo,2807101,2807101,                    Microvirga sp. VF16,Microvirga sp. VF16,species,0.00020140033653996236,abund,0.0,6,6
Kraken2,default,Kraken2_default,ZymoMockD6331,ZymoMockD6331,ont,D6331_Zymo,2202827,2202827,                  Methylobacterium terrae,Methylobacterium terrae,species,0.00010070016826998118,abund,0.0,3,3
Kraken2,default,Kraken2_default,ZymoMockD6331,ZymoMockD6331,ont,D6331_Zymo,374432,374432,                  Methylobacterium tardum,Methylobacterium tardum,species,3.356672275666039e-05,abund,0.0,1,1
Kraken2,default,Kraken2_default,ZymoMockD6331,ZymoMockD6331,ont,D6331_Zymo,3049774,3049774,                  Devosia rhizosphaerae,Devosia rhizosphaerae,species,0.00026853378205328313,abund,0.0,8,8
Kraken2,default,Kraken2_default,ZymoMockD6331,ZymoMockD6331,ont,D6331_Zymo,187304,187304,                  Roseibium aggregatum,Roseibium aggregatum,species,6.713344551332078e-05,abund,0.0,2,2
Kraken2,default,Kraken2_default,ZymoMockD6331,ZymoMockD6331,ont,D6331_Zymo,388408,388408,                  Roseibium alexandrii,Roseibium alexandrii,species,3.356672275666039e-05,abund,0.0,1,1
Kraken2,default,Kraken2_default,ZymoMockD6331,ZymoMockD6331,ont,D6331_Zymo,1936156,1936156,                    Roseibium sp.,Roseibium sp.,species,3.356672275666039e-05,abund,0.0,1,1
Kraken2,default,Kraken2_default,ZymoMockD6331,ZymoMockD6331,ont,D6331_Zymo,121719,121719,                  Pannonibacter phragmitetus,Pannonibacter phragmitetus,species,3.356672275666039e-05,abund,0.0,1,1
Kraken2,default,Kraken2_default,ZymoMockD6331,ZymoMockD6331,ont,D6331_Zymo,911045,911045,                    Pseudovibrio sp. FO-BEG1,Pseudovibrio sp. FO-BEG1,species,3.356672275666039e-05,abund,0.0,1,1
Kraken2,default,Kraken2_default,ZymoMockD6331,ZymoMockD6331,ont,D6331_Zymo,2021862,2021862,                    Labrenzia sp. VG12,Labrenzia sp. VG12,species,3.356672275666039e-05,abund,0.0,1,1
Kraken2,default,Kraken2_default,ZymoMockD6331,ZymoMockD6331,ont,D6331_Zymo,2969621,2969621,                    Bosea sp. NBC_00550,Bosea sp. NBC_00550,species,0.00010070016826998118,abund,0.0,3,3
Kraken2,default,Kraken2_default,ZymoMockD6331,ZymoMockD6331,ont,D6331_Zymo,3080057,3080057,                    Bosea sp. 685,Bosea sp. 685,species,3.356672275666039e-05,abund,0.0,1,1
Kraken2,default,Kraken2_default,ZymoMockD6331,ZymoMockD6331,ont,D6331_Zymo,29468,29468,                  Methylocystis echinoides,Methylocystis echinoides,species,3.356672275666039e-05,abund,0.0,1,1
Kraken2,default,Kraken2_default,ZymoMockD6331,ZymoMockD6331,ont,D6331_Zymo,2885079,2885079,                  Methylocystis iwaonis,Methylocystis iwaonis,species,3.356672275666039e-05,abund,0.0,1,1
Kraken2,default,Kraken2_default,ZymoMockD6331,ZymoMockD6331,ont,D6331_Zymo,1079,1079,                  Blastochloris viridis,Blastochloris viridis,species,6.713344551332078e-05,abund,0.0,2,2
Kraken2,default,Kraken2_default,ZymoMockD6331,ZymoMockD6331,ont,D6331_Zymo,2795690,2795690,                    Kaistia sp. 32K,Kaistia sp. 32K,species,6.713344551332078e-05,abund,0.0,2,2
Kraken2,default,Kraken2_default,ZymoMockD6331,ZymoMockD6331,ont,D6331_Zymo,1482074,1482074,                  Hartmannibacter diazotrophicus,Hartmannibacter diazotrophicus,species,6.713344551332078e-05,abund,0.0,2,2
Kraken2,default,Kraken2_default,ZymoMockD6331,ZymoMockD6331,ont,D6331_Zymo,293089,293089,                  Martelella mediterranea,Martelella mediterranea,species,3.356672275666039e-05,abund,0.0,1,0
Kraken2,default,Kraken2_default,ZymoMockD6331,ZymoMockD6331,ont,D6331_Zymo,1486262,1486262,                  Martelella endophytica,Martelella endophytica,species,3.356672275666039e-05,abund,0.0,1,1
Kraken2,default,Kraken2_default,ZymoMockD6331,ZymoMockD6331,ont,D6331_Zymo,1384459,1384459,                  Methyloceanibacter caenitepidi,Methyloceanibacter caenitepidi,species,6.713344551332078e-05,abund,0.0,2,2
Kraken2,default,Kraken2_default,ZymoMockD6331,ZymoMockD6331,ont,D6331_Zymo,2562284,2562284,                    Pseudolabrys sp. FHR47,Pseudolabrys sp. FHR47,species,3.356672275666039e-05,abund,0.0,1,1
Kraken2,default,Kraken2_default,ZymoMockD6331,ZymoMockD6331,ont,D6331_Zymo,2593653,2593653,                  Kaustia mangrovi,Kaustia mangrovi,species,3.356672275666039e-05,abund,0.0,1,1
Kraken2,default,Kraken2_default,ZymoMockD6331,ZymoMockD6331,ont,D6331_Zymo,1235591,1235591,                  Pseudorhodoplanes sinuspersici,Pseudorhodoplanes sinuspersici,species,3.356672275666039e-05,abund,0.0,1,1
Kraken2,default,Kraken2_default,ZymoMockD6331,ZymoMockD6331,ont,D6331_Zymo,3139335,3139335,                      Candidatus Tisiphia endosymbiont of Temnostethus pusillus,Candidatus Tisiphia endosymbiont of Temnostethus pusillus,species,0.00013426689102664157,abund,0.0,4,4
Kraken2,default,Kraken2_default,ZymoMockD6331,ZymoMockD6331,ont,D6331_Zymo,3077926,3077926,                      Candidatus Tisiphia endosymbiont of Nemotelus uliginosus,Candidatus Tisiphia endosymbiont of Nemotelus uliginosus,species,6.713344551332078e-05,abund,0.0,2,2
Kraken2,default,Kraken2_default,ZymoMockD6331,ZymoMockD6331,ont,D6331_Zymo,3066261,3066261,                      Candidatus Tisiphia endosymbiont of Melanophora roralis,Candidatus Tisiphia endosymbiont of Melanophora roralis,species,3.356672275666039e-05,abund,0.0,1,1
Kraken2,default,Kraken2_default,ZymoMockD6331,ZymoMockD6331,ont,D6331_Zymo,1182263,1182263,                      Rickettsia sp. MEAM1 (Bemisia tabaci),Rickettsia sp. MEAM1 (Bemisia tabaci),species,6.713344551332078e-05,abund,0.0,2,2
Kraken2,default,Kraken2_default,ZymoMockD6331,ZymoMockD6331,ont,D6331_Zymo,3066266,3066266,                      Rickettsia endosymbiont of Gonocerus acuteangulatus,Rickettsia endosymbiont of Gonocerus acuteangulatus,species,6.713344551332078e-05,abund,0.0,2,2
Kraken2,default,Kraken2_default,ZymoMockD6331,ZymoMockD6331,ont,D6331_Zymo,3066267,3066267,                      Rickettsia endosymbiont of Pantilius tunicatus,Rickettsia endosymbiont of Pantilius tunicatus,species,6.713344551332078e-05,abund,0.0,2,2
Kraken2,default,Kraken2_default,ZymoMockD6331,ZymoMockD6331,ont,D6331_Zymo,3066251,3066251,                      Rickettsia endosymbiont of Polydrusus tereticollis,Rickettsia endosymbiont of Polydrusus tereticollis,species,3.356672275666039e-05,abund,0.0,1,1
Kraken2,default,Kraken2_default,ZymoMockD6331,ZymoMockD6331,ont,D6331_Zymo,3066252,3066252,                      Rickettsia endosymbiont of Rhinocyllus conicus,Rickettsia endosymbiont of Rhinocyllus conicus,species,3.356672275666039e-05,abund,0.0,1,1
Kraken2,default,Kraken2_default,ZymoMockD6331,ZymoMockD6331,ont,D6331_Zymo,786,786,                      Rickettsia akari,Rickettsia akari,species,3.356672275666039e-05,abund,0.0,1,0
Kraken2,default,Kraken2_default,ZymoMockD6331,ZymoMockD6331,ont,D6331_Zymo,33991,33991,                      Rickettsia montanensis,Rickettsia montanensis,species,3.356672275666039e-05,abund,0.0,1,0
Kraken2,default,Kraken2_default,ZymoMockD6331,ZymoMockD6331,ont,D6331_Zymo,785,785,                      Rickettsia typhi,Rickettsia typhi,species,6.713344551332078e-05,abund,0.0,2,2
Kraken2,default,Kraken2_default,ZymoMockD6331,ZymoMockD6331,ont,D6331_Zymo,784,784,                    Orientia tsutsugamushi,Orientia tsutsugamushi,species,6.713344551332078e-05,abund,0.0,2,2
Kraken2,default,Kraken2_default,ZymoMockD6331,ZymoMockD6331,ont,D6331_Zymo,77125,77125,                      Wolbachia endosymbiont of Encarsia formosa,Wolbachia endosymbiont of Encarsia formosa,species,6.713344551332078e-05,abund,0.0,2,2
Kraken2,default,Kraken2_default,ZymoMockD6331,ZymoMockD6331,ont,D6331_Zymo,2732593,2732593,                      Wolbachia endosymbiont of Ctenocephalides felis wCfeT,Wolbachia endosymbiont of Ctenocephalides felis wCfeT,species,3.356672275666039e-05,abund,0.0,1,1
Kraken2,default,Kraken2_default,ZymoMockD6331,ZymoMockD6331,ont,D6331_Zymo,1812112,1812112,                      Wolbachia endosymbiont of Dipetalonema caudispina,Wolbachia endosymbiont of Dipetalonema caudispina,species,3.356672275666039e-05,abund,0.0,1,1
Kraken2,default,Kraken2_default,ZymoMockD6331,ZymoMockD6331,ont,D6331_Zymo,2748871,2748871,                      Wolbachia endosymbiont of Anopheles demeilloni,Wolbachia endosymbiont of Anopheles demeilloni,species,3.356672275666039e-05,abund,0.0,1,1
Kraken2,default,Kraken2_default,ZymoMockD6331,ZymoMockD6331,ont,D6331_Zymo,3077923,3077923,                      Wolbachia endosymbiont (group A) of Nomada rufipes,Wolbachia endosymbiont (group A) of Nomada rufipes,species,3.356672275666039e-05,abund,0.0,1,1
Kraken2,default,Kraken2_default,ZymoMockD6331,ZymoMockD6331,ont,D6331_Zymo,931100,931100,                      Wolbachia endosymbiont of Oedothorax gibbosus,Wolbachia endosymbiont of Oedothorax gibbosus,species,3.356672275666039e-05,abund,0.0,1,1
Kraken2,default,Kraken2_default,ZymoMockD6331,ZymoMockD6331,ont,D6331_Zymo,3066136,3066136,                      Wolbachia endosymbiont (group A) of Pogonocherus hispidulus,Wolbachia endosymbiont (group A) of Pogonocherus hispidulus,species,3.356672275666039e-05,abund,0.0,1,1
Kraken2,default,Kraken2_default,ZymoMockD6331,ZymoMockD6331,ont,D6331_Zymo,955,955,                    Wolbachia pipientis,Wolbachia pipientis,species,3.356672275666039e-05,abund,0.0,1,1
Kraken2,default,Kraken2_default,ZymoMockD6331,ZymoMockD6331,ont,D6331_Zymo,391036,391036,                    Ehrlichia japonica,Ehrlichia japonica,species,6.713344551332078e-05,abund,0.0,2,2
Kraken2,default,Kraken2_default,ZymoMockD6331,ZymoMockD6331,ont,D6331_Zymo,779,779,                    Ehrlichia ruminantium,Ehrlichia ruminantium,species,3.356672275666039e-05,abund,0.0,1,1
Kraken2,default,Kraken2_default,ZymoMockD6331,ZymoMockD6331,ont,D6331_Zymo,3066221,3066221,                    Candidatus Mesenet endosymbiont of Phosphuga atrata,Candidatus Mesenet endosymbiont of Phosphuga atrata,species,0.00010070016826998118,abund,0.0,3,3
Kraken2,default,Kraken2_default,ZymoMockD6331,ZymoMockD6331,ont,D6331_Zymo,2686014,2686014,                  Neorickettsia findlayensis,Neorickettsia findlayensis,species,3.356672275666039e-05,abund,0.0,1,1
Kraken2,default,Kraken2_default,ZymoMockD6331,ZymoMockD6331,ont,D6331_Zymo,89586,89586,                  Neoehrlichia mikurensis,Neoehrlichia mikurensis,species,3.356672275666039e-05,abund,0.0,1,1
Kraken2,default,Kraken2_default,ZymoMockD6331,ZymoMockD6331,ont,D6331_Zymo,2486578,2486578,                Rickettsiales endosymbiont of Stachyamoeba lipophora,Rickettsiales endosymbiont of Stachyamoeba lipophora,species,3.356672275666039e-05,abund,0.0,1,1
Kraken2,default,Kraken2_default,ZymoMockD6331,ZymoMockD6331,ont,D6331_Zymo,3233343,3233343,                    Aestuariibius sp. HNIBRBA575,Aestuariibius sp. HNIBRBA575,species,0.00023496705929662275,abund,0.0,7,7
Kraken2,default,Kraken2_default,ZymoMockD6331,ZymoMockD6331,ont,D6331_Zymo,1284658,1284658,                  Planktomarina temperata,Planktomarina temperata,species,0.00023496705929662275,abund,0.0,7,0
Kraken2,default,Kraken2_default,ZymoMockD6331,ZymoMockD6331,ont,D6331_Zymo,3051171,3051171,                      Marivivens sp. LCG002,Marivivens sp. LCG002,species,6.713344551332078e-05,abund,0.0,2,2
Kraken2,default,Kraken2_default,ZymoMockD6331,ZymoMockD6331,ont,D6331_Zymo,1920883,1920883,                      Marivivens sp. JLT3646,Marivivens sp. JLT3646,species,3.356672275666039e-05,abund,0.0,1,1
Kraken2,default,Kraken2_default,ZymoMockD6331,ZymoMockD6331,ont,D6331_Zymo,1852017,1852017,                  Rhodophyticola porphyridii,Rhodophyticola porphyridii,species,3.356672275666039e-05,abund,0.0,1,1
Kraken2,default,Kraken2_default,ZymoMockD6331,ZymoMockD6331,ont,D6331_Zymo,2916397,2916397,                    Rhodophyticola sp. CCM32,Rhodophyticola sp. CCM32,species,3.356672275666039e-05,abund,0.0,1,1
Kraken2,default,Kraken2_default,ZymoMockD6331,ZymoMockD6331,ont,D6331_Zymo,3078428,3078428,                    Paracoccus sp. SJTW-4,Paracoccus sp. SJTW-4,species,3.356672275666039e-05,abund,0.0,1,1
Kraken2,default,Kraken2_default,ZymoMockD6331,ZymoMockD6331,ont,D6331_Zymo,2560053,2560053,                  Paracoccus liaowanqingii,Paracoccus liaowanqingii,species,3.356672275666039e-05,abund,0.0,1,1
Kraken2,default,Kraken2_default,ZymoMockD6331,ZymoMockD6331,ont,D6331_Zymo,3092120,3092120,                    Aquicoccus sp. G2-2,Aquicoccus sp. G2-2,species,3.356672275666039e-05,abund,0.0,1,1
Kraken2,default,Kraken2_default,ZymoMockD6331,ZymoMockD6331,ont,D6331_Zymo,2169400,2169400,                  Paragemmobacter aquarius,Paragemmobacter aquarius,species,3.356672275666039e-05,abund,0.0,1,1
Kraken2,default,Kraken2_default,ZymoMockD6331,ZymoMockD6331,ont,D6331_Zymo,2978973,2978973,                  Fontisubflavum oceani,Fontisubflavum oceani,species,3.356672275666039e-05,abund,0.0,1,1
Kraken2,default,Kraken2_default,ZymoMockD6331,ZymoMockD6331,ont,D6331_Zymo,3138498,3138498,                    Gymnodinialimonas sp. 57CJ19,Gymnodinialimonas sp. 57CJ19,species,3.356672275666039e-05,abund,0.0,1,1
Kraken2,default,Kraken2_default,ZymoMockD6331,ZymoMockD6331,ont,D6331_Zymo,2748098,2748098,                  Pikeienuella piscinae,Pikeienuella piscinae,species,3.356672275666039e-05,abund,0.0,1,1
Kraken2,default,Kraken2_default,ZymoMockD6331,ZymoMockD6331,ont,D6331_Zymo,3233341,3233341,                    Pelagovum sp. HNIBRBA483,Pelagovum sp. HNIBRBA483,species,3.356672275666039e-05,abund,0.0,1,1
Kraken2,default,Kraken2_default,ZymoMockD6331,ZymoMockD6331,ont,D6331_Zymo,2171755,2171755,                  Profundibacter amoris,Profundibacter amoris,species,3.356672275666039e-05,abund,0.0,1,1
Kraken2,default,Kraken2_default,ZymoMockD6331,ZymoMockD6331,ont,D6331_Zymo,2579971,2579971,                  Paroceanicella profunda,Paroceanicella profunda,species,3.356672275666039e-05,abund,0.0,1,1
Kraken2,default,Kraken2_default,ZymoMockD6331,ZymoMockD6331,ont,D6331_Zymo,154981,154981,                  Aliiroseovarius crassostreae,Aliiroseovarius crassostreae,species,3.356672275666039e-05,abund,0.0,1,1
Kraken2,default,Kraken2_default,ZymoMockD6331,ZymoMockD6331,ont,D6331_Zymo,2500533,2500533,                  Pseudorhodobacter turbinis,Pseudorhodobacter turbinis,species,3.356672275666039e-05,abund,0.0,1,1
Kraken2,default,Kraken2_default,ZymoMockD6331,ZymoMockD6331,ont,D6331_Zymo,2867016,2867016,                    Leisingera sp. S132,Leisingera sp. S132,species,0.00020140033653996236,abund,0.0,6,6
Kraken2,default,Kraken2_default,ZymoMockD6331,ZymoMockD6331,ont,D6331_Zymo,2930199,2930199,                  Leisingera thetidis,Leisingera thetidis,species,3.356672275666039e-05,abund,0.0,1,1
Kraken2,default,Kraken2_default,ZymoMockD6331,ZymoMockD6331,ont,D6331_Zymo,2587855,2587855,                    Sulfitobacter sp. THAF37,Sulfitobacter sp. THAF37,species,6.713344551332078e-05,abund,0.0,2,2
Kraken2,default,Kraken2_default,ZymoMockD6331,ZymoMockD6331,ont,D6331_Zymo,2070369,2070369,                    Sulfitobacter sp. JL08,Sulfitobacter sp. JL08,species,3.356672275666039e-05,abund,0.0,1,1
Kraken2,default,Kraken2_default,ZymoMockD6331,ZymoMockD6331,ont,D6331_Zymo,1537242,1537242,                  Roseobacter fucihabitans,Roseobacter fucihabitans,species,0.00010070016826998118,abund,0.0,3,3
Kraken2,default,Kraken2_default,ZymoMockD6331,ZymoMockD6331,ont,D6331_Zymo,1943633,1943633,                  Ponticoccus alexandrii,Ponticoccus alexandrii,species,0.00010070016826998118,abund,0.0,3,3
Kraken2,default,Kraken2_default,ZymoMockD6331,ZymoMockD6331,ont,D6331_Zymo,2587163,2587163,                    Oceanicola sp. D3,Oceanicola sp. D3,species,6.713344551332078e-05,abund,0.0,2,2
Kraken2,default,Kraken2_default,ZymoMockD6331,ZymoMockD6331,ont,D6331_Zymo,3108175,3108175,                    Roseovarius sp. Pro17,Roseovarius sp. Pro17,species,3.356672275666039e-05,abund,0.0,1,1
Kraken2,default,Kraken2_default,ZymoMockD6331,ZymoMockD6331,ont,D6331_Zymo,1924940,1924940,                    Mameliella sp.,Mameliella sp.,species,3.356672275666039e-05,abund,0.0,1,1
Kraken2,default,Kraken2_default,ZymoMockD6331,ZymoMockD6331,ont,D6331_Zymo,195913,195913,                  Loktanella salsilacus,Loktanella salsilacus,species,3.356672275666039e-05,abund,0.0,1,1
Kraken2,default,Kraken2_default,ZymoMockD6331,ZymoMockD6331,ont,D6331_Zymo,2319844,2319844,                  Sphingomonas paeninsulae,Sphingomonas paeninsulae,species,0.00016783361378330195,abund,0.0,5,5
Kraken2,default,Kraken2_default,ZymoMockD6331,ZymoMockD6331,ont,D6331_Zymo,2898433,2898433,                    Sphingomonas sp. J315,Sphingomonas sp. J315,species,3.356672275666039e-05,abund,0.0,1,1
Kraken2,default,Kraken2_default,ZymoMockD6331,ZymoMockD6331,ont,D6331_Zymo,3238806,3238806,                    Sphingomonas sp. MMS24-J45,Sphingomonas sp. MMS24-J45,species,3.356672275666039e-05,abund,0.0,1,1
Kraken2,default,Kraken2_default,ZymoMockD6331,ZymoMockD6331,ont,D6331_Zymo,2997354,2997354,                    Sphingomonas sp. So64.6b,Sphingomonas sp. So64.6b,species,3.356672275666039e-05,abund,0.0,1,1
Kraken2,default,Kraken2_default,ZymoMockD6331,ZymoMockD6331,ont,D6331_Zymo,1813468,1813468,                  Sphingomonas naphthae,Sphingomonas naphthae,species,3.356672275666039e-05,abund,0.0,1,1
Kraken2,default,Kraken2_default,ZymoMockD6331,ZymoMockD6331,ont,D6331_Zymo,93064,93064,                  Sphingomonas koreensis,Sphingomonas koreensis,species,3.356672275666039e-05,abund,0.0,1,1
Kraken2,default,Kraken2_default,ZymoMockD6331,ZymoMockD6331,ont,D6331_Zymo,397260,397260,                  Sphingomonas sanxanigenens,Sphingomonas sanxanigenens,species,3.356672275666039e-05,abund,0.0,1,0
Kraken2,default,Kraken2_default,ZymoMockD6331,ZymoMockD6331,ont,D6331_Zymo,158500,158500,                  Novosphingobium resinovorum,Novosphingobium resinovorum,species,6.713344551332078e-05,abund,0.0,2,2
Kraken2,default,Kraken2_default,ZymoMockD6331,ZymoMockD6331,ont,D6331_Zymo,2896849,2896849,                  Novosphingobium kaempferiae,Novosphingobium kaempferiae,species,6.713344551332078e-05,abund,0.0,2,2
Kraken2,default,Kraken2_default,ZymoMockD6331,ZymoMockD6331,ont,D6331_Zymo,2780074,2780074,                    Novosphingobium sp. ES2-1,Novosphingobium sp. ES2-1,species,3.356672275666039e-05,abund,0.0,1,1
Kraken2,default,Kraken2_default,ZymoMockD6331,ZymoMockD6331,ont,D6331_Zymo,1144307,1144307,                    Sphingobium sp. AP49,Sphingobium sp. AP49,species,3.356672275666039e-05,abund,0.0,1,1
Kraken2,default,Kraken2_default,ZymoMockD6331,ZymoMockD6331,ont,D6331_Zymo,1855519,1855519,                    Sphingobium sp. EP60837,Sphingobium sp. EP60837,species,3.356672275666039e-05,abund,0.0,1,1
Kraken2,default,Kraken2_default,ZymoMockD6331,ZymoMockD6331,ont,D6331_Zymo,407020,407020,                    Sphingobium sp. MI1205,Sphingobium sp. MI1205,species,3.356672275666039e-05,abund,0.0,1,1
Kraken2,default,Kraken2_default,ZymoMockD6331,ZymoMockD6331,ont,D6331_Zymo,46429,46429,                  Sphingobium chlorophenolicum,Sphingobium chlorophenolicum,species,3.356672275666039e-05,abund,0.0,1,0
Kraken2,default,Kraken2_default,ZymoMockD6331,ZymoMockD6331,ont,D6331_Zymo,33052,33052,                  Sphingopyxis terrae,Sphingopyxis terrae,species,3.356672275666039e-05,abund,0.0,1,0
Kraken2,default,Kraken2_default,ZymoMockD6331,ZymoMockD6331,ont,D6331_Zymo,267128,267128,                  Sphingopyxis granuli,Sphingopyxis granuli,species,3.356672275666039e-05,abund,0.0,1,1
Kraken2,default,Kraken2_default,ZymoMockD6331,ZymoMockD6331,ont,D6331_Zymo,1913578,1913578,                  Sphingorhabdus lutea,Sphingorhabdus lutea,species,3.356672275666039e-05,abund,0.0,1,1
Kraken2,default,Kraken2_default,ZymoMockD6331,ZymoMockD6331,ont,D6331_Zymo,2584094,2584094,                    Sphingorhabdus sp. SMR4y,Sphingorhabdus sp. SMR4y,species,3.356672275666039e-05,abund,0.0,1,1
Kraken2,default,Kraken2_default,ZymoMockD6331,ZymoMockD6331,ont,D6331_Zymo,394733,394733,                  Parasphingorhabdus litoris,Parasphingorhabdus litoris,species,3.356672275666039e-05,abund,0.0,1,0
Kraken2,default,Kraken2_default,ZymoMockD6331,ZymoMockD6331,ont,D6331_Zymo,1896196,1896196,                      Porphyrobacter sp. LM 6,Porphyrobacter sp. LM 6,species,0.00013426689102664157,abund,0.0,4,4
Kraken2,default,Kraken2_default,ZymoMockD6331,ZymoMockD6331,ont,D6331_Zymo,39960,39960,                    Erythrobacter litoralis,Erythrobacter litoralis,species,3.356672275666039e-05,abund,0.0,1,0
Kraken2,default,Kraken2_default,ZymoMockD6331,ZymoMockD6331,ont,D6331_Zymo,476157,476157,                  Altererythrobacter ishigakiensis,Altererythrobacter ishigakiensis,species,0.00010070016826998118,abund,0.0,3,3
Kraken2,default,Kraken2_default,ZymoMockD6331,ZymoMockD6331,ont,D6331_Zymo,225971,225971,                  Qipengyuania citrea,Qipengyuania citrea,species,6.713344551332078e-05,abund,0.0,2,2
Kraken2,default,Kraken2_default,ZymoMockD6331,ZymoMockD6331,ont,D6331_Zymo,2867236,2867236,                  Qipengyuania xiapuensis,Qipengyuania xiapuensis,species,3.356672275666039e-05,abund,0.0,1,1
Kraken2,default,Kraken2_default,ZymoMockD6331,ZymoMockD6331,ont,D6331_Zymo,3121290,3121290,                    Croceibacterium sp. TMG7-5b_MA50,Croceibacterium sp. TMG7-5b_MA50,species,3.356672275666039e-05,abund,0.0,1,1
Kraken2,default,Kraken2_default,ZymoMockD6331,ZymoMockD6331,ont,D6331_Zymo,543877,543877,                  Pelagerythrobacter marensis,Pelagerythrobacter marensis,species,3.356672275666039e-05,abund,0.0,1,1
Kraken2,default,Kraken2_default,ZymoMockD6331,ZymoMockD6331,ont,D6331_Zymo,1909290,1909290,                    Polymorphobacter sp.,Polymorphobacter sp.,species,3.356672275666039e-05,abund,0.0,1,1
Kraken2,default,Kraken2_default,ZymoMockD6331,ZymoMockD6331,ont,D6331_Zymo,3373674,3373674,                    Acetobacter sp. KSO5,Acetobacter sp. KSO5,species,0.00020140033653996236,abund,0.0,6,6
Kraken2,default,Kraken2_default,ZymoMockD6331,ZymoMockD6331,ont,D6331_Zymo,1076596,1076596,                  Acetobacter persici,Acetobacter persici,species,3.356672275666039e-05,abund,0.0,1,1
Kraken2,default,Kraken2_default,ZymoMockD6331,ZymoMockD6331,ont,D6331_Zymo,2070537,2070537,                  Commensalibacter melissae,Commensalibacter melissae,species,0.00030210050480994355,abund,0.0,9,9
Kraken2,default,Kraken2_default,ZymoMockD6331,ZymoMockD6331,ont,D6331_Zymo,2697033,2697033,                  Aristophania vespae,Aristophania vespae,species,6.713344551332078e-05,abund,0.0,2,2
Kraken2,default,Kraken2_default,ZymoMockD6331,ZymoMockD6331,ont,D6331_Zymo,1484109,1484109,                  Lichenicola cladoniae,Lichenicola cladoniae,species,3.356672275666039e-05,abund,0.0,1,1
Kraken2,default,Kraken2_default,ZymoMockD6331,ZymoMockD6331,ont,D6331_Zymo,1388755,1388755,                    Candidatus Pelagibacter sp. HIMB1321,Candidatus Pelagibacter sp. HIMB1321,species,0.00016783361378330195,abund,0.0,5,5
Kraken2,default,Kraken2_default,ZymoMockD6331,ZymoMockD6331,ont,D6331_Zymo,3230989,3230989,                    Candidatus Pelagibacter sp. Uisw_130,Candidatus Pelagibacter sp. Uisw_130,species,0.00016783361378330195,abund,0.0,5,5
Kraken2,default,Kraken2_default,ZymoMockD6331,ZymoMockD6331,ont,D6331_Zymo,3230993,3230993,                    Candidatus Pelagibacter sp. Uisw_090,Candidatus Pelagibacter sp. Uisw_090,species,6.713344551332078e-05,abund,0.0,2,2
Kraken2,default,Kraken2_default,ZymoMockD6331,ZymoMockD6331,ont,D6331_Zymo,1002672,1002672,                    Candidatus Pelagibacter sp. IMCC9063,Candidatus Pelagibacter sp. IMCC9063,species,3.356672275666039e-05,abund,0.0,1,1
Kraken2,default,Kraken2_default,ZymoMockD6331,ZymoMockD6331,ont,D6331_Zymo,1977865,1977865,                    Candidatus Pelagibacter sp. RS40,Candidatus Pelagibacter sp. RS40,species,3.356672275666039e-05,abund,0.0,1,1
Kraken2,default,Kraken2_default,ZymoMockD6331,ZymoMockD6331,ont,D6331_Zymo,2268451,2268451,                    Candidatus Pelagibacter sp. FZCC0015,Candidatus Pelagibacter sp. FZCC0015,species,3.356672275666039e-05,abund,0.0,1,1
Kraken2,default,Kraken2_default,ZymoMockD6331,ZymoMockD6331,ont,D6331_Zymo,3230980,3230980,                    Candidatus Pelagibacter sp. Uisw_094,Candidatus Pelagibacter sp. Uisw_094,species,3.356672275666039e-05,abund,0.0,1,1
Kraken2,default,Kraken2_default,ZymoMockD6331,ZymoMockD6331,ont,D6331_Zymo,3230990,3230990,                    Candidatus Pelagibacter sp. Uisw_134_02,Candidatus Pelagibacter sp. Uisw_134_02,species,3.356672275666039e-05,abund,0.0,1,1
Kraken2,default,Kraken2_default,ZymoMockD6331,ZymoMockD6331,ont,D6331_Zymo,198252,198252,                  Candidatus Pelagibacter ubique,Candidatus Pelagibacter ubique,species,6.713344551332078e-05,abund,0.0,2,0
Kraken2,default,Kraken2_default,ZymoMockD6331,ZymoMockD6331,ont,D6331_Zymo,168935,168935,                  Thalassospira lucentensis,Thalassospira lucentensis,species,0.00016783361378330195,abund,0.0,5,5
Kraken2,default,Kraken2_default,ZymoMockD6331,ZymoMockD6331,ont,D6331_Zymo,2048283,2048283,                  Thalassospira marina,Thalassospira marina,species,6.713344551332078e-05,abund,0.0,2,2
Kraken2,default,Kraken2_default,ZymoMockD6331,ZymoMockD6331,ont,D6331_Zymo,1288970,1288970,                    Magnetospira sp. QH-2,Magnetospira sp. QH-2,species,3.356672275666039e-05,abund,0.0,1,1
Kraken2,default,Kraken2_default,ZymoMockD6331,ZymoMockD6331,ont,D6331_Zymo,34018,34018,                  Rhodospirillum centenum,Rhodospirillum centenum,species,0.00013426689102664157,abund,0.0,4,0
Kraken2,default,Kraken2_default,ZymoMockD6331,ZymoMockD6331,ont,D6331_Zymo,328839,328839,                  Azospirillum melinis,Azospirillum melinis,species,6.713344551332078e-05,abund,0.0,2,2
Kraken2,default,Kraken2_default,ZymoMockD6331,ZymoMockD6331,ont,D6331_Zymo,2775080,2775080,                  Aestuariispira ectoiniformans,Aestuariispira ectoiniformans,species,3.356672275666039e-05,abund,0.0,1,1
Kraken2,default,Kraken2_default,ZymoMockD6331,ZymoMockD6331,ont,D6331_Zymo,2806609,2806609,                  Candidatus Gromoviella agglomerans,Candidatus Gromoviella agglomerans,species,0.00026853378205328313,abund,0.0,8,8
Kraken2,default,Kraken2_default,ZymoMockD6331,ZymoMockD6331,ont,D6331_Zymo,2601668,2601668,                  Candidatus Nesciobacter abundans,Candidatus Nesciobacter abundans,species,0.00013426689102664157,abund,0.0,4,4
Kraken2,default,Kraken2_default,ZymoMockD6331,ZymoMockD6331,ont,D6331_Zymo,86106,86106,                  endosymbiont of Acanthamoeba sp. UWC8,endosymbiont of Acanthamoeba sp. UWC8,species,3.356672275666039e-05,abund,0.0,1,1
Kraken2,default,Kraken2_default,ZymoMockD6331,ZymoMockD6331,ont,D6331_Zymo,2558174,2558174,                  Candidatus Hydrogenosomobacter endosymbioticus,Candidatus Hydrogenosomobacter endosymbioticus,species,3.356672275666039e-05,abund,0.0,1,1
Kraken2,default,Kraken2_default,ZymoMockD6331,ZymoMockD6331,ont,D6331_Zymo,91604,91604,                  Candidatus Odyssella acanthamoebae,Candidatus Odyssella acanthamoebae,species,3.356672275666039e-05,abund,0.0,1,1
Kraken2,default,Kraken2_default,ZymoMockD6331,ZymoMockD6331,ont,D6331_Zymo,2741701,2741701,                  Candidatus Bodocaedibacter vickermanii,Candidatus Bodocaedibacter vickermanii,species,3.356672275666039e-05,abund,0.0,1,1
Kraken2,default,Kraken2_default,ZymoMockD6331,ZymoMockD6331,ont,D6331_Zymo,3157666,3157666,                    Asticcacaulis sp. MM231,Asticcacaulis sp. MM231,species,6.713344551332078e-05,abund,0.0,2,2
Kraken2,default,Kraken2_default,ZymoMockD6331,ZymoMockD6331,ont,D6331_Zymo,3095608,3095608,                    Asticcacaulis sp. DW145,Asticcacaulis sp. DW145,species,3.356672275666039e-05,abund,0.0,1,1
Kraken2,default,Kraken2_default,ZymoMockD6331,ZymoMockD6331,ont,D6331_Zymo,69395,69395,                  Caulobacter henricii,Caulobacter henricii,species,3.356672275666039e-05,abund,0.0,1,1
Kraken2,default,Kraken2_default,ZymoMockD6331,ZymoMockD6331,ont,D6331_Zymo,69665,69665,                    Caulobacter sp. FWC26,Caulobacter sp. FWC26,species,3.356672275666039e-05,abund,0.0,1,1
Kraken2,default,Kraken2_default,ZymoMockD6331,ZymoMockD6331,ont,D6331_Zymo,74313,74313,                  Brevundimonas subvibrioides,Brevundimonas subvibrioides,species,3.356672275666039e-05,abund,0.0,1,1
Kraken2,default,Kraken2_default,ZymoMockD6331,ZymoMockD6331,ont,D6331_Zymo,208216,208216,                  Parvularcula bermudensis,Parvularcula bermudensis,species,6.713344551332078e-05,abund,0.0,2,0
Kraken2,default,Kraken2_default,ZymoMockD6331,ZymoMockD6331,ont,D6331_Zymo,3080019,3080019,                    Hyphomonas sp. FCG-A18,Hyphomonas sp. FCG-A18,species,6.713344551332078e-05,abund,0.0,2,2
Kraken2,default,Kraken2_default,ZymoMockD6331,ZymoMockD6331,ont,D6331_Zymo,2161677,2161677,                  Kordiimonas pumila,Kordiimonas pumila,species,3.356672275666039e-05,abund,0.0,1,1
Kraken2,default,Kraken2_default,ZymoMockD6331,ZymoMockD6331,ont,D6331_Zymo,239935,239935,                    Akkermansia muciniphila,Akkermansia muciniphila,species,1.5304747240899306,abund,1.53,45595,45507
Kraken2,default,Kraken2_default,ZymoMockD6331,ZymoMockD6331,ont,D6331_Zymo,3037987,3037987,                      Akkermansia sp. BCRC 18949,Akkermansia sp. BCRC 18949,species,0.0006042010096198871,abund,0.0,18,18
Kraken2,default,Kraken2_default,ZymoMockD6331,ZymoMockD6331,ont,D6331_Zymo,3040764,3040764,                      Akkermansia sp. N21116,Akkermansia sp. N21116,species,0.0003356672275666039,abund,0.0,10,10
Kraken2,default,Kraken2_default,ZymoMockD6331,ZymoMockD6331,ont,D6331_Zymo,3115152,3115152,                      Akkermansia sp. RCC_12PD,Akkermansia sp. RCC_12PD,species,0.00016783361378330195,abund,0.0,5,5
Kraken2,default,Kraken2_default,ZymoMockD6331,ZymoMockD6331,ont,D6331_Zymo,2927224,2927224,                    Akkermansia massiliensis,Akkermansia massiliensis,species,0.0006042010096198871,abund,0.0,18,18
Kraken2,default,Kraken2_default,ZymoMockD6331,ZymoMockD6331,ont,D6331_Zymo,2819286,2819286,                      Luteolibacter sp. LG18,Luteolibacter sp. LG18,species,6.713344551332078e-05,abund,0.0,2,2
Kraken2,default,Kraken2_default,ZymoMockD6331,ZymoMockD6331,ont,D6331_Zymo,2995170,2995170,                      Luteolibacter sp. SL250,Luteolibacter sp. SL250,species,3.356672275666039e-05,abund,0.0,1,1
Kraken2,default,Kraken2_default,ZymoMockD6331,ZymoMockD6331,ont,D6331_Zymo,454148,454148,                    Roseibacillus persicicus,Roseibacillus persicicus,species,3.356672275666039e-05,abund,0.0,1,1
Kraken2,default,Kraken2_default,ZymoMockD6331,ZymoMockD6331,ont,D6331_Zymo,2909285,2909285,                    Synoicihabitans lomoniglobus,Synoicihabitans lomoniglobus,species,0.00010070016826998118,abund,0.0,3,3
Kraken2,default,Kraken2_default,ZymoMockD6331,ZymoMockD6331,ont,D6331_Zymo,107709,107709,                    Opitutus terrae,Opitutus terrae,species,3.356672275666039e-05,abund,0.0,1,0
Kraken2,default,Kraken2_default,ZymoMockD6331,ZymoMockD6331,ont,D6331_Zymo,2866162,2866162,                    Actomonas aquatica,Actomonas aquatica,species,3.356672275666039e-05,abund,0.0,1,1
Kraken2,default,Kraken2_default,ZymoMockD6331,ZymoMockD6331,ont,D6331_Zymo,395922,395922,                    Coraliomargarita akajimensis,Coraliomargarita akajimensis,species,3.356672275666039e-05,abund,0.0,1,0
Kraken2,default,Kraken2_default,ZymoMockD6331,ZymoMockD6331,ont,D6331_Zymo,3080537,3080537,                    Rubellicoccus peritrichatus,Rubellicoccus peritrichatus,species,3.356672275666039e-05,abund,0.0,1,1
Kraken2,default,Kraken2_default,ZymoMockD6331,ZymoMockD6331,ont,D6331_Zymo,2528005,2528005,                    Stieleria varia,Stieleria varia,species,0.00023496705929662275,abund,0.0,7,7
Kraken2,default,Kraken2_default,ZymoMockD6331,ZymoMockD6331,ont,D6331_Zymo,2528025,2528025,                    Stieleria bergensis,Stieleria bergensis,species,3.356672275666039e-05,abund,0.0,1,1
Kraken2,default,Kraken2_default,ZymoMockD6331,ZymoMockD6331,ont,D6331_Zymo,2795974,2795974,                    Stieleria maiorica,Stieleria maiorica,species,3.356672275666039e-05,abund,0.0,1,1
Kraken2,default,Kraken2_default,ZymoMockD6331,ZymoMockD6331,ont,D6331_Zymo,2527990,2527990,                    Rosistilla oblonga,Rosistilla oblonga,species,0.00013426689102664157,abund,0.0,4,4
Kraken2,default,Kraken2_default,ZymoMockD6331,ZymoMockD6331,ont,D6331_Zymo,2127060,2127060,                      Rhodopirellula sp. P2,Rhodopirellula sp. P2,species,6.713344551332078e-05,abund,0.0,2,2
Kraken2,default,Kraken2_default,ZymoMockD6331,ZymoMockD6331,ont,D6331_Zymo,265606,265606,                    Rhodopirellula baltica,Rhodopirellula baltica,species,3.356672275666039e-05,abund,0.0,1,0
Kraken2,default,Kraken2_default,ZymoMockD6331,ZymoMockD6331,ont,D6331_Zymo,2527984,2527984,                    Bremerella volcania,Bremerella volcania,species,6.713344551332078e-05,abund,0.0,2,2
Kraken2,default,Kraken2_default,ZymoMockD6331,ZymoMockD6331,ont,D6331_Zymo,2528024,2528024,                    Lacipirellula limnantheis,Lacipirellula limnantheis,species,0.00030210050480994355,abund,0.0,9,9
Kraken2,default,Kraken2_default,ZymoMockD6331,ZymoMockD6331,ont,D6331_Zymo,2528022,2528022,                    Botrimarina mediterranea,Botrimarina mediterranea,species,6.713344551332078e-05,abund,0.0,2,2
Kraken2,default,Kraken2_default,ZymoMockD6331,ZymoMockD6331,ont,D6331_Zymo,2527972,2527972,                    Aeoliella mucimassa,Aeoliella mucimassa,species,3.356672275666039e-05,abund,0.0,1,1
Kraken2,default,Kraken2_default,ZymoMockD6331,ZymoMockD6331,ont,D6331_Zymo,1331910,1331910,                    Thermogutta terrifontis,Thermogutta terrifontis,species,0.00013426689102664157,abund,0.0,4,4
Kraken2,default,Kraken2_default,ZymoMockD6331,ZymoMockD6331,ont,D6331_Zymo,2527964,2527964,                    Gimesia aquarii,Gimesia aquarii,species,3.356672275666039e-05,abund,0.0,1,1
Kraken2,default,Kraken2_default,ZymoMockD6331,ZymoMockD6331,ont,D6331_Zymo,2528027,2528027,                    Calycomorphotria hydatis,Calycomorphotria hydatis,species,6.713344551332078e-05,abund,0.0,2,2
Kraken2,default,Kraken2_default,ZymoMockD6331,ZymoMockD6331,ont,D6331_Zymo,3044399,3044399,                      Schlesneria sp. DSM 10557,Schlesneria sp. DSM 10557,species,3.356672275666039e-05,abund,0.0,1,1
Kraken2,default,Kraken2_default,ZymoMockD6331,ZymoMockD6331,ont,D6331_Zymo,2528026,2528026,                    Maioricimonas rarisocia,Maioricimonas rarisocia,species,3.356672275666039e-05,abund,0.0,1,1
Kraken2,default,Kraken2_default,ZymoMockD6331,ZymoMockD6331,ont,D6331_Zymo,2527995,2527995,                    Symmachiella dynata,Symmachiella dynata,species,3.356672275666039e-05,abund,0.0,1,1
Kraken2,default,Kraken2_default,ZymoMockD6331,ZymoMockD6331,ont,D6331_Zymo,2527994,2527994,                    Thalassoglobus polymorphus,Thalassoglobus polymorphus,species,3.356672275666039e-05,abund,0.0,1,1
Kraken2,default,Kraken2_default,ZymoMockD6331,ZymoMockD6331,ont,D6331_Zymo,2774151,2774151,                    Frigoriglobus tundricola,Frigoriglobus tundricola,species,3.356672275666039e-05,abund,0.0,1,1
Kraken2,default,Kraken2_default,ZymoMockD6331,ZymoMockD6331,ont,D6331_Zymo,406548,406548,                    Aquisphaera giovannonii,Aquisphaera giovannonii,species,3.356672275666039e-05,abund,0.0,1,1
Kraken2,default,Kraken2_default,ZymoMockD6331,ZymoMockD6331,ont,D6331_Zymo,2528011,2528011,                  Engelhardtia mirabilis,Engelhardtia mirabilis,species,3.356672275666039e-05,abund,0.0,1,1
Kraken2,default,Kraken2_default,ZymoMockD6331,ZymoMockD6331,ont,D6331_Zymo,2596890,2596890,                    Candidatus Uabimicrobium amorphum,Candidatus Uabimicrobium amorphum,species,0.00016783361378330195,abund,0.0,5,5
Kraken2,default,Kraken2_default,ZymoMockD6331,ZymoMockD6331,ont,D6331_Zymo,3095367,3095367,                    Candidatus Uabimicrobium helgolandensis,Candidatus Uabimicrobium helgolandensis,species,0.00010070016826998118,abund,0.0,3,3
Kraken2,default,Kraken2_default,ZymoMockD6331,ZymoMockD6331,ont,D6331_Zymo,1940790,1940790,                    Sedimentisphaera cyanobacteriorum,Sedimentisphaera cyanobacteriorum,species,0.00013426689102664157,abund,0.0,4,4
Kraken2,default,Kraken2_default,ZymoMockD6331,ZymoMockD6331,ont,D6331_Zymo,1941349,1941349,                    Sedimentisphaera salicampi,Sedimentisphaera salicampi,species,6.713344551332078e-05,abund,0.0,2,2
Kraken2,default,Kraken2_default,ZymoMockD6331,ZymoMockD6331,ont,D6331_Zymo,174633,174633,                    Candidatus Kuenenia stuttgartiensis,Candidatus Kuenenia stuttgartiensis,species,3.356672275666039e-05,abund,0.0,1,1
Kraken2,default,Kraken2_default,ZymoMockD6331,ZymoMockD6331,ont,D6331_Zymo,2494525,2494525,                      Chlamydia buteonis,Chlamydia buteonis,species,0.00013426689102664157,abund,0.0,4,4
Kraken2,default,Kraken2_default,ZymoMockD6331,ZymoMockD6331,ont,D6331_Zymo,83557,83557,                      Chlamydia caviae,Chlamydia caviae,species,3.356672275666039e-05,abund,0.0,1,0
Kraken2,default,Kraken2_default,ZymoMockD6331,ZymoMockD6331,ont,D6331_Zymo,83560,83560,                      Chlamydia muridarum,Chlamydia muridarum,species,3.356672275666039e-05,abund,0.0,1,1
Kraken2,default,Kraken2_default,ZymoMockD6331,ZymoMockD6331,ont,D6331_Zymo,225148,225148,                    Candidatus Rhabdochlamydia porcellionis,Candidatus Rhabdochlamydia porcellionis,species,0.00013426689102664157,abund,0.0,4,4
Kraken2,default,Kraken2_default,ZymoMockD6331,ZymoMockD6331,ont,D6331_Zymo,1353976,1353976,                      Neochlamydia sp. S13,Neochlamydia sp. S13,species,3.356672275666039e-05,abund,0.0,1,1
Kraken2,default,Kraken2_default,ZymoMockD6331,ZymoMockD6331,ont,D6331_Zymo,362787,362787,                    Candidatus Protochlamydia amoebophila,Candidatus Protochlamydia amoebophila,species,3.356672275666039e-05,abund,0.0,1,0
Kraken2,default,Kraken2_default,ZymoMockD6331,ZymoMockD6331,ont,D6331_Zymo,3064277,3064277,                      Candidatus Neptunochlamydia sp. REUL1,Candidatus Neptunochlamydia sp. REUL1,species,3.356672275666039e-05,abund,0.0,1,1
Kraken2,default,Kraken2_default,ZymoMockD6331,ZymoMockD6331,ont,D6331_Zymo,2697043,2697043,                    Tichowtungia aerotolerans,Tichowtungia aerotolerans,species,0.00010070016826998118,abund,0.0,3,3
Kraken2,default,Kraken2_default,ZymoMockD6331,ZymoMockD6331,ont,D6331_Zymo,1658616,1658616,                    Lentisphaera profundi,Lentisphaera profundi,species,3.356672275666039e-05,abund,0.0,1,1
Kraken2,default,Kraken2_default,ZymoMockD6331,ZymoMockD6331,ont,D6331_Zymo,76517,76517,                  Campylobacter hominis,Campylobacter hominis,species,0.0038937398397726054,abund,0.0,116,116
Kraken2,default,Kraken2_default,ZymoMockD6331,ZymoMockD6331,ont,D6331_Zymo,3158229,3158229,                    Campylobacter sp. CCS1377,Campylobacter sp. CCS1377,species,0.00023496705929662275,abund,0.0,7,7
Kraken2,default,Kraken2_default,ZymoMockD6331,ZymoMockD6331,ont,D6331_Zymo,1500960,1500960,                    Campylobacter sp. RM16704,Campylobacter sp. RM16704,species,0.00013426689102664157,abund,0.0,4,4
Kraken2,default,Kraken2_default,ZymoMockD6331,ZymoMockD6331,ont,D6331_Zymo,1660079,1660079,                    Campylobacter sp. RM12651,Campylobacter sp. RM12651,species,0.00010070016826998118,abund,0.0,3,3
Kraken2,default,Kraken2_default,ZymoMockD6331,ZymoMockD6331,ont,D6331_Zymo,1660078,1660078,                    Campylobacter sp. RM5004,Campylobacter sp. RM5004,species,3.356672275666039e-05,abund,0.0,1,1
Kraken2,default,Kraken2_default,ZymoMockD6331,ZymoMockD6331,ont,D6331_Zymo,201,201,                  Campylobacter lari,Campylobacter lari,species,0.00040280067307992473,abund,0.0,12,9
Kraken2,default,Kraken2_default,ZymoMockD6331,ZymoMockD6331,ont,D6331_Zymo,199,199,                  Campylobacter concisus,Campylobacter concisus,species,0.00030210050480994355,abund,0.0,9,9
Kraken2,default,Kraken2_default,ZymoMockD6331,ZymoMockD6331,ont,D6331_Zymo,196,196,                  Campylobacter fetus,Campylobacter fetus,species,0.00020140033653996236,abund,0.0,6,1
Kraken2,default,Kraken2_default,ZymoMockD6331,ZymoMockD6331,ont,D6331_Zymo,206,206,                  Campylobacter sputorum,Campylobacter sputorum,species,0.00020140033653996236,abund,0.0,6,1
Kraken2,default,Kraken2_default,ZymoMockD6331,ZymoMockD6331,ont,D6331_Zymo,1965231,1965231,                  Campylobacter pinnipediorum,Campylobacter pinnipediorum,species,0.00013426689102664157,abund,0.0,4,0
Kraken2,default,Kraken2_default,ZymoMockD6331,ZymoMockD6331,ont,D6331_Zymo,1244531,1244531,                  Campylobacter iguaniorum,Campylobacter iguaniorum,species,0.00013426689102664157,abund,0.0,4,4
Kraken2,default,Kraken2_default,ZymoMockD6331,ZymoMockD6331,ont,D6331_Zymo,2505970,2505970,                  Campylobacter armoricus,Campylobacter armoricus,species,0.00013426689102664157,abund,0.0,4,4
Kraken2,default,Kraken2_default,ZymoMockD6331,ZymoMockD6331,ont,D6331_Zymo,827,827,                  Campylobacter ureolyticus,Campylobacter ureolyticus,species,0.00010070016826998118,abund,0.0,3,3
Kraken2,default,Kraken2_default,ZymoMockD6331,ZymoMockD6331,ont,D6331_Zymo,1655500,1655500,                  Campylobacter vulpis,Campylobacter vulpis,species,0.00010070016826998118,abund,0.0,3,3
Kraken2,default,Kraken2_default,ZymoMockD6331,ZymoMockD6331,ont,D6331_Zymo,200,200,                  Campylobacter curvus,Campylobacter curvus,species,0.00010070016826998118,abund,0.0,3,3
Kraken2,default,Kraken2_default,ZymoMockD6331,ZymoMockD6331,ont,D6331_Zymo,197,197,                  Campylobacter jejuni,Campylobacter jejuni,species,0.00010070016826998118,abund,0.0,3,3
Kraken2,default,Kraken2_default,ZymoMockD6331,ZymoMockD6331,ont,D6331_Zymo,522485,522485,                  Campylobacter avium,Campylobacter avium,species,0.00010070016826998118,abund,0.0,3,0
Kraken2,default,Kraken2_default,ZymoMockD6331,ZymoMockD6331,ont,D6331_Zymo,2042961,2042961,                  Campylobacter blaseri,Campylobacter blaseri,species,6.713344551332078e-05,abund,0.0,2,2
Kraken2,default,Kraken2_default,ZymoMockD6331,ZymoMockD6331,ont,D6331_Zymo,202,202,                  Campylobacter mucosalis,Campylobacter mucosalis,species,6.713344551332078e-05,abund,0.0,2,2
Kraken2,default,Kraken2_default,ZymoMockD6331,ZymoMockD6331,ont,D6331_Zymo,1780362,1780362,                  Campylobacter geochelonis,Campylobacter geochelonis,species,6.713344551332078e-05,abund,0.0,2,2
Kraken2,default,Kraken2_default,ZymoMockD6331,ZymoMockD6331,ont,D6331_Zymo,1660076,1660076,                  Campylobacter vicugnae,Campylobacter vicugnae,species,6.713344551332078e-05,abund,0.0,2,2
Kraken2,default,Kraken2_default,ZymoMockD6331,ZymoMockD6331,ont,D6331_Zymo,195,195,                  Campylobacter coli,Campylobacter coli,species,6.713344551332078e-05,abund,0.0,2,2
Kraken2,default,Kraken2_default,ZymoMockD6331,ZymoMockD6331,ont,D6331_Zymo,497724,497724,                  Campylobacter subantarcticus,Campylobacter subantarcticus,species,3.356672275666039e-05,abund,0.0,1,1
Kraken2,default,Kraken2_default,ZymoMockD6331,ZymoMockD6331,ont,D6331_Zymo,1448857,1448857,                  Campylobacter corcagiensis,Campylobacter corcagiensis,species,3.356672275666039e-05,abund,0.0,1,1
Kraken2,default,Kraken2_default,ZymoMockD6331,ZymoMockD6331,ont,D6331_Zymo,1032243,1032243,                  Campylobacter californiensis,Campylobacter californiensis,species,3.356672275666039e-05,abund,0.0,1,1
Kraken2,default,Kraken2_default,ZymoMockD6331,ZymoMockD6331,ont,D6331_Zymo,198,198,                  Campylobacter hyointestinalis,Campylobacter hyointestinalis,species,3.356672275666039e-05,abund,0.0,1,1
Kraken2,default,Kraken2_default,ZymoMockD6331,ZymoMockD6331,ont,D6331_Zymo,260714,260714,                  Campylobacter insulaenigrae,Campylobacter insulaenigrae,species,3.356672275666039e-05,abund,0.0,1,1
Kraken2,default,Kraken2_default,ZymoMockD6331,ZymoMockD6331,ont,D6331_Zymo,75658,75658,                  Campylobacter lanienae,Campylobacter lanienae,species,3.356672275666039e-05,abund,0.0,1,1
Kraken2,default,Kraken2_default,ZymoMockD6331,ZymoMockD6331,ont,D6331_Zymo,944547,944547,                    Arcobacter sp. L,Arcobacter sp. L,species,0.00016783361378330195,abund,0.0,5,5
Kraken2,default,Kraken2_default,ZymoMockD6331,ZymoMockD6331,ont,D6331_Zymo,2593672,2593672,                    Arcobacter sp. FWKO B,Arcobacter sp. FWKO B,species,0.00016783361378330195,abund,0.0,5,5
Kraken2,default,Kraken2_default,ZymoMockD6331,ZymoMockD6331,ont,D6331_Zymo,1872629,1872629,                    Arcobacter sp.,Arcobacter sp.,species,0.00010070016826998118,abund,0.0,3,3
Kraken2,default,Kraken2_default,ZymoMockD6331,ZymoMockD6331,ont,D6331_Zymo,3374109,3374109,                    Arcobacter sp. 15-2,Arcobacter sp. 15-2,species,6.713344551332078e-05,abund,0.0,2,2
Kraken2,default,Kraken2_default,ZymoMockD6331,ZymoMockD6331,ont,D6331_Zymo,2906515,2906515,                    Arcobacter sp. KX21116,Arcobacter sp. KX21116,species,3.356672275666039e-05,abund,0.0,1,1
Kraken2,default,Kraken2_default,ZymoMockD6331,ZymoMockD6331,ont,D6331_Zymo,1054033,1054033,                  Arcobacter venerupis,Arcobacter venerupis,species,0.00010070016826998118,abund,0.0,3,3
Kraken2,default,Kraken2_default,ZymoMockD6331,ZymoMockD6331,ont,D6331_Zymo,1849015,1849015,                  Arcobacter acticola,Arcobacter acticola,species,0.00010070016826998118,abund,0.0,3,3
Kraken2,default,Kraken2_default,ZymoMockD6331,ZymoMockD6331,ont,D6331_Zymo,28199,28199,                  Arcobacter nitrofigilis,Arcobacter nitrofigilis,species,6.713344551332078e-05,abund,0.0,2,0
Kraken2,default,Kraken2_default,ZymoMockD6331,ZymoMockD6331,ont,D6331_Zymo,2961520,2961520,                  Arcobacter roscoffensis,Arcobacter roscoffensis,species,6.713344551332078e-05,abund,0.0,2,2
Kraken2,default,Kraken2_default,ZymoMockD6331,ZymoMockD6331,ont,D6331_Zymo,913109,913109,                  Arcobacter ellisii,Arcobacter ellisii,species,3.356672275666039e-05,abund,0.0,1,1
Kraken2,default,Kraken2_default,ZymoMockD6331,ZymoMockD6331,ont,D6331_Zymo,28198,28198,                  Aliarcobacter cryaerophilus,Aliarcobacter cryaerophilus,species,0.00020140033653996236,abund,0.0,6,1
Kraken2,default,Kraken2_default,ZymoMockD6331,ZymoMockD6331,ont,D6331_Zymo,28197,28197,                  Aliarcobacter butzleri,Aliarcobacter butzleri,species,0.00016783361378330195,abund,0.0,5,5
Kraken2,default,Kraken2_default,ZymoMockD6331,ZymoMockD6331,ont,D6331_Zymo,1564138,1564138,                  Aliarcobacter faecis,Aliarcobacter faecis,species,0.00016783361378330195,abund,0.0,5,5
Kraken2,default,Kraken2_default,ZymoMockD6331,ZymoMockD6331,ont,D6331_Zymo,708186,708186,                  Aliarcobacter trophiarum,Aliarcobacter trophiarum,species,0.00010070016826998118,abund,0.0,3,0
Kraken2,default,Kraken2_default,ZymoMockD6331,ZymoMockD6331,ont,D6331_Zymo,28200,28200,                  Aliarcobacter skirrowii,Aliarcobacter skirrowii,species,6.713344551332078e-05,abund,0.0,2,1
Kraken2,default,Kraken2_default,ZymoMockD6331,ZymoMockD6331,ont,D6331_Zymo,255507,255507,                  Aliarcobacter cibarius,Aliarcobacter cibarius,species,6.713344551332078e-05,abund,0.0,2,2
Kraken2,default,Kraken2_default,ZymoMockD6331,ZymoMockD6331,ont,D6331_Zymo,1355374,1355374,                  Aliarcobacter lanthieri,Aliarcobacter lanthieri,species,3.356672275666039e-05,abund,0.0,1,1
Kraken2,default,Kraken2_default,ZymoMockD6331,ZymoMockD6331,ont,D6331_Zymo,2321133,2321133,                    Halarcobacter sp.,Halarcobacter sp.,species,0.00026853378205328313,abund,0.0,8,8
Kraken2,default,Kraken2_default,ZymoMockD6331,ZymoMockD6331,ont,D6331_Zymo,877500,877500,                  Halarcobacter anaerophilus,Halarcobacter anaerophilus,species,0.00010070016826998118,abund,0.0,3,3
Kraken2,default,Kraken2_default,ZymoMockD6331,ZymoMockD6331,ont,D6331_Zymo,1462615,1462615,                  Halarcobacter ebronensis,Halarcobacter ebronensis,species,6.713344551332078e-05,abund,0.0,2,2
Kraken2,default,Kraken2_default,ZymoMockD6331,ZymoMockD6331,ont,D6331_Zymo,663364,663364,                  Halarcobacter bivalviorum,Halarcobacter bivalviorum,species,3.356672275666039e-05,abund,0.0,1,1
Kraken2,default,Kraken2_default,ZymoMockD6331,ZymoMockD6331,ont,D6331_Zymo,197482,197482,                  Malaciobacter halophilus,Malaciobacter halophilus,species,0.00016783361378330195,abund,0.0,5,5
Kraken2,default,Kraken2_default,ZymoMockD6331,ZymoMockD6331,ont,D6331_Zymo,505249,505249,                  Malaciobacter marinus,Malaciobacter marinus,species,0.00010070016826998118,abund,0.0,3,3
Kraken2,default,Kraken2_default,ZymoMockD6331,ZymoMockD6331,ont,D6331_Zymo,603050,603050,                  Malaciobacter mytili,Malaciobacter mytili,species,0.00010070016826998118,abund,0.0,3,0
Kraken2,default,Kraken2_default,ZymoMockD6331,ZymoMockD6331,ont,D6331_Zymo,1032072,1032072,                  Malaciobacter molluscorum,Malaciobacter molluscorum,species,3.356672275666039e-05,abund,0.0,1,0
Kraken2,default,Kraken2_default,ZymoMockD6331,ZymoMockD6331,ont,D6331_Zymo,1912871,1912871,                  Malaciobacter canalis,Malaciobacter canalis,species,3.356672275666039e-05,abund,0.0,1,1
Kraken2,default,Kraken2_default,ZymoMockD6331,ZymoMockD6331,ont,D6331_Zymo,1904463,1904463,                  Poseidonibacter lekithochrous,Poseidonibacter lekithochrous,species,0.00026853378205328313,abund,0.0,8,8
Kraken2,default,Kraken2_default,ZymoMockD6331,ZymoMockD6331,ont,D6331_Zymo,1850254,1850254,                  Poseidonibacter parvus,Poseidonibacter parvus,species,3.356672275666039e-05,abund,0.0,1,1
Kraken2,default,Kraken2_default,ZymoMockD6331,ZymoMockD6331,ont,D6331_Zymo,3100987,3100987,                    Candidatus Marinarcus sp.,Candidatus Marinarcus sp.,species,3.356672275666039e-05,abund,0.0,1,1
Kraken2,default,Kraken2_default,ZymoMockD6331,ZymoMockD6331,ont,D6331_Zymo,210,210,                  Helicobacter pylori,Helicobacter pylori,species,0.0004699341185932455,abund,0.0,14,14
Kraken2,default,Kraken2_default,ZymoMockD6331,ZymoMockD6331,ont,D6331_Zymo,37372,37372,                  Helicobacter bilis,Helicobacter bilis,species,0.00013426689102664157,abund,0.0,4,4
Kraken2,default,Kraken2_default,ZymoMockD6331,ZymoMockD6331,ont,D6331_Zymo,213,213,                  Helicobacter cinaedi,Helicobacter cinaedi,species,6.713344551332078e-05,abund,0.0,2,2
Kraken2,default,Kraken2_default,ZymoMockD6331,ZymoMockD6331,ont,D6331_Zymo,1591088,1591088,                  Helicobacter himalayensis,Helicobacter himalayensis,species,3.356672275666039e-05,abund,0.0,1,1
Kraken2,default,Kraken2_default,ZymoMockD6331,ZymoMockD6331,ont,D6331_Zymo,138563,138563,                  Helicobacter cetorum,Helicobacter cetorum,species,3.356672275666039e-05,abund,0.0,1,1
Kraken2,default,Kraken2_default,ZymoMockD6331,ZymoMockD6331,ont,D6331_Zymo,2590551,2590551,                  Sulfurimonas marina,Sulfurimonas marina,species,6.713344551332078e-05,abund,0.0,2,2
Kraken2,default,Kraken2_default,ZymoMockD6331,ZymoMockD6331,ont,D6331_Zymo,2740404,2740404,                  Candidatus Sulfurimonas baltica,Candidatus Sulfurimonas baltica,species,6.713344551332078e-05,abund,0.0,2,2
Kraken2,default,Kraken2_default,ZymoMockD6331,ZymoMockD6331,ont,D6331_Zymo,39766,39766,                  Sulfurimonas denitrificans,Sulfurimonas denitrificans,species,3.356672275666039e-05,abund,0.0,1,0
Kraken2,default,Kraken2_default,ZymoMockD6331,ZymoMockD6331,ont,D6331_Zymo,1176482,1176482,                  Sulfurimonas gotlandica,Sulfurimonas gotlandica,species,3.356672275666039e-05,abund,0.0,1,0
Kraken2,default,Kraken2_default,ZymoMockD6331,ZymoMockD6331,ont,D6331_Zymo,3391145,3391145,                    Sulfurimonas sp. CS5,Sulfurimonas sp. CS5,species,3.356672275666039e-05,abund,0.0,1,1
Kraken2,default,Kraken2_default,ZymoMockD6331,ZymoMockD6331,ont,D6331_Zymo,148813,148813,                  Sulfuricurvum kujiense,Sulfuricurvum kujiense,species,6.713344551332078e-05,abund,0.0,2,0
Kraken2,default,Kraken2_default,ZymoMockD6331,ZymoMockD6331,ont,D6331_Zymo,3094835,3094835,                    Sulfurospirillum sp. 1612,Sulfurospirillum sp. 1612,species,0.00016783361378330195,abund,0.0,5,5
Kraken2,default,Kraken2_default,ZymoMockD6331,ZymoMockD6331,ont,D6331_Zymo,1581011,1581011,                    Sulfurospirillum sp. UCH001,Sulfurospirillum sp. UCH001,species,3.356672275666039e-05,abund,0.0,1,1
Kraken2,default,Kraken2_default,ZymoMockD6331,ZymoMockD6331,ont,D6331_Zymo,194424,194424,                  Sulfurospirillum halorespirans,Sulfurospirillum halorespirans,species,6.713344551332078e-05,abund,0.0,2,0
Kraken2,default,Kraken2_default,ZymoMockD6331,ZymoMockD6331,ont,D6331_Zymo,1854492,1854492,                  Sulfurospirillum diekertiae,Sulfurospirillum diekertiae,species,6.713344551332078e-05,abund,0.0,2,2
Kraken2,default,Kraken2_default,ZymoMockD6331,ZymoMockD6331,ont,D6331_Zymo,2925411,2925411,                    Sulfurovum sp. XGS-02,Sulfurovum sp. XGS-02,species,0.00016783361378330195,abund,0.0,5,5
Kraken2,default,Kraken2_default,ZymoMockD6331,ZymoMockD6331,ont,D6331_Zymo,2993563,2993563,                  Hydrogenimonas cancrithermarum,Hydrogenimonas cancrithermarum,species,6.713344551332078e-05,abund,0.0,2,2
Kraken2,default,Kraken2_default,ZymoMockD6331,ZymoMockD6331,ont,D6331_Zymo,269259,269259,                  Nitratiruptor tergarcus,Nitratiruptor tergarcus,species,3.356672275666039e-05,abund,0.0,1,0
Kraken2,default,Kraken2_default,ZymoMockD6331,ZymoMockD6331,ont,D6331_Zymo,2706014,2706014,                  Nitrosophilus labii,Nitrosophilus labii,species,0.00016783361378330195,abund,0.0,5,5
Kraken2,default,Kraken2_default,ZymoMockD6331,ZymoMockD6331,ont,D6331_Zymo,244787,244787,                  Nautilia profundicola,Nautilia profundicola,species,6.713344551332078e-05,abund,0.0,2,0
Kraken2,default,Kraken2_default,ZymoMockD6331,ZymoMockD6331,ont,D6331_Zymo,2579250,2579250,                    Nautilia sp. PV-1,Nautilia sp. PV-1,species,3.356672275666039e-05,abund,0.0,1,1
Kraken2,default,Kraken2_default,ZymoMockD6331,ZymoMockD6331,ont,D6331_Zymo,291048,291048,                  Caminibacter mediatlanticus,Caminibacter mediatlanticus,species,3.356672275666039e-05,abund,0.0,1,0
Kraken2,default,Kraken2_default,ZymoMockD6331,ZymoMockD6331,ont,D6331_Zymo,1643513,1643513,                    Treponema sp. OMZ 857,Treponema sp. OMZ 857,species,6.713344551332078e-05,abund,0.0,2,2
Kraken2,default,Kraken2_default,ZymoMockD6331,ZymoMockD6331,ont,D6331_Zymo,1659192,1659192,                    Treponema sp. OMZ 305,Treponema sp. OMZ 305,species,3.356672275666039e-05,abund,0.0,1,1
Kraken2,default,Kraken2_default,ZymoMockD6331,ZymoMockD6331,ont,D6331_Zymo,2563664,2563664,                    Treponema sp. OMZ 788,Treponema sp. OMZ 788,species,3.356672275666039e-05,abund,0.0,1,1
Kraken2,default,Kraken2_default,ZymoMockD6331,ZymoMockD6331,ont,D6331_Zymo,2563669,2563669,                    Treponema sp. OMZ 787,Treponema sp. OMZ 787,species,3.356672275666039e-05,abund,0.0,1,1
Kraken2,default,Kraken2_default,ZymoMockD6331,ZymoMockD6331,ont,D6331_Zymo,167,167,                  Treponema succinifaciens,Treponema succinifaciens,species,0.00010070016826998118,abund,0.0,3,0
Kraken2,default,Kraken2_default,ZymoMockD6331,ZymoMockD6331,ont,D6331_Zymo,409322,409322,                  Treponema pedis,Treponema pedis,species,0.00010070016826998118,abund,0.0,3,3
Kraken2,default,Kraken2_default,ZymoMockD6331,ZymoMockD6331,ont,D6331_Zymo,58231,58231,                  Treponema medium,Treponema medium,species,0.00010070016826998118,abund,0.0,3,3
Kraken2,default,Kraken2_default,ZymoMockD6331,ZymoMockD6331,ont,D6331_Zymo,158,158,                  Treponema denticola,Treponema denticola,species,0.00010070016826998118,abund,0.0,3,3
Kraken2,default,Kraken2_default,ZymoMockD6331,ZymoMockD6331,ont,D6331_Zymo,2787628,2787628,                  Treponema peruense,Treponema peruense,species,6.713344551332078e-05,abund,0.0,2,2
Kraken2,default,Kraken2_default,ZymoMockD6331,ZymoMockD6331,ont,D6331_Zymo,163,163,                  Treponema bryantii,Treponema bryantii,species,3.356672275666039e-05,abund,0.0,1,1
Kraken2,default,Kraken2_default,ZymoMockD6331,ZymoMockD6331,ont,D6331_Zymo,88058,88058,                  Treponema primitia,Treponema primitia,species,3.356672275666039e-05,abund,0.0,1,0
Kraken2,default,Kraken2_default,ZymoMockD6331,ZymoMockD6331,ont,D6331_Zymo,2887345,2887345,                    Borrelia sp. BU AG58,Borrelia sp. BU AG58,species,0.00013426689102664157,abund,0.0,4,4
Kraken2,default,Kraken2_default,ZymoMockD6331,ZymoMockD6331,ont,D6331_Zymo,140,140,                  Borrelia hermsii,Borrelia hermsii,species,0.00010070016826998118,abund,0.0,3,3
Kraken2,default,Kraken2_default,ZymoMockD6331,ZymoMockD6331,ont,D6331_Zymo,47466,47466,                  Borrelia miyamotoi,Borrelia miyamotoi,species,0.00010070016826998118,abund,0.0,3,3
Kraken2,default,Kraken2_default,ZymoMockD6331,ZymoMockD6331,ont,D6331_Zymo,29520,29520,                  Borrelia crocidurae,Borrelia crocidurae,species,6.713344551332078e-05,abund,0.0,2,1
Kraken2,default,Kraken2_default,ZymoMockD6331,ZymoMockD6331,ont,D6331_Zymo,1674146,1674146,                  Borreliella mayonii,Borreliella mayonii,species,0.00010070016826998118,abund,0.0,3,3
Kraken2,default,Kraken2_default,ZymoMockD6331,ZymoMockD6331,ont,D6331_Zymo,29518,29518,                  Borreliella afzelii,Borreliella afzelii,species,6.713344551332078e-05,abund,0.0,2,2
Kraken2,default,Kraken2_default,ZymoMockD6331,ZymoMockD6331,ont,D6331_Zymo,139,139,                  Borreliella burgdorferi,Borreliella burgdorferi,species,6.713344551332078e-05,abund,0.0,2,2
Kraken2,default,Kraken2_default,ZymoMockD6331,ZymoMockD6331,ont,D6331_Zymo,664662,664662,                  Borreliella bavariensis,Borreliella bavariensis,species,3.356672275666039e-05,abund,0.0,1,1
Kraken2,default,Kraken2_default,ZymoMockD6331,ZymoMockD6331,ont,D6331_Zymo,478807,478807,                  Borreliella americana,Borreliella americana,species,3.356672275666039e-05,abund,0.0,1,1
Kraken2,default,Kraken2_default,ZymoMockD6331,ZymoMockD6331,ont,D6331_Zymo,2518645,2518645,                  Oceanispirochaeta crateris,Oceanispirochaeta crateris,species,3.356672275666039e-05,abund,0.0,1,1
Kraken2,default,Kraken2_default,ZymoMockD6331,ZymoMockD6331,ont,D6331_Zymo,252967,252967,                  Thiospirochaeta perfilievii,Thiospirochaeta perfilievii,species,3.356672275666039e-05,abund,0.0,1,1
Kraken2,default,Kraken2_default,ZymoMockD6331,ZymoMockD6331,ont,D6331_Zymo,2719987,2719987,                  Entomospira nematocerorum,Entomospira nematocerorum,species,3.356672275666039e-05,abund,0.0,1,1
Kraken2,default,Kraken2_default,ZymoMockD6331,ZymoMockD6331,ont,D6331_Zymo,28182,28182,                  Leptospira noguchii,Leptospira noguchii,species,0.00020140033653996236,abund,0.0,6,6
Kraken2,default,Kraken2_default,ZymoMockD6331,ZymoMockD6331,ont,D6331_Zymo,174,174,                  Leptospira borgpetersenii,Leptospira borgpetersenii,species,0.00010070016826998118,abund,0.0,3,3
Kraken2,default,Kraken2_default,ZymoMockD6331,ZymoMockD6331,ont,D6331_Zymo,28183,28183,                  Leptospira santarosai,Leptospira santarosai,species,0.00010070016826998118,abund,0.0,3,3
Kraken2,default,Kraken2_default,ZymoMockD6331,ZymoMockD6331,ont,D6331_Zymo,408139,408139,                  Leptospira kmetyi,Leptospira kmetyi,species,3.356672275666039e-05,abund,0.0,1,1
Kraken2,default,Kraken2_default,ZymoMockD6331,ZymoMockD6331,ont,D6331_Zymo,1137606,1137606,                  Leptospira mayottensis,Leptospira mayottensis,species,3.356672275666039e-05,abund,0.0,1,1
Kraken2,default,Kraken2_default,ZymoMockD6331,ZymoMockD6331,ont,D6331_Zymo,3387407,3387407,                    Leptospira sp. 'Mane',Leptospira sp. 'Mane',species,3.356672275666039e-05,abund,0.0,1,1
Kraken2,default,Kraken2_default,ZymoMockD6331,ZymoMockD6331,ont,D6331_Zymo,3235173,3235173,                  Leptospira cinconiae,Leptospira cinconiae,species,3.356672275666039e-05,abund,0.0,1,1
Kraken2,default,Kraken2_default,ZymoMockD6331,ZymoMockD6331,ont,D6331_Zymo,52584,52584,                  Brachyspira pilosicoli,Brachyspira pilosicoli,species,0.00013426689102664157,abund,0.0,4,4
Kraken2,default,Kraken2_default,ZymoMockD6331,ZymoMockD6331,ont,D6331_Zymo,84378,84378,                  Brachyspira murdochii,Brachyspira murdochii,species,0.00010070016826998118,abund,0.0,3,0
Kraken2,default,Kraken2_default,ZymoMockD6331,ZymoMockD6331,ont,D6331_Zymo,1287055,1287055,                  Brachyspira hampsonii,Brachyspira hampsonii,species,6.713344551332078e-05,abund,0.0,2,2
Kraken2,default,Kraken2_default,ZymoMockD6331,ZymoMockD6331,ont,D6331_Zymo,2795000,2795000,                    Maridesulfovibrio sp.,Maridesulfovibrio sp.,species,0.00043636739583658514,abund,0.0,13,13
Kraken2,default,Kraken2_default,ZymoMockD6331,ZymoMockD6331,ont,D6331_Zymo,880,880,                  Maridesulfovibrio salexigens,Maridesulfovibrio salexigens,species,3.356672275666039e-05,abund,0.0,1,0
Kraken2,default,Kraken2_default,ZymoMockD6331,ZymoMockD6331,ont,D6331_Zymo,29546,29546,                  Lawsonia intracellularis,Lawsonia intracellularis,species,0.00016783361378330195,abund,0.0,5,5
Kraken2,default,Kraken2_default,ZymoMockD6331,ZymoMockD6331,ont,D6331_Zymo,182210,182210,                  Pseudodesulfovibrio aespoeensis,Pseudodesulfovibrio aespoeensis,species,3.356672275666039e-05,abund,0.0,1,0
Kraken2,default,Kraken2_default,ZymoMockD6331,ZymoMockD6331,ont,D6331_Zymo,231439,231439,                  Pseudodesulfovibrio portus,Pseudodesulfovibrio portus,species,3.356672275666039e-05,abund,0.0,1,1
Kraken2,default,Kraken2_default,ZymoMockD6331,ZymoMockD6331,ont,D6331_Zymo,463192,463192,                  Pseudodesulfovibrio tunisiensis,Pseudodesulfovibrio tunisiensis,species,3.356672275666039e-05,abund,0.0,1,1
Kraken2,default,Kraken2_default,ZymoMockD6331,ZymoMockD6331,ont,D6331_Zymo,2810563,2810563,                  Pseudodesulfovibrio sediminis,Pseudodesulfovibrio sediminis,species,3.356672275666039e-05,abund,0.0,1,1
Kraken2,default,Kraken2_default,ZymoMockD6331,ZymoMockD6331,ont,D6331_Zymo,2880651,2880651,                  Pseudodesulfovibrio thermohalotolerans,Pseudodesulfovibrio thermohalotolerans,species,3.356672275666039e-05,abund,0.0,1,1
Kraken2,default,Kraken2_default,ZymoMockD6331,ZymoMockD6331,ont,D6331_Zymo,876,876,                  Desulfovibrio desulfuricans,Desulfovibrio desulfuricans,species,3.356672275666039e-05,abund,0.0,1,1
Kraken2,default,Kraken2_default,ZymoMockD6331,ZymoMockD6331,ont,D6331_Zymo,2976983,2976983,                  Desulfovibrio mangrovi,Desulfovibrio mangrovi,species,3.356672275666039e-05,abund,0.0,1,1
Kraken2,default,Kraken2_default,ZymoMockD6331,ZymoMockD6331,ont,D6331_Zymo,1981031,1981031,                    uncultured Mailhella sp.,uncultured Mailhella sp.,species,6.713344551332078e-05,abund,0.0,2,2
Kraken2,default,Kraken2_default,ZymoMockD6331,ZymoMockD6331,ont,D6331_Zymo,376490,376490,                  Desulfobaculum bizertense,Desulfobaculum bizertense,species,3.356672275666039e-05,abund,0.0,1,1
Kraken2,default,Kraken2_default,ZymoMockD6331,ZymoMockD6331,ont,D6331_Zymo,45655,45655,                  Desulfonema magnum,Desulfonema magnum,species,0.00016783361378330195,abund,0.0,5,5
Kraken2,default,Kraken2_default,ZymoMockD6331,ZymoMockD6331,ont,D6331_Zymo,45656,45656,                  Desulfonema limicola,Desulfonema limicola,species,6.713344551332078e-05,abund,0.0,2,2
Kraken2,default,Kraken2_default,ZymoMockD6331,ZymoMockD6331,ont,D6331_Zymo,897,897,                  Desulfococcus multivorans,Desulfococcus multivorans,species,6.713344551332078e-05,abund,0.0,2,2
Kraken2,default,Kraken2_default,ZymoMockD6331,ZymoMockD6331,ont,D6331_Zymo,2291,2291,                  Desulfobacter hydrogenophilus,Desulfobacter hydrogenophilus,species,0.00010070016826998118,abund,0.0,3,3
Kraken2,default,Kraken2_default,ZymoMockD6331,ZymoMockD6331,ont,D6331_Zymo,28223,28223,                  Desulfobacula toluolica,Desulfobacula toluolica,species,6.713344551332078e-05,abund,0.0,2,0
Kraken2,default,Kraken2_default,ZymoMockD6331,ZymoMockD6331,ont,D6331_Zymo,181663,181663,                  Desulfosudis oleivorans,Desulfosudis oleivorans,species,3.356672275666039e-05,abund,0.0,1,0
Kraken2,default,Kraken2_default,ZymoMockD6331,ZymoMockD6331,ont,D6331_Zymo,933262,933262,                    Desulfosarcina sp. BuS5,Desulfosarcina sp. BuS5,species,3.356672275666039e-05,abund,0.0,1,1
Kraken2,default,Kraken2_default,ZymoMockD6331,ZymoMockD6331,ont,D6331_Zymo,1741,1741,                  Thermodesulfobacterium commune,Thermodesulfobacterium commune,species,0.00013426689102664157,abund,0.0,4,0
Kraken2,default,Kraken2_default,ZymoMockD6331,ZymoMockD6331,ont,D6331_Zymo,2569541,2569541,                  Desulfosediminicola flagellatus,Desulfosediminicola flagellatus,species,3.356672275666039e-05,abund,0.0,1,1
Kraken2,default,Kraken2_default,ZymoMockD6331,ZymoMockD6331,ont,D6331_Zymo,57664,57664,                  Desulfuromonas thiophila,Desulfuromonas thiophila,species,6.713344551332078e-05,abund,0.0,2,2
Kraken2,default,Kraken2_default,ZymoMockD6331,ZymoMockD6331,ont,D6331_Zymo,3394358,3394358,                    Bdellovibrio sp. HCB337,Bdellovibrio sp. HCB337,species,6.713344551332078e-05,abund,0.0,2,2
Kraken2,default,Kraken2_default,ZymoMockD6331,ZymoMockD6331,ont,D6331_Zymo,2220073,2220073,                    Bdellovibrio sp. NC01,Bdellovibrio sp. NC01,species,3.356672275666039e-05,abund,0.0,1,1
Kraken2,default,Kraken2_default,ZymoMockD6331,ZymoMockD6331,ont,D6331_Zymo,2231053,2231053,                    Bdellovibrio sp. ZAP7,Bdellovibrio sp. ZAP7,species,3.356672275666039e-05,abund,0.0,1,1
Kraken2,default,Kraken2_default,ZymoMockD6331,ZymoMockD6331,ont,D6331_Zymo,3394354,3394354,                    Bdellovibrio sp. HCB209,Bdellovibrio sp. HCB209,species,3.356672275666039e-05,abund,0.0,1,1
Kraken2,default,Kraken2_default,ZymoMockD6331,ZymoMockD6331,ont,D6331_Zymo,3394356,3394356,                    Bdellovibrio sp. HCB290,Bdellovibrio sp. HCB290,species,3.356672275666039e-05,abund,0.0,1,1
Kraken2,default,Kraken2_default,ZymoMockD6331,ZymoMockD6331,ont,D6331_Zymo,3394361,3394361,                    Bdellovibrio sp. HCB274,Bdellovibrio sp. HCB274,species,3.356672275666039e-05,abund,0.0,1,1
Kraken2,default,Kraken2_default,ZymoMockD6331,ZymoMockD6331,ont,D6331_Zymo,959,959,                  Bdellovibrio bacteriovorus,Bdellovibrio bacteriovorus,species,0.00020140033653996236,abund,0.0,6,6
Kraken2,default,Kraken2_default,ZymoMockD6331,ZymoMockD6331,ont,D6331_Zymo,453816,453816,                  Pseudobdellovibrio exovorus,Pseudobdellovibrio exovorus,species,0.00020140033653996236,abund,0.0,6,0
Kraken2,default,Kraken2_default,ZymoMockD6331,ZymoMockD6331,ont,D6331_Zymo,1915309,1915309,                  Silvanigrella aquatica,Silvanigrella aquatica,species,0.00010070016826998118,abund,0.0,3,3
Kraken2,default,Kraken2_default,ZymoMockD6331,ZymoMockD6331,ont,D6331_Zymo,2493639,2493639,                  Fluviispira sanaruensis,Fluviispira sanaruensis,species,6.713344551332078e-05,abund,0.0,2,2
Kraken2,default,Kraken2_default,ZymoMockD6331,ZymoMockD6331,ont,D6331_Zymo,495820,495820,                  Spirobacillus cienkowskii,Spirobacillus cienkowskii,species,6.713344551332078e-05,abund,0.0,2,2
Kraken2,default,Kraken2_default,ZymoMockD6331,ZymoMockD6331,ont,D6331_Zymo,28202,28202,                  Peredibacter starrii,Peredibacter starrii,species,0.00010070016826998118,abund,0.0,3,3
Kraken2,default,Kraken2_default,ZymoMockD6331,ZymoMockD6331,ont,D6331_Zymo,3383025,3383025,                    Peredibacter sp. HCB2-198,Peredibacter sp. HCB2-198,species,3.356672275666039e-05,abund,0.0,1,1
Kraken2,default,Kraken2_default,ZymoMockD6331,ZymoMockD6331,ont,D6331_Zymo,2109558,2109558,                    Halobacteriovorax sp. BALOs_7,Halobacteriovorax sp. BALOs_7,species,6.713344551332078e-05,abund,0.0,2,2
Kraken2,default,Kraken2_default,ZymoMockD6331,ZymoMockD6331,ont,D6331_Zymo,34,34,                    Myxococcus xanthus,Myxococcus xanthus,species,6.713344551332078e-05,abund,0.0,2,2
Kraken2,default,Kraken2_default,ZymoMockD6331,ZymoMockD6331,ont,D6331_Zymo,33,33,                    Myxococcus fulvus,Myxococcus fulvus,species,3.356672275666039e-05,abund,0.0,1,1
Kraken2,default,Kraken2_default,ZymoMockD6331,ZymoMockD6331,ont,D6331_Zymo,35,35,                    Corallococcus macrosporus,Corallococcus macrosporus,species,0.00010070016826998118,abund,0.0,3,2
Kraken2,default,Kraken2_default,ZymoMockD6331,ZymoMockD6331,ont,D6331_Zymo,2316736,2316736,                    Corallococcus exercitus,Corallococcus exercitus,species,3.356672275666039e-05,abund,0.0,1,1
Kraken2,default,Kraken2_default,ZymoMockD6331,ZymoMockD6331,ont,D6331_Zymo,2741071,2741071,                    Pendulispora albinea,Pendulispora albinea,species,3.356672275666039e-05,abund,0.0,1,1
Kraken2,default,Kraken2_default,ZymoMockD6331,ZymoMockD6331,ont,D6331_Zymo,380749,380749,                    Hydrogenobaculum sp. Y04AAS1,Hydrogenobaculum sp. Y04AAS1,species,3.356672275666039e-05,abund,0.0,1,1
Kraken2,default,Kraken2_default,ZymoMockD6331,ZymoMockD6331,ont,D6331_Zymo,75906,75906,                  Thermocrinis ruber,Thermocrinis ruber,species,6.713344551332078e-05,abund,0.0,2,2
Kraken2,default,Kraken2_default,ZymoMockD6331,ZymoMockD6331,ont,D6331_Zymo,436114,436114,                    Sulfurihydrogenibium sp. YO3AOP1,Sulfurihydrogenibium sp. YO3AOP1,species,3.356672275666039e-05,abund,0.0,1,1
Kraken2,default,Kraken2_default,ZymoMockD6331,ZymoMockD6331,ont,D6331_Zymo,64160,64160,                  Desulfurobacterium thermolithotrophum,Desulfurobacterium thermolithotrophum,species,6.713344551332078e-05,abund,0.0,2,2
Kraken2,default,Kraken2_default,ZymoMockD6331,ZymoMockD6331,ont,D6331_Zymo,1592106,1592106,                  Terriglobus albidus,Terriglobus albidus,species,6.713344551332078e-05,abund,0.0,2,2
Kraken2,default,Kraken2_default,ZymoMockD6331,ZymoMockD6331,ont,D6331_Zymo,1889013,1889013,                    Terriglobus sp.,Terriglobus sp.,species,3.356672275666039e-05,abund,0.0,1,1
Kraken2,default,Kraken2_default,ZymoMockD6331,ZymoMockD6331,ont,D6331_Zymo,2763071,2763071,                    Edaphobacter sp. 4G125,Edaphobacter sp. 4G125,species,3.356672275666039e-05,abund,0.0,1,1
Kraken2,default,Kraken2_default,ZymoMockD6331,ZymoMockD6331,ont,D6331_Zymo,2763107,2763107,                  Alloacidobacterium dinghuense,Alloacidobacterium dinghuense,species,3.356672275666039e-05,abund,0.0,1,1
Kraken2,default,Kraken2_default,ZymoMockD6331,ZymoMockD6331,ont,D6331_Zymo,3069686,3069686,                  Tunturiibacter psychrotolerans,Tunturiibacter psychrotolerans,species,3.356672275666039e-05,abund,0.0,1,1
Kraken2,default,Kraken2_default,ZymoMockD6331,ZymoMockD6331,ont,D6331_Zymo,2818388,2818388,                  Sulfidibacter corallicola,Sulfidibacter corallicola,species,3.356672275666039e-05,abund,0.0,1,1
Kraken2,default,Kraken2_default,ZymoMockD6331,ZymoMockD6331,ont,D6331_Zymo,197162,197162,                  Deferribacter desulfuricans,Deferribacter desulfuricans,species,0.00016783361378330195,abund,0.0,5,0
Kraken2,default,Kraken2_default,ZymoMockD6331,ZymoMockD6331,ont,D6331_Zymo,248039,248039,                  Mucispirillum schaedleri,Mucispirillum schaedleri,species,3.356672275666039e-05,abund,0.0,1,0
Kraken2,default,Kraken2_default,ZymoMockD6331,ZymoMockD6331,ont,D6331_Zymo,412593,412593,                  Thermosulfidibacter takaii,Thermosulfidibacter takaii,species,3.356672275666039e-05,abund,0.0,1,0
Kraken2,default,Kraken2_default,ZymoMockD6331,ZymoMockD6331,ont,D6331_Zymo,936456,936456,                  Desulfurispirillum indicum,Desulfurispirillum indicum,species,3.356672275666039e-05,abund,0.0,1,1
Kraken2,default,Kraken2_default,ZymoMockD6331,ZymoMockD6331,ont,D6331_Zymo,851,851,                  Fusobacterium nucleatum,Fusobacterium nucleatum,species,2.5059572541212383,abund,2.51,74656,73008
Kraken2,default,Kraken2_default,ZymoMockD6331,ZymoMockD6331,ont,D6331_Zymo,76859,76859,                  Fusobacterium animalis,Fusobacterium animalis,species,1.957711971336704,abund,1.96,58323,56418
Kraken2,default,Kraken2_default,ZymoMockD6331,ZymoMockD6331,ont,D6331_Zymo,76857,76857,                  Fusobacterium polymorphum,Fusobacterium polymorphum,species,0.2711519864283027,abund,0.27,8078,8030
Kraken2,default,Kraken2_default,ZymoMockD6331,ZymoMockD6331,ont,D6331_Zymo,155615,155615,                  Fusobacterium vincentii,Fusobacterium vincentii,species,0.07666639477621233,abund,0.08,2284,1950
Kraken2,default,Kraken2_default,ZymoMockD6331,ZymoMockD6331,ont,D6331_Zymo,2663009,2663009,                  Fusobacterium pseudoperiodonticum,Fusobacterium pseudoperiodonticum,species,0.057331962468375956,abund,0.06,1708,1708
Kraken2,default,Kraken2_default,ZymoMockD6331,ZymoMockD6331,ont,D6331_Zymo,285729,285729,                  Fusobacterium canifelinum,Fusobacterium canifelinum,species,0.041052101931395656,abund,0.04,1223,1223
Kraken2,default,Kraken2_default,ZymoMockD6331,ZymoMockD6331,ont,D6331_Zymo,1583098,1583098,                  Fusobacterium hwasookii,Fusobacterium hwasookii,species,0.040649301258315736,abund,0.04,1211,890
Kraken2,default,Kraken2_default,ZymoMockD6331,ZymoMockD6331,ont,D6331_Zymo,671211,671211,                    Fusobacterium sp. oral taxon 203,Fusobacterium sp. oral taxon 203,species,0.0027860379888028125,abund,0.0,83,83
Kraken2,default,Kraken2_default,ZymoMockD6331,ZymoMockD6331,ont,D6331_Zymo,860,860,                  Fusobacterium periodonticum,Fusobacterium periodonticum,species,0.001879736474372982,abund,0.0,56,56
Kraken2,default,Kraken2_default,ZymoMockD6331,ZymoMockD6331,ont,D6331_Zymo,849,849,                  Fusobacterium gonidiaformans,Fusobacterium gonidiaformans,species,0.00171190286058968,abund,0.0,51,0
Kraken2,default,Kraken2_default,ZymoMockD6331,ZymoMockD6331,ont,D6331_Zymo,859,859,                  Fusobacterium necrophorum,Fusobacterium necrophorum,species,0.0014769358012930573,abund,0.0,44,36
Kraken2,default,Kraken2_default,ZymoMockD6331,ZymoMockD6331,ont,D6331_Zymo,850,850,                  Fusobacterium mortiferum,Fusobacterium mortiferum,species,0.001275535464753095,abund,0.0,38,0
Kraken2,default,Kraken2_default,ZymoMockD6331,ZymoMockD6331,ont,D6331_Zymo,856,856,                  Fusobacterium varium,Fusobacterium varium,species,0.0010070016826998118,abund,0.0,30,30
Kraken2,default,Kraken2_default,ZymoMockD6331,ZymoMockD6331,ont,D6331_Zymo,2764326,2764326,                  Fusobacterium hominis,Fusobacterium hominis,species,0.000939868237186491,abund,0.0,28,28
Kraken2,default,Kraken2_default,ZymoMockD6331,ZymoMockD6331,ont,D6331_Zymo,2686067,2686067,                  Fusobacterium watanabei,Fusobacterium watanabei,species,0.0007049011778898683,abund,0.0,21,21
Kraken2,default,Kraken2_default,ZymoMockD6331,ZymoMockD6331,ont,D6331_Zymo,861,861,                  Fusobacterium ulcerans,Fusobacterium ulcerans,species,0.0006042010096198871,abund,0.0,18,14
Kraken2,default,Kraken2_default,ZymoMockD6331,ZymoMockD6331,ont,D6331_Zymo,544433,544433,                    uncultured Ilyobacter sp.,uncultured Ilyobacter sp.,species,6.713344551332078e-05,abund,0.0,2,2
Kraken2,default,Kraken2_default,ZymoMockD6331,ZymoMockD6331,ont,D6331_Zymo,167642,167642,                  Ilyobacter polytropus,Ilyobacter polytropus,species,3.356672275666039e-05,abund,0.0,1,0
Kraken2,default,Kraken2_default,ZymoMockD6331,ZymoMockD6331,ont,D6331_Zymo,188913,188913,                  Cetobacterium somerae,Cetobacterium somerae,species,6.713344551332078e-05,abund,0.0,2,2
Kraken2,default,Kraken2_default,ZymoMockD6331,ZymoMockD6331,ont,D6331_Zymo,40542,40542,                  Leptotrichia buccalis,Leptotrichia buccalis,species,0.00010070016826998118,abund,0.0,3,0
Kraken2,default,Kraken2_default,ZymoMockD6331,ZymoMockD6331,ont,D6331_Zymo,157687,157687,                  Leptotrichia wadei,Leptotrichia wadei,species,0.00010070016826998118,abund,0.0,3,3
Kraken2,default,Kraken2_default,ZymoMockD6331,ZymoMockD6331,ont,D6331_Zymo,1785996,1785996,                    Leptotrichia sp. oral taxon 847,Leptotrichia sp. oral taxon 847,species,6.713344551332078e-05,abund,0.0,2,2
Kraken2,default,Kraken2_default,ZymoMockD6331,ZymoMockD6331,ont,D6331_Zymo,712362,712362,                    Leptotrichia sp. oral taxon 221,Leptotrichia sp. oral taxon 221,species,3.356672275666039e-05,abund,0.0,1,1
Kraken2,default,Kraken2_default,ZymoMockD6331,ZymoMockD6331,ont,D6331_Zymo,40543,40543,                  Sneathia sanguinegens,Sneathia sanguinegens,species,0.00040280067307992473,abund,0.0,12,12
Kraken2,default,Kraken2_default,ZymoMockD6331,ZymoMockD6331,ont,D6331_Zymo,187101,187101,                  Sneathia vaginalis,Sneathia vaginalis,species,6.713344551332078e-05,abund,0.0,2,2
Kraken2,default,Kraken2_default,ZymoMockD6331,ZymoMockD6331,ont,D6331_Zymo,34105,34105,                  Streptobacillus moniliformis,Streptobacillus moniliformis,species,6.713344551332078e-05,abund,0.0,2,2
Kraken2,default,Kraken2_default,ZymoMockD6331,ZymoMockD6331,ont,D6331_Zymo,826,826,                  Sebaldella termitidis,Sebaldella termitidis,species,3.356672275666039e-05,abund,0.0,1,0
Kraken2,default,Kraken2_default,ZymoMockD6331,ZymoMockD6331,ont,D6331_Zymo,2996794,2996794,                  Haliovirga abyssi,Haliovirga abyssi,species,0.00030210050480994355,abund,0.0,9,9
Kraken2,default,Kraken2_default,ZymoMockD6331,ZymoMockD6331,ont,D6331_Zymo,2984951,2984951,                    Oceanotoga sp. DSM 15011,Oceanotoga sp. DSM 15011,species,0.0009063015144298305,abund,0.0,27,27
Kraken2,default,Kraken2_default,ZymoMockD6331,ZymoMockD6331,ont,D6331_Zymo,1545835,1545835,                    Marinitoga sp. 1137,Marinitoga sp. 1137,species,3.356672275666039e-05,abund,0.0,1,1
Kraken2,default,Kraken2_default,ZymoMockD6331,ZymoMockD6331,ont,D6331_Zymo,2809031,2809031,                  Marinitoga aeolica,Marinitoga aeolica,species,3.356672275666039e-05,abund,0.0,1,1
Kraken2,default,Kraken2_default,ZymoMockD6331,ZymoMockD6331,ont,D6331_Zymo,2108365,2108365,                  Tepiditoga spiralis,Tepiditoga spiralis,species,0.00010070016826998118,abund,0.0,3,3
Kraken2,default,Kraken2_default,ZymoMockD6331,ZymoMockD6331,ont,D6331_Zymo,1006576,1006576,                  Defluviitoga tunisiensis,Defluviitoga tunisiensis,species,3.356672275666039e-05,abund,0.0,1,1
Kraken2,default,Kraken2_default,ZymoMockD6331,ZymoMockD6331,ont,D6331_Zymo,2421,2421,                  Thermosipho africanus,Thermosipho africanus,species,0.00010070016826998118,abund,0.0,3,0
Kraken2,default,Kraken2_default,ZymoMockD6331,ZymoMockD6331,ont,D6331_Zymo,46541,46541,                  Thermosipho melanesiensis,Thermosipho melanesiensis,species,3.356672275666039e-05,abund,0.0,1,1
Kraken2,default,Kraken2_default,ZymoMockD6331,ZymoMockD6331,ont,D6331_Zymo,2424,2424,                  Fervidobacterium nodosum,Fervidobacterium nodosum,species,6.713344551332078e-05,abund,0.0,2,0
Kraken2,default,Kraken2_default,ZymoMockD6331,ZymoMockD6331,ont,D6331_Zymo,93466,93466,                  Fervidobacterium pennivorans,Fervidobacterium pennivorans,species,3.356672275666039e-05,abund,0.0,1,0
Kraken2,default,Kraken2_default,ZymoMockD6331,ZymoMockD6331,ont,D6331_Zymo,177758,177758,                  Pseudothermotoga lettingae,Pseudothermotoga lettingae,species,3.356672275666039e-05,abund,0.0,1,0
Kraken2,default,Kraken2_default,ZymoMockD6331,ZymoMockD6331,ont,D6331_Zymo,651457,651457,                  Kosmotoga olearia,Kosmotoga olearia,species,0.00010070016826998118,abund,0.0,3,0
Kraken2,default,Kraken2_default,ZymoMockD6331,ZymoMockD6331,ont,D6331_Zymo,1330330,1330330,                  Kosmotoga pacifica,Kosmotoga pacifica,species,3.356672275666039e-05,abund,0.0,1,1
Kraken2,default,Kraken2_default,ZymoMockD6331,ZymoMockD6331,ont,D6331_Zymo,2917691,2917691,                    Deinococcus sp. KNUC1210,Deinococcus sp. KNUC1210,species,0.00013426689102664157,abund,0.0,4,4
Kraken2,default,Kraken2_default,ZymoMockD6331,ZymoMockD6331,ont,D6331_Zymo,2080419,2080419,                    Deinococcus sp. NW-56,Deinococcus sp. NW-56,species,6.713344551332078e-05,abund,0.0,2,2
Kraken2,default,Kraken2_default,ZymoMockD6331,ZymoMockD6331,ont,D6331_Zymo,1182568,1182568,                  Deinococcus puniceus,Deinococcus puniceus,species,3.356672275666039e-05,abund,0.0,1,1
Kraken2,default,Kraken2_default,ZymoMockD6331,ZymoMockD6331,ont,D6331_Zymo,468914,468914,                  Deinococcus altitudinis,Deinococcus altitudinis,species,3.356672275666039e-05,abund,0.0,1,1
Kraken2,default,Kraken2_default,ZymoMockD6331,ZymoMockD6331,ont,D6331_Zymo,56957,56957,                  Thermus oshimai,Thermus oshimai,species,0.00016783361378330195,abund,0.0,5,5
Kraken2,default,Kraken2_default,ZymoMockD6331,ZymoMockD6331,ont,D6331_Zymo,172827,172827,                  Meiothermus taiwanensis,Meiothermus taiwanensis,species,3.356672275666039e-05,abund,0.0,1,0
Kraken2,default,Kraken2_default,ZymoMockD6331,ZymoMockD6331,ont,D6331_Zymo,3070661,3070661,                    Aminobacterium sp. MB27-C1,Aminobacterium sp. MB27-C1,species,0.00026853378205328313,abund,0.0,8,8
Kraken2,default,Kraken2_default,ZymoMockD6331,ZymoMockD6331,ont,D6331_Zymo,81468,81468,                  Aminobacterium colombiense,Aminobacterium colombiense,species,3.356672275666039e-05,abund,0.0,1,0
Kraken2,default,Kraken2_default,ZymoMockD6331,ZymoMockD6331,ont,D6331_Zymo,3029084,3029084,                  Aminithiophilus ramosus,Aminithiophilus ramosus,species,6.713344551332078e-05,abund,0.0,2,2
Kraken2,default,Kraken2_default,ZymoMockD6331,ZymoMockD6331,ont,D6331_Zymo,428712,428712,                  Jonquetella anthropi,Jonquetella anthropi,species,3.356672275666039e-05,abund,0.0,1,0
Kraken2,default,Kraken2_default,ZymoMockD6331,ZymoMockD6331,ont,D6331_Zymo,2292766,2292766,                Persicimonas caeni,Persicimonas caeni,species,3.356672275666039e-05,abund,0.0,1,1
Kraken2,default,Kraken2_default,ZymoMockD6331,ZymoMockD6331,ont,D6331_Zymo,2600177,2600177,                Microvenator marinus,Microvenator marinus,species,3.356672275666039e-05,abund,0.0,1,1
Kraken2,default,Kraken2_default,ZymoMockD6331,ZymoMockD6331,ont,D6331_Zymo,9606,9606,                                                              Homo sapiens,Homo sapiens,species,0.6620029062068562,abund,0.66,19722,19722
Kraken2,default,Kraken2_default,ZymoMockD6331,ZymoMockD6331,ont,D6331_Zymo,1080349,1080349,                          Saccharomyces eubayanus,Saccharomyces eubayanus,species,0.00010070016826998118,abund,0.0,3,3
Kraken2,default,Kraken2_default,ZymoMockD6331,ZymoMockD6331,ont,D6331_Zymo,2173,2173,                    Methanobrevibacter smithii,Methanobrevibacter smithii,species,0.09428892422345905,abund,0.09,2809,180
Kraken2,default,Kraken2_default,ZymoMockD6331,ZymoMockD6331,ont,D6331_Zymo,2870563,2870563,                      Methanobrevibacter sp. TLL-48-HuF1,Methanobrevibacter sp. TLL-48-HuF1,species,0.00020140033653996236,abund,0.0,6,6
Kraken2,default,Kraken2_default,ZymoMockD6331,ZymoMockD6331,ont,D6331_Zymo,224719,224719,                      Methanobrevibacter sp. AbM4,Methanobrevibacter sp. AbM4,species,0.00013426689102664157,abund,0.0,4,4
Kraken2,default,Kraken2_default,ZymoMockD6331,ZymoMockD6331,ont,D6331_Zymo,1609968,1609968,                      Methanobrevibacter sp. YE315,Methanobrevibacter sp. YE315,species,6.713344551332078e-05,abund,0.0,2,2
Kraken2,default,Kraken2_default,ZymoMockD6331,ZymoMockD6331,ont,D6331_Zymo,3242727,3242727,                      Methanobrevibacter sp. DSM 116169,Methanobrevibacter sp. DSM 116169,species,3.356672275666039e-05,abund,0.0,1,1
Kraken2,default,Kraken2_default,ZymoMockD6331,ZymoMockD6331,ont,D6331_Zymo,294671,294671,                    Methanobrevibacter olleyae,Methanobrevibacter olleyae,species,0.00013426689102664157,abund,0.0,4,4
Kraken2,default,Kraken2_default,ZymoMockD6331,ZymoMockD6331,ont,D6331_Zymo,83816,83816,                    Methanobrevibacter ruminantium,Methanobrevibacter ruminantium,species,6.713344551332078e-05,abund,0.0,2,0
Kraken2,default,Kraken2_default,ZymoMockD6331,ZymoMockD6331,ont,D6331_Zymo,120963,120963,                    Methanobrevibacter acididurans,Methanobrevibacter acididurans,species,3.356672275666039e-05,abund,0.0,1,1
Kraken2,default,Kraken2_default,ZymoMockD6331,ZymoMockD6331,ont,D6331_Zymo,230361,230361,                    Methanobrevibacter millerae,Methanobrevibacter millerae,species,3.356672275666039e-05,abund,0.0,1,1
Kraken2,default,Kraken2_default,ZymoMockD6331,ZymoMockD6331,ont,D6331_Zymo,118062,118062,                    Methanobacterium congolense,Methanobacterium congolense,species,6.713344551332078e-05,abund,0.0,2,2
Kraken2,default,Kraken2_default,ZymoMockD6331,ZymoMockD6331,ont,D6331_Zymo,2584467,2584467,                    Methanobacterium aridiramus,Methanobacterium aridiramus,species,3.356672275666039e-05,abund,0.0,1,1
Kraken2,default,Kraken2_default,ZymoMockD6331,ZymoMockD6331,ont,D6331_Zymo,1452353,1452353,                      Methanosphaera sp. ISO3-F5,Methanosphaera sp. ISO3-F5,species,3.356672275666039e-05,abund,0.0,1,1
Kraken2,default,Kraken2_default,ZymoMockD6331,ZymoMockD6331,ont,D6331_Zymo,1789762,1789762,                      Methanosphaera sp. BMS,Methanosphaera sp. BMS,species,3.356672275666039e-05,abund,0.0,1,1
Kraken2,default,Kraken2_default,ZymoMockD6331,ZymoMockD6331,ont,D6331_Zymo,2317,2317,                    Methanosphaera stadtmanae,Methanosphaera stadtmanae,species,3.356672275666039e-05,abund,0.0,1,1
Kraken2,default,Kraken2_default,ZymoMockD6331,ZymoMockD6331,ont,D6331_Zymo,83171,83171,                    Methanocaldococcus fervens,Methanocaldococcus fervens,species,0.00016783361378330195,abund,0.0,5,0
Kraken2,default,Kraken2_default,ZymoMockD6331,ZymoMockD6331,ont,D6331_Zymo,2190,2190,                    Methanocaldococcus jannaschii,Methanocaldococcus jannaschii,species,0.00010070016826998118,abund,0.0,3,0
Kraken2,default,Kraken2_default,ZymoMockD6331,ZymoMockD6331,ont,D6331_Zymo,1301915,1301915,                    Methanocaldococcus bathoardescens,Methanocaldococcus bathoardescens,species,3.356672275666039e-05,abund,0.0,1,1
Kraken2,default,Kraken2_default,ZymoMockD6331,ZymoMockD6331,ont,D6331_Zymo,2546128,2546128,                    Methanocaldococcus lauensis,Methanocaldococcus lauensis,species,3.356672275666039e-05,abund,0.0,1,1
Kraken2,default,Kraken2_default,ZymoMockD6331,ZymoMockD6331,ont,D6331_Zymo,2189,2189,                    Methanotorris igneus,Methanotorris igneus,species,3.356672275666039e-05,abund,0.0,1,0
Kraken2,default,Kraken2_default,ZymoMockD6331,ZymoMockD6331,ont,D6331_Zymo,42879,42879,                    Methanococcus aeolicus,Methanococcus aeolicus,species,0.00010070016826998118,abund,0.0,3,3
Kraken2,default,Kraken2_default,ZymoMockD6331,ZymoMockD6331,ont,D6331_Zymo,39152,39152,                    Methanococcus maripaludis,Methanococcus maripaludis,species,6.713344551332078e-05,abund,0.0,2,2
Kraken2,default,Kraken2_default,ZymoMockD6331,ZymoMockD6331,ont,D6331_Zymo,2187,2187,                    Methanococcus vannielii,Methanococcus vannielii,species,3.356672275666039e-05,abund,0.0,1,0
Kraken2,default,Kraken2_default,ZymoMockD6331,ZymoMockD6331,ont,D6331_Zymo,2607662,2607662,                      Methanofervidicoccus sp. A16,Methanofervidicoccus sp. A16,species,3.356672275666039e-05,abund,0.0,1,1
Kraken2,default,Kraken2_default,ZymoMockD6331,ZymoMockD6331,ont,D6331_Zymo,1715806,1715806,                    Methanosarcina flavescens,Methanosarcina flavescens,species,0.00016783361378330195,abund,0.0,5,5
Kraken2,default,Kraken2_default,ZymoMockD6331,ZymoMockD6331,ont,D6331_Zymo,2208,2208,                    Methanosarcina barkeri,Methanosarcina barkeri,species,0.00010070016826998118,abund,0.0,3,3
Kraken2,default,Kraken2_default,ZymoMockD6331,ZymoMockD6331,ont,D6331_Zymo,38027,38027,                    Methanosarcina siciliae,Methanosarcina siciliae,species,0.00010070016826998118,abund,0.0,3,3
Kraken2,default,Kraken2_default,ZymoMockD6331,ZymoMockD6331,ont,D6331_Zymo,2209,2209,                    Methanosarcina mazei,Methanosarcina mazei,species,3.356672275666039e-05,abund,0.0,1,1
Kraken2,default,Kraken2_default,ZymoMockD6331,ZymoMockD6331,ont,D6331_Zymo,2214,2214,                    Methanosarcina acetivorans,Methanosarcina acetivorans,species,3.356672275666039e-05,abund,0.0,1,0
Kraken2,default,Kraken2_default,ZymoMockD6331,ZymoMockD6331,ont,D6331_Zymo,1434099,1434099,                      Methanosarcina sp. Kolksee,Methanosarcina sp. Kolksee,species,3.356672275666039e-05,abund,0.0,1,1
Kraken2,default,Kraken2_default,ZymoMockD6331,ZymoMockD6331,ont,D6331_Zymo,3078083,3078083,                    Methanosarcina hadiensis,Methanosarcina hadiensis,species,3.356672275666039e-05,abund,0.0,1,1
Kraken2,default,Kraken2_default,ZymoMockD6331,ZymoMockD6331,ont,D6331_Zymo,2322,2322,                    Methanohalobium evestigatum,Methanohalobium evestigatum,species,0.00013426689102664157,abund,0.0,4,0
Kraken2,default,Kraken2_default,ZymoMockD6331,ZymoMockD6331,ont,D6331_Zymo,39669,39669,                    Methanosalsum zhilinae,Methanosalsum zhilinae,species,0.00013426689102664157,abund,0.0,4,0
Kraken2,default,Kraken2_default,ZymoMockD6331,ZymoMockD6331,ont,D6331_Zymo,3028298,3028298,                    Methanolapillus ohkumae,Methanolapillus ohkumae,species,0.00013426689102664157,abund,0.0,4,4
Kraken2,default,Kraken2_default,ZymoMockD6331,ZymoMockD6331,ont,D6331_Zymo,2176,2176,                    Methanohalophilus mahii,Methanohalophilus mahii,species,3.356672275666039e-05,abund,0.0,1,0
Kraken2,default,Kraken2_default,ZymoMockD6331,ZymoMockD6331,ont,D6331_Zymo,2177,2177,                    Methanohalophilus halophilus,Methanohalophilus halophilus,species,3.356672275666039e-05,abund,0.0,1,1
Kraken2,default,Kraken2_default,ZymoMockD6331,ZymoMockD6331,ont,D6331_Zymo,39664,39664,                    Methanohalophilus portucalensis,Methanohalophilus portucalensis,species,3.356672275666039e-05,abund,0.0,1,1
Kraken2,default,Kraken2_default,ZymoMockD6331,ZymoMockD6331,ont,D6331_Zymo,2226,2226,                    Methanococcoides methylutens,Methanococcoides methylutens,species,3.356672275666039e-05,abund,0.0,1,0
Kraken2,default,Kraken2_default,ZymoMockD6331,ZymoMockD6331,ont,D6331_Zymo,3028295,3028295,                    Methanimicrococcus hongohii,Methanimicrococcus hongohii,species,3.356672275666039e-05,abund,0.0,1,1
Kraken2,default,Kraken2_default,ZymoMockD6331,ZymoMockD6331,ont,D6331_Zymo,54120,54120,                    Methanolacinia petrolearia,Methanolacinia petrolearia,species,0.00013426689102664157,abund,0.0,4,0
Kraken2,default,Kraken2_default,ZymoMockD6331,ZymoMockD6331,ont,D6331_Zymo,2315,2315,                    Methanoplanus limicola,Methanoplanus limicola,species,0.00010070016826998118,abund,0.0,3,0
Kraken2,default,Kraken2_default,ZymoMockD6331,ZymoMockD6331,ont,D6331_Zymo,487686,487686,                    Methanoeremita antiquus,Methanoeremita antiquus,species,0.00010070016826998118,abund,0.0,3,3
Kraken2,default,Kraken2_default,ZymoMockD6331,ZymoMockD6331,ont,D6331_Zymo,2199,2199,                    Methanogenium organophilum,Methanogenium organophilum,species,3.356672275666039e-05,abund,0.0,1,1
Kraken2,default,Kraken2_default,ZymoMockD6331,ZymoMockD6331,ont,D6331_Zymo,1789226,1789226,                      Methanogenium sp. S4BF,Methanogenium sp. S4BF,species,3.356672275666039e-05,abund,0.0,1,1
Kraken2,default,Kraken2_default,ZymoMockD6331,ZymoMockD6331,ont,D6331_Zymo,2609417,2609417,                    Methanochimaera problematica,Methanochimaera problematica,species,6.713344551332078e-05,abund,0.0,2,2
Kraken2,default,Kraken2_default,ZymoMockD6331,ZymoMockD6331,ont,D6331_Zymo,2203,2203,                    Methanospirillum hungatei,Methanospirillum hungatei,species,3.356672275666039e-05,abund,0.0,1,0
Kraken2,default,Kraken2_default,ZymoMockD6331,ZymoMockD6331,ont,D6331_Zymo,1277351,1277351,                    Methanospirillum stamsii,Methanospirillum stamsii,species,3.356672275666039e-05,abund,0.0,1,1
Kraken2,default,Kraken2_default,ZymoMockD6331,ZymoMockD6331,ont,D6331_Zymo,475088,475088,                    Methanosphaerula palustris,Methanosphaerula palustris,species,6.713344551332078e-05,abund,0.0,2,0
Kraken2,default,Kraken2_default,ZymoMockD6331,ZymoMockD6331,ont,D6331_Zymo,1710539,1710539,                    Natrinema zhouii,Natrinema zhouii,species,0.00010070016826998118,abund,0.0,3,3
Kraken2,default,Kraken2_default,ZymoMockD6331,ZymoMockD6331,ont,D6331_Zymo,2961571,2961571,                    Natrinema gelatinilyticum,Natrinema gelatinilyticum,species,6.713344551332078e-05,abund,0.0,2,2
Kraken2,default,Kraken2_default,ZymoMockD6331,ZymoMockD6331,ont,D6331_Zymo,121872,121872,                    Natrinema thermotolerans,Natrinema thermotolerans,species,3.356672275666039e-05,abund,0.0,1,1
Kraken2,default,Kraken2_default,ZymoMockD6331,ZymoMockD6331,ont,D6331_Zymo,2953747,2953747,                    Natronosalvus caseinilyticus,Natronosalvus caseinilyticus,species,0.00010070016826998118,abund,0.0,3,3
Kraken2,default,Kraken2_default,ZymoMockD6331,ZymoMockD6331,ont,D6331_Zymo,2951804,2951804,                    Natronococcus zhouii,Natronococcus zhouii,species,3.356672275666039e-05,abund,0.0,1,1
Kraken2,default,Kraken2_default,ZymoMockD6331,ZymoMockD6331,ont,D6331_Zymo,35742,35742,                    Haloarcula sinaiiensis,Haloarcula sinaiiensis,species,6.713344551332078e-05,abund,0.0,2,0
Kraken2,default,Kraken2_default,ZymoMockD6331,ZymoMockD6331,ont,D6331_Zymo,2238,2238,                    Haloarcula marismortui,Haloarcula marismortui,species,3.356672275666039e-05,abund,0.0,1,0
Kraken2,default,Kraken2_default,ZymoMockD6331,ZymoMockD6331,ont,D6331_Zymo,3026162,3026162,                    Halosimplex aquaticum,Halosimplex aquaticum,species,3.356672275666039e-05,abund,0.0,1,1
Kraken2,default,Kraken2_default,ZymoMockD6331,ZymoMockD6331,ont,D6331_Zymo,2878391,2878391,                    Halomicrobium salinisoli,Halomicrobium salinisoli,species,3.356672275666039e-05,abund,0.0,1,1
Kraken2,default,Kraken2_default,ZymoMockD6331,ZymoMockD6331,ont,D6331_Zymo,3131999,3131999,                    Salinirubellus litoreus,Salinirubellus litoreus,species,3.356672275666039e-05,abund,0.0,1,1
Kraken2,default,Kraken2_default,ZymoMockD6331,ZymoMockD6331,ont,D6331_Zymo,293091,293091,                    Haloquadratum walsbyi,Haloquadratum walsbyi,species,0.00010070016826998118,abund,0.0,3,3
Kraken2,default,Kraken2_default,ZymoMockD6331,ZymoMockD6331,ont,D6331_Zymo,2739057,2739057,                    Halorubrum salinarum,Halorubrum salinarum,species,3.356672275666039e-05,abund,0.0,1,1
Kraken2,default,Kraken2_default,ZymoMockD6331,ZymoMockD6331,ont,D6331_Zymo,3127120,3127120,                      Haloplanus sp. GX21,Haloplanus sp. GX21,species,3.356672275666039e-05,abund,0.0,1,1
Kraken2,default,Kraken2_default,ZymoMockD6331,ZymoMockD6331,ont,D6331_Zymo,2902623,2902623,                    Halobacterium wangiae,Halobacterium wangiae,species,3.356672275666039e-05,abund,0.0,1,1
Kraken2,default,Kraken2_default,ZymoMockD6331,ZymoMockD6331,ont,D6331_Zymo,555573,555573,                    Salarchaeum japonicum,Salarchaeum japonicum,species,3.356672275666039e-05,abund,0.0,1,1
Kraken2,default,Kraken2_default,ZymoMockD6331,ZymoMockD6331,ont,D6331_Zymo,2862870,2862870,                      Salinarchaeum sp. IM2453,Salinarchaeum sp. IM2453,species,6.713344551332078e-05,abund,0.0,2,2
Kraken2,default,Kraken2_default,ZymoMockD6331,ZymoMockD6331,ont,D6331_Zymo,55802,55802,                  Thermococcus barophilus,Thermococcus barophilus,species,0.00023496705929662275,abund,0.0,7,7
Kraken2,default,Kraken2_default,ZymoMockD6331,ZymoMockD6331,ont,D6331_Zymo,71997,71997,                  Thermococcus gorgonarius,Thermococcus gorgonarius,species,0.00013426689102664157,abund,0.0,4,4
Kraken2,default,Kraken2_default,ZymoMockD6331,ZymoMockD6331,ont,D6331_Zymo,246969,246969,                    Thermococcus sp. AM4,Thermococcus sp. AM4,species,0.00010070016826998118,abund,0.0,3,3
Kraken2,default,Kraken2_default,ZymoMockD6331,ZymoMockD6331,ont,D6331_Zymo,110163,110163,                  Thermococcus aggregans,Thermococcus aggregans,species,0.00010070016826998118,abund,0.0,3,3
Kraken2,default,Kraken2_default,ZymoMockD6331,ZymoMockD6331,ont,D6331_Zymo,342949,342949,                    Pyrococcus sp. NA2,Pyrococcus sp. NA2,species,3.356672275666039e-05,abund,0.0,1,1
Kraken2,default,Kraken2_default,ZymoMockD6331,ZymoMockD6331,ont,D6331_Zymo,1183377,1183377,                    Pyrococcus sp. ST04,Pyrococcus sp. ST04,species,3.356672275666039e-05,abund,0.0,1,1
Kraken2,default,Kraken2_default,ZymoMockD6331,ZymoMockD6331,ont,D6331_Zymo,53953,53953,                  Pyrococcus horikoshii,Pyrococcus horikoshii,species,3.356672275666039e-05,abund,0.0,1,0
Kraken2,default,Kraken2_default,ZymoMockD6331,ZymoMockD6331,ont,D6331_Zymo,1609559,1609559,                  Pyrococcus kukulkanii,Pyrococcus kukulkanii,species,3.356672275666039e-05,abund,0.0,1,1
Kraken2,default,Kraken2_default,ZymoMockD6331,ZymoMockD6331,ont,D6331_Zymo,84156,84156,                  Archaeoglobus profundus,Archaeoglobus profundus,species,0.00013426689102664157,abund,0.0,4,0
Kraken2,default,Kraken2_default,ZymoMockD6331,ZymoMockD6331,ont,D6331_Zymo,1316941,1316941,                  Archaeoglobus sulfaticallidus,Archaeoglobus sulfaticallidus,species,3.356672275666039e-05,abund,0.0,1,0
Kraken2,default,Kraken2_default,ZymoMockD6331,ZymoMockD6331,ont,D6331_Zymo,565033,565033,                  Geoglobus acetivorans,Geoglobus acetivorans,species,3.356672275666039e-05,abund,0.0,1,1
Kraken2,default,Kraken2_default,ZymoMockD6331,ZymoMockD6331,ont,D6331_Zymo,3073602,3073602,                  Oxyplasma meridianum,Oxyplasma meridianum,species,0.00026853378205328313,abund,0.0,8,8
Kraken2,default,Kraken2_default,ZymoMockD6331,ZymoMockD6331,ont,D6331_Zymo,2303,2303,                  Thermoplasma acidophilum,Thermoplasma acidophilum,species,3.356672275666039e-05,abund,0.0,1,0
Kraken2,default,Kraken2_default,ZymoMockD6331,ZymoMockD6331,ont,D6331_Zymo,50339,50339,                  Thermoplasma volcanium,Thermoplasma volcanium,species,3.356672275666039e-05,abund,0.0,1,0
Kraken2,default,Kraken2_default,ZymoMockD6331,ZymoMockD6331,ont,D6331_Zymo,1872114,1872114,                    Acidiplasma sp.,Acidiplasma sp.,species,0.00010070016826998118,abund,0.0,3,3
Kraken2,default,Kraken2_default,ZymoMockD6331,ZymoMockD6331,ont,D6331_Zymo,74969,74969,                  Ferroplasma acidiphilum,Ferroplasma acidiphilum,species,3.356672275666039e-05,abund,0.0,1,1
Kraken2,default,Kraken2_default,ZymoMockD6331,ZymoMockD6331,ont,D6331_Zymo,2512240,2512240,                    Sulfolobus sp. S-194,Sulfolobus sp. S-194,species,0.00026853378205328313,abund,0.0,8,8
Kraken2,default,Kraken2_default,ZymoMockD6331,ZymoMockD6331,ont,D6331_Zymo,2663020,2663020,                    Sulfolobus sp. E11-6,Sulfolobus sp. E11-6,species,3.356672275666039e-05,abund,0.0,1,1
Kraken2,default,Kraken2_default,ZymoMockD6331,ZymoMockD6331,ont,D6331_Zymo,207809,207809,                  Sulfolobus tengchongensis,Sulfolobus tengchongensis,species,6.713344551332078e-05,abund,0.0,2,2
Kraken2,default,Kraken2_default,ZymoMockD6331,ZymoMockD6331,ont,D6331_Zymo,1891280,1891280,                    Saccharolobus sp. A20,Saccharolobus sp. A20,species,0.00013426689102664157,abund,0.0,4,4
Kraken2,default,Kraken2_default,ZymoMockD6331,ZymoMockD6331,ont,D6331_Zymo,2663019,2663019,                    Saccharolobus sp. E5-1-F,Saccharolobus sp. E5-1-F,species,3.356672275666039e-05,abund,0.0,1,1
Kraken2,default,Kraken2_default,ZymoMockD6331,ZymoMockD6331,ont,D6331_Zymo,43080,43080,                  Saccharolobus islandicus,Saccharolobus islandicus,species,6.713344551332078e-05,abund,0.0,2,1
Kraken2,default,Kraken2_default,ZymoMockD6331,ZymoMockD6331,ont,D6331_Zymo,2286,2286,                  Saccharolobus shibatae,Saccharolobus shibatae,species,3.356672275666039e-05,abund,0.0,1,1
Kraken2,default,Kraken2_default,ZymoMockD6331,ZymoMockD6331,ont,D6331_Zymo,1702097,1702097,                  Saccharolobus caldissimus,Saccharolobus caldissimus,species,3.356672275666039e-05,abund,0.0,1,1
Kraken2,default,Kraken2_default,ZymoMockD6331,ZymoMockD6331,ont,D6331_Zymo,2049879,2049879,                  Sulfurisphaera javensis,Sulfurisphaera javensis,species,0.00020140033653996236,abund,0.0,6,6
Kraken2,default,Kraken2_default,ZymoMockD6331,ZymoMockD6331,ont,D6331_Zymo,2283,2283,                  Acidianus ambivalens,Acidianus ambivalens,species,6.713344551332078e-05,abund,0.0,2,2
Kraken2,default,Kraken2_default,ZymoMockD6331,ZymoMockD6331,ont,D6331_Zymo,282676,282676,                  Acidianus manzaensis,Acidianus manzaensis,species,3.356672275666039e-05,abund,0.0,1,1
Kraken2,default,Kraken2_default,ZymoMockD6331,ZymoMockD6331,ont,D6331_Zymo,312539,312539,                  Acidianus sulfidivorans,Acidianus sulfidivorans,species,3.356672275666039e-05,abund,0.0,1,0
Kraken2,default,Kraken2_default,ZymoMockD6331,ZymoMockD6331,ont,D6331_Zymo,2824673,2824673,                  Stygiolobus caldivivus,Stygiolobus caldivivus,species,6.713344551332078e-05,abund,0.0,2,2
Kraken2,default,Kraken2_default,ZymoMockD6331,ZymoMockD6331,ont,D6331_Zymo,41675,41675,                  Stygiolobus azoricus,Stygiolobus azoricus,species,3.356672275666039e-05,abund,0.0,1,1
Kraken2,default,Kraken2_default,ZymoMockD6331,ZymoMockD6331,ont,D6331_Zymo,1006005,1006005,                  Metallosphaera cuprina,Metallosphaera cuprina,species,6.713344551332078e-05,abund,0.0,2,0
Kraken2,default,Kraken2_default,ZymoMockD6331,ZymoMockD6331,ont,D6331_Zymo,1294262,1294262,                  Sulfuracidifex tepidarius,Sulfuracidifex tepidarius,species,6.713344551332078e-05,abund,0.0,2,2
Kraken2,default,Kraken2_default,ZymoMockD6331,ZymoMockD6331,ont,D6331_Zymo,13773,13773,                  Pyrobaculum aerophilum,Pyrobaculum aerophilum,species,0.00010070016826998118,abund,0.0,3,0
Kraken2,default,Kraken2_default,ZymoMockD6331,ZymoMockD6331,ont,D6331_Zymo,200415,200415,                  Caldisphaera lagunensis,Caldisphaera lagunensis,species,0.00010070016826998118,abund,0.0,3,0
Kraken2,default,Kraken2_default,ZymoMockD6331,ZymoMockD6331,ont,D6331_Zymo,94694,94694,                  Desulfurococcus amylolyticus,Desulfurococcus amylolyticus,species,3.356672275666039e-05,abund,0.0,1,1
Kraken2,default,Kraken2_default,ZymoMockD6331,ZymoMockD6331,ont,D6331_Zymo,2280,2280,                  Staphylothermus marinus,Staphylothermus marinus,species,3.356672275666039e-05,abund,0.0,1,0
Kraken2,default,Kraken2_default,ZymoMockD6331,ZymoMockD6331,ont,D6331_Zymo,683846,683846,                  Fervidicoccus fontis,Fervidicoccus fontis,species,6.713344551332078e-05,abund,0.0,2,0
Kraken2,default,Kraken2_default,ZymoMockD6331,ZymoMockD6331,ont,D6331_Zymo,1365176,1365176,                  Thermofilum adornatum,Thermofilum adornatum,species,6.713344551332078e-05,abund,0.0,2,2
Kraken2,default,Kraken2_default,ZymoMockD6331,ZymoMockD6331,ont,D6331_Zymo,1470066,1470066,                  Nitrosopumilus cobalaminigenes,Nitrosopumilus cobalaminigenes,species,0.00016783361378330195,abund,0.0,5,5
Kraken2,default,Kraken2_default,ZymoMockD6331,ZymoMockD6331,ont,D6331_Zymo,1580092,1580092,                  Nitrosopumilus adriaticus,Nitrosopumilus adriaticus,species,0.00010070016826998118,abund,0.0,3,3
Kraken2,default,Kraken2_default,ZymoMockD6331,ZymoMockD6331,ont,D6331_Zymo,2795383,2795383,                    Nitrosopumilus sp. K4,Nitrosopumilus sp. K4,species,6.713344551332078e-05,abund,0.0,2,2
Kraken2,default,Kraken2_default,ZymoMockD6331,ZymoMockD6331,ont,D6331_Zymo,2024843,2024843,                    Nitrosopumilus sp.,Nitrosopumilus sp.,species,3.356672275666039e-05,abund,0.0,1,1
Kraken2,default,Kraken2_default,ZymoMockD6331,ZymoMockD6331,ont,D6331_Zymo,1959104,1959104,                  Nitrosopumilus oxyclinae,Nitrosopumilus oxyclinae,species,6.713344551332078e-05,abund,0.0,2,2
Kraken2,default,Kraken2_default,ZymoMockD6331,ZymoMockD6331,ont,D6331_Zymo,718286,718286,                  Nitrosopumilus zosterae,Nitrosopumilus zosterae,species,3.356672275666039e-05,abund,0.0,1,1
Kraken2,default,Kraken2_default,ZymoMockD6331,ZymoMockD6331,ont,D6331_Zymo,1470067,1470067,                  Nitrosopumilus ureiphilus,Nitrosopumilus ureiphilus,species,3.356672275666039e-05,abund,0.0,1,1
Kraken2,default,Kraken2_default,ZymoMockD6331,ZymoMockD6331,ont,D6331_Zymo,1510466,1510466,                  Candidatus Nitrosopumilus koreensis,Candidatus Nitrosopumilus koreensis,species,3.356672275666039e-05,abund,0.0,1,0
Kraken2,default,Kraken2_default,ZymoMockD6331,ZymoMockD6331,ont,D6331_Zymo,1582439,1582439,                  Nitrosopumilus piranensis,Nitrosopumilus piranensis,species,3.356672275666039e-05,abund,0.0,1,1
Kraken2,default,Kraken2_default,ZymoMockD6331,ZymoMockD6331,ont,D6331_Zymo,1898749,1898749,                  Candidatus Nitrosomarinus catalina,Candidatus Nitrosomarinus catalina,species,0.00013426689102664157,abund,0.0,4,4
Kraken2,default,Kraken2_default,ZymoMockD6331,ZymoMockD6331,ont,D6331_Zymo,1798806,1798806,                  Candidatus Nitrosocosmicus franklandus,Candidatus Nitrosocosmicus franklandus,species,0.00016783361378330195,abund,0.0,5,5
Kraken2,default,Kraken2_default,ZymoMockD6331,ZymoMockD6331,ont,D6331_Zymo,1826872,1826872,                  Candidatus Nitrosocosmicus hydrocola,Candidatus Nitrosocosmicus hydrocola,species,6.713344551332078e-05,abund,0.0,2,2
Kraken2,default,Kraken2_default,ZymoMockD6331,ZymoMockD6331,ont,D6331_Zymo,1353260,1353260,                  Candidatus Nitrosocosmicus oleophilus,Candidatus Nitrosocosmicus oleophilus,species,3.356672275666039e-05,abund,0.0,1,1
Kraken2,default,Kraken2_default,ZymoMockD6331,ZymoMockD6331,ont,D6331_Zymo,497727,497727,                  Candidatus Nitrososphaera gargensis,Candidatus Nitrososphaera gargensis,species,3.356672275666039e-05,abund,0.0,1,0
Kraken2,default,Kraken2_default,ZymoMockD6331,ZymoMockD6331,ont,D6331_Zymo,1459637,1459637,                  Candidatus Nitrososphaera evergladensis,Candidatus Nitrososphaera evergladensis,species,3.356672275666039e-05,abund,0.0,1,0
Kraken2,default,Kraken2_default,ZymoMockD6331,ZymoMockD6331,ont,D6331_Zymo,1903276,1903276,                  Candidatus Nitrosotalea okcheonensis,Candidatus Nitrosotalea okcheonensis,species,6.713344551332078e-05,abund,0.0,2,2
Kraken2,default,Kraken2_default,ZymoMockD6331,ZymoMockD6331,ont,D6331_Zymo,2586965,2586965,                  Nanobdella aerobiophila,Nanobdella aerobiophila,species,0.00013426689102664157,abund,0.0,4,4
Kraken2,default,Kraken2_default,ZymoMockD6331,ZymoMockD6331,ont,D6331_Zymo,2594042,2594042,                  Promethearchaeum syntrophicum,Promethearchaeum syntrophicum,species,0.00010070016826998118,abund,0.0,3,3
Kraken2,default,Kraken2_default,ZymoMockD6331,ZymoMockD6331,ont,D6331_Zymo,3059904,3059904,                    Cotonvirus japonicum,Cotonvirus japonicum,species,0.0003356672275666039,abund,0.0,10,0
Kraken2,default,Kraken2_default,ZymoMockD6331,ZymoMockD6331,ont,D6331_Zymo,3080760,3080760,                    Moumouvirus goulettemassiliense,Moumouvirus goulettemassiliense,species,0.00013426689102664157,abund,0.0,4,0
Kraken2,default,Kraken2_default,ZymoMockD6331,ZymoMockD6331,ont,D6331_Zymo,1128137,1128137,                    Moumouvirus moumou,Moumouvirus moumou,species,0.00010070016826998118,abund,0.0,3,0
Kraken2,default,Kraken2_default,ZymoMockD6331,ZymoMockD6331,ont,D6331_Zymo,3080759,3080759,                    Moumouvirus australiense,Moumouvirus australiense,species,3.356672275666039e-05,abund,0.0,1,0
Kraken2,default,Kraken2_default,ZymoMockD6331,ZymoMockD6331,ont,D6331_Zymo,2126984,2126984,                    Tupanvirus deep ocean,Tupanvirus deep ocean,species,0.00020140033653996236,abund,0.0,6,6
Kraken2,default,Kraken2_default,ZymoMockD6331,ZymoMockD6331,ont,D6331_Zymo,3060017,3060017,                    Fadolivirus algeromassiliense,Fadolivirus algeromassiliense,species,6.713344551332078e-05,abund,0.0,2,2
Kraken2,default,Kraken2_default,ZymoMockD6331,ZymoMockD6331,ont,D6331_Zymo,3060737,3060737,                    Theiavirus salishense,Theiavirus salishense,species,3.356672275666039e-05,abund,0.0,1,0
Kraken2,default,Kraken2_default,ZymoMockD6331,ZymoMockD6331,ont,D6331_Zymo,3047716,3047716,                    Rheavirus sinusmexicani,Rheavirus sinusmexicani,species,6.713344551332078e-05,abund,0.0,2,0
Kraken2,default,Kraken2_default,ZymoMockD6331,ZymoMockD6331,ont,D6331_Zymo,3059777,3059777,                  Biavirus raunefjordenense,Biavirus raunefjordenense,species,6.713344551332078e-05,abund,0.0,2,0
Kraken2,default,Kraken2_default,ZymoMockD6331,ZymoMockD6331,ont,D6331_Zymo,3060070,3060070,                  Kratosvirus quantuckense,Kratosvirus quantuckense,species,3.356672275666039e-05,abund,0.0,1,0
Kraken2,default,Kraken2_default,ZymoMockD6331,ZymoMockD6331,ont,D6331_Zymo,251749,251749,                    Phaeocystis globosa virus,Phaeocystis globosa virus,species,6.713344551332078e-05,abund,0.0,2,2
Kraken2,default,Kraken2_default,ZymoMockD6331,ZymoMockD6331,ont,D6331_Zymo,322019,322019,                  Chlorovirus heliozoae,Chlorovirus heliozoae,species,3.356672275666039e-05,abund,0.0,1,1
Kraken2,default,Kraken2_default,ZymoMockD6331,ZymoMockD6331,ont,D6331_Zymo,37665,37665,                  Ectocarpus siliculosus virus 1,Ectocarpus siliculosus virus 1,species,3.356672275666039e-05,abund,0.0,1,1
Kraken2,default,Kraken2_default,ZymoMockD6331,ZymoMockD6331,ont,D6331_Zymo,1813599,1813599,                    Brazilian marseillevirus,Brazilian marseillevirus,species,6.713344551332078e-05,abund,0.0,2,2
Kraken2,default,Kraken2_default,ZymoMockD6331,ZymoMockD6331,ont,D6331_Zymo,176652,176652,                    Invertebrate iridescent virus 6,Invertebrate iridescent virus 6,species,3.356672275666039e-05,abund,0.0,1,1
Kraken2,default,Kraken2_default,ZymoMockD6331,ZymoMockD6331,ont,D6331_Zymo,2025360,2025360,                      NY_014 poxvirus,NY_014 poxvirus,species,6.713344551332078e-05,abund,0.0,2,2
Kraken2,default,Kraken2_default,ZymoMockD6331,ZymoMockD6331,ont,D6331_Zymo,10261,10261,                    Fowlpox virus,Fowlpox virus,species,3.356672275666039e-05,abund,0.0,1,1
Kraken2,default,Kraken2_default,ZymoMockD6331,ZymoMockD6331,ont,D6331_Zymo,2734576,2734576,                    Salmon gillpox virus,Salmon gillpox virus,species,3.356672275666039e-05,abund,0.0,1,0
Kraken2,default,Kraken2_default,ZymoMockD6331,ZymoMockD6331,ont,D6331_Zymo,28321,28321,                    Betaentomopoxvirus amoorei,Betaentomopoxvirus amoorei,species,3.356672275666039e-05,abund,0.0,1,1
Kraken2,default,Kraken2_default,ZymoMockD6331,ZymoMockD6331,ont,D6331_Zymo,1179664,1179664,                    Mythimna separata entomopoxvirus,Mythimna separata entomopoxvirus,species,3.356672275666039e-05,abund,0.0,1,0
Kraken2,default,Kraken2_default,ZymoMockD6331,ZymoMockD6331,ont,D6331_Zymo,3052768,3052768,                  Tequatrovirus SHBML501,Tequatrovirus SHBML501,species,0.00010070016826998118,abund,0.0,3,0
Kraken2,default,Kraken2_default,ZymoMockD6331,ZymoMockD6331,ont,D6331_Zymo,2956206,2956206,                  Mosugukvirus pm2,Mosugukvirus pm2,species,3.356672275666039e-05,abund,0.0,1,0
Kraken2,default,Kraken2_default,ZymoMockD6331,ZymoMockD6331,ont,D6331_Zymo,3060701,3060701,                Shenzhenivirus sszbm1,Shenzhenivirus sszbm1,species,0.00010070016826998118,abund,0.0,3,0
Kraken2,default,Kraken2_default,ZymoMockD6331,ZymoMockD6331,ont,D6331_Zymo,2845939,2845939,                Ronodorvirus ssm4,Ronodorvirus ssm4,species,3.356672275666039e-05,abund,0.0,1,0
Kraken2,default,Kraken2_default,ZymoMockD6331,ZymoMockD6331,ont,D6331_Zymo,2955958,2955958,                Greenvirus ssm4,Greenvirus ssm4,species,3.356672275666039e-05,abund,0.0,1,0
Kraken2,default,Kraken2_default,ZymoMockD6331,ZymoMockD6331,ont,D6331_Zymo,1985731,1985731,                  Stubburvirus LKA1,Stubburvirus LKA1,species,3.356672275666039e-05,abund,0.0,1,0
Kraken2,default,Kraken2_default,ZymoMockD6331,ZymoMockD6331,ont,D6331_Zymo,2928831,2928831,              Pseudomonas phage Kremar,Pseudomonas phage Kremar,species,0.00010070016826998118,abund,0.0,3,3
Kraken2,default,Kraken2_default,ZymoMockD6331,ZymoMockD6331,ont,D6331_Zymo,3060744,3060744,                Tonitrusvirus shimokitaense,Tonitrusvirus shimokitaense,species,0.00010070016826998118,abund,0.0,3,0
Kraken2,default,Kraken2_default,ZymoMockD6331,ZymoMockD6331,ont,D6331_Zymo,1980943,1980943,              Muvirus SfMu,Muvirus SfMu,species,0.00010070016826998118,abund,0.0,3,0
Kraken2,default,Kraken2_default,ZymoMockD6331,ZymoMockD6331,ont,D6331_Zymo,2955582,2955582,                    Carjivirus communis,Carjivirus communis,species,3.356672275666039e-05,abund,0.0,1,1
Kraken2,default,Kraken2_default,ZymoMockD6331,ZymoMockD6331,ont,D6331_Zymo,2956099,2956099,                    Lahndsivirus rarus,Lahndsivirus rarus,species,3.356672275666039e-05,abund,0.0,1,0
Kraken2,default,Kraken2_default,ZymoMockD6331,ZymoMockD6331,ont,D6331_Zymo,2955382,2955382,                    Aurodevirus hiberniae,Aurodevirus hiberniae,species,3.356672275666039e-05,abund,0.0,1,0
Kraken2,default,Kraken2_default,ZymoMockD6331,ZymoMockD6331,ont,D6331_Zymo,3060414,3060414,                Nevillevirus rabbitrun,Nevillevirus rabbitrun,species,6.713344551332078e-05,abund,0.0,2,0
Kraken2,default,Kraken2_default,ZymoMockD6331,ZymoMockD6331,ont,D6331_Zymo,2844309,2844309,              Latrobevirus FNU1,Latrobevirus FNU1,species,6.713344551332078e-05,abund,0.0,2,0
Kraken2,default,Kraken2_default,ZymoMockD6331,ZymoMockD6331,ont,D6331_Zymo,2060092,2060092,                  Cetovirus ceto,Cetovirus ceto,species,6.713344551332078e-05,abund,0.0,2,0
Kraken2,default,Kraken2_default,ZymoMockD6331,ZymoMockD6331,ont,D6331_Zymo,2846605,2846605,                Aphroditevirus USC1,Aphroditevirus USC1,species,3.356672275666039e-05,abund,0.0,1,0
Kraken2,default,Kraken2_default,ZymoMockD6331,ZymoMockD6331,ont,D6331_Zymo,2843775,2843775,                  Klosterneuburgvirus MGB1,Klosterneuburgvirus MGB1,species,3.356672275666039e-05,abund,0.0,1,0
Kraken2,default,Kraken2_default,ZymoMockD6331,ZymoMockD6331,ont,D6331_Zymo,1084719,1084719,              Donellivirus gee,Donellivirus gee,species,3.356672275666039e-05,abund,0.0,1,0
Kraken2,default,Kraken2_default,ZymoMockD6331,ZymoMockD6331,ont,D6331_Zymo,2843684,2843684,                Kozyakovvirus A4L,Kozyakovvirus A4L,species,3.356672275666039e-05,abund,0.0,1,0
Kraken2,default,Kraken2_default,ZymoMockD6331,ZymoMockD6331,ont,D6331_Zymo,2844173,2844173,              Glaedevirus gv2H10,Glaedevirus gv2H10,species,3.356672275666039e-05,abund,0.0,1,0
Kraken2,default,Kraken2_default,ZymoMockD6331,ZymoMockD6331,ont,D6331_Zymo,2845758,2845758,              Lietduovirus LIET2,Lietduovirus LIET2,species,3.356672275666039e-05,abund,0.0,1,0
Kraken2,default,Kraken2_default,ZymoMockD6331,ZymoMockD6331,ont,D6331_Zymo,2734133,2734133,                Klebsiella virus ZCKP1,Klebsiella virus ZCKP1,species,3.356672275666039e-05,abund,0.0,1,0
Kraken2,default,Kraken2_default,ZymoMockD6331,ZymoMockD6331,ont,D6331_Zymo,2560541,2560541,              Alcyoneusvirus K641,Alcyoneusvirus K641,species,3.356672275666039e-05,abund,0.0,1,0
Kraken2,default,Kraken2_default,ZymoMockD6331,ZymoMockD6331,ont,D6331_Zymo,2560452,2560452,              Punavirus RCS47,Punavirus RCS47,species,3.356672275666039e-05,abund,0.0,1,0
Kraken2,default,Kraken2_default,ZymoMockD6331,ZymoMockD6331,ont,D6331_Zymo,10454,10454,                Spodoptera exigua multiple nucleopolyhedrovirus,Spodoptera exigua multiple nucleopolyhedrovirus,species,0.00010070016826998118,abund,0.0,3,3
Kraken2,default,Kraken2_default,ZymoMockD6331,ZymoMockD6331,ont,D6331_Zymo,3048335,3048335,              Alphabaculovirus spofrugiperdae,Alphabaculovirus spofrugiperdae,species,6.713344551332078e-05,abund,0.0,2,0
Kraken2,default,Kraken2_default,ZymoMockD6331,ZymoMockD6331,ont,D6331_Zymo,2955240,2955240,              Alphabaculovirus ranus,Alphabaculovirus ranus,species,3.356672275666039e-05,abund,0.0,1,0
Kraken2,default,Kraken2_default,ZymoMockD6331,ZymoMockD6331,ont,D6331_Zymo,3059715,3059715,              Alphabaculovirus raous,Alphabaculovirus raous,species,3.356672275666039e-05,abund,0.0,1,0
Kraken2,default,Kraken2_default,ZymoMockD6331,ZymoMockD6331,ont,D6331_Zymo,362830,362830,              Betabaculovirus arrapae,Betabaculovirus arrapae,species,3.356672275666039e-05,abund,0.0,1,1
Kraken2,default,Kraken2_default,ZymoMockD6331,ZymoMockD6331,ont,D6331_Zymo,265522,265522,          Ichnoviriform fugitivi,Ichnoviriform fugitivi,species,3.356672275666039e-05,abund,0.0,1,1
Kraken2,default,Kraken2_default,ZymoMockD6331,ZymoMockD6331,ont,D6331_Zymo,2569586,2569586,                        Canada goose coronavirus,Canada goose coronavirus,species,0.00013426689102664157,abund,0.0,4,4
Kraken2,default,Kraken2_default,ZymoMockD6331,ZymoMockD6331,ont,D6331_Zymo,2846193,2846193,                    Alphadrosrhavirus shayang,Alphadrosrhavirus shayang,species,3.356672275666039e-05,abund,0.0,1,0
Kraken2,default,Kraken2_default,ZymoMockD6331,ZymoMockD6331,ont,D6331_Zymo,2956482,2956482,                      Sunrhavirus matariya,Sunrhavirus matariya,species,3.356672275666039e-05,abund,0.0,1,0
Kraken2,default,Kraken2_default,ZymoMockD6331,ZymoMockD6331,ont,D6331_Zymo,1450746,1450746,              Pithovirus sibericum,Pithovirus sibericum,species,3.356672275666039e-05,abund,0.0,1,1
Kraken2,default,Kraken2_default,ZymoMockD6331,ZymoMockD6331,ont,D6331_Zymo,2107708,2107708,            Pandoravirus neocaledonia,Pandoravirus neocaledonia,species,3.356672275666039e-05,abund,0.0,1,1
Kraken2,default,Kraken2_default,ZymoMockD6331,ZymoMockD6331,ont,D6331_Zymo,1606502,1606502,                  Alphapolyomavirus carolliae,Alphapolyomavirus carolliae,species,3.356672275666039e-05,abund,0.0,1,0
Kraken2,default,Kraken2_default,ZymoMockD6331,ZymoMockD6331,ont,D6331_Zymo,333929,333929,                    Gammapapillomavirus 3,Gammapapillomavirus 3,species,3.356672275666039e-05,abund,0.0,1,0
Kraken2,default,Kraken2_default,ZymoMockD6331,ZymoMockD6331,ont,D6331_Zymo,216851,216851,                Faecalibacterium,Faecalibacterium,genus,14.578799727841012,abund,14.58,434323,9091
Kraken2,default,Kraken2_default,ZymoMockD6331,ZymoMockD6331,ont,D6331_Zymo,1263,1263,                Ruminococcus,Ruminococcus,genus,0.001544069246806378,abund,0.0,46,0
Kraken2,default,Kraken2_default,ZymoMockD6331,ZymoMockD6331,ont,D6331_Zymo,244127,244127,                Anaerotruncus,Anaerotruncus,genus,0.0015105025240497176,abund,0.0,45,0
Kraken2,default,Kraken2_default,ZymoMockD6331,ZymoMockD6331,ont,D6331_Zymo,946234,946234,                Flavonifractor,Flavonifractor,genus,0.0008391680689165098,abund,0.0,25,0
Kraken2,default,Kraken2_default,ZymoMockD6331,ZymoMockD6331,ont,D6331_Zymo,2591381,2591381,                Dysosmobacter,Dysosmobacter,genus,0.0005706342868632267,abund,0.0,17,0
Kraken2,default,Kraken2_default,ZymoMockD6331,ZymoMockD6331,ont,D6331_Zymo,35829,35829,                Acetivibrio,Acetivibrio,genus,0.0003692339503232643,abund,0.0,11,0
Kraken2,default,Kraken2_default,ZymoMockD6331,ZymoMockD6331,ont,D6331_Zymo,2892396,2892396,                Vescimonas,Vescimonas,genus,0.0003692339503232643,abund,0.0,11,1
Kraken2,default,Kraken2_default,ZymoMockD6331,ZymoMockD6331,ont,D6331_Zymo,2892397,2892397,                Pusillibacter,Pusillibacter,genus,0.00026853378205328313,abund,0.0,8,0
Kraken2,default,Kraken2_default,ZymoMockD6331,ZymoMockD6331,ont,D6331_Zymo,1905344,1905344,                Ruthenibacterium,Ruthenibacterium,genus,0.00026853378205328313,abund,0.0,8,0
Kraken2,default,Kraken2_default,ZymoMockD6331,ZymoMockD6331,ont,D6331_Zymo,2172004,2172004,                Lawsonibacter,Lawsonibacter,genus,0.00026853378205328313,abund,0.0,8,0
Kraken2,default,Kraken2_default,ZymoMockD6331,ZymoMockD6331,ont,D6331_Zymo,292632,292632,                Subdoligranulum,Subdoligranulum,genus,0.00023496705929662275,abund,0.0,7,0
Kraken2,default,Kraken2_default,ZymoMockD6331,ZymoMockD6331,ont,D6331_Zymo,1508657,1508657,                Ruminiclostridium,Ruminiclostridium,genus,0.00023496705929662275,abund,0.0,7,0
Kraken2,default,Kraken2_default,ZymoMockD6331,ZymoMockD6331,ont,D6331_Zymo,1017280,1017280,                Pseudoflavonifractor,Pseudoflavonifractor,genus,0.00020140033653996236,abund,0.0,6,0
Kraken2,default,Kraken2_default,ZymoMockD6331,ZymoMockD6331,ont,D6331_Zymo,459786,459786,                Oscillibacter,Oscillibacter,genus,0.00016783361378330195,abund,0.0,5,0
Kraken2,default,Kraken2_default,ZymoMockD6331,ZymoMockD6331,ont,D6331_Zymo,2834348,2834348,                Caproicibacterium,Caproicibacterium,genus,0.00016783361378330195,abund,0.0,5,3
Kraken2,default,Kraken2_default,ZymoMockD6331,ZymoMockD6331,ont,D6331_Zymo,3393728,3393728,                Owariibacterium,Owariibacterium,genus,0.00013426689102664157,abund,0.0,4,0
Kraken2,default,Kraken2_default,ZymoMockD6331,ZymoMockD6331,ont,D6331_Zymo,2304687,2304687,                Petroclostridium,Petroclostridium,genus,0.00010070016826998118,abund,0.0,3,0
Kraken2,default,Kraken2_default,ZymoMockD6331,ZymoMockD6331,ont,D6331_Zymo,2842531,2842531,                Solibaculum,Solibaculum,genus,0.00010070016826998118,abund,0.0,3,0
Kraken2,default,Kraken2_default,ZymoMockD6331,ZymoMockD6331,ont,D6331_Zymo,3079925,3079925,                Amygdalobacter,Amygdalobacter,genus,6.713344551332078e-05,abund,0.0,2,0
Kraken2,default,Kraken2_default,ZymoMockD6331,ZymoMockD6331,ont,D6331_Zymo,2304691,2304691,                Thermoclostridium,Thermoclostridium,genus,3.356672275666039e-05,abund,0.0,1,0
Kraken2,default,Kraken2_default,ZymoMockD6331,ZymoMockD6331,ont,D6331_Zymo,2038676,2038676,                Paludihabitans,Paludihabitans,genus,3.356672275666039e-05,abund,0.0,1,0
Kraken2,default,Kraken2_default,ZymoMockD6331,ZymoMockD6331,ont,D6331_Zymo,1485,1485,                Clostridium,Clostridium,genus,0.012453254142721007,abund,0.01,371,61
Kraken2,default,Kraken2_default,ZymoMockD6331,ZymoMockD6331,ont,D6331_Zymo,1848399,1848399,                Crassaminicella,Crassaminicella,genus,0.00040280067307992473,abund,0.0,12,0
Kraken2,default,Kraken2_default,ZymoMockD6331,ZymoMockD6331,ont,D6331_Zymo,44258,44258,                Caloramator,Caloramator,genus,0.0003692339503232643,abund,0.0,11,0
Kraken2,default,Kraken2_default,ZymoMockD6331,ZymoMockD6331,ont,D6331_Zymo,1755832,1755832,                Haloimpatiens,Haloimpatiens,genus,0.00030210050480994355,abund,0.0,9,0
Kraken2,default,Kraken2_default,ZymoMockD6331,ZymoMockD6331,ont,D6331_Zymo,1434026,1434026,                Oceanirhabdus,Oceanirhabdus,genus,0.00026853378205328313,abund,0.0,8,0
Kraken2,default,Kraken2_default,ZymoMockD6331,ZymoMockD6331,ont,D6331_Zymo,49082,49082,                Candidatus Arthromitus,Candidatus Arthromitus,genus,0.00020140033653996236,abund,0.0,6,0
Kraken2,default,Kraken2_default,ZymoMockD6331,ZymoMockD6331,ont,D6331_Zymo,1769729,1769729,                Hathewaya,Hathewaya,genus,0.00016783361378330195,abund,0.0,5,0
Kraken2,default,Kraken2_default,ZymoMockD6331,ZymoMockD6331,ont,D6331_Zymo,1266,1266,                Sarcina,Sarcina,genus,6.713344551332078e-05,abund,0.0,2,0
Kraken2,default,Kraken2_default,ZymoMockD6331,ZymoMockD6331,ont,D6331_Zymo,420345,420345,                Lactonifactor,Lactonifactor,genus,3.356672275666039e-05,abund,0.0,1,0
Kraken2,default,Kraken2_default,ZymoMockD6331,ZymoMockD6331,ont,D6331_Zymo,1392389,1392389,                Intestinimonas,Intestinimonas,genus,0.0004699341185932455,abund,0.0,14,0
Kraken2,default,Kraken2_default,ZymoMockD6331,ZymoMockD6331,ont,D6331_Zymo,1918454,1918454,                Flintibacter,Flintibacter,genus,0.00040280067307992473,abund,0.0,12,0
Kraken2,default,Kraken2_default,ZymoMockD6331,ZymoMockD6331,ont,D6331_Zymo,2717089,2717089,                Massilistercora,Massilistercora,genus,0.0003692339503232643,abund,0.0,11,0
Kraken2,default,Kraken2_default,ZymoMockD6331,ZymoMockD6331,ont,D6331_Zymo,415014,415014,                Proteiniborus,Proteiniborus,genus,0.00013426689102664157,abund,0.0,4,0
Kraken2,default,Kraken2_default,ZymoMockD6331,ZymoMockD6331,ont,D6331_Zymo,1686313,1686313,                Fenollaria,Fenollaria,genus,6.713344551332078e-05,abund,0.0,2,0
Kraken2,default,Kraken2_default,ZymoMockD6331,ZymoMockD6331,ont,D6331_Zymo,1730,1730,                Eubacterium,Eubacterium,genus,0.0006713344551332078,abund,0.0,20,0
Kraken2,default,Kraken2_default,ZymoMockD6331,ZymoMockD6331,ont,D6331_Zymo,274470,274470,                Alkalibacter,Alkalibacter,genus,0.00010070016826998118,abund,0.0,3,0
Kraken2,default,Kraken2_default,ZymoMockD6331,ZymoMockD6331,ont,D6331_Zymo,33951,33951,                Acetobacterium,Acetobacterium,genus,6.713344551332078e-05,abund,0.0,2,0
Kraken2,default,Kraken2_default,ZymoMockD6331,ZymoMockD6331,ont,D6331_Zymo,264995,264995,                Anaerofustis,Anaerofustis,genus,3.356672275666039e-05,abund,0.0,1,0
Kraken2,default,Kraken2_default,ZymoMockD6331,ZymoMockD6331,ont,D6331_Zymo,1918385,1918385,                Acutalibacter,Acutalibacter,genus,0.00026853378205328313,abund,0.0,8,0
Kraken2,default,Kraken2_default,ZymoMockD6331,ZymoMockD6331,ont,D6331_Zymo,2576755,2576755,                Caproicibacter,Caproicibacter,genus,0.00013426689102664157,abund,0.0,4,0
Kraken2,default,Kraken2_default,ZymoMockD6331,ZymoMockD6331,ont,D6331_Zymo,1738645,1738645,                Caproiciproducens,Caproiciproducens,genus,0.00010070016826998118,abund,0.0,3,0
Kraken2,default,Kraken2_default,ZymoMockD6331,ZymoMockD6331,ont,D6331_Zymo,36853,36853,                Desulfitobacterium,Desulfitobacterium,genus,0.00016783361378330195,abund,0.0,5,0
Kraken2,default,Kraken2_default,ZymoMockD6331,ZymoMockD6331,ont,D6331_Zymo,56112,56112,                Dehalobacter,Dehalobacter,genus,0.00010070016826998118,abund,0.0,3,0
Kraken2,default,Kraken2_default,ZymoMockD6331,ZymoMockD6331,ont,D6331_Zymo,79206,79206,                Desulfosporosinus,Desulfosporosinus,genus,0.00010070016826998118,abund,0.0,3,0
Kraken2,default,Kraken2_default,ZymoMockD6331,ZymoMockD6331,ont,D6331_Zymo,2916693,2916693,                Desulforamulus,Desulforamulus,genus,0.00013426689102664157,abund,0.0,4,0
Kraken2,default,Kraken2_default,ZymoMockD6331,ZymoMockD6331,ont,D6331_Zymo,2651578,2651578,                Thermanaerosceptrum,Thermanaerosceptrum,genus,6.713344551332078e-05,abund,0.0,2,0
Kraken2,default,Kraken2_default,ZymoMockD6331,ZymoMockD6331,ont,D6331_Zymo,2840454,2840454,                Candidatus Formimonas,Candidatus Formimonas,genus,6.713344551332078e-05,abund,0.0,2,0
Kraken2,default,Kraken2_default,ZymoMockD6331,ZymoMockD6331,ont,D6331_Zymo,2282741,2282741,                Desulfofundulus,Desulfofundulus,genus,3.356672275666039e-05,abund,0.0,1,0
Kraken2,default,Kraken2_default,ZymoMockD6331,ZymoMockD6331,ont,D6331_Zymo,2924872,2924872,                Acididesulfobacillus,Acididesulfobacillus,genus,3.356672275666039e-05,abund,0.0,1,0
Kraken2,default,Kraken2_default,ZymoMockD6331,ZymoMockD6331,ont,D6331_Zymo,2048137,2048137,                Agathobaculum,Agathobaculum,genus,0.00016783361378330195,abund,0.0,5,0
Kraken2,default,Kraken2_default,ZymoMockD6331,ZymoMockD6331,ont,D6331_Zymo,1928820,1928820,                Intestinibacillus,Intestinibacillus,genus,3.356672275666039e-05,abund,0.0,1,0
Kraken2,default,Kraken2_default,ZymoMockD6331,ZymoMockD6331,ont,D6331_Zymo,1562,1562,                Desulfotomaculum,Desulfotomaculum,genus,0.00020140033653996236,abund,0.0,6,0
Kraken2,default,Kraken2_default,ZymoMockD6331,ZymoMockD6331,ont,D6331_Zymo,79598,79598,                Heliorestis,Heliorestis,genus,0.00013426689102664157,abund,0.0,4,0
Kraken2,default,Kraken2_default,ZymoMockD6331,ZymoMockD6331,ont,D6331_Zymo,2867376,2867376,                Desulfoscipio,Desulfoscipio,genus,6.713344551332078e-05,abund,0.0,2,0
Kraken2,default,Kraken2_default,ZymoMockD6331,ZymoMockD6331,ont,D6331_Zymo,1491776,1491776,                Proteinivorax,Proteinivorax,genus,3.356672275666039e-05,abund,0.0,1,0
Kraken2,default,Kraken2_default,ZymoMockD6331,ZymoMockD6331,ont,D6331_Zymo,278993,278993,                Thermincola,Thermincola,genus,3.356672275666039e-05,abund,0.0,1,0
Kraken2,default,Kraken2_default,ZymoMockD6331,ZymoMockD6331,ont,D6331_Zymo,3046369,3046369,                Aristaeella,Aristaeella,genus,3.356672275666039e-05,abund,0.0,1,0
Kraken2,default,Kraken2_default,ZymoMockD6331,ZymoMockD6331,ont,D6331_Zymo,841,841,                Roseburia,Roseburia,genus,9.989456692382133,abund,9.99,297600,381
Kraken2,default,Kraken2_default,ZymoMockD6331,ZymoMockD6331,ont,D6331_Zymo,572511,572511,                Blautia,Blautia,genus,0.007149711947168663,abund,0.01,213,29
Kraken2,default,Kraken2_default,ZymoMockD6331,ZymoMockD6331,ont,D6331_Zymo,2316020,2316020,                Mediterraneibacter,Mediterraneibacter,genus,0.006981878333385362,abund,0.01,208,9
Kraken2,default,Kraken2_default,ZymoMockD6331,ZymoMockD6331,ont,D6331_Zymo,1766253,1766253,                Agathobacter,Agathobacter,genus,0.006444810769278796,abund,0.01,192,0
Kraken2,default,Kraken2_default,ZymoMockD6331,ZymoMockD6331,ont,D6331_Zymo,2719313,2719313,                Enterocloster,Enterocloster,genus,0.004867174799715757,abund,0.0,145,0
Kraken2,default,Kraken2_default,ZymoMockD6331,ZymoMockD6331,ont,D6331_Zymo,189330,189330,                Dorea,Dorea,genus,0.002651771097776171,abund,0.0,79,1
Kraken2,default,Kraken2_default,ZymoMockD6331,ZymoMockD6331,ont,D6331_Zymo,33042,33042,                Coprococcus,Coprococcus,genus,0.002282537147452907,abund,0.0,68,3
Kraken2,default,Kraken2_default,ZymoMockD6331,ZymoMockD6331,ont,D6331_Zymo,1506553,1506553,                Lachnoclostridium,Lachnoclostridium,genus,0.001443369078536397,abund,0.0,43,0
Kraken2,default,Kraken2_default,ZymoMockD6331,ZymoMockD6331,ont,D6331_Zymo,207244,207244,                Anaerostipes,Anaerostipes,genus,0.0014098023557797365,abund,0.0,42,0
Kraken2,default,Kraken2_default,ZymoMockD6331,ZymoMockD6331,ont,D6331_Zymo,3342669,3342669,                Eshraghiella,Eshraghiella,genus,0.0010405684054564722,abund,0.0,31,0
Kraken2,default,Kraken2_default,ZymoMockD6331,ZymoMockD6331,ont,D6331_Zymo,2569097,2569097,                Anaerobutyricum,Anaerobutyricum,genus,0.0009734349599431514,abund,0.0,29,9
Kraken2,default,Kraken2_default,ZymoMockD6331,ZymoMockD6331,ont,D6331_Zymo,830,830,                Butyrivibrio,Butyrivibrio,genus,0.000939868237186491,abund,0.0,28,0
Kraken2,default,Kraken2_default,ZymoMockD6331,ZymoMockD6331,ont,D6331_Zymo,2163168,2163168,                Kineothrix,Kineothrix,genus,0.0008056013461598495,abund,0.0,24,0
Kraken2,default,Kraken2_default,ZymoMockD6331,ZymoMockD6331,ont,D6331_Zymo,2944193,2944193,                Simiaoa,Simiaoa,genus,0.0007049011778898683,abund,0.0,21,0
Kraken2,default,Kraken2_default,ZymoMockD6331,ZymoMockD6331,ont,D6331_Zymo,1769710,1769710,                Sellimonas,Sellimonas,genus,0.0007049011778898683,abund,0.0,21,0
Kraken2,default,Kraken2_default,ZymoMockD6331,ZymoMockD6331,ont,D6331_Zymo,2944195,2944195,                Qiania,Qiania,genus,0.0005370675641065663,abund,0.0,16,0
Kraken2,default,Kraken2_default,ZymoMockD6331,ZymoMockD6331,ont,D6331_Zymo,1843210,1843210,                Anaerocolumna,Anaerocolumna,genus,0.0005370675641065663,abund,0.0,16,0
Kraken2,default,Kraken2_default,ZymoMockD6331,ZymoMockD6331,ont,D6331_Zymo,2719231,2719231,                Lacrimispora,Lacrimispora,genus,0.00043636739583658514,abund,0.0,13,1
Kraken2,default,Kraken2_default,ZymoMockD6331,ZymoMockD6331,ont,D6331_Zymo,248744,248744,                Marvinbryantia,Marvinbryantia,genus,0.0003356672275666039,abund,0.0,10,0
Kraken2,default,Kraken2_default,ZymoMockD6331,ZymoMockD6331,ont,D6331_Zymo,1432051,1432051,                Eisenbergiella,Eisenbergiella,genus,0.00030210050480994355,abund,0.0,9,0
Kraken2,default,Kraken2_default,ZymoMockD6331,ZymoMockD6331,ont,D6331_Zymo,3076670,3076670,                Claveliimonas,Claveliimonas,genus,0.00016783361378330195,abund,0.0,5,0
Kraken2,default,Kraken2_default,ZymoMockD6331,ZymoMockD6331,ont,D6331_Zymo,3024823,3024823,                Anaeromicropila,Anaeromicropila,genus,0.00016783361378330195,abund,0.0,5,0
Kraken2,default,Kraken2_default,ZymoMockD6331,ZymoMockD6331,ont,D6331_Zymo,2005355,2005355,                Faecalimonas,Faecalimonas,genus,0.00013426689102664157,abund,0.0,4,0
Kraken2,default,Kraken2_default,ZymoMockD6331,ZymoMockD6331,ont,D6331_Zymo,1649459,1649459,                Hungatella,Hungatella,genus,0.00013426689102664157,abund,0.0,4,0
Kraken2,default,Kraken2_default,ZymoMockD6331,ZymoMockD6331,ont,D6331_Zymo,1164882,1164882,                Lachnoanaerobaculum,Lachnoanaerobaculum,genus,0.00013426689102664157,abund,0.0,4,0
Kraken2,default,Kraken2_default,ZymoMockD6331,ZymoMockD6331,ont,D6331_Zymo,28050,28050,                Lachnospira,Lachnospira,genus,0.00010070016826998118,abund,0.0,3,0
Kraken2,default,Kraken2_default,ZymoMockD6331,ZymoMockD6331,ont,D6331_Zymo,2888809,2888809,                Novisyntrophococcus,Novisyntrophococcus,genus,0.00010070016826998118,abund,0.0,3,0
Kraken2,default,Kraken2_default,ZymoMockD6331,ZymoMockD6331,ont,D6331_Zymo,2997360,2997360,                Anaeropeptidivorans,Anaeropeptidivorans,genus,6.713344551332078e-05,abund,0.0,2,0
Kraken2,default,Kraken2_default,ZymoMockD6331,ZymoMockD6331,ont,D6331_Zymo,2944198,2944198,                Wansuia,Wansuia,genus,6.713344551332078e-05,abund,0.0,2,0
Kraken2,default,Kraken2_default,ZymoMockD6331,ZymoMockD6331,ont,D6331_Zymo,2944152,2944152,                Wujia,Wujia,genus,3.356672275666039e-05,abund,0.0,1,0
Kraken2,default,Kraken2_default,ZymoMockD6331,ZymoMockD6331,ont,D6331_Zymo,1213720,1213720,                Stomatobaculum,Stomatobaculum,genus,3.356672275666039e-05,abund,0.0,1,0
Kraken2,default,Kraken2_default,ZymoMockD6331,ZymoMockD6331,ont,D6331_Zymo,3088373,3088373,                Chakrabartyella,Chakrabartyella,genus,3.356672275666039e-05,abund,0.0,1,0
Kraken2,default,Kraken2_default,ZymoMockD6331,ZymoMockD6331,ont,D6331_Zymo,2383,2383,                Candidatus Epulonipiscium,Candidatus Epulonipiscium,genus,3.356672275666039e-05,abund,0.0,1,0
Kraken2,default,Kraken2_default,ZymoMockD6331,ZymoMockD6331,ont,D6331_Zymo,1348611,1348611,                Vallitalea,Vallitalea,genus,0.00010070016826998118,abund,0.0,3,0
Kraken2,default,Kraken2_default,ZymoMockD6331,ZymoMockD6331,ont,D6331_Zymo,2603323,2603323,                Petrocella,Petrocella,genus,6.713344551332078e-05,abund,0.0,2,0
Kraken2,default,Kraken2_default,ZymoMockD6331,ZymoMockD6331,ont,D6331_Zymo,1185408,1185408,                Defluviitalea,Defluviitalea,genus,6.713344551332078e-05,abund,0.0,2,0
Kraken2,default,Kraken2_default,ZymoMockD6331,ZymoMockD6331,ont,D6331_Zymo,698776,698776,                Cellulosilyticum,Cellulosilyticum,genus,6.713344551332078e-05,abund,0.0,2,0
Kraken2,default,Kraken2_default,ZymoMockD6331,ZymoMockD6331,ont,D6331_Zymo,2039240,2039240,                Anaerotignum,Anaerotignum,genus,3.356672275666039e-05,abund,0.0,1,0
Kraken2,default,Kraken2_default,ZymoMockD6331,ZymoMockD6331,ont,D6331_Zymo,1870884,1870884,                Clostridioides,Clostridioides,genus,1.6527247283696878,abund,1.65,49237,85
Kraken2,default,Kraken2_default,ZymoMockD6331,ZymoMockD6331,ont,D6331_Zymo,1501226,1501226,                Romboutsia,Romboutsia,genus,0.0008056013461598495,abund,0.0,24,0
Kraken2,default,Kraken2_default,ZymoMockD6331,ZymoMockD6331,ont,D6331_Zymo,1505652,1505652,                Terrisporobacter,Terrisporobacter,genus,0.0005370675641065663,abund,0.0,16,3
Kraken2,default,Kraken2_default,ZymoMockD6331,ZymoMockD6331,ont,D6331_Zymo,1505657,1505657,                Intestinibacter,Intestinibacter,genus,0.0004699341185932455,abund,0.0,14,0
Kraken2,default,Kraken2_default,ZymoMockD6331,ZymoMockD6331,ont,D6331_Zymo,1849822,1849822,                Paraclostridium,Paraclostridium,genus,0.0003692339503232643,abund,0.0,11,1
Kraken2,default,Kraken2_default,ZymoMockD6331,ZymoMockD6331,ont,D6331_Zymo,214904,214904,                Tepidibacter,Tepidibacter,genus,0.00016783361378330195,abund,0.0,5,0
Kraken2,default,Kraken2_default,ZymoMockD6331,ZymoMockD6331,ont,D6331_Zymo,2743582,2743582,                Peptacetobacter,Peptacetobacter,genus,0.00016783361378330195,abund,0.0,5,0
Kraken2,default,Kraken2_default,ZymoMockD6331,ZymoMockD6331,ont,D6331_Zymo,1257,1257,                Peptostreptococcus,Peptostreptococcus,genus,3.356672275666039e-05,abund,0.0,1,0
Kraken2,default,Kraken2_default,ZymoMockD6331,ZymoMockD6331,ont,D6331_Zymo,86331,86331,                Mogibacterium,Mogibacterium,genus,0.00016783361378330195,abund,0.0,5,0
Kraken2,default,Kraken2_default,ZymoMockD6331,ZymoMockD6331,ont,D6331_Zymo,1926556,1926556,                Emergencia,Emergencia,genus,0.00010070016826998118,abund,0.0,3,0
Kraken2,default,Kraken2_default,ZymoMockD6331,ZymoMockD6331,ont,D6331_Zymo,2886866,2886866,                Sinanaerobacter,Sinanaerobacter,genus,0.00010070016826998118,abund,0.0,3,0
Kraken2,default,Kraken2_default,ZymoMockD6331,ZymoMockD6331,ont,D6331_Zymo,186831,186831,                Acetoanaerobium,Acetoanaerobium,genus,0.00013426689102664157,abund,0.0,4,0
Kraken2,default,Kraken2_default,ZymoMockD6331,ZymoMockD6331,ont,D6331_Zymo,44259,44259,                Filifactor,Filifactor,genus,3.356672275666039e-05,abund,0.0,1,0
Kraken2,default,Kraken2_default,ZymoMockD6331,ZymoMockD6331,ont,D6331_Zymo,166484,166484,                Caminicella,Caminicella,genus,0.00013426689102664157,abund,0.0,4,0
Kraken2,default,Kraken2_default,ZymoMockD6331,ZymoMockD6331,ont,D6331_Zymo,114627,114627,                Alkaliphilus,Alkaliphilus,genus,0.00013426689102664157,abund,0.0,4,0
Kraken2,default,Kraken2_default,ZymoMockD6331,ZymoMockD6331,ont,D6331_Zymo,390805,390805,                Geosporobacter,Geosporobacter,genus,0.00010070016826998118,abund,0.0,3,0
Kraken2,default,Kraken2_default,ZymoMockD6331,ZymoMockD6331,ont,D6331_Zymo,1754,1754,                Thermoanaerobacter,Thermoanaerobacter,genus,0.00040280067307992473,abund,0.0,12,10
Kraken2,default,Kraken2_default,ZymoMockD6331,ZymoMockD6331,ont,D6331_Zymo,28895,28895,                Thermoanaerobacterium,Thermoanaerobacterium,genus,0.0003692339503232643,abund,0.0,11,4
Kraken2,default,Kraken2_default,ZymoMockD6331,ZymoMockD6331,ont,D6331_Zymo,42837,42837,                Ammonifex,Ammonifex,genus,3.356672275666039e-05,abund,0.0,1,0
Kraken2,default,Kraken2_default,ZymoMockD6331,ZymoMockD6331,ont,D6331_Zymo,129957,129957,                Carboxydothermus,Carboxydothermus,genus,3.356672275666039e-05,abund,0.0,1,0
Kraken2,default,Kraken2_default,ZymoMockD6331,ZymoMockD6331,ont,D6331_Zymo,140458,140458,                Thermacetogenium,Thermacetogenium,genus,3.356672275666039e-05,abund,0.0,1,0
Kraken2,default,Kraken2_default,ZymoMockD6331,ZymoMockD6331,ont,D6331_Zymo,249529,249529,                Caldanaerobacter,Caldanaerobacter,genus,3.356672275666039e-05,abund,0.0,1,0
Kraken2,default,Kraken2_default,ZymoMockD6331,ZymoMockD6331,ont,D6331_Zymo,28186,28186,                Acetohalobium,Acetohalobium,genus,0.00023496705929662275,abund,0.0,7,0
Kraken2,default,Kraken2_default,ZymoMockD6331,ZymoMockD6331,ont,D6331_Zymo,42417,42417,                Halobacteroides,Halobacteroides,genus,3.356672275666039e-05,abund,0.0,1,0
Kraken2,default,Kraken2_default,ZymoMockD6331,ZymoMockD6331,ont,D6331_Zymo,52003,52003,                Natroniella,Natroniella,genus,3.356672275666039e-05,abund,0.0,1,0
Kraken2,default,Kraken2_default,ZymoMockD6331,ZymoMockD6331,ont,D6331_Zymo,2330,2330,                Halanaerobium,Halanaerobium,genus,6.713344551332078e-05,abund,0.0,2,0
Kraken2,default,Kraken2_default,ZymoMockD6331,ZymoMockD6331,ont,D6331_Zymo,46466,46466,                Halocella,Halocella,genus,3.356672275666039e-05,abund,0.0,1,0
Kraken2,default,Kraken2_default,ZymoMockD6331,ZymoMockD6331,ont,D6331_Zymo,2899804,2899804,                Iocasia,Iocasia,genus,3.356672275666039e-05,abund,0.0,1,0
Kraken2,default,Kraken2_default,ZymoMockD6331,ZymoMockD6331,ont,D6331_Zymo,32636,32636,                Halothermothrix,Halothermothrix,genus,0.00013426689102664157,abund,0.0,4,0
Kraken2,default,Kraken2_default,ZymoMockD6331,ZymoMockD6331,ont,D6331_Zymo,2039302,2039302,                Monoglobus,Monoglobus,genus,0.00016783361378330195,abund,0.0,5,0
Kraken2,default,Kraken2_default,ZymoMockD6331,ZymoMockD6331,ont,D6331_Zymo,990721,990721,                Christensenella,Christensenella,genus,0.00010070016826998118,abund,0.0,3,0
Kraken2,default,Kraken2_default,ZymoMockD6331,ZymoMockD6331,ont,D6331_Zymo,3136917,3136917,              Helicovermis,Helicovermis,genus,3.356672275666039e-05,abund,0.0,1,0
Kraken2,default,Kraken2_default,ZymoMockD6331,ZymoMockD6331,ont,D6331_Zymo,499228,499228,                Tepidanaerobacter,Tepidanaerobacter,genus,3.356672275666039e-05,abund,0.0,1,0
Kraken2,default,Kraken2_default,ZymoMockD6331,ZymoMockD6331,ont,D6331_Zymo,44260,44260,                Moorella,Moorella,genus,3.356672275666039e-05,abund,0.0,1,0
Kraken2,default,Kraken2_default,ZymoMockD6331,ZymoMockD6331,ont,D6331_Zymo,29465,29465,                Veillonella,Veillonella,genus,12.97004740628255,abund,12.97,386396,1755
Kraken2,default,Kraken2_default,ZymoMockD6331,ZymoMockD6331,ont,D6331_Zymo,906,906,                Megasphaera,Megasphaera,genus,0.00013426689102664157,abund,0.0,4,1
Kraken2,default,Kraken2_default,ZymoMockD6331,ZymoMockD6331,ont,D6331_Zymo,2375,2375,                Sporomusa,Sporomusa,genus,0.00040280067307992473,abund,0.0,12,4
Kraken2,default,Kraken2_default,ZymoMockD6331,ZymoMockD6331,ont,D6331_Zymo,365348,365348,                Pelosinus,Pelosinus,genus,6.713344551332078e-05,abund,0.0,2,0
Kraken2,default,Kraken2_default,ZymoMockD6331,ZymoMockD6331,ont,D6331_Zymo,2093783,2093783,                Methylomusa,Methylomusa,genus,3.356672275666039e-05,abund,0.0,1,0
Kraken2,default,Kraken2_default,ZymoMockD6331,ZymoMockD6331,ont,D6331_Zymo,158846,158846,                Megamonas,Megamonas,genus,0.00040280067307992473,abund,0.0,12,0
Kraken2,default,Kraken2_default,ZymoMockD6331,ZymoMockD6331,ont,D6331_Zymo,864,864,                Pectinatus,Pectinatus,genus,3.356672275666039e-05,abund,0.0,1,0
Kraken2,default,Kraken2_default,ZymoMockD6331,ZymoMockD6331,ont,D6331_Zymo,970,970,                Selenomonas,Selenomonas,genus,3.356672275666039e-05,abund,0.0,1,0
Kraken2,default,Kraken2_default,ZymoMockD6331,ZymoMockD6331,ont,D6331_Zymo,33024,33024,                Phascolarctobacterium,Phascolarctobacterium,genus,0.00016783361378330195,abund,0.0,5,0
Kraken2,default,Kraken2_default,ZymoMockD6331,ZymoMockD6331,ont,D6331_Zymo,904,904,                Acidaminococcus,Acidaminococcus,genus,6.713344551332078e-05,abund,0.0,2,0
Kraken2,default,Kraken2_default,ZymoMockD6331,ZymoMockD6331,ont,D6331_Zymo,2742598,2742598,                Limosilactobacillus,Limosilactobacillus,genus,9.937831072782389,abund,9.94,296062,278
Kraken2,default,Kraken2_default,ZymoMockD6331,ZymoMockD6331,ont,D6331_Zymo,1578,1578,                Lactobacillus,Lactobacillus,genus,0.006142710264468852,abund,0.01,183,9
Kraken2,default,Kraken2_default,ZymoMockD6331,ZymoMockD6331,ont,D6331_Zymo,2767842,2767842,                Lactiplantibacillus,Lactiplantibacillus,genus,0.0038601731170159453,abund,0.0,115,1
Kraken2,default,Kraken2_default,ZymoMockD6331,ZymoMockD6331,ont,D6331_Zymo,2759736,2759736,                Lacticaseibacillus,Lacticaseibacillus,genus,0.00255107092950619,abund,0.0,76,7
Kraken2,default,Kraken2_default,ZymoMockD6331,ZymoMockD6331,ont,D6331_Zymo,46255,46255,                Weissella,Weissella,genus,0.002215403701939586,abund,0.0,66,4
Kraken2,default,Kraken2_default,ZymoMockD6331,ZymoMockD6331,ont,D6331_Zymo,1253,1253,                Pediococcus,Pediococcus,genus,0.0017454695833463406,abund,0.0,52,7
Kraken2,default,Kraken2_default,ZymoMockD6331,ZymoMockD6331,ont,D6331_Zymo,2767886,2767886,                Levilactobacillus,Levilactobacillus,genus,0.001611202692319699,abund,0.0,48,0
Kraken2,default,Kraken2_default,ZymoMockD6331,ZymoMockD6331,ont,D6331_Zymo,1243,1243,                Leuconostoc,Leuconostoc,genus,0.000939868237186491,abund,0.0,28,1
Kraken2,default,Kraken2_default,ZymoMockD6331,ZymoMockD6331,ont,D6331_Zymo,2767887,2767887,                Ligilactobacillus,Ligilactobacillus,genus,0.0009063015144298305,abund,0.0,27,5
Kraken2,default,Kraken2_default,ZymoMockD6331,ZymoMockD6331,ont,D6331_Zymo,2767881,2767881,                Fructilactobacillus,Fructilactobacillus,genus,0.0008727347916731703,abund,0.0,26,0
Kraken2,default,Kraken2_default,ZymoMockD6331,ZymoMockD6331,ont,D6331_Zymo,2767879,2767879,                Companilactobacillus,Companilactobacillus,genus,0.0007049011778898683,abund,0.0,21,2
Kraken2,default,Kraken2_default,ZymoMockD6331,ZymoMockD6331,ont,D6331_Zymo,2767885,2767885,                Latilactobacillus,Latilactobacillus,genus,0.0006042010096198871,abund,0.0,18,1
Kraken2,default,Kraken2_default,ZymoMockD6331,ZymoMockD6331,ont,D6331_Zymo,2767890,2767890,                Paucilactobacillus,Paucilactobacillus,genus,0.0005370675641065663,abund,0.0,16,2
Kraken2,default,Kraken2_default,ZymoMockD6331,ZymoMockD6331,ont,D6331_Zymo,2767888,2767888,                Liquorilactobacillus,Liquorilactobacillus,genus,0.0005035008413499059,abund,0.0,15,1
Kraken2,default,Kraken2_default,ZymoMockD6331,ZymoMockD6331,ont,D6331_Zymo,2767893,2767893,                Lentilactobacillus,Lentilactobacillus,genus,0.00043636739583658514,abund,0.0,13,0
Kraken2,default,Kraken2_default,ZymoMockD6331,ZymoMockD6331,ont,D6331_Zymo,2767889,2767889,                Loigolactobacillus,Loigolactobacillus,genus,0.00040280067307992473,abund,0.0,12,0
Kraken2,default,Kraken2_default,ZymoMockD6331,ZymoMockD6331,ont,D6331_Zymo,2767878,2767878,                Bombilactobacillus,Bombilactobacillus,genus,0.00016783361378330195,abund,0.0,5,0
Kraken2,default,Kraken2_default,ZymoMockD6331,ZymoMockD6331,ont,D6331_Zymo,2767877,2767877,                Apilactobacillus,Apilactobacillus,genus,0.00016783361378330195,abund,0.0,5,0
Kraken2,default,Kraken2_default,ZymoMockD6331,ZymoMockD6331,ont,D6331_Zymo,2767892,2767892,                Secundilactobacillus,Secundilactobacillus,genus,0.00016783361378330195,abund,0.0,5,0
Kraken2,default,Kraken2_default,ZymoMockD6331,ZymoMockD6331,ont,D6331_Zymo,2767874,2767874,                Acetilactobacillus,Acetilactobacillus,genus,0.00010070016826998118,abund,0.0,3,0
Kraken2,default,Kraken2_default,ZymoMockD6331,ZymoMockD6331,ont,D6331_Zymo,2930384,2930384,                Periweissella,Periweissella,genus,6.713344551332078e-05,abund,0.0,2,0
Kraken2,default,Kraken2_default,ZymoMockD6331,ZymoMockD6331,ont,D6331_Zymo,2767875,2767875,                Agrilactobacillus,Agrilactobacillus,genus,6.713344551332078e-05,abund,0.0,2,0
Kraken2,default,Kraken2_default,ZymoMockD6331,ZymoMockD6331,ont,D6331_Zymo,2767891,2767891,                Schleiferilactobacillus,Schleiferilactobacillus,genus,3.356672275666039e-05,abund,0.0,1,0
Kraken2,default,Kraken2_default,ZymoMockD6331,ZymoMockD6331,ont,D6331_Zymo,2978367,2978367,                Nicoliella,Nicoliella,genus,3.356672275666039e-05,abund,0.0,1,0
Kraken2,default,Kraken2_default,ZymoMockD6331,ZymoMockD6331,ont,D6331_Zymo,3118928,3118928,                Xylocopilactobacillus,Xylocopilactobacillus,genus,3.356672275666039e-05,abund,0.0,1,0
Kraken2,default,Kraken2_default,ZymoMockD6331,ZymoMockD6331,ont,D6331_Zymo,2767882,2767882,                Furfurilactobacillus,Furfurilactobacillus,genus,3.356672275666039e-05,abund,0.0,1,0
Kraken2,default,Kraken2_default,ZymoMockD6331,ZymoMockD6331,ont,D6331_Zymo,2767880,2767880,                Dellaglioa,Dellaglioa,genus,3.356672275666039e-05,abund,0.0,1,0
Kraken2,default,Kraken2_default,ZymoMockD6331,ZymoMockD6331,ont,D6331_Zymo,46254,46254,                Oenococcus,Oenococcus,genus,3.356672275666039e-05,abund,0.0,1,0
Kraken2,default,Kraken2_default,ZymoMockD6331,ZymoMockD6331,ont,D6331_Zymo,1350,1350,                Enterococcus,Enterococcus,genus,0.009432249094621571,abund,0.01,281,21
Kraken2,default,Kraken2_default,ZymoMockD6331,ZymoMockD6331,ont,D6331_Zymo,2737,2737,                Vagococcus,Vagococcus,genus,0.0006713344551332078,abund,0.0,20,0
Kraken2,default,Kraken2_default,ZymoMockD6331,ZymoMockD6331,ont,D6331_Zymo,51668,51668,                Tetragenococcus,Tetragenococcus,genus,0.00023496705929662275,abund,0.0,7,0
Kraken2,default,Kraken2_default,ZymoMockD6331,ZymoMockD6331,ont,D6331_Zymo,33969,33969,                Melissococcus,Melissococcus,genus,0.00013426689102664157,abund,0.0,4,0
Kraken2,default,Kraken2_default,ZymoMockD6331,ZymoMockD6331,ont,D6331_Zymo,1301,1301,                Streptococcus,Streptococcus,genus,0.007787479679545211,abund,0.01,232,48
Kraken2,default,Kraken2_default,ZymoMockD6331,ZymoMockD6331,ont,D6331_Zymo,1357,1357,                Lactococcus,Lactococcus,genus,0.0007384679006465286,abund,0.0,22,5
Kraken2,default,Kraken2_default,ZymoMockD6331,ZymoMockD6331,ont,D6331_Zymo,2747,2747,                Carnobacterium,Carnobacterium,genus,0.0006713344551332078,abund,0.0,20,2
Kraken2,default,Kraken2_default,ZymoMockD6331,ZymoMockD6331,ont,D6331_Zymo,1470540,1470540,                Jeotgalibaca,Jeotgalibaca,genus,0.00030210050480994355,abund,0.0,9,0
Kraken2,default,Kraken2_default,ZymoMockD6331,ZymoMockD6331,ont,D6331_Zymo,117563,117563,                Granulicatella,Granulicatella,genus,0.00023496705929662275,abund,0.0,7,0
Kraken2,default,Kraken2_default,ZymoMockD6331,ZymoMockD6331,ont,D6331_Zymo,29393,29393,                Dolosigranulum,Dolosigranulum,genus,0.00010070016826998118,abund,0.0,3,0
Kraken2,default,Kraken2_default,ZymoMockD6331,ZymoMockD6331,ont,D6331_Zymo,82802,82802,                Trichococcus,Trichococcus,genus,3.356672275666039e-05,abund,0.0,1,0
Kraken2,default,Kraken2_default,ZymoMockD6331,ZymoMockD6331,ont,D6331_Zymo,191769,191769,                Marinilactibacillus,Marinilactibacillus,genus,3.356672275666039e-05,abund,0.0,1,0
Kraken2,default,Kraken2_default,ZymoMockD6331,ZymoMockD6331,ont,D6331_Zymo,1375,1375,                Aerococcus,Aerococcus,genus,0.0003692339503232643,abund,0.0,11,0
Kraken2,default,Kraken2_default,ZymoMockD6331,ZymoMockD6331,ont,D6331_Zymo,89092,89092,                Ignavigranum,Ignavigranum,genus,0.00026853378205328313,abund,0.0,8,0
Kraken2,default,Kraken2_default,ZymoMockD6331,ZymoMockD6331,ont,D6331_Zymo,13075,13075,                Globicatella,Globicatella,genus,6.713344551332078e-05,abund,0.0,2,1
Kraken2,default,Kraken2_default,ZymoMockD6331,ZymoMockD6331,ont,D6331_Zymo,66831,66831,                Facklamia,Facklamia,genus,3.356672275666039e-05,abund,0.0,1,0
Kraken2,default,Kraken2_default,ZymoMockD6331,ZymoMockD6331,ont,D6331_Zymo,2862144,2862144,                Ruoffia,Ruoffia,genus,3.356672275666039e-05,abund,0.0,1,0
Kraken2,default,Kraken2_default,ZymoMockD6331,ZymoMockD6331,ont,D6331_Zymo,1386,1386,                Bacillus,Bacillus,genus,0.021113468613939385,abund,0.02,629,46
Kraken2,default,Kraken2_default,ZymoMockD6331,ZymoMockD6331,ont,D6331_Zymo,400634,400634,                Lysinibacillus,Lysinibacillus,genus,0.001879736474372982,abund,0.0,56,10
Kraken2,default,Kraken2_default,ZymoMockD6331,ZymoMockD6331,ont,D6331_Zymo,2800373,2800373,                Priestia,Priestia,genus,0.0013762356330230762,abund,0.0,41,13
Kraken2,default,Kraken2_default,ZymoMockD6331,ZymoMockD6331,ont,D6331_Zymo,2675232,2675232,                Neobacillus,Neobacillus,genus,0.0012419687419964345,abund,0.0,37,1
Kraken2,default,Kraken2_default,ZymoMockD6331,ZymoMockD6331,ont,D6331_Zymo,84406,84406,                Virgibacillus,Virgibacillus,genus,0.0011748352964831136,abund,0.0,35,16
Kraken2,default,Kraken2_default,ZymoMockD6331,ZymoMockD6331,ont,D6331_Zymo,2675229,2675229,                Peribacillus,Peribacillus,genus,0.001107701850969793,abund,0.0,33,1
Kraken2,default,Kraken2_default,ZymoMockD6331,ZymoMockD6331,ont,D6331_Zymo,182709,182709,                Oceanobacillus,Oceanobacillus,genus,0.0010070016826998118,abund,0.0,30,1
Kraken2,default,Kraken2_default,ZymoMockD6331,ZymoMockD6331,ont,D6331_Zymo,1221880,1221880,                Psychrobacillus,Psychrobacillus,genus,0.0006377677323765474,abund,0.0,19,1
Kraken2,default,Kraken2_default,ZymoMockD6331,ZymoMockD6331,ont,D6331_Zymo,2837511,2837511,                Sutcliffiella,Sutcliffiella,genus,0.0006377677323765474,abund,0.0,19,2
Kraken2,default,Kraken2_default,ZymoMockD6331,ZymoMockD6331,ont,D6331_Zymo,2837506,2837506,                Niallia,Niallia,genus,0.0004699341185932455,abund,0.0,14,0
Kraken2,default,Kraken2_default,ZymoMockD6331,ZymoMockD6331,ont,D6331_Zymo,2675233,2675233,                Metabacillus,Metabacillus,genus,0.0003356672275666039,abund,0.0,10,5
Kraken2,default,Kraken2_default,ZymoMockD6331,ZymoMockD6331,ont,D6331_Zymo,1329200,1329200,                Fictibacillus,Fictibacillus,genus,0.00030210050480994355,abund,0.0,9,0
Kraken2,default,Kraken2_default,ZymoMockD6331,ZymoMockD6331,ont,D6331_Zymo,2837504,2837504,                Heyndrickxia,Heyndrickxia,genus,0.00023496705929662275,abund,0.0,7,1
Kraken2,default,Kraken2_default,ZymoMockD6331,ZymoMockD6331,ont,D6331_Zymo,2675231,2675231,                Mesobacillus,Mesobacillus,genus,0.00023496705929662275,abund,0.0,7,0
Kraken2,default,Kraken2_default,ZymoMockD6331,ZymoMockD6331,ont,D6331_Zymo,2675230,2675230,                Cytobacillus,Cytobacillus,genus,0.00023496705929662275,abund,0.0,7,2
Kraken2,default,Kraken2_default,ZymoMockD6331,ZymoMockD6331,ont,D6331_Zymo,175304,175304,                Lentibacillus,Lentibacillus,genus,0.00020140033653996236,abund,0.0,6,0
Kraken2,default,Kraken2_default,ZymoMockD6331,ZymoMockD6331,ont,D6331_Zymo,74385,74385,                Gracilibacillus,Gracilibacillus,genus,0.00020140033653996236,abund,0.0,6,0
Kraken2,default,Kraken2_default,ZymoMockD6331,ZymoMockD6331,ont,D6331_Zymo,45667,45667,                Halobacillus,Halobacillus,genus,0.00020140033653996236,abund,0.0,6,0
Kraken2,default,Kraken2_default,ZymoMockD6331,ZymoMockD6331,ont,D6331_Zymo,2893058,2893058,                Pseudalkalibacillus,Pseudalkalibacillus,genus,0.00020140033653996236,abund,0.0,6,0
Kraken2,default,Kraken2_default,ZymoMockD6331,ZymoMockD6331,ont,D6331_Zymo,2893057,2893057,                Shouchella,Shouchella,genus,0.00016783361378330195,abund,0.0,5,1
Kraken2,default,Kraken2_default,ZymoMockD6331,ZymoMockD6331,ont,D6331_Zymo,2837507,2837507,                Robertmurraya,Robertmurraya,genus,0.00013426689102664157,abund,0.0,4,0
Kraken2,default,Kraken2_default,ZymoMockD6331,ZymoMockD6331,ont,D6331_Zymo,2675234,2675234,                Alkalihalobacillus,Alkalihalobacillus,genus,0.00013426689102664157,abund,0.0,4,0
Kraken2,default,Kraken2_default,ZymoMockD6331,ZymoMockD6331,ont,D6331_Zymo,289201,289201,                Pontibacillus,Pontibacillus,genus,0.00013426689102664157,abund,0.0,4,0
Kraken2,default,Kraken2_default,ZymoMockD6331,ZymoMockD6331,ont,D6331_Zymo,2837510,2837510,                Siminovitchia,Siminovitchia,genus,0.00010070016826998118,abund,0.0,3,0
Kraken2,default,Kraken2_default,ZymoMockD6331,ZymoMockD6331,ont,D6331_Zymo,459532,459532,                Terribacillus,Terribacillus,genus,0.00010070016826998118,abund,0.0,3,0
Kraken2,default,Kraken2_default,ZymoMockD6331,ZymoMockD6331,ont,D6331_Zymo,200903,200903,                Paraliobacillus,Paraliobacillus,genus,0.00010070016826998118,abund,0.0,3,0
Kraken2,default,Kraken2_default,ZymoMockD6331,ZymoMockD6331,ont,D6331_Zymo,1055323,1055323,                Aeribacillus,Aeribacillus,genus,6.713344551332078e-05,abund,0.0,2,1
Kraken2,default,Kraken2_default,ZymoMockD6331,ZymoMockD6331,ont,D6331_Zymo,484508,484508,                Ornithinibacillus,Ornithinibacillus,genus,6.713344551332078e-05,abund,0.0,2,0
Kraken2,default,Kraken2_default,ZymoMockD6331,ZymoMockD6331,ont,D6331_Zymo,2893060,2893060,                Alkalihalophilus,Alkalihalophilus,genus,6.713344551332078e-05,abund,0.0,2,0
Kraken2,default,Kraken2_default,ZymoMockD6331,ZymoMockD6331,ont,D6331_Zymo,3034001,3034001,                Caldifermentibacillus,Caldifermentibacillus,genus,6.713344551332078e-05,abund,0.0,2,0
Kraken2,default,Kraken2_default,ZymoMockD6331,ZymoMockD6331,ont,D6331_Zymo,2837503,2837503,                Gottfriedia,Gottfriedia,genus,6.713344551332078e-05,abund,0.0,2,0
Kraken2,default,Kraken2_default,ZymoMockD6331,ZymoMockD6331,ont,D6331_Zymo,2837502,2837502,                Ectobacillus,Ectobacillus,genus,6.713344551332078e-05,abund,0.0,2,0
Kraken2,default,Kraken2_default,ZymoMockD6331,ZymoMockD6331,ont,D6331_Zymo,2785518,2785518,                Radiobacillus,Radiobacillus,genus,6.713344551332078e-05,abund,0.0,2,0
Kraken2,default,Kraken2_default,ZymoMockD6331,ZymoMockD6331,ont,D6331_Zymo,2685905,2685905,                Salicibibacter,Salicibibacter,genus,6.713344551332078e-05,abund,0.0,2,0
Kraken2,default,Kraken2_default,ZymoMockD6331,ZymoMockD6331,ont,D6331_Zymo,2837508,2837508,                Rossellomorea,Rossellomorea,genus,3.356672275666039e-05,abund,0.0,1,0
Kraken2,default,Kraken2_default,ZymoMockD6331,ZymoMockD6331,ont,D6331_Zymo,2837485,2837485,                Evansella,Evansella,genus,3.356672275666039e-05,abund,0.0,1,0
Kraken2,default,Kraken2_default,ZymoMockD6331,ZymoMockD6331,ont,D6331_Zymo,331654,331654,                Alkalibacillus,Alkalibacillus,genus,3.356672275666039e-05,abund,0.0,1,0
Kraken2,default,Kraken2_default,ZymoMockD6331,ZymoMockD6331,ont,D6331_Zymo,379065,379065,                Caldalkalibacillus,Caldalkalibacillus,genus,3.356672275666039e-05,abund,0.0,1,0
Kraken2,default,Kraken2_default,ZymoMockD6331,ZymoMockD6331,ont,D6331_Zymo,1884449,1884449,                Salipaludibacillus,Salipaludibacillus,genus,3.356672275666039e-05,abund,0.0,1,0
Kraken2,default,Kraken2_default,ZymoMockD6331,ZymoMockD6331,ont,D6331_Zymo,1434042,1434042,                Salisediminibacterium,Salisediminibacterium,genus,3.356672275666039e-05,abund,0.0,1,0
Kraken2,default,Kraken2_default,ZymoMockD6331,ZymoMockD6331,ont,D6331_Zymo,1433999,1433999,                Domibacillus,Domibacillus,genus,3.356672275666039e-05,abund,0.0,1,0
Kraken2,default,Kraken2_default,ZymoMockD6331,ZymoMockD6331,ont,D6331_Zymo,704093,704093,                Anaerobacillus,Anaerobacillus,genus,3.356672275666039e-05,abund,0.0,1,0
Kraken2,default,Kraken2_default,ZymoMockD6331,ZymoMockD6331,ont,D6331_Zymo,1279,1279,                Staphylococcus,Staphylococcus,genus,0.005404242363822323,abund,0.01,161,25
Kraken2,default,Kraken2_default,ZymoMockD6331,ZymoMockD6331,ont,D6331_Zymo,69965,69965,                Macrococcus,Macrococcus,genus,0.0006042010096198871,abund,0.0,18,0
Kraken2,default,Kraken2_default,ZymoMockD6331,ZymoMockD6331,ont,D6331_Zymo,2803850,2803850,                Mammaliicoccus,Mammaliicoccus,genus,0.0005706342868632267,abund,0.0,17,0
Kraken2,default,Kraken2_default,ZymoMockD6331,ZymoMockD6331,ont,D6331_Zymo,3076173,3076173,                Macrococcoides,Macrococcoides,genus,0.00030210050480994355,abund,0.0,9,0
Kraken2,default,Kraken2_default,ZymoMockD6331,ZymoMockD6331,ont,D6331_Zymo,489909,489909,                Nosocomiicoccus,Nosocomiicoccus,genus,0.00020140033653996236,abund,0.0,6,0
Kraken2,default,Kraken2_default,ZymoMockD6331,ZymoMockD6331,ont,D6331_Zymo,45669,45669,                Salinicoccus,Salinicoccus,genus,0.00016783361378330195,abund,0.0,5,0
Kraken2,default,Kraken2_default,ZymoMockD6331,ZymoMockD6331,ont,D6331_Zymo,227979,227979,                Jeotgalicoccus,Jeotgalicoccus,genus,6.713344551332078e-05,abund,0.0,2,0
Kraken2,default,Kraken2_default,ZymoMockD6331,ZymoMockD6331,ont,D6331_Zymo,44249,44249,                Paenibacillus,Paenibacillus,genus,0.003457372443936021,abund,0.0,103,9
Kraken2,default,Kraken2_default,ZymoMockD6331,ZymoMockD6331,ont,D6331_Zymo,55080,55080,                Brevibacillus,Brevibacillus,genus,0.0006377677323765474,abund,0.0,19,0
Kraken2,default,Kraken2_default,ZymoMockD6331,ZymoMockD6331,ont,D6331_Zymo,329857,329857,                Cohnella,Cohnella,genus,0.00023496705929662275,abund,0.0,7,0
Kraken2,default,Kraken2_default,ZymoMockD6331,ZymoMockD6331,ont,D6331_Zymo,55079,55079,                  Aneurinibacillus,Aneurinibacillus,genus,0.00016783361378330195,abund,0.0,5,0
Kraken2,default,Kraken2_default,ZymoMockD6331,ZymoMockD6331,ont,D6331_Zymo,2994560,2994560,                Candidatus Pristimantibacillus,Candidatus Pristimantibacillus,genus,0.00016783361378330195,abund,0.0,5,0
Kraken2,default,Kraken2_default,ZymoMockD6331,ZymoMockD6331,ont,D6331_Zymo,456492,456492,                Saccharibacillus,Saccharibacillus,genus,3.356672275666039e-05,abund,0.0,1,0
Kraken2,default,Kraken2_default,ZymoMockD6331,ZymoMockD6331,ont,D6331_Zymo,1569,1569,                Sporosarcina,Sporosarcina,genus,0.0009734349599431514,abund,0.0,29,2
Kraken2,default,Kraken2_default,ZymoMockD6331,ZymoMockD6331,ont,D6331_Zymo,1372,1372,                Planococcus,Planococcus,genus,0.0005035008413499059,abund,0.0,15,5
Kraken2,default,Kraken2_default,ZymoMockD6331,ZymoMockD6331,ont,D6331_Zymo,160795,160795,                Ureibacillus,Ureibacillus,genus,0.0004699341185932455,abund,0.0,14,0
Kraken2,default,Kraken2_default,ZymoMockD6331,ZymoMockD6331,ont,D6331_Zymo,648800,648800,                Solibacillus,Solibacillus,genus,0.00026853378205328313,abund,0.0,8,0
Kraken2,default,Kraken2_default,ZymoMockD6331,ZymoMockD6331,ont,D6331_Zymo,651660,651660,                Paenisporosarcina,Paenisporosarcina,genus,0.00026853378205328313,abund,0.0,8,0
Kraken2,default,Kraken2_default,ZymoMockD6331,ZymoMockD6331,ont,D6331_Zymo,496496,496496,                Viridibacillus,Viridibacillus,genus,0.00023496705929662275,abund,0.0,7,0
Kraken2,default,Kraken2_default,ZymoMockD6331,ZymoMockD6331,ont,D6331_Zymo,889388,889388,                Chryseomicrobium,Chryseomicrobium,genus,0.00020140033653996236,abund,0.0,6,0
Kraken2,default,Kraken2_default,ZymoMockD6331,ZymoMockD6331,ont,D6331_Zymo,1649,1649,                Kurthia,Kurthia,genus,3.356672275666039e-05,abund,0.0,1,0
Kraken2,default,Kraken2_default,ZymoMockD6331,ZymoMockD6331,ont,D6331_Zymo,648802,648802,                Rummeliibacillus,Rummeliibacillus,genus,3.356672275666039e-05,abund,0.0,1,0
Kraken2,default,Kraken2_default,ZymoMockD6331,ZymoMockD6331,ont,D6331_Zymo,1637,1637,                Listeria,Listeria,genus,0.000772034623403189,abund,0.0,23,3
Kraken2,default,Kraken2_default,ZymoMockD6331,ZymoMockD6331,ont,D6331_Zymo,2755,2755,                Brochothrix,Brochothrix,genus,0.00023496705929662275,abund,0.0,7,0
Kraken2,default,Kraken2_default,ZymoMockD6331,ZymoMockD6331,ont,D6331_Zymo,29330,29330,                Alicyclobacillus,Alicyclobacillus,genus,0.00030210050480994355,abund,0.0,9,0
Kraken2,default,Kraken2_default,ZymoMockD6331,ZymoMockD6331,ont,D6331_Zymo,432330,432330,                Tumebacillus,Tumebacillus,genus,0.00016783361378330195,abund,0.0,5,5
Kraken2,default,Kraken2_default,ZymoMockD6331,ZymoMockD6331,ont,D6331_Zymo,3156481,3156481,                Fodinisporobacter,Fodinisporobacter,genus,3.356672275666039e-05,abund,0.0,1,0
Kraken2,default,Kraken2_default,ZymoMockD6331,ZymoMockD6331,ont,D6331_Zymo,150247,150247,                Anoxybacillus,Anoxybacillus,genus,0.00010070016826998118,abund,0.0,3,0
Kraken2,default,Kraken2_default,ZymoMockD6331,ZymoMockD6331,ont,D6331_Zymo,1906945,1906945,                Parageobacillus,Parageobacillus,genus,0.00010070016826998118,abund,0.0,3,0
Kraken2,default,Kraken2_default,ZymoMockD6331,ZymoMockD6331,ont,D6331_Zymo,129337,129337,                Geobacillus,Geobacillus,genus,6.713344551332078e-05,abund,0.0,2,1
Kraken2,default,Kraken2_default,ZymoMockD6331,ZymoMockD6331,ont,D6331_Zymo,3390020,3390020,                Thermaerobacillus,Thermaerobacillus,genus,6.713344551332078e-05,abund,0.0,2,0
Kraken2,default,Kraken2_default,ZymoMockD6331,ZymoMockD6331,ont,D6331_Zymo,29395,29395,                Saccharococcus,Saccharococcus,genus,3.356672275666039e-05,abund,0.0,1,0
Kraken2,default,Kraken2_default,ZymoMockD6331,ZymoMockD6331,ont,D6331_Zymo,3389905,3389905,                Anoxybacteroides,Anoxybacteroides,genus,3.356672275666039e-05,abund,0.0,1,0
Kraken2,default,Kraken2_default,ZymoMockD6331,ZymoMockD6331,ont,D6331_Zymo,1955413,1955413,                Abyssicoccus,Abyssicoccus,genus,0.00023496705929662275,abund,0.0,7,0
Kraken2,default,Kraken2_default,ZymoMockD6331,ZymoMockD6331,ont,D6331_Zymo,1348505,1348505,                Polycladomyces,Polycladomyces,genus,0.00016783361378330195,abund,0.0,5,0
Kraken2,default,Kraken2_default,ZymoMockD6331,ZymoMockD6331,ont,D6331_Zymo,292635,292635,                Laceyella,Laceyella,genus,3.356672275666039e-05,abund,0.0,1,0
Kraken2,default,Kraken2_default,ZymoMockD6331,ZymoMockD6331,ont,D6331_Zymo,2077,2077,                Sporolactobacillus,Sporolactobacillus,genus,0.00013426689102664157,abund,0.0,4,0
Kraken2,default,Kraken2_default,ZymoMockD6331,ZymoMockD6331,ont,D6331_Zymo,475230,475230,                Pullulanibacillus,Pullulanibacillus,genus,3.356672275666039e-05,abund,0.0,1,0
Kraken2,default,Kraken2_default,ZymoMockD6331,ZymoMockD6331,ont,D6331_Zymo,1378,1378,                Gemella,Gemella,genus,0.00016783361378330195,abund,0.0,5,0
Kraken2,default,Kraken2_default,ZymoMockD6331,ZymoMockD6331,ont,D6331_Zymo,33986,33986,                  Exiguobacterium,Exiguobacterium,genus,0.00013426689102664157,abund,0.0,4,0
Kraken2,default,Kraken2_default,ZymoMockD6331,ZymoMockD6331,ont,D6331_Zymo,31983,31983,                Helcococcus,Helcococcus,genus,0.0004699341185932455,abund,0.0,14,0
Kraken2,default,Kraken2_default,ZymoMockD6331,ZymoMockD6331,ont,D6331_Zymo,162289,162289,                Peptoniphilus,Peptoniphilus,genus,0.00040280067307992473,abund,0.0,12,0
Kraken2,default,Kraken2_default,ZymoMockD6331,ZymoMockD6331,ont,D6331_Zymo,165779,165779,                Anaerococcus,Anaerococcus,genus,0.00023496705929662275,abund,0.0,7,0
Kraken2,default,Kraken2_default,ZymoMockD6331,ZymoMockD6331,ont,D6331_Zymo,150022,150022,                Finegoldia,Finegoldia,genus,0.00016783361378330195,abund,0.0,5,0
Kraken2,default,Kraken2_default,ZymoMockD6331,ZymoMockD6331,ont,D6331_Zymo,543311,543311,                Parvimonas,Parvimonas,genus,0.00013426689102664157,abund,0.0,4,0
Kraken2,default,Kraken2_default,ZymoMockD6331,ZymoMockD6331,ont,D6331_Zymo,1161127,1161127,                Murdochiella,Murdochiella,genus,3.356672275666039e-05,abund,0.0,1,0
Kraken2,default,Kraken2_default,ZymoMockD6331,ZymoMockD6331,ont,D6331_Zymo,41273,41273,                Tissierella,Tissierella,genus,0.00016783361378330195,abund,0.0,5,0
Kraken2,default,Kraken2_default,ZymoMockD6331,ZymoMockD6331,ont,D6331_Zymo,2692382,2692382,                Gudongella,Gudongella,genus,0.00010070016826998118,abund,0.0,3,0
Kraken2,default,Kraken2_default,ZymoMockD6331,ZymoMockD6331,ont,D6331_Zymo,1505664,1505664,                Gottschalkia,Gottschalkia,genus,0.00016783361378330195,abund,0.0,5,0
Kraken2,default,Kraken2_default,ZymoMockD6331,ZymoMockD6331,ont,D6331_Zymo,171003,171003,                Caloranaerobacter,Caloranaerobacter,genus,0.00013426689102664157,abund,0.0,4,0
Kraken2,default,Kraken2_default,ZymoMockD6331,ZymoMockD6331,ont,D6331_Zymo,165812,165812,                Sporanaerobacter,Sporanaerobacter,genus,6.713344551332078e-05,abund,0.0,2,0
Kraken2,default,Kraken2_default,ZymoMockD6331,ZymoMockD6331,ont,D6331_Zymo,2992720,2992720,                Acidilutibacter,Acidilutibacter,genus,3.356672275666039e-05,abund,0.0,1,0
Kraken2,default,Kraken2_default,ZymoMockD6331,ZymoMockD6331,ont,D6331_Zymo,1354809,1354809,                Keratinibaculum,Keratinibaculum,genus,3.356672275666039e-05,abund,0.0,1,0
Kraken2,default,Kraken2_default,ZymoMockD6331,ZymoMockD6331,ont,D6331_Zymo,190972,190972,              Sedimentibacter,Sedimentibacter,genus,0.00016783361378330195,abund,0.0,5,0
Kraken2,default,Kraken2_default,ZymoMockD6331,ZymoMockD6331,ont,D6331_Zymo,1582879,1582879,              Ezakiella,Ezakiella,genus,6.713344551332078e-05,abund,0.0,2,0
Kraken2,default,Kraken2_default,ZymoMockD6331,ZymoMockD6331,ont,D6331_Zymo,1918536,1918536,                Longicatena,Longicatena,genus,0.00023496705929662275,abund,0.0,7,0
Kraken2,default,Kraken2_default,ZymoMockD6331,ZymoMockD6331,ont,D6331_Zymo,123375,123375,                Solobacterium,Solobacterium,genus,0.00016783361378330195,abund,0.0,5,0
Kraken2,default,Kraken2_default,ZymoMockD6331,ZymoMockD6331,ont,D6331_Zymo,2749267,2749267,                Amedibacterium,Amedibacterium,genus,0.00016783361378330195,abund,0.0,5,0
Kraken2,default,Kraken2_default,ZymoMockD6331,ZymoMockD6331,ont,D6331_Zymo,3059504,3059504,                Allocoprobacillus,Allocoprobacillus,genus,0.00013426689102664157,abund,0.0,4,0
Kraken2,default,Kraken2_default,ZymoMockD6331,ZymoMockD6331,ont,D6331_Zymo,61170,61170,                Holdemania,Holdemania,genus,0.00010070016826998118,abund,0.0,3,0
Kraken2,default,Kraken2_default,ZymoMockD6331,ZymoMockD6331,ont,D6331_Zymo,1647,1647,                Erysipelothrix,Erysipelothrix,genus,6.713344551332078e-05,abund,0.0,2,0
Kraken2,default,Kraken2_default,ZymoMockD6331,ZymoMockD6331,ont,D6331_Zymo,118747,118747,                Bulleidia,Bulleidia,genus,3.356672275666039e-05,abund,0.0,1,0
Kraken2,default,Kraken2_default,ZymoMockD6331,ZymoMockD6331,ont,D6331_Zymo,174708,174708,                Allobaculum,Allobaculum,genus,3.356672275666039e-05,abund,0.0,1,0
Kraken2,default,Kraken2_default,ZymoMockD6331,ZymoMockD6331,ont,D6331_Zymo,2749846,2749846,                Amedibacillus,Amedibacillus,genus,3.356672275666039e-05,abund,0.0,1,0
Kraken2,default,Kraken2_default,ZymoMockD6331,ZymoMockD6331,ont,D6331_Zymo,3025755,3025755,                Thomasclavelia,Thomasclavelia,genus,0.0006042010096198871,abund,0.0,18,0
Kraken2,default,Kraken2_default,ZymoMockD6331,ZymoMockD6331,ont,D6331_Zymo,2678885,2678885,                Faecalibacillus,Faecalibacillus,genus,0.00020140033653996236,abund,0.0,6,0
Kraken2,default,Kraken2_default,ZymoMockD6331,ZymoMockD6331,ont,D6331_Zymo,2943184,2943184,                Tannockella,Tannockella,genus,6.713344551332078e-05,abund,0.0,2,0
Kraken2,default,Kraken2_default,ZymoMockD6331,ZymoMockD6331,ont,D6331_Zymo,135858,135858,                Catenibacterium,Catenibacterium,genus,3.356672275666039e-05,abund,0.0,1,0
Kraken2,default,Kraken2_default,ZymoMockD6331,ZymoMockD6331,ont,D6331_Zymo,191303,191303,                Turicibacter,Turicibacter,genus,0.00030210050480994355,abund,0.0,9,1
Kraken2,default,Kraken2_default,ZymoMockD6331,ZymoMockD6331,ont,D6331_Zymo,44000,44000,                Caldicellulosiruptor,Caldicellulosiruptor,genus,0.0008727347916731703,abund,0.0,26,6
Kraken2,default,Kraken2_default,ZymoMockD6331,ZymoMockD6331,ont,D6331_Zymo,1678,1678,                Bifidobacterium,Bifidobacterium,genus,4.036029177538089,abund,4.04,120239,46596
Kraken2,default,Kraken2_default,ZymoMockD6331,ZymoMockD6331,ont,D6331_Zymo,419014,419014,                Alloscardovia,Alloscardovia,genus,6.713344551332078e-05,abund,0.0,2,0
Kraken2,default,Kraken2_default,ZymoMockD6331,ZymoMockD6331,ont,D6331_Zymo,2701,2701,                Gardnerella,Gardnerella,genus,3.356672275666039e-05,abund,0.0,1,0
Kraken2,default,Kraken2_default,ZymoMockD6331,ZymoMockD6331,ont,D6331_Zymo,1654,1654,                Actinomyces,Actinomyces,genus,0.024268740553065462,abund,0.02,723,1
Kraken2,default,Kraken2_default,ZymoMockD6331,ZymoMockD6331,ont,D6331_Zymo,2529408,2529408,                Schaalia,Schaalia,genus,0.0003692339503232643,abund,0.0,11,0
Kraken2,default,Kraken2_default,ZymoMockD6331,ZymoMockD6331,ont,D6331_Zymo,2692113,2692113,                Gleimia,Gleimia,genus,0.00010070016826998118,abund,0.0,3,0
Kraken2,default,Kraken2_default,ZymoMockD6331,ZymoMockD6331,ont,D6331_Zymo,1069494,1069494,                Trueperella,Trueperella,genus,6.713344551332078e-05,abund,0.0,2,0
Kraken2,default,Kraken2_default,ZymoMockD6331,ZymoMockD6331,ont,D6331_Zymo,2050,2050,                Mobiluncus,Mobiluncus,genus,3.356672275666039e-05,abund,0.0,1,0
Kraken2,default,Kraken2_default,ZymoMockD6331,ZymoMockD6331,ont,D6331_Zymo,1883,1883,                Streptomyces,Streptomyces,genus,0.004430807403879172,abund,0.0,132,32
Kraken2,default,Kraken2_default,ZymoMockD6331,ZymoMockD6331,ont,D6331_Zymo,2063,2063,                Kitasatospora,Kitasatospora,genus,0.00013426689102664157,abund,0.0,4,0
Kraken2,default,Kraken2_default,ZymoMockD6331,ZymoMockD6331,ont,D6331_Zymo,1763,1763,                Mycobacterium,Mycobacterium,genus,0.0003356672275666039,abund,0.0,10,0
Kraken2,default,Kraken2_default,ZymoMockD6331,ZymoMockD6331,ont,D6331_Zymo,1866885,1866885,                Mycolicibacterium,Mycolicibacterium,genus,0.00023496705929662275,abund,0.0,7,1
Kraken2,default,Kraken2_default,ZymoMockD6331,ZymoMockD6331,ont,D6331_Zymo,2126281,2126281,                Mycolicibacillus,Mycolicibacillus,genus,0.00020140033653996236,abund,0.0,6,0
Kraken2,default,Kraken2_default,ZymoMockD6331,ZymoMockD6331,ont,D6331_Zymo,670516,670516,                Mycobacteroides,Mycobacteroides,genus,3.356672275666039e-05,abund,0.0,1,0
Kraken2,default,Kraken2_default,ZymoMockD6331,ZymoMockD6331,ont,D6331_Zymo,1716,1716,                Corynebacterium,Corynebacterium,genus,0.000772034623403189,abund,0.0,23,1
Kraken2,default,Kraken2_default,ZymoMockD6331,ZymoMockD6331,ont,D6331_Zymo,1827,1827,                Rhodococcus,Rhodococcus,genus,0.0005706342868632267,abund,0.0,17,5
Kraken2,default,Kraken2_default,ZymoMockD6331,ZymoMockD6331,ont,D6331_Zymo,1817,1817,                Nocardia,Nocardia,genus,0.00010070016826998118,abund,0.0,3,0
Kraken2,default,Kraken2_default,ZymoMockD6331,ZymoMockD6331,ont,D6331_Zymo,37914,37914,                Dietzia,Dietzia,genus,0.00020140033653996236,abund,0.0,6,0
Kraken2,default,Kraken2_default,ZymoMockD6331,ZymoMockD6331,ont,D6331_Zymo,2053,2053,                Gordonia,Gordonia,genus,6.713344551332078e-05,abund,0.0,2,0
Kraken2,default,Kraken2_default,ZymoMockD6331,ZymoMockD6331,ont,D6331_Zymo,2060,2060,                Tsukamurella,Tsukamurella,genus,3.356672275666039e-05,abund,0.0,1,0
Kraken2,default,Kraken2_default,ZymoMockD6331,ZymoMockD6331,ont,D6331_Zymo,2034,2034,                Curtobacterium,Curtobacterium,genus,0.00030210050480994355,abund,0.0,9,0
Kraken2,default,Kraken2_default,ZymoMockD6331,ZymoMockD6331,ont,D6331_Zymo,33882,33882,                Microbacterium,Microbacterium,genus,0.00030210050480994355,abund,0.0,9,0
Kraken2,default,Kraken2_default,ZymoMockD6331,ZymoMockD6331,ont,D6331_Zymo,69578,69578,                Cryobacterium,Cryobacterium,genus,0.00016783361378330195,abund,0.0,5,0
Kraken2,default,Kraken2_default,ZymoMockD6331,ZymoMockD6331,ont,D6331_Zymo,110932,110932,                Leifsonia,Leifsonia,genus,0.00010070016826998118,abund,0.0,3,0
Kraken2,default,Kraken2_default,ZymoMockD6331,ZymoMockD6331,ont,D6331_Zymo,33877,33877,                Agromyces,Agromyces,genus,3.356672275666039e-05,abund,0.0,1,0
Kraken2,default,Kraken2_default,ZymoMockD6331,ZymoMockD6331,ont,D6331_Zymo,33886,33886,                Rathayibacter,Rathayibacter,genus,3.356672275666039e-05,abund,0.0,1,0
Kraken2,default,Kraken2_default,ZymoMockD6331,ZymoMockD6331,ont,D6331_Zymo,46352,46352,                Agrococcus,Agrococcus,genus,3.356672275666039e-05,abund,0.0,1,0
Kraken2,default,Kraken2_default,ZymoMockD6331,ZymoMockD6331,ont,D6331_Zymo,235888,235888,                Salinibacterium,Salinibacterium,genus,3.356672275666039e-05,abund,0.0,1,0
Kraken2,default,Kraken2_default,ZymoMockD6331,ZymoMockD6331,ont,D6331_Zymo,1663,1663,                Arthrobacter,Arthrobacter,genus,0.00016783361378330195,abund,0.0,5,0
Kraken2,default,Kraken2_default,ZymoMockD6331,ZymoMockD6331,ont,D6331_Zymo,32207,32207,                Rothia,Rothia,genus,0.00010070016826998118,abund,0.0,3,0
Kraken2,default,Kraken2_default,ZymoMockD6331,ZymoMockD6331,ont,D6331_Zymo,1742993,1742993,                Pseudarthrobacter,Pseudarthrobacter,genus,0.00010070016826998118,abund,0.0,3,0
Kraken2,default,Kraken2_default,ZymoMockD6331,ZymoMockD6331,ont,D6331_Zymo,1645,1645,                Renibacterium,Renibacterium,genus,3.356672275666039e-05,abund,0.0,1,0
Kraken2,default,Kraken2_default,ZymoMockD6331,ZymoMockD6331,ont,D6331_Zymo,1742992,1742992,                Paenarthrobacter,Paenarthrobacter,genus,3.356672275666039e-05,abund,0.0,1,0
Kraken2,default,Kraken2_default,ZymoMockD6331,ZymoMockD6331,ont,D6331_Zymo,1742989,1742989,                Glutamicibacter,Glutamicibacter,genus,3.356672275666039e-05,abund,0.0,1,0
Kraken2,default,Kraken2_default,ZymoMockD6331,ZymoMockD6331,ont,D6331_Zymo,1696,1696,                Brevibacterium,Brevibacterium,genus,0.00030210050480994355,abund,0.0,9,0
Kraken2,default,Kraken2_default,ZymoMockD6331,ZymoMockD6331,ont,D6331_Zymo,254250,254250,                Isoptericola,Isoptericola,genus,0.00010070016826998118,abund,0.0,3,0
Kraken2,default,Kraken2_default,ZymoMockD6331,ZymoMockD6331,ont,D6331_Zymo,157920,157920,                Cellulosimicrobium,Cellulosimicrobium,genus,3.356672275666039e-05,abund,0.0,1,1
Kraken2,default,Kraken2_default,ZymoMockD6331,ZymoMockD6331,ont,D6331_Zymo,267408,267408,                Arsenicicoccus,Arsenicicoccus,genus,3.356672275666039e-05,abund,0.0,1,0
Kraken2,default,Kraken2_default,ZymoMockD6331,ZymoMockD6331,ont,D6331_Zymo,2805645,2805645,                Pedococcus,Pedococcus,genus,3.356672275666039e-05,abund,0.0,1,0
Kraken2,default,Kraken2_default,ZymoMockD6331,ZymoMockD6331,ont,D6331_Zymo,1184606,1184606,                Austwickia,Austwickia,genus,3.356672275666039e-05,abund,0.0,1,0
Kraken2,default,Kraken2_default,ZymoMockD6331,ZymoMockD6331,ont,D6331_Zymo,84756,84756,                Beutenbergia,Beutenbergia,genus,3.356672275666039e-05,abund,0.0,1,0
Kraken2,default,Kraken2_default,ZymoMockD6331,ZymoMockD6331,ont,D6331_Zymo,1873,1873,                Micromonospora,Micromonospora,genus,0.0005706342868632267,abund,0.0,17,1
Kraken2,default,Kraken2_default,ZymoMockD6331,ZymoMockD6331,ont,D6331_Zymo,1865,1865,                Actinoplanes,Actinoplanes,genus,6.713344551332078e-05,abund,0.0,2,0
Kraken2,default,Kraken2_default,ZymoMockD6331,ZymoMockD6331,ont,D6331_Zymo,203522,203522,                Longispora,Longispora,genus,6.713344551332078e-05,abund,0.0,2,0
Kraken2,default,Kraken2_default,ZymoMockD6331,ZymoMockD6331,ont,D6331_Zymo,35753,35753,                Dactylosporangium,Dactylosporangium,genus,3.356672275666039e-05,abund,0.0,1,1
Kraken2,default,Kraken2_default,ZymoMockD6331,ZymoMockD6331,ont,D6331_Zymo,338583,338583,                Polymorphospora,Polymorphospora,genus,3.356672275666039e-05,abund,0.0,1,0
Kraken2,default,Kraken2_default,ZymoMockD6331,ZymoMockD6331,ont,D6331_Zymo,390988,390988,                Actinocatenispora,Actinocatenispora,genus,3.356672275666039e-05,abund,0.0,1,0
Kraken2,default,Kraken2_default,ZymoMockD6331,ZymoMockD6331,ont,D6331_Zymo,673534,673534,                Plantactinospora,Plantactinospora,genus,3.356672275666039e-05,abund,0.0,1,0
Kraken2,default,Kraken2_default,ZymoMockD6331,ZymoMockD6331,ont,D6331_Zymo,1813,1813,                Amycolatopsis,Amycolatopsis,genus,0.00030210050480994355,abund,0.0,9,0
Kraken2,default,Kraken2_default,ZymoMockD6331,ZymoMockD6331,ont,D6331_Zymo,165301,165301,                Lentzea,Lentzea,genus,0.00010070016826998118,abund,0.0,3,0
Kraken2,default,Kraken2_default,ZymoMockD6331,ZymoMockD6331,ont,D6331_Zymo,1851,1851,                Saccharomonospora,Saccharomonospora,genus,6.713344551332078e-05,abund,0.0,2,0
Kraken2,default,Kraken2_default,ZymoMockD6331,ZymoMockD6331,ont,D6331_Zymo,1835,1835,                Saccharopolyspora,Saccharopolyspora,genus,3.356672275666039e-05,abund,0.0,1,1
Kraken2,default,Kraken2_default,ZymoMockD6331,ZymoMockD6331,ont,D6331_Zymo,1847,1847,                Pseudonocardia,Pseudonocardia,genus,3.356672275666039e-05,abund,0.0,1,0
Kraken2,default,Kraken2_default,ZymoMockD6331,ZymoMockD6331,ont,D6331_Zymo,2071,2071,                Saccharothrix,Saccharothrix,genus,3.356672275666039e-05,abund,0.0,1,0
Kraken2,default,Kraken2_default,ZymoMockD6331,ZymoMockD6331,ont,D6331_Zymo,43356,43356,                Kutzneria,Kutzneria,genus,3.356672275666039e-05,abund,0.0,1,0
Kraken2,default,Kraken2_default,ZymoMockD6331,ZymoMockD6331,ont,D6331_Zymo,583360,583360,                Umezawaea,Umezawaea,genus,3.356672275666039e-05,abund,0.0,1,0
Kraken2,default,Kraken2_default,ZymoMockD6331,ZymoMockD6331,ont,D6331_Zymo,83681,83681,                Nonomuraea,Nonomuraea,genus,0.00040280067307992473,abund,0.0,12,0
Kraken2,default,Kraken2_default,ZymoMockD6331,ZymoMockD6331,ont,D6331_Zymo,2000,2000,                Streptosporangium,Streptosporangium,genus,0.00013426689102664157,abund,0.0,4,0
Kraken2,default,Kraken2_default,ZymoMockD6331,ZymoMockD6331,ont,D6331_Zymo,1988,1988,                Actinomadura,Actinomadura,genus,3.356672275666039e-05,abund,0.0,1,0
Kraken2,default,Kraken2_default,ZymoMockD6331,ZymoMockD6331,ont,D6331_Zymo,2013,2013,                Nocardiopsis,Nocardiopsis,genus,3.356672275666039e-05,abund,0.0,1,0
Kraken2,default,Kraken2_default,ZymoMockD6331,ZymoMockD6331,ont,D6331_Zymo,182639,182639,                Kribbella,Kribbella,genus,0.00016783361378330195,abund,0.0,5,0
Kraken2,default,Kraken2_default,ZymoMockD6331,ZymoMockD6331,ont,D6331_Zymo,2040,2040,                Aeromicrobium,Aeromicrobium,genus,6.713344551332078e-05,abund,0.0,2,0
Kraken2,default,Kraken2_default,ZymoMockD6331,ZymoMockD6331,ont,D6331_Zymo,1839,1839,                Nocardioides,Nocardioides,genus,3.356672275666039e-05,abund,0.0,1,0
Kraken2,default,Kraken2_default,ZymoMockD6331,ZymoMockD6331,ont,D6331_Zymo,2044,2044,                Pimelobacter,Pimelobacter,genus,3.356672275666039e-05,abund,0.0,1,0
Kraken2,default,Kraken2_default,ZymoMockD6331,ZymoMockD6331,ont,D6331_Zymo,1912216,1912216,                Cutibacterium,Cutibacterium,genus,6.713344551332078e-05,abund,0.0,2,0
Kraken2,default,Kraken2_default,ZymoMockD6331,ZymoMockD6331,ont,D6331_Zymo,53460,53460,                Nakamurella,Nakamurella,genus,0.00013426689102664157,abund,0.0,4,0
Kraken2,default,Kraken2_default,ZymoMockD6331,ZymoMockD6331,ont,D6331_Zymo,622681,622681,                Candidatus Planktophila,Candidatus Planktophila,genus,6.713344551332078e-05,abund,0.0,2,0
Kraken2,default,Kraken2_default,ZymoMockD6331,ZymoMockD6331,ont,D6331_Zymo,1434010,1434010,                Jatrophihabitans,Jatrophihabitans,genus,3.356672275666039e-05,abund,0.0,1,0
Kraken2,default,Kraken2_default,ZymoMockD6331,ZymoMockD6331,ont,D6331_Zymo,1860,1860,                Geodermatophilus,Geodermatophilus,genus,3.356672275666039e-05,abund,0.0,1,0
Kraken2,default,Kraken2_default,ZymoMockD6331,ZymoMockD6331,ont,D6331_Zymo,2767353,2767353,                Lancefieldella,Lancefieldella,genus,0.0003356672275666039,abund,0.0,10,0
Kraken2,default,Kraken2_default,ZymoMockD6331,ZymoMockD6331,ont,D6331_Zymo,133925,133925,                Olsenella,Olsenella,genus,0.00023496705929662275,abund,0.0,7,0
Kraken2,default,Kraken2_default,ZymoMockD6331,ZymoMockD6331,ont,D6331_Zymo,84111,84111,                Eggerthella,Eggerthella,genus,0.00030210050480994355,abund,0.0,9,0
Kraken2,default,Kraken2_default,ZymoMockD6331,ZymoMockD6331,ont,D6331_Zymo,84162,84162,                Cryptobacterium,Cryptobacterium,genus,3.356672275666039e-05,abund,0.0,1,0
Kraken2,default,Kraken2_default,ZymoMockD6331,ZymoMockD6331,ont,D6331_Zymo,2815775,2815775,                Berryella,Berryella,genus,3.356672275666039e-05,abund,0.0,1,0
Kraken2,default,Kraken2_default,ZymoMockD6331,ZymoMockD6331,ont,D6331_Zymo,2983190,2983190,                Candidatus Poriferisodalis,Candidatus Poriferisodalis,genus,3.356672275666039e-05,abund,0.0,1,0
Kraken2,default,Kraken2_default,ZymoMockD6331,ZymoMockD6331,ont,D6331_Zymo,2843200,2843200,                Miltoncostaea,Miltoncostaea,genus,3.356672275666039e-05,abund,0.0,1,0
Kraken2,default,Kraken2_default,ZymoMockD6331,ZymoMockD6331,ont,D6331_Zymo,1177,1177,                  Nostoc,Nostoc,genus,0.001275535464753095,abund,0.0,38,9
Kraken2,default,Kraken2_default,ZymoMockD6331,ZymoMockD6331,ont,D6331_Zymo,1163,1163,                  Anabaena,Anabaena,genus,0.00043636739583658514,abund,0.0,13,2
Kraken2,default,Kraken2_default,ZymoMockD6331,ZymoMockD6331,ont,D6331_Zymo,264688,264688,                  Trichormus,Trichormus,genus,6.713344551332078e-05,abund,0.0,2,0
Kraken2,default,Kraken2_default,ZymoMockD6331,ZymoMockD6331,ont,D6331_Zymo,1186,1186,                  Calothrix,Calothrix,genus,0.0005035008413499059,abund,0.0,15,0
Kraken2,default,Kraken2_default,ZymoMockD6331,ZymoMockD6331,ont,D6331_Zymo,111782,111782,                  Tolypothrix,Tolypothrix,genus,0.00043636739583658514,abund,0.0,13,0
Kraken2,default,Kraken2_default,ZymoMockD6331,ZymoMockD6331,ont,D6331_Zymo,159191,159191,                  Nodularia,Nodularia,genus,0.00023496705929662275,abund,0.0,7,0
Kraken2,default,Kraken2_default,ZymoMockD6331,ZymoMockD6331,ont,D6331_Zymo,1620790,1620790,                  Halotia,Halotia,genus,3.356672275666039e-05,abund,0.0,1,0
Kraken2,default,Kraken2_default,ZymoMockD6331,ZymoMockD6331,ont,D6331_Zymo,373984,373984,                  Rivularia,Rivularia,genus,6.713344551332078e-05,abund,0.0,2,0
Kraken2,default,Kraken2_default,ZymoMockD6331,ZymoMockD6331,ont,D6331_Zymo,1123,1123,                  Chlorogloeopsis,Chlorogloeopsis,genus,6.713344551332078e-05,abund,0.0,2,0
Kraken2,default,Kraken2_default,ZymoMockD6331,ZymoMockD6331,ont,D6331_Zymo,1190,1190,                  Fischerella,Fischerella,genus,6.713344551332078e-05,abund,0.0,2,0
Kraken2,default,Kraken2_default,ZymoMockD6331,ZymoMockD6331,ont,D6331_Zymo,77021,77021,                  Cylindrospermopsis,Cylindrospermopsis,genus,3.356672275666039e-05,abund,0.0,1,0
Kraken2,default,Kraken2_default,ZymoMockD6331,ZymoMockD6331,ont,D6331_Zymo,1453359,1453359,                    Candidatus Atelocyanobacterium,Candidatus Atelocyanobacterium,genus,0.0003356672275666039,abund,0.0,10,0
Kraken2,default,Kraken2_default,ZymoMockD6331,ZymoMockD6331,ont,D6331_Zymo,263510,263510,                    Crocosphaera,Crocosphaera,genus,0.00016783361378330195,abund,0.0,5,0
Kraken2,default,Kraken2_default,ZymoMockD6331,ZymoMockD6331,ont,D6331_Zymo,28070,28070,                    Gloeothece,Gloeothece,genus,0.00010070016826998118,abund,0.0,3,0
Kraken2,default,Kraken2_default,ZymoMockD6331,ZymoMockD6331,ont,D6331_Zymo,102234,102234,                    Cyanobacterium,Cyanobacterium,genus,0.00023496705929662275,abund,0.0,7,1
Kraken2,default,Kraken2_default,ZymoMockD6331,ZymoMockD6331,ont,D6331_Zymo,669357,669357,                    Geminocystis,Geminocystis,genus,0.00013426689102664157,abund,0.0,4,0
Kraken2,default,Kraken2_default,ZymoMockD6331,ZymoMockD6331,ont,D6331_Zymo,1125,1125,                    Microcystis,Microcystis,genus,0.00013426689102664157,abund,0.0,4,0
Kraken2,default,Kraken2_default,ZymoMockD6331,ZymoMockD6331,ont,D6331_Zymo,102231,102231,                    Gloeocapsa,Gloeocapsa,genus,0.00010070016826998118,abund,0.0,3,0
Kraken2,default,Kraken2_default,ZymoMockD6331,ZymoMockD6331,ont,D6331_Zymo,693222,693222,                    Gloeocapsopsis,Gloeocapsopsis,genus,3.356672275666039e-05,abund,0.0,1,0
Kraken2,default,Kraken2_default,ZymoMockD6331,ZymoMockD6331,ont,D6331_Zymo,1205,1205,                    Trichodesmium,Trichodesmium,genus,0.00016783361378330195,abund,0.0,5,0
Kraken2,default,Kraken2_default,ZymoMockD6331,ZymoMockD6331,ont,D6331_Zymo,44471,44471,                    Microcoleus,Microcoleus,genus,0.00016783361378330195,abund,0.0,5,0
Kraken2,default,Kraken2_default,ZymoMockD6331,ZymoMockD6331,ont,D6331_Zymo,54304,54304,                    Planktothrix,Planktothrix,genus,0.00010070016826998118,abund,0.0,3,3
Kraken2,default,Kraken2_default,ZymoMockD6331,ZymoMockD6331,ont,D6331_Zymo,1492710,1492710,                    Oxynema,Oxynema,genus,0.00020140033653996236,abund,0.0,6,0
Kraken2,default,Kraken2_default,ZymoMockD6331,ZymoMockD6331,ont,D6331_Zymo,1158,1158,                    Oscillatoria,Oscillatoria,genus,6.713344551332078e-05,abund,0.0,2,0
Kraken2,default,Kraken2_default,ZymoMockD6331,ZymoMockD6331,ont,D6331_Zymo,132607,132607,                    Planktothricoides,Planktothricoides,genus,3.356672275666039e-05,abund,0.0,1,0
Kraken2,default,Kraken2_default,ZymoMockD6331,ZymoMockD6331,ont,D6331_Zymo,2596745,2596745,                    Limnospira,Limnospira,genus,0.00010070016826998118,abund,0.0,3,0
Kraken2,default,Kraken2_default,ZymoMockD6331,ZymoMockD6331,ont,D6331_Zymo,1155738,1155738,                  Moorena,Moorena,genus,0.0019468699198863027,abund,0.0,58,0
Kraken2,default,Kraken2_default,ZymoMockD6331,ZymoMockD6331,ont,D6331_Zymo,1218,1218,                  Prochlorococcus,Prochlorococcus,genus,0.0011748352964831136,abund,0.0,35,11
Kraken2,default,Kraken2_default,ZymoMockD6331,ZymoMockD6331,ont,D6331_Zymo,1129,1129,                  Synechococcus,Synechococcus,genus,0.00043636739583658514,abund,0.0,13,0
Kraken2,default,Kraken2_default,ZymoMockD6331,ZymoMockD6331,ont,D6331_Zymo,1142,1142,                  Synechocystis,Synechocystis,genus,6.713344551332078e-05,abund,0.0,2,0
Kraken2,default,Kraken2_default,ZymoMockD6331,ZymoMockD6331,ont,D6331_Zymo,2855430,2855430,                  Altericista,Altericista,genus,6.713344551332078e-05,abund,0.0,2,0
Kraken2,default,Kraken2_default,ZymoMockD6331,ZymoMockD6331,ont,D6331_Zymo,47251,47251,                    Leptolyngbya,Leptolyngbya,genus,0.0003356672275666039,abund,0.0,10,0
Kraken2,default,Kraken2_default,ZymoMockD6331,ZymoMockD6331,ont,D6331_Zymo,2917830,2917830,                  Leptothermofonsia,Leptothermofonsia,genus,0.00020140033653996236,abund,0.0,6,0
Kraken2,default,Kraken2_default,ZymoMockD6331,ZymoMockD6331,ont,D6331_Zymo,1874526,1874526,                  Kovacikia,Kovacikia,genus,0.00013426689102664157,abund,0.0,4,0
Kraken2,default,Kraken2_default,ZymoMockD6331,ZymoMockD6331,ont,D6331_Zymo,2664261,2664261,                  Leptodesmis,Leptodesmis,genus,0.00013426689102664157,abund,0.0,4,0
Kraken2,default,Kraken2_default,ZymoMockD6331,ZymoMockD6331,ont,D6331_Zymo,450526,450526,                  Trichocoleus,Trichocoleus,genus,3.356672275666039e-05,abund,0.0,1,0
Kraken2,default,Kraken2_default,ZymoMockD6331,ZymoMockD6331,ont,D6331_Zymo,155977,155977,                  Acaryochloris,Acaryochloris,genus,0.00040280067307992473,abund,0.0,12,0
Kraken2,default,Kraken2_default,ZymoMockD6331,ZymoMockD6331,ont,D6331_Zymo,146785,146785,                  Thermosynechococcus,Thermosynechococcus,genus,3.356672275666039e-05,abund,0.0,1,1
Kraken2,default,Kraken2_default,ZymoMockD6331,ZymoMockD6331,ont,D6331_Zymo,102115,102115,                  Stanieria,Stanieria,genus,0.00020140033653996236,abund,0.0,6,0
Kraken2,default,Kraken2_default,ZymoMockD6331,ZymoMockD6331,ont,D6331_Zymo,44474,44474,                  Pleurocapsa,Pleurocapsa,genus,3.356672275666039e-05,abund,0.0,1,0
Kraken2,default,Kraken2_default,ZymoMockD6331,ZymoMockD6331,ont,D6331_Zymo,241421,241421,                  Crinalium,Crinalium,genus,0.00013426689102664157,abund,0.0,4,0
Kraken2,default,Kraken2_default,ZymoMockD6331,ZymoMockD6331,ont,D6331_Zymo,217161,217161,                  Chamaesiphon,Chamaesiphon,genus,6.713344551332078e-05,abund,0.0,2,0
Kraken2,default,Kraken2_default,ZymoMockD6331,ZymoMockD6331,ont,D6331_Zymo,1152,1152,                  Pseudanabaena,Pseudanabaena,genus,0.00010070016826998118,abund,0.0,3,0
Kraken2,default,Kraken2_default,ZymoMockD6331,ZymoMockD6331,ont,D6331_Zymo,170610,170610,                  Halomicronema,Halomicronema,genus,6.713344551332078e-05,abund,0.0,2,0
Kraken2,default,Kraken2_default,ZymoMockD6331,ZymoMockD6331,ont,D6331_Zymo,13034,13034,                  Dactylococcopsis,Dactylococcopsis,genus,3.356672275666039e-05,abund,0.0,1,0
Kraken2,default,Kraken2_default,ZymoMockD6331,ZymoMockD6331,ont,D6331_Zymo,2132,2132,                Spiroplasma,Spiroplasma,genus,0.0020811368109129444,abund,0.0,62,13
Kraken2,default,Kraken2_default,ZymoMockD6331,ZymoMockD6331,ont,D6331_Zymo,46239,46239,                Mesoplasma,Mesoplasma,genus,0.0003356672275666039,abund,0.0,10,0
Kraken2,default,Kraken2_default,ZymoMockD6331,ZymoMockD6331,ont,D6331_Zymo,2919614,2919614,              Williamsoniiplasma,Williamsoniiplasma,genus,6.713344551332078e-05,abund,0.0,2,0
Kraken2,default,Kraken2_default,ZymoMockD6331,ZymoMockD6331,ont,D6331_Zymo,2093,2093,                Mycoplasma,Mycoplasma,genus,0.0013762356330230762,abund,0.0,41,0
Kraken2,default,Kraken2_default,ZymoMockD6331,ZymoMockD6331,ont,D6331_Zymo,295595,295595,                Candidatus Hepatoplasma,Candidatus Hepatoplasma,genus,6.713344551332078e-05,abund,0.0,2,0
Kraken2,default,Kraken2_default,ZymoMockD6331,ZymoMockD6331,ont,D6331_Zymo,2903105,2903105,                Alteracholeplasma,Alteracholeplasma,genus,0.00013426689102664157,abund,0.0,4,0
Kraken2,default,Kraken2_default,ZymoMockD6331,ZymoMockD6331,ont,D6331_Zymo,33926,33926,                Candidatus Phytoplasma,Candidatus Phytoplasma,genus,6.713344551332078e-05,abund,0.0,2,0
Kraken2,default,Kraken2_default,ZymoMockD6331,ZymoMockD6331,ont,D6331_Zymo,2903107,2903107,                Paracholeplasma,Paracholeplasma,genus,6.713344551332078e-05,abund,0.0,2,0
Kraken2,default,Kraken2_default,ZymoMockD6331,ZymoMockD6331,ont,D6331_Zymo,2903100,2903100,                Mariniplasma,Mariniplasma,genus,3.356672275666039e-05,abund,0.0,1,0
Kraken2,default,Kraken2_default,ZymoMockD6331,ZymoMockD6331,ont,D6331_Zymo,2767358,2767358,              Mycoplasmopsis,Mycoplasmopsis,genus,0.0009063015144298305,abund,0.0,27,1
Kraken2,default,Kraken2_default,ZymoMockD6331,ZymoMockD6331,ont,D6331_Zymo,2923352,2923352,              Mesomycoplasma,Mesomycoplasma,genus,0.0005370675641065663,abund,0.0,16,0
Kraken2,default,Kraken2_default,ZymoMockD6331,ZymoMockD6331,ont,D6331_Zymo,2895509,2895509,              Metamycoplasma,Metamycoplasma,genus,0.00030210050480994355,abund,0.0,9,0
Kraken2,default,Kraken2_default,ZymoMockD6331,ZymoMockD6331,ont,D6331_Zymo,2129,2129,              Ureaplasma,Ureaplasma,genus,0.00013426689102664157,abund,0.0,4,0
Kraken2,default,Kraken2_default,ZymoMockD6331,ZymoMockD6331,ont,D6331_Zymo,2995234,2995234,              Mycoplasmoides,Mycoplasmoides,genus,0.00013426689102664157,abund,0.0,4,0
Kraken2,default,Kraken2_default,ZymoMockD6331,ZymoMockD6331,ont,D6331_Zymo,2791001,2791001,              Malacoplasma,Malacoplasma,genus,0.00010070016826998118,abund,0.0,3,0
Kraken2,default,Kraken2_default,ZymoMockD6331,ZymoMockD6331,ont,D6331_Zymo,2975549,2975549,                Candidatus Izemoplasma,Candidatus Izemoplasma,genus,6.713344551332078e-05,abund,0.0,2,0
Kraken2,default,Kraken2_default,ZymoMockD6331,ZymoMockD6331,ont,D6331_Zymo,3078171,3078171,                Hujiaoplasma,Hujiaoplasma,genus,3.356672275666039e-05,abund,0.0,1,0
Kraken2,default,Kraken2_default,ZymoMockD6331,ZymoMockD6331,ont,D6331_Zymo,3140596,3140596,                Candidatus Leptofilum,Candidatus Leptofilum,genus,0.00016783361378330195,abund,0.0,5,0
Kraken2,default,Kraken2_default,ZymoMockD6331,ZymoMockD6331,ont,D6331_Zymo,1988031,1988031,                Candidatus Promineifilum,Candidatus Promineifilum,genus,3.356672275666039e-05,abund,0.0,1,0
Kraken2,default,Kraken2_default,ZymoMockD6331,ZymoMockD6331,ont,D6331_Zymo,120961,120961,                  Roseiflexus,Roseiflexus,genus,6.713344551332078e-05,abund,0.0,2,0
Kraken2,default,Kraken2_default,ZymoMockD6331,ZymoMockD6331,ont,D6331_Zymo,3143249,3143249,                  Candidatus Lucifugimonas,Candidatus Lucifugimonas,genus,6.713344551332078e-05,abund,0.0,2,0
Kraken2,default,Kraken2_default,ZymoMockD6331,ZymoMockD6331,ont,D6331_Zymo,233191,233191,                Caldilinea,Caldilinea,genus,6.713344551332078e-05,abund,0.0,2,0
Kraken2,default,Kraken2_default,ZymoMockD6331,ZymoMockD6331,ont,D6331_Zymo,2692417,2692417,                Ktedonosporobacter,Ktedonosporobacter,genus,3.356672275666039e-05,abund,0.0,1,0
Kraken2,default,Kraken2_default,ZymoMockD6331,ZymoMockD6331,ont,D6331_Zymo,816,816,                    Bacteroides,Bacteroides,genus,15.575529993377286,abund,15.58,464017,3934
Kraken2,default,Kraken2_default,ZymoMockD6331,ZymoMockD6331,ont,D6331_Zymo,909656,909656,                    Phocaeicola,Phocaeicola,genus,0.009767916322188173,abund,0.01,291,10
Kraken2,default,Kraken2_default,ZymoMockD6331,ZymoMockD6331,ont,D6331_Zymo,838,838,                    Prevotella,Prevotella,genus,6.560750229680301,abund,6.56,195454,163
Kraken2,default,Kraken2_default,ZymoMockD6331,ZymoMockD6331,ont,D6331_Zymo,2974251,2974251,                    Segatella,Segatella,genus,0.0017454695833463406,abund,0.0,52,1
Kraken2,default,Kraken2_default,ZymoMockD6331,ZymoMockD6331,ont,D6331_Zymo,577309,577309,                    Paraprevotella,Paraprevotella,genus,0.0014769358012930573,abund,0.0,44,0
Kraken2,default,Kraken2_default,ZymoMockD6331,ZymoMockD6331,ont,D6331_Zymo,2884814,2884814,                    Pseudoprevotella,Pseudoprevotella,genus,0.00013426689102664157,abund,0.0,4,0
Kraken2,default,Kraken2_default,ZymoMockD6331,ZymoMockD6331,ont,D6331_Zymo,2974257,2974257,                    Hoylesella,Hoylesella,genus,0.00010070016826998118,abund,0.0,3,0
Kraken2,default,Kraken2_default,ZymoMockD6331,ZymoMockD6331,ont,D6331_Zymo,375288,375288,                    Parabacteroides,Parabacteroides,genus,0.017152595328653458,abund,0.02,511,97
Kraken2,default,Kraken2_default,ZymoMockD6331,ZymoMockD6331,ont,D6331_Zymo,195950,195950,                    Tannerella,Tannerella,genus,6.713344551332078e-05,abund,0.0,2,0
Kraken2,default,Kraken2_default,ZymoMockD6331,ZymoMockD6331,ont,D6331_Zymo,239759,239759,                    Alistipes,Alistipes,genus,0.005437809086578984,abund,0.01,162,39
Kraken2,default,Kraken2_default,ZymoMockD6331,ZymoMockD6331,ont,D6331_Zymo,1647173,1647173,                    Acetobacteroides,Acetobacteroides,genus,0.00020140033653996236,abund,0.0,6,0
Kraken2,default,Kraken2_default,ZymoMockD6331,ZymoMockD6331,ont,D6331_Zymo,1918540,1918540,                    Muribaculum,Muribaculum,genus,0.0006377677323765474,abund,0.0,19,0
Kraken2,default,Kraken2_default,ZymoMockD6331,ZymoMockD6331,ont,D6331_Zymo,2518497,2518497,                    Paramuribaculum,Paramuribaculum,genus,0.00023496705929662275,abund,0.0,7,0
Kraken2,default,Kraken2_default,ZymoMockD6331,ZymoMockD6331,ont,D6331_Zymo,2815786,2815786,                    Sodaliphilus,Sodaliphilus,genus,0.00023496705929662275,abund,0.0,7,0
Kraken2,default,Kraken2_default,ZymoMockD6331,ZymoMockD6331,ont,D6331_Zymo,2518495,2518495,                    Duncaniella,Duncaniella,genus,6.713344551332078e-05,abund,0.0,2,0
Kraken2,default,Kraken2_default,ZymoMockD6331,ZymoMockD6331,ont,D6331_Zymo,397864,397864,                    Barnesiella,Barnesiella,genus,0.00040280067307992473,abund,0.0,12,0
Kraken2,default,Kraken2_default,ZymoMockD6331,ZymoMockD6331,ont,D6331_Zymo,1348911,1348911,                    Coprobacter,Coprobacter,genus,0.00020140033653996236,abund,0.0,6,0
Kraken2,default,Kraken2_default,ZymoMockD6331,ZymoMockD6331,ont,D6331_Zymo,574697,574697,                    Butyricimonas,Butyricimonas,genus,0.0003356672275666039,abund,0.0,10,0
Kraken2,default,Kraken2_default,ZymoMockD6331,ZymoMockD6331,ont,D6331_Zymo,283168,283168,                    Odoribacter,Odoribacter,genus,0.00010070016826998118,abund,0.0,3,0
Kraken2,default,Kraken2_default,ZymoMockD6331,ZymoMockD6331,ont,D6331_Zymo,836,836,                    Porphyromonas,Porphyromonas,genus,0.0003692339503232643,abund,0.0,11,0
Kraken2,default,Kraken2_default,ZymoMockD6331,ZymoMockD6331,ont,D6331_Zymo,156973,156973,                    Dysgonomonas,Dysgonomonas,genus,0.00010070016826998118,abund,0.0,3,0
Kraken2,default,Kraken2_default,ZymoMockD6331,ZymoMockD6331,ont,D6331_Zymo,294702,294702,                    Proteiniphilum,Proteiniphilum,genus,3.356672275666039e-05,abund,0.0,1,0
Kraken2,default,Kraken2_default,ZymoMockD6331,ZymoMockD6331,ont,D6331_Zymo,3404873,3404873,                    Limibacterium,Limibacterium,genus,3.356672275666039e-05,abund,0.0,1,0
Kraken2,default,Kraken2_default,ZymoMockD6331,ZymoMockD6331,ont,D6331_Zymo,1970191,1970191,                    Salinivirga,Salinivirga,genus,3.356672275666039e-05,abund,0.0,1,0
Kraken2,default,Kraken2_default,ZymoMockD6331,ZymoMockD6331,ont,D6331_Zymo,2760873,2760873,                    Tenuifilum,Tenuifilum,genus,3.356672275666039e-05,abund,0.0,1,0
Kraken2,default,Kraken2_default,ZymoMockD6331,ZymoMockD6331,ont,D6331_Zymo,2678352,2678352,                    Maribellus,Maribellus,genus,0.00020140033653996236,abund,0.0,6,0
Kraken2,default,Kraken2_default,ZymoMockD6331,ZymoMockD6331,ont,D6331_Zymo,3374594,3374594,                    Halosquirtibacter,Halosquirtibacter,genus,0.00016783361378330195,abund,0.0,5,0
Kraken2,default,Kraken2_default,ZymoMockD6331,ZymoMockD6331,ont,D6331_Zymo,1471399,1471399,                    Draconibacterium,Draconibacterium,genus,6.713344551332078e-05,abund,0.0,2,1
Kraken2,default,Kraken2_default,ZymoMockD6331,ZymoMockD6331,ont,D6331_Zymo,1573808,1573808,                    Mangrovibacterium,Mangrovibacterium,genus,3.356672275666039e-05,abund,0.0,1,0
Kraken2,default,Kraken2_default,ZymoMockD6331,ZymoMockD6331,ont,D6331_Zymo,866673,866673,                    Marinifilum,Marinifilum,genus,0.00016783361378330195,abund,0.0,5,0
Kraken2,default,Kraken2_default,ZymoMockD6331,ZymoMockD6331,ont,D6331_Zymo,2060722,2060722,                    Labilibaculum,Labilibaculum,genus,6.713344551332078e-05,abund,0.0,2,0
Kraken2,default,Kraken2_default,ZymoMockD6331,ZymoMockD6331,ont,D6331_Zymo,1193324,1193324,                    Alkalitalea,Alkalitalea,genus,0.00013426689102664157,abund,0.0,4,0
Kraken2,default,Kraken2_default,ZymoMockD6331,ZymoMockD6331,ont,D6331_Zymo,237,237,                    Flavobacterium,Flavobacterium,genus,0.007955313293328513,abund,0.01,237,41
Kraken2,default,Kraken2_default,ZymoMockD6331,ZymoMockD6331,ont,D6331_Zymo,52959,52959,                    Polaribacter,Polaribacter,genus,0.0029874383253427747,abund,0.0,89,2
Kraken2,default,Kraken2_default,ZymoMockD6331,ZymoMockD6331,ont,D6331_Zymo,2967089,2967089,                    Abyssalbus,Abyssalbus,genus,0.001107701850969793,abund,0.0,33,0
Kraken2,default,Kraken2_default,ZymoMockD6331,ZymoMockD6331,ont,D6331_Zymo,290174,290174,                    Aquimarina,Aquimarina,genus,0.0008727347916731703,abund,0.0,26,0
Kraken2,default,Kraken2_default,ZymoMockD6331,ZymoMockD6331,ont,D6331_Zymo,104267,104267,                    Tenacibaculum,Tenacibaculum,genus,0.0008056013461598495,abund,0.0,24,3
Kraken2,default,Kraken2_default,ZymoMockD6331,ZymoMockD6331,ont,D6331_Zymo,252356,252356,                    Maribacter,Maribacter,genus,0.0007049011778898683,abund,0.0,21,1
Kraken2,default,Kraken2_default,ZymoMockD6331,ZymoMockD6331,ont,D6331_Zymo,153265,153265,                    Aequorivita,Aequorivita,genus,0.0007049011778898683,abund,0.0,21,0
Kraken2,default,Kraken2_default,ZymoMockD6331,ZymoMockD6331,ont,D6331_Zymo,261827,261827,                    Algibacter,Algibacter,genus,0.0006713344551332078,abund,0.0,20,1
Kraken2,default,Kraken2_default,ZymoMockD6331,ZymoMockD6331,ont,D6331_Zymo,363408,363408,                    Nonlabens,Nonlabens,genus,0.0006377677323765474,abund,0.0,19,0
Kraken2,default,Kraken2_default,ZymoMockD6331,ZymoMockD6331,ont,D6331_Zymo,104264,104264,                    Cellulophaga,Cellulophaga,genus,0.0006042010096198871,abund,0.0,18,0
Kraken2,default,Kraken2_default,ZymoMockD6331,ZymoMockD6331,ont,D6331_Zymo,286104,286104,                    Winogradskyella,Winogradskyella,genus,0.0006042010096198871,abund,0.0,18,1
Kraken2,default,Kraken2_default,ZymoMockD6331,ZymoMockD6331,ont,D6331_Zymo,283735,283735,                    Leeuwenhoekiella,Leeuwenhoekiella,genus,0.0005370675641065663,abund,0.0,16,8
Kraken2,default,Kraken2_default,ZymoMockD6331,ZymoMockD6331,ont,D6331_Zymo,444459,444459,                    Flagellimonas,Flagellimonas,genus,0.0005370675641065663,abund,0.0,16,2
Kraken2,default,Kraken2_default,ZymoMockD6331,ZymoMockD6331,ont,D6331_Zymo,292691,292691,                    Christiangramia,Christiangramia,genus,0.0004699341185932455,abund,0.0,14,5
Kraken2,default,Kraken2_default,ZymoMockD6331,ZymoMockD6331,ont,D6331_Zymo,291183,291183,                    Lacinutrix,Lacinutrix,genus,0.0004699341185932455,abund,0.0,14,0
Kraken2,default,Kraken2_default,ZymoMockD6331,ZymoMockD6331,ont,D6331_Zymo,527198,527198,                    Mariniflexile,Mariniflexile,genus,0.0004699341185932455,abund,0.0,14,0
Kraken2,default,Kraken2_default,ZymoMockD6331,ZymoMockD6331,ont,D6331_Zymo,1016,1016,                    Capnocytophaga,Capnocytophaga,genus,0.0004699341185932455,abund,0.0,14,1
Kraken2,default,Kraken2_default,ZymoMockD6331,ZymoMockD6331,ont,D6331_Zymo,225842,225842,                    Formosa,Formosa,genus,0.00043636739583658514,abund,0.0,13,0
Kraken2,default,Kraken2_default,ZymoMockD6331,ZymoMockD6331,ont,D6331_Zymo,1287916,1287916,                    Euzebyella,Euzebyella,genus,0.0003692339503232643,abund,0.0,11,0
Kraken2,default,Kraken2_default,ZymoMockD6331,ZymoMockD6331,ont,D6331_Zymo,2049301,2049301,                    Changchengzhania,Changchengzhania,genus,0.0003356672275666039,abund,0.0,10,0
Kraken2,default,Kraken2_default,ZymoMockD6331,ZymoMockD6331,ont,D6331_Zymo,221065,221065,                    Kordia,Kordia,genus,0.0003356672275666039,abund,0.0,10,0
Kraken2,default,Kraken2_default,ZymoMockD6331,ZymoMockD6331,ont,D6331_Zymo,358023,358023,                    Lutibacter,Lutibacter,genus,0.00030210050480994355,abund,0.0,9,0
Kraken2,default,Kraken2_default,ZymoMockD6331,ZymoMockD6331,ont,D6331_Zymo,2058174,2058174,                    Antarcticibacterium,Antarcticibacterium,genus,0.00026853378205328313,abund,0.0,8,0
Kraken2,default,Kraken2_default,ZymoMockD6331,ZymoMockD6331,ont,D6331_Zymo,2918913,2918913,                    Pontimicrobium,Pontimicrobium,genus,0.00023496705929662275,abund,0.0,7,0
Kraken2,default,Kraken2_default,ZymoMockD6331,ZymoMockD6331,ont,D6331_Zymo,1211036,1211036,                    Mangrovimonas,Mangrovimonas,genus,0.00020140033653996236,abund,0.0,6,0
Kraken2,default,Kraken2_default,ZymoMockD6331,ZymoMockD6331,ont,D6331_Zymo,417127,417127,                    Zunongwangia,Zunongwangia,genus,0.00016783361378330195,abund,0.0,5,0
Kraken2,default,Kraken2_default,ZymoMockD6331,ZymoMockD6331,ont,D6331_Zymo,178469,178469,                    Arenibacter,Arenibacter,genus,0.00016783361378330195,abund,0.0,5,0
Kraken2,default,Kraken2_default,ZymoMockD6331,ZymoMockD6331,ont,D6331_Zymo,336276,336276,                    Olleya,Olleya,genus,0.00016783361378330195,abund,0.0,5,0
Kraken2,default,Kraken2_default,ZymoMockD6331,ZymoMockD6331,ont,D6331_Zymo,2706948,2706948,                    Aureibaculum,Aureibaculum,genus,0.00016783361378330195,abund,0.0,5,0
Kraken2,default,Kraken2_default,ZymoMockD6331,ZymoMockD6331,ont,D6331_Zymo,393005,393005,                    Tamlana,Tamlana,genus,0.00016783361378330195,abund,0.0,5,0
Kraken2,default,Kraken2_default,ZymoMockD6331,ZymoMockD6331,ont,D6331_Zymo,2907134,2907134,                      Constantimarinum,Constantimarinum,genus,0.00013426689102664157,abund,0.0,4,0
Kraken2,default,Kraken2_default,ZymoMockD6331,ZymoMockD6331,ont,D6331_Zymo,2822394,2822394,                    Patiriisocius,Patiriisocius,genus,0.00013426689102664157,abund,0.0,4,0
Kraken2,default,Kraken2_default,ZymoMockD6331,ZymoMockD6331,ont,D6331_Zymo,1209327,1209327,                    Flavivirga,Flavivirga,genus,0.00013426689102664157,abund,0.0,4,0
Kraken2,default,Kraken2_default,ZymoMockD6331,ZymoMockD6331,ont,D6331_Zymo,76831,76831,                    Myroides,Myroides,genus,0.00013426689102664157,abund,0.0,4,1
Kraken2,default,Kraken2_default,ZymoMockD6331,ZymoMockD6331,ont,D6331_Zymo,1165076,1165076,                    Imtechella,Imtechella,genus,0.00010070016826998118,abund,0.0,3,0
Kraken2,default,Kraken2_default,ZymoMockD6331,ZymoMockD6331,ont,D6331_Zymo,2700084,2700084,                    Urechidicola,Urechidicola,genus,0.00010070016826998118,abund,0.0,3,0
Kraken2,default,Kraken2_default,ZymoMockD6331,ZymoMockD6331,ont,D6331_Zymo,369400,369400,                    Flaviramulus,Flaviramulus,genus,0.00010070016826998118,abund,0.0,3,0
Kraken2,default,Kraken2_default,ZymoMockD6331,ZymoMockD6331,ont,D6331_Zymo,143222,143222,                    Salegentibacter,Salegentibacter,genus,0.00010070016826998118,abund,0.0,3,0
Kraken2,default,Kraken2_default,ZymoMockD6331,ZymoMockD6331,ont,D6331_Zymo,112040,112040,                    Zobellia,Zobellia,genus,0.00010070016826998118,abund,0.0,3,0
Kraken2,default,Kraken2_default,ZymoMockD6331,ZymoMockD6331,ont,D6331_Zymo,2831916,2831916,                    Pukyongia,Pukyongia,genus,6.713344551332078e-05,abund,0.0,2,0
Kraken2,default,Kraken2_default,ZymoMockD6331,ZymoMockD6331,ont,D6331_Zymo,2987594,2987594,                    Rasiella,Rasiella,genus,6.713344551332078e-05,abund,0.0,2,0
Kraken2,default,Kraken2_default,ZymoMockD6331,ZymoMockD6331,ont,D6331_Zymo,3400333,3400333,                    Thalassobellus,Thalassobellus,genus,6.713344551332078e-05,abund,0.0,2,0
Kraken2,default,Kraken2_default,ZymoMockD6331,ZymoMockD6331,ont,D6331_Zymo,3400368,3400368,                    Pseudotamlana,Pseudotamlana,genus,6.713344551332078e-05,abund,0.0,2,0
Kraken2,default,Kraken2_default,ZymoMockD6331,ZymoMockD6331,ont,D6331_Zymo,561555,561555,                    Zhouia,Zhouia,genus,6.713344551332078e-05,abund,0.0,2,0
Kraken2,default,Kraken2_default,ZymoMockD6331,ZymoMockD6331,ont,D6331_Zymo,444051,444051,                    Mesoflavibacter,Mesoflavibacter,genus,6.713344551332078e-05,abund,0.0,2,1
Kraken2,default,Kraken2_default,ZymoMockD6331,ZymoMockD6331,ont,D6331_Zymo,326319,326319,                    Dokdonia,Dokdonia,genus,6.713344551332078e-05,abund,0.0,2,0
Kraken2,default,Kraken2_default,ZymoMockD6331,ZymoMockD6331,ont,D6331_Zymo,379068,379068,                    Galbibacter,Galbibacter,genus,6.713344551332078e-05,abund,0.0,2,0
Kraken2,default,Kraken2_default,ZymoMockD6331,ZymoMockD6331,ont,D6331_Zymo,49277,49277,                    Psychroserpens,Psychroserpens,genus,3.356672275666039e-05,abund,0.0,1,0
Kraken2,default,Kraken2_default,ZymoMockD6331,ZymoMockD6331,ont,D6331_Zymo,2953860,2953860,                    Candidatus Arcticimaribacter,Candidatus Arcticimaribacter,genus,3.356672275666039e-05,abund,0.0,1,0
Kraken2,default,Kraken2_default,ZymoMockD6331,ZymoMockD6331,ont,D6331_Zymo,2893197,2893197,                    Aegicerativicinus,Aegicerativicinus,genus,3.356672275666039e-05,abund,0.0,1,0
Kraken2,default,Kraken2_default,ZymoMockD6331,ZymoMockD6331,ont,D6331_Zymo,2861660,2861660,                    Pseudalgibacter,Pseudalgibacter,genus,3.356672275666039e-05,abund,0.0,1,0
Kraken2,default,Kraken2_default,ZymoMockD6331,ZymoMockD6331,ont,D6331_Zymo,2045416,2045416,                    Oceanihabitans,Oceanihabitans,genus,3.356672275666039e-05,abund,0.0,1,0
Kraken2,default,Kraken2_default,ZymoMockD6331,ZymoMockD6331,ont,D6331_Zymo,1935184,1935184,                    Vaginella,Vaginella,genus,3.356672275666039e-05,abund,0.0,1,0
Kraken2,default,Kraken2_default,ZymoMockD6331,ZymoMockD6331,ont,D6331_Zymo,1649495,1649495,                    Seonamhaeicola,Seonamhaeicola,genus,3.356672275666039e-05,abund,0.0,1,0
Kraken2,default,Kraken2_default,ZymoMockD6331,ZymoMockD6331,ont,D6331_Zymo,762641,762641,                    Muriicola,Muriicola,genus,3.356672275666039e-05,abund,0.0,1,0
Kraken2,default,Kraken2_default,ZymoMockD6331,ZymoMockD6331,ont,D6331_Zymo,561367,561367,                    Salinimicrobium,Salinimicrobium,genus,3.356672275666039e-05,abund,0.0,1,0
Kraken2,default,Kraken2_default,ZymoMockD6331,ZymoMockD6331,ont,D6331_Zymo,449810,449810,                    Lutimonas,Lutimonas,genus,3.356672275666039e-05,abund,0.0,1,0
Kraken2,default,Kraken2_default,ZymoMockD6331,ZymoMockD6331,ont,D6331_Zymo,1649460,1649460,                    Hwangdonia,Hwangdonia,genus,3.356672275666039e-05,abund,0.0,1,0
Kraken2,default,Kraken2_default,ZymoMockD6331,ZymoMockD6331,ont,D6331_Zymo,59732,59732,                      Chryseobacterium,Chryseobacterium,genus,0.004330107235609191,abund,0.0,129,14
Kraken2,default,Kraken2_default,ZymoMockD6331,ZymoMockD6331,ont,D6331_Zymo,2782231,2782231,                      Kaistella,Kaistella,genus,0.0007384679006465286,abund,0.0,22,3
Kraken2,default,Kraken2_default,ZymoMockD6331,ZymoMockD6331,ont,D6331_Zymo,2782229,2782229,                      Epilithonimonas,Epilithonimonas,genus,0.00013426689102664157,abund,0.0,4,0
Kraken2,default,Kraken2_default,ZymoMockD6331,ZymoMockD6331,ont,D6331_Zymo,308865,308865,                    Elizabethkingia,Elizabethkingia,genus,0.0005035008413499059,abund,0.0,15,3
Kraken2,default,Kraken2_default,ZymoMockD6331,ZymoMockD6331,ont,D6331_Zymo,501783,501783,                    Cloacibacterium,Cloacibacterium,genus,0.00043636739583658514,abund,0.0,13,4
Kraken2,default,Kraken2_default,ZymoMockD6331,ZymoMockD6331,ont,D6331_Zymo,28250,28250,                    Ornithobacterium,Ornithobacterium,genus,0.0003692339503232643,abund,0.0,11,0
Kraken2,default,Kraken2_default,ZymoMockD6331,ZymoMockD6331,ont,D6331_Zymo,59734,59734,                    Empedobacter,Empedobacter,genus,0.0003692339503232643,abund,0.0,11,1
Kraken2,default,Kraken2_default,ZymoMockD6331,ZymoMockD6331,ont,D6331_Zymo,2766734,2766734,                    Faecalibacter,Faecalibacter,genus,0.00030210050480994355,abund,0.0,9,0
Kraken2,default,Kraken2_default,ZymoMockD6331,ZymoMockD6331,ont,D6331_Zymo,1778601,1778601,                    Apibacter,Apibacter,genus,0.00023496705929662275,abund,0.0,7,0
Kraken2,default,Kraken2_default,ZymoMockD6331,ZymoMockD6331,ont,D6331_Zymo,1013,1013,                    Weeksella,Weeksella,genus,0.00010070016826998118,abund,0.0,3,0
Kraken2,default,Kraken2_default,ZymoMockD6331,ZymoMockD6331,ont,D6331_Zymo,34084,34084,                    Riemerella,Riemerella,genus,0.00010070016826998118,abund,0.0,3,0
Kraken2,default,Kraken2_default,ZymoMockD6331,ZymoMockD6331,ont,D6331_Zymo,34098,34098,                    Blattabacterium,Blattabacterium,genus,0.0010405684054564722,abund,0.0,31,1
Kraken2,default,Kraken2_default,ZymoMockD6331,ZymoMockD6331,ont,D6331_Zymo,3024544,3024544,                    Paracrocinitomix,Paracrocinitomix,genus,0.00013426689102664157,abund,0.0,4,0
Kraken2,default,Kraken2_default,ZymoMockD6331,ZymoMockD6331,ont,D6331_Zymo,332102,332102,                    Fluviicola,Fluviicola,genus,3.356672275666039e-05,abund,0.0,1,0
Kraken2,default,Kraken2_default,ZymoMockD6331,ZymoMockD6331,ont,D6331_Zymo,1755829,1755829,                    Ichthyobacterium,Ichthyobacterium,genus,6.713344551332078e-05,abund,0.0,2,0
Kraken2,default,Kraken2_default,ZymoMockD6331,ZymoMockD6331,ont,D6331_Zymo,1940138,1940138,                    Candidatus Walczuchella,Candidatus Walczuchella,genus,3.356672275666039e-05,abund,0.0,1,1
Kraken2,default,Kraken2_default,ZymoMockD6331,ZymoMockD6331,ont,D6331_Zymo,2975260,2975260,                    Parvicella,Parvicella,genus,3.356672275666039e-05,abund,0.0,1,0
Kraken2,default,Kraken2_default,ZymoMockD6331,ZymoMockD6331,ont,D6331_Zymo,3228946,3228946,                    Sanyastnella,Sanyastnella,genus,3.356672275666039e-05,abund,0.0,1,0
Kraken2,default,Kraken2_default,ZymoMockD6331,ZymoMockD6331,ont,D6331_Zymo,869806,869806,                    Marivirga,Marivirga,genus,0.0011412685737264535,abund,0.0,34,0
Kraken2,default,Kraken2_default,ZymoMockD6331,ZymoMockD6331,ont,D6331_Zymo,59739,59739,                    Flammeovirga,Flammeovirga,genus,0.0005370675641065663,abund,0.0,16,3
Kraken2,default,Kraken2_default,ZymoMockD6331,ZymoMockD6331,ont,D6331_Zymo,3051458,3051458,                    Chondrinema,Chondrinema,genus,0.00026853378205328313,abund,0.0,8,0
Kraken2,default,Kraken2_default,ZymoMockD6331,ZymoMockD6331,ont,D6331_Zymo,1649461,1649461,                    Imperialibacter,Imperialibacter,genus,0.00010070016826998118,abund,0.0,3,0
Kraken2,default,Kraken2_default,ZymoMockD6331,ZymoMockD6331,ont,D6331_Zymo,246875,246875,                    Algoriphagus,Algoriphagus,genus,0.0005035008413499059,abund,0.0,15,0
Kraken2,default,Kraken2_default,ZymoMockD6331,ZymoMockD6331,ont,D6331_Zymo,390846,390846,                    Echinicola,Echinicola,genus,0.00013426689102664157,abund,0.0,4,0
Kraken2,default,Kraken2_default,ZymoMockD6331,ZymoMockD6331,ont,D6331_Zymo,68288,68288,                    Cyclobacterium,Cyclobacterium,genus,0.00010070016826998118,abund,0.0,3,0
Kraken2,default,Kraken2_default,ZymoMockD6331,ZymoMockD6331,ont,D6331_Zymo,232244,232244,                    Belliella,Belliella,genus,3.356672275666039e-05,abund,0.0,1,0
Kraken2,default,Kraken2_default,ZymoMockD6331,ZymoMockD6331,ont,D6331_Zymo,280472,280472,                    Aquiflexum,Aquiflexum,genus,3.356672275666039e-05,abund,0.0,1,0
Kraken2,default,Kraken2_default,ZymoMockD6331,ZymoMockD6331,ont,D6331_Zymo,105,105,                    Runella,Runella,genus,0.00030210050480994355,abund,0.0,9,0
Kraken2,default,Kraken2_default,ZymoMockD6331,ZymoMockD6331,ont,D6331_Zymo,120831,120831,                    Dyadobacter,Dyadobacter,genus,0.00030210050480994355,abund,0.0,9,0
Kraken2,default,Kraken2_default,ZymoMockD6331,ZymoMockD6331,ont,D6331_Zymo,89966,89966,                    Hymenobacter,Hymenobacter,genus,0.0003356672275666039,abund,0.0,10,0
Kraken2,default,Kraken2_default,ZymoMockD6331,ZymoMockD6331,ont,D6331_Zymo,299566,299566,                    Adhaeribacter,Adhaeribacter,genus,0.00010070016826998118,abund,0.0,3,0
Kraken2,default,Kraken2_default,ZymoMockD6331,ZymoMockD6331,ont,D6331_Zymo,323449,323449,                    Pontibacter,Pontibacter,genus,0.00010070016826998118,abund,0.0,3,0
Kraken2,default,Kraken2_default,ZymoMockD6331,ZymoMockD6331,ont,D6331_Zymo,1379908,1379908,                    Rufibacter,Rufibacter,genus,6.713344551332078e-05,abund,0.0,2,0
Kraken2,default,Kraken2_default,ZymoMockD6331,ZymoMockD6331,ont,D6331_Zymo,107,107,                    Spirosoma,Spirosoma,genus,0.0005706342868632267,abund,0.0,17,0
Kraken2,default,Kraken2_default,ZymoMockD6331,ZymoMockD6331,ont,D6331_Zymo,978,978,                    Cytophaga,Cytophaga,genus,3.356672275666039e-05,abund,0.0,1,0
Kraken2,default,Kraken2_default,ZymoMockD6331,ZymoMockD6331,ont,D6331_Zymo,396811,396811,                    Fulvivirga,Fulvivirga,genus,0.00043636739583658514,abund,0.0,13,0
Kraken2,default,Kraken2_default,ZymoMockD6331,ZymoMockD6331,ont,D6331_Zymo,1937972,1937972,                    Bernardetia,Bernardetia,genus,0.0003692339503232643,abund,0.0,11,0
Kraken2,default,Kraken2_default,ZymoMockD6331,ZymoMockD6331,ont,D6331_Zymo,156993,156993,                    Reichenbachiella,Reichenbachiella,genus,0.00016783361378330195,abund,0.0,5,0
Kraken2,default,Kraken2_default,ZymoMockD6331,ZymoMockD6331,ont,D6331_Zymo,447678,447678,                    Ekhidna,Ekhidna,genus,6.713344551332078e-05,abund,0.0,2,0
Kraken2,default,Kraken2_default,ZymoMockD6331,ZymoMockD6331,ont,D6331_Zymo,312278,312278,                    Emticicia,Emticicia,genus,0.00013426689102664157,abund,0.0,4,0
Kraken2,default,Kraken2_default,ZymoMockD6331,ZymoMockD6331,ont,D6331_Zymo,319458,319458,                    Leadbetterella,Leadbetterella,genus,0.00010070016826998118,abund,0.0,3,0
Kraken2,default,Kraken2_default,ZymoMockD6331,ZymoMockD6331,ont,D6331_Zymo,2676247,2676247,                    Aquirufa,Aquirufa,genus,0.00020140033653996236,abund,0.0,6,0
Kraken2,default,Kraken2_default,ZymoMockD6331,ZymoMockD6331,ont,D6331_Zymo,1077254,1077254,                    Tunicatimonas,Tunicatimonas,genus,0.00010070016826998118,abund,0.0,3,0
Kraken2,default,Kraken2_default,ZymoMockD6331,ZymoMockD6331,ont,D6331_Zymo,1001222,1001222,                    Porifericola,Porifericola,genus,3.356672275666039e-05,abund,0.0,1,0
Kraken2,default,Kraken2_default,ZymoMockD6331,ZymoMockD6331,ont,D6331_Zymo,1522128,1522128,                    Catalinimonas,Catalinimonas,genus,3.356672275666039e-05,abund,0.0,1,0
Kraken2,default,Kraken2_default,ZymoMockD6331,ZymoMockD6331,ont,D6331_Zymo,290180,290180,                    Roseivirga,Roseivirga,genus,0.00013426689102664157,abund,0.0,4,0
Kraken2,default,Kraken2_default,ZymoMockD6331,ZymoMockD6331,ont,D6331_Zymo,273135,273135,                    Candidatus Cardinium,Candidatus Cardinium,genus,6.713344551332078e-05,abund,0.0,2,0
Kraken2,default,Kraken2_default,ZymoMockD6331,ZymoMockD6331,ont,D6331_Zymo,281119,281119,                    Candidatus Amoebophilus,Candidatus Amoebophilus,genus,6.713344551332078e-05,abund,0.0,2,0
Kraken2,default,Kraken2_default,ZymoMockD6331,ZymoMockD6331,ont,D6331_Zymo,2858886,2858886,                    Mangrovivirga,Mangrovivirga,genus,6.713344551332078e-05,abund,0.0,2,0
Kraken2,default,Kraken2_default,ZymoMockD6331,ZymoMockD6331,ont,D6331_Zymo,455076,455076,                    Rhodocytophaga,Rhodocytophaga,genus,3.356672275666039e-05,abund,0.0,1,0
Kraken2,default,Kraken2_default,ZymoMockD6331,ZymoMockD6331,ont,D6331_Zymo,84567,84567,                    Pedobacter,Pedobacter,genus,0.0019133031971296423,abund,0.0,57,2
Kraken2,default,Kraken2_default,ZymoMockD6331,ZymoMockD6331,ont,D6331_Zymo,423349,423349,                    Mucilaginibacter,Mucilaginibacter,genus,0.001544069246806378,abund,0.0,46,6
Kraken2,default,Kraken2_default,ZymoMockD6331,ZymoMockD6331,ont,D6331_Zymo,28453,28453,                    Sphingobacterium,Sphingobacterium,genus,0.0011412685737264535,abund,0.0,34,3
Kraken2,default,Kraken2_default,ZymoMockD6331,ZymoMockD6331,ont,D6331_Zymo,929509,929509,                    Solitalea,Solitalea,genus,0.00010070016826998118,abund,0.0,3,0
Kraken2,default,Kraken2_default,ZymoMockD6331,ZymoMockD6331,ont,D6331_Zymo,1288026,1288026,                    Arcticibacter,Arcticibacter,genus,0.00010070016826998118,abund,0.0,3,0
Kraken2,default,Kraken2_default,ZymoMockD6331,ZymoMockD6331,ont,D6331_Zymo,79328,79328,                    Chitinophaga,Chitinophaga,genus,0.0008391680689165098,abund,0.0,25,1
Kraken2,default,Kraken2_default,ZymoMockD6331,ZymoMockD6331,ont,D6331_Zymo,504481,504481,                    Sediminibacterium,Sediminibacterium,genus,0.00023496705929662275,abund,0.0,7,0
Kraken2,default,Kraken2_default,ZymoMockD6331,ZymoMockD6331,ont,D6331_Zymo,2698688,2698688,                    Paraflavitalea,Paraflavitalea,genus,0.00020140033653996236,abund,0.0,6,0
Kraken2,default,Kraken2_default,ZymoMockD6331,ZymoMockD6331,ont,D6331_Zymo,649461,649461,                    Lacibacter,Lacibacter,genus,0.00016783361378330195,abund,0.0,5,0
Kraken2,default,Kraken2_default,ZymoMockD6331,ZymoMockD6331,ont,D6331_Zymo,379899,379899,                    Niabella,Niabella,genus,0.00013426689102664157,abund,0.0,4,0
Kraken2,default,Kraken2_default,ZymoMockD6331,ZymoMockD6331,ont,D6331_Zymo,354354,354354,                    Niastella,Niastella,genus,0.00010070016826998118,abund,0.0,3,0
Kraken2,default,Kraken2_default,ZymoMockD6331,ZymoMockD6331,ont,D6331_Zymo,3114547,3114547,                    Rhizosphaericola,Rhizosphaericola,genus,0.00010070016826998118,abund,0.0,3,0
Kraken2,default,Kraken2_default,ZymoMockD6331,ZymoMockD6331,ont,D6331_Zymo,2836216,2836216,                    Phnomibacter,Phnomibacter,genus,0.00010070016826998118,abund,0.0,3,0
Kraken2,default,Kraken2_default,ZymoMockD6331,ZymoMockD6331,ont,D6331_Zymo,1649506,1649506,                    Thermoflavifilum,Thermoflavifilum,genus,6.713344551332078e-05,abund,0.0,2,0
Kraken2,default,Kraken2_default,ZymoMockD6331,ZymoMockD6331,ont,D6331_Zymo,1769012,1769012,                    Arachidicoccus,Arachidicoccus,genus,6.713344551332078e-05,abund,0.0,2,0
Kraken2,default,Kraken2_default,ZymoMockD6331,ZymoMockD6331,ont,D6331_Zymo,1004303,1004303,                    Ferruginibacter,Ferruginibacter,genus,6.713344551332078e-05,abund,0.0,2,0
Kraken2,default,Kraken2_default,ZymoMockD6331,ZymoMockD6331,ont,D6331_Zymo,1004301,1004301,                    Flavihumibacter,Flavihumibacter,genus,6.713344551332078e-05,abund,0.0,2,0
Kraken2,default,Kraken2_default,ZymoMockD6331,ZymoMockD6331,ont,D6331_Zymo,1874621,1874621,                    Panacibacter,Panacibacter,genus,3.356672275666039e-05,abund,0.0,1,0
Kraken2,default,Kraken2_default,ZymoMockD6331,ZymoMockD6331,ont,D6331_Zymo,2812019,2812019,                    Pseudocnuella,Pseudocnuella,genus,3.356672275666039e-05,abund,0.0,1,0
Kraken2,default,Kraken2_default,ZymoMockD6331,ZymoMockD6331,ont,D6331_Zymo,365032,365032,                    Aureispira,Aureispira,genus,0.0003356672275666039,abund,0.0,10,0
Kraken2,default,Kraken2_default,ZymoMockD6331,ZymoMockD6331,ont,D6331_Zymo,1007,1007,                    Saprospira,Saprospira,genus,6.713344551332078e-05,abund,0.0,2,0
Kraken2,default,Kraken2_default,ZymoMockD6331,ZymoMockD6331,ont,D6331_Zymo,2349,2349,                    Haliscomenobacter,Haliscomenobacter,genus,6.713344551332078e-05,abund,0.0,2,0
Kraken2,default,Kraken2_default,ZymoMockD6331,ZymoMockD6331,ont,D6331_Zymo,1099,1099,                      Pelodictyon,Pelodictyon,genus,0.00026853378205328313,abund,0.0,8,0
Kraken2,default,Kraken2_default,ZymoMockD6331,ZymoMockD6331,ont,D6331_Zymo,100715,100715,                    Chloroherpeton,Chloroherpeton,genus,3.356672275666039e-05,abund,0.0,1,0
Kraken2,default,Kraken2_default,ZymoMockD6331,ZymoMockD6331,ont,D6331_Zymo,795750,795750,                    Ignavibacterium,Ignavibacterium,genus,0.00013426689102664157,abund,0.0,4,0
Kraken2,default,Kraken2_default,ZymoMockD6331,ZymoMockD6331,ont,D6331_Zymo,3056650,3056650,                  Candidatus Palauibacter,Candidatus Palauibacter,genus,0.00016783361378330195,abund,0.0,5,0
Kraken2,default,Kraken2_default,ZymoMockD6331,ZymoMockD6331,ont,D6331_Zymo,173479,173479,                  Gemmatimonas,Gemmatimonas,genus,3.356672275666039e-05,abund,0.0,1,0
Kraken2,default,Kraken2_default,ZymoMockD6331,ZymoMockD6331,ont,D6331_Zymo,832,832,                  Fibrobacter,Fibrobacter,genus,6.713344551332078e-05,abund,0.0,2,0
Kraken2,default,Kraken2_default,ZymoMockD6331,ZymoMockD6331,ont,D6331_Zymo,561,561,                Escherichia,Escherichia,genus,11.169629097783556,abund,11.17,332759,9691
Kraken2,default,Kraken2_default,ZymoMockD6331,ZymoMockD6331,ont,D6331_Zymo,620,620,                Shigella,Shigella,genus,0.21704242934456613,abund,0.22,6466,784
Kraken2,default,Kraken2_default,ZymoMockD6331,ZymoMockD6331,ont,D6331_Zymo,544,544,                Citrobacter,Citrobacter,genus,0.1514530530780517,abund,0.15,4512,2068
Kraken2,default,Kraken2_default,ZymoMockD6331,ZymoMockD6331,ont,D6331_Zymo,547,547,                Enterobacter,Enterobacter,genus,0.1369522288471744,abund,0.14,4080,692
Kraken2,default,Kraken2_default,ZymoMockD6331,ZymoMockD6331,ont,D6331_Zymo,570,570,                  Klebsiella,Klebsiella,genus,0.09724279582604516,abund,0.1,2897,568
Kraken2,default,Kraken2_default,ZymoMockD6331,ZymoMockD6331,ont,D6331_Zymo,160674,160674,                  Raoultella,Raoultella,genus,0.009096581867054967,abund,0.01,271,109
Kraken2,default,Kraken2_default,ZymoMockD6331,ZymoMockD6331,ont,D6331_Zymo,590,590,                Salmonella,Salmonella,genus,0.06639497761267425,abund,0.07,1978,447
Kraken2,default,Kraken2_default,ZymoMockD6331,ZymoMockD6331,ont,D6331_Zymo,1330547,1330547,                Kosakonia,Kosakonia,genus,0.024805808117172028,abund,0.02,739,178
Kraken2,default,Kraken2_default,ZymoMockD6331,ZymoMockD6331,ont,D6331_Zymo,83654,83654,                Leclercia,Leclercia,genus,0.013997323389527383,abund,0.01,417,149
Kraken2,default,Kraken2_default,ZymoMockD6331,ZymoMockD6331,ont,D6331_Zymo,413496,413496,                Cronobacter,Cronobacter,genus,0.013225288766124195,abund,0.01,394,117
Kraken2,default,Kraken2_default,ZymoMockD6331,ZymoMockD6331,ont,D6331_Zymo,579,579,                Kluyvera,Kluyvera,genus,0.012486820865477666,abund,0.01,372,97
Kraken2,default,Kraken2_default,ZymoMockD6331,ZymoMockD6331,ont,D6331_Zymo,158483,158483,                Cedecea,Cedecea,genus,0.008190280352625135,abund,0.01,244,42
Kraken2,default,Kraken2_default,ZymoMockD6331,ZymoMockD6331,ont,D6331_Zymo,1330545,1330545,                Lelliottia,Lelliottia,genus,0.0077203462340318905,abund,0.01,230,54
Kraken2,default,Kraken2_default,ZymoMockD6331,ZymoMockD6331,ont,D6331_Zymo,1504576,1504576,                Pseudocitrobacter,Pseudocitrobacter,genus,0.007183278669925324,abund,0.01,214,51
Kraken2,default,Kraken2_default,ZymoMockD6331,ZymoMockD6331,ont,D6331_Zymo,82976,82976,                Buttiauxella,Buttiauxella,genus,0.005572075977605625,abund,0.01,166,74
Kraken2,default,Kraken2_default,ZymoMockD6331,ZymoMockD6331,ont,D6331_Zymo,1330546,1330546,                Pluralibacter,Pluralibacter,genus,0.005269975472795682,abund,0.01,157,4
Kraken2,default,Kraken2_default,ZymoMockD6331,ZymoMockD6331,ont,D6331_Zymo,2303321,2303321,                Superficieibacter,Superficieibacter,genus,0.004766474631445776,abund,0.0,142,0
Kraken2,default,Kraken2_default,ZymoMockD6331,ZymoMockD6331,ont,D6331_Zymo,158851,158851,                Trabulsiella,Trabulsiella,genus,0.0042629737900958704,abund,0.0,127,0
Kraken2,default,Kraken2_default,ZymoMockD6331,ZymoMockD6331,ont,D6331_Zymo,2815296,2815296,                Jejubacter,Jejubacter,genus,0.0039273065625292656,abund,0.0,117,0
Kraken2,default,Kraken2_default,ZymoMockD6331,ZymoMockD6331,ont,D6331_Zymo,1903434,1903434,                Atlantibacter,Atlantibacter,genus,0.0037930396715026246,abund,0.0,113,10
Kraken2,default,Kraken2_default,ZymoMockD6331,ZymoMockD6331,ont,D6331_Zymo,447792,447792,                Phytobacter,Phytobacter,genus,0.003558072612206002,abund,0.0,106,40
Kraken2,default,Kraken2_default,ZymoMockD6331,ZymoMockD6331,ont,D6331_Zymo,1649298,1649298,                Siccibacter,Siccibacter,genus,0.0029538716025861145,abund,0.0,88,0
Kraken2,default,Kraken2_default,ZymoMockD6331,ZymoMockD6331,ont,D6331_Zymo,801,801,                    Symbiopectobacterium,Symbiopectobacterium,genus,0.000939868237186491,abund,0.0,28,0
Kraken2,default,Kraken2_default,ZymoMockD6331,ZymoMockD6331,ont,D6331_Zymo,568987,568987,                      Candidatus Hamiltonella,Candidatus Hamiltonella,genus,0.0004699341185932455,abund,0.0,14,3
Kraken2,default,Kraken2_default,ZymoMockD6331,ZymoMockD6331,ont,D6331_Zymo,568988,568988,                      Candidatus Regiella,Candidatus Regiella,genus,0.00023496705929662275,abund,0.0,7,0
Kraken2,default,Kraken2_default,ZymoMockD6331,ZymoMockD6331,ont,D6331_Zymo,203804,203804,                      Candidatus Blochmanniella,Candidatus Blochmanniella,genus,0.0005035008413499059,abund,0.0,15,1
Kraken2,default,Kraken2_default,ZymoMockD6331,ZymoMockD6331,ont,D6331_Zymo,1906657,1906657,                    Candidatus Doolittlea,Candidatus Doolittlea,genus,0.00023496705929662275,abund,0.0,7,0
Kraken2,default,Kraken2_default,ZymoMockD6331,ZymoMockD6331,ont,D6331_Zymo,1906659,1906659,                    Candidatus Hoaglandella,Candidatus Hoaglandella,genus,0.00020140033653996236,abund,0.0,6,0
Kraken2,default,Kraken2_default,ZymoMockD6331,ZymoMockD6331,ont,D6331_Zymo,1302410,1302410,                    Candidatus Annandia,Candidatus Annandia,genus,0.00013426689102664157,abund,0.0,4,0
Kraken2,default,Kraken2_default,ZymoMockD6331,ZymoMockD6331,ont,D6331_Zymo,472825,472825,                    Candidatus Purcelliella,Candidatus Purcelliella,genus,0.00010070016826998118,abund,0.0,3,0
Kraken2,default,Kraken2_default,ZymoMockD6331,ZymoMockD6331,ont,D6331_Zymo,158876,158876,                Yokenella,Yokenella,genus,0.0025175042067495297,abund,0.0,75,0
Kraken2,default,Kraken2_default,ZymoMockD6331,ZymoMockD6331,ont,D6331_Zymo,2726810,2726810,                Scandinavium,Scandinavium,genus,0.002383237315722888,abund,0.0,71,0
Kraken2,default,Kraken2_default,ZymoMockD6331,ZymoMockD6331,ont,D6331_Zymo,2055880,2055880,                Pseudescherichia,Pseudescherichia,genus,0.0020475700881562838,abund,0.0,61,0
Kraken2,default,Kraken2_default,ZymoMockD6331,ZymoMockD6331,ont,D6331_Zymo,1335483,1335483,                Shimwellia,Shimwellia,genus,0.0019468699198863027,abund,0.0,58,0
Kraken2,default,Kraken2_default,ZymoMockD6331,ZymoMockD6331,ont,D6331_Zymo,1649295,1649295,                Franconibacter,Franconibacter,genus,0.0016783361378330196,abund,0.0,50,0
Kraken2,default,Kraken2_default,ZymoMockD6331,ZymoMockD6331,ont,D6331_Zymo,451512,451512,                Mangrovibacter,Mangrovibacter,genus,0.001544069246806378,abund,0.0,46,0
Kraken2,default,Kraken2_default,ZymoMockD6331,ZymoMockD6331,ont,D6331_Zymo,702,702,                Plesiomonas,Plesiomonas,genus,0.0011412685737264535,abund,0.0,34,0
Kraken2,default,Kraken2_default,ZymoMockD6331,ZymoMockD6331,ont,D6331_Zymo,1177214,1177214,                Candidatus Profftia,Candidatus Profftia,genus,0.00043636739583658514,abund,0.0,13,0
Kraken2,default,Kraken2_default,ZymoMockD6331,ZymoMockD6331,ont,D6331_Zymo,401618,401618,                Candidatus Riesia,Candidatus Riesia,genus,0.00010070016826998118,abund,0.0,3,0
Kraken2,default,Kraken2_default,ZymoMockD6331,ZymoMockD6331,ont,D6331_Zymo,1048757,1048757,                Candidatus Moranella,Candidatus Moranella,genus,6.713344551332078e-05,abund,0.0,2,0
Kraken2,default,Kraken2_default,ZymoMockD6331,ZymoMockD6331,ont,D6331_Zymo,690591,690591,                Candidatus Curculioniphilus,Candidatus Curculioniphilus,genus,6.713344551332078e-05,abund,0.0,2,0
Kraken2,default,Kraken2_default,ZymoMockD6331,ZymoMockD6331,ont,D6331_Zymo,409304,409304,                Candidatus Ishikawella,Candidatus Ishikawella,genus,3.356672275666039e-05,abund,0.0,1,0
Kraken2,default,Kraken2_default,ZymoMockD6331,ZymoMockD6331,ont,D6331_Zymo,583,583,                Proteus,Proteus,genus,0.002316103870209567,abund,0.0,69,3
Kraken2,default,Kraken2_default,ZymoMockD6331,ZymoMockD6331,ont,D6331_Zymo,586,586,                Providencia,Providencia,genus,0.0009734349599431514,abund,0.0,29,10
Kraken2,default,Kraken2_default,ZymoMockD6331,ZymoMockD6331,ont,D6331_Zymo,581,581,                Morganella,Morganella,genus,0.0003692339503232643,abund,0.0,11,0
Kraken2,default,Kraken2_default,ZymoMockD6331,ZymoMockD6331,ont,D6331_Zymo,637,637,                Arsenophonus,Arsenophonus,genus,0.0003692339503232643,abund,0.0,11,4
Kraken2,default,Kraken2_default,ZymoMockD6331,ZymoMockD6331,ont,D6331_Zymo,626,626,                Xenorhabdus,Xenorhabdus,genus,0.00020140033653996236,abund,0.0,6,0
Kraken2,default,Kraken2_default,ZymoMockD6331,ZymoMockD6331,ont,D6331_Zymo,29487,29487,                Photorhabdus,Photorhabdus,genus,0.00010070016826998118,abund,0.0,3,0
Kraken2,default,Kraken2_default,ZymoMockD6331,ZymoMockD6331,ont,D6331_Zymo,158848,158848,                Moellerella,Moellerella,genus,6.713344551332078e-05,abund,0.0,2,0
Kraken2,default,Kraken2_default,ZymoMockD6331,ZymoMockD6331,ont,D6331_Zymo,32199,32199,                Buchnera,Buchnera,genus,0.0019468699198863027,abund,0.0,58,0
Kraken2,default,Kraken2_default,ZymoMockD6331,ZymoMockD6331,ont,D6331_Zymo,551,551,                Erwinia,Erwinia,genus,0.0011748352964831136,abund,0.0,35,1
Kraken2,default,Kraken2_default,ZymoMockD6331,ZymoMockD6331,ont,D6331_Zymo,53335,53335,                Pantoea,Pantoea,genus,0.0010405684054564722,abund,0.0,31,1
Kraken2,default,Kraken2_default,ZymoMockD6331,ZymoMockD6331,ont,D6331_Zymo,82986,82986,                Tatumella,Tatumella,genus,0.00010070016826998118,abund,0.0,3,0
Kraken2,default,Kraken2_default,ZymoMockD6331,ZymoMockD6331,ont,D6331_Zymo,2100764,2100764,                Mixta,Mixta,genus,3.356672275666039e-05,abund,0.0,1,0
Kraken2,default,Kraken2_default,ZymoMockD6331,ZymoMockD6331,ont,D6331_Zymo,204037,204037,                Dickeya,Dickeya,genus,0.0008056013461598495,abund,0.0,24,9
Kraken2,default,Kraken2_default,ZymoMockD6331,ZymoMockD6331,ont,D6331_Zymo,122277,122277,                Pectobacterium,Pectobacterium,genus,0.0007384679006465286,abund,0.0,22,7
Kraken2,default,Kraken2_default,ZymoMockD6331,ZymoMockD6331,ont,D6331_Zymo,71655,71655,                Brenneria,Brenneria,genus,0.00023496705929662275,abund,0.0,7,6
Kraken2,default,Kraken2_default,ZymoMockD6331,ZymoMockD6331,ont,D6331_Zymo,3059405,3059405,                Prodigiosinella,Prodigiosinella,genus,3.356672275666039e-05,abund,0.0,1,0
Kraken2,default,Kraken2_default,ZymoMockD6331,ZymoMockD6331,ont,D6331_Zymo,613,613,                Serratia,Serratia,genus,0.0006713344551332078,abund,0.0,20,13
Kraken2,default,Kraken2_default,ZymoMockD6331,ZymoMockD6331,ont,D6331_Zymo,629,629,                Yersinia,Yersinia,genus,0.0005035008413499059,abund,0.0,15,3
Kraken2,default,Kraken2_default,ZymoMockD6331,ZymoMockD6331,ont,D6331_Zymo,1745211,1745211,                Chania,Chania,genus,0.00020140033653996236,abund,0.0,6,0
Kraken2,default,Kraken2_default,ZymoMockD6331,ZymoMockD6331,ont,D6331_Zymo,34037,34037,                Rahnella,Rahnella,genus,3.356672275666039e-05,abund,0.0,1,0
Kraken2,default,Kraken2_default,ZymoMockD6331,ZymoMockD6331,ont,D6331_Zymo,929812,929812,                Gibbsiella,Gibbsiella,genus,3.356672275666039e-05,abund,0.0,1,0
Kraken2,default,Kraken2_default,ZymoMockD6331,ZymoMockD6331,ont,D6331_Zymo,1565532,1565532,                Rouxiella,Rouxiella,genus,3.356672275666039e-05,abund,0.0,1,1
Kraken2,default,Kraken2_default,ZymoMockD6331,ZymoMockD6331,ont,D6331_Zymo,1927833,1927833,                Candidatus Fukatsuia,Candidatus Fukatsuia,genus,3.356672275666039e-05,abund,0.0,1,0
Kraken2,default,Kraken2_default,ZymoMockD6331,ZymoMockD6331,ont,D6331_Zymo,1964366,1964366,                Nissabacter,Nissabacter,genus,3.356672275666039e-05,abund,0.0,1,0
Kraken2,default,Kraken2_default,ZymoMockD6331,ZymoMockD6331,ont,D6331_Zymo,84565,84565,                Sodalis,Sodalis,genus,0.0004699341185932455,abund,0.0,14,4
Kraken2,default,Kraken2_default,ZymoMockD6331,ZymoMockD6331,ont,D6331_Zymo,635,635,                Edwardsiella,Edwardsiella,genus,0.00026853378205328313,abund,0.0,8,0
Kraken2,default,Kraken2_default,ZymoMockD6331,ZymoMockD6331,ont,D6331_Zymo,568,568,                Hafnia,Hafnia,genus,0.00010070016826998118,abund,0.0,3,1
Kraken2,default,Kraken2_default,ZymoMockD6331,ZymoMockD6331,ont,D6331_Zymo,82982,82982,                Obesumbacterium,Obesumbacterium,genus,3.356672275666039e-05,abund,0.0,1,0
Kraken2,default,Kraken2_default,ZymoMockD6331,ZymoMockD6331,ont,D6331_Zymo,82980,82980,                Leminorella,Leminorella,genus,6.713344551332078e-05,abund,0.0,2,0
Kraken2,default,Kraken2_default,ZymoMockD6331,ZymoMockD6331,ont,D6331_Zymo,82984,82984,                Pragia,Pragia,genus,3.356672275666039e-05,abund,0.0,1,0
Kraken2,default,Kraken2_default,ZymoMockD6331,ZymoMockD6331,ont,D6331_Zymo,662,662,                Vibrio,Vibrio,genus,0.008190280352625135,abund,0.01,244,25
Kraken2,default,Kraken2_default,ZymoMockD6331,ZymoMockD6331,ont,D6331_Zymo,657,657,                Photobacterium,Photobacterium,genus,0.0011412685737264535,abund,0.0,34,0
Kraken2,default,Kraken2_default,ZymoMockD6331,ZymoMockD6331,ont,D6331_Zymo,511678,511678,                Aliivibrio,Aliivibrio,genus,0.00016783361378330195,abund,0.0,5,1
Kraken2,default,Kraken2_default,ZymoMockD6331,ZymoMockD6331,ont,D6331_Zymo,188143,188143,                Enterovibrio,Enterovibrio,genus,6.713344551332078e-05,abund,0.0,2,0
Kraken2,default,Kraken2_default,ZymoMockD6331,ZymoMockD6331,ont,D6331_Zymo,51366,51366,                Salinivibrio,Salinivibrio,genus,3.356672275666039e-05,abund,0.0,1,0
Kraken2,default,Kraken2_default,ZymoMockD6331,ZymoMockD6331,ont,D6331_Zymo,1076727,1076727,                Candidatus Photodesmus,Candidatus Photodesmus,genus,3.356672275666039e-05,abund,0.0,1,0
Kraken2,default,Kraken2_default,ZymoMockD6331,ZymoMockD6331,ont,D6331_Zymo,2014233,2014233,                Thaumasiovibrio,Thaumasiovibrio,genus,3.356672275666039e-05,abund,0.0,1,0
Kraken2,default,Kraken2_default,ZymoMockD6331,ZymoMockD6331,ont,D6331_Zymo,2042066,2042066,                Paraphotobacterium,Paraphotobacterium,genus,3.356672275666039e-05,abund,0.0,1,0
Kraken2,default,Kraken2_default,ZymoMockD6331,ZymoMockD6331,ont,D6331_Zymo,286,286,                Pseudomonas,Pseudomonas,genus,0.006981878333385362,abund,0.01,208,41
Kraken2,default,Kraken2_default,ZymoMockD6331,ZymoMockD6331,ont,D6331_Zymo,2901164,2901164,                Stutzerimonas,Stutzerimonas,genus,0.0003356672275666039,abund,0.0,10,1
Kraken2,default,Kraken2_default,ZymoMockD6331,ZymoMockD6331,ont,D6331_Zymo,3236656,3236656,                Metapseudomonas,Metapseudomonas,genus,0.00023496705929662275,abund,0.0,7,0
Kraken2,default,Kraken2_default,ZymoMockD6331,ZymoMockD6331,ont,D6331_Zymo,2758906,2758906,                Entomomonas,Entomomonas,genus,0.00020140033653996236,abund,0.0,6,0
Kraken2,default,Kraken2_default,ZymoMockD6331,ZymoMockD6331,ont,D6331_Zymo,3236652,3236652,                Aquipseudomonas,Aquipseudomonas,genus,0.00013426689102664157,abund,0.0,4,0
Kraken2,default,Kraken2_default,ZymoMockD6331,ZymoMockD6331,ont,D6331_Zymo,3236654,3236654,                Ectopseudomonas,Ectopseudomonas,genus,6.713344551332078e-05,abund,0.0,2,0
Kraken2,default,Kraken2_default,ZymoMockD6331,ZymoMockD6331,ont,D6331_Zymo,352,352,                  Azotobacter,Azotobacter,genus,3.356672275666039e-05,abund,0.0,1,0
Kraken2,default,Kraken2_default,ZymoMockD6331,ZymoMockD6331,ont,D6331_Zymo,1654787,1654787,                Thiopseudomonas,Thiopseudomonas,genus,3.356672275666039e-05,abund,0.0,1,0
Kraken2,default,Kraken2_default,ZymoMockD6331,ZymoMockD6331,ont,D6331_Zymo,2901189,2901189,                Halopseudomonas,Halopseudomonas,genus,3.356672275666039e-05,abund,0.0,1,0
Kraken2,default,Kraken2_default,ZymoMockD6331,ZymoMockD6331,ont,D6331_Zymo,2025617,2025617,                Ketobacter,Ketobacter,genus,0.00016783361378330195,abund,0.0,5,0
Kraken2,default,Kraken2_default,ZymoMockD6331,ZymoMockD6331,ont,D6331_Zymo,2742,2742,                Marinobacter,Marinobacter,genus,6.713344551332078e-05,abund,0.0,2,1
Kraken2,default,Kraken2_default,ZymoMockD6331,ZymoMockD6331,ont,D6331_Zymo,1524249,1524249,                Pseudohongiella,Pseudohongiella,genus,6.713344551332078e-05,abund,0.0,2,0
Kraken2,default,Kraken2_default,ZymoMockD6331,ZymoMockD6331,ont,D6331_Zymo,22,22,                Shewanella,Shewanella,genus,0.0021818369791829256,abund,0.0,65,3
Kraken2,default,Kraken2_default,ZymoMockD6331,ZymoMockD6331,ont,D6331_Zymo,2547964,2547964,                Parashewanella,Parashewanella,genus,3.356672275666039e-05,abund,0.0,1,0
Kraken2,default,Kraken2_default,ZymoMockD6331,ZymoMockD6331,ont,D6331_Zymo,226,226,                  Alteromonas,Alteromonas,genus,0.0008727347916731703,abund,0.0,26,0
Kraken2,default,Kraken2_default,ZymoMockD6331,ZymoMockD6331,ont,D6331_Zymo,288793,288793,                  Salinimonas,Salinimonas,genus,3.356672275666039e-05,abund,0.0,1,0
Kraken2,default,Kraken2_default,ZymoMockD6331,ZymoMockD6331,ont,D6331_Zymo,1621534,1621534,                Paraglaciecola,Paraglaciecola,genus,0.0003692339503232643,abund,0.0,11,0
Kraken2,default,Kraken2_default,ZymoMockD6331,ZymoMockD6331,ont,D6331_Zymo,1858563,1858563,                Alkalimarinus,Alkalimarinus,genus,0.00023496705929662275,abund,0.0,7,0
Kraken2,default,Kraken2_default,ZymoMockD6331,ZymoMockD6331,ont,D6331_Zymo,2905123,2905123,                Paraneptunicella,Paraneptunicella,genus,0.00016783361378330195,abund,0.0,5,0
Kraken2,default,Kraken2_default,ZymoMockD6331,ZymoMockD6331,ont,D6331_Zymo,2108524,2108524,                Halioxenophilus,Halioxenophilus,genus,0.00013426689102664157,abund,0.0,4,0
Kraken2,default,Kraken2_default,ZymoMockD6331,ZymoMockD6331,ont,D6331_Zymo,261825,261825,                Agarivorans,Agarivorans,genus,0.00010070016826998118,abund,0.0,3,0
Kraken2,default,Kraken2_default,ZymoMockD6331,ZymoMockD6331,ont,D6331_Zymo,1172191,1172191,                Catenovulum,Catenovulum,genus,6.713344551332078e-05,abund,0.0,2,0
Kraken2,default,Kraken2_default,ZymoMockD6331,ZymoMockD6331,ont,D6331_Zymo,3160924,3160924,                Brumicola,Brumicola,genus,6.713344551332078e-05,abund,0.0,2,0
Kraken2,default,Kraken2_default,ZymoMockD6331,ZymoMockD6331,ont,D6331_Zymo,1751872,1751872,                Lacimicrobium,Lacimicrobium,genus,6.713344551332078e-05,abund,0.0,2,0
Kraken2,default,Kraken2_default,ZymoMockD6331,ZymoMockD6331,ont,D6331_Zymo,2894574,2894574,                Saccharobesus,Saccharobesus,genus,3.356672275666039e-05,abund,0.0,1,0
Kraken2,default,Kraken2_default,ZymoMockD6331,ZymoMockD6331,ont,D6331_Zymo,1406885,1406885,                Aliiglaciecola,Aliiglaciecola,genus,3.356672275666039e-05,abund,0.0,1,0
Kraken2,default,Kraken2_default,ZymoMockD6331,ZymoMockD6331,ont,D6331_Zymo,53246,53246,                Pseudoalteromonas,Pseudoalteromonas,genus,0.0014098023557797365,abund,0.0,42,8
Kraken2,default,Kraken2_default,ZymoMockD6331,ZymoMockD6331,ont,D6331_Zymo,907197,907197,                Psychrosphaera,Psychrosphaera,genus,6.713344551332078e-05,abund,0.0,2,0
Kraken2,default,Kraken2_default,ZymoMockD6331,ZymoMockD6331,ont,D6331_Zymo,28228,28228,                Colwellia,Colwellia,genus,0.0006713344551332078,abund,0.0,20,0
Kraken2,default,Kraken2_default,ZymoMockD6331,ZymoMockD6331,ont,D6331_Zymo,1518149,1518149,                Thalassotalea,Thalassotalea,genus,0.00040280067307992473,abund,0.0,12,0
Kraken2,default,Kraken2_default,ZymoMockD6331,ZymoMockD6331,ont,D6331_Zymo,137583,137583,                Thalassomonas,Thalassomonas,genus,0.00013426689102664157,abund,0.0,4,0
Kraken2,default,Kraken2_default,ZymoMockD6331,ZymoMockD6331,ont,D6331_Zymo,67572,67572,                Psychromonas,Psychromonas,genus,0.00020140033653996236,abund,0.0,6,1
Kraken2,default,Kraken2_default,ZymoMockD6331,ZymoMockD6331,ont,D6331_Zymo,2800384,2800384,                Pseudidiomarina,Pseudidiomarina,genus,0.00013426689102664157,abund,0.0,4,0
Kraken2,default,Kraken2_default,ZymoMockD6331,ZymoMockD6331,ont,D6331_Zymo,58050,58050,                Moritella,Moritella,genus,6.713344551332078e-05,abund,0.0,2,0
Kraken2,default,Kraken2_default,ZymoMockD6331,ZymoMockD6331,ont,D6331_Zymo,44011,44011,                Ferrimonas,Ferrimonas,genus,3.356672275666039e-05,abund,0.0,1,0
Kraken2,default,Kraken2_default,ZymoMockD6331,ZymoMockD6331,ont,D6331_Zymo,469,469,                Acinetobacter,Acinetobacter,genus,0.004867174799715757,abund,0.0,145,33
Kraken2,default,Kraken2_default,ZymoMockD6331,ZymoMockD6331,ont,D6331_Zymo,497,497,                Psychrobacter,Psychrobacter,genus,0.0008727347916731703,abund,0.0,26,4
Kraken2,default,Kraken2_default,ZymoMockD6331,ZymoMockD6331,ont,D6331_Zymo,475,475,                Moraxella,Moraxella,genus,0.0005370675641065663,abund,0.0,16,4
Kraken2,default,Kraken2_default,ZymoMockD6331,ZymoMockD6331,ont,D6331_Zymo,292486,292486,                Avibacterium,Avibacterium,genus,0.0014098023557797365,abund,0.0,42,0
Kraken2,default,Kraken2_default,ZymoMockD6331,ZymoMockD6331,ont,D6331_Zymo,724,724,                Haemophilus,Haemophilus,genus,0.0006042010096198871,abund,0.0,18,3
Kraken2,default,Kraken2_default,ZymoMockD6331,ZymoMockD6331,ont,D6331_Zymo,75984,75984,                Mannheimia,Mannheimia,genus,0.0003356672275666039,abund,0.0,10,3
Kraken2,default,Kraken2_default,ZymoMockD6331,ZymoMockD6331,ont,D6331_Zymo,745,745,                Pasteurella,Pasteurella,genus,0.00030210050480994355,abund,0.0,9,0
Kraken2,default,Kraken2_default,ZymoMockD6331,ZymoMockD6331,ont,D6331_Zymo,713,713,                Actinobacillus,Actinobacillus,genus,0.00026853378205328313,abund,0.0,8,0
Kraken2,default,Kraken2_default,ZymoMockD6331,ZymoMockD6331,ont,D6331_Zymo,214906,214906,                Histophilus,Histophilus,genus,0.00010070016826998118,abund,0.0,3,0
Kraken2,default,Kraken2_default,ZymoMockD6331,ZymoMockD6331,ont,D6331_Zymo,416916,416916,                Aggregatibacter,Aggregatibacter,genus,6.713344551332078e-05,abund,0.0,2,0
Kraken2,default,Kraken2_default,ZymoMockD6331,ZymoMockD6331,ont,D6331_Zymo,1960084,1960084,                Rodentibacter,Rodentibacter,genus,6.713344551332078e-05,abund,0.0,2,0
Kraken2,default,Kraken2_default,ZymoMockD6331,ZymoMockD6331,ont,D6331_Zymo,1249016,1249016,                Otariodibacter,Otariodibacter,genus,6.713344551332078e-05,abund,0.0,2,0
Kraken2,default,Kraken2_default,ZymoMockD6331,ZymoMockD6331,ont,D6331_Zymo,53416,53416,                Lonepinella,Lonepinella,genus,6.713344551332078e-05,abund,0.0,2,0
Kraken2,default,Kraken2_default,ZymoMockD6331,ZymoMockD6331,ont,D6331_Zymo,109471,109471,                Bisgaardia,Bisgaardia,genus,3.356672275666039e-05,abund,0.0,1,0
Kraken2,default,Kraken2_default,ZymoMockD6331,ZymoMockD6331,ont,D6331_Zymo,2899790,2899790,                Mergibacter,Mergibacter,genus,3.356672275666039e-05,abund,0.0,1,0
Kraken2,default,Kraken2_default,ZymoMockD6331,ZymoMockD6331,ont,D6331_Zymo,2745,2745,                Halomonas,Halomonas,genus,0.0006377677323765474,abund,0.0,19,1
Kraken2,default,Kraken2_default,ZymoMockD6331,ZymoMockD6331,ont,D6331_Zymo,114185,114185,                  Candidatus Carsonella,Candidatus Carsonella,genus,0.0003692339503232643,abund,0.0,11,0
Kraken2,default,Kraken2_default,ZymoMockD6331,ZymoMockD6331,ont,D6331_Zymo,3137766,3137766,                Vreelandella,Vreelandella,genus,0.00030210050480994355,abund,0.0,9,0
Kraken2,default,Kraken2_default,ZymoMockD6331,ZymoMockD6331,ont,D6331_Zymo,204286,204286,                Cobetia,Cobetia,genus,3.356672275666039e-05,abund,0.0,1,0
Kraken2,default,Kraken2_default,ZymoMockD6331,ZymoMockD6331,ont,D6331_Zymo,28253,28253,                Marinomonas,Marinomonas,genus,0.0003692339503232643,abund,0.0,11,0
Kraken2,default,Kraken2_default,ZymoMockD6331,ZymoMockD6331,ont,D6331_Zymo,187492,187492,                Thalassolituus,Thalassolituus,genus,0.00020140033653996236,abund,0.0,6,0
Kraken2,default,Kraken2_default,ZymoMockD6331,ZymoMockD6331,ont,D6331_Zymo,75687,75687,                Neptunomonas,Neptunomonas,genus,0.00016783361378330195,abund,0.0,5,0
Kraken2,default,Kraken2_default,ZymoMockD6331,ZymoMockD6331,ont,D6331_Zymo,1537406,1537406,                Bacterioplanes,Bacterioplanes,genus,0.00016783361378330195,abund,0.0,5,0
Kraken2,default,Kraken2_default,ZymoMockD6331,ZymoMockD6331,ont,D6331_Zymo,459520,459520,                Neptuniibacter,Neptuniibacter,genus,0.00013426689102664157,abund,0.0,4,0
Kraken2,default,Kraken2_default,ZymoMockD6331,ZymoMockD6331,ont,D6331_Zymo,2893036,2893036,                Venatoribacter,Venatoribacter,genus,6.713344551332078e-05,abund,0.0,2,0
Kraken2,default,Kraken2_default,ZymoMockD6331,ZymoMockD6331,ont,D6331_Zymo,267849,267849,                Nitrincola,Nitrincola,genus,3.356672275666039e-05,abund,0.0,1,0
Kraken2,default,Kraken2_default,ZymoMockD6331,ZymoMockD6331,ont,D6331_Zymo,515417,515417,                Amphritea,Amphritea,genus,3.356672275666039e-05,abund,0.0,1,0
Kraken2,default,Kraken2_default,ZymoMockD6331,ZymoMockD6331,ont,D6331_Zymo,3018276,3018276,                Aliamphritea,Aliamphritea,genus,3.356672275666039e-05,abund,0.0,1,0
Kraken2,default,Kraken2_default,ZymoMockD6331,ZymoMockD6331,ont,D6331_Zymo,305899,305899,                Endozoicomonas,Endozoicomonas,genus,0.00043636739583658514,abund,0.0,13,0
Kraken2,default,Kraken2_default,ZymoMockD6331,ZymoMockD6331,ont,D6331_Zymo,59753,59753,                Alcanivorax,Alcanivorax,genus,0.00010070016826998118,abund,0.0,3,0
Kraken2,default,Kraken2_default,ZymoMockD6331,ZymoMockD6331,ont,D6331_Zymo,230494,230494,                Reinekea,Reinekea,genus,3.356672275666039e-05,abund,0.0,1,0
Kraken2,default,Kraken2_default,ZymoMockD6331,ZymoMockD6331,ont,D6331_Zymo,1445504,1445504,                Gynuella,Gynuella,genus,3.356672275666039e-05,abund,0.0,1,0
Kraken2,default,Kraken2_default,ZymoMockD6331,ZymoMockD6331,ont,D6331_Zymo,1502941,1502941,                Pleionea,Pleionea,genus,6.713344551332078e-05,abund,0.0,2,0
Kraken2,default,Kraken2_default,ZymoMockD6331,ZymoMockD6331,ont,D6331_Zymo,2768738,2768738,                Spartinivicinus,Spartinivicinus,genus,3.356672275666039e-05,abund,0.0,1,0
Kraken2,default,Kraken2_default,ZymoMockD6331,ZymoMockD6331,ont,D6331_Zymo,40323,40323,                Stenotrophomonas,Stenotrophomonas,genus,0.0012084020192397742,abund,0.0,36,3
Kraken2,default,Kraken2_default,ZymoMockD6331,ZymoMockD6331,ont,D6331_Zymo,338,338,                Xanthomonas,Xanthomonas,genus,0.0008056013461598495,abund,0.0,24,2
Kraken2,default,Kraken2_default,ZymoMockD6331,ZymoMockD6331,ont,D6331_Zymo,2370,2370,                Xylella,Xylella,genus,0.00026853378205328313,abund,0.0,8,0
Kraken2,default,Kraken2_default,ZymoMockD6331,ZymoMockD6331,ont,D6331_Zymo,68,68,                Lysobacter,Lysobacter,genus,3.356672275666039e-05,abund,0.0,1,0
Kraken2,default,Kraken2_default,ZymoMockD6331,ZymoMockD6331,ont,D6331_Zymo,141948,141948,                Thermomonas,Thermomonas,genus,3.356672275666039e-05,abund,0.0,1,0
Kraken2,default,Kraken2_default,ZymoMockD6331,ZymoMockD6331,ont,D6331_Zymo,75309,75309,                Rhodanobacter,Rhodanobacter,genus,3.356672275666039e-05,abund,0.0,1,0
Kraken2,default,Kraken2_default,ZymoMockD6331,ZymoMockD6331,ont,D6331_Zymo,1453544,1453544,                Tahibacter,Tahibacter,genus,3.356672275666039e-05,abund,0.0,1,0
Kraken2,default,Kraken2_default,ZymoMockD6331,ZymoMockD6331,ont,D6331_Zymo,262,262,                Francisella,Francisella,genus,0.0014098023557797365,abund,0.0,42,4
Kraken2,default,Kraken2_default,ZymoMockD6331,ZymoMockD6331,ont,D6331_Zymo,1869285,1869285,                Allofrancisella,Allofrancisella,genus,0.00010070016826998118,abund,0.0,3,0
Kraken2,default,Kraken2_default,ZymoMockD6331,ZymoMockD6331,ont,D6331_Zymo,2039723,2039723,                Thiomicrorhabdus,Thiomicrorhabdus,genus,0.00030210050480994355,abund,0.0,9,0
Kraken2,default,Kraken2_default,ZymoMockD6331,ZymoMockD6331,ont,D6331_Zymo,2781121,2781121,                Thiosulfatimonas,Thiosulfatimonas,genus,0.00016783361378330195,abund,0.0,5,0
Kraken2,default,Kraken2_default,ZymoMockD6331,ZymoMockD6331,ont,D6331_Zymo,40222,40222,                Methylophaga,Methylophaga,genus,0.00013426689102664157,abund,0.0,4,0
Kraken2,default,Kraken2_default,ZymoMockD6331,ZymoMockD6331,ont,D6331_Zymo,933,933,                Thiomicrospira,Thiomicrospira,genus,0.00010070016826998118,abund,0.0,3,0
Kraken2,default,Kraken2_default,ZymoMockD6331,ZymoMockD6331,ont,D6331_Zymo,28884,28884,                Hydrogenovibrio,Hydrogenovibrio,genus,3.356672275666039e-05,abund,0.0,1,0
Kraken2,default,Kraken2_default,ZymoMockD6331,ZymoMockD6331,ont,D6331_Zymo,1021,1021,                Beggiatoa,Beggiatoa,genus,0.00010070016826998118,abund,0.0,3,0
Kraken2,default,Kraken2_default,ZymoMockD6331,ZymoMockD6331,ont,D6331_Zymo,2056696,2056696,                Cysteiniphilum,Cysteiniphilum,genus,3.356672275666039e-05,abund,0.0,1,0
Kraken2,default,Kraken2_default,ZymoMockD6331,ZymoMockD6331,ont,D6331_Zymo,445,445,                Legionella,Legionella,genus,0.001611202692319699,abund,0.0,48,1
Kraken2,default,Kraken2_default,ZymoMockD6331,ZymoMockD6331,ont,D6331_Zymo,59195,59195,                Rickettsiella,Rickettsiella,genus,0.00023496705929662275,abund,0.0,7,0
Kraken2,default,Kraken2_default,ZymoMockD6331,ZymoMockD6331,ont,D6331_Zymo,776,776,                Coxiella,Coxiella,genus,6.713344551332078e-05,abund,0.0,2,0
Kraken2,default,Kraken2_default,ZymoMockD6331,ZymoMockD6331,ont,D6331_Zymo,1193503,1193503,                Gilliamella,Gilliamella,genus,0.0006713344551332078,abund,0.0,20,2
Kraken2,default,Kraken2_default,ZymoMockD6331,ZymoMockD6331,ont,D6331_Zymo,1335631,1335631,                Frischella,Frischella,genus,0.00026853378205328313,abund,0.0,8,0
Kraken2,default,Kraken2_default,ZymoMockD6331,ZymoMockD6331,ont,D6331_Zymo,743714,743714,                Orbus,Orbus,genus,0.00016783361378330195,abund,0.0,5,0
Kraken2,default,Kraken2_default,ZymoMockD6331,ZymoMockD6331,ont,D6331_Zymo,2894762,2894762,                Zophobihabitans,Zophobihabitans,genus,3.356672275666039e-05,abund,0.0,1,0
Kraken2,default,Kraken2_default,ZymoMockD6331,ZymoMockD6331,ont,D6331_Zymo,3373510,3373510,                Utexia,Utexia,genus,3.356672275666039e-05,abund,0.0,1,0
Kraken2,default,Kraken2_default,ZymoMockD6331,ZymoMockD6331,ont,D6331_Zymo,156885,156885,                Thioflavicoccus,Thioflavicoccus,genus,0.00040280067307992473,abund,0.0,12,0
Kraken2,default,Kraken2_default,ZymoMockD6331,ZymoMockD6331,ont,D6331_Zymo,67575,67575,                Rheinheimera,Rheinheimera,genus,0.0003356672275666039,abund,0.0,10,0
Kraken2,default,Kraken2_default,ZymoMockD6331,ZymoMockD6331,ont,D6331_Zymo,1980513,1980513,                Candidatus Nitrosoglobus,Candidatus Nitrosoglobus,genus,0.00013426689102664157,abund,0.0,4,0
Kraken2,default,Kraken2_default,ZymoMockD6331,ZymoMockD6331,ont,D6331_Zymo,2796146,2796146,                Candidatus Nitrosacidococcus,Candidatus Nitrosacidococcus,genus,6.713344551332078e-05,abund,0.0,2,0
Kraken2,default,Kraken2_default,ZymoMockD6331,ZymoMockD6331,ont,D6331_Zymo,1056,1056,                Thiocapsa,Thiocapsa,genus,3.356672275666039e-05,abund,0.0,1,0
Kraken2,default,Kraken2_default,ZymoMockD6331,ZymoMockD6331,ont,D6331_Zymo,1227,1227,                Nitrosococcus,Nitrosococcus,genus,3.356672275666039e-05,abund,0.0,1,0
Kraken2,default,Kraken2_default,ZymoMockD6331,ZymoMockD6331,ont,D6331_Zymo,13724,13724,                Thiocystis,Thiocystis,genus,3.356672275666039e-05,abund,0.0,1,0
Kraken2,default,Kraken2_default,ZymoMockD6331,ZymoMockD6331,ont,D6331_Zymo,53392,53392,                Thiodictyon,Thiodictyon,genus,3.356672275666039e-05,abund,0.0,1,0
Kraken2,default,Kraken2_default,ZymoMockD6331,ZymoMockD6331,ont,D6331_Zymo,109262,109262,                Halothiobacillus,Halothiobacillus,genus,3.356672275666039e-05,abund,0.0,1,0
Kraken2,default,Kraken2_default,ZymoMockD6331,ZymoMockD6331,ont,D6331_Zymo,437504,437504,                Granulosicoccus,Granulosicoccus,genus,3.356672275666039e-05,abund,0.0,1,0
Kraken2,default,Kraken2_default,ZymoMockD6331,ZymoMockD6331,ont,D6331_Zymo,1676142,1676142,                Wenzhouxiangella,Wenzhouxiangella,genus,3.356672275666039e-05,abund,0.0,1,0
Kraken2,default,Kraken2_default,ZymoMockD6331,ZymoMockD6331,ont,D6331_Zymo,349742,349742,                Sedimenticola,Sedimenticola,genus,3.356672275666039e-05,abund,0.0,1,0
Kraken2,default,Kraken2_default,ZymoMockD6331,ZymoMockD6331,ont,D6331_Zymo,642,642,                Aeromonas,Aeromonas,genus,0.0005706342868632267,abund,0.0,17,8
Kraken2,default,Kraken2_default,ZymoMockD6331,ZymoMockD6331,ont,D6331_Zymo,347533,347533,                Zobellella,Zobellella,genus,3.356672275666039e-05,abund,0.0,1,1
Kraken2,default,Kraken2_default,ZymoMockD6331,ZymoMockD6331,ont,D6331_Zymo,83770,83770,                Succinivibrio,Succinivibrio,genus,3.356672275666039e-05,abund,0.0,1,0
Kraken2,default,Kraken2_default,ZymoMockD6331,ZymoMockD6331,ont,D6331_Zymo,630749,630749,                Spongiibacter,Spongiibacter,genus,0.00023496705929662275,abund,0.0,7,0
Kraken2,default,Kraken2_default,ZymoMockD6331,ZymoMockD6331,ont,D6331_Zymo,10,10,                Cellvibrio,Cellvibrio,genus,0.00010070016826998118,abund,0.0,3,0
Kraken2,default,Kraken2_default,ZymoMockD6331,ZymoMockD6331,ont,D6331_Zymo,2425,2425,                Teredinibacter,Teredinibacter,genus,3.356672275666039e-05,abund,0.0,1,0
Kraken2,default,Kraken2_default,ZymoMockD6331,ZymoMockD6331,ont,D6331_Zymo,316625,316625,                Saccharophagus,Saccharophagus,genus,3.356672275666039e-05,abund,0.0,1,0
Kraken2,default,Kraken2_default,ZymoMockD6331,ZymoMockD6331,ont,D6331_Zymo,2038244,2038244,                Agaribacterium,Agaribacterium,genus,3.356672275666039e-05,abund,0.0,1,0
Kraken2,default,Kraken2_default,ZymoMockD6331,ZymoMockD6331,ont,D6331_Zymo,48073,48073,                Microbulbifer,Microbulbifer,genus,0.00013426689102664157,abund,0.0,4,0
Kraken2,default,Kraken2_default,ZymoMockD6331,ZymoMockD6331,ont,D6331_Zymo,2678529,2678529,                Kineobactrum,Kineobactrum,genus,3.356672275666039e-05,abund,0.0,1,0
Kraken2,default,Kraken2_default,ZymoMockD6331,ZymoMockD6331,ont,D6331_Zymo,2841677,2841677,                Candidatus Pseudothioglobus,Candidatus Pseudothioglobus,genus,0.00020140033653996236,abund,0.0,6,0
Kraken2,default,Kraken2_default,ZymoMockD6331,ZymoMockD6331,ont,D6331_Zymo,2732587,2732587,                Candidatus Vesicomyosocius,Candidatus Vesicomyosocius,genus,0.00010070016826998118,abund,0.0,3,2
Kraken2,default,Kraken2_default,ZymoMockD6331,ZymoMockD6331,ont,D6331_Zymo,1541743,1541743,                Candidatus Ruthturnera,Candidatus Ruthturnera,genus,6.713344551332078e-05,abund,0.0,2,1
Kraken2,default,Kraken2_default,ZymoMockD6331,ZymoMockD6331,ont,D6331_Zymo,655184,655184,                Candidatus Thioglobus,Candidatus Thioglobus,genus,3.356672275666039e-05,abund,0.0,1,0
Kraken2,default,Kraken2_default,ZymoMockD6331,ZymoMockD6331,ont,D6331_Zymo,2738850,2738850,              Candidatus Reidiella,Candidatus Reidiella,genus,3.356672275666039e-05,abund,0.0,1,0
Kraken2,default,Kraken2_default,ZymoMockD6331,ZymoMockD6331,ont,D6331_Zymo,416,416,                Methylomonas,Methylomonas,genus,0.00013426689102664157,abund,0.0,4,1
Kraken2,default,Kraken2_default,ZymoMockD6331,ZymoMockD6331,ont,D6331_Zymo,1760987,1760987,                Methylomagnum,Methylomagnum,genus,0.00013426689102664157,abund,0.0,4,0
Kraken2,default,Kraken2_default,ZymoMockD6331,ZymoMockD6331,ont,D6331_Zymo,39773,39773,                Methylomicrobium,Methylomicrobium,genus,3.356672275666039e-05,abund,0.0,1,0
Kraken2,default,Kraken2_default,ZymoMockD6331,ZymoMockD6331,ont,D6331_Zymo,73778,73778,                Methylocaldum,Methylocaldum,genus,3.356672275666039e-05,abund,0.0,1,0
Kraken2,default,Kraken2_default,ZymoMockD6331,ZymoMockD6331,ont,D6331_Zymo,2822410,2822410,                Methylotuvimicrobium,Methylotuvimicrobium,genus,3.356672275666039e-05,abund,0.0,1,0
Kraken2,default,Kraken2_default,ZymoMockD6331,ZymoMockD6331,ont,D6331_Zymo,235572,235572,                Candidatus Portiera,Candidatus Portiera,genus,0.00013426689102664157,abund,0.0,4,0
Kraken2,default,Kraken2_default,ZymoMockD6331,ZymoMockD6331,ont,D6331_Zymo,112008,112008,                Ignatzschineria,Ignatzschineria,genus,3.356672275666039e-05,abund,0.0,1,0
Kraken2,default,Kraken2_default,ZymoMockD6331,ZymoMockD6331,ont,D6331_Zymo,1273155,1273155,                Thiohalobacter,Thiohalobacter,genus,3.356672275666039e-05,abund,0.0,1,1
Kraken2,default,Kraken2_default,ZymoMockD6331,ZymoMockD6331,ont,D6331_Zymo,261963,261963,                Kangiella,Kangiella,genus,3.356672275666039e-05,abund,0.0,1,0
Kraken2,default,Kraken2_default,ZymoMockD6331,ZymoMockD6331,ont,D6331_Zymo,32008,32008,                Burkholderia,Burkholderia,genus,0.030579284431317615,abund,0.03,911,3
Kraken2,default,Kraken2_default,ZymoMockD6331,ZymoMockD6331,ont,D6331_Zymo,44013,44013,                Polynucleobacter,Polynucleobacter,genus,0.0008391680689165098,abund,0.0,25,3
Kraken2,default,Kraken2_default,ZymoMockD6331,ZymoMockD6331,ont,D6331_Zymo,106589,106589,                Cupriavidus,Cupriavidus,genus,0.0005706342868632267,abund,0.0,17,0
Kraken2,default,Kraken2_default,ZymoMockD6331,ZymoMockD6331,ont,D6331_Zymo,1822464,1822464,                Paraburkholderia,Paraburkholderia,genus,0.00030210050480994355,abund,0.0,9,1
Kraken2,default,Kraken2_default,ZymoMockD6331,ZymoMockD6331,ont,D6331_Zymo,1827195,1827195,                Caballeronia,Caballeronia,genus,0.00010070016826998118,abund,0.0,3,0
Kraken2,default,Kraken2_default,ZymoMockD6331,ZymoMockD6331,ont,D6331_Zymo,48736,48736,                Ralstonia,Ralstonia,genus,3.356672275666039e-05,abund,0.0,1,0
Kraken2,default,Kraken2_default,ZymoMockD6331,ZymoMockD6331,ont,D6331_Zymo,93217,93217,                Pandoraea,Pandoraea,genus,3.356672275666039e-05,abund,0.0,1,0
Kraken2,default,Kraken2_default,ZymoMockD6331,ZymoMockD6331,ont,D6331_Zymo,238749,238749,                Diaphorobacter,Diaphorobacter,genus,0.0003356672275666039,abund,0.0,10,0
Kraken2,default,Kraken2_default,ZymoMockD6331,ZymoMockD6331,ont,D6331_Zymo,12916,12916,                Acidovorax,Acidovorax,genus,0.00023496705929662275,abund,0.0,7,1
Kraken2,default,Kraken2_default,ZymoMockD6331,ZymoMockD6331,ont,D6331_Zymo,34072,34072,                Variovorax,Variovorax,genus,0.00020140033653996236,abund,0.0,6,0
Kraken2,default,Kraken2_default,ZymoMockD6331,ZymoMockD6331,ont,D6331_Zymo,2038733,2038733,                Oryzisolibacter,Oryzisolibacter,genus,0.00016783361378330195,abund,0.0,5,0
Kraken2,default,Kraken2_default,ZymoMockD6331,ZymoMockD6331,ont,D6331_Zymo,283,283,                Comamonas,Comamonas,genus,0.00016783361378330195,abund,0.0,5,0
Kraken2,default,Kraken2_default,ZymoMockD6331,ZymoMockD6331,ont,D6331_Zymo,28065,28065,                Rhodoferax,Rhodoferax,genus,0.00010070016826998118,abund,0.0,3,0
Kraken2,default,Kraken2_default,ZymoMockD6331,ZymoMockD6331,ont,D6331_Zymo,80865,80865,                Delftia,Delftia,genus,3.356672275666039e-05,abund,0.0,1,0
Kraken2,default,Kraken2_default,ZymoMockD6331,ZymoMockD6331,ont,D6331_Zymo,219181,219181,                Ottowia,Ottowia,genus,3.356672275666039e-05,abund,0.0,1,0
Kraken2,default,Kraken2_default,ZymoMockD6331,ZymoMockD6331,ont,D6331_Zymo,352450,352450,                Simplicispira,Simplicispira,genus,3.356672275666039e-05,abund,0.0,1,0
Kraken2,default,Kraken2_default,ZymoMockD6331,ZymoMockD6331,ont,D6331_Zymo,1522432,1522432,                  Pseudoduganella,Pseudoduganella,genus,0.00016783361378330195,abund,0.0,5,0
Kraken2,default,Kraken2_default,ZymoMockD6331,ZymoMockD6331,ont,D6331_Zymo,149698,149698,                  Massilia,Massilia,genus,0.00010070016826998118,abund,0.0,3,0
Kraken2,default,Kraken2_default,ZymoMockD6331,ZymoMockD6331,ont,D6331_Zymo,75654,75654,                  Duganella,Duganella,genus,3.356672275666039e-05,abund,0.0,1,0
Kraken2,default,Kraken2_default,ZymoMockD6331,ZymoMockD6331,ont,D6331_Zymo,29580,29580,                Janthinobacterium,Janthinobacterium,genus,0.00026853378205328313,abund,0.0,8,0
Kraken2,default,Kraken2_default,ZymoMockD6331,ZymoMockD6331,ont,D6331_Zymo,963,963,                Herbaspirillum,Herbaspirillum,genus,0.00023496705929662275,abund,0.0,7,0
Kraken2,default,Kraken2_default,ZymoMockD6331,ZymoMockD6331,ont,D6331_Zymo,401469,401469,                Undibacterium,Undibacterium,genus,0.00020140033653996236,abund,0.0,6,0
Kraken2,default,Kraken2_default,ZymoMockD6331,ZymoMockD6331,ont,D6331_Zymo,1229970,1229970,                Glaciimonas,Glaciimonas,genus,0.00010070016826998118,abund,0.0,3,0
Kraken2,default,Kraken2_default,ZymoMockD6331,ZymoMockD6331,ont,D6331_Zymo,846,846,                Oxalobacter,Oxalobacter,genus,3.356672275666039e-05,abund,0.0,1,0
Kraken2,default,Kraken2_default,ZymoMockD6331,ZymoMockD6331,ont,D6331_Zymo,222,222,                Achromobacter,Achromobacter,genus,0.00026853378205328313,abund,0.0,8,0
Kraken2,default,Kraken2_default,ZymoMockD6331,ZymoMockD6331,ont,D6331_Zymo,106146,106146,                Pelistega,Pelistega,genus,0.00016783361378330195,abund,0.0,5,0
Kraken2,default,Kraken2_default,ZymoMockD6331,ZymoMockD6331,ont,D6331_Zymo,517,517,                Bordetella,Bordetella,genus,0.00013426689102664157,abund,0.0,4,1
Kraken2,default,Kraken2_default,ZymoMockD6331,ZymoMockD6331,ont,D6331_Zymo,1921582,1921582,                Orrella,Orrella,genus,6.713344551332078e-05,abund,0.0,2,0
Kraken2,default,Kraken2_default,ZymoMockD6331,ZymoMockD6331,ont,D6331_Zymo,152267,152267,                Pigmentiphaga,Pigmentiphaga,genus,6.713344551332078e-05,abund,0.0,2,0
Kraken2,default,Kraken2_default,ZymoMockD6331,ZymoMockD6331,ont,D6331_Zymo,507,507,                Alcaligenes,Alcaligenes,genus,3.356672275666039e-05,abund,0.0,1,0
Kraken2,default,Kraken2_default,ZymoMockD6331,ZymoMockD6331,ont,D6331_Zymo,1100891,1100891,                Paenalcaligenes,Paenalcaligenes,genus,3.356672275666039e-05,abund,0.0,1,0
Kraken2,default,Kraken2_default,ZymoMockD6331,ZymoMockD6331,ont,D6331_Zymo,290425,290425,                Advenella,Advenella,genus,3.356672275666039e-05,abund,0.0,1,0
Kraken2,default,Kraken2_default,ZymoMockD6331,ZymoMockD6331,ont,D6331_Zymo,1114981,1114981,                Piscinibacter,Piscinibacter,genus,0.00026853378205328313,abund,0.0,8,0
Kraken2,default,Kraken2_default,ZymoMockD6331,ZymoMockD6331,ont,D6331_Zymo,88,88,                Leptothrix,Leptothrix,genus,3.356672275666039e-05,abund,0.0,1,0
Kraken2,default,Kraken2_default,ZymoMockD6331,ZymoMockD6331,ont,D6331_Zymo,34102,34102,                Sphaerotilus,Sphaerotilus,genus,3.356672275666039e-05,abund,0.0,1,0
Kraken2,default,Kraken2_default,ZymoMockD6331,ZymoMockD6331,ont,D6331_Zymo,93681,93681,                Roseateles,Roseateles,genus,3.356672275666039e-05,abund,0.0,1,0
Kraken2,default,Kraken2_default,ZymoMockD6331,ZymoMockD6331,ont,D6331_Zymo,2929841,2929841,                Candidatus Ichthyocystis,Candidatus Ichthyocystis,genus,0.00013426689102664157,abund,0.0,4,0
Kraken2,default,Kraken2_default,ZymoMockD6331,ZymoMockD6331,ont,D6331_Zymo,92793,92793,                Aquabacterium,Aquabacterium,genus,6.713344551332078e-05,abund,0.0,2,0
Kraken2,default,Kraken2_default,ZymoMockD6331,ZymoMockD6331,ont,D6331_Zymo,32012,32012,                Thiomonas,Thiomonas,genus,3.356672275666039e-05,abund,0.0,1,0
Kraken2,default,Kraken2_default,ZymoMockD6331,ZymoMockD6331,ont,D6331_Zymo,40544,40544,                Sutterella,Sutterella,genus,6.713344551332078e-05,abund,0.0,2,0
Kraken2,default,Kraken2_default,ZymoMockD6331,ZymoMockD6331,ont,D6331_Zymo,1918598,1918598,                Turicimonas,Turicimonas,genus,3.356672275666039e-05,abund,0.0,1,0
Kraken2,default,Kraken2_default,ZymoMockD6331,ZymoMockD6331,ont,D6331_Zymo,482,482,                Neisseria,Neisseria,genus,0.0005706342868632267,abund,0.0,17,3
Kraken2,default,Kraken2_default,ZymoMockD6331,ZymoMockD6331,ont,D6331_Zymo,71,71,                Simonsiella,Simonsiella,genus,6.713344551332078e-05,abund,0.0,2,0
Kraken2,default,Kraken2_default,ZymoMockD6331,ZymoMockD6331,ont,D6331_Zymo,194195,194195,                Alysiella,Alysiella,genus,6.713344551332078e-05,abund,0.0,2,0
Kraken2,default,Kraken2_default,ZymoMockD6331,ZymoMockD6331,ont,D6331_Zymo,1193515,1193515,                Snodgrassella,Snodgrassella,genus,6.713344551332078e-05,abund,0.0,2,0
Kraken2,default,Kraken2_default,ZymoMockD6331,ZymoMockD6331,ont,D6331_Zymo,59,59,                Vitreoscilla,Vitreoscilla,genus,3.356672275666039e-05,abund,0.0,1,0
Kraken2,default,Kraken2_default,ZymoMockD6331,ZymoMockD6331,ont,D6331_Zymo,538,538,                Eikenella,Eikenella,genus,3.356672275666039e-05,abund,0.0,1,0
Kraken2,default,Kraken2_default,ZymoMockD6331,ZymoMockD6331,ont,D6331_Zymo,299568,299568,                Uruburuella,Uruburuella,genus,3.356672275666039e-05,abund,0.0,1,0
Kraken2,default,Kraken2_default,ZymoMockD6331,ZymoMockD6331,ont,D6331_Zymo,2898489,2898489,                Paralysiella,Paralysiella,genus,3.356672275666039e-05,abund,0.0,1,0
Kraken2,default,Kraken2_default,ZymoMockD6331,ZymoMockD6331,ont,D6331_Zymo,2944815,2944815,                Wielerella,Wielerella,genus,3.356672275666039e-05,abund,0.0,1,0
Kraken2,default,Kraken2_default,ZymoMockD6331,ZymoMockD6331,ont,D6331_Zymo,535,535,                Chromobacterium,Chromobacterium,genus,0.00020140033653996236,abund,0.0,6,0
Kraken2,default,Kraken2_default,ZymoMockD6331,ZymoMockD6331,ont,D6331_Zymo,57739,57739,                Vogesella,Vogesella,genus,3.356672275666039e-05,abund,0.0,1,0
Kraken2,default,Kraken2_default,ZymoMockD6331,ZymoMockD6331,ont,D6331_Zymo,400060,400060,                Paludibacterium,Paludibacterium,genus,3.356672275666039e-05,abund,0.0,1,0
Kraken2,default,Kraken2_default,ZymoMockD6331,ZymoMockD6331,ont,D6331_Zymo,407217,407217,                Aquitalea,Aquitalea,genus,3.356672275666039e-05,abund,0.0,1,0
Kraken2,default,Kraken2_default,ZymoMockD6331,ZymoMockD6331,ont,D6331_Zymo,400947,400947,                Deefgea,Deefgea,genus,6.713344551332078e-05,abund,0.0,2,0
Kraken2,default,Kraken2_default,ZymoMockD6331,ZymoMockD6331,ont,D6331_Zymo,885864,885864,                Jeongeupia,Jeongeupia,genus,3.356672275666039e-05,abund,0.0,1,0
Kraken2,default,Kraken2_default,ZymoMockD6331,ZymoMockD6331,ont,D6331_Zymo,187,187,                Aquaspirillum,Aquaspirillum,genus,3.356672275666039e-05,abund,0.0,1,0
Kraken2,default,Kraken2_default,ZymoMockD6331,ZymoMockD6331,ont,D6331_Zymo,1679002,1679002,                Candidatus Methylopumilus,Candidatus Methylopumilus,genus,0.00040280067307992473,abund,0.0,12,0
Kraken2,default,Kraken2_default,ZymoMockD6331,ZymoMockD6331,ont,D6331_Zymo,359407,359407,                Methylotenera,Methylotenera,genus,3.356672275666039e-05,abund,0.0,1,0
Kraken2,default,Kraken2_default,ZymoMockD6331,ZymoMockD6331,ont,D6331_Zymo,2872156,2872156,                Methyloradius,Methyloradius,genus,3.356672275666039e-05,abund,0.0,1,0
Kraken2,default,Kraken2_default,ZymoMockD6331,ZymoMockD6331,ont,D6331_Zymo,314343,314343,                Sideroxydans,Sideroxydans,genus,6.713344551332078e-05,abund,0.0,2,0
Kraken2,default,Kraken2_default,ZymoMockD6331,ZymoMockD6331,ont,D6331_Zymo,453161,453161,                Candidatus Nitrotoga,Candidatus Nitrotoga,genus,3.356672275666039e-05,abund,0.0,1,0
Kraken2,default,Kraken2_default,ZymoMockD6331,ZymoMockD6331,ont,D6331_Zymo,35798,35798,                Nitrosospira,Nitrosospira,genus,6.713344551332078e-05,abund,0.0,2,2
Kraken2,default,Kraken2_default,ZymoMockD6331,ZymoMockD6331,ont,D6331_Zymo,914,914,                Nitrosomonas,Nitrosomonas,genus,3.356672275666039e-05,abund,0.0,1,1
Kraken2,default,Kraken2_default,ZymoMockD6331,ZymoMockD6331,ont,D6331_Zymo,551759,551759,                Aromatoleum,Aromatoleum,genus,6.713344551332078e-05,abund,0.0,2,0
Kraken2,default,Kraken2_default,ZymoMockD6331,ZymoMockD6331,ont,D6331_Zymo,12960,12960,                Azoarcus,Azoarcus,genus,3.356672275666039e-05,abund,0.0,1,0
Kraken2,default,Kraken2_default,ZymoMockD6331,ZymoMockD6331,ont,D6331_Zymo,146936,146936,                Azonexus,Azonexus,genus,3.356672275666039e-05,abund,0.0,1,0
Kraken2,default,Kraken2_default,ZymoMockD6331,ZymoMockD6331,ont,D6331_Zymo,33055,33055,              Candidatus Kinetoplastibacterium,Candidatus Kinetoplastibacterium,genus,6.713344551332078e-05,abund,0.0,2,0
Kraken2,default,Kraken2_default,ZymoMockD6331,ZymoMockD6331,ont,D6331_Zymo,374,374,                Bradyrhizobium,Bradyrhizobium,genus,0.0013762356330230762,abund,0.0,41,6
Kraken2,default,Kraken2_default,ZymoMockD6331,ZymoMockD6331,ont,D6331_Zymo,1395974,1395974,                Tardiphaga,Tardiphaga,genus,0.00016783361378330195,abund,0.0,5,0
Kraken2,default,Kraken2_default,ZymoMockD6331,ZymoMockD6331,ont,D6331_Zymo,1073,1073,                Rhodopseudomonas,Rhodopseudomonas,genus,6.713344551332078e-05,abund,0.0,2,0
Kraken2,default,Kraken2_default,ZymoMockD6331,ZymoMockD6331,ont,D6331_Zymo,1033,1033,                Afipia,Afipia,genus,3.356672275666039e-05,abund,0.0,1,0
Kraken2,default,Kraken2_default,ZymoMockD6331,ZymoMockD6331,ont,D6331_Zymo,379,379,                  Rhizobium,Rhizobium,genus,0.0003692339503232643,abund,0.0,11,0
Kraken2,default,Kraken2_default,ZymoMockD6331,ZymoMockD6331,ont,D6331_Zymo,357,357,                  Agrobacterium,Agrobacterium,genus,0.00016783361378330195,abund,0.0,5,3
Kraken2,default,Kraken2_default,ZymoMockD6331,ZymoMockD6331,ont,D6331_Zymo,78526,78526,                  Allorhizobium,Allorhizobium,genus,3.356672275666039e-05,abund,0.0,1,0
Kraken2,default,Kraken2_default,ZymoMockD6331,ZymoMockD6331,ont,D6331_Zymo,1612611,1612611,                  Pararhizobium,Pararhizobium,genus,3.356672275666039e-05,abund,0.0,1,0
Kraken2,default,Kraken2_default,ZymoMockD6331,ZymoMockD6331,ont,D6331_Zymo,34019,34019,                Liberibacter,Liberibacter,genus,0.00023496705929662275,abund,0.0,7,1
Kraken2,default,Kraken2_default,ZymoMockD6331,ZymoMockD6331,ont,D6331_Zymo,2853332,2853332,                Peteryoungia,Peteryoungia,genus,0.00016783361378330195,abund,0.0,5,0
Kraken2,default,Kraken2_default,ZymoMockD6331,ZymoMockD6331,ont,D6331_Zymo,28105,28105,                  Sinorhizobium,Sinorhizobium,genus,0.00013426689102664157,abund,0.0,4,0
Kraken2,default,Kraken2_default,ZymoMockD6331,ZymoMockD6331,ont,D6331_Zymo,2661800,2661800,                Georhizobium,Georhizobium,genus,0.00010070016826998118,abund,0.0,3,3
Kraken2,default,Kraken2_default,ZymoMockD6331,ZymoMockD6331,ont,D6331_Zymo,274591,274591,                Hoeflea,Hoeflea,genus,3.356672275666039e-05,abund,0.0,1,0
Kraken2,default,Kraken2_default,ZymoMockD6331,ZymoMockD6331,ont,D6331_Zymo,773,773,                Bartonella,Bartonella,genus,0.000939868237186491,abund,0.0,28,4
Kraken2,default,Kraken2_default,ZymoMockD6331,ZymoMockD6331,ont,D6331_Zymo,68287,68287,                Mesorhizobium,Mesorhizobium,genus,0.00040280067307992473,abund,0.0,12,0
Kraken2,default,Kraken2_default,ZymoMockD6331,ZymoMockD6331,ont,D6331_Zymo,245876,245876,                Nitratireductor,Nitratireductor,genus,6.713344551332078e-05,abund,0.0,2,0
Kraken2,default,Kraken2_default,ZymoMockD6331,ZymoMockD6331,ont,D6331_Zymo,28100,28100,                Phyllobacterium,Phyllobacterium,genus,3.356672275666039e-05,abund,0.0,1,0
Kraken2,default,Kraken2_default,ZymoMockD6331,ZymoMockD6331,ont,D6331_Zymo,2911176,2911176,                Aquibium,Aquibium,genus,3.356672275666039e-05,abund,0.0,1,0
Kraken2,default,Kraken2_default,ZymoMockD6331,ZymoMockD6331,ont,D6331_Zymo,186650,186650,                Microvirga,Microvirga,genus,0.00020140033653996236,abund,0.0,6,0
Kraken2,default,Kraken2_default,ZymoMockD6331,ZymoMockD6331,ont,D6331_Zymo,407,407,                Methylobacterium,Methylobacterium,genus,0.00013426689102664157,abund,0.0,4,0
Kraken2,default,Kraken2_default,ZymoMockD6331,ZymoMockD6331,ont,D6331_Zymo,46913,46913,                Devosia,Devosia,genus,0.00026853378205328313,abund,0.0,8,0
Kraken2,default,Kraken2_default,ZymoMockD6331,ZymoMockD6331,ont,D6331_Zymo,150830,150830,                Roseibium,Roseibium,genus,0.00013426689102664157,abund,0.0,4,0
Kraken2,default,Kraken2_default,ZymoMockD6331,ZymoMockD6331,ont,D6331_Zymo,227873,227873,                Pannonibacter,Pannonibacter,genus,3.356672275666039e-05,abund,0.0,1,0
Kraken2,default,Kraken2_default,ZymoMockD6331,ZymoMockD6331,ont,D6331_Zymo,258255,258255,                Pseudovibrio,Pseudovibrio,genus,3.356672275666039e-05,abund,0.0,1,0
Kraken2,default,Kraken2_default,ZymoMockD6331,ZymoMockD6331,ont,D6331_Zymo,478070,478070,                Labrenzia,Labrenzia,genus,3.356672275666039e-05,abund,0.0,1,0
Kraken2,default,Kraken2_default,ZymoMockD6331,ZymoMockD6331,ont,D6331_Zymo,85413,85413,                Bosea,Bosea,genus,0.00013426689102664157,abund,0.0,4,0
Kraken2,default,Kraken2_default,ZymoMockD6331,ZymoMockD6331,ont,D6331_Zymo,133,133,                Methylocystis,Methylocystis,genus,6.713344551332078e-05,abund,0.0,2,0
Kraken2,default,Kraken2_default,ZymoMockD6331,ZymoMockD6331,ont,D6331_Zymo,59282,59282,                Blastochloris,Blastochloris,genus,6.713344551332078e-05,abund,0.0,2,0
Kraken2,default,Kraken2_default,ZymoMockD6331,ZymoMockD6331,ont,D6331_Zymo,166953,166953,                Kaistia,Kaistia,genus,6.713344551332078e-05,abund,0.0,2,0
Kraken2,default,Kraken2_default,ZymoMockD6331,ZymoMockD6331,ont,D6331_Zymo,1572860,1572860,                Hartmannibacter,Hartmannibacter,genus,6.713344551332078e-05,abund,0.0,2,0
Kraken2,default,Kraken2_default,ZymoMockD6331,ZymoMockD6331,ont,D6331_Zymo,293088,293088,                Martelella,Martelella,genus,6.713344551332078e-05,abund,0.0,2,0
Kraken2,default,Kraken2_default,ZymoMockD6331,ZymoMockD6331,ont,D6331_Zymo,1484898,1484898,                Methyloceanibacter,Methyloceanibacter,genus,6.713344551332078e-05,abund,0.0,2,0
Kraken2,default,Kraken2_default,ZymoMockD6331,ZymoMockD6331,ont,D6331_Zymo,556257,556257,                Pseudolabrys,Pseudolabrys,genus,3.356672275666039e-05,abund,0.0,1,0
Kraken2,default,Kraken2_default,ZymoMockD6331,ZymoMockD6331,ont,D6331_Zymo,2838250,2838250,                Kaustia,Kaustia,genus,3.356672275666039e-05,abund,0.0,1,0
Kraken2,default,Kraken2_default,ZymoMockD6331,ZymoMockD6331,ont,D6331_Zymo,1734920,1734920,                Pseudorhodoplanes,Pseudorhodoplanes,genus,3.356672275666039e-05,abund,0.0,1,0
Kraken2,default,Kraken2_default,ZymoMockD6331,ZymoMockD6331,ont,D6331_Zymo,2996317,2996317,                  Candidatus Tisiphia,Candidatus Tisiphia,genus,0.0008727347916731703,abund,0.0,26,0
Kraken2,default,Kraken2_default,ZymoMockD6331,ZymoMockD6331,ont,D6331_Zymo,780,780,                  Rickettsia,Rickettsia,genus,0.0007384679006465286,abund,0.0,22,0
Kraken2,default,Kraken2_default,ZymoMockD6331,ZymoMockD6331,ont,D6331_Zymo,69474,69474,                  Orientia,Orientia,genus,6.713344551332078e-05,abund,0.0,2,0
Kraken2,default,Kraken2_default,ZymoMockD6331,ZymoMockD6331,ont,D6331_Zymo,953,953,                  Wolbachia,Wolbachia,genus,0.00043636739583658514,abund,0.0,13,1
Kraken2,default,Kraken2_default,ZymoMockD6331,ZymoMockD6331,ont,D6331_Zymo,943,943,                Ehrlichia,Ehrlichia,genus,0.00010070016826998118,abund,0.0,3,0
Kraken2,default,Kraken2_default,ZymoMockD6331,ZymoMockD6331,ont,D6331_Zymo,2883098,2883098,                Candidatus Mesenet,Candidatus Mesenet,genus,0.00010070016826998118,abund,0.0,3,0
Kraken2,default,Kraken2_default,ZymoMockD6331,ZymoMockD6331,ont,D6331_Zymo,33993,33993,                Neorickettsia,Neorickettsia,genus,3.356672275666039e-05,abund,0.0,1,0
Kraken2,default,Kraken2_default,ZymoMockD6331,ZymoMockD6331,ont,D6331_Zymo,467749,467749,                Candidatus Neoehrlichia,Candidatus Neoehrlichia,genus,3.356672275666039e-05,abund,0.0,1,0
Kraken2,default,Kraken2_default,ZymoMockD6331,ZymoMockD6331,ont,D6331_Zymo,2109360,2109360,                Aestuariibius,Aestuariibius,genus,0.00023496705929662275,abund,0.0,7,0
Kraken2,default,Kraken2_default,ZymoMockD6331,ZymoMockD6331,ont,D6331_Zymo,1284657,1284657,                Planktomarina,Planktomarina,genus,0.00023496705929662275,abund,0.0,7,0
Kraken2,default,Kraken2_default,ZymoMockD6331,ZymoMockD6331,ont,D6331_Zymo,1759396,1759396,                  Marivivens,Marivivens,genus,0.00010070016826998118,abund,0.0,3,0
Kraken2,default,Kraken2_default,ZymoMockD6331,ZymoMockD6331,ont,D6331_Zymo,2680018,2680018,                Rhodophyticola,Rhodophyticola,genus,6.713344551332078e-05,abund,0.0,2,0
Kraken2,default,Kraken2_default,ZymoMockD6331,ZymoMockD6331,ont,D6331_Zymo,265,265,                Paracoccus,Paracoccus,genus,6.713344551332078e-05,abund,0.0,2,0
Kraken2,default,Kraken2_default,ZymoMockD6331,ZymoMockD6331,ont,D6331_Zymo,2055850,2055850,                Aquicoccus,Aquicoccus,genus,3.356672275666039e-05,abund,0.0,1,0
Kraken2,default,Kraken2_default,ZymoMockD6331,ZymoMockD6331,ont,D6331_Zymo,3143992,3143992,                Paragemmobacter,Paragemmobacter,genus,3.356672275666039e-05,abund,0.0,1,0
Kraken2,default,Kraken2_default,ZymoMockD6331,ZymoMockD6331,ont,D6331_Zymo,3118803,3118803,                Fontisubflavum,Fontisubflavum,genus,3.356672275666039e-05,abund,0.0,1,0
Kraken2,default,Kraken2_default,ZymoMockD6331,ZymoMockD6331,ont,D6331_Zymo,2937410,2937410,                Gymnodinialimonas,Gymnodinialimonas,genus,3.356672275666039e-05,abund,0.0,1,0
Kraken2,default,Kraken2_default,ZymoMockD6331,ZymoMockD6331,ont,D6331_Zymo,2831955,2831955,                Pikeienuella,Pikeienuella,genus,3.356672275666039e-05,abund,0.0,1,0
Kraken2,default,Kraken2_default,ZymoMockD6331,ZymoMockD6331,ont,D6331_Zymo,2795377,2795377,                Pelagovum,Pelagovum,genus,3.356672275666039e-05,abund,0.0,1,0
Kraken2,default,Kraken2_default,ZymoMockD6331,ZymoMockD6331,ont,D6331_Zymo,2778525,2778525,                Profundibacter,Profundibacter,genus,3.356672275666039e-05,abund,0.0,1,0
Kraken2,default,Kraken2_default,ZymoMockD6331,ZymoMockD6331,ont,D6331_Zymo,2683599,2683599,                Paroceanicella,Paroceanicella,genus,3.356672275666039e-05,abund,0.0,1,0
Kraken2,default,Kraken2_default,ZymoMockD6331,ZymoMockD6331,ont,D6331_Zymo,2083206,2083206,                Tritonibacter,Tritonibacter,genus,3.356672275666039e-05,abund,0.0,1,1
Kraken2,default,Kraken2_default,ZymoMockD6331,ZymoMockD6331,ont,D6331_Zymo,1658781,1658781,                Aliiroseovarius,Aliiroseovarius,genus,3.356672275666039e-05,abund,0.0,1,0
Kraken2,default,Kraken2_default,ZymoMockD6331,ZymoMockD6331,ont,D6331_Zymo,238783,238783,                Pseudorhodobacter,Pseudorhodobacter,genus,3.356672275666039e-05,abund,0.0,1,0
Kraken2,default,Kraken2_default,ZymoMockD6331,ZymoMockD6331,ont,D6331_Zymo,191028,191028,                Leisingera,Leisingera,genus,0.00026853378205328313,abund,0.0,8,0
Kraken2,default,Kraken2_default,ZymoMockD6331,ZymoMockD6331,ont,D6331_Zymo,60136,60136,                Sulfitobacter,Sulfitobacter,genus,0.00010070016826998118,abund,0.0,3,0
Kraken2,default,Kraken2_default,ZymoMockD6331,ZymoMockD6331,ont,D6331_Zymo,2433,2433,                Roseobacter,Roseobacter,genus,0.00010070016826998118,abund,0.0,3,0
Kraken2,default,Kraken2_default,ZymoMockD6331,ZymoMockD6331,ont,D6331_Zymo,983507,983507,                Ponticoccus,Ponticoccus,genus,0.00010070016826998118,abund,0.0,3,0
Kraken2,default,Kraken2_default,ZymoMockD6331,ZymoMockD6331,ont,D6331_Zymo,282198,282198,                Nereida,Nereida,genus,0.00010070016826998118,abund,0.0,3,3
Kraken2,default,Kraken2_default,ZymoMockD6331,ZymoMockD6331,ont,D6331_Zymo,252301,252301,                Oceanicola,Oceanicola,genus,6.713344551332078e-05,abund,0.0,2,0
Kraken2,default,Kraken2_default,ZymoMockD6331,ZymoMockD6331,ont,D6331_Zymo,74030,74030,                Roseovarius,Roseovarius,genus,3.356672275666039e-05,abund,0.0,1,0
Kraken2,default,Kraken2_default,ZymoMockD6331,ZymoMockD6331,ont,D6331_Zymo,1434019,1434019,                Mameliella,Mameliella,genus,3.356672275666039e-05,abund,0.0,1,0
Kraken2,default,Kraken2_default,ZymoMockD6331,ZymoMockD6331,ont,D6331_Zymo,245186,245186,                Loktanella,Loktanella,genus,3.356672275666039e-05,abund,0.0,1,0
Kraken2,default,Kraken2_default,ZymoMockD6331,ZymoMockD6331,ont,D6331_Zymo,13687,13687,                Sphingomonas,Sphingomonas,genus,0.00040280067307992473,abund,0.0,12,1
Kraken2,default,Kraken2_default,ZymoMockD6331,ZymoMockD6331,ont,D6331_Zymo,165696,165696,                Novosphingobium,Novosphingobium,genus,0.00016783361378330195,abund,0.0,5,0
Kraken2,default,Kraken2_default,ZymoMockD6331,ZymoMockD6331,ont,D6331_Zymo,165695,165695,                Sphingobium,Sphingobium,genus,0.00013426689102664157,abund,0.0,4,0
Kraken2,default,Kraken2_default,ZymoMockD6331,ZymoMockD6331,ont,D6331_Zymo,165697,165697,                Sphingopyxis,Sphingopyxis,genus,6.713344551332078e-05,abund,0.0,2,0
Kraken2,default,Kraken2_default,ZymoMockD6331,ZymoMockD6331,ont,D6331_Zymo,1434046,1434046,                Sphingorhabdus,Sphingorhabdus,genus,6.713344551332078e-05,abund,0.0,2,0
Kraken2,default,Kraken2_default,ZymoMockD6331,ZymoMockD6331,ont,D6331_Zymo,2709685,2709685,                Parasphingorhabdus,Parasphingorhabdus,genus,3.356672275666039e-05,abund,0.0,1,0
Kraken2,default,Kraken2_default,ZymoMockD6331,ZymoMockD6331,ont,D6331_Zymo,1111,1111,                  Porphyrobacter,Porphyrobacter,genus,0.00013426689102664157,abund,0.0,4,0
Kraken2,default,Kraken2_default,ZymoMockD6331,ZymoMockD6331,ont,D6331_Zymo,1041,1041,                  Erythrobacter,Erythrobacter,genus,3.356672275666039e-05,abund,0.0,1,0
Kraken2,default,Kraken2_default,ZymoMockD6331,ZymoMockD6331,ont,D6331_Zymo,361177,361177,                Altererythrobacter,Altererythrobacter,genus,0.00010070016826998118,abund,0.0,3,0
Kraken2,default,Kraken2_default,ZymoMockD6331,ZymoMockD6331,ont,D6331_Zymo,1855416,1855416,                Qipengyuania,Qipengyuania,genus,0.00010070016826998118,abund,0.0,3,0
Kraken2,default,Kraken2_default,ZymoMockD6331,ZymoMockD6331,ont,D6331_Zymo,2676755,2676755,                Croceibacterium,Croceibacterium,genus,3.356672275666039e-05,abund,0.0,1,0
Kraken2,default,Kraken2_default,ZymoMockD6331,ZymoMockD6331,ont,D6331_Zymo,2800685,2800685,                Pelagerythrobacter,Pelagerythrobacter,genus,3.356672275666039e-05,abund,0.0,1,0
Kraken2,default,Kraken2_default,ZymoMockD6331,ZymoMockD6331,ont,D6331_Zymo,1508451,1508451,                Polymorphobacter,Polymorphobacter,genus,3.356672275666039e-05,abund,0.0,1,0
Kraken2,default,Kraken2_default,ZymoMockD6331,ZymoMockD6331,ont,D6331_Zymo,434,434,                Acetobacter,Acetobacter,genus,0.00040280067307992473,abund,0.0,12,5
Kraken2,default,Kraken2_default,ZymoMockD6331,ZymoMockD6331,ont,D6331_Zymo,1079922,1079922,                Commensalibacter,Commensalibacter,genus,0.00030210050480994355,abund,0.0,9,0
Kraken2,default,Kraken2_default,ZymoMockD6331,ZymoMockD6331,ont,D6331_Zymo,3027666,3027666,                Aristophania,Aristophania,genus,6.713344551332078e-05,abund,0.0,2,0
Kraken2,default,Kraken2_default,ZymoMockD6331,ZymoMockD6331,ont,D6331_Zymo,2804525,2804525,                Lichenicola,Lichenicola,genus,3.356672275666039e-05,abund,0.0,1,0
Kraken2,default,Kraken2_default,ZymoMockD6331,ZymoMockD6331,ont,D6331_Zymo,1602345,1602345,                Parasaccharibacter,Parasaccharibacter,genus,3.356672275666039e-05,abund,0.0,1,1
Kraken2,default,Kraken2_default,ZymoMockD6331,ZymoMockD6331,ont,D6331_Zymo,198251,198251,                Candidatus Pelagibacter,Candidatus Pelagibacter,genus,0.0007049011778898683,abund,0.0,21,1
Kraken2,default,Kraken2_default,ZymoMockD6331,ZymoMockD6331,ont,D6331_Zymo,168934,168934,                Thalassospira,Thalassospira,genus,0.00026853378205328313,abund,0.0,8,0
Kraken2,default,Kraken2_default,ZymoMockD6331,ZymoMockD6331,ont,D6331_Zymo,1182780,1182780,                Magnetospira,Magnetospira,genus,3.356672275666039e-05,abund,0.0,1,0
Kraken2,default,Kraken2_default,ZymoMockD6331,ZymoMockD6331,ont,D6331_Zymo,1081,1081,                Rhodospirillum,Rhodospirillum,genus,0.00013426689102664157,abund,0.0,4,0
Kraken2,default,Kraken2_default,ZymoMockD6331,ZymoMockD6331,ont,D6331_Zymo,191,191,                Azospirillum,Azospirillum,genus,0.00010070016826998118,abund,0.0,3,1
Kraken2,default,Kraken2_default,ZymoMockD6331,ZymoMockD6331,ont,D6331_Zymo,1647175,1647175,                Aestuariispira,Aestuariispira,genus,3.356672275666039e-05,abund,0.0,1,0
Kraken2,default,Kraken2_default,ZymoMockD6331,ZymoMockD6331,ont,D6331_Zymo,2900571,2900571,                Candidatus Gromoviella,Candidatus Gromoviella,genus,0.00026853378205328313,abund,0.0,8,0
Kraken2,default,Kraken2_default,ZymoMockD6331,ZymoMockD6331,ont,D6331_Zymo,2601651,2601651,                Candidatus Nesciobacter,Candidatus Nesciobacter,genus,0.00013426689102664157,abund,0.0,4,0
Kraken2,default,Kraken2_default,ZymoMockD6331,ZymoMockD6331,ont,D6331_Zymo,2654634,2654634,                Candidatus Hydrogenosomobacter,Candidatus Hydrogenosomobacter,genus,3.356672275666039e-05,abund,0.0,1,0
Kraken2,default,Kraken2_default,ZymoMockD6331,ZymoMockD6331,ont,D6331_Zymo,84646,84646,                Candidatus Odyssella,Candidatus Odyssella,genus,3.356672275666039e-05,abund,0.0,1,0
Kraken2,default,Kraken2_default,ZymoMockD6331,ZymoMockD6331,ont,D6331_Zymo,3163645,3163645,                Candidatus Bodocaedibacter,Candidatus Bodocaedibacter,genus,3.356672275666039e-05,abund,0.0,1,0
Kraken2,default,Kraken2_default,ZymoMockD6331,ZymoMockD6331,ont,D6331_Zymo,76890,76890,                Asticcacaulis,Asticcacaulis,genus,0.00010070016826998118,abund,0.0,3,0
Kraken2,default,Kraken2_default,ZymoMockD6331,ZymoMockD6331,ont,D6331_Zymo,75,75,                Caulobacter,Caulobacter,genus,6.713344551332078e-05,abund,0.0,2,0
Kraken2,default,Kraken2_default,ZymoMockD6331,ZymoMockD6331,ont,D6331_Zymo,41275,41275,                Brevundimonas,Brevundimonas,genus,3.356672275666039e-05,abund,0.0,1,0
Kraken2,default,Kraken2_default,ZymoMockD6331,ZymoMockD6331,ont,D6331_Zymo,208215,208215,                Parvularcula,Parvularcula,genus,6.713344551332078e-05,abund,0.0,2,0
Kraken2,default,Kraken2_default,ZymoMockD6331,ZymoMockD6331,ont,D6331_Zymo,85,85,                Hyphomonas,Hyphomonas,genus,6.713344551332078e-05,abund,0.0,2,0
Kraken2,default,Kraken2_default,ZymoMockD6331,ZymoMockD6331,ont,D6331_Zymo,288021,288021,                Kordiimonas,Kordiimonas,genus,3.356672275666039e-05,abund,0.0,1,0
Kraken2,default,Kraken2_default,ZymoMockD6331,ZymoMockD6331,ont,D6331_Zymo,239934,239934,                  Akkermansia,Akkermansia,genus,1.544673447815998,abund,1.54,46018,371
Kraken2,default,Kraken2_default,ZymoMockD6331,ZymoMockD6331,ont,D6331_Zymo,518753,518753,                  Luteolibacter,Luteolibacter,genus,0.00016783361378330195,abund,0.0,5,2
Kraken2,default,Kraken2_default,ZymoMockD6331,ZymoMockD6331,ont,D6331_Zymo,518755,518755,                  Roseibacillus,Roseibacillus,genus,3.356672275666039e-05,abund,0.0,1,0
Kraken2,default,Kraken2_default,ZymoMockD6331,ZymoMockD6331,ont,D6331_Zymo,2892920,2892920,                  Synoicihabitans,Synoicihabitans,genus,0.00010070016826998118,abund,0.0,3,0
Kraken2,default,Kraken2_default,ZymoMockD6331,ZymoMockD6331,ont,D6331_Zymo,178440,178440,                  Opitutus,Opitutus,genus,3.356672275666039e-05,abund,0.0,1,0
Kraken2,default,Kraken2_default,ZymoMockD6331,ZymoMockD6331,ont,D6331_Zymo,3138693,3138693,                  Actomonas,Actomonas,genus,3.356672275666039e-05,abund,0.0,1,0
Kraken2,default,Kraken2_default,ZymoMockD6331,ZymoMockD6331,ont,D6331_Zymo,442430,442430,                  Coraliomargarita,Coraliomargarita,genus,3.356672275666039e-05,abund,0.0,1,0
Kraken2,default,Kraken2_default,ZymoMockD6331,ZymoMockD6331,ont,D6331_Zymo,3138622,3138622,                  Rubellicoccus,Rubellicoccus,genus,3.356672275666039e-05,abund,0.0,1,0
Kraken2,default,Kraken2_default,ZymoMockD6331,ZymoMockD6331,ont,D6331_Zymo,2795973,2795973,                  Stieleria,Stieleria,genus,0.00030210050480994355,abund,0.0,9,0
Kraken2,default,Kraken2_default,ZymoMockD6331,ZymoMockD6331,ont,D6331_Zymo,2795779,2795779,                  Rosistilla,Rosistilla,genus,0.00013426689102664157,abund,0.0,4,0
Kraken2,default,Kraken2_default,ZymoMockD6331,ZymoMockD6331,ont,D6331_Zymo,265488,265488,                  Rhodopirellula,Rhodopirellula,genus,0.00010070016826998118,abund,0.0,3,0
Kraken2,default,Kraken2_default,ZymoMockD6331,ZymoMockD6331,ont,D6331_Zymo,2714594,2714594,                  Bremerella,Bremerella,genus,6.713344551332078e-05,abund,0.0,2,0
Kraken2,default,Kraken2_default,ZymoMockD6331,ZymoMockD6331,ont,D6331_Zymo,2691417,2691417,                  Lacipirellula,Lacipirellula,genus,0.00030210050480994355,abund,0.0,9,0
Kraken2,default,Kraken2_default,ZymoMockD6331,ZymoMockD6331,ont,D6331_Zymo,2795782,2795782,                  Botrimarina,Botrimarina,genus,6.713344551332078e-05,abund,0.0,2,0
Kraken2,default,Kraken2_default,ZymoMockD6331,ZymoMockD6331,ont,D6331_Zymo,2795781,2795781,                  Aeoliella,Aeoliella,genus,3.356672275666039e-05,abund,0.0,1,0
Kraken2,default,Kraken2_default,ZymoMockD6331,ZymoMockD6331,ont,D6331_Zymo,1676125,1676125,                  Thermogutta,Thermogutta,genus,0.00013426689102664157,abund,0.0,4,0
Kraken2,default,Kraken2_default,ZymoMockD6331,ZymoMockD6331,ont,D6331_Zymo,1649453,1649453,                  Gimesia,Gimesia,genus,6.713344551332078e-05,abund,0.0,2,1
Kraken2,default,Kraken2_default,ZymoMockD6331,ZymoMockD6331,ont,D6331_Zymo,2795776,2795776,                  Calycomorphotria,Calycomorphotria,genus,6.713344551332078e-05,abund,0.0,2,0
Kraken2,default,Kraken2_default,ZymoMockD6331,ZymoMockD6331,ont,D6331_Zymo,656899,656899,                  Schlesneria,Schlesneria,genus,3.356672275666039e-05,abund,0.0,1,0
Kraken2,default,Kraken2_default,ZymoMockD6331,ZymoMockD6331,ont,D6331_Zymo,2795777,2795777,                  Maioricimonas,Maioricimonas,genus,3.356672275666039e-05,abund,0.0,1,0
Kraken2,default,Kraken2_default,ZymoMockD6331,ZymoMockD6331,ont,D6331_Zymo,2795780,2795780,                  Symmachiella,Symmachiella,genus,3.356672275666039e-05,abund,0.0,1,0
Kraken2,default,Kraken2_default,ZymoMockD6331,ZymoMockD6331,ont,D6331_Zymo,2795865,2795865,                  Thalassoglobus,Thalassoglobus,genus,3.356672275666039e-05,abund,0.0,1,0
Kraken2,default,Kraken2_default,ZymoMockD6331,ZymoMockD6331,ont,D6331_Zymo,2774146,2774146,                  Frigoriglobus,Frigoriglobus,genus,3.356672275666039e-05,abund,0.0,1,0
Kraken2,default,Kraken2_default,ZymoMockD6331,ZymoMockD6331,ont,D6331_Zymo,1511635,1511635,                  Aquisphaera,Aquisphaera,genus,3.356672275666039e-05,abund,0.0,1,0
Kraken2,default,Kraken2_default,ZymoMockD6331,ZymoMockD6331,ont,D6331_Zymo,3405233,3405233,                Engelhardtia,Engelhardtia,genus,3.356672275666039e-05,abund,0.0,1,0
Kraken2,default,Kraken2_default,ZymoMockD6331,ZymoMockD6331,ont,D6331_Zymo,2897349,2897349,                  Candidatus Uabimicrobium,Candidatus Uabimicrobium,genus,0.00026853378205328313,abund,0.0,8,0
Kraken2,default,Kraken2_default,ZymoMockD6331,ZymoMockD6331,ont,D6331_Zymo,2483368,2483368,                  Sedimentisphaera,Sedimentisphaera,genus,0.00020140033653996236,abund,0.0,6,0
Kraken2,default,Kraken2_default,ZymoMockD6331,ZymoMockD6331,ont,D6331_Zymo,380738,380738,                  Candidatus Kuenenia,Candidatus Kuenenia,genus,3.356672275666039e-05,abund,0.0,1,0
Kraken2,default,Kraken2_default,ZymoMockD6331,ZymoMockD6331,ont,D6331_Zymo,810,810,                    Chlamydia,Chlamydia,genus,0.00023496705929662275,abund,0.0,7,1
Kraken2,default,Kraken2_default,ZymoMockD6331,ZymoMockD6331,ont,D6331_Zymo,292833,292833,                  Candidatus Rhabdochlamydia,Candidatus Rhabdochlamydia,genus,0.00013426689102664157,abund,0.0,4,0
Kraken2,default,Kraken2_default,ZymoMockD6331,ZymoMockD6331,ont,D6331_Zymo,112987,112987,                  Neochlamydia,Neochlamydia,genus,3.356672275666039e-05,abund,0.0,1,0
Kraken2,default,Kraken2_default,ZymoMockD6331,ZymoMockD6331,ont,D6331_Zymo,282132,282132,                  Candidatus Protochlamydia,Candidatus Protochlamydia,genus,3.356672275666039e-05,abund,0.0,1,0
Kraken2,default,Kraken2_default,ZymoMockD6331,ZymoMockD6331,ont,D6331_Zymo,1891669,1891669,                  Candidatus Neptunochlamydia,Candidatus Neptunochlamydia,genus,3.356672275666039e-05,abund,0.0,1,0
Kraken2,default,Kraken2_default,ZymoMockD6331,ZymoMockD6331,ont,D6331_Zymo,2907187,2907187,                  Tichowtungia,Tichowtungia,genus,0.00010070016826998118,abund,0.0,3,0
Kraken2,default,Kraken2_default,ZymoMockD6331,ZymoMockD6331,ont,D6331_Zymo,256846,256846,                  Lentisphaera,Lentisphaera,genus,3.356672275666039e-05,abund,0.0,1,0
Kraken2,default,Kraken2_default,ZymoMockD6331,ZymoMockD6331,ont,D6331_Zymo,194,194,                Campylobacter,Campylobacter,genus,0.007183278669925324,abund,0.01,214,7
Kraken2,default,Kraken2_default,ZymoMockD6331,ZymoMockD6331,ont,D6331_Zymo,28196,28196,                Arcobacter,Arcobacter,genus,0.0012084020192397742,abund,0.0,36,8
Kraken2,default,Kraken2_default,ZymoMockD6331,ZymoMockD6331,ont,D6331_Zymo,2321111,2321111,                Aliarcobacter,Aliarcobacter,genus,0.0008391680689165098,abund,0.0,25,1
Kraken2,default,Kraken2_default,ZymoMockD6331,ZymoMockD6331,ont,D6331_Zymo,2321115,2321115,                Halarcobacter,Halarcobacter,genus,0.0005035008413499059,abund,0.0,15,1
Kraken2,default,Kraken2_default,ZymoMockD6331,ZymoMockD6331,ont,D6331_Zymo,2321114,2321114,                Malaciobacter,Malaciobacter,genus,0.0004699341185932455,abund,0.0,14,1
Kraken2,default,Kraken2_default,ZymoMockD6331,ZymoMockD6331,ont,D6331_Zymo,2321187,2321187,                Poseidonibacter,Poseidonibacter,genus,0.00030210050480994355,abund,0.0,9,0
Kraken2,default,Kraken2_default,ZymoMockD6331,ZymoMockD6331,ont,D6331_Zymo,2321204,2321204,                Candidatus Marinarcus,Candidatus Marinarcus,genus,3.356672275666039e-05,abund,0.0,1,0
Kraken2,default,Kraken2_default,ZymoMockD6331,ZymoMockD6331,ont,D6331_Zymo,209,209,                Helicobacter,Helicobacter,genus,0.000772034623403189,abund,0.0,23,1
Kraken2,default,Kraken2_default,ZymoMockD6331,ZymoMockD6331,ont,D6331_Zymo,202746,202746,                Sulfurimonas,Sulfurimonas,genus,0.0003356672275666039,abund,0.0,10,3
Kraken2,default,Kraken2_default,ZymoMockD6331,ZymoMockD6331,ont,D6331_Zymo,286130,286130,                Sulfuricurvum,Sulfuricurvum,genus,6.713344551332078e-05,abund,0.0,2,0
Kraken2,default,Kraken2_default,ZymoMockD6331,ZymoMockD6331,ont,D6331_Zymo,57665,57665,                Sulfurospirillum,Sulfurospirillum,genus,0.0003356672275666039,abund,0.0,10,0
Kraken2,default,Kraken2_default,ZymoMockD6331,ZymoMockD6331,ont,D6331_Zymo,265570,265570,                Sulfurovum,Sulfurovum,genus,0.00016783361378330195,abund,0.0,5,0
Kraken2,default,Kraken2_default,ZymoMockD6331,ZymoMockD6331,ont,D6331_Zymo,223785,223785,                Hydrogenimonas,Hydrogenimonas,genus,6.713344551332078e-05,abund,0.0,2,0
Kraken2,default,Kraken2_default,ZymoMockD6331,ZymoMockD6331,ont,D6331_Zymo,269258,269258,                Nitratiruptor,Nitratiruptor,genus,0.00023496705929662275,abund,0.0,7,0
Kraken2,default,Kraken2_default,ZymoMockD6331,ZymoMockD6331,ont,D6331_Zymo,2795692,2795692,                Nitrosophilus,Nitrosophilus,genus,0.00016783361378330195,abund,0.0,5,0
Kraken2,default,Kraken2_default,ZymoMockD6331,ZymoMockD6331,ont,D6331_Zymo,191291,191291,                Nautilia,Nautilia,genus,0.00010070016826998118,abund,0.0,3,0
Kraken2,default,Kraken2_default,ZymoMockD6331,ZymoMockD6331,ont,D6331_Zymo,191301,191301,                Caminibacter,Caminibacter,genus,3.356672275666039e-05,abund,0.0,1,0
Kraken2,default,Kraken2_default,ZymoMockD6331,ZymoMockD6331,ont,D6331_Zymo,157,157,                Treponema,Treponema,genus,0.0009063015144298305,abund,0.0,27,2
Kraken2,default,Kraken2_default,ZymoMockD6331,ZymoMockD6331,ont,D6331_Zymo,138,138,                Borrelia,Borrelia,genus,0.00043636739583658514,abund,0.0,13,1
Kraken2,default,Kraken2_default,ZymoMockD6331,ZymoMockD6331,ont,D6331_Zymo,64895,64895,                Borreliella,Borreliella,genus,0.00043636739583658514,abund,0.0,13,4
Kraken2,default,Kraken2_default,ZymoMockD6331,ZymoMockD6331,ont,D6331_Zymo,2035349,2035349,                Oceanispirochaeta,Oceanispirochaeta,genus,3.356672275666039e-05,abund,0.0,1,0
Kraken2,default,Kraken2_default,ZymoMockD6331,ZymoMockD6331,ont,D6331_Zymo,2792240,2792240,                Thiospirochaeta,Thiospirochaeta,genus,3.356672275666039e-05,abund,0.0,1,0
Kraken2,default,Kraken2_default,ZymoMockD6331,ZymoMockD6331,ont,D6331_Zymo,2834378,2834378,                Entomospira,Entomospira,genus,3.356672275666039e-05,abund,0.0,1,0
Kraken2,default,Kraken2_default,ZymoMockD6331,ZymoMockD6331,ont,D6331_Zymo,171,171,                Leptospira,Leptospira,genus,0.0005706342868632267,abund,0.0,17,1
Kraken2,default,Kraken2_default,ZymoMockD6331,ZymoMockD6331,ont,D6331_Zymo,29521,29521,                Brachyspira,Brachyspira,genus,0.0003356672275666039,abund,0.0,10,1
Kraken2,default,Kraken2_default,ZymoMockD6331,ZymoMockD6331,ont,D6331_Zymo,2794998,2794998,                Maridesulfovibrio,Maridesulfovibrio,genus,0.0004699341185932455,abund,0.0,14,0
Kraken2,default,Kraken2_default,ZymoMockD6331,ZymoMockD6331,ont,D6331_Zymo,41707,41707,                Lawsonia,Lawsonia,genus,0.00016783361378330195,abund,0.0,5,0
Kraken2,default,Kraken2_default,ZymoMockD6331,ZymoMockD6331,ont,D6331_Zymo,2035811,2035811,                Pseudodesulfovibrio,Pseudodesulfovibrio,genus,0.00016783361378330195,abund,0.0,5,0
Kraken2,default,Kraken2_default,ZymoMockD6331,ZymoMockD6331,ont,D6331_Zymo,872,872,                Desulfovibrio,Desulfovibrio,genus,0.00013426689102664157,abund,0.0,4,2
Kraken2,default,Kraken2_default,ZymoMockD6331,ZymoMockD6331,ont,D6331_Zymo,1981028,1981028,                Mailhella,Mailhella,genus,6.713344551332078e-05,abund,0.0,2,0
Kraken2,default,Kraken2_default,ZymoMockD6331,ZymoMockD6331,ont,D6331_Zymo,1433996,1433996,                Desulfobaculum,Desulfobaculum,genus,3.356672275666039e-05,abund,0.0,1,0
Kraken2,default,Kraken2_default,ZymoMockD6331,ZymoMockD6331,ont,D6331_Zymo,45654,45654,                Desulfonema,Desulfonema,genus,0.00023496705929662275,abund,0.0,7,0
Kraken2,default,Kraken2_default,ZymoMockD6331,ZymoMockD6331,ont,D6331_Zymo,896,896,                Desulfococcus,Desulfococcus,genus,6.713344551332078e-05,abund,0.0,2,0
Kraken2,default,Kraken2_default,ZymoMockD6331,ZymoMockD6331,ont,D6331_Zymo,2289,2289,                Desulfobacter,Desulfobacter,genus,0.00010070016826998118,abund,0.0,3,0
Kraken2,default,Kraken2_default,ZymoMockD6331,ZymoMockD6331,ont,D6331_Zymo,28222,28222,                Desulfobacula,Desulfobacula,genus,6.713344551332078e-05,abund,0.0,2,0
Kraken2,default,Kraken2_default,ZymoMockD6331,ZymoMockD6331,ont,D6331_Zymo,2904716,2904716,                Desulfosudis,Desulfosudis,genus,3.356672275666039e-05,abund,0.0,1,0
Kraken2,default,Kraken2_default,ZymoMockD6331,ZymoMockD6331,ont,D6331_Zymo,2299,2299,                Desulfosarcina,Desulfosarcina,genus,3.356672275666039e-05,abund,0.0,1,0
Kraken2,default,Kraken2_default,ZymoMockD6331,ZymoMockD6331,ont,D6331_Zymo,1740,1740,                Thermodesulfobacterium,Thermodesulfobacterium,genus,0.00013426689102664157,abund,0.0,4,0
Kraken2,default,Kraken2_default,ZymoMockD6331,ZymoMockD6331,ont,D6331_Zymo,2886823,2886823,                Desulfosediminicola,Desulfosediminicola,genus,3.356672275666039e-05,abund,0.0,1,0
Kraken2,default,Kraken2_default,ZymoMockD6331,ZymoMockD6331,ont,D6331_Zymo,890,890,                Desulfuromonas,Desulfuromonas,genus,6.713344551332078e-05,abund,0.0,2,0
Kraken2,default,Kraken2_default,ZymoMockD6331,ZymoMockD6331,ont,D6331_Zymo,958,958,                Bdellovibrio,Bdellovibrio,genus,0.0005370675641065663,abund,0.0,16,3
Kraken2,default,Kraken2_default,ZymoMockD6331,ZymoMockD6331,ont,D6331_Zymo,2862745,2862745,                Pseudobdellovibrio,Pseudobdellovibrio,genus,0.00020140033653996236,abund,0.0,6,0
Kraken2,default,Kraken2_default,ZymoMockD6331,ZymoMockD6331,ont,D6331_Zymo,2024975,2024975,                Silvanigrella,Silvanigrella,genus,0.00010070016826998118,abund,0.0,3,0
Kraken2,default,Kraken2_default,ZymoMockD6331,ZymoMockD6331,ont,D6331_Zymo,2698753,2698753,                Fluviispira,Fluviispira,genus,6.713344551332078e-05,abund,0.0,2,0
Kraken2,default,Kraken2_default,ZymoMockD6331,ZymoMockD6331,ont,D6331_Zymo,495819,495819,                Spirobacillus,Spirobacillus,genus,6.713344551332078e-05,abund,0.0,2,0
Kraken2,default,Kraken2_default,ZymoMockD6331,ZymoMockD6331,ont,D6331_Zymo,263370,263370,                Peredibacter,Peredibacter,genus,0.00013426689102664157,abund,0.0,4,0
Kraken2,default,Kraken2_default,ZymoMockD6331,ZymoMockD6331,ont,D6331_Zymo,1652133,1652133,                Halobacteriovorax,Halobacteriovorax,genus,6.713344551332078e-05,abund,0.0,2,0
Kraken2,default,Kraken2_default,ZymoMockD6331,ZymoMockD6331,ont,D6331_Zymo,32,32,                  Myxococcus,Myxococcus,genus,0.00020140033653996236,abund,0.0,6,3
Kraken2,default,Kraken2_default,ZymoMockD6331,ZymoMockD6331,ont,D6331_Zymo,83461,83461,                  Corallococcus,Corallococcus,genus,0.00013426689102664157,abund,0.0,4,0
Kraken2,default,Kraken2_default,ZymoMockD6331,ZymoMockD6331,ont,D6331_Zymo,3375062,3375062,                  Pendulispora,Pendulispora,genus,3.356672275666039e-05,abund,0.0,1,0
Kraken2,default,Kraken2_default,ZymoMockD6331,ZymoMockD6331,ont,D6331_Zymo,168657,168657,                Hydrogenobaculum,Hydrogenobaculum,genus,0.00010070016826998118,abund,0.0,3,0
Kraken2,default,Kraken2_default,ZymoMockD6331,ZymoMockD6331,ont,D6331_Zymo,75905,75905,                Thermocrinis,Thermocrinis,genus,6.713344551332078e-05,abund,0.0,2,0
Kraken2,default,Kraken2_default,ZymoMockD6331,ZymoMockD6331,ont,D6331_Zymo,212790,212790,                Sulfurihydrogenibium,Sulfurihydrogenibium,genus,3.356672275666039e-05,abund,0.0,1,0
Kraken2,default,Kraken2_default,ZymoMockD6331,ZymoMockD6331,ont,D6331_Zymo,64159,64159,                Desulfurobacterium,Desulfurobacterium,genus,6.713344551332078e-05,abund,0.0,2,0
Kraken2,default,Kraken2_default,ZymoMockD6331,ZymoMockD6331,ont,D6331_Zymo,392733,392733,                Terriglobus,Terriglobus,genus,0.00010070016826998118,abund,0.0,3,0
Kraken2,default,Kraken2_default,ZymoMockD6331,ZymoMockD6331,ont,D6331_Zymo,388463,388463,                Edaphobacter,Edaphobacter,genus,3.356672275666039e-05,abund,0.0,1,0
Kraken2,default,Kraken2_default,ZymoMockD6331,ZymoMockD6331,ont,D6331_Zymo,2951993,2951993,                Alloacidobacterium,Alloacidobacterium,genus,3.356672275666039e-05,abund,0.0,1,0
Kraken2,default,Kraken2_default,ZymoMockD6331,ZymoMockD6331,ont,D6331_Zymo,3154218,3154218,                Tunturiibacter,Tunturiibacter,genus,3.356672275666039e-05,abund,0.0,1,0
Kraken2,default,Kraken2_default,ZymoMockD6331,ZymoMockD6331,ont,D6331_Zymo,2915177,2915177,                Sulfidibacter,Sulfidibacter,genus,3.356672275666039e-05,abund,0.0,1,0
Kraken2,default,Kraken2_default,ZymoMockD6331,ZymoMockD6331,ont,D6331_Zymo,53572,53572,                Deferribacter,Deferribacter,genus,0.00016783361378330195,abund,0.0,5,0
Kraken2,default,Kraken2_default,ZymoMockD6331,ZymoMockD6331,ont,D6331_Zymo,248038,248038,                Mucispirillum,Mucispirillum,genus,3.356672275666039e-05,abund,0.0,1,0
Kraken2,default,Kraken2_default,ZymoMockD6331,ZymoMockD6331,ont,D6331_Zymo,412592,412592,                Thermosulfidibacter,Thermosulfidibacter,genus,3.356672275666039e-05,abund,0.0,1,0
Kraken2,default,Kraken2_default,ZymoMockD6331,ZymoMockD6331,ont,D6331_Zymo,393029,393029,                Desulfurispirillum,Desulfurispirillum,genus,3.356672275666039e-05,abund,0.0,1,0
Kraken2,default,Kraken2_default,ZymoMockD6331,ZymoMockD6331,ont,D6331_Zymo,227388,227388,                Thermodesulfobium,Thermodesulfobium,genus,3.356672275666039e-05,abund,0.0,1,1
Kraken2,default,Kraken2_default,ZymoMockD6331,ZymoMockD6331,ont,D6331_Zymo,848,848,                Fusobacterium,Fusobacterium,genus,5.545356866291323,abund,5.55,165204,17352
Kraken2,default,Kraken2_default,ZymoMockD6331,ZymoMockD6331,ont,D6331_Zymo,167639,167639,                Ilyobacter,Ilyobacter,genus,0.00013426689102664157,abund,0.0,4,1
Kraken2,default,Kraken2_default,ZymoMockD6331,ZymoMockD6331,ont,D6331_Zymo,180162,180162,                Cetobacterium,Cetobacterium,genus,6.713344551332078e-05,abund,0.0,2,0
Kraken2,default,Kraken2_default,ZymoMockD6331,ZymoMockD6331,ont,D6331_Zymo,32067,32067,                Leptotrichia,Leptotrichia,genus,0.0005706342868632267,abund,0.0,17,8
Kraken2,default,Kraken2_default,ZymoMockD6331,ZymoMockD6331,ont,D6331_Zymo,168808,168808,                Sneathia,Sneathia,genus,0.0004699341185932455,abund,0.0,14,0
Kraken2,default,Kraken2_default,ZymoMockD6331,ZymoMockD6331,ont,D6331_Zymo,34104,34104,                Streptobacillus,Streptobacillus,genus,6.713344551332078e-05,abund,0.0,2,0
Kraken2,default,Kraken2_default,ZymoMockD6331,ZymoMockD6331,ont,D6331_Zymo,32068,32068,                Sebaldella,Sebaldella,genus,3.356672275666039e-05,abund,0.0,1,0
Kraken2,default,Kraken2_default,ZymoMockD6331,ZymoMockD6331,ont,D6331_Zymo,3072462,3072462,                Haliovirga,Haliovirga,genus,0.00030210050480994355,abund,0.0,9,0
Kraken2,default,Kraken2_default,ZymoMockD6331,ZymoMockD6331,ont,D6331_Zymo,1255275,1255275,                Oceanotoga,Oceanotoga,genus,0.0009063015144298305,abund,0.0,27,0
Kraken2,default,Kraken2_default,ZymoMockD6331,ZymoMockD6331,ont,D6331_Zymo,160798,160798,                Marinitoga,Marinitoga,genus,0.00010070016826998118,abund,0.0,3,1
Kraken2,default,Kraken2_default,ZymoMockD6331,ZymoMockD6331,ont,D6331_Zymo,2778400,2778400,                Tepiditoga,Tepiditoga,genus,0.00010070016826998118,abund,0.0,3,0
Kraken2,default,Kraken2_default,ZymoMockD6331,ZymoMockD6331,ont,D6331_Zymo,1511648,1511648,                Defluviitoga,Defluviitoga,genus,3.356672275666039e-05,abund,0.0,1,0
Kraken2,default,Kraken2_default,ZymoMockD6331,ZymoMockD6331,ont,D6331_Zymo,2420,2420,                Thermosipho,Thermosipho,genus,0.00020140033653996236,abund,0.0,6,0
Kraken2,default,Kraken2_default,ZymoMockD6331,ZymoMockD6331,ont,D6331_Zymo,2422,2422,                Fervidobacterium,Fervidobacterium,genus,0.00010070016826998118,abund,0.0,3,0
Kraken2,default,Kraken2_default,ZymoMockD6331,ZymoMockD6331,ont,D6331_Zymo,1643951,1643951,                Pseudothermotoga,Pseudothermotoga,genus,6.713344551332078e-05,abund,0.0,2,1
Kraken2,default,Kraken2_default,ZymoMockD6331,ZymoMockD6331,ont,D6331_Zymo,651456,651456,                Kosmotoga,Kosmotoga,genus,0.00013426689102664157,abund,0.0,4,0
Kraken2,default,Kraken2_default,ZymoMockD6331,ZymoMockD6331,ont,D6331_Zymo,1298,1298,                Deinococcus,Deinococcus,genus,0.00026853378205328313,abund,0.0,8,0
Kraken2,default,Kraken2_default,ZymoMockD6331,ZymoMockD6331,ont,D6331_Zymo,270,270,                Thermus,Thermus,genus,0.00016783361378330195,abund,0.0,5,0
Kraken2,default,Kraken2_default,ZymoMockD6331,ZymoMockD6331,ont,D6331_Zymo,65551,65551,                Meiothermus,Meiothermus,genus,3.356672275666039e-05,abund,0.0,1,0
Kraken2,default,Kraken2_default,ZymoMockD6331,ZymoMockD6331,ont,D6331_Zymo,81466,81466,                Aminobacterium,Aminobacterium,genus,0.00030210050480994355,abund,0.0,9,0
Kraken2,default,Kraken2_default,ZymoMockD6331,ZymoMockD6331,ont,D6331_Zymo,3029078,3029078,                Aminithiophilus,Aminithiophilus,genus,6.713344551332078e-05,abund,0.0,2,0
Kraken2,default,Kraken2_default,ZymoMockD6331,ZymoMockD6331,ont,D6331_Zymo,428711,428711,                Jonquetella,Jonquetella,genus,3.356672275666039e-05,abund,0.0,1,0
Kraken2,default,Kraken2_default,ZymoMockD6331,ZymoMockD6331,ont,D6331_Zymo,2766927,2766927,              Persicimonas,Persicimonas,genus,3.356672275666039e-05,abund,0.0,1,0
Kraken2,default,Kraken2_default,ZymoMockD6331,ZymoMockD6331,ont,D6331_Zymo,2946507,2946507,              Microvenator,Microvenator,genus,3.356672275666039e-05,abund,0.0,1,0
Kraken2,default,Kraken2_default,ZymoMockD6331,ZymoMockD6331,ont,D6331_Zymo,9605,9605,                                                            Homo,Homo,genus,0.6620029062068562,abund,0.66,19722,0
Kraken2,default,Kraken2_default,ZymoMockD6331,ZymoMockD6331,ont,D6331_Zymo,4930,4930,                        Saccharomyces,Saccharomyces,genus,0.00010070016826998118,abund,0.0,3,0
Kraken2,default,Kraken2_default,ZymoMockD6331,ZymoMockD6331,ont,D6331_Zymo,2172,2172,                  Methanobrevibacter,Methanobrevibacter,genus,0.09569872657923878,abund,0.1,2851,21
Kraken2,default,Kraken2_default,ZymoMockD6331,ZymoMockD6331,ont,D6331_Zymo,145260,145260,                  Methanothermobacter,Methanothermobacter,genus,0.00013426689102664157,abund,0.0,4,4
Kraken2,default,Kraken2_default,ZymoMockD6331,ZymoMockD6331,ont,D6331_Zymo,2160,2160,                  Methanobacterium,Methanobacterium,genus,0.00010070016826998118,abund,0.0,3,0
Kraken2,default,Kraken2_default,ZymoMockD6331,ZymoMockD6331,ont,D6331_Zymo,2316,2316,                  Methanosphaera,Methanosphaera,genus,0.00010070016826998118,abund,0.0,3,0
Kraken2,default,Kraken2_default,ZymoMockD6331,ZymoMockD6331,ont,D6331_Zymo,196118,196118,                  Methanocaldococcus,Methanocaldococcus,genus,0.0003356672275666039,abund,0.0,10,0
Kraken2,default,Kraken2_default,ZymoMockD6331,ZymoMockD6331,ont,D6331_Zymo,196119,196119,                  Methanotorris,Methanotorris,genus,3.356672275666039e-05,abund,0.0,1,0
Kraken2,default,Kraken2_default,ZymoMockD6331,ZymoMockD6331,ont,D6331_Zymo,2184,2184,                  Methanococcus,Methanococcus,genus,0.00020140033653996236,abund,0.0,6,0
Kraken2,default,Kraken2_default,ZymoMockD6331,ZymoMockD6331,ont,D6331_Zymo,2607661,2607661,                  Methanofervidicoccus,Methanofervidicoccus,genus,3.356672275666039e-05,abund,0.0,1,0
Kraken2,default,Kraken2_default,ZymoMockD6331,ZymoMockD6331,ont,D6331_Zymo,2207,2207,                  Methanosarcina,Methanosarcina,genus,0.0006042010096198871,abund,0.0,18,3
Kraken2,default,Kraken2_default,ZymoMockD6331,ZymoMockD6331,ont,D6331_Zymo,2321,2321,                  Methanohalobium,Methanohalobium,genus,0.00013426689102664157,abund,0.0,4,0
Kraken2,default,Kraken2_default,ZymoMockD6331,ZymoMockD6331,ont,D6331_Zymo,196136,196136,                  Methanosalsum,Methanosalsum,genus,0.00013426689102664157,abund,0.0,4,0
Kraken2,default,Kraken2_default,ZymoMockD6331,ZymoMockD6331,ont,D6331_Zymo,3136068,3136068,                  Methanolapillus,Methanolapillus,genus,0.00013426689102664157,abund,0.0,4,0
Kraken2,default,Kraken2_default,ZymoMockD6331,ZymoMockD6331,ont,D6331_Zymo,2175,2175,                  Methanohalophilus,Methanohalophilus,genus,0.00010070016826998118,abund,0.0,3,0
Kraken2,default,Kraken2_default,ZymoMockD6331,ZymoMockD6331,ont,D6331_Zymo,2220,2220,                  Methanolobus,Methanolobus,genus,6.713344551332078e-05,abund,0.0,2,0
Kraken2,default,Kraken2_default,ZymoMockD6331,ZymoMockD6331,ont,D6331_Zymo,101191,101191,                  Methanomethylovorans,Methanomethylovorans,genus,6.713344551332078e-05,abund,0.0,2,2
Kraken2,default,Kraken2_default,ZymoMockD6331,ZymoMockD6331,ont,D6331_Zymo,2225,2225,                  Methanococcoides,Methanococcoides,genus,3.356672275666039e-05,abund,0.0,1,0
Kraken2,default,Kraken2_default,ZymoMockD6331,ZymoMockD6331,ont,D6331_Zymo,91559,91559,                  Methanimicrococcus,Methanimicrococcus,genus,3.356672275666039e-05,abund,0.0,1,0
Kraken2,default,Kraken2_default,ZymoMockD6331,ZymoMockD6331,ont,D6331_Zymo,230355,230355,                  Methanolacinia,Methanolacinia,genus,0.00013426689102664157,abund,0.0,4,0
Kraken2,default,Kraken2_default,ZymoMockD6331,ZymoMockD6331,ont,D6331_Zymo,2314,2314,                  Methanoplanus,Methanoplanus,genus,0.00010070016826998118,abund,0.0,3,0
Kraken2,default,Kraken2_default,ZymoMockD6331,ZymoMockD6331,ont,D6331_Zymo,3385481,3385481,                  Methanoeremita,Methanoeremita,genus,0.00010070016826998118,abund,0.0,3,0
Kraken2,default,Kraken2_default,ZymoMockD6331,ZymoMockD6331,ont,D6331_Zymo,2195,2195,                  Methanogenium,Methanogenium,genus,6.713344551332078e-05,abund,0.0,2,0
Kraken2,default,Kraken2_default,ZymoMockD6331,ZymoMockD6331,ont,D6331_Zymo,3385476,3385476,                  Methanochimaera,Methanochimaera,genus,6.713344551332078e-05,abund,0.0,2,0
Kraken2,default,Kraken2_default,ZymoMockD6331,ZymoMockD6331,ont,D6331_Zymo,2202,2202,                  Methanospirillum,Methanospirillum,genus,6.713344551332078e-05,abund,0.0,2,0
Kraken2,default,Kraken2_default,ZymoMockD6331,ZymoMockD6331,ont,D6331_Zymo,475087,475087,                  Methanosphaerula,Methanosphaerula,genus,6.713344551332078e-05,abund,0.0,2,0
Kraken2,default,Kraken2_default,ZymoMockD6331,ZymoMockD6331,ont,D6331_Zymo,2222,2222,                  Methanothrix,Methanothrix,genus,3.356672275666039e-05,abund,0.0,1,1
Kraken2,default,Kraken2_default,ZymoMockD6331,ZymoMockD6331,ont,D6331_Zymo,88723,88723,                  Natrinema,Natrinema,genus,0.00020140033653996236,abund,0.0,6,0
Kraken2,default,Kraken2_default,ZymoMockD6331,ZymoMockD6331,ont,D6331_Zymo,3076685,3076685,                  Natronosalvus,Natronosalvus,genus,0.00010070016826998118,abund,0.0,3,0
Kraken2,default,Kraken2_default,ZymoMockD6331,ZymoMockD6331,ont,D6331_Zymo,29287,29287,                  Natronococcus,Natronococcus,genus,3.356672275666039e-05,abund,0.0,1,0
Kraken2,default,Kraken2_default,ZymoMockD6331,ZymoMockD6331,ont,D6331_Zymo,2237,2237,                  Haloarcula,Haloarcula,genus,0.00010070016826998118,abund,0.0,3,0
Kraken2,default,Kraken2_default,ZymoMockD6331,ZymoMockD6331,ont,D6331_Zymo,171163,171163,                  Halosimplex,Halosimplex,genus,3.356672275666039e-05,abund,0.0,1,0
Kraken2,default,Kraken2_default,ZymoMockD6331,ZymoMockD6331,ont,D6331_Zymo,203135,203135,                  Halomicrobium,Halomicrobium,genus,3.356672275666039e-05,abund,0.0,1,0
Kraken2,default,Kraken2_default,ZymoMockD6331,ZymoMockD6331,ont,D6331_Zymo,2162630,2162630,                  Salinirubellus,Salinirubellus,genus,3.356672275666039e-05,abund,0.0,1,0
Kraken2,default,Kraken2_default,ZymoMockD6331,ZymoMockD6331,ont,D6331_Zymo,293431,293431,                  Haloquadratum,Haloquadratum,genus,0.00010070016826998118,abund,0.0,3,0
Kraken2,default,Kraken2_default,ZymoMockD6331,ZymoMockD6331,ont,D6331_Zymo,56688,56688,                  Halorubrum,Halorubrum,genus,3.356672275666039e-05,abund,0.0,1,0
Kraken2,default,Kraken2_default,ZymoMockD6331,ZymoMockD6331,ont,D6331_Zymo,376170,376170,                  Haloplanus,Haloplanus,genus,3.356672275666039e-05,abund,0.0,1,0
Kraken2,default,Kraken2_default,ZymoMockD6331,ZymoMockD6331,ont,D6331_Zymo,2239,2239,                  Halobacterium,Halobacterium,genus,3.356672275666039e-05,abund,0.0,1,0
Kraken2,default,Kraken2_default,ZymoMockD6331,ZymoMockD6331,ont,D6331_Zymo,1075398,1075398,                  Salarchaeum,Salarchaeum,genus,3.356672275666039e-05,abund,0.0,1,0
Kraken2,default,Kraken2_default,ZymoMockD6331,ZymoMockD6331,ont,D6331_Zymo,1269201,1269201,                  Salinarchaeum,Salinarchaeum,genus,6.713344551332078e-05,abund,0.0,2,0
Kraken2,default,Kraken2_default,ZymoMockD6331,ZymoMockD6331,ont,D6331_Zymo,2263,2263,                Thermococcus,Thermococcus,genus,0.0006377677323765474,abund,0.0,19,2
Kraken2,default,Kraken2_default,ZymoMockD6331,ZymoMockD6331,ont,D6331_Zymo,2260,2260,                Pyrococcus,Pyrococcus,genus,0.00013426689102664157,abund,0.0,4,0
Kraken2,default,Kraken2_default,ZymoMockD6331,ZymoMockD6331,ont,D6331_Zymo,2233,2233,                Archaeoglobus,Archaeoglobus,genus,0.00016783361378330195,abund,0.0,5,0
Kraken2,default,Kraken2_default,ZymoMockD6331,ZymoMockD6331,ont,D6331_Zymo,190818,190818,                Geoglobus,Geoglobus,genus,3.356672275666039e-05,abund,0.0,1,0
Kraken2,default,Kraken2_default,ZymoMockD6331,ZymoMockD6331,ont,D6331_Zymo,3373586,3373586,                Oxyplasma,Oxyplasma,genus,0.00026853378205328313,abund,0.0,8,0
Kraken2,default,Kraken2_default,ZymoMockD6331,ZymoMockD6331,ont,D6331_Zymo,2302,2302,                Thermoplasma,Thermoplasma,genus,6.713344551332078e-05,abund,0.0,2,0
Kraken2,default,Kraken2_default,ZymoMockD6331,ZymoMockD6331,ont,D6331_Zymo,507753,507753,                Acidiplasma,Acidiplasma,genus,0.00010070016826998118,abund,0.0,3,0
Kraken2,default,Kraken2_default,ZymoMockD6331,ZymoMockD6331,ont,D6331_Zymo,74968,74968,                Ferroplasma,Ferroplasma,genus,3.356672275666039e-05,abund,0.0,1,0
Kraken2,default,Kraken2_default,ZymoMockD6331,ZymoMockD6331,ont,D6331_Zymo,2284,2284,                Sulfolobus,Sulfolobus,genus,0.0003692339503232643,abund,0.0,11,0
Kraken2,default,Kraken2_default,ZymoMockD6331,ZymoMockD6331,ont,D6331_Zymo,2100760,2100760,                Saccharolobus,Saccharolobus,genus,0.00030210050480994355,abund,0.0,9,0
Kraken2,default,Kraken2_default,ZymoMockD6331,ZymoMockD6331,ont,D6331_Zymo,69655,69655,                Sulfurisphaera,Sulfurisphaera,genus,0.00020140033653996236,abund,0.0,6,0
Kraken2,default,Kraken2_default,ZymoMockD6331,ZymoMockD6331,ont,D6331_Zymo,12914,12914,                Acidianus,Acidianus,genus,0.00013426689102664157,abund,0.0,4,0
Kraken2,default,Kraken2_default,ZymoMockD6331,ZymoMockD6331,ont,D6331_Zymo,41674,41674,                Stygiolobus,Stygiolobus,genus,0.00010070016826998118,abund,0.0,3,0
Kraken2,default,Kraken2_default,ZymoMockD6331,ZymoMockD6331,ont,D6331_Zymo,41980,41980,                Metallosphaera,Metallosphaera,genus,6.713344551332078e-05,abund,0.0,2,0
Kraken2,default,Kraken2_default,ZymoMockD6331,ZymoMockD6331,ont,D6331_Zymo,2705406,2705406,                Sulfuracidifex,Sulfuracidifex,genus,6.713344551332078e-05,abund,0.0,2,0
Kraken2,default,Kraken2_default,ZymoMockD6331,ZymoMockD6331,ont,D6331_Zymo,2276,2276,                Pyrobaculum,Pyrobaculum,genus,0.00010070016826998118,abund,0.0,3,0
Kraken2,default,Kraken2_default,ZymoMockD6331,ZymoMockD6331,ont,D6331_Zymo,200414,200414,                Caldisphaera,Caldisphaera,genus,0.00010070016826998118,abund,0.0,3,0
Kraken2,default,Kraken2_default,ZymoMockD6331,ZymoMockD6331,ont,D6331_Zymo,2273,2273,                Desulfurococcus,Desulfurococcus,genus,3.356672275666039e-05,abund,0.0,1,0
Kraken2,default,Kraken2_default,ZymoMockD6331,ZymoMockD6331,ont,D6331_Zymo,2279,2279,                Staphylothermus,Staphylothermus,genus,3.356672275666039e-05,abund,0.0,1,0
Kraken2,default,Kraken2_default,ZymoMockD6331,ZymoMockD6331,ont,D6331_Zymo,685950,685950,                Fervidicoccus,Fervidicoccus,genus,6.713344551332078e-05,abund,0.0,2,0
Kraken2,default,Kraken2_default,ZymoMockD6331,ZymoMockD6331,ont,D6331_Zymo,2268,2268,                Thermofilum,Thermofilum,genus,6.713344551332078e-05,abund,0.0,2,0
Kraken2,default,Kraken2_default,ZymoMockD6331,ZymoMockD6331,ont,D6331_Zymo,338191,338191,                Nitrosopumilus,Nitrosopumilus,genus,0.0006713344551332078,abund,0.0,20,3
Kraken2,default,Kraken2_default,ZymoMockD6331,ZymoMockD6331,ont,D6331_Zymo,1993653,1993653,                Candidatus Nitrosomarinus,Candidatus Nitrosomarinus,genus,0.00013426689102664157,abund,0.0,4,0
Kraken2,default,Kraken2_default,ZymoMockD6331,ZymoMockD6331,ont,D6331_Zymo,1826864,1826864,                Candidatus Nitrosocosmicus,Candidatus Nitrosocosmicus,genus,0.00026853378205328313,abund,0.0,8,0
Kraken2,default,Kraken2_default,ZymoMockD6331,ZymoMockD6331,ont,D6331_Zymo,497726,497726,                Nitrososphaera,Nitrososphaera,genus,6.713344551332078e-05,abund,0.0,2,0
Kraken2,default,Kraken2_default,ZymoMockD6331,ZymoMockD6331,ont,D6331_Zymo,1078904,1078904,                Nitrosotalea,Nitrosotalea,genus,6.713344551332078e-05,abund,0.0,2,0
Kraken2,default,Kraken2_default,ZymoMockD6331,ZymoMockD6331,ont,D6331_Zymo,2974824,2974824,                Nanobdella,Nanobdella,genus,0.00013426689102664157,abund,0.0,4,0
Kraken2,default,Kraken2_default,ZymoMockD6331,ZymoMockD6331,ont,D6331_Zymo,3366645,3366645,                Promethearchaeum,Promethearchaeum,genus,0.00010070016826998118,abund,0.0,3,0
Kraken2,default,Kraken2_default,ZymoMockD6331,ZymoMockD6331,ont,D6331_Zymo,3044693,3044693,                  Cotonvirus,Cotonvirus,genus,0.0003356672275666039,abund,0.0,10,0
Kraken2,default,Kraken2_default,ZymoMockD6331,ZymoMockD6331,ont,D6331_Zymo,3080801,3080801,                  Moumouvirus,Moumouvirus,genus,0.00026853378205328313,abund,0.0,8,0
Kraken2,default,Kraken2_default,ZymoMockD6331,ZymoMockD6331,ont,D6331_Zymo,2094720,2094720,                  Tupanvirus,Tupanvirus,genus,0.00020140033653996236,abund,0.0,6,0
Kraken2,default,Kraken2_default,ZymoMockD6331,ZymoMockD6331,ont,D6331_Zymo,3044761,3044761,                  Megavirus,Megavirus,genus,6.713344551332078e-05,abund,0.0,2,2
Kraken2,default,Kraken2_default,ZymoMockD6331,ZymoMockD6331,ont,D6331_Zymo,2763561,2763561,                  Fadolivirus,Fadolivirus,genus,6.713344551332078e-05,abund,0.0,2,0
Kraken2,default,Kraken2_default,ZymoMockD6331,ZymoMockD6331,ont,D6331_Zymo,3044842,3044842,                  Theiavirus,Theiavirus,genus,3.356672275666039e-05,abund,0.0,1,0
Kraken2,default,Kraken2_default,ZymoMockD6331,ZymoMockD6331,ont,D6331_Zymo,3044800,3044800,                  Rheavirus,Rheavirus,genus,6.713344551332078e-05,abund,0.0,2,0
Kraken2,default,Kraken2_default,ZymoMockD6331,ZymoMockD6331,ont,D6331_Zymo,3044674,3044674,                Biavirus,Biavirus,genus,6.713344551332078e-05,abund,0.0,2,0
Kraken2,default,Kraken2_default,ZymoMockD6331,ZymoMockD6331,ont,D6331_Zymo,3044747,3044747,                Kratosvirus,Kratosvirus,genus,3.356672275666039e-05,abund,0.0,1,0
Kraken2,default,Kraken2_default,ZymoMockD6331,ZymoMockD6331,ont,D6331_Zymo,181086,181086,                Prymnesiovirus,Prymnesiovirus,genus,6.713344551332078e-05,abund,0.0,2,0
Kraken2,default,Kraken2_default,ZymoMockD6331,ZymoMockD6331,ont,D6331_Zymo,181083,181083,                Chlorovirus,Chlorovirus,genus,3.356672275666039e-05,abund,0.0,1,0
Kraken2,default,Kraken2_default,ZymoMockD6331,ZymoMockD6331,ont,D6331_Zymo,181085,181085,                Phaeovirus,Phaeovirus,genus,3.356672275666039e-05,abund,0.0,1,0
Kraken2,default,Kraken2_default,ZymoMockD6331,ZymoMockD6331,ont,D6331_Zymo,1513458,1513458,                Marseillevirus,Marseillevirus,genus,6.713344551332078e-05,abund,0.0,2,0
Kraken2,default,Kraken2_default,ZymoMockD6331,ZymoMockD6331,ont,D6331_Zymo,10487,10487,                  Iridovirus,Iridovirus,genus,3.356672275666039e-05,abund,0.0,1,0
Kraken2,default,Kraken2_default,ZymoMockD6331,ZymoMockD6331,ont,D6331_Zymo,2005509,2005509,                  Centapoxvirus,Centapoxvirus,genus,6.713344551332078e-05,abund,0.0,2,0
Kraken2,default,Kraken2_default,ZymoMockD6331,ZymoMockD6331,ont,D6331_Zymo,10260,10260,                  Avipoxvirus,Avipoxvirus,genus,3.356672275666039e-05,abund,0.0,1,0
Kraken2,default,Kraken2_default,ZymoMockD6331,ZymoMockD6331,ont,D6331_Zymo,2733299,2733299,                  Salmonpoxvirus,Salmonpoxvirus,genus,3.356672275666039e-05,abund,0.0,1,0
Kraken2,default,Kraken2_default,ZymoMockD6331,ZymoMockD6331,ont,D6331_Zymo,10286,10286,                  Betaentomopoxvirus,Betaentomopoxvirus,genus,6.713344551332078e-05,abund,0.0,2,0
Kraken2,default,Kraken2_default,ZymoMockD6331,ZymoMockD6331,ont,D6331_Zymo,10663,10663,                Tequatrovirus,Tequatrovirus,genus,0.00010070016826998118,abund,0.0,3,0
Kraken2,default,Kraken2_default,ZymoMockD6331,ZymoMockD6331,ont,D6331_Zymo,2948828,2948828,                Mosugukvirus,Mosugukvirus,genus,3.356672275666039e-05,abund,0.0,1,0
Kraken2,default,Kraken2_default,ZymoMockD6331,ZymoMockD6331,ont,D6331_Zymo,3044824,3044824,              Shenzhenivirus,Shenzhenivirus,genus,0.00010070016826998118,abund,0.0,3,0
Kraken2,default,Kraken2_default,ZymoMockD6331,ZymoMockD6331,ont,D6331_Zymo,2843447,2843447,              Ronodorvirus,Ronodorvirus,genus,3.356672275666039e-05,abund,0.0,1,0
Kraken2,default,Kraken2_default,ZymoMockD6331,ZymoMockD6331,ont,D6331_Zymo,2948729,2948729,              Greenvirus,Greenvirus,genus,3.356672275666039e-05,abund,0.0,1,0
Kraken2,default,Kraken2_default,ZymoMockD6331,ZymoMockD6331,ont,D6331_Zymo,2731985,2731985,              Tritonvirus,Tritonvirus,genus,0.00010070016826998118,abund,0.0,3,3
Kraken2,default,Kraken2_default,ZymoMockD6331,ZymoMockD6331,ont,D6331_Zymo,2732924,2732924,                Stubburvirus,Stubburvirus,genus,3.356672275666039e-05,abund,0.0,1,0
Kraken2,default,Kraken2_default,ZymoMockD6331,ZymoMockD6331,ont,D6331_Zymo,3044846,3044846,              Tonitrusvirus,Tonitrusvirus,genus,0.00010070016826998118,abund,0.0,3,0
Kraken2,default,Kraken2_default,ZymoMockD6331,ZymoMockD6331,ont,D6331_Zymo,186777,186777,            Muvirus,Muvirus,genus,0.00010070016826998118,abund,0.0,3,0
Kraken2,default,Kraken2_default,ZymoMockD6331,ZymoMockD6331,ont,D6331_Zymo,2948652,2948652,                  Carjivirus,Carjivirus,genus,3.356672275666039e-05,abund,0.0,1,0
Kraken2,default,Kraken2_default,ZymoMockD6331,ZymoMockD6331,ont,D6331_Zymo,2948793,2948793,                  Lahndsivirus,Lahndsivirus,genus,3.356672275666039e-05,abund,0.0,1,0
Kraken2,default,Kraken2_default,ZymoMockD6331,ZymoMockD6331,ont,D6331_Zymo,2946811,2946811,                  Aurodevirus,Aurodevirus,genus,3.356672275666039e-05,abund,0.0,1,0
Kraken2,default,Kraken2_default,ZymoMockD6331,ZymoMockD6331,ont,D6331_Zymo,3044773,3044773,              Nevillevirus,Nevillevirus,genus,6.713344551332078e-05,abund,0.0,2,0
Kraken2,default,Kraken2_default,ZymoMockD6331,ZymoMockD6331,ont,D6331_Zymo,2843415,2843415,            Latrobevirus,Latrobevirus,genus,6.713344551332078e-05,abund,0.0,2,0
Kraken2,default,Kraken2_default,ZymoMockD6331,ZymoMockD6331,ont,D6331_Zymo,2560112,2560112,                Cetovirus,Cetovirus,genus,6.713344551332078e-05,abund,0.0,2,0
Kraken2,default,Kraken2_default,ZymoMockD6331,ZymoMockD6331,ont,D6331_Zymo,2560092,2560092,              Aphroditevirus,Aphroditevirus,genus,3.356672275666039e-05,abund,0.0,1,0
Kraken2,default,Kraken2_default,ZymoMockD6331,ZymoMockD6331,ont,D6331_Zymo,2842805,2842805,                Klosterneuburgvirus,Klosterneuburgvirus,genus,3.356672275666039e-05,abund,0.0,1,0
Kraken2,default,Kraken2_default,ZymoMockD6331,ZymoMockD6331,ont,D6331_Zymo,2843376,2843376,            Donellivirus,Donellivirus,genus,3.356672275666039e-05,abund,0.0,1,0
Kraken2,default,Kraken2_default,ZymoMockD6331,ZymoMockD6331,ont,D6331_Zymo,2843404,2843404,              Kozyakovvirus,Kozyakovvirus,genus,3.356672275666039e-05,abund,0.0,1,0
Kraken2,default,Kraken2_default,ZymoMockD6331,ZymoMockD6331,ont,D6331_Zymo,2843387,2843387,            Glaedevirus,Glaedevirus,genus,3.356672275666039e-05,abund,0.0,1,0
Kraken2,default,Kraken2_default,ZymoMockD6331,ZymoMockD6331,ont,D6331_Zymo,2843417,2843417,            Lietduovirus,Lietduovirus,genus,3.356672275666039e-05,abund,0.0,1,0
Kraken2,default,Kraken2_default,ZymoMockD6331,ZymoMockD6331,ont,D6331_Zymo,2733124,2733124,              Phapecoctavirus,Phapecoctavirus,genus,3.356672275666039e-05,abund,0.0,1,0
Kraken2,default,Kraken2_default,ZymoMockD6331,ZymoMockD6331,ont,D6331_Zymo,2843351,2843351,            Audreyjarvisvirus,Audreyjarvisvirus,genus,3.356672275666039e-05,abund,0.0,1,1
Kraken2,default,Kraken2_default,ZymoMockD6331,ZymoMockD6331,ont,D6331_Zymo,2560086,2560086,            Alcyoneusvirus,Alcyoneusvirus,genus,3.356672275666039e-05,abund,0.0,1,0
Kraken2,default,Kraken2_default,ZymoMockD6331,ZymoMockD6331,ont,D6331_Zymo,186789,186789,            Punavirus,Punavirus,genus,3.356672275666039e-05,abund,0.0,1,0
Kraken2,default,Kraken2_default,ZymoMockD6331,ZymoMockD6331,ont,D6331_Zymo,558016,558016,            Alphabaculovirus,Alphabaculovirus,genus,0.00026853378205328313,abund,0.0,8,1
Kraken2,default,Kraken2_default,ZymoMockD6331,ZymoMockD6331,ont,D6331_Zymo,558017,558017,            Betabaculovirus,Betabaculovirus,genus,3.356672275666039e-05,abund,0.0,1,0
Kraken2,default,Kraken2_default,ZymoMockD6331,ZymoMockD6331,ont,D6331_Zymo,2948762,2948762,        Ichnoviriform,Ichnoviriform,genus,3.356672275666039e-05,abund,0.0,1,0
Kraken2,default,Kraken2_default,ZymoMockD6331,ZymoMockD6331,ont,D6331_Zymo,694013,694013,                    Gammacoronavirus,Gammacoronavirus,genus,0.00013426689102664157,abund,0.0,4,0
Kraken2,default,Kraken2_default,ZymoMockD6331,ZymoMockD6331,ont,D6331_Zymo,2842369,2842369,                  Alphadrosrhavirus,Alphadrosrhavirus,genus,3.356672275666039e-05,abund,0.0,1,0
Kraken2,default,Kraken2_default,ZymoMockD6331,ZymoMockD6331,ont,D6331_Zymo,2733254,2733254,                    Sunrhavirus,Sunrhavirus,genus,3.356672275666039e-05,abund,0.0,1,0
Kraken2,default,Kraken2_default,ZymoMockD6331,ZymoMockD6331,ont,D6331_Zymo,1805626,1805626,            Pithovirus,Pithovirus,genus,3.356672275666039e-05,abund,0.0,1,0
Kraken2,default,Kraken2_default,ZymoMockD6331,ZymoMockD6331,ont,D6331_Zymo,2060084,2060084,          Pandoravirus,Pandoravirus,genus,3.356672275666039e-05,abund,0.0,1,0
Kraken2,default,Kraken2_default,ZymoMockD6331,ZymoMockD6331,ont,D6331_Zymo,1891713,1891713,                Alphapolyomavirus,Alphapolyomavirus,genus,3.356672275666039e-05,abund,0.0,1,0
Kraken2,default,Kraken2_default,ZymoMockD6331,ZymoMockD6331,ont,D6331_Zymo,325455,325455,                  Gammapapillomavirus,Gammapapillomavirus,genus,3.356672275666039e-05,abund,0.0,1,0
