tool,db,tool_db,data_type,project,technology,sample,taxid_raw,taxid,name_raw,name,rank,value,value_type,abundance_raw,numReads,numDirectReads,norm_abund,classified_fraction
Centrifuger,default,Centrifuger_default,ZymoMockD6331,ZymoMockD6331,pacbio,SRR13128014,853,853,                  Faecalibacterium_prausnitzii,Faecalibacterium prausnitzii,species,21.021784347692503,fraction_reads,21.02,415990,415990,21.192266878186874,0.9919554367886028
Centrifuger,default,Centrifuger_default,ZymoMockD6331,ZymoMockD6331,pacbio,SRR13128014,2929489,2929489,                    Faecalibacterium_sp._IP-3-29,Faecalibacterium_sp._IP-3-29,species,0.0006569465528498341,fraction_reads,0.0,13,13,0.0006622742599976668,0.9919554367886028
Centrifuger,default,Centrifuger_default,ZymoMockD6331,ZymoMockD6331,pacbio,SRR13128014,2929493,2929493,                    Faecalibacterium_sp._I3-3-89,Faecalibacterium_sp._I3-3-89,species,5.0534350219218014e-05,fraction_reads,0.0,1,1,5.0944173845974365e-05,0.9919554367886028
Centrifuger,default,Centrifuger_default,ZymoMockD6331,ZymoMockD6331,pacbio,SRR13128014,411483,411483,                  Faecalibacterium_duncaniae,Faecalibacterium duncaniae,species,5.0534350219218014e-05,fraction_reads,0.0,1,1,5.0944173845974365e-05,0.9919554367886028
Centrifuger,default,Centrifuger_default,ZymoMockD6331,ZymoMockD6331,pacbio,SRR13128014,288965,288965,                  Acetivibrio_clariflavus,Acetivibrio clariflavus,species,0.00030320610131530807,fraction_reads,0.0,6,0,0.0003056650430758462,0.9919554367886028
Centrifuger,default,Centrifuger_default,ZymoMockD6331,ZymoMockD6331,pacbio,SRR13128014,1677857,1677857,                  Acetivibrio_saccincola,Acetivibrio saccincola,species,0.00020213740087687205,fraction_reads,0.0,4,4,0.00020377669538389746,0.9919554367886028
Centrifuger,default,Centrifuger_default,ZymoMockD6331,ZymoMockD6331,pacbio,SRR13128014,1515,1515,                  Acetivibrio_thermocellus,Acetivibrio thermocellus,species,5.0534350219218014e-05,fraction_reads,0.0,1,1,5.0944173845974365e-05,0.9919554367886028
Centrifuger,default,Centrifuger_default,ZymoMockD6331,ZymoMockD6331,pacbio,SRR13128014,2488810,2488810,                  Ruminiclostridium_herbifermentans,Ruminiclostridium herbifermentans,species,0.00025267175109609005,fraction_reads,0.0,5,5,0.0002547208692298718,0.9919554367886028
Centrifuger,default,Centrifuger_default,ZymoMockD6331,ZymoMockD6331,pacbio,SRR13128014,1521,1521,                  Ruminiclostridium_cellulolyticum,Ruminiclostridium cellulolyticum,species,0.00010106870043843603,fraction_reads,0.0,2,0,0.00010188834769194873,0.9919554367886028
Centrifuger,default,Centrifuger_default,ZymoMockD6331,ZymoMockD6331,pacbio,SRR13128014,2564099,2564099,                  Ruminococcus_bovis,Ruminococcus bovis,species,0.00010106870043843603,fraction_reads,0.0,2,2,0.00010188834769194873,0.9919554367886028
Centrifuger,default,Centrifuger_default,ZymoMockD6331,ZymoMockD6331,pacbio,SRR13128014,1160721,1160721,                  Ruminococcus_bicirculans,Ruminococcus bicirculans,species,5.0534350219218014e-05,fraction_reads,0.0,1,1,5.0944173845974365e-05,0.9919554367886028
Centrifuger,default,Centrifuger_default,ZymoMockD6331,ZymoMockD6331,pacbio,SRR13128014,2878202,2878202,                    Ruminococcus_sp._FMB-CY1,Ruminococcus_sp._FMB-CY1,species,5.0534350219218014e-05,fraction_reads,0.0,1,1,5.0944173845974365e-05,0.9919554367886028
Centrifuger,default,Centrifuger_default,ZymoMockD6331,ZymoMockD6331,pacbio,SRR13128014,2666138,2666138,                  Caproicibacterium_lactatifermentans,Caproicibacterium lactatifermentans,species,0.00015160305065765403,fraction_reads,0.0,3,3,0.0001528325215379231,0.9919554367886028
Centrifuger,default,Centrifuger_default,ZymoMockD6331,ZymoMockD6331,pacbio,SRR13128014,2766537,2766537,                  Caproicibacterium_amylolyticum,Caproicibacterium amylolyticum,species,5.0534350219218014e-05,fraction_reads,0.0,1,1,5.0944173845974365e-05,0.9919554367886028
Centrifuger,default,Centrifuger_default,ZymoMockD6331,ZymoMockD6331,pacbio,SRR13128014,253239,253239,                  Ethanoligenens_harbinense,Ethanoligenens harbinense,species,0.00010106870043843603,fraction_reads,0.0,2,2,0.00010188834769194873,0.9919554367886028
Centrifuger,default,Centrifuger_default,ZymoMockD6331,ZymoMockD6331,pacbio,SRR13128014,292800,292800,                  Flavonifractor_plautii,Flavonifractor plautii,species,5.0534350219218014e-05,fraction_reads,0.0,1,1,5.0944173845974365e-05,0.9919554367886028
Centrifuger,default,Centrifuger_default,ZymoMockD6331,ZymoMockD6331,pacbio,SRR13128014,84032,84032,                  Pseudoclostridium_thermosuccinogenes,Pseudoclostridium thermosuccinogenes,species,5.0534350219218014e-05,fraction_reads,0.0,1,1,5.0944173845974365e-05,0.9919554367886028
Centrifuger,default,Centrifuger_default,ZymoMockD6331,ZymoMockD6331,pacbio,SRR13128014,301301,301301,                  Roseburia_hominis,Roseburia hominis,species,5.714980200641584,fraction_reads,5.71,113091,113091,5.761327564415086,0.9919554367886028
Centrifuger,default,Centrifuger_default,ZymoMockD6331,ZymoMockD6331,pacbio,SRR13128014,33035,33035,                  Blautia_producta,Blautia producta,species,0.0003537404515345261,fraction_reads,0.0,7,2,0.0003566092169218206,0.9919554367886028
Centrifuger,default,Centrifuger_default,ZymoMockD6331,ZymoMockD6331,pacbio,SRR13128014,40520,40520,                  Blautia_obeum,Blautia obeum,species,0.00010106870043843603,fraction_reads,0.0,2,0,0.00010188834769194873,0.9919554367886028
Centrifuger,default,Centrifuger_default,ZymoMockD6331,ZymoMockD6331,pacbio,SRR13128014,1796616,1796616,                  Blautia_pseudococcoides,Blautia pseudococcoides,species,5.0534350219218014e-05,fraction_reads,0.0,1,1,5.0944173845974365e-05,0.9919554367886028
Centrifuger,default,Centrifuger_default,ZymoMockD6331,ZymoMockD6331,pacbio,SRR13128014,1912897,1912897,                  Blautia_argi,Blautia argi,species,5.0534350219218014e-05,fraction_reads,0.0,1,1,5.0944173845974365e-05,0.9919554367886028
Centrifuger,default,Centrifuger_default,ZymoMockD6331,ZymoMockD6331,pacbio,SRR13128014,185008,185008,                  Butyrivibrio_hungatei,Butyrivibrio hungatei,species,0.00015160305065765403,fraction_reads,0.0,3,3,0.0001528325215379231,0.9919554367886028
Centrifuger,default,Centrifuger_default,ZymoMockD6331,ZymoMockD6331,pacbio,SRR13128014,43305,43305,                  Butyrivibrio_proteoclasticus,Butyrivibrio proteoclasticus,species,0.00010106870043843603,fraction_reads,0.0,2,0,0.00010188834769194873,0.9919554367886028
Centrifuger,default,Centrifuger_default,ZymoMockD6331,ZymoMockD6331,pacbio,SRR13128014,66219,66219,                  Lachnoclostridium_phytofermentans,Lachnoclostridium phytofermentans,species,0.00015160305065765403,fraction_reads,0.0,3,0,0.0001528325215379231,0.9919554367886028
Centrifuger,default,Centrifuger_default,ZymoMockD6331,ZymoMockD6331,pacbio,SRR13128014,89153,89153,                  [Clostridium]_hylemonae,[Clostridium]_hylemonae,species,0.00010106870043843603,fraction_reads,0.0,2,2,0.00010188834769194873,0.9919554367886028
Centrifuger,default,Centrifuger_default,ZymoMockD6331,ZymoMockD6331,pacbio,SRR13128014,1679721,1679721,                  Herbinix_luporum,Herbinix luporum,species,0.00025267175109609005,fraction_reads,0.0,5,5,0.0002547208692298718,0.9919554367886028
Centrifuger,default,Centrifuger_default,ZymoMockD6331,ZymoMockD6331,pacbio,SRR13128014,39485,39485,                  Lachnospira_eligens,Lachnospira eligens,species,0.00020213740087687205,fraction_reads,0.0,4,4,0.00020377669538389746,0.9919554367886028
Centrifuger,default,Centrifuger_default,ZymoMockD6331,ZymoMockD6331,pacbio,SRR13128014,33043,33043,                  Coprococcus_eutactus,Coprococcus eutactus,species,0.00015160305065765403,fraction_reads,0.0,3,0,0.0001528325215379231,0.9919554367886028
Centrifuger,default,Centrifuger_default,ZymoMockD6331,ZymoMockD6331,pacbio,SRR13128014,410072,410072,                  Coprococcus_comes,Coprococcus comes,species,5.0534350219218014e-05,fraction_reads,0.0,1,1,5.0944173845974365e-05,0.9919554367886028
Centrifuger,default,Centrifuger_default,ZymoMockD6331,ZymoMockD6331,pacbio,SRR13128014,2763670,2763670,                  Wujia_chipingensis,Wujia chipingensis,species,0.00020213740087687205,fraction_reads,0.0,4,4,0.00020377669538389746,0.9919554367886028
Centrifuger,default,Centrifuger_default,ZymoMockD6331,ZymoMockD6331,pacbio,SRR13128014,433286,433286,                  Anaerocolumna_cellulosilytica,Anaerocolumna cellulosilytica,species,0.00015160305065765403,fraction_reads,0.0,3,3,0.0001528325215379231,0.9919554367886028
Centrifuger,default,Centrifuger_default,ZymoMockD6331,ZymoMockD6331,pacbio,SRR13128014,617123,617123,                  Lachnoanaerobaculum_umeaense,Lachnoanaerobaculum umeaense,species,0.00010106870043843603,fraction_reads,0.0,2,2,0.00010188834769194873,0.9919554367886028
Centrifuger,default,Centrifuger_default,ZymoMockD6331,ZymoMockD6331,pacbio,SRR13128014,39488,39488,                  Anaerobutyricum_hallii,Anaerobutyricum hallii,species,0.00010106870043843603,fraction_reads,0.0,2,2,0.00010188834769194873,0.9919554367886028
Centrifuger,default,Centrifuger_default,ZymoMockD6331,ZymoMockD6331,pacbio,SRR13128014,39486,39486,                  Dorea_formicigenerans,Dorea formicigenerans,species,5.0534350219218014e-05,fraction_reads,0.0,1,1,5.0944173845974365e-05,0.9919554367886028
Centrifuger,default,Centrifuger_default,ZymoMockD6331,ZymoMockD6331,pacbio,SRR13128014,1496,1496,                  Clostridioides_difficile,Clostridioides difficile,species,2.6676578137222995,fraction_reads,2.67,52789,50778,2.6892919931551402,0.9919554367886028
Centrifuger,default,Centrifuger_default,ZymoMockD6331,ZymoMockD6331,pacbio,SRR13128014,2813371,2813371,                  Terrisporobacter_hibernicus,Terrisporobacter hibernicus,species,0.00015160305065765403,fraction_reads,0.0,3,3,0.0001528325215379231,0.9919554367886028
Centrifuger,default,Centrifuger_default,ZymoMockD6331,ZymoMockD6331,pacbio,SRR13128014,1505,1505,                  Paeniclostridium_sordellii,Paeniclostridium sordellii,species,0.00010106870043843603,fraction_reads,0.0,2,2,0.00010188834769194873,0.9919554367886028
Centrifuger,default,Centrifuger_default,ZymoMockD6331,ZymoMockD6331,pacbio,SRR13128014,143361,143361,                  Filifactor_alocis,Filifactor alocis,species,5.0534350219218014e-05,fraction_reads,0.0,1,0,5.0944173845974365e-05,0.9919554367886028
Centrifuger,default,Centrifuger_default,ZymoMockD6331,ZymoMockD6331,pacbio,SRR13128014,2925782,2925782,                    Tepidibacter_sp._8C15b,Tepidibacter_sp._8C15b,species,5.0534350219218014e-05,fraction_reads,0.0,1,1,5.0944173845974365e-05,0.9919554367886028
Centrifuger,default,Centrifuger_default,ZymoMockD6331,ZymoMockD6331,pacbio,SRR13128014,2724150,2724150,                    Romboutsia_sp._CE17,Romboutsia_sp._CE17,species,5.0534350219218014e-05,fraction_reads,0.0,1,1,5.0944173845974365e-05,0.9919554367886028
Centrifuger,default,Centrifuger_default,ZymoMockD6331,ZymoMockD6331,pacbio,SRR13128014,89152,89152,                  Peptacetobacter_hiranonis,Peptacetobacter hiranonis,species,5.0534350219218014e-05,fraction_reads,0.0,1,1,5.0944173845974365e-05,0.9919554367886028
Centrifuger,default,Centrifuger_default,ZymoMockD6331,ZymoMockD6331,pacbio,SRR13128014,1491,1491,                  Clostridium_botulinum,Clostridium botulinum,species,0.0015160305065765403,fraction_reads,0.0,30,25,0.0015283252153792308,0.9919554367886028
Centrifuger,default,Centrifuger_default,ZymoMockD6331,ZymoMockD6331,pacbio,SRR13128014,238834,238834,                  Clostridium_estertheticum,Clostridium estertheticum,species,0.0005558778524113982,fraction_reads,0.0,11,11,0.000560385912305718,0.9919554367886028
Centrifuger,default,Centrifuger_default,ZymoMockD6331,ZymoMockD6331,pacbio,SRR13128014,94869,94869,                  Clostridium_gasigenes,Clostridium gasigenes,species,0.0005053435021921801,fraction_reads,0.0,10,10,0.0005094417384597436,0.9919554367886028
Centrifuger,default,Centrifuger_default,ZymoMockD6331,ZymoMockD6331,pacbio,SRR13128014,1502,1502,                  Clostridium_perfringens,Clostridium perfringens,species,0.0004042748017537441,fraction_reads,0.0,8,8,0.0004075533907677949,0.9919554367886028
Centrifuger,default,Centrifuger_default,ZymoMockD6331,ZymoMockD6331,pacbio,SRR13128014,1520,1520,                  Clostridium_beijerinckii,Clostridium beijerinckii,species,0.0004042748017537441,fraction_reads,0.0,8,7,0.0004075533907677949,0.9919554367886028
Centrifuger,default,Centrifuger_default,ZymoMockD6331,ZymoMockD6331,pacbio,SRR13128014,36745,36745,                  Clostridium_saccharoperbutylacetonicum,Clostridium saccharoperbutylacetonicum,species,0.0004042748017537441,fraction_reads,0.0,8,5,0.0004075533907677949,0.9919554367886028
Centrifuger,default,Centrifuger_default,ZymoMockD6331,ZymoMockD6331,pacbio,SRR13128014,2507159,2507159,                    Clostridium_sp._JN-9,Clostridium_sp._JN-9,species,0.00020213740087687205,fraction_reads,0.0,4,4,0.00020377669538389746,0.9919554367886028
Centrifuger,default,Centrifuger_default,ZymoMockD6331,ZymoMockD6331,pacbio,SRR13128014,1970093,1970093,                    Clostridium_sp._001,Clostridium_sp._001,species,0.00010106870043843603,fraction_reads,0.0,2,2,0.00010188834769194873,0.9919554367886028
Centrifuger,default,Centrifuger_default,ZymoMockD6331,ZymoMockD6331,pacbio,SRR13128014,2779445,2779445,                    Clostridium_sp._'deep_sea',Clostridium_sp._'deep_sea',species,5.0534350219218014e-05,fraction_reads,0.0,1,1,5.0944173845974365e-05,0.9919554367886028
Centrifuger,default,Centrifuger_default,ZymoMockD6331,ZymoMockD6331,pacbio,SRR13128014,2930219,2930219,                    Clostridium_sp._BJN0001,Clostridium_sp._BJN0001,species,5.0534350219218014e-05,fraction_reads,0.0,1,1,5.0944173845974365e-05,0.9919554367886028
Centrifuger,default,Centrifuger_default,ZymoMockD6331,ZymoMockD6331,pacbio,SRR13128014,36839,36839,                  Clostridium_felsineum,Clostridium felsineum,species,0.0003537404515345261,fraction_reads,0.0,7,7,0.0003566092169218206,0.9919554367886028
Centrifuger,default,Centrifuger_default,ZymoMockD6331,ZymoMockD6331,pacbio,SRR13128014,29341,29341,                  Clostridium_argentinense,Clostridium argentinense,species,0.00030320610131530807,fraction_reads,0.0,6,6,0.0003056650430758462,0.9919554367886028
Centrifuger,default,Centrifuger_default,ZymoMockD6331,ZymoMockD6331,pacbio,SRR13128014,84022,84022,                  Clostridium_aceticum,Clostridium aceticum,species,0.00030320610131530807,fraction_reads,0.0,6,6,0.0003056650430758462,0.9919554367886028
Centrifuger,default,Centrifuger_default,ZymoMockD6331,ZymoMockD6331,pacbio,SRR13128014,704125,704125,                  Clostridium_gelidum,Clostridium gelidum,species,0.00030320610131530807,fraction_reads,0.0,6,6,0.0003056650430758462,0.9919554367886028
Centrifuger,default,Centrifuger_default,ZymoMockD6331,ZymoMockD6331,pacbio,SRR13128014,1509,1509,                  Clostridium_sporogenes,Clostridium sporogenes,species,0.00025267175109609005,fraction_reads,0.0,5,5,0.0002547208692298718,0.9919554367886028
Centrifuger,default,Centrifuger_default,ZymoMockD6331,ZymoMockD6331,pacbio,SRR13128014,1216932,1216932,                  Clostridium_bornimense,Clostridium bornimense,species,0.00025267175109609005,fraction_reads,0.0,5,5,0.0002547208692298718,0.9919554367886028
Centrifuger,default,Centrifuger_default,ZymoMockD6331,ZymoMockD6331,pacbio,SRR13128014,1488,1488,                  Clostridium_acetobutylicum,Clostridium acetobutylicum,species,0.00020213740087687205,fraction_reads,0.0,4,4,0.00020377669538389746,0.9919554367886028
Centrifuger,default,Centrifuger_default,ZymoMockD6331,ZymoMockD6331,pacbio,SRR13128014,182773,182773,                  Clostridium_isatidis,Clostridium isatidis,species,0.00020213740087687205,fraction_reads,0.0,4,4,0.00020377669538389746,0.9919554367886028
Centrifuger,default,Centrifuger_default,ZymoMockD6331,ZymoMockD6331,pacbio,SRR13128014,394958,394958,                  Clostridium_taeniosporum,Clostridium taeniosporum,species,0.00020213740087687205,fraction_reads,0.0,4,4,0.00020377669538389746,0.9919554367886028
Centrifuger,default,Centrifuger_default,ZymoMockD6331,ZymoMockD6331,pacbio,SRR13128014,2320868,2320868,                  Clostridium_manihotivorum,Clostridium manihotivorum,species,0.00020213740087687205,fraction_reads,0.0,4,4,0.00020377669538389746,0.9919554367886028
Centrifuger,default,Centrifuger_default,ZymoMockD6331,ZymoMockD6331,pacbio,SRR13128014,1492,1492,                  Clostridium_butyricum,Clostridium butyricum,species,0.00015160305065765403,fraction_reads,0.0,3,3,0.0001528325215379231,0.9919554367886028
Centrifuger,default,Centrifuger_default,ZymoMockD6331,ZymoMockD6331,pacbio,SRR13128014,1493,1493,                  Clostridium_cellulovorans,Clostridium cellulovorans,species,0.00010106870043843603,fraction_reads,0.0,2,0,0.00010188834769194873,0.9919554367886028
Centrifuger,default,Centrifuger_default,ZymoMockD6331,ZymoMockD6331,pacbio,SRR13128014,1504,1504,                  Clostridium_septicum,Clostridium septicum,species,0.00010106870043843603,fraction_reads,0.0,2,2,0.00010188834769194873,0.9919554367886028
Centrifuger,default,Centrifuger_default,ZymoMockD6331,ZymoMockD6331,pacbio,SRR13128014,1534,1534,                  Clostridium_kluyveri,Clostridium kluyveri,species,0.00010106870043843603,fraction_reads,0.0,2,2,0.00010188834769194873,0.9919554367886028
Centrifuger,default,Centrifuger_default,ZymoMockD6331,ZymoMockD6331,pacbio,SRR13128014,1548,1548,                  Clostridium_scatologenes,Clostridium scatologenes,species,0.00010106870043843603,fraction_reads,0.0,2,2,0.00010188834769194873,0.9919554367886028
Centrifuger,default,Centrifuger_default,ZymoMockD6331,ZymoMockD6331,pacbio,SRR13128014,1561,1561,                  Clostridium_baratii,Clostridium baratii,species,0.00010106870043843603,fraction_reads,0.0,2,2,0.00010188834769194873,0.9919554367886028
Centrifuger,default,Centrifuger_default,ZymoMockD6331,ZymoMockD6331,pacbio,SRR13128014,46867,46867,                  Clostridium_chauvoei,Clostridium chauvoei,species,0.00010106870043843603,fraction_reads,0.0,2,2,0.00010188834769194873,0.9919554367886028
Centrifuger,default,Centrifuger_default,ZymoMockD6331,ZymoMockD6331,pacbio,SRR13128014,137838,137838,                  Clostridium_neonatale,Clostridium neonatale,species,0.00010106870043843603,fraction_reads,0.0,2,2,0.00010188834769194873,0.9919554367886028
Centrifuger,default,Centrifuger_default,ZymoMockD6331,ZymoMockD6331,pacbio,SRR13128014,332101,332101,                  Clostridium_drakei,Clostridium drakei,species,0.00010106870043843603,fraction_reads,0.0,2,2,0.00010188834769194873,0.9919554367886028
Centrifuger,default,Centrifuger_default,ZymoMockD6331,ZymoMockD6331,pacbio,SRR13128014,1494,1494,                  Clostridium_cochlearium,Clostridium cochlearium,species,5.0534350219218014e-05,fraction_reads,0.0,1,1,5.0944173845974365e-05,0.9919554367886028
Centrifuger,default,Centrifuger_default,ZymoMockD6331,ZymoMockD6331,pacbio,SRR13128014,1497,1497,                  Clostridium_formicaceticum,Clostridium formicaceticum,species,5.0534350219218014e-05,fraction_reads,0.0,1,1,5.0944173845974365e-05,0.9919554367886028
Centrifuger,default,Centrifuger_default,ZymoMockD6331,ZymoMockD6331,pacbio,SRR13128014,1501,1501,                  Clostridium_pasteurianum,Clostridium pasteurianum,species,5.0534350219218014e-05,fraction_reads,0.0,1,0,5.0944173845974365e-05,0.9919554367886028
Centrifuger,default,Centrifuger_default,ZymoMockD6331,ZymoMockD6331,pacbio,SRR13128014,169679,169679,                  Clostridium_saccharobutylicum,Clostridium saccharobutylicum,species,5.0534350219218014e-05,fraction_reads,0.0,1,1,5.0944173845974365e-05,0.9919554367886028
Centrifuger,default,Centrifuger_default,ZymoMockD6331,ZymoMockD6331,pacbio,SRR13128014,217159,217159,                  Clostridium_carboxidivorans,Clostridium carboxidivorans,species,5.0534350219218014e-05,fraction_reads,0.0,1,0,5.0944173845974365e-05,0.9919554367886028
Centrifuger,default,Centrifuger_default,ZymoMockD6331,ZymoMockD6331,pacbio,SRR13128014,3023090,3023090,                    Caloramator_sp._mosi_1,Caloramator_sp._mosi_1,species,0.00020213740087687205,fraction_reads,0.0,4,4,0.00020377669538389746,0.9919554367886028
Centrifuger,default,Centrifuger_default,ZymoMockD6331,ZymoMockD6331,pacbio,SRR13128014,384636,384636,                  Hungatella_xylanolytica,Hungatella xylanolytica,species,0.00015160305065765403,fraction_reads,0.0,3,3,0.0001528325215379231,0.9919554367886028
Centrifuger,default,Centrifuger_default,ZymoMockD6331,ZymoMockD6331,pacbio,SRR13128014,208226,208226,                  Alkaliphilus_metalliredigens,Alkaliphilus metalliredigens,species,0.00010106870043843603,fraction_reads,0.0,2,0,0.00010188834769194873,0.9919554367886028
Centrifuger,default,Centrifuger_default,ZymoMockD6331,ZymoMockD6331,pacbio,SRR13128014,2999116,2999116,                    Oceanirhabdus_sp._W0125-5,Oceanirhabdus_sp._W0125-5,species,0.00010106870043843603,fraction_reads,0.0,2,2,0.00010188834769194873,0.9919554367886028
Centrifuger,default,Centrifuger_default,ZymoMockD6331,ZymoMockD6331,pacbio,SRR13128014,1424294,1424294,                  Geosporobacter_ferrireducens,Geosporobacter ferrireducens,species,5.0534350219218014e-05,fraction_reads,0.0,1,1,5.0944173845974365e-05,0.9919554367886028
Centrifuger,default,Centrifuger_default,ZymoMockD6331,ZymoMockD6331,pacbio,SRR13128014,1286698,1286698,                  Crassaminicella_profunda,Crassaminicella profunda,species,5.0534350219218014e-05,fraction_reads,0.0,1,1,5.0944173845974365e-05,0.9919554367886028
Centrifuger,default,Centrifuger_default,ZymoMockD6331,ZymoMockD6331,pacbio,SRR13128014,1490,1490,                  Paraclostridium_bifermentans,Paraclostridium bifermentans,species,5.0534350219218014e-05,fraction_reads,0.0,1,1,5.0944173845974365e-05,0.9919554367886028
Centrifuger,default,Centrifuger_default,ZymoMockD6331,ZymoMockD6331,pacbio,SRR13128014,51515,51515,                  Dehalobacterium_formicoaceticum,Dehalobacterium formicoaceticum,species,0.00020213740087687205,fraction_reads,0.0,4,4,0.00020377669538389746,0.9919554367886028
Centrifuger,default,Centrifuger_default,ZymoMockD6331,ZymoMockD6331,pacbio,SRR13128014,1712410,1712410,                  Thermanaerosceptrum_fracticalcis,Thermanaerosceptrum fracticalcis,species,0.00020213740087687205,fraction_reads,0.0,4,4,0.00020377669538389746,0.9919554367886028
Centrifuger,default,Centrifuger_default,ZymoMockD6331,ZymoMockD6331,pacbio,SRR13128014,885581,885581,                  Desulfosporosinus_acidiphilus,Desulfosporosinus acidiphilus,species,0.00020213740087687205,fraction_reads,0.0,4,0,0.00020377669538389746,0.9919554367886028
Centrifuger,default,Centrifuger_default,ZymoMockD6331,ZymoMockD6331,pacbio,SRR13128014,1563,1563,                  Desulfosporosinus_orientis,Desulfosporosinus orientis,species,5.0534350219218014e-05,fraction_reads,0.0,1,0,5.0944173845974365e-05,0.9919554367886028
Centrifuger,default,Centrifuger_default,ZymoMockD6331,ZymoMockD6331,pacbio,SRR13128014,49338,49338,                  Desulfitobacterium_hafniense,Desulfitobacterium hafniense,species,5.0534350219218014e-05,fraction_reads,0.0,1,0,5.0944173845974365e-05,0.9919554367886028
Centrifuger,default,Centrifuger_default,ZymoMockD6331,ZymoMockD6331,pacbio,SRR13128014,142877,142877,                  Desulfitobacterium_metallireducens,Desulfitobacterium metallireducens,species,5.0534350219218014e-05,fraction_reads,0.0,1,0,5.0944173845974365e-05,0.9919554367886028
Centrifuger,default,Centrifuger_default,ZymoMockD6331,ZymoMockD6331,pacbio,SRR13128014,233055,233055,                  Desulfitobacterium_dichloroeliminans,Desulfitobacterium dichloroeliminans,species,5.0534350219218014e-05,fraction_reads,0.0,1,0,5.0944173845974365e-05,0.9919554367886028
Centrifuger,default,Centrifuger_default,ZymoMockD6331,ZymoMockD6331,pacbio,SRR13128014,39496,39496,                  Eubacterium_ventriosum,Eubacterium ventriosum,species,0.00020213740087687205,fraction_reads,0.0,4,4,0.00020377669538389746,0.9919554367886028
Centrifuger,default,Centrifuger_default,ZymoMockD6331,ZymoMockD6331,pacbio,SRR13128014,2764325,2764325,                  Eubacterium_hominis,Eubacterium hominis,species,5.0534350219218014e-05,fraction_reads,0.0,1,1,5.0944173845974365e-05,0.9919554367886028
Centrifuger,default,Centrifuger_default,ZymoMockD6331,ZymoMockD6331,pacbio,SRR13128014,33952,33952,                  Acetobacterium_woodii,Acetobacterium woodii,species,5.0534350219218014e-05,fraction_reads,0.0,1,0,5.0944173845974365e-05,0.9919554367886028
Centrifuger,default,Centrifuger_default,ZymoMockD6331,ZymoMockD6331,pacbio,SRR13128014,2731377,2731377,                  Alkalicella_caledoniensis,Alkalicella caledoniensis,species,0.00025267175109609005,fraction_reads,0.0,5,5,0.0002547208692298718,0.9919554367886028
Centrifuger,default,Centrifuger_default,ZymoMockD6331,ZymoMockD6331,pacbio,SRR13128014,178899,178899,                    Carboxydocella_thermautotrophica,Carboxydocella thermautotrophica,species,0.00020213740087687205,fraction_reads,0.0,4,4,0.00020377669538389746,0.9919554367886028
Centrifuger,default,Centrifuger_default,ZymoMockD6331,ZymoMockD6331,pacbio,SRR13128014,356322,356322,                  Heliorestis_convoluta,Heliorestis convoluta,species,0.00015160305065765403,fraction_reads,0.0,3,3,0.0001528325215379231,0.9919554367886028
Centrifuger,default,Centrifuger_default,ZymoMockD6331,ZymoMockD6331,pacbio,SRR13128014,338645,338645,                  Candidatus_Contubernalis_alkalaceticum,Candidatus Contubernalis_alkalaceticum,species,0.00015160305065765403,fraction_reads,0.0,3,3,0.0001528325215379231,0.9919554367886028
Centrifuger,default,Centrifuger_default,ZymoMockD6331,ZymoMockD6331,pacbio,SRR13128014,1565,1565,                  Desulfotomaculum_nigrificans,Desulfotomaculum nigrificans,species,0.00010106870043843603,fraction_reads,0.0,2,1,0.00010188834769194873,0.9919554367886028
Centrifuger,default,Centrifuger_default,ZymoMockD6331,ZymoMockD6331,pacbio,SRR13128014,1185412,1185412,                  Vallitalea_guaymasensis,Vallitalea guaymasensis,species,5.0534350219218014e-05,fraction_reads,0.0,1,1,5.0944173845974365e-05,0.9919554367886028
Centrifuger,default,Centrifuger_default,ZymoMockD6331,ZymoMockD6331,pacbio,SRR13128014,863643,863643,                  Thermincola_potens,Thermincola potens,species,5.0534350219218014e-05,fraction_reads,0.0,1,0,5.0944173845974365e-05,0.9919554367886028
Centrifuger,default,Centrifuger_default,ZymoMockD6331,ZymoMockD6331,pacbio,SRR13128014,2497860,2497860,                    Cellulosilyticum_sp._WCF-2,Cellulosilyticum_sp._WCF-2,species,5.0534350219218014e-05,fraction_reads,0.0,1,1,5.0944173845974365e-05,0.9919554367886028
Centrifuger,default,Centrifuger_default,ZymoMockD6331,ZymoMockD6331,pacbio,SRR13128014,1517,1517,                  Thermoanaerobacterium_thermosaccharolyticum,Thermoanaerobacterium thermosaccharolyticum,species,0.00025267175109609005,fraction_reads,0.0,5,1,0.0002547208692298718,0.9919554367886028
Centrifuger,default,Centrifuger_default,ZymoMockD6331,ZymoMockD6331,pacbio,SRR13128014,29329,29329,                  Thermoanaerobacterium_xylanolyticum,Thermoanaerobacterium xylanolyticum,species,0.00015160305065765403,fraction_reads,0.0,3,0,0.0001528325215379231,0.9919554367886028
Centrifuger,default,Centrifuger_default,ZymoMockD6331,ZymoMockD6331,pacbio,SRR13128014,301953,301953,                  Caldicellulosiruptor_acetigenus,Caldicellulosiruptor acetigenus,species,0.00010106870043843603,fraction_reads,0.0,2,2,0.00010188834769194873,0.9919554367886028
Centrifuger,default,Centrifuger_default,ZymoMockD6331,ZymoMockD6331,pacbio,SRR13128014,1222016,1222016,                  Caldicellulosiruptor_changbaiensis,Caldicellulosiruptor changbaiensis,species,0.00010106870043843603,fraction_reads,0.0,2,2,0.00010188834769194873,0.9919554367886028
Centrifuger,default,Centrifuger_default,ZymoMockD6331,ZymoMockD6331,pacbio,SRR13128014,44001,44001,                  Caldicellulosiruptor_saccharolyticus,Caldicellulosiruptor saccharolyticus,species,5.0534350219218014e-05,fraction_reads,0.0,1,0,5.0944173845974365e-05,0.9919554367886028
Centrifuger,default,Centrifuger_default,ZymoMockD6331,ZymoMockD6331,pacbio,SRR13128014,1387555,1387555,                  Caldicellulosiruptor_morganii,Caldicellulosiruptor morganii,species,5.0534350219218014e-05,fraction_reads,0.0,1,1,5.0944173845974365e-05,0.9919554367886028
Centrifuger,default,Centrifuger_default,ZymoMockD6331,ZymoMockD6331,pacbio,SRR13128014,2325,2325,                  Thermoanaerobacter_kivui,Thermoanaerobacter kivui,species,5.0534350219218014e-05,fraction_reads,0.0,1,1,5.0944173845974365e-05,0.9919554367886028
Centrifuger,default,Centrifuger_default,ZymoMockD6331,ZymoMockD6331,pacbio,SRR13128014,252966,252966,                  Mahella_australiensis,Mahella australiensis,species,5.0534350219218014e-05,fraction_reads,0.0,1,0,5.0944173845974365e-05,0.9919554367886028
Centrifuger,default,Centrifuger_default,ZymoMockD6331,ZymoMockD6331,pacbio,SRR13128014,2331,2331,                  Halanaerobium_praevalens,Halanaerobium praevalens,species,0.00015160305065765403,fraction_reads,0.0,3,0,0.0001528325215379231,0.9919554367886028
Centrifuger,default,Centrifuger_default,ZymoMockD6331,ZymoMockD6331,pacbio,SRR13128014,656519,656519,                  Halanaerobium_hydrogeniformans,Halanaerobium hydrogeniformans,species,0.00010106870043843603,fraction_reads,0.0,2,2,0.00010188834769194873,0.9919554367886028
Centrifuger,default,Centrifuger_default,ZymoMockD6331,ZymoMockD6331,pacbio,SRR13128014,2682810,2682810,                  Iocasia_fonsfrigidae,Iocasia fonsfrigidae,species,0.00015160305065765403,fraction_reads,0.0,3,3,0.0001528325215379231,0.9919554367886028
Centrifuger,default,Centrifuger_default,ZymoMockD6331,ZymoMockD6331,pacbio,SRR13128014,42422,42422,                  Halobacteroides_halobius,Halobacteroides halobius,species,0.00015160305065765403,fraction_reads,0.0,3,0,0.0001528325215379231,0.9919554367886028
Centrifuger,default,Centrifuger_default,ZymoMockD6331,ZymoMockD6331,pacbio,SRR13128014,1323375,1323375,                  Anoxybacter_fermentans,Anoxybacter fermentans,species,0.00010106870043843603,fraction_reads,0.0,2,2,0.00010188834769194873,0.9919554367886028
Centrifuger,default,Centrifuger_default,ZymoMockD6331,ZymoMockD6331,pacbio,SRR13128014,2528593,2528593,                  Zhaonella_formicivorans,Zhaonella formicivorans,species,0.00010106870043843603,fraction_reads,0.0,2,2,0.00010188834769194873,0.9919554367886028
Centrifuger,default,Centrifuger_default,ZymoMockD6331,ZymoMockD6331,pacbio,SRR13128014,375929,375929,                  Natranaerobius_thermophilus,Natranaerobius thermophilus,species,5.0534350219218014e-05,fraction_reads,0.0,1,0,5.0944173845974365e-05,0.9919554367886028
Centrifuger,default,Centrifuger_default,ZymoMockD6331,ZymoMockD6331,pacbio,SRR13128014,423477,423477,                  Veillonella_rogosae,Veillonella rogosae,species,16.253716801458623,fraction_reads,16.25,321637,321637,16.385531243297656,0.9919554367886028
Centrifuger,default,Centrifuger_default,ZymoMockD6331,ZymoMockD6331,pacbio,SRR13128014,29466,29466,                  Veillonella_parvula,Veillonella parvula,species,5.0534350219218014e-05,fraction_reads,0.0,1,1,5.0944173845974365e-05,0.9919554367886028
Centrifuger,default,Centrifuger_default,ZymoMockD6331,ZymoMockD6331,pacbio,SRR13128014,39778,39778,                  Veillonella_dispar,Veillonella dispar,species,5.0534350219218014e-05,fraction_reads,0.0,1,1,5.0944173845974365e-05,0.9919554367886028
Centrifuger,default,Centrifuger_default,ZymoMockD6331,ZymoMockD6331,pacbio,SRR13128014,1930071,1930071,                  Methylomusa_anaerophila,Methylomusa anaerophila,species,0.00010106870043843603,fraction_reads,0.0,2,2,0.00010188834769194873,0.9919554367886028
Centrifuger,default,Centrifuger_default,ZymoMockD6331,ZymoMockD6331,pacbio,SRR13128014,484770,484770,                    Pelosinus_sp._UFO1,Pelosinus_sp._UFO1,species,5.0534350219218014e-05,fraction_reads,0.0,1,1,5.0944173845974365e-05,0.9919554367886028
Centrifuger,default,Centrifuger_default,ZymoMockD6331,ZymoMockD6331,pacbio,SRR13128014,33025,33025,                  Phascolarctobacterium_faecium,Phascolarctobacterium faecium,species,5.0534350219218014e-05,fraction_reads,0.0,1,1,5.0944173845974365e-05,0.9919554367886028
Centrifuger,default,Centrifuger_default,ZymoMockD6331,ZymoMockD6331,pacbio,SRR13128014,1613,1613,                  Limosilactobacillus_fermentum,Limosilactobacillus fermentum,species,1.1509703605929094,fraction_reads,1.15,22776,22764,1.1603045035159119,0.9919554367886028
Centrifuger,default,Centrifuger_default,ZymoMockD6331,ZymoMockD6331,pacbio,SRR13128014,1598,1598,                  Limosilactobacillus_reuteri,Limosilactobacillus reuteri,species,0.00025267175109609005,fraction_reads,0.0,5,5,0.0002547208692298718,0.9919554367886028
Centrifuger,default,Centrifuger_default,ZymoMockD6331,ZymoMockD6331,pacbio,SRR13128014,1632,1632,                  Limosilactobacillus_oris,Limosilactobacillus oris,species,5.0534350219218014e-05,fraction_reads,0.0,1,1,5.0944173845974365e-05,0.9919554367886028
Centrifuger,default,Centrifuger_default,ZymoMockD6331,ZymoMockD6331,pacbio,SRR13128014,47493,47493,                  Limosilactobacillus_panis,Limosilactobacillus panis,species,5.0534350219218014e-05,fraction_reads,0.0,1,1,5.0944173845974365e-05,0.9919554367886028
Centrifuger,default,Centrifuger_default,ZymoMockD6331,ZymoMockD6331,pacbio,SRR13128014,227942,227942,                  Limosilactobacillus_gastricus,Limosilactobacillus gastricus,species,5.0534350219218014e-05,fraction_reads,0.0,1,1,5.0944173845974365e-05,0.9919554367886028
Centrifuger,default,Centrifuger_default,ZymoMockD6331,ZymoMockD6331,pacbio,SRR13128014,2983213,2983213,                    Lactobacillus_sp._ESL0684,Lactobacillus_sp._ESL0684,species,0.00020213740087687205,fraction_reads,0.0,4,4,0.00020377669538389746,0.9919554367886028
Centrifuger,default,Centrifuger_default,ZymoMockD6331,ZymoMockD6331,pacbio,SRR13128014,2594496,2594496,                    Lactobacillus_sp._PV037,Lactobacillus_sp._PV037,species,0.00010106870043843603,fraction_reads,0.0,2,2,0.00010188834769194873,0.9919554367886028
Centrifuger,default,Centrifuger_default,ZymoMockD6331,ZymoMockD6331,pacbio,SRR13128014,2879107,2879107,                    Lactobacillus_sp._IBH004,Lactobacillus_sp._IBH004,species,0.00010106870043843603,fraction_reads,0.0,2,2,0.00010188834769194873,0.9919554367886028
Centrifuger,default,Centrifuger_default,ZymoMockD6331,ZymoMockD6331,pacbio,SRR13128014,2983211,2983211,                    Lactobacillus_sp._ESL0681,Lactobacillus_sp._ESL0681,species,0.00010106870043843603,fraction_reads,0.0,2,2,0.00010188834769194873,0.9919554367886028
Centrifuger,default,Centrifuger_default,ZymoMockD6331,ZymoMockD6331,pacbio,SRR13128014,2594495,2594495,                    Lactobacillus_sp._PV034,Lactobacillus_sp._PV034,species,5.0534350219218014e-05,fraction_reads,0.0,1,1,5.0944173845974365e-05,0.9919554367886028
Centrifuger,default,Centrifuger_default,ZymoMockD6331,ZymoMockD6331,pacbio,SRR13128014,2983232,2983232,                    Lactobacillus_sp._ESL0785,Lactobacillus_sp._ESL0785,species,5.0534350219218014e-05,fraction_reads,0.0,1,1,5.0944173845974365e-05,0.9919554367886028
Centrifuger,default,Centrifuger_default,ZymoMockD6331,ZymoMockD6331,pacbio,SRR13128014,1584,1584,                  Lactobacillus_delbrueckii,Lactobacillus delbrueckii,species,0.0003537404515345261,fraction_reads,0.0,7,0,0.0003566092169218206,0.9919554367886028
Centrifuger,default,Centrifuger_default,ZymoMockD6331,ZymoMockD6331,pacbio,SRR13128014,151781,151781,                  Lactobacillus_intestinalis,Lactobacillus intestinalis,species,0.00030320610131530807,fraction_reads,0.0,6,6,0.0003056650430758462,0.9919554367886028
Centrifuger,default,Centrifuger_default,ZymoMockD6331,ZymoMockD6331,pacbio,SRR13128014,1596,1596,                  Lactobacillus_gasseri,Lactobacillus gasseri,species,0.00025267175109609005,fraction_reads,0.0,5,4,0.0002547208692298718,0.9919554367886028
Centrifuger,default,Centrifuger_default,ZymoMockD6331,ZymoMockD6331,pacbio,SRR13128014,109790,109790,                  Lactobacillus_jensenii,Lactobacillus jensenii,species,0.00025267175109609005,fraction_reads,0.0,5,5,0.0002547208692298718,0.9919554367886028
Centrifuger,default,Centrifuger_default,ZymoMockD6331,ZymoMockD6331,pacbio,SRR13128014,83683,83683,                  Lactobacillus_amylolyticus,Lactobacillus amylolyticus,species,0.00020213740087687205,fraction_reads,0.0,4,4,0.00020377669538389746,0.9919554367886028
Centrifuger,default,Centrifuger_default,ZymoMockD6331,ZymoMockD6331,pacbio,SRR13128014,47770,47770,                  Lactobacillus_crispatus,Lactobacillus crispatus,species,0.00015160305065765403,fraction_reads,0.0,3,3,0.0001528325215379231,0.9919554367886028
Centrifuger,default,Centrifuger_default,ZymoMockD6331,ZymoMockD6331,pacbio,SRR13128014,33959,33959,                  Lactobacillus_johnsonii,Lactobacillus johnsonii,species,0.00010106870043843603,fraction_reads,0.0,2,2,0.00010188834769194873,0.9919554367886028
Centrifuger,default,Centrifuger_default,ZymoMockD6331,ZymoMockD6331,pacbio,SRR13128014,147802,147802,                  Lactobacillus_iners,Lactobacillus iners,species,0.00010106870043843603,fraction_reads,0.0,2,2,0.00010188834769194873,0.9919554367886028
Centrifuger,default,Centrifuger_default,ZymoMockD6331,ZymoMockD6331,pacbio,SRR13128014,2107999,2107999,                  Lactobacillus_paragasseri,Lactobacillus paragasseri,species,0.00010106870043843603,fraction_reads,0.0,2,0,0.00010188834769194873,0.9919554367886028
Centrifuger,default,Centrifuger_default,ZymoMockD6331,ZymoMockD6331,pacbio,SRR13128014,1579,1579,                  Lactobacillus_acidophilus,Lactobacillus acidophilus,species,5.0534350219218014e-05,fraction_reads,0.0,1,1,5.0944173845974365e-05,0.9919554367886028
Centrifuger,default,Centrifuger_default,ZymoMockD6331,ZymoMockD6331,pacbio,SRR13128014,1624,1624,                  Ligilactobacillus_salivarius,Ligilactobacillus salivarius,species,0.0006064122026306161,fraction_reads,0.0,12,12,0.0006113300861516924,0.9919554367886028
Centrifuger,default,Centrifuger_default,ZymoMockD6331,ZymoMockD6331,pacbio,SRR13128014,89059,89059,                  Ligilactobacillus_acidipiscis,Ligilactobacillus acidipiscis,species,0.00020213740087687205,fraction_reads,0.0,4,4,0.00020377669538389746,0.9919554367886028
Centrifuger,default,Centrifuger_default,ZymoMockD6331,ZymoMockD6331,pacbio,SRR13128014,228229,228229,                  Ligilactobacillus_saerimneri,Ligilactobacillus saerimneri,species,0.00015160305065765403,fraction_reads,0.0,3,3,0.0001528325215379231,0.9919554367886028
Centrifuger,default,Centrifuger_default,ZymoMockD6331,ZymoMockD6331,pacbio,SRR13128014,1605,1605,                  Ligilactobacillus_animalis,Ligilactobacillus animalis,species,5.0534350219218014e-05,fraction_reads,0.0,1,1,5.0944173845974365e-05,0.9919554367886028
Centrifuger,default,Centrifuger_default,ZymoMockD6331,ZymoMockD6331,pacbio,SRR13128014,762833,762833,                  Ligilactobacillus_faecis,Ligilactobacillus faecis,species,5.0534350219218014e-05,fraction_reads,0.0,1,1,5.0944173845974365e-05,0.9919554367886028
Centrifuger,default,Centrifuger_default,ZymoMockD6331,ZymoMockD6331,pacbio,SRR13128014,392416,392416,                  Companilactobacillus_crustorum,Companilactobacillus crustorum,species,0.00025267175109609005,fraction_reads,0.0,5,5,0.0002547208692298718,0.9919554367886028
Centrifuger,default,Centrifuger_default,ZymoMockD6331,ZymoMockD6331,pacbio,SRR13128014,1612,1612,                  Companilactobacillus_farciminis,Companilactobacillus farciminis,species,0.00020213740087687205,fraction_reads,0.0,4,0,0.00020377669538389746,0.9919554367886028
Centrifuger,default,Centrifuger_default,ZymoMockD6331,ZymoMockD6331,pacbio,SRR13128014,938155,938155,                  Companilactobacillus_futsaii,Companilactobacillus futsaii,species,0.00010106870043843603,fraction_reads,0.0,2,2,0.00010188834769194873,0.9919554367886028
Centrifuger,default,Centrifuger_default,ZymoMockD6331,ZymoMockD6331,pacbio,SRR13128014,33964,33964,                  Leuconostoc_citreum,Leuconostoc citreum,species,0.00020213740087687205,fraction_reads,0.0,4,4,0.00020377669538389746,0.9919554367886028
Centrifuger,default,Centrifuger_default,ZymoMockD6331,ZymoMockD6331,pacbio,SRR13128014,136609,136609,                  Leuconostoc_kimchii,Leuconostoc kimchii,species,0.00010106870043843603,fraction_reads,0.0,2,0,0.00010188834769194873,0.9919554367886028
Centrifuger,default,Centrifuger_default,ZymoMockD6331,ZymoMockD6331,pacbio,SRR13128014,3016637,3016637,                  Leuconostoc_gelidum_group,Leuconostoc gelidum_group,species,0.00010106870043843603,fraction_reads,0.0,2,0,0.00010188834769194873,0.9919554367886028
Centrifuger,default,Centrifuger_default,ZymoMockD6331,ZymoMockD6331,pacbio,SRR13128014,115778,115778,                    Leuconostoc_gasicomitatum,Leuconostoc gasicomitatum,species,0.00010106870043843603,fraction_reads,0.0,2,2,0.00010188834769194873,0.9919554367886028
Centrifuger,default,Centrifuger_default,ZymoMockD6331,ZymoMockD6331,pacbio,SRR13128014,1589,1589,                  Lactiplantibacillus_pentosus,Lactiplantibacillus pentosus,species,0.00020213740087687205,fraction_reads,0.0,4,4,0.00020377669538389746,0.9919554367886028
Centrifuger,default,Centrifuger_default,ZymoMockD6331,ZymoMockD6331,pacbio,SRR13128014,1590,1590,                  Lactiplantibacillus_plantarum,Lactiplantibacillus plantarum,species,0.00010106870043843603,fraction_reads,0.0,2,2,0.00010188834769194873,0.9919554367886028
Centrifuger,default,Centrifuger_default,ZymoMockD6331,ZymoMockD6331,pacbio,SRR13128014,60520,60520,                  Lactiplantibacillus_paraplantarum,Lactiplantibacillus paraplantarum,species,0.00010106870043843603,fraction_reads,0.0,2,2,0.00010188834769194873,0.9919554367886028
Centrifuger,default,Centrifuger_default,ZymoMockD6331,ZymoMockD6331,pacbio,SRR13128014,1588,1588,                  Lentilactobacillus_hilgardii,Lentilactobacillus hilgardii,species,0.0003537404515345261,fraction_reads,0.0,7,7,0.0003566092169218206,0.9919554367886028
Centrifuger,default,Centrifuger_default,ZymoMockD6331,ZymoMockD6331,pacbio,SRR13128014,33962,33962,                  Lentilactobacillus_kefiri,Lentilactobacillus kefiri,species,5.0534350219218014e-05,fraction_reads,0.0,1,1,5.0944173845974365e-05,0.9919554367886028
Centrifuger,default,Centrifuger_default,ZymoMockD6331,ZymoMockD6331,pacbio,SRR13128014,1218495,1218495,                  Apilactobacillus_apinorum,Apilactobacillus apinorum,species,0.00025267175109609005,fraction_reads,0.0,5,5,0.0002547208692298718,0.9919554367886028
Centrifuger,default,Centrifuger_default,ZymoMockD6331,ZymoMockD6331,pacbio,SRR13128014,137591,137591,                  Weissella_cibaria,Weissella cibaria,species,5.0534350219218014e-05,fraction_reads,0.0,1,1,5.0944173845974365e-05,0.9919554367886028
Centrifuger,default,Centrifuger_default,ZymoMockD6331,ZymoMockD6331,pacbio,SRR13128014,1162633,1162633,                  Weissella_diestrammenae,Weissella diestrammenae,species,5.0534350219218014e-05,fraction_reads,0.0,1,1,5.0944173845974365e-05,0.9919554367886028
Centrifuger,default,Centrifuger_default,ZymoMockD6331,ZymoMockD6331,pacbio,SRR13128014,1625,1625,                  Fructilactobacillus_sanfranciscensis,Fructilactobacillus sanfranciscensis,species,0.00010106870043843603,fraction_reads,0.0,2,2,0.00010188834769194873,0.9919554367886028
Centrifuger,default,Centrifuger_default,ZymoMockD6331,ZymoMockD6331,pacbio,SRR13128014,2940299,2940299,                  Fructilactobacillus_cliffordii,Fructilactobacillus cliffordii,species,5.0534350219218014e-05,fraction_reads,0.0,1,1,5.0944173845974365e-05,0.9919554367886028
Centrifuger,default,Centrifuger_default,ZymoMockD6331,ZymoMockD6331,pacbio,SRR13128014,82688,82688,                  Liquorilactobacillus_nagelii,Liquorilactobacillus nagelii,species,0.00010106870043843603,fraction_reads,0.0,2,2,0.00010188834769194873,0.9919554367886028
Centrifuger,default,Centrifuger_default,ZymoMockD6331,ZymoMockD6331,pacbio,SRR13128014,468911,468911,                  Liquorilactobacillus_hordei,Liquorilactobacillus hordei,species,5.0534350219218014e-05,fraction_reads,0.0,1,1,5.0944173845974365e-05,0.9919554367886028
Centrifuger,default,Centrifuger_default,ZymoMockD6331,ZymoMockD6331,pacbio,SRR13128014,375175,375175,                  Loigolactobacillus_backii,Loigolactobacillus backii,species,0.00015160305065765403,fraction_reads,0.0,3,3,0.0001528325215379231,0.9919554367886028
Centrifuger,default,Centrifuger_default,ZymoMockD6331,ZymoMockD6331,pacbio,SRR13128014,1597,1597,                  Lacticaseibacillus_paracasei,Lacticaseibacillus paracasei,species,0.00010106870043843603,fraction_reads,0.0,2,2,0.00010188834769194873,0.9919554367886028
Centrifuger,default,Centrifuger_default,ZymoMockD6331,ZymoMockD6331,pacbio,SRR13128014,2923362,2923362,                  Bombilactobacillus_folatiphilus,Bombilactobacillus folatiphilus,species,0.00010106870043843603,fraction_reads,0.0,2,2,0.00010188834769194873,0.9919554367886028
Centrifuger,default,Centrifuger_default,ZymoMockD6331,ZymoMockD6331,pacbio,SRR13128014,114090,114090,                  Pediococcus_inopinatus,Pediococcus inopinatus,species,5.0534350219218014e-05,fraction_reads,0.0,1,1,5.0944173845974365e-05,0.9919554367886028
Centrifuger,default,Centrifuger_default,ZymoMockD6331,ZymoMockD6331,pacbio,SRR13128014,1247,1247,                  Oenococcus_oeni,Oenococcus oeni,species,5.0534350219218014e-05,fraction_reads,0.0,1,1,5.0944173845974365e-05,0.9919554367886028
Centrifuger,default,Centrifuger_default,ZymoMockD6331,ZymoMockD6331,pacbio,SRR13128014,1720083,1720083,                  Acetilactobacillus_jinshanensis,Acetilactobacillus jinshanensis,species,5.0534350219218014e-05,fraction_reads,0.0,1,1,5.0944173845974365e-05,0.9919554367886028
Centrifuger,default,Centrifuger_default,ZymoMockD6331,ZymoMockD6331,pacbio,SRR13128014,1603,1603,                  Amylolactobacillus_amylophilus,Amylolactobacillus amylophilus,species,5.0534350219218014e-05,fraction_reads,0.0,1,0,5.0944173845974365e-05,0.9919554367886028
Centrifuger,default,Centrifuger_default,ZymoMockD6331,ZymoMockD6331,pacbio,SRR13128014,2292255,2292255,                  Levilactobacillus_suantsaii,Levilactobacillus suantsaii,species,5.0534350219218014e-05,fraction_reads,0.0,1,1,5.0944173845974365e-05,0.9919554367886028
Centrifuger,default,Centrifuger_default,ZymoMockD6331,ZymoMockD6331,pacbio,SRR13128014,293371,293371,                  Paucilactobacillus_oligofermentans,Paucilactobacillus oligofermentans,species,5.0534350219218014e-05,fraction_reads,0.0,1,0,5.0944173845974365e-05,0.9919554367886028
Centrifuger,default,Centrifuger_default,ZymoMockD6331,ZymoMockD6331,pacbio,SRR13128014,176292,176292,                  Secundilactobacillus_malefermentans,Secundilactobacillus malefermentans,species,5.0534350219218014e-05,fraction_reads,0.0,1,1,5.0944173845974365e-05,0.9919554367886028
Centrifuger,default,Centrifuger_default,ZymoMockD6331,ZymoMockD6331,pacbio,SRR13128014,1308,1308,                  Streptococcus_thermophilus,Streptococcus thermophilus,species,0.0005053435021921801,fraction_reads,0.0,10,10,0.0005094417384597436,0.9919554367886028
Centrifuger,default,Centrifuger_default,ZymoMockD6331,ZymoMockD6331,pacbio,SRR13128014,119603,119603,                  Streptococcus_dysgalactiae_group,Streptococcus dysgalactiae_group,species,0.00020213740087687205,fraction_reads,0.0,4,0,0.00020377669538389746,0.9919554367886028
Centrifuger,default,Centrifuger_default,ZymoMockD6331,ZymoMockD6331,pacbio,SRR13128014,1334,1334,                    Streptococcus_dysgalactiae,Streptococcus dysgalactiae,species,0.00020213740087687205,fraction_reads,0.0,4,0,0.00020377669538389746,0.9919554367886028
Centrifuger,default,Centrifuger_default,ZymoMockD6331,ZymoMockD6331,pacbio,SRR13128014,1303,1303,                  Streptococcus_oralis,Streptococcus oralis,species,0.00015160305065765403,fraction_reads,0.0,3,1,0.0001528325215379231,0.9919554367886028
Centrifuger,default,Centrifuger_default,ZymoMockD6331,ZymoMockD6331,pacbio,SRR13128014,1335,1335,                  Streptococcus_equinus,Streptococcus equinus,species,0.00015160305065765403,fraction_reads,0.0,3,3,0.0001528325215379231,0.9919554367886028
Centrifuger,default,Centrifuger_default,ZymoMockD6331,ZymoMockD6331,pacbio,SRR13128014,1307,1307,                  Streptococcus_suis,Streptococcus suis,species,0.00010106870043843603,fraction_reads,0.0,2,2,0.00010188834769194873,0.9919554367886028
Centrifuger,default,Centrifuger_default,ZymoMockD6331,ZymoMockD6331,pacbio,SRR13128014,1309,1309,                  Streptococcus_mutans,Streptococcus mutans,species,0.00010106870043843603,fraction_reads,0.0,2,2,0.00010188834769194873,0.9919554367886028
Centrifuger,default,Centrifuger_default,ZymoMockD6331,ZymoMockD6331,pacbio,SRR13128014,1318,1318,                  Streptococcus_parasanguinis,Streptococcus parasanguinis,species,0.00010106870043843603,fraction_reads,0.0,2,0,0.00010188834769194873,0.9919554367886028
Centrifuger,default,Centrifuger_default,ZymoMockD6331,ZymoMockD6331,pacbio,SRR13128014,1346,1346,                  Streptococcus_iniae,Streptococcus iniae,species,0.00010106870043843603,fraction_reads,0.0,2,2,0.00010188834769194873,0.9919554367886028
Centrifuger,default,Centrifuger_default,ZymoMockD6331,ZymoMockD6331,pacbio,SRR13128014,361101,361101,                  Streptococcus_pseudoporcinus,Streptococcus pseudoporcinus,species,0.00010106870043843603,fraction_reads,0.0,2,2,0.00010188834769194873,0.9919554367886028
Centrifuger,default,Centrifuger_default,ZymoMockD6331,ZymoMockD6331,pacbio,SRR13128014,2173853,2173853,                  Streptococcus_chenjunshii,Streptococcus chenjunshii,species,0.00010106870043843603,fraction_reads,0.0,2,2,0.00010188834769194873,0.9919554367886028
Centrifuger,default,Centrifuger_default,ZymoMockD6331,ZymoMockD6331,pacbio,SRR13128014,1302,1302,                  Streptococcus_gordonii,Streptococcus gordonii,species,5.0534350219218014e-05,fraction_reads,0.0,1,1,5.0944173845974365e-05,0.9919554367886028
Centrifuger,default,Centrifuger_default,ZymoMockD6331,ZymoMockD6331,pacbio,SRR13128014,1304,1304,                  Streptococcus_salivarius,Streptococcus salivarius,species,5.0534350219218014e-05,fraction_reads,0.0,1,1,5.0944173845974365e-05,0.9919554367886028
Centrifuger,default,Centrifuger_default,ZymoMockD6331,ZymoMockD6331,pacbio,SRR13128014,1311,1311,                  Streptococcus_agalactiae,Streptococcus agalactiae,species,5.0534350219218014e-05,fraction_reads,0.0,1,1,5.0944173845974365e-05,0.9919554367886028
Centrifuger,default,Centrifuger_default,ZymoMockD6331,ZymoMockD6331,pacbio,SRR13128014,1314,1314,                  Streptococcus_pyogenes,Streptococcus pyogenes,species,5.0534350219218014e-05,fraction_reads,0.0,1,1,5.0944173845974365e-05,0.9919554367886028
Centrifuger,default,Centrifuger_default,ZymoMockD6331,ZymoMockD6331,pacbio,SRR13128014,1348,1348,                  Streptococcus_parauberis,Streptococcus parauberis,species,5.0534350219218014e-05,fraction_reads,0.0,1,1,5.0944173845974365e-05,0.9919554367886028
Centrifuger,default,Centrifuger_default,ZymoMockD6331,ZymoMockD6331,pacbio,SRR13128014,28037,28037,                  Streptococcus_mitis,Streptococcus mitis,species,5.0534350219218014e-05,fraction_reads,0.0,1,1,5.0944173845974365e-05,0.9919554367886028
Centrifuger,default,Centrifuger_default,ZymoMockD6331,ZymoMockD6331,pacbio,SRR13128014,149016,149016,                  Streptococcus_urinalis,Streptococcus urinalis,species,5.0534350219218014e-05,fraction_reads,0.0,1,1,5.0944173845974365e-05,0.9919554367886028
Centrifuger,default,Centrifuger_default,ZymoMockD6331,ZymoMockD6331,pacbio,SRR13128014,671232,671232,                  Streptococcus_anginosus_group,Streptococcus anginosus_group,species,5.0534350219218014e-05,fraction_reads,0.0,1,0,5.0944173845974365e-05,0.9919554367886028
Centrifuger,default,Centrifuger_default,ZymoMockD6331,ZymoMockD6331,pacbio,SRR13128014,1328,1328,                    Streptococcus_anginosus,Streptococcus anginosus,species,5.0534350219218014e-05,fraction_reads,0.0,1,0,5.0944173845974365e-05,0.9919554367886028
Centrifuger,default,Centrifuger_default,ZymoMockD6331,ZymoMockD6331,pacbio,SRR13128014,684066,684066,                  Streptococcus_lactarius,Streptococcus lactarius,species,5.0534350219218014e-05,fraction_reads,0.0,1,1,5.0944173845974365e-05,0.9919554367886028
Centrifuger,default,Centrifuger_default,ZymoMockD6331,ZymoMockD6331,pacbio,SRR13128014,1433513,1433513,                  Streptococcus_gwangjuense,Streptococcus gwangjuense,species,5.0534350219218014e-05,fraction_reads,0.0,1,1,5.0944173845974365e-05,0.9919554367886028
Centrifuger,default,Centrifuger_default,ZymoMockD6331,ZymoMockD6331,pacbio,SRR13128014,2598453,2598453,                    Streptococcus_sp._116-D4,Streptococcus_sp._116-D4,species,5.0534350219218014e-05,fraction_reads,0.0,1,1,5.0944173845974365e-05,0.9919554367886028
Centrifuger,default,Centrifuger_default,ZymoMockD6331,ZymoMockD6331,pacbio,SRR13128014,1358,1358,                  Lactococcus_lactis,Lactococcus lactis,species,0.00025267175109609005,fraction_reads,0.0,5,2,0.0002547208692298718,0.9919554367886028
Centrifuger,default,Centrifuger_default,ZymoMockD6331,ZymoMockD6331,pacbio,SRR13128014,1363,1363,                  Lactococcus_garvieae,Lactococcus garvieae,species,0.00020213740087687205,fraction_reads,0.0,4,4,0.00020377669538389746,0.9919554367886028
Centrifuger,default,Centrifuger_default,ZymoMockD6331,ZymoMockD6331,pacbio,SRR13128014,1151742,1151742,                  Lactococcus_taiwanensis,Lactococcus taiwanensis,species,5.0534350219218014e-05,fraction_reads,0.0,1,1,5.0944173845974365e-05,0.9919554367886028
Centrifuger,default,Centrifuger_default,ZymoMockD6331,ZymoMockD6331,pacbio,SRR13128014,1281486,1281486,                  Lactococcus_formosensis,Lactococcus formosensis,species,5.0534350219218014e-05,fraction_reads,0.0,1,1,5.0944173845974365e-05,0.9919554367886028
Centrifuger,default,Centrifuger_default,ZymoMockD6331,ZymoMockD6331,pacbio,SRR13128014,2419773,2419773,                  Lactococcus_allomyrinae,Lactococcus allomyrinae,species,5.0534350219218014e-05,fraction_reads,0.0,1,1,5.0944173845974365e-05,0.9919554367886028
Centrifuger,default,Centrifuger_default,ZymoMockD6331,ZymoMockD6331,pacbio,SRR13128014,3037457,3037457,                    Lactococcus_sp._bn62,Lactococcus_sp._bn62,species,5.0534350219218014e-05,fraction_reads,0.0,1,1,5.0944173845974365e-05,0.9919554367886028
Centrifuger,default,Centrifuger_default,ZymoMockD6331,ZymoMockD6331,pacbio,SRR13128014,1859475,1859475,                  Floricoccus_penangensis,Floricoccus penangensis,species,5.0534350219218014e-05,fraction_reads,0.0,1,1,5.0944173845974365e-05,0.9919554367886028
Centrifuger,default,Centrifuger_default,ZymoMockD6331,ZymoMockD6331,pacbio,SRR13128014,1351,1351,                  Enterococcus_faecalis,Enterococcus faecalis,species,0.0009096183039459242,fraction_reads,0.0,18,18,0.0009169951292275385,0.9919554367886028
Centrifuger,default,Centrifuger_default,ZymoMockD6331,ZymoMockD6331,pacbio,SRR13128014,37734,37734,                  Enterococcus_casseliflavus,Enterococcus casseliflavus,species,0.0005558778524113982,fraction_reads,0.0,11,11,0.000560385912305718,0.9919554367886028
Centrifuger,default,Centrifuger_default,ZymoMockD6331,ZymoMockD6331,pacbio,SRR13128014,1352,1352,                  Enterococcus_faecium,Enterococcus faecium,species,0.00020213740087687205,fraction_reads,0.0,4,4,0.00020377669538389746,0.9919554367886028
Centrifuger,default,Centrifuger_default,ZymoMockD6331,ZymoMockD6331,pacbio,SRR13128014,44008,44008,                  Enterococcus_cecorum,Enterococcus cecorum,species,0.00020213740087687205,fraction_reads,0.0,4,4,0.00020377669538389746,0.9919554367886028
Centrifuger,default,Centrifuger_default,ZymoMockD6331,ZymoMockD6331,pacbio,SRR13128014,33945,33945,                  Enterococcus_avium,Enterococcus avium,species,0.00010106870043843603,fraction_reads,0.0,2,2,0.00010188834769194873,0.9919554367886028
Centrifuger,default,Centrifuger_default,ZymoMockD6331,ZymoMockD6331,pacbio,SRR13128014,1354,1354,                  Enterococcus_hirae,Enterococcus hirae,species,5.0534350219218014e-05,fraction_reads,0.0,1,1,5.0944173845974365e-05,0.9919554367886028
Centrifuger,default,Centrifuger_default,ZymoMockD6331,ZymoMockD6331,pacbio,SRR13128014,53346,53346,                  Enterococcus_mundtii,Enterococcus mundtii,species,5.0534350219218014e-05,fraction_reads,0.0,1,1,5.0944173845974365e-05,0.9919554367886028
Centrifuger,default,Centrifuger_default,ZymoMockD6331,ZymoMockD6331,pacbio,SRR13128014,71452,71452,                  Enterococcus_raffinosus,Enterococcus raffinosus,species,5.0534350219218014e-05,fraction_reads,0.0,1,1,5.0944173845974365e-05,0.9919554367886028
Centrifuger,default,Centrifuger_default,ZymoMockD6331,ZymoMockD6331,pacbio,SRR13128014,417368,417368,                  Enterococcus_thailandicus,Enterococcus thailandicus,species,5.0534350219218014e-05,fraction_reads,0.0,1,1,5.0944173845974365e-05,0.9919554367886028
Centrifuger,default,Centrifuger_default,ZymoMockD6331,ZymoMockD6331,pacbio,SRR13128014,81947,81947,                  Vagococcus_lutrae,Vagococcus lutrae,species,0.00025267175109609005,fraction_reads,0.0,5,5,0.0002547208692298718,0.9919554367886028
Centrifuger,default,Centrifuger_default,ZymoMockD6331,ZymoMockD6331,pacbio,SRR13128014,2738,2738,                  Vagococcus_fluvialis,Vagococcus fluvialis,species,0.00020213740087687205,fraction_reads,0.0,4,4,0.00020377669538389746,0.9919554367886028
Centrifuger,default,Centrifuger_default,ZymoMockD6331,ZymoMockD6331,pacbio,SRR13128014,519472,519472,                  Vagococcus_teuberi,Vagococcus teuberi,species,0.00010106870043843603,fraction_reads,0.0,2,2,0.00010188834769194873,0.9919554367886028
Centrifuger,default,Centrifuger_default,ZymoMockD6331,ZymoMockD6331,pacbio,SRR13128014,218144,218144,                  Vagococcus_carniphilus,Vagococcus carniphilus,species,5.0534350219218014e-05,fraction_reads,0.0,1,1,5.0944173845974365e-05,0.9919554367886028
Centrifuger,default,Centrifuger_default,ZymoMockD6331,ZymoMockD6331,pacbio,SRR13128014,51669,51669,                  Tetragenococcus_halophilus,Tetragenococcus halophilus,species,0.00015160305065765403,fraction_reads,0.0,3,3,0.0001528325215379231,0.9919554367886028
Centrifuger,default,Centrifuger_default,ZymoMockD6331,ZymoMockD6331,pacbio,SRR13128014,526944,526944,                  Tetragenococcus_osmophilus,Tetragenococcus osmophilus,species,0.00010106870043843603,fraction_reads,0.0,2,2,0.00010188834769194873,0.9919554367886028
Centrifuger,default,Centrifuger_default,ZymoMockD6331,ZymoMockD6331,pacbio,SRR13128014,290335,290335,                  Tetragenococcus_koreensis,Tetragenococcus koreensis,species,5.0534350219218014e-05,fraction_reads,0.0,1,1,5.0944173845974365e-05,0.9919554367886028
Centrifuger,default,Centrifuger_default,ZymoMockD6331,ZymoMockD6331,pacbio,SRR13128014,1903686,1903686,                    Jeotgalibaca_sp._PTS2502,Jeotgalibaca_sp._PTS2502,species,0.00030320610131530807,fraction_reads,0.0,6,6,0.0003056650430758462,0.9919554367886028
Centrifuger,default,Centrifuger_default,ZymoMockD6331,ZymoMockD6331,pacbio,SRR13128014,1868793,1868793,                  Jeotgalibaca_porci,Jeotgalibaca porci,species,0.00025267175109609005,fraction_reads,0.0,5,5,0.0002547208692298718,0.9919554367886028
Centrifuger,default,Centrifuger_default,ZymoMockD6331,ZymoMockD6331,pacbio,SRR13128014,708126,708126,                  Jeotgalibaca_dankookensis,Jeotgalibaca dankookensis,species,5.0534350219218014e-05,fraction_reads,0.0,1,1,5.0944173845974365e-05,0.9919554367886028
Centrifuger,default,Centrifuger_default,ZymoMockD6331,ZymoMockD6331,pacbio,SRR13128014,82801,82801,                  Desemzia_incerta,Desemzia incerta,species,0.00030320610131530807,fraction_reads,0.0,6,6,0.0003056650430758462,0.9919554367886028
Centrifuger,default,Centrifuger_default,ZymoMockD6331,ZymoMockD6331,pacbio,SRR13128014,2751,2751,                  Carnobacterium_maltaromaticum,Carnobacterium maltaromaticum,species,0.00010106870043843603,fraction_reads,0.0,2,2,0.00010188834769194873,0.9919554367886028
Centrifuger,default,Centrifuger_default,ZymoMockD6331,ZymoMockD6331,pacbio,SRR13128014,29394,29394,                  Dolosigranulum_pigrum,Dolosigranulum pigrum,species,5.0534350219218014e-05,fraction_reads,0.0,1,1,5.0944173845974365e-05,0.9919554367886028
Centrifuger,default,Centrifuger_default,ZymoMockD6331,ZymoMockD6331,pacbio,SRR13128014,137732,137732,                  Granulicatella_elegans,Granulicatella elegans,species,5.0534350219218014e-05,fraction_reads,0.0,1,1,5.0944173845974365e-05,0.9919554367886028
Centrifuger,default,Centrifuger_default,ZymoMockD6331,ZymoMockD6331,pacbio,SRR13128014,1911586,1911586,                    Marinilactibacillus_sp._15R,Marinilactibacillus_sp._15R,species,5.0534350219218014e-05,fraction_reads,0.0,1,1,5.0944173845974365e-05,0.9919554367886028
Centrifuger,default,Centrifuger_default,ZymoMockD6331,ZymoMockD6331,pacbio,SRR13128014,1376,1376,                  Aerococcus_urinae,Aerococcus urinae,species,0.00030320610131530807,fraction_reads,0.0,6,6,0.0003056650430758462,0.9919554367886028
Centrifuger,default,Centrifuger_default,ZymoMockD6331,ZymoMockD6331,pacbio,SRR13128014,51665,51665,                  Aerococcus_urinaeequi,Aerococcus urinaeequi,species,0.00010106870043843603,fraction_reads,0.0,2,2,0.00010188834769194873,0.9919554367886028
Centrifuger,default,Centrifuger_default,ZymoMockD6331,ZymoMockD6331,pacbio,SRR13128014,2978340,2978340,                    Aerococcus_sp._UMB0080,Aerococcus_sp._UMB0080,species,5.0534350219218014e-05,fraction_reads,0.0,1,1,5.0944173845974365e-05,0.9919554367886028
Centrifuger,default,Centrifuger_default,ZymoMockD6331,ZymoMockD6331,pacbio,SRR13128014,89093,89093,                  Ignavigranum_ruoffiae,Ignavigranum ruoffiae,species,0.00010106870043843603,fraction_reads,0.0,2,2,0.00010188834769194873,0.9919554367886028
Centrifuger,default,Centrifuger_default,ZymoMockD6331,ZymoMockD6331,pacbio,SRR13128014,86661,86661,                  Bacillus_cereus_group,Bacillus cereus_group,species,0.004295419768633531,fraction_reads,0.0,85,0,0.004330254776907821,0.9919554367886028
Centrifuger,default,Centrifuger_default,ZymoMockD6331,ZymoMockD6331,pacbio,SRR13128014,1405,1405,                    Bacillus_mycoides,Bacillus mycoides,species,0.0024256488105224645,fraction_reads,0.0,48,48,0.0024453203446067697,0.9919554367886028
Centrifuger,default,Centrifuger_default,ZymoMockD6331,ZymoMockD6331,pacbio,SRR13128014,1396,1396,                    Bacillus_cereus,Bacillus cereus,species,0.0006064122026306161,fraction_reads,0.0,12,11,0.0006113300861516924,0.9919554367886028
Centrifuger,default,Centrifuger_default,ZymoMockD6331,ZymoMockD6331,pacbio,SRR13128014,1428,1428,                    Bacillus_thuringiensis,Bacillus thuringiensis,species,0.0004042748017537441,fraction_reads,0.0,8,8,0.0004075533907677949,0.9919554367886028
Centrifuger,default,Centrifuger_default,ZymoMockD6331,ZymoMockD6331,pacbio,SRR13128014,580165,580165,                    Bacillus_cytotoxicus,Bacillus cytotoxicus,species,0.00030320610131530807,fraction_reads,0.0,6,6,0.0003056650430758462,0.9919554367886028
Centrifuger,default,Centrifuger_default,ZymoMockD6331,ZymoMockD6331,pacbio,SRR13128014,155322,155322,                    Bacillus_toyonensis,Bacillus toyonensis,species,0.00015160305065765403,fraction_reads,0.0,3,3,0.0001528325215379231,0.9919554367886028
Centrifuger,default,Centrifuger_default,ZymoMockD6331,ZymoMockD6331,pacbio,SRR13128014,2026191,2026191,                    Bacillus_luti,Bacillus luti,species,0.00015160305065765403,fraction_reads,0.0,3,3,0.0001528325215379231,0.9919554367886028
Centrifuger,default,Centrifuger_default,ZymoMockD6331,ZymoMockD6331,pacbio,SRR13128014,1392,1392,                    Bacillus_anthracis,Bacillus anthracis,species,0.00010106870043843603,fraction_reads,0.0,2,2,0.00010188834769194873,0.9919554367886028
Centrifuger,default,Centrifuger_default,ZymoMockD6331,ZymoMockD6331,pacbio,SRR13128014,64104,64104,                    Bacillus_pseudomycoides,Bacillus pseudomycoides,species,5.0534350219218014e-05,fraction_reads,0.0,1,1,5.0944173845974365e-05,0.9919554367886028
Centrifuger,default,Centrifuger_default,ZymoMockD6331,ZymoMockD6331,pacbio,SRR13128014,1890302,1890302,                    Bacillus_wiedmannii,Bacillus wiedmannii,species,5.0534350219218014e-05,fraction_reads,0.0,1,1,5.0944173845974365e-05,0.9919554367886028
Centrifuger,default,Centrifuger_default,ZymoMockD6331,ZymoMockD6331,pacbio,SRR13128014,1839798,1839798,                      Bacillus_sp._FDAARGOS_235,Bacillus_sp._FDAARGOS_235,species,5.0534350219218014e-05,fraction_reads,0.0,1,1,5.0944173845974365e-05,0.9919554367886028
Centrifuger,default,Centrifuger_default,ZymoMockD6331,ZymoMockD6331,pacbio,SRR13128014,666686,666686,                    Bacillus_sp._1NLA3E,Bacillus_sp._1NLA3E,species,0.00010106870043843603,fraction_reads,0.0,2,2,0.00010188834769194873,0.9919554367886028
Centrifuger,default,Centrifuger_default,ZymoMockD6331,ZymoMockD6331,pacbio,SRR13128014,2928154,2928154,                    Bacillus_sp._ZJS3,Bacillus_sp._ZJS3,species,0.00010106870043843603,fraction_reads,0.0,2,2,0.00010188834769194873,0.9919554367886028
Centrifuger,default,Centrifuger_default,ZymoMockD6331,ZymoMockD6331,pacbio,SRR13128014,2933872,2933872,                    Bacillus_sp._JY-23,Bacillus_sp._JY-23,species,0.00010106870043843603,fraction_reads,0.0,2,2,0.00010188834769194873,0.9919554367886028
Centrifuger,default,Centrifuger_default,ZymoMockD6331,ZymoMockD6331,pacbio,SRR13128014,98228,98228,                    Bacillus_sp._OxB-1,Bacillus_sp._OxB-1,species,5.0534350219218014e-05,fraction_reads,0.0,1,1,5.0944173845974365e-05,0.9919554367886028
Centrifuger,default,Centrifuger_default,ZymoMockD6331,ZymoMockD6331,pacbio,SRR13128014,352858,352858,                    Bacillus_sp._Y1,Bacillus_sp._Y1,species,5.0534350219218014e-05,fraction_reads,0.0,1,1,5.0944173845974365e-05,0.9919554367886028
Centrifuger,default,Centrifuger_default,ZymoMockD6331,ZymoMockD6331,pacbio,SRR13128014,1071078,1071078,                    Bacillus_sp._NSP9.1,Bacillus_sp._NSP9.1,species,5.0534350219218014e-05,fraction_reads,0.0,1,1,5.0944173845974365e-05,0.9919554367886028
Centrifuger,default,Centrifuger_default,ZymoMockD6331,ZymoMockD6331,pacbio,SRR13128014,2587848,2587848,                    Bacillus_sp._THAF10,Bacillus_sp._THAF10,species,5.0534350219218014e-05,fraction_reads,0.0,1,1,5.0944173845974365e-05,0.9919554367886028
Centrifuger,default,Centrifuger_default,ZymoMockD6331,ZymoMockD6331,pacbio,SRR13128014,653685,653685,                  Bacillus_subtilis_group,Bacillus subtilis_group,species,0.0004548091519729621,fraction_reads,0.0,9,0,0.00045849756461376924,0.9919554367886028
Centrifuger,default,Centrifuger_default,ZymoMockD6331,ZymoMockD6331,pacbio,SRR13128014,1938374,1938374,                    Bacillus_amyloliquefaciens_group,Bacillus amyloliquefaciens_group,species,0.00020213740087687205,fraction_reads,0.0,4,0,0.00020377669538389746,0.9919554367886028
Centrifuger,default,Centrifuger_default,ZymoMockD6331,ZymoMockD6331,pacbio,SRR13128014,1390,1390,                      Bacillus_amyloliquefaciens,Bacillus amyloliquefaciens,species,0.00010106870043843603,fraction_reads,0.0,2,2,0.00010188834769194873,0.9919554367886028
Centrifuger,default,Centrifuger_default,ZymoMockD6331,ZymoMockD6331,pacbio,SRR13128014,492670,492670,                      Bacillus_velezensis,Bacillus velezensis,species,0.00010106870043843603,fraction_reads,0.0,2,2,0.00010188834769194873,0.9919554367886028
Centrifuger,default,Centrifuger_default,ZymoMockD6331,ZymoMockD6331,pacbio,SRR13128014,1423,1423,                    Bacillus_subtilis,Bacillus subtilis,species,0.00010106870043843603,fraction_reads,0.0,2,0,0.00010188834769194873,0.9919554367886028
Centrifuger,default,Centrifuger_default,ZymoMockD6331,ZymoMockD6331,pacbio,SRR13128014,1452,1452,                    Bacillus_atrophaeus,Bacillus atrophaeus,species,0.00010106870043843603,fraction_reads,0.0,2,2,0.00010188834769194873,0.9919554367886028
Centrifuger,default,Centrifuger_default,ZymoMockD6331,ZymoMockD6331,pacbio,SRR13128014,96241,96241,                    Bacillus_spizizenii,Bacillus spizizenii,species,5.0534350219218014e-05,fraction_reads,0.0,1,0,5.0944173845974365e-05,0.9919554367886028
Centrifuger,default,Centrifuger_default,ZymoMockD6331,ZymoMockD6331,pacbio,SRR13128014,1742359,1742359,                  Bacillus_dafuensis,Bacillus dafuensis,species,0.0004042748017537441,fraction_reads,0.0,8,8,0.0004075533907677949,0.9919554367886028
Centrifuger,default,Centrifuger_default,ZymoMockD6331,ZymoMockD6331,pacbio,SRR13128014,1792192,1792192,                  Bacillus_altitudinis_complex,Bacillus altitudinis_complex,species,0.00020213740087687205,fraction_reads,0.0,4,0,0.00020377669538389746,0.9919554367886028
Centrifuger,default,Centrifuger_default,ZymoMockD6331,ZymoMockD6331,pacbio,SRR13128014,293387,293387,                    Bacillus_altitudinis,Bacillus altitudinis,species,0.00020213740087687205,fraction_reads,0.0,4,4,0.00020377669538389746,0.9919554367886028
Centrifuger,default,Centrifuger_default,ZymoMockD6331,ZymoMockD6331,pacbio,SRR13128014,1479,1479,                  Bacillus_smithii,Bacillus smithii,species,0.00010106870043843603,fraction_reads,0.0,2,2,0.00010188834769194873,0.9919554367886028
Centrifuger,default,Centrifuger_default,ZymoMockD6331,ZymoMockD6331,pacbio,SRR13128014,1547283,1547283,                  Bacillus_weihaiensis,Bacillus weihaiensis,species,0.00010106870043843603,fraction_reads,0.0,2,2,0.00010188834769194873,0.9919554367886028
Centrifuger,default,Centrifuger_default,ZymoMockD6331,ZymoMockD6331,pacbio,SRR13128014,1455,1455,                  Bacillus_badius,Bacillus badius,species,5.0534350219218014e-05,fraction_reads,0.0,1,1,5.0944173845974365e-05,0.9919554367886028
Centrifuger,default,Centrifuger_default,ZymoMockD6331,ZymoMockD6331,pacbio,SRR13128014,2672567,2672567,                  Bacillus_aquiflavi,Bacillus aquiflavi,species,5.0534350219218014e-05,fraction_reads,0.0,1,1,5.0944173845974365e-05,0.9919554367886028
Centrifuger,default,Centrifuger_default,ZymoMockD6331,ZymoMockD6331,pacbio,SRR13128014,2070463,2070463,                    Lysinibacillus_sp._SGAir0095,Lysinibacillus_sp._SGAir0095,species,0.00020213740087687205,fraction_reads,0.0,4,4,0.00020377669538389746,0.9919554367886028
Centrifuger,default,Centrifuger_default,ZymoMockD6331,ZymoMockD6331,pacbio,SRR13128014,2998077,2998077,                    Lysinibacillus_sp._IRB4-01,Lysinibacillus_sp._IRB4-01,species,0.00015160305065765403,fraction_reads,0.0,3,3,0.0001528325215379231,0.9919554367886028
Centrifuger,default,Centrifuger_default,ZymoMockD6331,ZymoMockD6331,pacbio,SRR13128014,2913506,2913506,                    Lysinibacillus_sp._ACHW1.5,Lysinibacillus_sp._ACHW1.5,species,5.0534350219218014e-05,fraction_reads,0.0,1,1,5.0944173845974365e-05,0.9919554367886028
Centrifuger,default,Centrifuger_default,ZymoMockD6331,ZymoMockD6331,pacbio,SRR13128014,1421,1421,                  Lysinibacillus_sphaericus,Lysinibacillus sphaericus,species,0.00020213740087687205,fraction_reads,0.0,4,4,0.00020377669538389746,0.9919554367886028
Centrifuger,default,Centrifuger_default,ZymoMockD6331,ZymoMockD6331,pacbio,SRR13128014,436516,436516,                  Lysinibacillus_parviboronicapiens,Lysinibacillus parviboronicapiens,species,0.00010106870043843603,fraction_reads,0.0,2,2,0.00010188834769194873,0.9919554367886028
Centrifuger,default,Centrifuger_default,ZymoMockD6331,ZymoMockD6331,pacbio,SRR13128014,2590012,2590012,                  Lysinibacillus_agricola,Lysinibacillus agricola,species,0.00010106870043843603,fraction_reads,0.0,2,2,0.00010188834769194873,0.9919554367886028
Centrifuger,default,Centrifuger_default,ZymoMockD6331,ZymoMockD6331,pacbio,SRR13128014,1145276,1145276,                  Lysinibacillus_varians,Lysinibacillus varians,species,5.0534350219218014e-05,fraction_reads,0.0,1,1,5.0944173845974365e-05,0.9919554367886028
Centrifuger,default,Centrifuger_default,ZymoMockD6331,ZymoMockD6331,pacbio,SRR13128014,2115968,2115968,                  Lysinibacillus_capsici,Lysinibacillus capsici,species,5.0534350219218014e-05,fraction_reads,0.0,1,1,5.0944173845974365e-05,0.9919554367886028
Centrifuger,default,Centrifuger_default,ZymoMockD6331,ZymoMockD6331,pacbio,SRR13128014,1404,1404,                  Priestia_megaterium,Priestia megaterium,species,0.00030320610131530807,fraction_reads,0.0,6,5,0.0003056650430758462,0.9919554367886028
Centrifuger,default,Centrifuger_default,ZymoMockD6331,ZymoMockD6331,pacbio,SRR13128014,284581,284581,                  Priestia_koreensis,Priestia koreensis,species,0.00015160305065765403,fraction_reads,0.0,3,3,0.0001528325215379231,0.9919554367886028
Centrifuger,default,Centrifuger_default,ZymoMockD6331,ZymoMockD6331,pacbio,SRR13128014,1402861,1402861,                  Priestia_filamentosa,Priestia filamentosa,species,0.00015160305065765403,fraction_reads,0.0,3,3,0.0001528325215379231,0.9919554367886028
Centrifuger,default,Centrifuger_default,ZymoMockD6331,ZymoMockD6331,pacbio,SRR13128014,86664,86664,                  Priestia_flexa,Priestia flexa,species,0.00010106870043843603,fraction_reads,0.0,2,2,0.00010188834769194873,0.9919554367886028
Centrifuger,default,Centrifuger_default,ZymoMockD6331,ZymoMockD6331,pacbio,SRR13128014,412384,412384,                  Priestia_aryabhattai,Priestia aryabhattai,species,0.00010106870043843603,fraction_reads,0.0,2,2,0.00010188834769194873,0.9919554367886028
Centrifuger,default,Centrifuger_default,ZymoMockD6331,ZymoMockD6331,pacbio,SRR13128014,1407,1407,                  Peribacillus_psychrosaccharolyticus,Peribacillus psychrosaccharolyticus,species,0.00020213740087687205,fraction_reads,0.0,4,4,0.00020377669538389746,0.9919554367886028
Centrifuger,default,Centrifuger_default,ZymoMockD6331,ZymoMockD6331,pacbio,SRR13128014,1478,1478,                  Peribacillus_simplex,Peribacillus simplex,species,0.00020213740087687205,fraction_reads,0.0,4,3,0.00020377669538389746,0.9919554367886028
Centrifuger,default,Centrifuger_default,ZymoMockD6331,ZymoMockD6331,pacbio,SRR13128014,228899,228899,                  Peribacillus_asahii,Peribacillus asahii,species,0.00010106870043843603,fraction_reads,0.0,2,2,0.00010188834769194873,0.9919554367886028
Centrifuger,default,Centrifuger_default,ZymoMockD6331,ZymoMockD6331,pacbio,SRR13128014,421767,421767,                  Peribacillus_butanolivorans,Peribacillus butanolivorans,species,5.0534350219218014e-05,fraction_reads,0.0,1,1,5.0944173845974365e-05,0.9919554367886028
Centrifuger,default,Centrifuger_default,ZymoMockD6331,ZymoMockD6331,pacbio,SRR13128014,1397,1397,                  Niallia_circulans,Niallia circulans,species,0.0003537404515345261,fraction_reads,0.0,7,7,0.0003566092169218206,0.9919554367886028
Centrifuger,default,Centrifuger_default,ZymoMockD6331,ZymoMockD6331,pacbio,SRR13128014,2912824,2912824,                    Niallia_sp._Man26,Niallia_sp._Man26,species,0.00020213740087687205,fraction_reads,0.0,4,4,0.00020377669538389746,0.9919554367886028
Centrifuger,default,Centrifuger_default,ZymoMockD6331,ZymoMockD6331,pacbio,SRR13128014,859144,859144,                  Cytobacillus_gottheilii,Cytobacillus gottheilii,species,0.00025267175109609005,fraction_reads,0.0,5,5,0.0002547208692298718,0.9919554367886028
Centrifuger,default,Centrifuger_default,ZymoMockD6331,ZymoMockD6331,pacbio,SRR13128014,665099,665099,                  Cytobacillus_oceanisediminis,Cytobacillus oceanisediminis,species,0.00015160305065765403,fraction_reads,0.0,3,3,0.0001528325215379231,0.9919554367886028
Centrifuger,default,Centrifuger_default,ZymoMockD6331,ZymoMockD6331,pacbio,SRR13128014,1637975,1637975,                  Cytobacillus_solani,Cytobacillus solani,species,0.00010106870043843603,fraction_reads,0.0,2,2,0.00010188834769194873,0.9919554367886028
Centrifuger,default,Centrifuger_default,ZymoMockD6331,ZymoMockD6331,pacbio,SRR13128014,2419842,2419842,                    Virgibacillus_sp._Bac332,Virgibacillus_sp._Bac332,species,0.00025267175109609005,fraction_reads,0.0,5,5,0.0002547208692298718,0.9919554367886028
Centrifuger,default,Centrifuger_default,ZymoMockD6331,ZymoMockD6331,pacbio,SRR13128014,2831673,2831673,                    Virgibacillus_sp._NKC19-16,Virgibacillus_sp._NKC19-16,species,5.0534350219218014e-05,fraction_reads,0.0,1,1,5.0944173845974365e-05,0.9919554367886028
Centrifuger,default,Centrifuger_default,ZymoMockD6331,ZymoMockD6331,pacbio,SRR13128014,163877,163877,                  Virgibacillus_necropolis,Virgibacillus necropolis,species,0.00015160305065765403,fraction_reads,0.0,3,3,0.0001528325215379231,0.9919554367886028
Centrifuger,default,Centrifuger_default,ZymoMockD6331,ZymoMockD6331,pacbio,SRR13128014,1570,1570,                  Halobacillus_halophilus,Halobacillus halophilus,species,0.00015160305065765403,fraction_reads,0.0,3,3,0.0001528325215379231,0.9919554367886028
Centrifuger,default,Centrifuger_default,ZymoMockD6331,ZymoMockD6331,pacbio,SRR13128014,402384,402384,                  Halobacillus_mangrovi,Halobacillus mangrovi,species,0.00015160305065765403,fraction_reads,0.0,3,3,0.0001528325215379231,0.9919554367886028
Centrifuger,default,Centrifuger_default,ZymoMockD6331,ZymoMockD6331,pacbio,SRR13128014,554880,554880,                  Halobacillus_naozhouensis,Halobacillus naozhouensis,species,5.0534350219218014e-05,fraction_reads,0.0,1,1,5.0944173845974365e-05,0.9919554367886028
Centrifuger,default,Centrifuger_default,ZymoMockD6331,ZymoMockD6331,pacbio,SRR13128014,2932259,2932259,                    Halobacillus_sp._SSHM10-5,Halobacillus_sp._SSHM10-5,species,5.0534350219218014e-05,fraction_reads,0.0,1,1,5.0944173845974365e-05,0.9919554367886028
Centrifuger,default,Centrifuger_default,ZymoMockD6331,ZymoMockD6331,pacbio,SRR13128014,296745,296745,                  Caldalkalibacillus_thermarum,Caldalkalibacillus thermarum,species,0.00030320610131530807,fraction_reads,0.0,6,0,0.0003056650430758462,0.9919554367886028
Centrifuger,default,Centrifuger_default,ZymoMockD6331,ZymoMockD6331,pacbio,SRR13128014,1426,1426,                  Parageobacillus_thermoglucosidasius,Parageobacillus thermoglucosidasius,species,0.00010106870043843603,fraction_reads,0.0,2,2,0.00010188834769194873,0.9919554367886028
Centrifuger,default,Centrifuger_default,ZymoMockD6331,ZymoMockD6331,pacbio,SRR13128014,153151,153151,                  Parageobacillus_toebii,Parageobacillus toebii,species,5.0534350219218014e-05,fraction_reads,0.0,1,1,5.0944173845974365e-05,0.9919554367886028
Centrifuger,default,Centrifuger_default,ZymoMockD6331,ZymoMockD6331,pacbio,SRR13128014,2916802,2916802,                    Parageobacillus_sp._KH3-4,Parageobacillus_sp._KH3-4,species,5.0534350219218014e-05,fraction_reads,0.0,1,1,5.0944173845974365e-05,0.9919554367886028
Centrifuger,default,Centrifuger_default,ZymoMockD6331,ZymoMockD6331,pacbio,SRR13128014,208199,208199,                  Pseudalkalibacillus_hwajinpoensis,Pseudalkalibacillus hwajinpoensis,species,0.00025267175109609005,fraction_reads,0.0,5,5,0.0002547208692298718,0.9919554367886028
Centrifuger,default,Centrifuger_default,ZymoMockD6331,ZymoMockD6331,pacbio,SRR13128014,294699,294699,                  Anoxybacillus_amylolyticus,Anoxybacillus amylolyticus,species,0.00010106870043843603,fraction_reads,0.0,2,2,0.00010188834769194873,0.9919554367886028
Centrifuger,default,Centrifuger_default,ZymoMockD6331,ZymoMockD6331,pacbio,SRR13128014,1490052,1490052,                    Anoxybacillus_sp._B2M1,Anoxybacillus_sp._B2M1,species,5.0534350219218014e-05,fraction_reads,0.0,1,1,5.0944173845974365e-05,0.9919554367886028
Centrifuger,default,Centrifuger_default,ZymoMockD6331,ZymoMockD6331,pacbio,SRR13128014,2991053,2991053,                    Fictibacillus_sp._KU28468,Fictibacillus_sp._KU28468,species,0.00015160305065765403,fraction_reads,0.0,3,3,0.0001528325215379231,0.9919554367886028
Centrifuger,default,Centrifuger_default,ZymoMockD6331,ZymoMockD6331,pacbio,SRR13128014,255247,255247,                  Fictibacillus_arsenicus,Fictibacillus arsenicus,species,5.0534350219218014e-05,fraction_reads,0.0,1,1,5.0944173845974365e-05,0.9919554367886028
Centrifuger,default,Centrifuger_default,ZymoMockD6331,ZymoMockD6331,pacbio,SRR13128014,220687,220687,                  Neobacillus_novalis,Neobacillus novalis,species,0.00010106870043843603,fraction_reads,0.0,2,2,0.00010188834769194873,0.9919554367886028
Centrifuger,default,Centrifuger_default,ZymoMockD6331,ZymoMockD6331,pacbio,SRR13128014,1193713,1193713,                  Neobacillus_mesonae,Neobacillus mesonae,species,0.00010106870043843603,fraction_reads,0.0,2,2,0.00010188834769194873,0.9919554367886028
Centrifuger,default,Centrifuger_default,ZymoMockD6331,ZymoMockD6331,pacbio,SRR13128014,254758,254758,                  Siminovitchia_fortis,Siminovitchia fortis,species,0.00020213740087687205,fraction_reads,0.0,4,4,0.00020377669538389746,0.9919554367886028
Centrifuger,default,Centrifuger_default,ZymoMockD6331,ZymoMockD6331,pacbio,SRR13128014,2593652,2593652,                  Mangrovibacillus_cuniculi,Mangrovibacillus cuniculi,species,0.00020213740087687205,fraction_reads,0.0,4,4,0.00020377669538389746,0.9919554367886028
Centrifuger,default,Centrifuger_default,ZymoMockD6331,ZymoMockD6331,pacbio,SRR13128014,2911514,2911514,                    Lentibacillus_sp._ZS110521,Lentibacillus_sp._ZS110521,species,0.00010106870043843603,fraction_reads,0.0,2,2,0.00010188834769194873,0.9919554367886028
Centrifuger,default,Centrifuger_default,ZymoMockD6331,ZymoMockD6331,pacbio,SRR13128014,1472767,1472767,                  Lentibacillus_amyloliquefaciens,Lentibacillus amyloliquefaciens,species,5.0534350219218014e-05,fraction_reads,0.0,1,1,5.0944173845974365e-05,0.9919554367886028
Centrifuger,default,Centrifuger_default,ZymoMockD6331,ZymoMockD6331,pacbio,SRR13128014,2052660,2052660,                  Oceanobacillus_zhaokaii,Oceanobacillus zhaokaii,species,0.00010106870043843603,fraction_reads,0.0,2,2,0.00010188834769194873,0.9919554367886028
Centrifuger,default,Centrifuger_default,ZymoMockD6331,ZymoMockD6331,pacbio,SRR13128014,1462527,1462527,                  Oceanobacillus_jeddahense,Oceanobacillus jeddahense,species,5.0534350219218014e-05,fraction_reads,0.0,1,1,5.0944173845974365e-05,0.9919554367886028
Centrifuger,default,Centrifuger_default,ZymoMockD6331,ZymoMockD6331,pacbio,SRR13128014,570278,570278,                  Allobacillus_halotolerans,Allobacillus halotolerans,species,0.00015160305065765403,fraction_reads,0.0,3,3,0.0001528325215379231,0.9919554367886028
Centrifuger,default,Centrifuger_default,ZymoMockD6331,ZymoMockD6331,pacbio,SRR13128014,2502791,2502791,                  Salicibibacter_halophilus,Salicibibacter halophilus,species,0.00010106870043843603,fraction_reads,0.0,2,2,0.00010188834769194873,0.9919554367886028
Centrifuger,default,Centrifuger_default,ZymoMockD6331,ZymoMockD6331,pacbio,SRR13128014,2099786,2099786,                  Salicibibacter_kimchii,Salicibibacter kimchii,species,5.0534350219218014e-05,fraction_reads,0.0,1,1,5.0944173845974365e-05,0.9919554367886028
Centrifuger,default,Centrifuger_default,ZymoMockD6331,ZymoMockD6331,pacbio,SRR13128014,38875,38875,                  Heyndrickxia_oleronia,Heyndrickxia oleronia,species,0.00015160305065765403,fraction_reads,0.0,3,3,0.0001528325215379231,0.9919554367886028
Centrifuger,default,Centrifuger_default,ZymoMockD6331,ZymoMockD6331,pacbio,SRR13128014,79885,79885,                  Alkalihalophilus_pseudofirmus,Alkalihalophilus pseudofirmus,species,0.00015160305065765403,fraction_reads,0.0,3,0,0.0001528325215379231,0.9919554367886028
Centrifuger,default,Centrifuger_default,ZymoMockD6331,ZymoMockD6331,pacbio,SRR13128014,33940,33940,                  Geobacillus_thermodenitrificans,Geobacillus thermodenitrificans,species,5.0534350219218014e-05,fraction_reads,0.0,1,1,5.0944173845974365e-05,0.9919554367886028
Centrifuger,default,Centrifuger_default,ZymoMockD6331,ZymoMockD6331,pacbio,SRR13128014,2924032,2924032,                    Alkalihalobacillus_sp._LMS39,Alkalihalobacillus_sp._LMS39,species,0.00010106870043843603,fraction_reads,0.0,2,2,0.00010188834769194873,0.9919554367886028
Centrifuger,default,Centrifuger_default,ZymoMockD6331,ZymoMockD6331,pacbio,SRR13128014,2980027,2980027,                  Fervidibacillus_halotolerans,Fervidibacillus halotolerans,species,0.00010106870043843603,fraction_reads,0.0,2,2,0.00010188834769194873,0.9919554367886028
Centrifuger,default,Centrifuger_default,ZymoMockD6331,ZymoMockD6331,pacbio,SRR13128014,2663022,2663022,                  Gracilibacillus_salitolerans,Gracilibacillus salitolerans,species,5.0534350219218014e-05,fraction_reads,0.0,1,1,5.0944173845974365e-05,0.9919554367886028
Centrifuger,default,Centrifuger_default,ZymoMockD6331,ZymoMockD6331,pacbio,SRR13128014,2213194,2213194,                  Paraliobacillus_zengyii,Paraliobacillus zengyii,species,5.0534350219218014e-05,fraction_reads,0.0,1,1,5.0944173845974365e-05,0.9919554367886028
Centrifuger,default,Centrifuger_default,ZymoMockD6331,ZymoMockD6331,pacbio,SRR13128014,265426,265426,                  Pontibacillus_chungwhensis,Pontibacillus chungwhensis,species,5.0534350219218014e-05,fraction_reads,0.0,1,1,5.0944173845974365e-05,0.9919554367886028
Centrifuger,default,Centrifuger_default,ZymoMockD6331,ZymoMockD6331,pacbio,SRR13128014,386490,386490,                  Terribacillus_goriensis,Terribacillus goriensis,species,5.0534350219218014e-05,fraction_reads,0.0,1,1,5.0944173845974365e-05,0.9919554367886028
Centrifuger,default,Centrifuger_default,ZymoMockD6331,ZymoMockD6331,pacbio,SRR13128014,2567941,2567941,                  Metabacillus_sediminilitoris,Metabacillus sediminilitoris,species,5.0534350219218014e-05,fraction_reads,0.0,1,1,5.0944173845974365e-05,0.9919554367886028
Centrifuger,default,Centrifuger_default,ZymoMockD6331,ZymoMockD6331,pacbio,SRR13128014,2594883,2594883,                  Radiobacillus_deserti,Radiobacillus deserti,species,5.0534350219218014e-05,fraction_reads,0.0,1,1,5.0944173845974365e-05,0.9919554367886028
Centrifuger,default,Centrifuger_default,ZymoMockD6331,ZymoMockD6331,pacbio,SRR13128014,371036,371036,                  Gottfriedia_acidiceleris,Gottfriedia acidiceleris,species,5.0534350219218014e-05,fraction_reads,0.0,1,1,5.0944173845974365e-05,0.9919554367886028
Centrifuger,default,Centrifuger_default,ZymoMockD6331,ZymoMockD6331,pacbio,SRR13128014,1280,1280,                  Staphylococcus_aureus,Staphylococcus aureus,species,0.0005053435021921801,fraction_reads,0.0,10,8,0.0005094417384597436,0.9919554367886028
Centrifuger,default,Centrifuger_default,ZymoMockD6331,ZymoMockD6331,pacbio,SRR13128014,1283,1283,                  Staphylococcus_haemolyticus,Staphylococcus haemolyticus,species,0.0003537404515345261,fraction_reads,0.0,7,7,0.0003566092169218206,0.9919554367886028
Centrifuger,default,Centrifuger_default,ZymoMockD6331,ZymoMockD6331,pacbio,SRR13128014,1288,1288,                  Staphylococcus_xylosus,Staphylococcus xylosus,species,0.0003537404515345261,fraction_reads,0.0,7,7,0.0003566092169218206,0.9919554367886028
Centrifuger,default,Centrifuger_default,ZymoMockD6331,ZymoMockD6331,pacbio,SRR13128014,33028,33028,                  Staphylococcus_saccharolyticus,Staphylococcus saccharolyticus,species,0.0003537404515345261,fraction_reads,0.0,7,7,0.0003566092169218206,0.9919554367886028
Centrifuger,default,Centrifuger_default,ZymoMockD6331,ZymoMockD6331,pacbio,SRR13128014,1282,1282,                  Staphylococcus_epidermidis,Staphylococcus epidermidis,species,0.00030320610131530807,fraction_reads,0.0,6,5,0.0003056650430758462,0.9919554367886028
Centrifuger,default,Centrifuger_default,ZymoMockD6331,ZymoMockD6331,pacbio,SRR13128014,1286,1286,                  Staphylococcus_simulans,Staphylococcus simulans,species,0.00025267175109609005,fraction_reads,0.0,5,5,0.0002547208692298718,0.9919554367886028
Centrifuger,default,Centrifuger_default,ZymoMockD6331,ZymoMockD6331,pacbio,SRR13128014,28035,28035,                  Staphylococcus_lugdunensis,Staphylococcus lugdunensis,species,0.00025267175109609005,fraction_reads,0.0,5,5,0.0002547208692298718,0.9919554367886028
Centrifuger,default,Centrifuger_default,ZymoMockD6331,ZymoMockD6331,pacbio,SRR13128014,1281,1281,                  Staphylococcus_carnosus,Staphylococcus carnosus,species,0.00020213740087687205,fraction_reads,0.0,4,4,0.00020377669538389746,0.9919554367886028
Centrifuger,default,Centrifuger_default,ZymoMockD6331,ZymoMockD6331,pacbio,SRR13128014,29378,29378,                  Staphylococcus_arlettae,Staphylococcus arlettae,species,0.00020213740087687205,fraction_reads,0.0,4,4,0.00020377669538389746,0.9919554367886028
Centrifuger,default,Centrifuger_default,ZymoMockD6331,ZymoMockD6331,pacbio,SRR13128014,1292,1292,                  Staphylococcus_warneri,Staphylococcus warneri,species,0.00015160305065765403,fraction_reads,0.0,3,3,0.0001528325215379231,0.9919554367886028
Centrifuger,default,Centrifuger_default,ZymoMockD6331,ZymoMockD6331,pacbio,SRR13128014,155085,155085,                  Staphylococcus_lutrae,Staphylococcus lutrae,species,0.00015160305065765403,fraction_reads,0.0,3,3,0.0001528325215379231,0.9919554367886028
Centrifuger,default,Centrifuger_default,ZymoMockD6331,ZymoMockD6331,pacbio,SRR13128014,1295,1295,                  Staphylococcus_schleiferi,Staphylococcus schleiferi,species,0.00010106870043843603,fraction_reads,0.0,2,2,0.00010188834769194873,0.9919554367886028
Centrifuger,default,Centrifuger_default,ZymoMockD6331,ZymoMockD6331,pacbio,SRR13128014,29382,29382,                  Staphylococcus_cohnii,Staphylococcus cohnii,species,0.00010106870043843603,fraction_reads,0.0,2,2,0.00010188834769194873,0.9919554367886028
Centrifuger,default,Centrifuger_default,ZymoMockD6331,ZymoMockD6331,pacbio,SRR13128014,29388,29388,                  Staphylococcus_capitis,Staphylococcus capitis,species,0.00010106870043843603,fraction_reads,0.0,2,1,0.00010188834769194873,0.9919554367886028
Centrifuger,default,Centrifuger_default,ZymoMockD6331,ZymoMockD6331,pacbio,SRR13128014,45972,45972,                  Staphylococcus_pasteuri,Staphylococcus pasteuri,species,0.00010106870043843603,fraction_reads,0.0,2,1,0.00010188834769194873,0.9919554367886028
Centrifuger,default,Centrifuger_default,ZymoMockD6331,ZymoMockD6331,pacbio,SRR13128014,2815305,2815305,                  Staphylococcus_intermedius_group,Staphylococcus intermedius_group,species,0.00010106870043843603,fraction_reads,0.0,2,0,0.00010188834769194873,0.9919554367886028
Centrifuger,default,Centrifuger_default,ZymoMockD6331,ZymoMockD6331,pacbio,SRR13128014,53344,53344,                    Staphylococcus_delphini,Staphylococcus delphini,species,5.0534350219218014e-05,fraction_reads,0.0,1,1,5.0944173845974365e-05,0.9919554367886028
Centrifuger,default,Centrifuger_default,ZymoMockD6331,ZymoMockD6331,pacbio,SRR13128014,283734,283734,                    Staphylococcus_pseudintermedius,Staphylococcus pseudintermedius,species,5.0534350219218014e-05,fraction_reads,0.0,1,1,5.0944173845974365e-05,0.9919554367886028
Centrifuger,default,Centrifuger_default,ZymoMockD6331,ZymoMockD6331,pacbio,SRR13128014,2892440,2892440,                  Staphylococcus_ratti,Staphylococcus ratti,species,0.00010106870043843603,fraction_reads,0.0,2,2,0.00010188834769194873,0.9919554367886028
Centrifuger,default,Centrifuger_default,ZymoMockD6331,ZymoMockD6331,pacbio,SRR13128014,1290,1290,                  Staphylococcus_hominis,Staphylococcus hominis,species,5.0534350219218014e-05,fraction_reads,0.0,1,1,5.0944173845974365e-05,0.9919554367886028
Centrifuger,default,Centrifuger_default,ZymoMockD6331,ZymoMockD6331,pacbio,SRR13128014,29380,29380,                  Staphylococcus_caprae,Staphylococcus caprae,species,5.0534350219218014e-05,fraction_reads,0.0,1,1,5.0944173845974365e-05,0.9919554367886028
Centrifuger,default,Centrifuger_default,ZymoMockD6331,ZymoMockD6331,pacbio,SRR13128014,29385,29385,                  Staphylococcus_saprophyticus,Staphylococcus saprophyticus,species,5.0534350219218014e-05,fraction_reads,0.0,1,1,5.0944173845974365e-05,0.9919554367886028
Centrifuger,default,Centrifuger_default,ZymoMockD6331,ZymoMockD6331,pacbio,SRR13128014,46127,46127,                  Staphylococcus_felis,Staphylococcus felis,species,5.0534350219218014e-05,fraction_reads,0.0,1,1,5.0944173845974365e-05,0.9919554367886028
Centrifuger,default,Centrifuger_default,ZymoMockD6331,ZymoMockD6331,pacbio,SRR13128014,70255,70255,                  Staphylococcus_condimenti,Staphylococcus condimenti,species,5.0534350219218014e-05,fraction_reads,0.0,1,1,5.0944173845974365e-05,0.9919554367886028
Centrifuger,default,Centrifuger_default,ZymoMockD6331,ZymoMockD6331,pacbio,SRR13128014,214473,214473,                  Staphylococcus_nepalensis,Staphylococcus nepalensis,species,5.0534350219218014e-05,fraction_reads,0.0,1,1,5.0944173845974365e-05,0.9919554367886028
Centrifuger,default,Centrifuger_default,ZymoMockD6331,ZymoMockD6331,pacbio,SRR13128014,246432,246432,                  Staphylococcus_equorum,Staphylococcus equorum,species,5.0534350219218014e-05,fraction_reads,0.0,1,1,5.0944173845974365e-05,0.9919554367886028
Centrifuger,default,Centrifuger_default,ZymoMockD6331,ZymoMockD6331,pacbio,SRR13128014,308354,308354,                  Staphylococcus_simiae,Staphylococcus simiae,species,5.0534350219218014e-05,fraction_reads,0.0,1,1,5.0944173845974365e-05,0.9919554367886028
Centrifuger,default,Centrifuger_default,ZymoMockD6331,ZymoMockD6331,pacbio,SRR13128014,985002,985002,                  Staphylococcus_argenteus,Staphylococcus argenteus,species,5.0534350219218014e-05,fraction_reads,0.0,1,1,5.0944173845974365e-05,0.9919554367886028
Centrifuger,default,Centrifuger_default,ZymoMockD6331,ZymoMockD6331,pacbio,SRR13128014,985762,985762,                  Staphylococcus_agnetis,Staphylococcus agnetis,species,5.0534350219218014e-05,fraction_reads,0.0,1,1,5.0944173845974365e-05,0.9919554367886028
Centrifuger,default,Centrifuger_default,ZymoMockD6331,ZymoMockD6331,pacbio,SRR13128014,1654388,1654388,                  Staphylococcus_schweitzeri,Staphylococcus schweitzeri,species,5.0534350219218014e-05,fraction_reads,0.0,1,1,5.0944173845974365e-05,0.9919554367886028
Centrifuger,default,Centrifuger_default,ZymoMockD6331,ZymoMockD6331,pacbio,SRR13128014,42858,42858,                  Mammaliicoccus_lentus,Mammaliicoccus lentus,species,0.0004548091519729621,fraction_reads,0.0,9,9,0.00045849756461376924,0.9919554367886028
Centrifuger,default,Centrifuger_default,ZymoMockD6331,ZymoMockD6331,pacbio,SRR13128014,1296,1296,                  Mammaliicoccus_sciuri,Mammaliicoccus sciuri,species,0.00030320610131530807,fraction_reads,0.0,6,6,0.0003056650430758462,0.9919554367886028
Centrifuger,default,Centrifuger_default,ZymoMockD6331,ZymoMockD6331,pacbio,SRR13128014,71237,71237,                  Mammaliicoccus_vitulinus,Mammaliicoccus vitulinus,species,0.00025267175109609005,fraction_reads,0.0,5,5,0.0002547208692298718,0.9919554367886028
Centrifuger,default,Centrifuger_default,ZymoMockD6331,ZymoMockD6331,pacbio,SRR13128014,1855823,1855823,                  Macrococcus_canis,Macrococcus canis,species,5.0534350219218014e-05,fraction_reads,0.0,1,1,5.0944173845974365e-05,0.9919554367886028
Centrifuger,default,Centrifuger_default,ZymoMockD6331,ZymoMockD6331,pacbio,SRR13128014,946435,946435,                    Jeotgalicoccus_sp._ATCC_8456,Jeotgalicoccus_sp._ATCC_8456,species,5.0534350219218014e-05,fraction_reads,0.0,1,1,5.0944173845974365e-05,0.9919554367886028
Centrifuger,default,Centrifuger_default,ZymoMockD6331,ZymoMockD6331,pacbio,SRR13128014,1817405,1817405,                  Abyssicoccus_albus,Abyssicoccus albus,species,5.0534350219218014e-05,fraction_reads,0.0,1,1,5.0944173845974365e-05,0.9919554367886028
Centrifuger,default,Centrifuger_default,ZymoMockD6331,ZymoMockD6331,pacbio,SRR13128014,1536773,1536773,                    Paenibacillus_sp._FSL_R7-0331,Paenibacillus_sp._FSL_R7-0331,species,0.00015160305065765403,fraction_reads,0.0,3,3,0.0001528325215379231,0.9919554367886028
Centrifuger,default,Centrifuger_default,ZymoMockD6331,ZymoMockD6331,pacbio,SRR13128014,1536769,1536769,                    Paenibacillus_sp._FSL_P4-0081,Paenibacillus_sp._FSL_P4-0081,species,0.00010106870043843603,fraction_reads,0.0,2,2,0.00010188834769194873,0.9919554367886028
Centrifuger,default,Centrifuger_default,ZymoMockD6331,ZymoMockD6331,pacbio,SRR13128014,1536775,1536775,                    Paenibacillus_sp._FSL_H7-0737,Paenibacillus_sp._FSL_H7-0737,species,0.00010106870043843603,fraction_reads,0.0,2,2,0.00010188834769194873,0.9919554367886028
Centrifuger,default,Centrifuger_default,ZymoMockD6331,ZymoMockD6331,pacbio,SRR13128014,2925845,2925845,                    Paenibacillus_sp._N3/727,Paenibacillus_sp._N3/727,species,0.00010106870043843603,fraction_reads,0.0,2,2,0.00010188834769194873,0.9919554367886028
Centrifuger,default,Centrifuger_default,ZymoMockD6331,ZymoMockD6331,pacbio,SRR13128014,867076,867076,                    Paenibacillus_sp._IHB_B_3084,Paenibacillus_sp._IHB B_3084,species,5.0534350219218014e-05,fraction_reads,0.0,1,1,5.0944173845974365e-05,0.9919554367886028
Centrifuger,default,Centrifuger_default,ZymoMockD6331,ZymoMockD6331,pacbio,SRR13128014,2741301,2741301,                    Paenibacillus_sp._URB8-2,Paenibacillus_sp._URB8-2,species,5.0534350219218014e-05,fraction_reads,0.0,1,1,5.0944173845974365e-05,0.9919554367886028
Centrifuger,default,Centrifuger_default,ZymoMockD6331,ZymoMockD6331,pacbio,SRR13128014,2777984,2777984,                    Paenibacillus_sp._JNUCC-32,Paenibacillus_sp._JNUCC-32,species,5.0534350219218014e-05,fraction_reads,0.0,1,1,5.0944173845974365e-05,0.9919554367886028
Centrifuger,default,Centrifuger_default,ZymoMockD6331,ZymoMockD6331,pacbio,SRR13128014,3025665,3025665,                    Paenibacillus_sp._KACC_21273,Paenibacillus_sp._KACC_21273,species,5.0534350219218014e-05,fraction_reads,0.0,1,1,5.0944173845974365e-05,0.9919554367886028
Centrifuger,default,Centrifuger_default,ZymoMockD6331,ZymoMockD6331,pacbio,SRR13128014,2704463,2704463,                  Paenibacillus_rhizovicinus,Paenibacillus rhizovicinus,species,0.00030320610131530807,fraction_reads,0.0,6,6,0.0003056650430758462,0.9919554367886028
Centrifuger,default,Centrifuger_default,ZymoMockD6331,ZymoMockD6331,pacbio,SRR13128014,1406,1406,                  Paenibacillus_polymyxa,Paenibacillus polymyxa,species,0.00015160305065765403,fraction_reads,0.0,3,3,0.0001528325215379231,0.9919554367886028
Centrifuger,default,Centrifuger_default,ZymoMockD6331,ZymoMockD6331,pacbio,SRR13128014,248903,248903,                  Paenibacillus_xylanilyticus,Paenibacillus xylanilyticus,species,0.00015160305065765403,fraction_reads,0.0,3,3,0.0001528325215379231,0.9919554367886028
Centrifuger,default,Centrifuger_default,ZymoMockD6331,ZymoMockD6331,pacbio,SRR13128014,2495582,2495582,                  Paenibacillus_albus,Paenibacillus albus,species,0.00015160305065765403,fraction_reads,0.0,3,3,0.0001528325215379231,0.9919554367886028
Centrifuger,default,Centrifuger_default,ZymoMockD6331,ZymoMockD6331,pacbio,SRR13128014,49283,49283,                  Paenibacillus_thiaminolyticus,Paenibacillus thiaminolyticus,species,0.00010106870043843603,fraction_reads,0.0,2,2,0.00010188834769194873,0.9919554367886028
Centrifuger,default,Centrifuger_default,ZymoMockD6331,ZymoMockD6331,pacbio,SRR13128014,116718,116718,                  Paenibacillus_azoreducens,Paenibacillus azoreducens,species,0.00010106870043843603,fraction_reads,0.0,2,2,0.00010188834769194873,0.9919554367886028
Centrifuger,default,Centrifuger_default,ZymoMockD6331,ZymoMockD6331,pacbio,SRR13128014,198119,198119,                  Paenibacillus_barcinonensis,Paenibacillus barcinonensis,species,0.00010106870043843603,fraction_reads,0.0,2,2,0.00010188834769194873,0.9919554367886028
Centrifuger,default,Centrifuger_default,ZymoMockD6331,ZymoMockD6331,pacbio,SRR13128014,253703,253703,                  Paenibacillus_antarcticus,Paenibacillus antarcticus,species,0.00010106870043843603,fraction_reads,0.0,2,2,0.00010188834769194873,0.9919554367886028
Centrifuger,default,Centrifuger_default,ZymoMockD6331,ZymoMockD6331,pacbio,SRR13128014,307580,307580,                  Paenibacillus_woosongensis,Paenibacillus woosongensis,species,0.00010106870043843603,fraction_reads,0.0,2,2,0.00010188834769194873,0.9919554367886028
Centrifuger,default,Centrifuger_default,ZymoMockD6331,ZymoMockD6331,pacbio,SRR13128014,521520,521520,                  Paenibacillus_urinalis,Paenibacillus urinalis,species,0.00010106870043843603,fraction_reads,0.0,2,2,0.00010188834769194873,0.9919554367886028
Centrifuger,default,Centrifuger_default,ZymoMockD6331,ZymoMockD6331,pacbio,SRR13128014,1778678,1778678,                  Paenibacillus_psychroresistens,Paenibacillus psychroresistens,species,0.00010106870043843603,fraction_reads,0.0,2,2,0.00010188834769194873,0.9919554367886028
Centrifuger,default,Centrifuger_default,ZymoMockD6331,ZymoMockD6331,pacbio,SRR13128014,2707005,2707005,                  Paenibacillus_lutimineralis,Paenibacillus lutimineralis,species,0.00010106870043843603,fraction_reads,0.0,2,2,0.00010188834769194873,0.9919554367886028
Centrifuger,default,Centrifuger_default,ZymoMockD6331,ZymoMockD6331,pacbio,SRR13128014,3026433,3026433,                  Paenibacillus_marchantiae,Paenibacillus marchantiae,species,0.00010106870043843603,fraction_reads,0.0,2,2,0.00010188834769194873,0.9919554367886028
Centrifuger,default,Centrifuger_default,ZymoMockD6331,ZymoMockD6331,pacbio,SRR13128014,59893,59893,                  Paenibacillus_peoriae,Paenibacillus peoriae,species,5.0534350219218014e-05,fraction_reads,0.0,1,1,5.0944173845974365e-05,0.9919554367886028
Centrifuger,default,Centrifuger_default,ZymoMockD6331,ZymoMockD6331,pacbio,SRR13128014,61624,61624,                  Paenibacillus_mucilaginosus,Paenibacillus mucilaginosus,species,5.0534350219218014e-05,fraction_reads,0.0,1,0,5.0944173845974365e-05,0.9919554367886028
Centrifuger,default,Centrifuger_default,ZymoMockD6331,ZymoMockD6331,pacbio,SRR13128014,160799,160799,                  Paenibacillus_borealis,Paenibacillus borealis,species,5.0534350219218014e-05,fraction_reads,0.0,1,1,5.0944173845974365e-05,0.9919554367886028
Centrifuger,default,Centrifuger_default,ZymoMockD6331,ZymoMockD6331,pacbio,SRR13128014,162209,162209,                  Paenibacillus_naphthalenovorans,Paenibacillus naphthalenovorans,species,5.0534350219218014e-05,fraction_reads,0.0,1,1,5.0944173845974365e-05,0.9919554367886028
Centrifuger,default,Centrifuger_default,ZymoMockD6331,ZymoMockD6331,pacbio,SRR13128014,414771,414771,                  Paenibacillus_donghaensis,Paenibacillus donghaensis,species,5.0534350219218014e-05,fraction_reads,0.0,1,1,5.0944173845974365e-05,0.9919554367886028
Centrifuger,default,Centrifuger_default,ZymoMockD6331,ZymoMockD6331,pacbio,SRR13128014,1763538,1763538,                  Paenibacillus_crassostreae,Paenibacillus crassostreae,species,5.0534350219218014e-05,fraction_reads,0.0,1,1,5.0944173845974365e-05,0.9919554367886028
Centrifuger,default,Centrifuger_default,ZymoMockD6331,ZymoMockD6331,pacbio,SRR13128014,1465,1465,                  Brevibacillus_laterosporus,Brevibacillus laterosporus,species,0.00010106870043843603,fraction_reads,0.0,2,0,0.00010188834769194873,0.9919554367886028
Centrifuger,default,Centrifuger_default,ZymoMockD6331,ZymoMockD6331,pacbio,SRR13128014,2796470,2796470,                  Brevibacillus_composti,Brevibacillus composti,species,0.00010106870043843603,fraction_reads,0.0,2,2,0.00010188834769194873,0.9919554367886028
Centrifuger,default,Centrifuger_default,ZymoMockD6331,ZymoMockD6331,pacbio,SRR13128014,1393,1393,                  Brevibacillus_brevis,Brevibacillus brevis,species,5.0534350219218014e-05,fraction_reads,0.0,1,1,5.0944173845974365e-05,0.9919554367886028
Centrifuger,default,Centrifuger_default,ZymoMockD6331,ZymoMockD6331,pacbio,SRR13128014,2496837,2496837,                  Brevibacillus_marinus,Brevibacillus marinus,species,5.0534350219218014e-05,fraction_reads,0.0,1,1,5.0944173845974365e-05,0.9919554367886028
Centrifuger,default,Centrifuger_default,ZymoMockD6331,ZymoMockD6331,pacbio,SRR13128014,1500254,1500254,                    Aneurinibacillus_soli,Aneurinibacillus soli,species,0.00010106870043843603,fraction_reads,0.0,2,2,0.00010188834769194873,0.9919554367886028
Centrifuger,default,Centrifuger_default,ZymoMockD6331,ZymoMockD6331,pacbio,SRR13128014,2966586,2966586,                      Aneurinibacillus_sp._B1,Aneurinibacillus_sp._B1,species,5.0534350219218014e-05,fraction_reads,0.0,1,1,5.0944173845974365e-05,0.9919554367886028
Centrifuger,default,Centrifuger_default,ZymoMockD6331,ZymoMockD6331,pacbio,SRR13128014,3022697,3022697,                      Aneurinibacillus_sp._Ricciae_BoGa-3,Aneurinibacillus_sp._Ricciae_BoGa-3,species,5.0534350219218014e-05,fraction_reads,0.0,1,1,5.0944173845974365e-05,0.9919554367886028
Centrifuger,default,Centrifuger_default,ZymoMockD6331,ZymoMockD6331,pacbio,SRR13128014,1619153,1619153,                    Cohnella_sp._LGH,Cohnella_sp._LGH,species,5.0534350219218014e-05,fraction_reads,0.0,1,1,5.0944173845974365e-05,0.9919554367886028
Centrifuger,default,Centrifuger_default,ZymoMockD6331,ZymoMockD6331,pacbio,SRR13128014,2728023,2728023,                  Cohnella_herbarum,Cohnella herbarum,species,5.0534350219218014e-05,fraction_reads,0.0,1,1,5.0944173845974365e-05,0.9919554367886028
Centrifuger,default,Centrifuger_default,ZymoMockD6331,ZymoMockD6331,pacbio,SRR13128014,1638,1638,                  Listeria_ivanovii,Listeria ivanovii,species,0.00010106870043843603,fraction_reads,0.0,2,0,0.00010188834769194873,0.9919554367886028
Centrifuger,default,Centrifuger_default,ZymoMockD6331,ZymoMockD6331,pacbio,SRR13128014,1643,1643,                  Listeria_welshimeri,Listeria welshimeri,species,0.00010106870043843603,fraction_reads,0.0,2,2,0.00010188834769194873,0.9919554367886028
Centrifuger,default,Centrifuger_default,ZymoMockD6331,ZymoMockD6331,pacbio,SRR13128014,1006155,1006155,                  Listeria_weihenstephanensis,Listeria weihenstephanensis,species,0.00010106870043843603,fraction_reads,0.0,2,2,0.00010188834769194873,0.9919554367886028
Centrifuger,default,Centrifuger_default,ZymoMockD6331,ZymoMockD6331,pacbio,SRR13128014,1640,1640,                  Listeria_seeligeri,Listeria seeligeri,species,5.0534350219218014e-05,fraction_reads,0.0,1,1,5.0944173845974365e-05,0.9919554367886028
Centrifuger,default,Centrifuger_default,ZymoMockD6331,ZymoMockD6331,pacbio,SRR13128014,1642,1642,                  Listeria_innocua,Listeria innocua,species,5.0534350219218014e-05,fraction_reads,0.0,1,1,5.0944173845974365e-05,0.9919554367886028
Centrifuger,default,Centrifuger_default,ZymoMockD6331,ZymoMockD6331,pacbio,SRR13128014,2756,2756,                  Brochothrix_thermosphacta,Brochothrix thermosphacta,species,0.00025267175109609005,fraction_reads,0.0,5,5,0.0002547208692298718,0.9919554367886028
Centrifuger,default,Centrifuger_default,ZymoMockD6331,ZymoMockD6331,pacbio,SRR13128014,132920,132920,                    Exiguobacterium_antarcticum,Exiguobacterium antarcticum,species,0.00030320610131530807,fraction_reads,0.0,6,0,0.0003056650430758462,0.9919554367886028
Centrifuger,default,Centrifuger_default,ZymoMockD6331,ZymoMockD6331,pacbio,SRR13128014,360911,360911,                      Exiguobacterium_sp._AT1b,Exiguobacterium_sp._AT1b,species,5.0534350219218014e-05,fraction_reads,0.0,1,1,5.0944173845974365e-05,0.9919554367886028
Centrifuger,default,Centrifuger_default,ZymoMockD6331,ZymoMockD6331,pacbio,SRR13128014,1379,1379,                    Gemella_haemolysans,Gemella haemolysans,species,0.00010106870043843603,fraction_reads,0.0,2,2,0.00010188834769194873,0.9919554367886028
Centrifuger,default,Centrifuger_default,ZymoMockD6331,ZymoMockD6331,pacbio,SRR13128014,2840371,2840371,                      Gemella_sp._zg-570,Gemella_sp._zg-570,species,5.0534350219218014e-05,fraction_reads,0.0,1,1,5.0944173845974365e-05,0.9919554367886028
Centrifuger,default,Centrifuger_default,ZymoMockD6331,ZymoMockD6331,pacbio,SRR13128014,2213202,2213202,                  Planococcus_lenghuensis,Planococcus lenghuensis,species,0.00010106870043843603,fraction_reads,0.0,2,2,0.00010188834769194873,0.9919554367886028
Centrifuger,default,Centrifuger_default,ZymoMockD6331,ZymoMockD6331,pacbio,SRR13128014,1374,1374,                  Planococcus_kocurii,Planococcus kocurii,species,5.0534350219218014e-05,fraction_reads,0.0,1,1,5.0944173845974365e-05,0.9919554367886028
Centrifuger,default,Centrifuger_default,ZymoMockD6331,ZymoMockD6331,pacbio,SRR13128014,1598147,1598147,                  Planococcus_faecalis,Planococcus faecalis,species,5.0534350219218014e-05,fraction_reads,0.0,1,1,5.0944173845974365e-05,0.9919554367886028
Centrifuger,default,Centrifuger_default,ZymoMockD6331,ZymoMockD6331,pacbio,SRR13128014,1474,1474,                  Sporosarcina_pasteurii,Sporosarcina pasteurii,species,5.0534350219218014e-05,fraction_reads,0.0,1,1,5.0944173845974365e-05,0.9919554367886028
Centrifuger,default,Centrifuger_default,ZymoMockD6331,ZymoMockD6331,pacbio,SRR13128014,298596,298596,                  Sporosarcina_ureilytica,Sporosarcina ureilytica,species,5.0534350219218014e-05,fraction_reads,0.0,1,1,5.0944173845974365e-05,0.9919554367886028
Centrifuger,default,Centrifuger_default,ZymoMockD6331,ZymoMockD6331,pacbio,SRR13128014,241244,241244,                  Rummeliibacillus_stabekisii,Rummeliibacillus stabekisii,species,0.00015160305065765403,fraction_reads,0.0,3,3,0.0001528325215379231,0.9919554367886028
Centrifuger,default,Centrifuger_default,ZymoMockD6331,ZymoMockD6331,pacbio,SRR13128014,2779527,2779527,                    Viridibacillus_sp._JNUCC-6,Viridibacillus_sp._JNUCC-6,species,5.0534350219218014e-05,fraction_reads,0.0,1,1,5.0944173845974365e-05,0.9919554367886028
Centrifuger,default,Centrifuger_default,ZymoMockD6331,ZymoMockD6331,pacbio,SRR13128014,417367,417367,                  Paenisporosarcina_antarctica,Paenisporosarcina antarctica,species,5.0534350219218014e-05,fraction_reads,0.0,1,1,5.0944173845974365e-05,0.9919554367886028
Centrifuger,default,Centrifuger_default,ZymoMockD6331,ZymoMockD6331,pacbio,SRR13128014,714067,714067,                  Kroppenstedtia_eburnea,Kroppenstedtia eburnea,species,0.00010106870043843603,fraction_reads,0.0,2,2,0.00010188834769194873,0.9919554367886028
Centrifuger,default,Centrifuger_default,ZymoMockD6331,ZymoMockD6331,pacbio,SRR13128014,2490858,2490858,                  Staphylospora_marina,Staphylospora marina,species,5.0534350219218014e-05,fraction_reads,0.0,1,1,5.0944173845974365e-05,0.9919554367886028
Centrifuger,default,Centrifuger_default,ZymoMockD6331,ZymoMockD6331,pacbio,SRR13128014,2606450,2606450,                    Alicyclobacillus_sp._TC,Alicyclobacillus_sp._TC,species,5.0534350219218014e-05,fraction_reads,0.0,1,1,5.0944173845974365e-05,0.9919554367886028
Centrifuger,default,Centrifuger_default,ZymoMockD6331,ZymoMockD6331,pacbio,SRR13128014,2743772,2743772,                  Effusibacillus_dendaii,Effusibacillus dendaii,species,5.0534350219218014e-05,fraction_reads,0.0,1,1,5.0944173845974365e-05,0.9919554367886028
Centrifuger,default,Centrifuger_default,ZymoMockD6331,ZymoMockD6331,pacbio,SRR13128014,3028315,3028315,                    Pullulanibacillus_sp._KACC_23026,Pullulanibacillus_sp._KACC_23026,species,5.0534350219218014e-05,fraction_reads,0.0,1,1,5.0944173845974365e-05,0.9919554367886028
Centrifuger,default,Centrifuger_default,ZymoMockD6331,ZymoMockD6331,pacbio,SRR13128014,1522,1522,                  [Clostridium]_innocuum,[Clostridium]_innocuum,species,0.00030320610131530807,fraction_reads,0.0,6,6,0.0003056650430758462,0.9919554367886028
Centrifuger,default,Centrifuger_default,ZymoMockD6331,ZymoMockD6331,pacbio,SRR13128014,29348,29348,                  Thomasclavelia_spiroformis,Thomasclavelia spiroformis,species,0.00025267175109609005,fraction_reads,0.0,5,0,0.0002547208692298718,0.9919554367886028
Centrifuger,default,Centrifuger_default,ZymoMockD6331,ZymoMockD6331,pacbio,SRR13128014,1547,1547,                  Thomasclavelia_ramosa,Thomasclavelia ramosa,species,0.00020213740087687205,fraction_reads,0.0,4,4,0.00020377669538389746,0.9919554367886028
Centrifuger,default,Centrifuger_default,ZymoMockD6331,ZymoMockD6331,pacbio,SRR13128014,2478954,2478954,                    Catenibacterium_sp._co_0103,Catenibacterium_sp._co_0103,species,5.0534350219218014e-05,fraction_reads,0.0,1,1,5.0944173845974365e-05,0.9919554367886028
Centrifuger,default,Centrifuger_default,ZymoMockD6331,ZymoMockD6331,pacbio,SRR13128014,2735723,2735723,                  Turicibacter_bilis,Turicibacter bilis,species,0.00015160305065765403,fraction_reads,0.0,3,3,0.0001528325215379231,0.9919554367886028
Centrifuger,default,Centrifuger_default,ZymoMockD6331,ZymoMockD6331,pacbio,SRR13128014,225084,225084,                  Erysipelothrix_inopinata,Erysipelothrix inopinata,species,5.0534350219218014e-05,fraction_reads,0.0,1,1,5.0944173845974365e-05,0.9919554367886028
Centrifuger,default,Centrifuger_default,ZymoMockD6331,ZymoMockD6331,pacbio,SRR13128014,1514105,1514105,                  Erysipelothrix_larvae,Erysipelothrix larvae,species,5.0534350219218014e-05,fraction_reads,0.0,1,1,5.0944173845974365e-05,0.9919554367886028
Centrifuger,default,Centrifuger_default,ZymoMockD6331,ZymoMockD6331,pacbio,SRR13128014,2714930,2714930,                    Erysipelothrix_sp._HDW6C,Erysipelothrix_sp._HDW6C,species,5.0534350219218014e-05,fraction_reads,0.0,1,1,5.0944173845974365e-05,0.9919554367886028
Centrifuger,default,Centrifuger_default,ZymoMockD6331,ZymoMockD6331,pacbio,SRR13128014,2853432,2853432,                    Allobaculum_sp._Allo2,Allobaculum_sp._Allo2,species,5.0534350219218014e-05,fraction_reads,0.0,1,1,5.0944173845974365e-05,0.9919554367886028
Centrifuger,default,Centrifuger_default,ZymoMockD6331,ZymoMockD6331,pacbio,SRR13128014,54005,54005,                  Peptoniphilus_harei,Peptoniphilus harei,species,0.00015160305065765403,fraction_reads,0.0,3,3,0.0001528325215379231,0.9919554367886028
Centrifuger,default,Centrifuger_default,ZymoMockD6331,ZymoMockD6331,pacbio,SRR13128014,3016343,3016343,                    Peptoniphilus_sp._CBA3646,Peptoniphilus_sp._CBA3646,species,5.0534350219218014e-05,fraction_reads,0.0,1,1,5.0944173845974365e-05,0.9919554367886028
Centrifuger,default,Centrifuger_default,ZymoMockD6331,ZymoMockD6331,pacbio,SRR13128014,1870984,1870984,                  Anaerococcus_mediterraneensis,Anaerococcus mediterraneensis,species,0.00010106870043843603,fraction_reads,0.0,2,2,0.00010188834769194873,0.9919554367886028
Centrifuger,default,Centrifuger_default,ZymoMockD6331,ZymoMockD6331,pacbio,SRR13128014,3036300,3036300,                    Anaerococcus_sp._Marseille-Q7828,Anaerococcus_sp._Marseille-Q7828,species,0.00010106870043843603,fraction_reads,0.0,2,2,0.00010188834769194873,0.9919554367886028
Centrifuger,default,Centrifuger_default,ZymoMockD6331,ZymoMockD6331,pacbio,SRR13128014,1260,1260,                  Finegoldia_magna,Finegoldia magna,species,0.00010106870043843603,fraction_reads,0.0,2,2,0.00010188834769194873,0.9919554367886028
Centrifuger,default,Centrifuger_default,ZymoMockD6331,ZymoMockD6331,pacbio,SRR13128014,33033,33033,                  Parvimonas_micra,Parvimonas micra,species,0.00010106870043843603,fraction_reads,0.0,2,2,0.00010188834769194873,0.9919554367886028
Centrifuger,default,Centrifuger_default,ZymoMockD6331,ZymoMockD6331,pacbio,SRR13128014,1556,1556,                  Gottschalkia_acidurici,Gottschalkia acidurici,species,0.00020213740087687205,fraction_reads,0.0,4,0,0.00020377669538389746,0.9919554367886028
Centrifuger,default,Centrifuger_default,ZymoMockD6331,ZymoMockD6331,pacbio,SRR13128014,3035694,3035694,                    Tissierella_sp._Yu-01,Tissierella_sp._Yu-01,species,5.0534350219218014e-05,fraction_reads,0.0,1,1,5.0944173845974365e-05,0.9919554367886028
Centrifuger,default,Centrifuger_default,ZymoMockD6331,ZymoMockD6331,pacbio,SRR13128014,243899,243899,            endosymbiont_'TC1'_of_Trimyema_compressum,endosymbiont_'TC1'_of Trimyema_compressum,species,5.0534350219218014e-05,fraction_reads,0.0,1,1,5.0944173845974365e-05,0.9919554367886028
Centrifuger,default,Centrifuger_default,ZymoMockD6331,ZymoMockD6331,pacbio,SRR13128014,1680,1680,                  Bifidobacterium_adolescentis,Bifidobacterium adolescentis,species,1.95613416263571,fraction_reads,1.96,38709,38431,1.9719980254038216,0.9919554367886028
Centrifuger,default,Centrifuger_default,ZymoMockD6331,ZymoMockD6331,pacbio,SRR13128014,216816,216816,                  Bifidobacterium_longum,Bifidobacterium longum,species,0.0009096183039459242,fraction_reads,0.0,18,4,0.0009169951292275385,0.9919554367886028
Centrifuger,default,Centrifuger_default,ZymoMockD6331,ZymoMockD6331,pacbio,SRR13128014,2983220,2983220,                    Bifidobacterium_sp._ESL0728,Bifidobacterium_sp._ESL0728,species,0.00015160305065765403,fraction_reads,0.0,3,3,0.0001528325215379231,0.9919554367886028
Centrifuger,default,Centrifuger_default,ZymoMockD6331,ZymoMockD6331,pacbio,SRR13128014,2983230,2983230,                    Bifidobacterium_sp._ESL0775,Bifidobacterium_sp._ESL0775,species,0.00015160305065765403,fraction_reads,0.0,3,3,0.0001528325215379231,0.9919554367886028
Centrifuger,default,Centrifuger_default,ZymoMockD6331,ZymoMockD6331,pacbio,SRR13128014,2983236,2983236,                    Bifidobacterium_sp._ESL0800,Bifidobacterium_sp._ESL0800,species,0.00010106870043843603,fraction_reads,0.0,2,2,0.00010188834769194873,0.9919554367886028
Centrifuger,default,Centrifuger_default,ZymoMockD6331,ZymoMockD6331,pacbio,SRR13128014,2983214,2983214,                    Bifidobacterium_sp._ESL0690,Bifidobacterium_sp._ESL0690,species,5.0534350219218014e-05,fraction_reads,0.0,1,1,5.0944173845974365e-05,0.9919554367886028
Centrifuger,default,Centrifuger_default,ZymoMockD6331,ZymoMockD6331,pacbio,SRR13128014,2702,2702,                  Gardnerella_vaginalis,Gardnerella vaginalis,species,0.00015160305065765403,fraction_reads,0.0,3,3,0.0001528325215379231,0.9919554367886028
Centrifuger,default,Centrifuger_default,ZymoMockD6331,ZymoMockD6331,pacbio,SRR13128014,544580,544580,                  Actinomyces_oris,Actinomyces oris,species,0.01753541952606865,fraction_reads,0.02,347,347,0.017677628324553104,0.9919554367886028
Centrifuger,default,Centrifuger_default,ZymoMockD6331,ZymoMockD6331,pacbio,SRR13128014,2708340,2708340,                    Actinomyces_sp._zg-332,Actinomyces_sp._zg-332,species,5.0534350219218014e-05,fraction_reads,0.0,1,1,5.0944173845974365e-05,0.9919554367886028
Centrifuger,default,Centrifuger_default,ZymoMockD6331,ZymoMockD6331,pacbio,SRR13128014,2722751,2722751,                  Arcanobacterium_buesumense,Arcanobacterium buesumense,species,0.00025267175109609005,fraction_reads,0.0,5,5,0.0002547208692298718,0.9919554367886028
Centrifuger,default,Centrifuger_default,ZymoMockD6331,ZymoMockD6331,pacbio,SRR13128014,28264,28264,                  Arcanobacterium_haemolyticum,Arcanobacterium haemolyticum,species,0.00015160305065765403,fraction_reads,0.0,3,0,0.0001528325215379231,0.9919554367886028
Centrifuger,default,Centrifuger_default,ZymoMockD6331,ZymoMockD6331,pacbio,SRR13128014,1912795,1912795,                  Boudabousia_tangfeifanii,Boudabousia tangfeifanii,species,5.0534350219218014e-05,fraction_reads,0.0,1,1,5.0944173845974365e-05,0.9919554367886028
Centrifuger,default,Centrifuger_default,ZymoMockD6331,ZymoMockD6331,pacbio,SRR13128014,1477431,1477431,                  Streptomyces_albidoflavus_group,Streptomyces albidoflavus_group,species,0.00864137388748628,fraction_reads,0.01,171,0,0.008711453727661616,0.9919554367886028
Centrifuger,default,Centrifuger_default,ZymoMockD6331,ZymoMockD6331,pacbio,SRR13128014,1902,1902,                    Streptomyces_coelicolor,Streptomyces coelicolor,species,0.00864137388748628,fraction_reads,0.01,171,171,0.008711453727661616,0.9919554367886028
Centrifuger,default,Centrifuger_default,ZymoMockD6331,ZymoMockD6331,pacbio,SRR13128014,2083284,2083284,                    Streptomyces_sp._CB09001,Streptomyces_sp._CB09001,species,0.00015160305065765403,fraction_reads,0.0,3,3,0.0001528325215379231,0.9919554367886028
Centrifuger,default,Centrifuger_default,ZymoMockD6331,ZymoMockD6331,pacbio,SRR13128014,1333528,1333528,                    Streptomyces_sp._GMY02,Streptomyces_sp._GMY02,species,5.0534350219218014e-05,fraction_reads,0.0,1,1,5.0944173845974365e-05,0.9919554367886028
Centrifuger,default,Centrifuger_default,ZymoMockD6331,ZymoMockD6331,pacbio,SRR13128014,1849967,1849967,                    Streptomyces_sp._SAT1,Streptomyces_sp._SAT1,species,5.0534350219218014e-05,fraction_reads,0.0,1,1,5.0944173845974365e-05,0.9919554367886028
Centrifuger,default,Centrifuger_default,ZymoMockD6331,ZymoMockD6331,pacbio,SRR13128014,2135430,2135430,                    Streptomyces_sp._P3,Streptomyces_sp._P3,species,5.0534350219218014e-05,fraction_reads,0.0,1,1,5.0944173845974365e-05,0.9919554367886028
Centrifuger,default,Centrifuger_default,ZymoMockD6331,ZymoMockD6331,pacbio,SRR13128014,2136173,2136173,                    Streptomyces_sp._So13.3,Streptomyces_sp._So13.3,species,5.0534350219218014e-05,fraction_reads,0.0,1,1,5.0944173845974365e-05,0.9919554367886028
Centrifuger,default,Centrifuger_default,ZymoMockD6331,ZymoMockD6331,pacbio,SRR13128014,2203204,2203204,                    Streptomyces_sp._WAC_01438,Streptomyces_sp._WAC_01438,species,5.0534350219218014e-05,fraction_reads,0.0,1,1,5.0944173845974365e-05,0.9919554367886028
Centrifuger,default,Centrifuger_default,ZymoMockD6331,ZymoMockD6331,pacbio,SRR13128014,2721246,2721246,                    Streptomyces_sp._S1D4-11,Streptomyces_sp._S1D4-11,species,5.0534350219218014e-05,fraction_reads,0.0,1,1,5.0944173845974365e-05,0.9919554367886028
Centrifuger,default,Centrifuger_default,ZymoMockD6331,ZymoMockD6331,pacbio,SRR13128014,2751189,2751189,                    Streptomyces_sp._NEAU-sy36,Streptomyces_sp._NEAU-sy36,species,5.0534350219218014e-05,fraction_reads,0.0,1,1,5.0944173845974365e-05,0.9919554367886028
Centrifuger,default,Centrifuger_default,ZymoMockD6331,ZymoMockD6331,pacbio,SRR13128014,2949637,2949637,                    Streptomyces_sp._Caat_7-52,Streptomyces_sp._Caat_7-52,species,5.0534350219218014e-05,fraction_reads,0.0,1,1,5.0944173845974365e-05,0.9919554367886028
Centrifuger,default,Centrifuger_default,ZymoMockD6331,ZymoMockD6331,pacbio,SRR13128014,2966192,2966192,                    Streptomyces_sp._Je_1-369,Streptomyces_sp._Je_1-369,species,5.0534350219218014e-05,fraction_reads,0.0,1,1,5.0944173845974365e-05,0.9919554367886028
Centrifuger,default,Centrifuger_default,ZymoMockD6331,ZymoMockD6331,pacbio,SRR13128014,54571,54571,                  Streptomyces_venezuelae,Streptomyces venezuelae,species,0.00025267175109609005,fraction_reads,0.0,5,5,0.0002547208692298718,0.9919554367886028
Centrifuger,default,Centrifuger_default,ZymoMockD6331,ZymoMockD6331,pacbio,SRR13128014,33900,33900,                  Streptomyces_murinus,Streptomyces murinus,species,0.00015160305065765403,fraction_reads,0.0,3,3,0.0001528325215379231,0.9919554367886028
Centrifuger,default,Centrifuger_default,ZymoMockD6331,ZymoMockD6331,pacbio,SRR13128014,47716,47716,                  Streptomyces_olivaceus,Streptomyces olivaceus,species,0.00010106870043843603,fraction_reads,0.0,2,2,0.00010188834769194873,0.9919554367886028
Centrifuger,default,Centrifuger_default,ZymoMockD6331,ZymoMockD6331,pacbio,SRR13128014,47763,47763,                  Streptomyces_lydicus,Streptomyces lydicus,species,0.00010106870043843603,fraction_reads,0.0,2,2,0.00010188834769194873,0.9919554367886028
Centrifuger,default,Centrifuger_default,ZymoMockD6331,ZymoMockD6331,pacbio,SRR13128014,146922,146922,                  Streptomyces_griseofuscus,Streptomyces griseofuscus,species,0.00010106870043843603,fraction_reads,0.0,2,2,0.00010188834769194873,0.9919554367886028
Centrifuger,default,Centrifuger_default,ZymoMockD6331,ZymoMockD6331,pacbio,SRR13128014,629295,629295,                  Streptomyces_griseus_group,Streptomyces griseus_group,species,0.00010106870043843603,fraction_reads,0.0,2,0,0.00010188834769194873,0.9919554367886028
Centrifuger,default,Centrifuger_default,ZymoMockD6331,ZymoMockD6331,pacbio,SRR13128014,1482601,1482601,                    Streptomyces_microflavus_subgroup,Streptomyces microflavus_subgroup,species,0.00010106870043843603,fraction_reads,0.0,2,0,0.00010188834769194873,0.9919554367886028
Centrifuger,default,Centrifuger_default,ZymoMockD6331,ZymoMockD6331,pacbio,SRR13128014,1919,1919,                      Streptomyces_microflavus,Streptomyces microflavus,species,0.00010106870043843603,fraction_reads,0.0,2,0,0.00010188834769194873,0.9919554367886028
Centrifuger,default,Centrifuger_default,ZymoMockD6331,ZymoMockD6331,pacbio,SRR13128014,1648182,1648182,                  Streptomyces_yangpuensis,Streptomyces yangpuensis,species,0.00010106870043843603,fraction_reads,0.0,2,2,0.00010188834769194873,0.9919554367886028
Centrifuger,default,Centrifuger_default,ZymoMockD6331,ZymoMockD6331,pacbio,SRR13128014,68214,68214,                  Streptomyces_griseochromogenes,Streptomyces griseochromogenes,species,5.0534350219218014e-05,fraction_reads,0.0,1,1,5.0944173845974365e-05,0.9919554367886028
Centrifuger,default,Centrifuger_default,ZymoMockD6331,ZymoMockD6331,pacbio,SRR13128014,2797636,2797636,                  Streptomyces_liliifuscus,Streptomyces liliifuscus,species,5.0534350219218014e-05,fraction_reads,0.0,1,1,5.0944173845974365e-05,0.9919554367886028
Centrifuger,default,Centrifuger_default,ZymoMockD6331,ZymoMockD6331,pacbio,SRR13128014,3017361,3017361,                    Corynebacterium_sp._SCR221107,Corynebacterium_sp._SCR221107,species,0.00015160305065765403,fraction_reads,0.0,3,3,0.0001528325215379231,0.9919554367886028
Centrifuger,default,Centrifuger_default,ZymoMockD6331,ZymoMockD6331,pacbio,SRR13128014,2599641,2599641,                    Corynebacterium_sp._sy039,Corynebacterium_sp._sy039,species,0.00010106870043843603,fraction_reads,0.0,2,2,0.00010188834769194873,0.9919554367886028
Centrifuger,default,Centrifuger_default,ZymoMockD6331,ZymoMockD6331,pacbio,SRR13128014,702967,702967,                    Corynebacterium_sp._NML98-0116,Corynebacterium_sp._NML98-0116,species,5.0534350219218014e-05,fraction_reads,0.0,1,1,5.0944173845974365e-05,0.9919554367886028
Centrifuger,default,Centrifuger_default,ZymoMockD6331,ZymoMockD6331,pacbio,SRR13128014,1697,1697,                  Corynebacterium_ammoniagenes,Corynebacterium ammoniagenes,species,0.00010106870043843603,fraction_reads,0.0,2,2,0.00010188834769194873,0.9919554367886028
Centrifuger,default,Centrifuger_default,ZymoMockD6331,ZymoMockD6331,pacbio,SRR13128014,1231000,1231000,                  Corynebacterium_lactis,Corynebacterium lactis,species,0.00010106870043843603,fraction_reads,0.0,2,0,0.00010188834769194873,0.9919554367886028
Centrifuger,default,Centrifuger_default,ZymoMockD6331,ZymoMockD6331,pacbio,SRR13128014,1471400,1471400,                  Corynebacterium_pelargi,Corynebacterium pelargi,species,0.00010106870043843603,fraction_reads,0.0,2,2,0.00010188834769194873,0.9919554367886028
Centrifuger,default,Centrifuger_default,ZymoMockD6331,ZymoMockD6331,pacbio,SRR13128014,2320431,2320431,                  Corynebacterium_silvaticum,Corynebacterium silvaticum,species,0.00010106870043843603,fraction_reads,0.0,2,2,0.00010188834769194873,0.9919554367886028
Centrifuger,default,Centrifuger_default,ZymoMockD6331,ZymoMockD6331,pacbio,SRR13128014,28028,28028,                  Corynebacterium_flavescens,Corynebacterium flavescens,species,5.0534350219218014e-05,fraction_reads,0.0,1,1,5.0944173845974365e-05,0.9919554367886028
Centrifuger,default,Centrifuger_default,ZymoMockD6331,ZymoMockD6331,pacbio,SRR13128014,38289,38289,                  Corynebacterium_jeikeium,Corynebacterium jeikeium,species,5.0534350219218014e-05,fraction_reads,0.0,1,1,5.0944173845974365e-05,0.9919554367886028
Centrifuger,default,Centrifuger_default,ZymoMockD6331,ZymoMockD6331,pacbio,SRR13128014,441501,441501,                  Corynebacterium_massiliense,Corynebacterium massiliense,species,5.0534350219218014e-05,fraction_reads,0.0,1,0,5.0944173845974365e-05,0.9919554367886028
Centrifuger,default,Centrifuger_default,ZymoMockD6331,ZymoMockD6331,pacbio,SRR13128014,1414719,1414719,                  Corynebacterium_jeddahense,Corynebacterium jeddahense,species,5.0534350219218014e-05,fraction_reads,0.0,1,1,5.0944173845974365e-05,0.9919554367886028
Centrifuger,default,Centrifuger_default,ZymoMockD6331,ZymoMockD6331,pacbio,SRR13128014,444597,444597,                  Mycolicibacterium_insubricum,Mycolicibacterium insubricum,species,0.00010106870043843603,fraction_reads,0.0,2,2,0.00010188834769194873,0.9919554367886028
Centrifuger,default,Centrifuger_default,ZymoMockD6331,ZymoMockD6331,pacbio,SRR13128014,85693,85693,                  Mycolicibacterium_monacense,Mycolicibacterium monacense,species,5.0534350219218014e-05,fraction_reads,0.0,1,0,5.0944173845974365e-05,0.9919554367886028
Centrifuger,default,Centrifuger_default,ZymoMockD6331,ZymoMockD6331,pacbio,SRR13128014,43348,43348,                  Mycobacterium_branderi,Mycobacterium branderi,species,5.0534350219218014e-05,fraction_reads,0.0,1,1,5.0944173845974365e-05,0.9919554367886028
Centrifuger,default,Centrifuger_default,ZymoMockD6331,ZymoMockD6331,pacbio,SRR13128014,1118379,1118379,                  Mycolicibacter_minnesotensis,Mycolicibacter minnesotensis,species,0.00010106870043843603,fraction_reads,0.0,2,2,0.00010188834769194873,0.9919554367886028
Centrifuger,default,Centrifuger_default,ZymoMockD6331,ZymoMockD6331,pacbio,SRR13128014,2840174,2840174,                  Rhodococcus_erythropolis_group,Rhodococcus erythropolis_group,species,0.00015160305065765403,fraction_reads,0.0,3,0,0.0001528325215379231,0.9919554367886028
Centrifuger,default,Centrifuger_default,ZymoMockD6331,ZymoMockD6331,pacbio,SRR13128014,1833,1833,                    Rhodococcus_erythropolis,Rhodococcus erythropolis,species,0.00015160305065765403,fraction_reads,0.0,3,0,0.0001528325215379231,0.9919554367886028
Centrifuger,default,Centrifuger_default,ZymoMockD6331,ZymoMockD6331,pacbio,SRR13128014,2565560,2565560,                    Rhodococcus_sp._PAMC28707,Rhodococcus_sp._PAMC28707,species,5.0534350219218014e-05,fraction_reads,0.0,1,1,5.0944173845974365e-05,0.9919554367886028
Centrifuger,default,Centrifuger_default,ZymoMockD6331,ZymoMockD6331,pacbio,SRR13128014,1824,1824,                  Nocardia_asteroides,Nocardia asteroides,species,0.00010106870043843603,fraction_reads,0.0,2,2,0.00010188834769194873,0.9919554367886028
Centrifuger,default,Centrifuger_default,ZymoMockD6331,ZymoMockD6331,pacbio,SRR13128014,2831662,2831662,                  Gordonia_pseudamarae,Gordonia pseudamarae,species,5.0534350219218014e-05,fraction_reads,0.0,1,1,5.0944173845974365e-05,0.9919554367886028
Centrifuger,default,Centrifuger_default,ZymoMockD6331,ZymoMockD6331,pacbio,SRR13128014,2509455,2509455,                  Agromyces_protaetiae,Agromyces protaetiae,species,0.00020213740087687205,fraction_reads,0.0,4,4,0.00020377669538389746,0.9919554367886028
Centrifuger,default,Centrifuger_default,ZymoMockD6331,ZymoMockD6331,pacbio,SRR13128014,2929802,2929802,                    Agromyces_sp._CFWR-12,Agromyces_sp._CFWR-12,species,5.0534350219218014e-05,fraction_reads,0.0,1,1,5.0944173845974365e-05,0.9919554367886028
Centrifuger,default,Centrifuger_default,ZymoMockD6331,ZymoMockD6331,pacbio,SRR13128014,2499157,2499157,                      Aquiluna_borgnonia,Aquiluna borgnonia,species,0.00020213740087687205,fraction_reads,0.0,4,4,0.00020377669538389746,0.9919554367886028
Centrifuger,default,Centrifuger_default,ZymoMockD6331,ZymoMockD6331,pacbio,SRR13128014,1795630,1795630,                    Frondihabitans_sp._PAMC_28766,Frondihabitans_sp._PAMC_28766,species,5.0534350219218014e-05,fraction_reads,0.0,1,1,5.0944173845974365e-05,0.9919554367886028
Centrifuger,default,Centrifuger_default,ZymoMockD6331,ZymoMockD6331,pacbio,SRR13128014,2079575,2079575,                    Aurantimicrobium_sp._MWH-Uga1,Aurantimicrobium_sp._MWH-Uga1,species,5.0534350219218014e-05,fraction_reads,0.0,1,1,5.0944173845974365e-05,0.9919554367886028
Centrifuger,default,Centrifuger_default,ZymoMockD6331,ZymoMockD6331,pacbio,SRR13128014,1775880,1775880,                  Glutamicibacter_mishrai,Glutamicibacter mishrai,species,0.00010106870043843603,fraction_reads,0.0,2,2,0.00010188834769194873,0.9919554367886028
Centrifuger,default,Centrifuger_default,ZymoMockD6331,ZymoMockD6331,pacbio,SRR13128014,256701,256701,                  Glutamicibacter_arilaitensis,Glutamicibacter arilaitensis,species,5.0534350219218014e-05,fraction_reads,0.0,1,0,5.0944173845974365e-05,0.9919554367886028
Centrifuger,default,Centrifuger_default,ZymoMockD6331,ZymoMockD6331,pacbio,SRR13128014,2697569,2697569,                  Pseudarthrobacter_psychrotolerans,Pseudarthrobacter psychrotolerans,species,5.0534350219218014e-05,fraction_reads,0.0,1,1,5.0944173845974365e-05,0.9919554367886028
Centrifuger,default,Centrifuger_default,ZymoMockD6331,ZymoMockD6331,pacbio,SRR13128014,2810516,2810516,                    Rothia_sp._ZJ932,Rothia_sp._ZJ932,species,5.0534350219218014e-05,fraction_reads,0.0,1,1,5.0944173845974365e-05,0.9919554367886028
Centrifuger,default,Centrifuger_default,ZymoMockD6331,ZymoMockD6331,pacbio,SRR13128014,2600320,2600320,                    Nesterenkonia_sp._NBAIMH1,Nesterenkonia_sp._NBAIMH1,species,5.0534350219218014e-05,fraction_reads,0.0,1,1,5.0944173845974365e-05,0.9919554367886028
Centrifuger,default,Centrifuger_default,ZymoMockD6331,ZymoMockD6331,pacbio,SRR13128014,33889,33889,                  Brevibacterium_casei,Brevibacterium casei,species,0.00015160305065765403,fraction_reads,0.0,3,3,0.0001528325215379231,0.9919554367886028
Centrifuger,default,Centrifuger_default,ZymoMockD6331,ZymoMockD6331,pacbio,SRR13128014,556288,556288,                  Brachybacterium_saurashtrense,Brachybacterium saurashtrense,species,5.0534350219218014e-05,fraction_reads,0.0,1,1,5.0944173845974365e-05,0.9919554367886028
Centrifuger,default,Centrifuger_default,ZymoMockD6331,ZymoMockD6331,pacbio,SRR13128014,182640,182640,                  Kribbella_flavida,Kribbella flavida,species,0.00015160305065765403,fraction_reads,0.0,3,0,0.0001528325215379231,0.9919554367886028
Centrifuger,default,Centrifuger_default,ZymoMockD6331,ZymoMockD6331,pacbio,SRR13128014,2589074,2589074,                  Nocardioides_sambongensis,Nocardioides sambongensis,species,5.0534350219218014e-05,fraction_reads,0.0,1,1,5.0944173845974365e-05,0.9919554367886028
Centrifuger,default,Centrifuger_default,ZymoMockD6331,ZymoMockD6331,pacbio,SRR13128014,75385,75385,                  Micropruina_glycogenica,Micropruina glycogenica,species,5.0534350219218014e-05,fraction_reads,0.0,1,1,5.0944173845974365e-05,0.9919554367886028
Centrifuger,default,Centrifuger_default,ZymoMockD6331,ZymoMockD6331,pacbio,SRR13128014,1902245,1902245,                  Nakamurella_antarctica,Nakamurella antarctica,species,0.00025267175109609005,fraction_reads,0.0,5,5,0.0002547208692298718,0.9919554367886028
Centrifuger,default,Centrifuger_default,ZymoMockD6331,ZymoMockD6331,pacbio,SRR13128014,2762325,2762325,                    Nakamurella_sp._PAMC28650,Nakamurella_sp._PAMC28650,species,5.0534350219218014e-05,fraction_reads,0.0,1,1,5.0944173845974365e-05,0.9919554367886028
Centrifuger,default,Centrifuger_default,ZymoMockD6331,ZymoMockD6331,pacbio,SRR13128014,1884634,1884634,                  Candidatus_Nanopelagicus_limnes,Candidatus Nanopelagicus_limnes,species,0.00025267175109609005,fraction_reads,0.0,5,5,0.0002547208692298718,0.9919554367886028
Centrifuger,default,Centrifuger_default,ZymoMockD6331,ZymoMockD6331,pacbio,SRR13128014,1884916,1884916,                  Candidatus_Nanopelagicus_abundans,Candidatus Nanopelagicus_abundans,species,5.0534350219218014e-05,fraction_reads,0.0,1,1,5.0944173845974365e-05,0.9919554367886028
Centrifuger,default,Centrifuger_default,ZymoMockD6331,ZymoMockD6331,pacbio,SRR13128014,47989,47989,                  Dactylosporangium_roseum,Dactylosporangium roseum,species,5.0534350219218014e-05,fraction_reads,0.0,1,1,5.0944173845974365e-05,0.9919554367886028
Centrifuger,default,Centrifuger_default,ZymoMockD6331,ZymoMockD6331,pacbio,SRR13128014,2995223,2995223,                    Amycolatopsis_sp._HUAS_11-8,Amycolatopsis_sp._HUAS_11-8,species,0.00010106870043843603,fraction_reads,0.0,2,2,0.00010188834769194873,0.9919554367886028
Centrifuger,default,Centrifuger_default,ZymoMockD6331,ZymoMockD6331,pacbio,SRR13128014,2914159,2914159,                    Amycolatopsis_sp._FU40,Amycolatopsis_sp._FU40,species,5.0534350219218014e-05,fraction_reads,0.0,1,1,5.0944173845974365e-05,0.9919554367886028
Centrifuger,default,Centrifuger_default,ZymoMockD6331,ZymoMockD6331,pacbio,SRR13128014,37331,37331,                  Pseudonocardia_petroleophila,Pseudonocardia petroleophila,species,5.0534350219218014e-05,fraction_reads,0.0,1,1,5.0944173845974365e-05,0.9919554367886028
Centrifuger,default,Centrifuger_default,ZymoMockD6331,ZymoMockD6331,pacbio,SRR13128014,106370,106370,                  Frankia_casuarinae,Frankia casuarinae,species,5.0534350219218014e-05,fraction_reads,0.0,1,1,5.0944173845974365e-05,0.9919554367886028
Centrifuger,default,Centrifuger_default,ZymoMockD6331,ZymoMockD6331,pacbio,SRR13128014,298654,298654,                  Frankia_inefficax,Frankia inefficax,species,5.0534350219218014e-05,fraction_reads,0.0,1,1,5.0944173845974365e-05,0.9919554367886028
Centrifuger,default,Centrifuger_default,ZymoMockD6331,ZymoMockD6331,pacbio,SRR13128014,2038343,2038343,                  Jatrophihabitans_telluris,Jatrophihabitans telluris,species,0.00010106870043843603,fraction_reads,0.0,2,2,0.00010188834769194873,0.9919554367886028
Centrifuger,default,Centrifuger_default,ZymoMockD6331,ZymoMockD6331,pacbio,SRR13128014,283811,283811,                  Stackebrandtia_nassauensis,Stackebrandtia nassauensis,species,5.0534350219218014e-05,fraction_reads,0.0,1,0,5.0944173845974365e-05,0.9919554367886028
Centrifuger,default,Centrifuger_default,ZymoMockD6331,ZymoMockD6331,pacbio,SRR13128014,84110,84110,                  Slackia_heliotrinireducens,Slackia heliotrinireducens,species,0.00010106870043843603,fraction_reads,0.0,2,2,0.00010188834769194873,0.9919554367886028
Centrifuger,default,Centrifuger_default,ZymoMockD6331,ZymoMockD6331,pacbio,SRR13128014,1944646,1944646,                  Phoenicibacter_congonensis,Phoenicibacter congonensis,species,0.00010106870043843603,fraction_reads,0.0,2,2,0.00010188834769194873,0.9919554367886028
Centrifuger,default,Centrifuger_default,ZymoMockD6331,ZymoMockD6331,pacbio,SRR13128014,2682776,2682776,                  Xiamenia_xianingshaonis,Xiamenia xianingshaonis,species,5.0534350219218014e-05,fraction_reads,0.0,1,1,5.0944173845974365e-05,0.9919554367886028
Centrifuger,default,Centrifuger_default,ZymoMockD6331,ZymoMockD6331,pacbio,SRR13128014,2844380,2844380,                    Collinsella_sp._zg1085,Collinsella_sp._zg1085,species,0.00015160305065765403,fraction_reads,0.0,3,3,0.0001528325215379231,0.9919554367886028
Centrifuger,default,Centrifuger_default,ZymoMockD6331,ZymoMockD6331,pacbio,SRR13128014,317936,317936,                      Nostoc_sp._PCC_7107,Nostoc_sp._PCC_7107,species,0.00030320610131530807,fraction_reads,0.0,6,6,0.0003056650430758462,0.9919554367886028
Centrifuger,default,Centrifuger_default,ZymoMockD6331,ZymoMockD6331,pacbio,SRR13128014,1261031,1261031,                      Nostoc_sp._'Peltigera_membranacea_cyanobiont'_N6,Nostoc_sp._'Peltigera_membranacea_cyanobiont'_N6,species,0.00010106870043843603,fraction_reads,0.0,2,2,0.00010188834769194873,0.9919554367886028
Centrifuger,default,Centrifuger_default,ZymoMockD6331,ZymoMockD6331,pacbio,SRR13128014,1618022,1618022,                      Nostoc_sp._'Lobaria_pulmonaria_(5183)_cyanobiont',Nostoc_sp._'Lobaria_pulmonaria_(5183)_cyanobiont',species,0.00010106870043843603,fraction_reads,0.0,2,2,0.00010188834769194873,0.9919554367886028
Centrifuger,default,Centrifuger_default,ZymoMockD6331,ZymoMockD6331,pacbio,SRR13128014,2764711,2764711,                      Nostoc_sp._MS1,Nostoc_sp._MS1,species,0.00010106870043843603,fraction_reads,0.0,2,2,0.00010188834769194873,0.9919554367886028
Centrifuger,default,Centrifuger_default,ZymoMockD6331,ZymoMockD6331,pacbio,SRR13128014,1751286,1751286,                      Nostoc_sp._NIES-3756,Nostoc_sp._NIES-3756,species,5.0534350219218014e-05,fraction_reads,0.0,1,1,5.0944173845974365e-05,0.9919554367886028
Centrifuger,default,Centrifuger_default,ZymoMockD6331,ZymoMockD6331,pacbio,SRR13128014,2572090,2572090,                      Nostoc_sp._TCL240-02,Nostoc_sp._TCL240-02,species,5.0534350219218014e-05,fraction_reads,0.0,1,1,5.0944173845974365e-05,0.9919554367886028
Centrifuger,default,Centrifuger_default,ZymoMockD6331,ZymoMockD6331,pacbio,SRR13128014,2576903,2576903,                      Nostoc_sp._C057,Nostoc_sp._C057,species,5.0534350219218014e-05,fraction_reads,0.0,1,1,5.0944173845974365e-05,0.9919554367886028
Centrifuger,default,Centrifuger_default,ZymoMockD6331,ZymoMockD6331,pacbio,SRR13128014,2914041,2914041,                      Nostoc_sp._UHCC_0870,Nostoc_sp._UHCC_0870,species,5.0534350219218014e-05,fraction_reads,0.0,1,1,5.0944173845974365e-05,0.9919554367886028
Centrifuger,default,Centrifuger_default,ZymoMockD6331,ZymoMockD6331,pacbio,SRR13128014,3025190,3025190,                      Nostoc_sp._UHCC_0926,Nostoc_sp._UHCC_0926,species,5.0534350219218014e-05,fraction_reads,0.0,1,1,5.0944173845974365e-05,0.9919554367886028
Centrifuger,default,Centrifuger_default,ZymoMockD6331,ZymoMockD6331,pacbio,SRR13128014,446679,446679,                    Nostoc_sphaeroides,Nostoc sphaeroides,species,0.00030320610131530807,fraction_reads,0.0,6,2,0.0003056650430758462,0.9919554367886028
Centrifuger,default,Centrifuger_default,ZymoMockD6331,ZymoMockD6331,pacbio,SRR13128014,1306274,1306274,                    Nostoc_flagelliforme,Nostoc flagelliforme,species,5.0534350219218014e-05,fraction_reads,0.0,1,0,5.0944173845974365e-05,0.9919554367886028
Centrifuger,default,Centrifuger_default,ZymoMockD6331,ZymoMockD6331,pacbio,SRR13128014,1647413,1647413,                      Anabaena_sp._WA102,Anabaena_sp._WA102,species,0.00015160305065765403,fraction_reads,0.0,3,3,0.0001528325215379231,0.9919554367886028
Centrifuger,default,Centrifuger_default,ZymoMockD6331,ZymoMockD6331,pacbio,SRR13128014,1357545,1357545,                    Richelia_sinica,Richelia sinica,species,0.00015160305065765403,fraction_reads,0.0,3,0,0.0001528325215379231,0.9919554367886028
Centrifuger,default,Centrifuger_default,ZymoMockD6331,ZymoMockD6331,pacbio,SRR13128014,1164,1164,                    Trichormus_azollae,Trichormus azollae,species,5.0534350219218014e-05,fraction_reads,0.0,1,0,5.0944173845974365e-05,0.9919554367886028
Centrifuger,default,Centrifuger_default,ZymoMockD6331,ZymoMockD6331,pacbio,SRR13128014,137816,137816,                    Nodularia_sphaerocarpa,Nodularia sphaerocarpa,species,0.00015160305065765403,fraction_reads,0.0,3,0,0.0001528325215379231,0.9919554367886028
Centrifuger,default,Centrifuger_default,ZymoMockD6331,ZymoMockD6331,pacbio,SRR13128014,70799,70799,                    Nodularia_spumigena,Nodularia spumigena,species,0.00010106870043843603,fraction_reads,0.0,2,0,0.00010188834769194873,0.9919554367886028
Centrifuger,default,Centrifuger_default,ZymoMockD6331,ZymoMockD6331,pacbio,SRR13128014,747522,747522,                    Dolichospermum_heterosporum,Dolichospermum heterosporum,species,0.00010106870043843603,fraction_reads,0.0,2,0,0.00010188834769194873,0.9919554367886028
Centrifuger,default,Centrifuger_default,ZymoMockD6331,ZymoMockD6331,pacbio,SRR13128014,99598,99598,                      Calothrix_sp._PCC_7507,Calothrix_sp._PCC_7507,species,0.00015160305065765403,fraction_reads,0.0,3,3,0.0001528325215379231,0.9919554367886028
Centrifuger,default,Centrifuger_default,ZymoMockD6331,ZymoMockD6331,pacbio,SRR13128014,2005469,2005469,                      Calothrix_sp._NIES-4071,Calothrix_sp._NIES-4071,species,0.00015160305065765403,fraction_reads,0.0,3,3,0.0001528325215379231,0.9919554367886028
Centrifuger,default,Centrifuger_default,ZymoMockD6331,ZymoMockD6331,pacbio,SRR13128014,1188,1188,                      Tolypothrix_sp._PCC_7601,Tolypothrix_sp._PCC_7601,species,0.00020213740087687205,fraction_reads,0.0,4,4,0.00020377669538389746,0.9919554367886028
Centrifuger,default,Centrifuger_default,ZymoMockD6331,ZymoMockD6331,pacbio,SRR13128014,2099387,2099387,                      Tolypothrix_sp._PCC_7910,Tolypothrix_sp._PCC_7910,species,5.0534350219218014e-05,fraction_reads,0.0,1,1,5.0944173845974365e-05,0.9919554367886028
Centrifuger,default,Centrifuger_default,ZymoMockD6331,ZymoMockD6331,pacbio,SRR13128014,373994,373994,                      Rivularia_sp._PCC_7116,Rivularia_sp._PCC_7116,species,0.00015160305065765403,fraction_reads,0.0,3,3,0.0001528325215379231,0.9919554367886028
Centrifuger,default,Centrifuger_default,ZymoMockD6331,ZymoMockD6331,pacbio,SRR13128014,1752063,1752063,                      Fischerella_sp._NIES-3754,Fischerella_sp._NIES-3754,species,0.00010106870043843603,fraction_reads,0.0,2,2,0.00010188834769194873,0.9919554367886028
Centrifuger,default,Centrifuger_default,ZymoMockD6331,ZymoMockD6331,pacbio,SRR13128014,1219,1219,                    Prochlorococcus_marinus,Prochlorococcus marinus,species,0.0011622900550420142,fraction_reads,0.0,23,8,0.0011717159984574103,0.9919554367886028
Centrifuger,default,Centrifuger_default,ZymoMockD6331,ZymoMockD6331,pacbio,SRR13128014,2881428,2881428,                    Parasynechococcus_marenigrum,Parasynechococcus marenigrum,species,5.0534350219218014e-05,fraction_reads,0.0,1,0,5.0944173845974365e-05,0.9919554367886028
Centrifuger,default,Centrifuger_default,ZymoMockD6331,ZymoMockD6331,pacbio,SRR13128014,64471,64471,                      Synechococcus_sp._CC9311,Synechococcus_sp._CC9311,species,0.00020213740087687205,fraction_reads,0.0,4,4,0.00020377669538389746,0.9919554367886028
Centrifuger,default,Centrifuger_default,ZymoMockD6331,ZymoMockD6331,pacbio,SRR13128014,2907159,2907159,                      Synechococcus_sp._NB0720_010,Synechococcus_sp._NB0720_010,species,0.00015160305065765403,fraction_reads,0.0,3,3,0.0001528325215379231,0.9919554367886028
Centrifuger,default,Centrifuger_default,ZymoMockD6331,ZymoMockD6331,pacbio,SRR13128014,585425,585425,                      Synechococcus_sp._KORDI-52,Synechococcus_sp._KORDI-52,species,0.00010106870043843603,fraction_reads,0.0,2,2,0.00010188834769194873,0.9919554367886028
Centrifuger,default,Centrifuger_default,ZymoMockD6331,ZymoMockD6331,pacbio,SRR13128014,232348,232348,                      Synechococcus_sp._CB0101,Synechococcus_sp._CB0101,species,5.0534350219218014e-05,fraction_reads,0.0,1,1,5.0944173845974365e-05,0.9919554367886028
Centrifuger,default,Centrifuger_default,ZymoMockD6331,ZymoMockD6331,pacbio,SRR13128014,1147,1147,                      Synechocystis_sp._PCC_6714,Synechocystis_sp._PCC_6714,species,5.0534350219218014e-05,fraction_reads,0.0,1,1,5.0944173845974365e-05,0.9919554367886028
Centrifuger,default,Centrifuger_default,ZymoMockD6331,ZymoMockD6331,pacbio,SRR13128014,155978,155978,                    Acaryochloris_marina,Acaryochloris marina,species,0.00010106870043843603,fraction_reads,0.0,2,0,0.00010188834769194873,0.9919554367886028
Centrifuger,default,Centrifuger_default,ZymoMockD6331,ZymoMockD6331,pacbio,SRR13128014,2546356,2546356,                      Gloeothece_citriformis,Gloeothece citriformis,species,0.00020213740087687205,fraction_reads,0.0,4,0,0.00020377669538389746,0.9919554367886028
Centrifuger,default,Centrifuger_default,ZymoMockD6331,ZymoMockD6331,pacbio,SRR13128014,2546359,2546359,                      Gloeothece_verrucosa,Gloeothece verrucosa,species,0.00010106870043843603,fraction_reads,0.0,2,0,0.00010188834769194873,0.9919554367886028
Centrifuger,default,Centrifuger_default,ZymoMockD6331,ZymoMockD6331,pacbio,SRR13128014,577489,577489,                        Euhalothece_natronophila,Euhalothece natronophila,species,0.00010106870043843603,fraction_reads,0.0,2,0,0.00010188834769194873,0.9919554367886028
Centrifuger,default,Centrifuger_default,ZymoMockD6331,ZymoMockD6331,pacbio,SRR13128014,713887,713887,                      Candidatus_Atelocyanobacterium_thalassa,Candidatus Atelocyanobacterium_thalassa,species,5.0534350219218014e-05,fraction_reads,0.0,1,0,5.0944173845974365e-05,0.9919554367886028
Centrifuger,default,Centrifuger_default,ZymoMockD6331,ZymoMockD6331,pacbio,SRR13128014,1173026,1173026,                        Gloeocapsa_sp._PCC_7428,Gloeocapsa_sp._PCC_7428,species,0.00015160305065765403,fraction_reads,0.0,3,3,0.0001528325215379231,0.9919554367886028
Centrifuger,default,Centrifuger_default,ZymoMockD6331,ZymoMockD6331,pacbio,SRR13128014,2005460,2005460,                        Chondrocystis_sp._NIES-4102,Chondrocystis_sp._NIES-4102,species,5.0534350219218014e-05,fraction_reads,0.0,1,1,5.0944173845974365e-05,0.9919554367886028
Centrifuger,default,Centrifuger_default,ZymoMockD6331,ZymoMockD6331,pacbio,SRR13128014,1615909,1615909,                        Geminocystis_sp._NIES-3708,Geminocystis_sp._NIES-3708,species,5.0534350219218014e-05,fraction_reads,0.0,1,1,5.0944173845974365e-05,0.9919554367886028
Centrifuger,default,Centrifuger_default,ZymoMockD6331,ZymoMockD6331,pacbio,SRR13128014,1126,1126,                      Microcystis_aeruginosa,Microcystis aeruginosa,species,5.0534350219218014e-05,fraction_reads,0.0,1,1,5.0944173845974365e-05,0.9919554367886028
Centrifuger,default,Centrifuger_default,ZymoMockD6331,ZymoMockD6331,pacbio,SRR13128014,513223,513223,                      Microcystis_panniformis,Microcystis panniformis,species,5.0534350219218014e-05,fraction_reads,0.0,1,0,5.0944173845974365e-05,0.9919554367886028
Centrifuger,default,Centrifuger_default,ZymoMockD6331,ZymoMockD6331,pacbio,SRR13128014,379064,379064,                      Cyanobacterium_aponinum,Cyanobacterium aponinum,species,0.00010106870043843603,fraction_reads,0.0,2,0,0.00010188834769194873,0.9919554367886028
Centrifuger,default,Centrifuger_default,ZymoMockD6331,ZymoMockD6331,pacbio,SRR13128014,1155739,1155739,                      Moorena_producens,Moorena producens,species,0.0003537404515345261,fraction_reads,0.0,7,0,0.0003566092169218206,0.9919554367886028
Centrifuger,default,Centrifuger_default,ZymoMockD6331,ZymoMockD6331,pacbio,SRR13128014,118323,118323,                      Oscillatoria_acuminata,Oscillatoria acuminata,species,0.00010106870043843603,fraction_reads,0.0,2,0,0.00010188834769194873,0.9919554367886028
Centrifuger,default,Centrifuger_default,ZymoMockD6331,ZymoMockD6331,pacbio,SRR13128014,1160,1160,                      Planktothrix_agardhii,Planktothrix agardhii,species,0.00010106870043843603,fraction_reads,0.0,2,2,0.00010188834769194873,0.9919554367886028
Centrifuger,default,Centrifuger_default,ZymoMockD6331,ZymoMockD6331,pacbio,SRR13128014,2886352,2886352,                      Allocoleopsis_franciscana,Allocoleopsis franciscana,species,5.0534350219218014e-05,fraction_reads,0.0,1,0,5.0944173845974365e-05,0.9919554367886028
Centrifuger,default,Centrifuger_default,ZymoMockD6331,ZymoMockD6331,pacbio,SRR13128014,2016064,2016064,                      Leptolyngbya_sp._PKUAC-SCTB231,Leptolyngbya_sp._PKUAC-SCTB231,species,0.00025267175109609005,fraction_reads,0.0,5,5,0.0002547208692298718,0.9919554367886028
Centrifuger,default,Centrifuger_default,ZymoMockD6331,ZymoMockD6331,pacbio,SRR13128014,1752064,1752064,                      Leptolyngbya_sp._NIES-3755,Leptolyngbya_sp._NIES-3755,species,5.0534350219218014e-05,fraction_reads,0.0,1,1,5.0944173845974365e-05,0.9919554367886028
Centrifuger,default,Centrifuger_default,ZymoMockD6331,ZymoMockD6331,pacbio,SRR13128014,2906798,2906798,                    Leptodesmis_sichuanensis,Leptodesmis sichuanensis,species,5.0534350219218014e-05,fraction_reads,0.0,1,0,5.0944173845974365e-05,0.9919554367886028
Centrifuger,default,Centrifuger_default,ZymoMockD6331,ZymoMockD6331,pacbio,SRR13128014,2885951,2885951,                    Thermoleptolyngbya_sichuanensis,Thermoleptolyngbya sichuanensis,species,0.00015160305065765403,fraction_reads,0.0,3,0,0.0001528325215379231,0.9919554367886028
Centrifuger,default,Centrifuger_default,ZymoMockD6331,ZymoMockD6331,pacbio,SRR13128014,1807358,1807358,                      Stanieria_sp._NIES-3757,Stanieria_sp._NIES-3757,species,0.00020213740087687205,fraction_reads,0.0,4,4,0.00020377669538389746,0.9919554367886028
Centrifuger,default,Centrifuger_default,ZymoMockD6331,ZymoMockD6331,pacbio,SRR13128014,2653189,2653189,                      Chroococcidiopsis_sp._CCNUC1,Chroococcidiopsis_sp._CCNUC1,species,0.00010106870043843603,fraction_reads,0.0,2,2,0.00010188834769194873,0.9919554367886028
Centrifuger,default,Centrifuger_default,ZymoMockD6331,ZymoMockD6331,pacbio,SRR13128014,718217,718217,              cyanobacterium_endosymbiont_of_Epithemia_turgida,cyanobacterium endosymbiont_of Epithemia_turgida,species,0.00020213740087687205,fraction_reads,0.0,4,0,0.00020377669538389746,0.9919554367886028
Centrifuger,default,Centrifuger_default,ZymoMockD6331,ZymoMockD6331,pacbio,SRR13128014,1763363,1763363,              cyanobacterium_endosymbiont_of_Rhopalodia_gibberula,cyanobacterium endosymbiont_of Rhopalodia_gibberula,species,5.0534350219218014e-05,fraction_reads,0.0,1,1,5.0944173845974365e-05,0.9919554367886028
Centrifuger,default,Centrifuger_default,ZymoMockD6331,ZymoMockD6331,pacbio,SRR13128014,3034674,3034674,              cyanobacterium_endosymbiont_of_Epithemia_clementina_EcSB,cyanobacterium endosymbiont_of Epithemia_clementina EcSB,species,5.0534350219218014e-05,fraction_reads,0.0,1,1,5.0944173845974365e-05,0.9919554367886028
Centrifuger,default,Centrifuger_default,ZymoMockD6331,ZymoMockD6331,pacbio,SRR13128014,216946,216946,                  Spiroplasma_turonicum,Spiroplasma turonicum,species,0.0003537404515345261,fraction_reads,0.0,7,7,0.0003566092169218206,0.9919554367886028
Centrifuger,default,Centrifuger_default,ZymoMockD6331,ZymoMockD6331,pacbio,SRR13128014,2136,2136,                  Spiroplasma_monobiae,Spiroplasma monobiae,species,0.00015160305065765403,fraction_reads,0.0,3,0,0.0001528325215379231,0.9919554367886028
Centrifuger,default,Centrifuger_default,ZymoMockD6331,ZymoMockD6331,pacbio,SRR13128014,216964,216964,                    Spiroplasma_sp._BIUS-1,Spiroplasma_sp._BIUS-1,species,0.00010106870043843603,fraction_reads,0.0,2,2,0.00010188834769194873,0.9919554367886028
Centrifuger,default,Centrifuger_default,ZymoMockD6331,ZymoMockD6331,pacbio,SRR13128014,2792084,2792084,                    Spiroplasma_endosymbiont_of_'Nebria_riversi',Spiroplasma endosymbiont_of_'Nebria_riversi',species,5.0534350219218014e-05,fraction_reads,0.0,1,1,5.0944173845974365e-05,0.9919554367886028
Centrifuger,default,Centrifuger_default,ZymoMockD6331,ZymoMockD6331,pacbio,SRR13128014,2134,2134,                  Spiroplasma_melliferum,Spiroplasma melliferum,species,0.00010106870043843603,fraction_reads,0.0,2,2,0.00010188834769194873,0.9919554367886028
Centrifuger,default,Centrifuger_default,ZymoMockD6331,ZymoMockD6331,pacbio,SRR13128014,216935,216935,                  Spiroplasma_culicicola,Spiroplasma culicicola,species,0.00010106870043843603,fraction_reads,0.0,2,0,0.00010188834769194873,0.9919554367886028
Centrifuger,default,Centrifuger_default,ZymoMockD6331,ZymoMockD6331,pacbio,SRR13128014,2137,2137,                  Spiroplasma_apis,Spiroplasma apis,species,5.0534350219218014e-05,fraction_reads,0.0,1,0,5.0944173845974365e-05,0.9919554367886028
Centrifuger,default,Centrifuger_default,ZymoMockD6331,ZymoMockD6331,pacbio,SRR13128014,2139,2139,                  Spiroplasma_clarkii,Spiroplasma clarkii,species,5.0534350219218014e-05,fraction_reads,0.0,1,1,5.0944173845974365e-05,0.9919554367886028
Centrifuger,default,Centrifuger_default,ZymoMockD6331,ZymoMockD6331,pacbio,SRR13128014,2141,2141,                  Spiroplasma_ixodetis,Spiroplasma ixodetis,species,5.0534350219218014e-05,fraction_reads,0.0,1,1,5.0944173845974365e-05,0.9919554367886028
Centrifuger,default,Centrifuger_default,ZymoMockD6331,ZymoMockD6331,pacbio,SRR13128014,216932,216932,                  Spiroplasma_chinense,Spiroplasma chinense,species,5.0534350219218014e-05,fraction_reads,0.0,1,1,5.0944173845974365e-05,0.9919554367886028
Centrifuger,default,Centrifuger_default,ZymoMockD6331,ZymoMockD6331,pacbio,SRR13128014,216934,216934,                  Spiroplasma_corruscae,Spiroplasma corruscae,species,5.0534350219218014e-05,fraction_reads,0.0,1,1,5.0944173845974365e-05,0.9919554367886028
Centrifuger,default,Centrifuger_default,ZymoMockD6331,ZymoMockD6331,pacbio,SRR13128014,216936,216936,                  Spiroplasma_diminutum,Spiroplasma diminutum,species,5.0534350219218014e-05,fraction_reads,0.0,1,0,5.0944173845974365e-05,0.9919554367886028
Centrifuger,default,Centrifuger_default,ZymoMockD6331,ZymoMockD6331,pacbio,SRR13128014,216937,216937,                  Spiroplasma_floricola,Spiroplasma floricola,species,5.0534350219218014e-05,fraction_reads,0.0,1,0,5.0944173845974365e-05,0.9919554367886028
Centrifuger,default,Centrifuger_default,ZymoMockD6331,ZymoMockD6331,pacbio,SRR13128014,216938,216938,                  Spiroplasma_helicoides,Spiroplasma helicoides,species,5.0534350219218014e-05,fraction_reads,0.0,1,1,5.0944173845974365e-05,0.9919554367886028
Centrifuger,default,Centrifuger_default,ZymoMockD6331,ZymoMockD6331,pacbio,SRR13128014,216945,216945,                  Spiroplasma_syrphidicola,Spiroplasma syrphidicola,species,5.0534350219218014e-05,fraction_reads,0.0,1,0,5.0944173845974365e-05,0.9919554367886028
Centrifuger,default,Centrifuger_default,ZymoMockD6331,ZymoMockD6331,pacbio,SRR13128014,324079,324079,                  Spiroplasma_tabanidicola,Spiroplasma tabanidicola,species,5.0534350219218014e-05,fraction_reads,0.0,1,1,5.0944173845974365e-05,0.9919554367886028
Centrifuger,default,Centrifuger_default,ZymoMockD6331,ZymoMockD6331,pacbio,SRR13128014,362837,362837,                  Spiroplasma_cantharicola,Spiroplasma cantharicola,species,5.0534350219218014e-05,fraction_reads,0.0,1,1,5.0944173845974365e-05,0.9919554367886028
Centrifuger,default,Centrifuger_default,ZymoMockD6331,ZymoMockD6331,pacbio,SRR13128014,74700,74700,                  Entomoplasma_freundtii,Entomoplasma freundtii,species,0.00025267175109609005,fraction_reads,0.0,5,5,0.0002547208692298718,0.9919554367886028
Centrifuger,default,Centrifuger_default,ZymoMockD6331,ZymoMockD6331,pacbio,SRR13128014,138853,138853,                  Mesoplasma_lactucae,Mesoplasma lactucae,species,0.00010106870043843603,fraction_reads,0.0,2,0,0.00010188834769194873,0.9919554367886028
Centrifuger,default,Centrifuger_default,ZymoMockD6331,ZymoMockD6331,pacbio,SRR13128014,81459,81459,                  Mesoplasma_melaleucae,Mesoplasma melaleucae,species,5.0534350219218014e-05,fraction_reads,0.0,1,1,5.0944173845974365e-05,0.9919554367886028
Centrifuger,default,Centrifuger_default,ZymoMockD6331,ZymoMockD6331,pacbio,SRR13128014,215578,215578,                Williamsoniiplasma_somnilux,Williamsoniiplasma somnilux,species,5.0534350219218014e-05,fraction_reads,0.0,1,1,5.0944173845974365e-05,0.9919554367886028
Centrifuger,default,Centrifuger_default,ZymoMockD6331,ZymoMockD6331,pacbio,SRR13128014,2683967,2683967,                    Mycoplasma_sp._NEAQ87857,Mycoplasma_sp._NEAQ87857,species,0.00020213740087687205,fraction_reads,0.0,4,4,0.00020377669538389746,0.9919554367886028
Centrifuger,default,Centrifuger_default,ZymoMockD6331,ZymoMockD6331,pacbio,SRR13128014,2967302,2967302,                    Mycoplasma_sp._1018B,Mycoplasma_sp._1018B,species,0.00015160305065765403,fraction_reads,0.0,3,3,0.0001528325215379231,0.9919554367886028
Centrifuger,default,Centrifuger_default,ZymoMockD6331,ZymoMockD6331,pacbio,SRR13128014,2801918,2801918,                    Mycoplasma_sp._E35C,Mycoplasma_sp._E35C,species,0.00010106870043843603,fraction_reads,0.0,2,2,0.00010188834769194873,0.9919554367886028
Centrifuger,default,Centrifuger_default,ZymoMockD6331,ZymoMockD6331,pacbio,SRR13128014,2725994,2725994,                    Mycoplasma_sp._1654_15,Mycoplasma_sp._1654_15,species,5.0534350219218014e-05,fraction_reads,0.0,1,1,5.0944173845974365e-05,0.9919554367886028
Centrifuger,default,Centrifuger_default,ZymoMockD6331,ZymoMockD6331,pacbio,SRR13128014,656088,656088,                  Mycoplasma_mycoides_group,Mycoplasma mycoides_group,species,0.00025267175109609005,fraction_reads,0.0,5,0,0.0002547208692298718,0.9919554367886028
Centrifuger,default,Centrifuger_default,ZymoMockD6331,ZymoMockD6331,pacbio,SRR13128014,2102,2102,                    Mycoplasma_mycoides,Mycoplasma mycoides,species,0.00020213740087687205,fraction_reads,0.0,4,0,0.00020377669538389746,0.9919554367886028
Centrifuger,default,Centrifuger_default,ZymoMockD6331,ZymoMockD6331,pacbio,SRR13128014,1179777,1179777,                    Mycoplasma_feriruminatoris,Mycoplasma feriruminatoris,species,5.0534350219218014e-05,fraction_reads,0.0,1,1,5.0944173845974365e-05,0.9919554367886028
Centrifuger,default,Centrifuger_default,ZymoMockD6331,ZymoMockD6331,pacbio,SRR13128014,984991,984991,                  Mycoplasma_parvum,Mycoplasma parvum,species,0.00015160305065765403,fraction_reads,0.0,3,0,0.0001528325215379231,0.9919554367886028
Centrifuger,default,Centrifuger_default,ZymoMockD6331,ZymoMockD6331,pacbio,SRR13128014,29501,29501,                  Mycoplasma_haemofelis,Mycoplasma haemofelis,species,5.0534350219218014e-05,fraction_reads,0.0,1,0,5.0944173845974365e-05,0.9919554367886028
Centrifuger,default,Centrifuger_default,ZymoMockD6331,ZymoMockD6331,pacbio,SRR13128014,51365,51365,                  Mycoplasma_yeatsii,Mycoplasma yeatsii,species,5.0534350219218014e-05,fraction_reads,0.0,1,0,5.0944173845974365e-05,0.9919554367886028
Centrifuger,default,Centrifuger_default,ZymoMockD6331,ZymoMockD6331,pacbio,SRR13128014,2109,2109,                  Mycoplasmopsis_synoviae,Mycoplasmopsis synoviae,species,0.00010106870043843603,fraction_reads,0.0,2,2,0.00010188834769194873,0.9919554367886028
Centrifuger,default,Centrifuger_default,ZymoMockD6331,ZymoMockD6331,pacbio,SRR13128014,114881,114881,                  Mycoplasmopsis_columbina,Mycoplasmopsis columbina,species,0.00010106870043843603,fraction_reads,0.0,2,2,0.00010188834769194873,0.9919554367886028
Centrifuger,default,Centrifuger_default,ZymoMockD6331,ZymoMockD6331,pacbio,SRR13128014,142650,142650,                  Mycoplasmopsis_phocirhinis,Mycoplasmopsis phocirhinis,species,0.00010106870043843603,fraction_reads,0.0,2,2,0.00010188834769194873,0.9919554367886028
Centrifuger,default,Centrifuger_default,ZymoMockD6331,ZymoMockD6331,pacbio,SRR13128014,171284,171284,                  Mycoplasmopsis_cynos,Mycoplasmopsis cynos,species,0.00010106870043843603,fraction_reads,0.0,2,2,0.00010188834769194873,0.9919554367886028
Centrifuger,default,Centrifuger_default,ZymoMockD6331,ZymoMockD6331,pacbio,SRR13128014,2113,2113,                  Mycoplasmopsis_californica,Mycoplasmopsis californica,species,5.0534350219218014e-05,fraction_reads,0.0,1,1,5.0944173845974365e-05,0.9919554367886028
Centrifuger,default,Centrifuger_default,ZymoMockD6331,ZymoMockD6331,pacbio,SRR13128014,2115,2115,                  Mycoplasmopsis_fermentans,Mycoplasmopsis fermentans,species,5.0534350219218014e-05,fraction_reads,0.0,1,0,5.0944173845974365e-05,0.9919554367886028
Centrifuger,default,Centrifuger_default,ZymoMockD6331,ZymoMockD6331,pacbio,SRR13128014,28903,28903,                  Mycoplasmopsis_bovis,Mycoplasmopsis bovis,species,5.0534350219218014e-05,fraction_reads,0.0,1,1,5.0944173845974365e-05,0.9919554367886028
Centrifuger,default,Centrifuger_default,ZymoMockD6331,ZymoMockD6331,pacbio,SRR13128014,29556,29556,                  Mycoplasmopsis_gallinacea,Mycoplasmopsis gallinacea,species,5.0534350219218014e-05,fraction_reads,0.0,1,1,5.0944173845974365e-05,0.9919554367886028
Centrifuger,default,Centrifuger_default,ZymoMockD6331,ZymoMockD6331,pacbio,SRR13128014,114880,114880,                  Mycoplasmopsis_columbinasalis,Mycoplasmopsis columbinasalis,species,5.0534350219218014e-05,fraction_reads,0.0,1,1,5.0944173845974365e-05,0.9919554367886028
Centrifuger,default,Centrifuger_default,ZymoMockD6331,ZymoMockD6331,pacbio,SRR13128014,134821,134821,                  Ureaplasma_parvum,Ureaplasma parvum,species,0.00010106870043843603,fraction_reads,0.0,2,2,0.00010188834769194873,0.9919554367886028
Centrifuger,default,Centrifuger_default,ZymoMockD6331,ZymoMockD6331,pacbio,SRR13128014,171286,171286,                  Mesomycoplasma_lagogenitalium,Mesomycoplasma lagogenitalium,species,5.0534350219218014e-05,fraction_reads,0.0,1,1,5.0944173845974365e-05,0.9919554367886028
Centrifuger,default,Centrifuger_default,ZymoMockD6331,ZymoMockD6331,pacbio,SRR13128014,85628,85628,                  16SrVIII_(Loofah_witches'-broom_group),16SrVIII_(Loofah_witches'-broom_group),species,0.00010106870043843603,fraction_reads,0.0,2,0,0.00010188834769194873,0.9919554367886028
Centrifuger,default,Centrifuger_default,ZymoMockD6331,ZymoMockD6331,pacbio,SRR13128014,35773,35773,                    Candidatus_Phytoplasma_luffae,Candidatus Phytoplasma_luffae,species,0.00010106870043843603,fraction_reads,0.0,2,2,0.00010188834769194873,0.9919554367886028
Centrifuger,default,Centrifuger_default,ZymoMockD6331,ZymoMockD6331,pacbio,SRR13128014,85630,85630,                  16SrX_(Apple_proliferation_group),16SrX_(Apple_proliferation_group),species,0.00010106870043843603,fraction_reads,0.0,2,0,0.00010188834769194873,0.9919554367886028
Centrifuger,default,Centrifuger_default,ZymoMockD6331,ZymoMockD6331,pacbio,SRR13128014,37692,37692,                    Candidatus_Phytoplasma_mali,Candidatus Phytoplasma_mali,species,0.00010106870043843603,fraction_reads,0.0,2,2,0.00010188834769194873,0.9919554367886028
Centrifuger,default,Centrifuger_default,ZymoMockD6331,ZymoMockD6331,pacbio,SRR13128014,85620,85620,                  Candidatus_Phytoplasma_asteris,Candidatus Phytoplasma_asteris,species,5.0534350219218014e-05,fraction_reads,0.0,1,0,5.0944173845974365e-05,0.9919554367886028
Centrifuger,default,Centrifuger_default,ZymoMockD6331,ZymoMockD6331,pacbio,SRR13128014,1193712,1193712,                    'Catharanthus_roseus'_aster_yellows_phytoplasma,'Catharanthus_roseus'_aster yellows_phytoplasma,species,5.0534350219218014e-05,fraction_reads,0.0,1,1,5.0944173845974365e-05,0.9919554367886028
Centrifuger,default,Centrifuger_default,ZymoMockD6331,ZymoMockD6331,pacbio,SRR13128014,85625,85625,                  16SrV_(Elm_yellows_group),16SrV_(Elm_yellows_group),species,5.0534350219218014e-05,fraction_reads,0.0,1,0,5.0944173845974365e-05,0.9919554367886028
Centrifuger,default,Centrifuger_default,ZymoMockD6331,ZymoMockD6331,pacbio,SRR13128014,399025,399025,                    Candidatus_Phytoplasma_rubi,Candidatus Phytoplasma_rubi,species,5.0534350219218014e-05,fraction_reads,0.0,1,1,5.0944173845974365e-05,0.9919554367886028
Centrifuger,default,Centrifuger_default,ZymoMockD6331,ZymoMockD6331,pacbio,SRR13128014,2148,2148,                  Acholeplasma_laidlawii,Acholeplasma laidlawii,species,0.00020213740087687205,fraction_reads,0.0,4,4,0.00020377669538389746,0.9919554367886028
Centrifuger,default,Centrifuger_default,ZymoMockD6331,ZymoMockD6331,pacbio,SRR13128014,2735436,2735436,                  Mariniplasma_anaerobium,Mariniplasma anaerobium,species,5.0534350219218014e-05,fraction_reads,0.0,1,1,5.0944173845974365e-05,0.9919554367886028
Centrifuger,default,Centrifuger_default,ZymoMockD6331,ZymoMockD6331,pacbio,SRR13128014,29552,29552,                  Haploplasma_axanthum,Haploplasma axanthum,species,5.0534350219218014e-05,fraction_reads,0.0,1,1,5.0944173845974365e-05,0.9919554367886028
Centrifuger,default,Centrifuger_default,ZymoMockD6331,ZymoMockD6331,pacbio,SRR13128014,142651,142651,                [Mycoplasma]_phocidae,[Mycoplasma]_phocidae,species,0.00030320610131530807,fraction_reads,0.0,6,6,0.0003056650430758462,0.9919554367886028
Centrifuger,default,Centrifuger_default,ZymoMockD6331,ZymoMockD6331,pacbio,SRR13128014,45363,45363,                Metamycoplasma_alkalescens,Metamycoplasma alkalescens,species,5.0534350219218014e-05,fraction_reads,0.0,1,1,5.0944173845974365e-05,0.9919554367886028
Centrifuger,default,Centrifuger_default,ZymoMockD6331,ZymoMockD6331,pacbio,SRR13128014,92758,92758,                Mycoplasmoides_fastidiosum,Mycoplasmoides fastidiosum,species,5.0534350219218014e-05,fraction_reads,0.0,1,1,5.0944173845974365e-05,0.9919554367886028
Centrifuger,default,Centrifuger_default,ZymoMockD6331,ZymoMockD6331,pacbio,SRR13128014,271,271,                  Thermus_aquaticus,Thermus aquaticus,species,5.0534350219218014e-05,fraction_reads,0.0,1,0,5.0944173845974365e-05,0.9919554367886028
Centrifuger,default,Centrifuger_default,ZymoMockD6331,ZymoMockD6331,pacbio,SRR13128014,172827,172827,                  Meiothermus_taiwanensis,Meiothermus taiwanensis,species,5.0534350219218014e-05,fraction_reads,0.0,1,0,5.0944173845974365e-05,0.9919554367886028
Centrifuger,default,Centrifuger_default,ZymoMockD6331,ZymoMockD6331,pacbio,SRR13128014,133453,133453,                  Caldilinea_aerophila,Caldilinea aerophila,species,5.0534350219218014e-05,fraction_reads,0.0,1,0,5.0944173845974365e-05,0.9919554367886028
Centrifuger,default,Centrifuger_default,ZymoMockD6331,ZymoMockD6331,pacbio,SRR13128014,817,817,                    Bacteroides_fragilis,Bacteroides fragilis,species,19.22837079276267,fraction_reads,19.23,380501,380472,19.38430909256709,0.9919554367886028
Centrifuger,default,Centrifuger_default,ZymoMockD6331,ZymoMockD6331,pacbio,SRR13128014,28116,28116,                    Bacteroides_ovatus,Bacteroides ovatus,species,0.0034363358149068247,fraction_reads,0.0,68,68,0.0034642038215262566,0.9919554367886028
Centrifuger,default,Centrifuger_default,ZymoMockD6331,ZymoMockD6331,pacbio,SRR13128014,818,818,                    Bacteroides_thetaiotaomicron,Bacteroides thetaiotaomicron,species,0.0029815266629338627,fraction_reads,0.0,59,59,0.0030057062569124873,0.9919554367886028
Centrifuger,default,Centrifuger_default,ZymoMockD6331,ZymoMockD6331,pacbio,SRR13128014,371601,371601,                    Bacteroides_xylanisolvens,Bacteroides xylanisolvens,species,0.00015160305065765403,fraction_reads,0.0,3,3,0.0001528325215379231,0.9919554367886028
Centrifuger,default,Centrifuger_default,ZymoMockD6331,ZymoMockD6331,pacbio,SRR13128014,2528203,2528203,                      Bacteroides_sp._A1C1,Bacteroides_sp._A1C1,species,0.00010106870043843603,fraction_reads,0.0,2,2,0.00010188834769194873,0.9919554367886028
Centrifuger,default,Centrifuger_default,ZymoMockD6331,ZymoMockD6331,pacbio,SRR13128014,820,820,                    Bacteroides_uniformis,Bacteroides uniformis,species,5.0534350219218014e-05,fraction_reads,0.0,1,1,5.0944173845974365e-05,0.9919554367886028
Centrifuger,default,Centrifuger_default,ZymoMockD6331,ZymoMockD6331,pacbio,SRR13128014,46506,46506,                    Bacteroides_stercoris,Bacteroides stercoris,species,5.0534350219218014e-05,fraction_reads,0.0,1,1,5.0944173845974365e-05,0.9919554367886028
Centrifuger,default,Centrifuger_default,ZymoMockD6331,ZymoMockD6331,pacbio,SRR13128014,47678,47678,                    Bacteroides_caccae,Bacteroides caccae,species,5.0534350219218014e-05,fraction_reads,0.0,1,1,5.0944173845974365e-05,0.9919554367886028
Centrifuger,default,Centrifuger_default,ZymoMockD6331,ZymoMockD6331,pacbio,SRR13128014,246787,246787,                    Bacteroides_cellulosilyticus,Bacteroides cellulosilyticus,species,5.0534350219218014e-05,fraction_reads,0.0,1,1,5.0944173845974365e-05,0.9919554367886028
Centrifuger,default,Centrifuger_default,ZymoMockD6331,ZymoMockD6331,pacbio,SRR13128014,291645,291645,                    Bacteroides_nordii,Bacteroides nordii,species,5.0534350219218014e-05,fraction_reads,0.0,1,1,5.0944173845974365e-05,0.9919554367886028
Centrifuger,default,Centrifuger_default,ZymoMockD6331,ZymoMockD6331,pacbio,SRR13128014,329854,329854,                    Bacteroides_intestinalis,Bacteroides intestinalis,species,5.0534350219218014e-05,fraction_reads,0.0,1,1,5.0944173845974365e-05,0.9919554367886028
Centrifuger,default,Centrifuger_default,ZymoMockD6331,ZymoMockD6331,pacbio,SRR13128014,2650158,2650158,                    Bacteroides_luhongzhouii,Bacteroides luhongzhouii,species,5.0534350219218014e-05,fraction_reads,0.0,1,1,5.0944173845974365e-05,0.9919554367886028
Centrifuger,default,Centrifuger_default,ZymoMockD6331,ZymoMockD6331,pacbio,SRR13128014,821,821,                    Phocaeicola_vulgatus,Phocaeicola vulgatus,species,0.006721068579155995,fraction_reads,0.01,133,133,0.00677557512151459,0.9919554367886028
Centrifuger,default,Centrifuger_default,ZymoMockD6331,ZymoMockD6331,pacbio,SRR13128014,357276,357276,                    Phocaeicola_dorei,Phocaeicola dorei,species,5.0534350219218014e-05,fraction_reads,0.0,1,1,5.0944173845974365e-05,0.9919554367886028
Centrifuger,default,Centrifuger_default,ZymoMockD6331,ZymoMockD6331,pacbio,SRR13128014,28128,28128,                    Prevotella_corporis,Prevotella corporis,species,7.602084440877841,fraction_reads,7.6,150434,150434,7.663735848345307,0.9919554367886028
Centrifuger,default,Centrifuger_default,ZymoMockD6331,ZymoMockD6331,pacbio,SRR13128014,28132,28132,                    Prevotella_melaninogenica,Prevotella melaninogenica,species,0.00030320610131530807,fraction_reads,0.0,6,6,0.0003056650430758462,0.9919554367886028
Centrifuger,default,Centrifuger_default,ZymoMockD6331,ZymoMockD6331,pacbio,SRR13128014,2801997,2801997,                    Prevotella_herbatica,Prevotella herbatica,species,0.00030320610131530807,fraction_reads,0.0,6,6,0.0003056650430758462,0.9919554367886028
Centrifuger,default,Centrifuger_default,ZymoMockD6331,ZymoMockD6331,pacbio,SRR13128014,652716,652716,                      Prevotella_sp._oral_taxon_299,Prevotella_sp._oral taxon_299,species,0.00010106870043843603,fraction_reads,0.0,2,0,0.00010188834769194873,0.9919554367886028
Centrifuger,default,Centrifuger_default,ZymoMockD6331,ZymoMockD6331,pacbio,SRR13128014,2913616,2913616,                      Prevotella_sp._E13-17,Prevotella_sp._E13-17,species,5.0534350219218014e-05,fraction_reads,0.0,1,1,5.0944173845974365e-05,0.9919554367886028
Centrifuger,default,Centrifuger_default,ZymoMockD6331,ZymoMockD6331,pacbio,SRR13128014,2937774,2937774,                      Prevotella_sp._E15-22,Prevotella_sp._E15-22,species,5.0534350219218014e-05,fraction_reads,0.0,1,1,5.0944173845974365e-05,0.9919554367886028
Centrifuger,default,Centrifuger_default,ZymoMockD6331,ZymoMockD6331,pacbio,SRR13128014,839,839,                    Prevotella_ruminicola,Prevotella ruminicola,species,0.00010106870043843603,fraction_reads,0.0,2,2,0.00010188834769194873,0.9919554367886028
Centrifuger,default,Centrifuger_default,ZymoMockD6331,ZymoMockD6331,pacbio,SRR13128014,28131,28131,                    Prevotella_intermedia,Prevotella intermedia,species,5.0534350219218014e-05,fraction_reads,0.0,1,1,5.0944173845974365e-05,0.9919554367886028
Centrifuger,default,Centrifuger_default,ZymoMockD6331,ZymoMockD6331,pacbio,SRR13128014,77095,77095,                    Prevotella_bryantii,Prevotella bryantii,species,5.0534350219218014e-05,fraction_reads,0.0,1,1,5.0944173845974365e-05,0.9919554367886028
Centrifuger,default,Centrifuger_default,ZymoMockD6331,ZymoMockD6331,pacbio,SRR13128014,2133944,2133944,                    Pseudoprevotella_muciniphila,Pseudoprevotella muciniphila,species,5.0534350219218014e-05,fraction_reads,0.0,1,1,5.0944173845974365e-05,0.9919554367886028
Centrifuger,default,Centrifuger_default,ZymoMockD6331,ZymoMockD6331,pacbio,SRR13128014,28127,28127,                    Hoylesella_buccalis,Hoylesella buccalis,species,5.0534350219218014e-05,fraction_reads,0.0,1,0,5.0944173845974365e-05,0.9919554367886028
Centrifuger,default,Centrifuger_default,ZymoMockD6331,ZymoMockD6331,pacbio,SRR13128014,823,823,                    Parabacteroides_distasonis,Parabacteroides distasonis,species,0.0016676335572341945,fraction_reads,0.0,33,1,0.001681157736917154,0.9919554367886028
Centrifuger,default,Centrifuger_default,ZymoMockD6331,ZymoMockD6331,pacbio,SRR13128014,328812,328812,                    Parabacteroides_goldsteinii,Parabacteroides goldsteinii,species,0.0006064122026306161,fraction_reads,0.0,12,12,0.0006113300861516924,0.9919554367886028
Centrifuger,default,Centrifuger_default,ZymoMockD6331,ZymoMockD6331,pacbio,SRR13128014,46503,46503,                    Parabacteroides_merdae,Parabacteroides merdae,species,5.0534350219218014e-05,fraction_reads,0.0,1,1,5.0944173845974365e-05,0.9919554367886028
Centrifuger,default,Centrifuger_default,ZymoMockD6331,ZymoMockD6331,pacbio,SRR13128014,2585118,2585118,                    Alistipes_communis,Alistipes communis,species,0.00025267175109609005,fraction_reads,0.0,5,5,0.0002547208692298718,0.9919554367886028
Centrifuger,default,Centrifuger_default,ZymoMockD6331,ZymoMockD6331,pacbio,SRR13128014,626932,626932,                    Alistipes_indistinctus,Alistipes indistinctus,species,0.00015160305065765403,fraction_reads,0.0,3,3,0.0001528325215379231,0.9919554367886028
Centrifuger,default,Centrifuger_default,ZymoMockD6331,ZymoMockD6331,pacbio,SRR13128014,214856,214856,                    Alistipes_finegoldii,Alistipes finegoldii,species,5.0534350219218014e-05,fraction_reads,0.0,1,0,5.0944173845974365e-05,0.9919554367886028
Centrifuger,default,Centrifuger_default,ZymoMockD6331,ZymoMockD6331,pacbio,SRR13128014,2590900,2590900,                    Tenuifilum_thalassicum,Tenuifilum thalassicum,species,0.00025267175109609005,fraction_reads,0.0,5,5,0.0002547208692298718,0.9919554367886028
Centrifuger,default,Centrifuger_default,ZymoMockD6331,ZymoMockD6331,pacbio,SRR13128014,28118,28118,                    Odoribacter_splanchnicus,Odoribacter splanchnicus,species,0.00020213740087687205,fraction_reads,0.0,4,4,0.00020377669538389746,0.9919554367886028
Centrifuger,default,Centrifuger_default,ZymoMockD6331,ZymoMockD6331,pacbio,SRR13128014,1501392,1501392,                    Coprobacter_secundus,Coprobacter secundus,species,0.00010106870043843603,fraction_reads,0.0,2,0,0.00010188834769194873,0.9919554367886028
Centrifuger,default,Centrifuger_default,ZymoMockD6331,ZymoMockD6331,pacbio,SRR13128014,1796646,1796646,                    Muribaculum_intestinale,Muribaculum intestinale,species,5.0534350219218014e-05,fraction_reads,0.0,1,1,5.0944173845974365e-05,0.9919554367886028
Centrifuger,default,Centrifuger_default,ZymoMockD6331,ZymoMockD6331,pacbio,SRR13128014,2714926,2714926,                      Dysgonomonas_sp._HDW5A,Dysgonomonas_sp._HDW5A,species,5.0534350219218014e-05,fraction_reads,0.0,1,1,5.0944173845974365e-05,0.9919554367886028
Centrifuger,default,Centrifuger_default,ZymoMockD6331,ZymoMockD6331,pacbio,SRR13128014,2681766,2681766,                    Maribellus_comscasis,Maribellus comscasis,species,0.00030320610131530807,fraction_reads,0.0,6,6,0.0003056650430758462,0.9919554367886028
Centrifuger,default,Centrifuger_default,ZymoMockD6331,ZymoMockD6331,pacbio,SRR13128014,2706887,2706887,                    Draconibacterium_halophilum,Draconibacterium halophilum,species,5.0534350219218014e-05,fraction_reads,0.0,1,1,5.0944173845974365e-05,0.9919554367886028
Centrifuger,default,Centrifuger_default,ZymoMockD6331,ZymoMockD6331,pacbio,SRR13128014,1717717,1717717,                    Labilibaculum_antarcticum,Labilibaculum antarcticum,species,0.00020213740087687205,fraction_reads,0.0,4,4,0.00020377669538389746,0.9919554367886028
Centrifuger,default,Centrifuger_default,ZymoMockD6331,ZymoMockD6331,pacbio,SRR13128014,889453,889453,                    Alkalitalea_saponilacus,Alkalitalea saponilacus,species,5.0534350219218014e-05,fraction_reads,0.0,1,1,5.0944173845974365e-05,0.9919554367886028
Centrifuger,default,Centrifuger_default,ZymoMockD6331,ZymoMockD6331,pacbio,SRR13128014,3003259,3003259,                      Flavobacterium_sp._IMCC34776,Flavobacterium_sp._IMCC34776,species,0.00030320610131530807,fraction_reads,0.0,6,6,0.0003056650430758462,0.9919554367886028
Centrifuger,default,Centrifuger_default,ZymoMockD6331,ZymoMockD6331,pacbio,SRR13128014,3003262,3003262,                      Flavobacterium_sp._IMCC36791,Flavobacterium_sp._IMCC36791,species,0.00030320610131530807,fraction_reads,0.0,6,6,0.0003056650430758462,0.9919554367886028
Centrifuger,default,Centrifuger_default,ZymoMockD6331,ZymoMockD6331,pacbio,SRR13128014,2986835,2986835,                      Flavobacterium_sp._N3904,Flavobacterium_sp._N3904,species,0.00025267175109609005,fraction_reads,0.0,5,5,0.0002547208692298718,0.9919554367886028
Centrifuger,default,Centrifuger_default,ZymoMockD6331,ZymoMockD6331,pacbio,SRR13128014,1179672,1179672,                      Flavobacterium_sp._KBS0721,Flavobacterium_sp._KBS0721,species,0.00020213740087687205,fraction_reads,0.0,4,4,0.00020377669538389746,0.9919554367886028
Centrifuger,default,Centrifuger_default,ZymoMockD6331,ZymoMockD6331,pacbio,SRR13128014,2986824,2986824,                      Flavobacterium_sp._N1846,Flavobacterium_sp._N1846,species,0.00020213740087687205,fraction_reads,0.0,4,4,0.00020377669538389746,0.9919554367886028
Centrifuger,default,Centrifuger_default,ZymoMockD6331,ZymoMockD6331,pacbio,SRR13128014,3003260,3003260,                      Flavobacterium_sp._IMCC34777,Flavobacterium_sp._IMCC34777,species,0.00015160305065765403,fraction_reads,0.0,3,3,0.0001528325215379231,0.9919554367886028
Centrifuger,default,Centrifuger_default,ZymoMockD6331,ZymoMockD6331,pacbio,SRR13128014,2986828,2986828,                      Flavobacterium_sp._N2013,Flavobacterium_sp._N2013,species,0.00010106870043843603,fraction_reads,0.0,2,2,0.00010188834769194873,0.9919554367886028
Centrifuger,default,Centrifuger_default,ZymoMockD6331,ZymoMockD6331,pacbio,SRR13128014,2986829,2986829,                      Flavobacterium_sp._N2038,Flavobacterium_sp._N2038,species,0.00010106870043843603,fraction_reads,0.0,2,2,0.00010188834769194873,0.9919554367886028
Centrifuger,default,Centrifuger_default,ZymoMockD6331,ZymoMockD6331,pacbio,SRR13128014,2986831,2986831,                      Flavobacterium_sp._N2270,Flavobacterium_sp._N2270,species,0.00010106870043843603,fraction_reads,0.0,2,2,0.00010188834769194873,0.9919554367886028
Centrifuger,default,Centrifuger_default,ZymoMockD6331,ZymoMockD6331,pacbio,SRR13128014,3003256,3003256,                      Flavobacterium_sp._IMCC34673,Flavobacterium_sp._IMCC34673,species,0.00010106870043843603,fraction_reads,0.0,2,2,0.00010188834769194873,0.9919554367886028
Centrifuger,default,Centrifuger_default,ZymoMockD6331,ZymoMockD6331,pacbio,SRR13128014,2746225,2746225,                      Flavobacterium_sp._K5-23,Flavobacterium_sp._K5-23,species,5.0534350219218014e-05,fraction_reads,0.0,1,1,5.0944173845974365e-05,0.9919554367886028
Centrifuger,default,Centrifuger_default,ZymoMockD6331,ZymoMockD6331,pacbio,SRR13128014,2748319,2748319,                      Flavobacterium_sp._I3-2,Flavobacterium_sp._I3-2,species,5.0534350219218014e-05,fraction_reads,0.0,1,1,5.0944173845974365e-05,0.9919554367886028
Centrifuger,default,Centrifuger_default,ZymoMockD6331,ZymoMockD6331,pacbio,SRR13128014,2830782,2830782,                      Flavobacterium_sp._KK2020170,Flavobacterium_sp._KK2020170,species,5.0534350219218014e-05,fraction_reads,0.0,1,1,5.0944173845974365e-05,0.9919554367886028
Centrifuger,default,Centrifuger_default,ZymoMockD6331,ZymoMockD6331,pacbio,SRR13128014,2893883,2893883,                      Flavobacterium_sp._F-29,Flavobacterium_sp._F-29,species,5.0534350219218014e-05,fraction_reads,0.0,1,1,5.0944173845974365e-05,0.9919554367886028
Centrifuger,default,Centrifuger_default,ZymoMockD6331,ZymoMockD6331,pacbio,SRR13128014,2893884,2893884,                      Flavobacterium_sp._F-70,Flavobacterium_sp._F-70,species,5.0534350219218014e-05,fraction_reads,0.0,1,1,5.0944173845974365e-05,0.9919554367886028
Centrifuger,default,Centrifuger_default,ZymoMockD6331,ZymoMockD6331,pacbio,SRR13128014,2893886,2893886,                      Flavobacterium_sp._F-340,Flavobacterium_sp._F-340,species,5.0534350219218014e-05,fraction_reads,0.0,1,1,5.0944173845974365e-05,0.9919554367886028
Centrifuger,default,Centrifuger_default,ZymoMockD6331,ZymoMockD6331,pacbio,SRR13128014,2986823,2986823,                      Flavobacterium_sp._N1736,Flavobacterium_sp._N1736,species,5.0534350219218014e-05,fraction_reads,0.0,1,1,5.0944173845974365e-05,0.9919554367886028
Centrifuger,default,Centrifuger_default,ZymoMockD6331,ZymoMockD6331,pacbio,SRR13128014,2986837,2986837,                      Flavobacterium_sp._N502536,Flavobacterium_sp._N502536,species,5.0534350219218014e-05,fraction_reads,0.0,1,1,5.0944173845974365e-05,0.9919554367886028
Centrifuger,default,Centrifuger_default,ZymoMockD6331,ZymoMockD6331,pacbio,SRR13128014,2986839,2986839,                      Flavobacterium_sp._N503310,Flavobacterium_sp._N503310,species,5.0534350219218014e-05,fraction_reads,0.0,1,1,5.0944173845974365e-05,0.9919554367886028
Centrifuger,default,Centrifuger_default,ZymoMockD6331,ZymoMockD6331,pacbio,SRR13128014,2994319,2994319,                      Flavobacterium_sp._GSB-24,Flavobacterium_sp._GSB-24,species,5.0534350219218014e-05,fraction_reads,0.0,1,1,5.0944173845974365e-05,0.9919554367886028
Centrifuger,default,Centrifuger_default,ZymoMockD6331,ZymoMockD6331,pacbio,SRR13128014,3003257,3003257,                      Flavobacterium_sp._IMCC34774,Flavobacterium_sp._IMCC34774,species,5.0534350219218014e-05,fraction_reads,0.0,1,1,5.0944173845974365e-05,0.9919554367886028
Centrifuger,default,Centrifuger_default,ZymoMockD6331,ZymoMockD6331,pacbio,SRR13128014,3003623,3003623,                      Flavobacterium_sp._IMCC34518,Flavobacterium_sp._IMCC34518,species,5.0534350219218014e-05,fraction_reads,0.0,1,1,5.0944173845974365e-05,0.9919554367886028
Centrifuger,default,Centrifuger_default,ZymoMockD6331,ZymoMockD6331,pacbio,SRR13128014,3025668,3025668,                      Flavobacterium_sp._KACC_22763,Flavobacterium_sp._KACC_22763,species,5.0534350219218014e-05,fraction_reads,0.0,1,1,5.0944173845974365e-05,0.9919554367886028
Centrifuger,default,Centrifuger_default,ZymoMockD6331,ZymoMockD6331,pacbio,SRR13128014,2502784,2502784,                    Flavobacterium_cerinum,Flavobacterium cerinum,species,0.0005053435021921801,fraction_reads,0.0,10,10,0.0005094417384597436,0.9919554367886028
Centrifuger,default,Centrifuger_default,ZymoMockD6331,ZymoMockD6331,pacbio,SRR13128014,1617283,1617283,                    Flavobacterium_nitrogenifigens,Flavobacterium nitrogenifigens,species,0.0004042748017537441,fraction_reads,0.0,8,8,0.0004075533907677949,0.9919554367886028
Centrifuger,default,Centrifuger_default,ZymoMockD6331,ZymoMockD6331,pacbio,SRR13128014,55197,55197,                    Flavobacterium_branchiophilum,Flavobacterium branchiophilum,species,0.00030320610131530807,fraction_reads,0.0,6,0,0.0003056650430758462,0.9919554367886028
Centrifuger,default,Centrifuger_default,ZymoMockD6331,ZymoMockD6331,pacbio,SRR13128014,96345,96345,                    Flavobacterium_psychrophilum,Flavobacterium psychrophilum,species,0.00030320610131530807,fraction_reads,0.0,6,5,0.0003056650430758462,0.9919554367886028
Centrifuger,default,Centrifuger_default,ZymoMockD6331,ZymoMockD6331,pacbio,SRR13128014,312277,312277,                    Flavobacterium_indicum,Flavobacterium indicum,species,0.00020213740087687205,fraction_reads,0.0,4,0,0.00020377669538389746,0.9919554367886028
Centrifuger,default,Centrifuger_default,ZymoMockD6331,ZymoMockD6331,pacbio,SRR13128014,459526,459526,                    Flavobacterium_anhuiense,Flavobacterium anhuiense,species,0.00020213740087687205,fraction_reads,0.0,4,4,0.00020377669538389746,0.9919554367886028
Centrifuger,default,Centrifuger_default,ZymoMockD6331,ZymoMockD6331,pacbio,SRR13128014,2906076,2906076,                    Flavobacterium_covae,Flavobacterium covae,species,0.00020213740087687205,fraction_reads,0.0,4,4,0.00020377669538389746,0.9919554367886028
Centrifuger,default,Centrifuger_default,ZymoMockD6331,ZymoMockD6331,pacbio,SRR13128014,2201181,2201181,                    Flavobacterium_sediminis,Flavobacterium sediminis,species,0.00015160305065765403,fraction_reads,0.0,3,3,0.0001528325215379231,0.9919554367886028
Centrifuger,default,Centrifuger_default,ZymoMockD6331,ZymoMockD6331,pacbio,SRR13128014,2897181,2897181,                    Flavobacterium_channae,Flavobacterium channae,species,0.00015160305065765403,fraction_reads,0.0,3,3,0.0001528325215379231,0.9919554367886028
Centrifuger,default,Centrifuger_default,ZymoMockD6331,ZymoMockD6331,pacbio,SRR13128014,2654843,2654843,                    Flavobacterium_panici,Flavobacterium panici,species,0.00010106870043843603,fraction_reads,0.0,2,2,0.00010188834769194873,0.9919554367886028
Centrifuger,default,Centrifuger_default,ZymoMockD6331,ZymoMockD6331,pacbio,SRR13128014,2816357,2816357,                    Flavobacterium_endoglycinae,Flavobacterium endoglycinae,species,0.00010106870043843603,fraction_reads,0.0,2,2,0.00010188834769194873,0.9919554367886028
Centrifuger,default,Centrifuger_default,ZymoMockD6331,ZymoMockD6331,pacbio,SRR13128014,683124,683124,                    Flavobacterium_haoranii,Flavobacterium haoranii,species,5.0534350219218014e-05,fraction_reads,0.0,1,1,5.0944173845974365e-05,0.9919554367886028
Centrifuger,default,Centrifuger_default,ZymoMockD6331,ZymoMockD6331,pacbio,SRR13128014,1306518,1306518,                    Flavobacterium_keumense,Flavobacterium keumense,species,5.0534350219218014e-05,fraction_reads,0.0,1,1,5.0944173845974365e-05,0.9919554367886028
Centrifuger,default,Centrifuger_default,ZymoMockD6331,ZymoMockD6331,pacbio,SRR13128014,1310418,1310418,                    Flavobacterium_gyeonganense,Flavobacterium gyeonganense,species,5.0534350219218014e-05,fraction_reads,0.0,1,1,5.0944173845974365e-05,0.9919554367886028
Centrifuger,default,Centrifuger_default,ZymoMockD6331,ZymoMockD6331,pacbio,SRR13128014,1492737,1492737,                    Flavobacterium_gilvum,Flavobacterium gilvum,species,5.0534350219218014e-05,fraction_reads,0.0,1,1,5.0944173845974365e-05,0.9919554367886028
Centrifuger,default,Centrifuger_default,ZymoMockD6331,ZymoMockD6331,pacbio,SRR13128014,1678728,1678728,                    Flavobacterium_kingsejongi,Flavobacterium kingsejongi,species,5.0534350219218014e-05,fraction_reads,0.0,1,1,5.0944173845974365e-05,0.9919554367886028
Centrifuger,default,Centrifuger_default,ZymoMockD6331,ZymoMockD6331,pacbio,SRR13128014,1784713,1784713,                    Flavobacterium_arcticum,Flavobacterium arcticum,species,5.0534350219218014e-05,fraction_reads,0.0,1,1,5.0944173845974365e-05,0.9919554367886028
Centrifuger,default,Centrifuger_default,ZymoMockD6331,ZymoMockD6331,pacbio,SRR13128014,1871076,1871076,                    Flavobacterium_azooxidireducens,Flavobacterium azooxidireducens,species,5.0534350219218014e-05,fraction_reads,0.0,1,1,5.0944173845974365e-05,0.9919554367886028
Centrifuger,default,Centrifuger_default,ZymoMockD6331,ZymoMockD6331,pacbio,SRR13128014,2602769,2602769,                    Flavobacterium_alkalisoli,Flavobacterium alkalisoli,species,5.0534350219218014e-05,fraction_reads,0.0,1,1,5.0944173845974365e-05,0.9919554367886028
Centrifuger,default,Centrifuger_default,ZymoMockD6331,ZymoMockD6331,pacbio,SRR13128014,2704140,2704140,                    Flavobacterium_bizetiae,Flavobacterium bizetiae,species,5.0534350219218014e-05,fraction_reads,0.0,1,1,5.0944173845974365e-05,0.9919554367886028
Centrifuger,default,Centrifuger_default,ZymoMockD6331,ZymoMockD6331,pacbio,SRR13128014,2856519,2856519,                    Flavobacterium_litorale,Flavobacterium litorale,species,5.0534350219218014e-05,fraction_reads,0.0,1,1,5.0944173845974365e-05,0.9919554367886028
Centrifuger,default,Centrifuger_default,ZymoMockD6331,ZymoMockD6331,pacbio,SRR13128014,2906078,2906078,                    Flavobacterium_oreochromis,Flavobacterium oreochromis,species,5.0534350219218014e-05,fraction_reads,0.0,1,1,5.0944173845974365e-05,0.9919554367886028
Centrifuger,default,Centrifuger_default,ZymoMockD6331,ZymoMockD6331,pacbio,SRR13128014,2937442,2937442,                    Flavobacterium_humidisoli,Flavobacterium humidisoli,species,5.0534350219218014e-05,fraction_reads,0.0,1,1,5.0944173845974365e-05,0.9919554367886028
Centrifuger,default,Centrifuger_default,ZymoMockD6331,ZymoMockD6331,pacbio,SRR13128014,2686361,2686361,                      Polaribacter_sp._L3A8,Polaribacter_sp._L3A8,species,0.00020213740087687205,fraction_reads,0.0,4,4,0.00020377669538389746,0.9919554367886028
Centrifuger,default,Centrifuger_default,ZymoMockD6331,ZymoMockD6331,pacbio,SRR13128014,2058137,2058137,                      Polaribacter_sp._ALD11,Polaribacter_sp._ALD11,species,0.00010106870043843603,fraction_reads,0.0,2,2,0.00010188834769194873,0.9919554367886028
Centrifuger,default,Centrifuger_default,ZymoMockD6331,ZymoMockD6331,pacbio,SRR13128014,2745561,2745561,                      Polaribacter_sp._HaHaR_3_91,Polaribacter_sp._HaHaR_3_91,species,5.0534350219218014e-05,fraction_reads,0.0,1,1,5.0944173845974365e-05,0.9919554367886028
Centrifuger,default,Centrifuger_default,ZymoMockD6331,ZymoMockD6331,pacbio,SRR13128014,2745562,2745562,                      Polaribacter_sp._AHE13PA,Polaribacter_sp._AHE13PA,species,5.0534350219218014e-05,fraction_reads,0.0,1,1,5.0944173845974365e-05,0.9919554367886028
Centrifuger,default,Centrifuger_default,ZymoMockD6331,ZymoMockD6331,pacbio,SRR13128014,2855841,2855841,                      Polaribacter_sp._NJDZ03,Polaribacter_sp._NJDZ03,species,5.0534350219218014e-05,fraction_reads,0.0,1,1,5.0944173845974365e-05,0.9919554367886028
Centrifuger,default,Centrifuger_default,ZymoMockD6331,ZymoMockD6331,pacbio,SRR13128014,996801,996801,                    Polaribacter_reichenbachii,Polaribacter reichenbachii,species,0.00020213740087687205,fraction_reads,0.0,4,4,0.00020377669538389746,0.9919554367886028
Centrifuger,default,Centrifuger_default,ZymoMockD6331,ZymoMockD6331,pacbio,SRR13128014,2738844,2738844,                    Polaribacter_pectinis,Polaribacter pectinis,species,0.00015160305065765403,fraction_reads,0.0,3,3,0.0001528325215379231,0.9919554367886028
Centrifuger,default,Centrifuger_default,ZymoMockD6331,ZymoMockD6331,pacbio,SRR13128014,1774273,1774273,                    Polaribacter_vadi,Polaribacter vadi,species,0.00010106870043843603,fraction_reads,0.0,2,2,0.00010188834769194873,0.9919554367886028
Centrifuger,default,Centrifuger_default,ZymoMockD6331,ZymoMockD6331,pacbio,SRR13128014,1908341,1908341,                    Polaribacter_litorisediminis,Polaribacter litorisediminis,species,0.00010106870043843603,fraction_reads,0.0,2,2,0.00010188834769194873,0.9919554367886028
Centrifuger,default,Centrifuger_default,ZymoMockD6331,ZymoMockD6331,pacbio,SRR13128014,1888915,1888915,                    Polaribacter_haliotis,Polaribacter haliotis,species,5.0534350219218014e-05,fraction_reads,0.0,1,1,5.0944173845974365e-05,0.9919554367886028
Centrifuger,default,Centrifuger_default,ZymoMockD6331,ZymoMockD6331,pacbio,SRR13128014,2818493,2818493,                    Polaribacter_cellanae,Polaribacter cellanae,species,5.0534350219218014e-05,fraction_reads,0.0,1,1,5.0944173845974365e-05,0.9919554367886028
Centrifuger,default,Centrifuger_default,ZymoMockD6331,ZymoMockD6331,pacbio,SRR13128014,3018315,3018315,                    Tenacibaculum_retecalamus,Tenacibaculum retecalamus,species,0.00030320610131530807,fraction_reads,0.0,6,6,0.0003056650430758462,0.9919554367886028
Centrifuger,default,Centrifuger_default,ZymoMockD6331,ZymoMockD6331,pacbio,SRR13128014,2745565,2745565,                      Tenacibaculum_sp._AHE14PA,Tenacibaculum_sp._AHE14PA,species,0.00015160305065765403,fraction_reads,0.0,3,3,0.0001528325215379231,0.9919554367886028
Centrifuger,default,Centrifuger_default,ZymoMockD6331,ZymoMockD6331,pacbio,SRR13128014,3038772,3038772,                      Tenacibaculum_sp._GRR-S3-23,Tenacibaculum_sp._GRR-S3-23,species,0.00010106870043843603,fraction_reads,0.0,2,2,0.00010188834769194873,0.9919554367886028
Centrifuger,default,Centrifuger_default,ZymoMockD6331,ZymoMockD6331,pacbio,SRR13128014,104270,104270,                    Tenacibaculum_ovolyticum,Tenacibaculum ovolyticum,species,0.00020213740087687205,fraction_reads,0.0,4,4,0.00020377669538389746,0.9919554367886028
Centrifuger,default,Centrifuger_default,ZymoMockD6331,ZymoMockD6331,pacbio,SRR13128014,104268,104268,                    Tenacibaculum_mesophilum,Tenacibaculum mesophilum,species,0.00015160305065765403,fraction_reads,0.0,3,3,0.0001528325215379231,0.9919554367886028
Centrifuger,default,Centrifuger_default,ZymoMockD6331,ZymoMockD6331,pacbio,SRR13128014,584609,584609,                    Tenacibaculum_jejuense,Tenacibaculum jejuense,species,0.00015160305065765403,fraction_reads,0.0,3,3,0.0001528325215379231,0.9919554367886028
Centrifuger,default,Centrifuger_default,ZymoMockD6331,ZymoMockD6331,pacbio,SRR13128014,2781243,2781243,                    Tenacibaculum_finnmarkense,Tenacibaculum finnmarkense,species,5.0534350219218014e-05,fraction_reads,0.0,1,1,5.0944173845974365e-05,0.9919554367886028
Centrifuger,default,Centrifuger_default,ZymoMockD6331,ZymoMockD6331,pacbio,SRR13128014,3018314,3018314,                    Tenacibaculum_pacificus,Tenacibaculum pacificus,species,5.0534350219218014e-05,fraction_reads,0.0,1,1,5.0944173845974365e-05,0.9919554367886028
Centrifuger,default,Centrifuger_default,ZymoMockD6331,ZymoMockD6331,pacbio,SRR13128014,2748316,2748316,                      Capnocytophaga_sp._oral_taxon_902,Capnocytophaga_sp._oral taxon_902,species,0.00015160305065765403,fraction_reads,0.0,3,3,0.0001528325215379231,0.9919554367886028
Centrifuger,default,Centrifuger_default,ZymoMockD6331,ZymoMockD6331,pacbio,SRR13128014,1316596,1316596,                      Capnocytophaga_sp._oral_taxon_878,Capnocytophaga_sp._oral taxon_878,species,5.0534350219218014e-05,fraction_reads,0.0,1,1,5.0944173845974365e-05,0.9919554367886028
Centrifuger,default,Centrifuger_default,ZymoMockD6331,ZymoMockD6331,pacbio,SRR13128014,28189,28189,                    Capnocytophaga_cynodegmi,Capnocytophaga cynodegmi,species,0.00015160305065765403,fraction_reads,0.0,3,3,0.0001528325215379231,0.9919554367886028
Centrifuger,default,Centrifuger_default,ZymoMockD6331,ZymoMockD6331,pacbio,SRR13128014,2708117,2708117,                    Capnocytophaga_endodontalis,Capnocytophaga endodontalis,species,0.00010106870043843603,fraction_reads,0.0,2,2,0.00010188834769194873,0.9919554367886028
Centrifuger,default,Centrifuger_default,ZymoMockD6331,ZymoMockD6331,pacbio,SRR13128014,1019,1019,                    Capnocytophaga_sputigena,Capnocytophaga sputigena,species,5.0534350219218014e-05,fraction_reads,0.0,1,1,5.0944173845974365e-05,0.9919554367886028
Centrifuger,default,Centrifuger_default,ZymoMockD6331,ZymoMockD6331,pacbio,SRR13128014,28188,28188,                    Capnocytophaga_canimorsus,Capnocytophaga canimorsus,species,5.0534350219218014e-05,fraction_reads,0.0,1,1,5.0944173845974365e-05,0.9919554367886028
Centrifuger,default,Centrifuger_default,ZymoMockD6331,ZymoMockD6331,pacbio,SRR13128014,1848904,1848904,                    Capnocytophaga_stomatis,Capnocytophaga stomatis,species,5.0534350219218014e-05,fraction_reads,0.0,1,1,5.0944173845974365e-05,0.9919554367886028
Centrifuger,default,Centrifuger_default,ZymoMockD6331,ZymoMockD6331,pacbio,SRR13128014,1714849,1714849,                      Aquimarina_sp._AD10,Aquimarina_sp._AD10,species,0.00030320610131530807,fraction_reads,0.0,6,6,0.0003056650430758462,0.9919554367886028
Centrifuger,default,Centrifuger_default,ZymoMockD6331,ZymoMockD6331,pacbio,SRR13128014,1191912,1191912,                      Aquimarina_sp._Aq107,Aquimarina_sp._Aq107,species,0.00020213740087687205,fraction_reads,0.0,4,4,0.00020377669538389746,0.9919554367886028
Centrifuger,default,Centrifuger_default,ZymoMockD6331,ZymoMockD6331,pacbio,SRR13128014,1714860,1714860,                      Aquimarina_sp._BL5,Aquimarina_sp._BL5,species,0.00010106870043843603,fraction_reads,0.0,2,2,0.00010188834769194873,0.9919554367886028
Centrifuger,default,Centrifuger_default,ZymoMockD6331,ZymoMockD6331,pacbio,SRR13128014,2949996,2949996,                      Aquimarina_sp._ERC-38,Aquimarina_sp._ERC-38,species,0.00010106870043843603,fraction_reads,0.0,2,2,0.00010188834769194873,0.9919554367886028
Centrifuger,default,Centrifuger_default,ZymoMockD6331,ZymoMockD6331,pacbio,SRR13128014,2058134,2058134,                      Nonlabens_sp._MB-3u-79,Nonlabens_sp._MB-3u-79,species,0.00015160305065765403,fraction_reads,0.0,3,3,0.0001528325215379231,0.9919554367886028
Centrifuger,default,Centrifuger_default,ZymoMockD6331,ZymoMockD6331,pacbio,SRR13128014,2608253,2608253,                      Nonlabens_sp._Ci31,Nonlabens_sp._Ci31,species,0.00015160305065765403,fraction_reads,0.0,3,3,0.0001528325215379231,0.9919554367886028
Centrifuger,default,Centrifuger_default,ZymoMockD6331,ZymoMockD6331,pacbio,SRR13128014,1476901,1476901,                      Nonlabens_sp._MIC269,Nonlabens_sp._MIC269,species,0.00010106870043843603,fraction_reads,0.0,2,2,0.00010188834769194873,0.9919554367886028
Centrifuger,default,Centrifuger_default,ZymoMockD6331,ZymoMockD6331,pacbio,SRR13128014,2698672,2698672,                    Muricauda_oceani,Muricauda oceani,species,0.00020213740087687205,fraction_reads,0.0,4,4,0.00020377669538389746,0.9919554367886028
Centrifuger,default,Centrifuger_default,ZymoMockD6331,ZymoMockD6331,pacbio,SRR13128014,516051,516051,                    Muricauda_lutaonensis,Muricauda lutaonensis,species,0.00015160305065765403,fraction_reads,0.0,3,3,0.0001528325215379231,0.9919554367886028
Centrifuger,default,Centrifuger_default,ZymoMockD6331,ZymoMockD6331,pacbio,SRR13128014,2908842,2908842,                      Muricauda_sp._SCSIO_64092,Muricauda_sp._SCSIO_64092,species,5.0534350219218014e-05,fraction_reads,0.0,1,1,5.0944173845974365e-05,0.9919554367886028
Centrifuger,default,Centrifuger_default,ZymoMockD6331,ZymoMockD6331,pacbio,SRR13128014,2908843,2908843,                      Muricauda_sp._SCSIO_65647,Muricauda_sp._SCSIO_65647,species,5.0534350219218014e-05,fraction_reads,0.0,1,1,5.0944173845974365e-05,0.9919554367886028
Centrifuger,default,Centrifuger_default,ZymoMockD6331,ZymoMockD6331,pacbio,SRR13128014,111501,111501,                    Muricauda_ruestringensis,Muricauda ruestringensis,species,5.0534350219218014e-05,fraction_reads,0.0,1,0,5.0944173845974365e-05,0.9919554367886028
Centrifuger,default,Centrifuger_default,ZymoMockD6331,ZymoMockD6331,pacbio,SRR13128014,979,979,                    Cellulophaga_lytica,Cellulophaga lytica,species,0.00025267175109609005,fraction_reads,0.0,5,4,0.0002547208692298718,0.9919554367886028
Centrifuger,default,Centrifuger_default,ZymoMockD6331,ZymoMockD6331,pacbio,SRR13128014,1942464,1942464,                      Cellulophaga_sp._HaHaR_3_176,Cellulophaga_sp._HaHaR_3_176,species,5.0534350219218014e-05,fraction_reads,0.0,1,1,5.0944173845974365e-05,0.9919554367886028
Centrifuger,default,Centrifuger_default,ZymoMockD6331,ZymoMockD6331,pacbio,SRR13128014,2749995,2749995,                      Winogradskyella_sp._HaHa_3_26,Winogradskyella_sp._HaHa_3_26,species,0.00010106870043843603,fraction_reads,0.0,2,2,0.00010188834769194873,0.9919554367886028
Centrifuger,default,Centrifuger_default,ZymoMockD6331,ZymoMockD6331,pacbio,SRR13128014,754409,754409,                      Winogradskyella_sp._PG-2,Winogradskyella_sp._PG-2,species,5.0534350219218014e-05,fraction_reads,0.0,1,1,5.0944173845974365e-05,0.9919554367886028
Centrifuger,default,Centrifuger_default,ZymoMockD6331,ZymoMockD6331,pacbio,SRR13128014,1936080,1936080,                      Winogradskyella_sp._J14-2,Winogradskyella_sp._J14-2,species,5.0534350219218014e-05,fraction_reads,0.0,1,1,5.0944173845974365e-05,0.9919554367886028
Centrifuger,default,Centrifuger_default,ZymoMockD6331,ZymoMockD6331,pacbio,SRR13128014,2686077,2686077,                    Winogradskyella_forsetii,Winogradskyella forsetii,species,0.00015160305065765403,fraction_reads,0.0,3,3,0.0001528325215379231,0.9919554367886028
Centrifuger,default,Centrifuger_default,ZymoMockD6331,ZymoMockD6331,pacbio,SRR13128014,2697010,2697010,                    Winogradskyella_helgolandensis,Winogradskyella helgolandensis,species,5.0534350219218014e-05,fraction_reads,0.0,1,1,5.0944173845974365e-05,0.9919554367886028
Centrifuger,default,Centrifuger_default,ZymoMockD6331,ZymoMockD6331,pacbio,SRR13128014,2686366,2686366,                      Algibacter_sp._L3A6,Algibacter_sp._L3A6,species,0.00015160305065765403,fraction_reads,0.0,3,3,0.0001528325215379231,0.9919554367886028
Centrifuger,default,Centrifuger_default,ZymoMockD6331,ZymoMockD6331,pacbio,SRR13128014,2686365,2686365,                      Algibacter_sp._L1A34,Algibacter_sp._L1A34,species,0.00010106870043843603,fraction_reads,0.0,2,2,0.00010188834769194873,0.9919554367886028
Centrifuger,default,Centrifuger_default,ZymoMockD6331,ZymoMockD6331,pacbio,SRR13128014,1850246,1850246,                    Urechidicola_croceus,Urechidicola croceus,species,0.00030320610131530807,fraction_reads,0.0,6,6,0.0003056650430758462,0.9919554367886028
Centrifuger,default,Centrifuger_default,ZymoMockD6331,ZymoMockD6331,pacbio,SRR13128014,2570561,2570561,                      Psychroserpens_sp._NJDZ02,Psychroserpens_sp._NJDZ02,species,0.00025267175109609005,fraction_reads,0.0,5,5,0.0002547208692298718,0.9919554367886028
Centrifuger,default,Centrifuger_default,ZymoMockD6331,ZymoMockD6331,pacbio,SRR13128014,702745,702745,                    Myroides_phaeus,Myroides phaeus,species,0.00010106870043843603,fraction_reads,0.0,2,2,0.00010188834769194873,0.9919554367886028
Centrifuger,default,Centrifuger_default,ZymoMockD6331,ZymoMockD6331,pacbio,SRR13128014,2968490,2968490,                      Myroides_sp._SCSIO_72103,Myroides_sp._SCSIO_72103,species,5.0534350219218014e-05,fraction_reads,0.0,1,1,5.0944173845974365e-05,0.9919554367886028
Centrifuger,default,Centrifuger_default,ZymoMockD6331,ZymoMockD6331,pacbio,SRR13128014,313603,313603,                      Maribacter_sp._HTCC2170,Maribacter_sp._HTCC2170,species,0.00010106870043843603,fraction_reads,0.0,2,2,0.00010188834769194873,0.9919554367886028
Centrifuger,default,Centrifuger_default,ZymoMockD6331,ZymoMockD6331,pacbio,SRR13128014,1644130,1644130,                      Maribacter_sp._1_2014MBL_MicDiv,Maribacter_sp._1_2014MBL_MicDiv,species,0.00010106870043843603,fraction_reads,0.0,2,2,0.00010188834769194873,0.9919554367886028
Centrifuger,default,Centrifuger_default,ZymoMockD6331,ZymoMockD6331,pacbio,SRR13128014,2049305,2049305,                    Changchengzhania_lutea,Changchengzhania lutea,species,0.00020213740087687205,fraction_reads,0.0,4,4,0.00020377669538389746,0.9919554367886028
Centrifuger,default,Centrifuger_default,ZymoMockD6331,ZymoMockD6331,pacbio,SRR13128014,1336794,1336794,                      Formosa_sp._Hel1_33_131,Formosa_sp._Hel1_33_131,species,5.0534350219218014e-05,fraction_reads,0.0,1,1,5.0944173845974365e-05,0.9919554367886028
Centrifuger,default,Centrifuger_default,ZymoMockD6331,ZymoMockD6331,pacbio,SRR13128014,2686363,2686363,                      Formosa_sp._L2A11,Formosa_sp._L2A11,species,5.0534350219218014e-05,fraction_reads,0.0,1,1,5.0944173845974365e-05,0.9919554367886028
Centrifuger,default,Centrifuger_default,ZymoMockD6331,ZymoMockD6331,pacbio,SRR13128014,2594004,2594004,                    Formosa_sediminum,Formosa sediminum,species,5.0534350219218014e-05,fraction_reads,0.0,1,1,5.0944173845974365e-05,0.9919554367886028
Centrifuger,default,Centrifuger_default,ZymoMockD6331,ZymoMockD6331,pacbio,SRR13128014,2058135,2058135,                      Olleya_sp._Bg11-27,Olleya_sp._Bg11-27,species,0.00010106870043843603,fraction_reads,0.0,2,2,0.00010188834769194873,0.9919554367886028
Centrifuger,default,Centrifuger_default,ZymoMockD6331,ZymoMockD6331,pacbio,SRR13128014,2918453,2918453,                      Lutibacter_sp._A80,Lutibacter_sp._A80,species,0.00010106870043843603,fraction_reads,0.0,2,2,0.00010188834769194873,0.9919554367886028
Centrifuger,default,Centrifuger_default,ZymoMockD6331,ZymoMockD6331,pacbio,SRR13128014,1622118,1622118,                    Lutibacter_profundi,Lutibacter profundi,species,5.0534350219218014e-05,fraction_reads,0.0,1,1,5.0944173845974365e-05,0.9919554367886028
Centrifuger,default,Centrifuger_default,ZymoMockD6331,ZymoMockD6331,pacbio,SRR13128014,2916754,2916754,                      Sabulilitoribacter_sp._BrNp1-15,Sabulilitoribacter_sp._BrNp1-15,species,0.00015160305065765403,fraction_reads,0.0,3,3,0.0001528325215379231,0.9919554367886028
Centrifuger,default,Centrifuger_default,ZymoMockD6331,ZymoMockD6331,pacbio,SRR13128014,57029,57029,                    Psychroflexus_torquis,Psychroflexus torquis,species,0.00010106870043843603,fraction_reads,0.0,2,0,0.00010188834769194873,0.9919554367886028
Centrifuger,default,Centrifuger_default,ZymoMockD6331,ZymoMockD6331,pacbio,SRR13128014,616991,616991,                    Arenibacter_algicola,Arenibacter algicola,species,0.00010106870043843603,fraction_reads,0.0,2,2,0.00010188834769194873,0.9919554367886028
Centrifuger,default,Centrifuger_default,ZymoMockD6331,ZymoMockD6331,pacbio,SRR13128014,313588,313588,                    Croceibacter_atlanticus,Croceibacter atlanticus,species,0.00010106870043843603,fraction_reads,0.0,2,0,0.00010188834769194873,0.9919554367886028
Centrifuger,default,Centrifuger_default,ZymoMockD6331,ZymoMockD6331,pacbio,SRR13128014,1453352,1453352,                      Sediminicola_sp._YIK13,Sediminicola_sp._YIK13,species,0.00010106870043843603,fraction_reads,0.0,2,2,0.00010188834769194873,0.9919554367886028
Centrifuger,default,Centrifuger_default,ZymoMockD6331,ZymoMockD6331,pacbio,SRR13128014,1165090,1165090,                    Imtechella_halotolerans,Imtechella halotolerans,species,0.00010106870043843603,fraction_reads,0.0,2,2,0.00010188834769194873,0.9919554367886028
Centrifuger,default,Centrifuger_default,ZymoMockD6331,ZymoMockD6331,pacbio,SRR13128014,1803846,1803846,                    Flavivirga_eckloniae,Flavivirga eckloniae,species,0.00010106870043843603,fraction_reads,0.0,2,2,0.00010188834769194873,0.9919554367886028
Centrifuger,default,Centrifuger_default,ZymoMockD6331,ZymoMockD6331,pacbio,SRR13128014,2900738,2900738,                    Sinomicrobium_kalidii,Sinomicrobium kalidii,species,0.00010106870043843603,fraction_reads,0.0,2,2,0.00010188834769194873,0.9919554367886028
Centrifuger,default,Centrifuger_default,ZymoMockD6331,ZymoMockD6331,pacbio,SRR13128014,2529032,2529032,                      Oceanihabitans_sp._IOP_32,Oceanihabitans_sp._IOP_32,species,0.00010106870043843603,fraction_reads,0.0,2,2,0.00010188834769194873,0.9919554367886028
Centrifuger,default,Centrifuger_default,ZymoMockD6331,ZymoMockD6331,pacbio,SRR13128014,2584122,2584122,                    Aureibaculum_algae,Aureibaculum algae,species,0.00010106870043843603,fraction_reads,0.0,2,2,0.00010188834769194873,0.9919554367886028
Centrifuger,default,Centrifuger_default,ZymoMockD6331,ZymoMockD6331,pacbio,SRR13128014,2767188,2767188,                      Amniculibacterium_sp._G2-70,Amniculibacterium_sp._G2-70,species,0.00010106870043843603,fraction_reads,0.0,2,2,0.00010188834769194873,0.9919554367886028
Centrifuger,default,Centrifuger_default,ZymoMockD6331,ZymoMockD6331,pacbio,SRR13128014,2562285,2562285,                      Constantimarinum_furrinae,Constantimarinum furrinae,species,0.00010106870043843603,fraction_reads,0.0,2,2,0.00010188834769194873,0.9919554367886028
Centrifuger,default,Centrifuger_default,ZymoMockD6331,ZymoMockD6331,pacbio,SRR13128014,63186,63186,                    Zobellia_galactanivorans,Zobellia galactanivorans,species,5.0534350219218014e-05,fraction_reads,0.0,1,1,5.0944173845974365e-05,0.9919554367886028
Centrifuger,default,Centrifuger_default,ZymoMockD6331,ZymoMockD6331,pacbio,SRR13128014,1218801,1218801,                    Kordia_antarctica,Kordia antarctica,species,5.0534350219218014e-05,fraction_reads,0.0,1,1,5.0944173845974365e-05,0.9919554367886028
Centrifuger,default,Centrifuger_default,ZymoMockD6331,ZymoMockD6331,pacbio,SRR13128014,2980107,2980107,                      Lacinutrix_sp._HL-RS19,Lacinutrix_sp._HL-RS19,species,5.0534350219218014e-05,fraction_reads,0.0,1,1,5.0944173845974365e-05,0.9919554367886028
Centrifuger,default,Centrifuger_default,ZymoMockD6331,ZymoMockD6331,pacbio,SRR13128014,2779360,2779360,                      Marixanthomonas_sp._SCSIO_43207,Marixanthomonas_sp._SCSIO_43207,species,5.0534350219218014e-05,fraction_reads,0.0,1,1,5.0944173845974365e-05,0.9919554367886028
Centrifuger,default,Centrifuger_default,ZymoMockD6331,ZymoMockD6331,pacbio,SRR13128014,2069432,2069432,                    Tamlana_carrageenivorans,Tamlana carrageenivorans,species,5.0534350219218014e-05,fraction_reads,0.0,1,1,5.0944173845974365e-05,0.9919554367886028
Centrifuger,default,Centrifuger_default,ZymoMockD6331,ZymoMockD6331,pacbio,SRR13128014,2779359,2779359,                      Zunongwangia_sp._SCSIO_43204,Zunongwangia_sp._SCSIO_43204,species,5.0534350219218014e-05,fraction_reads,0.0,1,1,5.0944173845974365e-05,0.9919554367886028
Centrifuger,default,Centrifuger_default,ZymoMockD6331,ZymoMockD6331,pacbio,SRR13128014,2202721,2202721,                    Zhouia_spongiae,Zhouia spongiae,species,5.0534350219218014e-05,fraction_reads,0.0,1,1,5.0944173845974365e-05,0.9919554367886028
Centrifuger,default,Centrifuger_default,ZymoMockD6331,ZymoMockD6331,pacbio,SRR13128014,1790137,1790137,                    Wenyingzhuangia_fucanilytica,Wenyingzhuangia fucanilytica,species,5.0534350219218014e-05,fraction_reads,0.0,1,1,5.0944173845974365e-05,0.9919554367886028
Centrifuger,default,Centrifuger_default,ZymoMockD6331,ZymoMockD6331,pacbio,SRR13128014,2937786,2937786,                      Seonamhaeicola_sp._ML3,Seonamhaeicola_sp._ML3,species,5.0534350219218014e-05,fraction_reads,0.0,1,1,5.0944173845974365e-05,0.9919554367886028
Centrifuger,default,Centrifuger_default,ZymoMockD6331,ZymoMockD6331,pacbio,SRR13128014,2585771,2585771,                    Antarcticibacterium_arcticum,Antarcticibacterium arcticum,species,5.0534350219218014e-05,fraction_reads,0.0,1,1,5.0944173845974365e-05,0.9919554367886028
Centrifuger,default,Centrifuger_default,ZymoMockD6331,ZymoMockD6331,pacbio,SRR13128014,2893202,2893202,                    Aegicerativicinus_sediminis,Aegicerativicinus sediminis,species,5.0534350219218014e-05,fraction_reads,0.0,1,1,5.0944173845974365e-05,0.9919554367886028
Centrifuger,default,Centrifuger_default,ZymoMockD6331,ZymoMockD6331,pacbio,SRR13128014,2594269,2594269,                        Chryseobacterium_sp._SNU_WT5,Chryseobacterium_sp._SNU_WT5,species,0.00025267175109609005,fraction_reads,0.0,5,5,0.0002547208692298718,0.9919554367886028
Centrifuger,default,Centrifuger_default,ZymoMockD6331,ZymoMockD6331,pacbio,SRR13128014,1721091,1721091,                        Chryseobacterium_sp._IHB_B_17019,Chryseobacterium_sp._IHB B_17019,species,0.00020213740087687205,fraction_reads,0.0,4,4,0.00020377669538389746,0.9919554367886028
Centrifuger,default,Centrifuger_default,ZymoMockD6331,ZymoMockD6331,pacbio,SRR13128014,2015076,2015076,                        Chryseobacterium_sp._T16E-39,Chryseobacterium_sp._T16E-39,species,0.00015160305065765403,fraction_reads,0.0,3,3,0.0001528325215379231,0.9919554367886028
Centrifuger,default,Centrifuger_default,ZymoMockD6331,ZymoMockD6331,pacbio,SRR13128014,2487064,2487064,                        Chryseobacterium_sp._G0186,Chryseobacterium_sp._G0186,species,0.00010106870043843603,fraction_reads,0.0,2,2,0.00010188834769194873,0.9919554367886028
Centrifuger,default,Centrifuger_default,ZymoMockD6331,ZymoMockD6331,pacbio,SRR13128014,878220,878220,                        Chryseobacterium_sp._StRB126,Chryseobacterium_sp._StRB126,species,5.0534350219218014e-05,fraction_reads,0.0,1,1,5.0944173845974365e-05,0.9919554367886028
Centrifuger,default,Centrifuger_default,ZymoMockD6331,ZymoMockD6331,pacbio,SRR13128014,2478663,2478663,                        Chryseobacterium_sp._3008163,Chryseobacterium_sp._3008163,species,5.0534350219218014e-05,fraction_reads,0.0,1,1,5.0944173845974365e-05,0.9919554367886028
Centrifuger,default,Centrifuger_default,ZymoMockD6331,ZymoMockD6331,pacbio,SRR13128014,2713414,2713414,                        Chryseobacterium_sp._POL2,Chryseobacterium_sp._POL2,species,5.0534350219218014e-05,fraction_reads,0.0,1,1,5.0944173845974365e-05,0.9919554367886028
Centrifuger,default,Centrifuger_default,ZymoMockD6331,ZymoMockD6331,pacbio,SRR13128014,2983267,2983267,                        Chryseobacterium_sp._PET-29,Chryseobacterium_sp._PET-29,species,5.0534350219218014e-05,fraction_reads,0.0,1,1,5.0944173845974365e-05,0.9919554367886028
Centrifuger,default,Centrifuger_default,ZymoMockD6331,ZymoMockD6331,pacbio,SRR13128014,2997336,2997336,                        Chryseobacterium_sp._CY350,Chryseobacterium_sp._CY350,species,5.0534350219218014e-05,fraction_reads,0.0,1,1,5.0944173845974365e-05,0.9919554367886028
Centrifuger,default,Centrifuger_default,ZymoMockD6331,ZymoMockD6331,pacbio,SRR13128014,253,253,                      Chryseobacterium_indologenes,Chryseobacterium indologenes,species,0.0005558778524113982,fraction_reads,0.0,11,11,0.000560385912305718,0.9919554367886028
Centrifuger,default,Centrifuger_default,ZymoMockD6331,ZymoMockD6331,pacbio,SRR13128014,1241982,1241982,                      Chryseobacterium_nakagawai,Chryseobacterium nakagawai,species,0.0003537404515345261,fraction_reads,0.0,7,7,0.0003566092169218206,0.9919554367886028
Centrifuger,default,Centrifuger_default,ZymoMockD6331,ZymoMockD6331,pacbio,SRR13128014,1265445,1265445,                      Chryseobacterium_camelliae,Chryseobacterium camelliae,species,0.00030320610131530807,fraction_reads,0.0,6,6,0.0003056650430758462,0.9919554367886028
Centrifuger,default,Centrifuger_default,ZymoMockD6331,ZymoMockD6331,pacbio,SRR13128014,1685010,1685010,                      Chryseobacterium_glaciei,Chryseobacterium glaciei,species,0.00030320610131530807,fraction_reads,0.0,6,6,0.0003056650430758462,0.9919554367886028
Centrifuger,default,Centrifuger_default,ZymoMockD6331,ZymoMockD6331,pacbio,SRR13128014,536441,536441,                      Chryseobacterium_taklimakanense,Chryseobacterium taklimakanense,species,0.00025267175109609005,fraction_reads,0.0,5,5,0.0002547208692298718,0.9919554367886028
Centrifuger,default,Centrifuger_default,ZymoMockD6331,ZymoMockD6331,pacbio,SRR13128014,254,254,                      Chryseobacterium_indoltheticum,Chryseobacterium indoltheticum,species,0.00020213740087687205,fraction_reads,0.0,4,4,0.00020377669538389746,0.9919554367886028
Centrifuger,default,Centrifuger_default,ZymoMockD6331,ZymoMockD6331,pacbio,SRR13128014,2929799,2929799,                      Chryseobacterium_oryzae,Chryseobacterium oryzae,species,0.00020213740087687205,fraction_reads,0.0,4,4,0.00020377669538389746,0.9919554367886028
Centrifuger,default,Centrifuger_default,ZymoMockD6331,ZymoMockD6331,pacbio,SRR13128014,246,246,                      Chryseobacterium_balustinum,Chryseobacterium balustinum,species,0.00015160305065765403,fraction_reads,0.0,3,3,0.0001528325215379231,0.9919554367886028
Centrifuger,default,Centrifuger_default,ZymoMockD6331,ZymoMockD6331,pacbio,SRR13128014,250,250,                      Chryseobacterium_gleum,Chryseobacterium gleum,species,0.00010106870043843603,fraction_reads,0.0,2,2,0.00010188834769194873,0.9919554367886028
Centrifuger,default,Centrifuger_default,ZymoMockD6331,ZymoMockD6331,pacbio,SRR13128014,651561,651561,                      Chryseobacterium_arthrosphaerae,Chryseobacterium arthrosphaerae,species,0.00010106870043843603,fraction_reads,0.0,2,2,0.00010188834769194873,0.9919554367886028
Centrifuger,default,Centrifuger_default,ZymoMockD6331,ZymoMockD6331,pacbio,SRR13128014,1124835,1124835,                      Chryseobacterium_carnipullorum,Chryseobacterium carnipullorum,species,0.00010106870043843603,fraction_reads,0.0,2,2,0.00010188834769194873,0.9919554367886028
Centrifuger,default,Centrifuger_default,ZymoMockD6331,ZymoMockD6331,pacbio,SRR13128014,1854498,1854498,                      Chryseobacterium_nepalense,Chryseobacterium nepalense,species,0.00010106870043843603,fraction_reads,0.0,2,2,0.00010188834769194873,0.9919554367886028
Centrifuger,default,Centrifuger_default,ZymoMockD6331,ZymoMockD6331,pacbio,SRR13128014,2956784,2956784,                      Chryseobacterium_paludis,Chryseobacterium paludis,species,0.00010106870043843603,fraction_reads,0.0,2,2,0.00010188834769194873,0.9919554367886028
Centrifuger,default,Centrifuger_default,ZymoMockD6331,ZymoMockD6331,pacbio,SRR13128014,112234,112234,                      Chryseobacterium_joostei,Chryseobacterium joostei,species,5.0534350219218014e-05,fraction_reads,0.0,1,1,5.0944173845974365e-05,0.9919554367886028
Centrifuger,default,Centrifuger_default,ZymoMockD6331,ZymoMockD6331,pacbio,SRR13128014,192389,192389,                      Chryseobacterium_daecheongense,Chryseobacterium daecheongense,species,5.0534350219218014e-05,fraction_reads,0.0,1,1,5.0944173845974365e-05,0.9919554367886028
Centrifuger,default,Centrifuger_default,ZymoMockD6331,ZymoMockD6331,pacbio,SRR13128014,421058,421058,                      Chryseobacterium_oranimense,Chryseobacterium oranimense,species,5.0534350219218014e-05,fraction_reads,0.0,1,1,5.0944173845974365e-05,0.9919554367886028
Centrifuger,default,Centrifuger_default,ZymoMockD6331,ZymoMockD6331,pacbio,SRR13128014,1493872,1493872,                      Chryseobacterium_shandongense,Chryseobacterium shandongense,species,5.0534350219218014e-05,fraction_reads,0.0,1,1,5.0944173845974365e-05,0.9919554367886028
Centrifuger,default,Centrifuger_default,ZymoMockD6331,ZymoMockD6331,pacbio,SRR13128014,2759528,2759528,                      Chryseobacterium_capnotolerans,Chryseobacterium capnotolerans,species,5.0534350219218014e-05,fraction_reads,0.0,1,1,5.0944173845974365e-05,0.9919554367886028
Centrifuger,default,Centrifuger_default,ZymoMockD6331,ZymoMockD6331,pacbio,SRR13128014,2898076,2898076,                      Chryseobacterium_turcicum,Chryseobacterium turcicum,species,5.0534350219218014e-05,fraction_reads,0.0,1,1,5.0944173845974365e-05,0.9919554367886028
Centrifuger,default,Centrifuger_default,ZymoMockD6331,ZymoMockD6331,pacbio,SRR13128014,1416779,1416779,                      Epilithonimonas_zeae,Epilithonimonas zeae,species,5.0534350219218014e-05,fraction_reads,0.0,1,1,5.0944173845974365e-05,0.9919554367886028
Centrifuger,default,Centrifuger_default,ZymoMockD6331,ZymoMockD6331,pacbio,SRR13128014,2487072,2487072,                      Epilithonimonas_vandammei,Epilithonimonas vandammei,species,5.0534350219218014e-05,fraction_reads,0.0,1,1,5.0944173845974365e-05,0.9919554367886028
Centrifuger,default,Centrifuger_default,ZymoMockD6331,ZymoMockD6331,pacbio,SRR13128014,2487074,2487074,                      Kaistella_daneshvariae,Kaistella daneshvariae,species,5.0534350219218014e-05,fraction_reads,0.0,1,1,5.0944173845974365e-05,0.9919554367886028
Centrifuger,default,Centrifuger_default,ZymoMockD6331,ZymoMockD6331,pacbio,SRR13128014,238,238,                    Elizabethkingia_meningoseptica,Elizabethkingia meningoseptica,species,0.00015160305065765403,fraction_reads,0.0,3,3,0.0001528325215379231,0.9919554367886028
Centrifuger,default,Centrifuger_default,ZymoMockD6331,ZymoMockD6331,pacbio,SRR13128014,1117645,1117645,                    Elizabethkingia_anophelis,Elizabethkingia anophelis,species,0.00015160305065765403,fraction_reads,0.0,3,3,0.0001528325215379231,0.9919554367886028
Centrifuger,default,Centrifuger_default,ZymoMockD6331,ZymoMockD6331,pacbio,SRR13128014,2583851,2583851,                      Elizabethkingia_sp._JS20170427COW,Elizabethkingia_sp._JS20170427COW,species,0.00010106870043843603,fraction_reads,0.0,2,2,0.00010188834769194873,0.9919554367886028
Centrifuger,default,Centrifuger_default,ZymoMockD6331,ZymoMockD6331,pacbio,SRR13128014,172045,172045,                    Elizabethkingia_miricola,Elizabethkingia miricola,species,5.0534350219218014e-05,fraction_reads,0.0,1,1,5.0944173845974365e-05,0.9919554367886028
Centrifuger,default,Centrifuger_default,ZymoMockD6331,ZymoMockD6331,pacbio,SRR13128014,2656761,2656761,                      Apibacter_sp._B2966,Apibacter_sp._B2966,species,0.00020213740087687205,fraction_reads,0.0,4,4,0.00020377669538389746,0.9919554367886028
Centrifuger,default,Centrifuger_default,ZymoMockD6331,ZymoMockD6331,pacbio,SRR13128014,2500547,2500547,                    Apibacter_raozihei,Apibacter raozihei,species,0.00010106870043843603,fraction_reads,0.0,2,2,0.00010188834769194873,0.9919554367886028
Centrifuger,default,Centrifuger_default,ZymoMockD6331,ZymoMockD6331,pacbio,SRR13128014,1628248,1628248,                    Empedobacter_stercoris,Empedobacter stercoris,species,0.00015160305065765403,fraction_reads,0.0,3,3,0.0001528325215379231,0.9919554367886028
Centrifuger,default,Centrifuger_default,ZymoMockD6331,ZymoMockD6331,pacbio,SRR13128014,247,247,                    Empedobacter_brevis,Empedobacter brevis,species,5.0534350219218014e-05,fraction_reads,0.0,1,1,5.0944173845974365e-05,0.9919554367886028
Centrifuger,default,Centrifuger_default,ZymoMockD6331,ZymoMockD6331,pacbio,SRR13128014,34085,34085,                    Riemerella_anatipestifer,Riemerella anatipestifer,species,0.00010106870043843603,fraction_reads,0.0,2,2,0.00010188834769194873,0.9919554367886028
Centrifuger,default,Centrifuger_default,ZymoMockD6331,ZymoMockD6331,pacbio,SRR13128014,237258,237258,                    Cloacibacterium_normanense,Cloacibacterium normanense,species,5.0534350219218014e-05,fraction_reads,0.0,1,1,5.0944173845974365e-05,0.9919554367886028
Centrifuger,default,Centrifuger_default,ZymoMockD6331,ZymoMockD6331,pacbio,SRR13128014,2976818,2976818,                      Cloacibacterium_sp._TD35,Cloacibacterium_sp._TD35,species,5.0534350219218014e-05,fraction_reads,0.0,1,1,5.0944173845974365e-05,0.9919554367886028
Centrifuger,default,Centrifuger_default,ZymoMockD6331,ZymoMockD6331,pacbio,SRR13128014,2898187,2898187,                    Faecalibacter_bovis,Faecalibacter bovis,species,0.00010106870043843603,fraction_reads,0.0,2,2,0.00010188834769194873,0.9919554367886028
Centrifuger,default,Centrifuger_default,ZymoMockD6331,ZymoMockD6331,pacbio,SRR13128014,1653831,1653831,                    Blattabacterium_cuenoti,Blattabacterium cuenoti,species,0.0004042748017537441,fraction_reads,0.0,8,7,0.0004075533907677949,0.9919554367886028
Centrifuger,default,Centrifuger_default,ZymoMockD6331,ZymoMockD6331,pacbio,SRR13128014,1316444,1316444,                      Blattabacterium_sp._(Nauphoeta_cinerea),Blattabacterium_sp._(Nauphoeta_cinerea),species,0.00020213740087687205,fraction_reads,0.0,4,4,0.00020377669538389746,0.9919554367886028
Centrifuger,default,Centrifuger_default,ZymoMockD6331,ZymoMockD6331,pacbio,SRR13128014,164514,164514,                    Blattabacterium_punctulatus,Blattabacterium punctulatus,species,0.00010106870043843603,fraction_reads,0.0,2,2,0.00010188834769194873,0.9919554367886028
Centrifuger,default,Centrifuger_default,ZymoMockD6331,ZymoMockD6331,pacbio,SRR13128014,242600,242600,                    Ichthyobacterium_seriolicida,Ichthyobacterium seriolicida,species,0.00010106870043843603,fraction_reads,0.0,2,2,0.00010188834769194873,0.9919554367886028
Centrifuger,default,Centrifuger_default,ZymoMockD6331,ZymoMockD6331,pacbio,SRR13128014,2494373,2494373,                    Flammeovirga_pectinis,Flammeovirga pectinis,species,0.0004042748017537441,fraction_reads,0.0,8,8,0.0004075533907677949,0.9919554367886028
Centrifuger,default,Centrifuger_default,ZymoMockD6331,ZymoMockD6331,pacbio,SRR13128014,373891,373891,                    Flammeovirga_kamogawensis,Flammeovirga kamogawensis,species,0.00030320610131530807,fraction_reads,0.0,6,6,0.0003056650430758462,0.9919554367886028
Centrifuger,default,Centrifuger_default,ZymoMockD6331,ZymoMockD6331,pacbio,SRR13128014,1191459,1191459,                      Flammeovirga_sp._MY04,Flammeovirga_sp._MY04,species,0.00030320610131530807,fraction_reads,0.0,6,6,0.0003056650430758462,0.9919554367886028
Centrifuger,default,Centrifuger_default,ZymoMockD6331,ZymoMockD6331,pacbio,SRR13128014,2994555,2994555,                    Flammeovirgaceae_bacterium_WSW3-B12,Flammeovirgaceae bacterium_WSW3-B12,species,0.00015160305065765403,fraction_reads,0.0,3,3,0.0001528325215379231,0.9919554367886028
Centrifuger,default,Centrifuger_default,ZymoMockD6331,ZymoMockD6331,pacbio,SRR13128014,2906443,2906443,                    Dyadobacter_fanqingshengii,Dyadobacter fanqingshengii,species,0.00020213740087687205,fraction_reads,0.0,4,4,0.00020377669538389746,0.9919554367886028
Centrifuger,default,Centrifuger_default,ZymoMockD6331,ZymoMockD6331,pacbio,SRR13128014,2861765,2861765,                      Dyadobacter_sp._NIV53,Dyadobacter_sp._NIV53,species,0.00010106870043843603,fraction_reads,0.0,2,2,0.00010188834769194873,0.9919554367886028
Centrifuger,default,Centrifuger_default,ZymoMockD6331,ZymoMockD6331,pacbio,SRR13128014,2747268,2747268,                    Dyadobacter_sandarakinus,Dyadobacter sandarakinus,species,5.0534350219218014e-05,fraction_reads,0.0,1,1,5.0944173845974365e-05,0.9919554367886028
Centrifuger,default,Centrifuger_default,ZymoMockD6331,ZymoMockD6331,pacbio,SRR13128014,106,106,                    Runella_slithyformis,Runella slithyformis,species,0.00025267175109609005,fraction_reads,0.0,5,0,0.0002547208692298718,0.9919554367886028
Centrifuger,default,Centrifuger_default,ZymoMockD6331,ZymoMockD6331,pacbio,SRR13128014,1784714,1784714,                    Arcticibacterium_luteifluviistationis,Arcticibacterium luteifluviistationis,species,0.00010106870043843603,fraction_reads,0.0,2,2,0.00010188834769194873,0.9919554367886028
Centrifuger,default,Centrifuger_default,ZymoMockD6331,ZymoMockD6331,pacbio,SRR13128014,316068,316068,                    Leadbetterella_byssophila,Leadbetterella byssophila,species,5.0534350219218014e-05,fraction_reads,0.0,1,0,5.0944173845974365e-05,0.9919554367886028
Centrifuger,default,Centrifuger_default,ZymoMockD6331,ZymoMockD6331,pacbio,SRR13128014,1385664,1385664,                      Hymenobacter_sp._DG25B,Hymenobacter_sp._DG25B,species,0.0004042748017537441,fraction_reads,0.0,8,8,0.0004075533907677949,0.9919554367886028
Centrifuger,default,Centrifuger_default,ZymoMockD6331,ZymoMockD6331,pacbio,SRR13128014,1356852,1356852,                      Hymenobacter_sp._APR13,Hymenobacter_sp._APR13,species,5.0534350219218014e-05,fraction_reads,0.0,1,1,5.0944173845974365e-05,0.9919554367886028
Centrifuger,default,Centrifuger_default,ZymoMockD6331,ZymoMockD6331,pacbio,SRR13128014,2932252,2932252,                      Hymenobacter_sp._5414T-23,Hymenobacter_sp._5414T-23,species,5.0534350219218014e-05,fraction_reads,0.0,1,1,5.0944173845974365e-05,0.9919554367886028
Centrifuger,default,Centrifuger_default,ZymoMockD6331,ZymoMockD6331,pacbio,SRR13128014,497967,497967,                    Hymenobacter_tibetensis,Hymenobacter tibetensis,species,5.0534350219218014e-05,fraction_reads,0.0,1,1,5.0944173845974365e-05,0.9919554367886028
Centrifuger,default,Centrifuger_default,ZymoMockD6331,ZymoMockD6331,pacbio,SRR13128014,2745197,2745197,                    Adhaeribacter_radiodurans,Adhaeribacter radiodurans,species,0.00010106870043843603,fraction_reads,0.0,2,2,0.00010188834769194873,0.9919554367886028
Centrifuger,default,Centrifuger_default,ZymoMockD6331,ZymoMockD6331,pacbio,SRR13128014,2694930,2694930,                    Pontibacter_pudoricolor,Pontibacter pudoricolor,species,5.0534350219218014e-05,fraction_reads,0.0,1,1,5.0944173845974365e-05,0.9919554367886028
Centrifuger,default,Centrifuger_default,ZymoMockD6331,ZymoMockD6331,pacbio,SRR13128014,2781961,2781961,                      Echinicola_sp._20G,Echinicola_sp._20G,species,0.00015160305065765403,fraction_reads,0.0,3,3,0.0001528325215379231,0.9919554367886028
Centrifuger,default,Centrifuger_default,ZymoMockD6331,ZymoMockD6331,pacbio,SRR13128014,1807691,1807691,                    Echinicola_rosea,Echinicola rosea,species,0.00010106870043843603,fraction_reads,0.0,2,2,0.00010188834769194873,0.9919554367886028
Centrifuger,default,Centrifuger_default,ZymoMockD6331,ZymoMockD6331,pacbio,SRR13128014,104,104,                    Cyclobacterium_marinum,Cyclobacterium marinum,species,0.00010106870043843603,fraction_reads,0.0,2,0,0.00010188834769194873,0.9919554367886028
Centrifuger,default,Centrifuger_default,ZymoMockD6331,ZymoMockD6331,pacbio,SRR13128014,320787,320787,                    Cyclobacterium_amurskyense,Cyclobacterium amurskyense,species,5.0534350219218014e-05,fraction_reads,0.0,1,1,5.0944173845974365e-05,0.9919554367886028
Centrifuger,default,Centrifuger_default,ZymoMockD6331,ZymoMockD6331,pacbio,SRR13128014,2782006,2782006,                    Mongoliitalea_daihaiensis,Mongoliitalea daihaiensis,species,0.00010106870043843603,fraction_reads,0.0,2,2,0.00010188834769194873,0.9919554367886028
Centrifuger,default,Centrifuger_default,ZymoMockD6331,ZymoMockD6331,pacbio,SRR13128014,2705473,2705473,                      Algoriphagus_sp._NBT04N3,Algoriphagus_sp._NBT04N3,species,5.0534350219218014e-05,fraction_reads,0.0,1,1,5.0944173845974365e-05,0.9919554367886028
Centrifuger,default,Centrifuger_default,ZymoMockD6331,ZymoMockD6331,pacbio,SRR13128014,564064,564064,                    Spirosoma_rigui,Spirosoma rigui,species,0.00010106870043843603,fraction_reads,0.0,2,2,0.00010188834769194873,0.9919554367886028
Centrifuger,default,Centrifuger_default,ZymoMockD6331,ZymoMockD6331,pacbio,SRR13128014,2692134,2692134,                    Spirosoma_aureum,Spirosoma aureum,species,0.00010106870043843603,fraction_reads,0.0,2,2,0.00010188834769194873,0.9919554367886028
Centrifuger,default,Centrifuger_default,ZymoMockD6331,ZymoMockD6331,pacbio,SRR13128014,1178516,1178516,                    Spirosoma_montaniterrae,Spirosoma montaniterrae,species,5.0534350219218014e-05,fraction_reads,0.0,1,1,5.0944173845974365e-05,0.9919554367886028
Centrifuger,default,Centrifuger_default,ZymoMockD6331,ZymoMockD6331,pacbio,SRR13128014,2710596,2710596,                      Spirosoma_sp._KCTC_72228,Spirosoma_sp._KCTC_72228,species,5.0534350219218014e-05,fraction_reads,0.0,1,1,5.0944173845974365e-05,0.9919554367886028
Centrifuger,default,Centrifuger_default,ZymoMockD6331,ZymoMockD6331,pacbio,SRR13128014,2704465,2704465,                    Rhodocytophaga_rosea,Rhodocytophaga rosea,species,0.00015160305065765403,fraction_reads,0.0,3,3,0.0001528325215379231,0.9919554367886028
Centrifuger,default,Centrifuger_default,ZymoMockD6331,ZymoMockD6331,pacbio,SRR13128014,2516557,2516557,                    Aquirufa_nivalisilvae,Aquirufa nivalisilvae,species,5.0534350219218014e-05,fraction_reads,0.0,1,1,5.0944173845974365e-05,0.9919554367886028
Centrifuger,default,Centrifuger_default,ZymoMockD6331,ZymoMockD6331,pacbio,SRR13128014,2979869,2979869,                      Reichenbachiella_sp._Wsw4-B4,Reichenbachiella_sp._Wsw4-B4,species,0.00020213740087687205,fraction_reads,0.0,4,4,0.00020377669538389746,0.9919554367886028
Centrifuger,default,Centrifuger_default,ZymoMockD6331,ZymoMockD6331,pacbio,SRR13128014,2979464,2979464,                      Reichenbachiella_sp._BKB1-1,Reichenbachiella_sp._BKB1-1,species,5.0534350219218014e-05,fraction_reads,0.0,1,1,5.0944173845974365e-05,0.9919554367886028
Centrifuger,default,Centrifuger_default,ZymoMockD6331,ZymoMockD6331,pacbio,SRR13128014,281120,281120,                    Candidatus_Amoebophilus_asiaticus,Candidatus Amoebophilus_asiaticus,species,0.00015160305065765403,fraction_reads,0.0,3,0,0.0001528325215379231,0.9919554367886028
Centrifuger,default,Centrifuger_default,ZymoMockD6331,ZymoMockD6331,pacbio,SRR13128014,650378,650378,                      Cardinium_endosymbiont_of_Sogatella_furcifera,Cardinium endosymbiont_of Sogatella_furcifera,species,5.0534350219218014e-05,fraction_reads,0.0,1,1,5.0944173845974365e-05,0.9919554367886028
Centrifuger,default,Centrifuger_default,ZymoMockD6331,ZymoMockD6331,pacbio,SRR13128014,2904246,2904246,                      Fulvivirga_sp._W9P-11,Fulvivirga_sp._W9P-11,species,0.00010106870043843603,fraction_reads,0.0,2,2,0.00010188834769194873,0.9919554367886028
Centrifuger,default,Centrifuger_default,ZymoMockD6331,ZymoMockD6331,pacbio,SRR13128014,2904247,2904247,                      Fulvivirga_sp._SW1-E11,Fulvivirga_sp._SW1-E11,species,0.00010106870043843603,fraction_reads,0.0,2,2,0.00010188834769194873,0.9919554367886028
Centrifuger,default,Centrifuger_default,ZymoMockD6331,ZymoMockD6331,pacbio,SRR13128014,2715131,2715131,                    Mangrovivirga_cuniculi,Mangrovivirga cuniculi,species,0.00015160305065765403,fraction_reads,0.0,3,3,0.0001528325215379231,0.9919554367886028
Centrifuger,default,Centrifuger_default,ZymoMockD6331,ZymoMockD6331,pacbio,SRR13128014,1085624,1085624,                      Persicobacter_sp._JZB09,Persicobacter_sp._JZB09,species,0.00010106870043843603,fraction_reads,0.0,2,2,0.00010188834769194873,0.9919554367886028
Centrifuger,default,Centrifuger_default,ZymoMockD6331,ZymoMockD6331,pacbio,SRR13128014,999,999,                    Bernardetia_litoralis,Bernardetia litoralis,species,5.0534350219218014e-05,fraction_reads,0.0,1,0,5.0944173845974365e-05,0.9919554367886028
Centrifuger,default,Centrifuger_default,ZymoMockD6331,ZymoMockD6331,pacbio,SRR13128014,3029053,3029053,                      Mucilaginibacter_sp._SJ,Mucilaginibacter_sp._SJ,species,0.00030320610131530807,fraction_reads,0.0,6,6,0.0003056650430758462,0.9919554367886028
Centrifuger,default,Centrifuger_default,ZymoMockD6331,ZymoMockD6331,pacbio,SRR13128014,2929803,2929803,                      Mucilaginibacter_sp._SMC90,Mucilaginibacter_sp._SMC90,species,0.00020213740087687205,fraction_reads,0.0,4,4,0.00020377669538389746,0.9919554367886028
Centrifuger,default,Centrifuger_default,ZymoMockD6331,ZymoMockD6331,pacbio,SRR13128014,3025666,3025666,                      Mucilaginibacter_sp._KACC_22063,Mucilaginibacter_sp._KACC_22063,species,0.00020213740087687205,fraction_reads,0.0,4,4,0.00020377669538389746,0.9919554367886028
Centrifuger,default,Centrifuger_default,ZymoMockD6331,ZymoMockD6331,pacbio,SRR13128014,2778902,2778902,                      Mucilaginibacter_sp._21P,Mucilaginibacter_sp._21P,species,5.0534350219218014e-05,fraction_reads,0.0,1,1,5.0944173845974365e-05,0.9919554367886028
Centrifuger,default,Centrifuger_default,ZymoMockD6331,ZymoMockD6331,pacbio,SRR13128014,2305508,2305508,                    Mucilaginibacter_celer,Mucilaginibacter celer,species,0.00010106870043843603,fraction_reads,0.0,2,2,0.00010188834769194873,0.9919554367886028
Centrifuger,default,Centrifuger_default,ZymoMockD6331,ZymoMockD6331,pacbio,SRR13128014,398049,398049,                    Mucilaginibacter_daejeonensis,Mucilaginibacter daejeonensis,species,5.0534350219218014e-05,fraction_reads,0.0,1,1,5.0944173845974365e-05,0.9919554367886028
Centrifuger,default,Centrifuger_default,ZymoMockD6331,ZymoMockD6331,pacbio,SRR13128014,1234841,1234841,                    Mucilaginibacter_xinganensis,Mucilaginibacter xinganensis,species,5.0534350219218014e-05,fraction_reads,0.0,1,1,5.0944173845974365e-05,0.9919554367886028
Centrifuger,default,Centrifuger_default,ZymoMockD6331,ZymoMockD6331,pacbio,SRR13128014,2682091,2682091,                    Mucilaginibacter_ginkgonis,Mucilaginibacter ginkgonis,species,5.0534350219218014e-05,fraction_reads,0.0,1,1,5.0944173845974365e-05,0.9919554367886028
Centrifuger,default,Centrifuger_default,ZymoMockD6331,ZymoMockD6331,pacbio,SRR13128014,2961941,2961941,                      Sphingobacterium_sp._LZ7M1,Sphingobacterium_sp._LZ7M1,species,0.00020213740087687205,fraction_reads,0.0,4,4,0.00020377669538389746,0.9919554367886028
Centrifuger,default,Centrifuger_default,ZymoMockD6331,ZymoMockD6331,pacbio,SRR13128014,3031802,3031802,                      Sphingobacterium_sp._WM,Sphingobacterium_sp._WM,species,0.00015160305065765403,fraction_reads,0.0,3,3,0.0001528325215379231,0.9919554367886028
Centrifuger,default,Centrifuger_default,ZymoMockD6331,ZymoMockD6331,pacbio,SRR13128014,1933220,1933220,                      Sphingobacterium_sp._B29,Sphingobacterium_sp._B29,species,5.0534350219218014e-05,fraction_reads,0.0,1,1,5.0944173845974365e-05,0.9919554367886028
Centrifuger,default,Centrifuger_default,ZymoMockD6331,ZymoMockD6331,pacbio,SRR13128014,2662364,2662364,                      Sphingobacterium_sp._dk4302,Sphingobacterium_sp._dk4302,species,5.0534350219218014e-05,fraction_reads,0.0,1,1,5.0944173845974365e-05,0.9919554367886028
Centrifuger,default,Centrifuger_default,ZymoMockD6331,ZymoMockD6331,pacbio,SRR13128014,2907623,2907623,                      Sphingobacterium_sp._SRCM116780,Sphingobacterium_sp._SRCM116780,species,5.0534350219218014e-05,fraction_reads,0.0,1,1,5.0944173845974365e-05,0.9919554367886028
Centrifuger,default,Centrifuger_default,ZymoMockD6331,ZymoMockD6331,pacbio,SRR13128014,3025669,3025669,                      Sphingobacterium_sp._KACC_22765,Sphingobacterium_sp._KACC_22765,species,5.0534350219218014e-05,fraction_reads,0.0,1,1,5.0944173845974365e-05,0.9919554367886028
Centrifuger,default,Centrifuger_default,ZymoMockD6331,ZymoMockD6331,pacbio,SRR13128014,797291,797291,                    Sphingobacterium_lactis,Sphingobacterium lactis,species,0.00015160305065765403,fraction_reads,0.0,3,3,0.0001528325215379231,0.9919554367886028
Centrifuger,default,Centrifuger_default,ZymoMockD6331,ZymoMockD6331,pacbio,SRR13128014,259,259,                    Sphingobacterium_thalpophilum,Sphingobacterium thalpophilum,species,5.0534350219218014e-05,fraction_reads,0.0,1,1,5.0944173845974365e-05,0.9919554367886028
Centrifuger,default,Centrifuger_default,ZymoMockD6331,ZymoMockD6331,pacbio,SRR13128014,28454,28454,                    Sphingobacterium_multivorum,Sphingobacterium multivorum,species,5.0534350219218014e-05,fraction_reads,0.0,1,1,5.0944173845974365e-05,0.9919554367886028
Centrifuger,default,Centrifuger_default,ZymoMockD6331,ZymoMockD6331,pacbio,SRR13128014,371142,371142,                    Sphingobacterium_daejeonense,Sphingobacterium daejeonense,species,5.0534350219218014e-05,fraction_reads,0.0,1,1,5.0944173845974365e-05,0.9919554367886028
Centrifuger,default,Centrifuger_default,ZymoMockD6331,ZymoMockD6331,pacbio,SRR13128014,459529,459529,                    Sphingobacterium_siyangense,Sphingobacterium siyangense,species,5.0534350219218014e-05,fraction_reads,0.0,1,1,5.0944173845974365e-05,0.9919554367886028
Centrifuger,default,Centrifuger_default,ZymoMockD6331,ZymoMockD6331,pacbio,SRR13128014,561061,561061,                    Sphingobacterium_psychroaquaticum,Sphingobacterium psychroaquaticum,species,5.0534350219218014e-05,fraction_reads,0.0,1,1,5.0944173845974365e-05,0.9919554367886028
Centrifuger,default,Centrifuger_default,ZymoMockD6331,ZymoMockD6331,pacbio,SRR13128014,2714940,2714940,                      Pedobacter_sp._HDW13,Pedobacter_sp._HDW13,species,0.00010106870043843603,fraction_reads,0.0,2,2,0.00010188834769194873,0.9919554367886028
Centrifuger,default,Centrifuger_default,ZymoMockD6331,ZymoMockD6331,pacbio,SRR13128014,2578106,2578106,                      Pedobacter_sp._KBS0701,Pedobacter_sp._KBS0701,species,5.0534350219218014e-05,fraction_reads,0.0,1,1,5.0944173845974365e-05,0.9919554367886028
Centrifuger,default,Centrifuger_default,ZymoMockD6331,ZymoMockD6331,pacbio,SRR13128014,2679963,2679963,                    Pedobacter_gandavensis,Pedobacter gandavensis,species,0.00010106870043843603,fraction_reads,0.0,2,2,0.00010188834769194873,0.9919554367886028
Centrifuger,default,Centrifuger_default,ZymoMockD6331,ZymoMockD6331,pacbio,SRR13128014,188932,188932,                    Pedobacter_cryoconitis,Pedobacter cryoconitis,species,5.0534350219218014e-05,fraction_reads,0.0,1,1,5.0944173845974365e-05,0.9919554367886028
Centrifuger,default,Centrifuger_default,ZymoMockD6331,ZymoMockD6331,pacbio,SRR13128014,2605747,2605747,                    Pedobacter_aquae,Pedobacter aquae,species,5.0534350219218014e-05,fraction_reads,0.0,1,1,5.0944173845974365e-05,0.9919554367886028
Centrifuger,default,Centrifuger_default,ZymoMockD6331,ZymoMockD6331,pacbio,SRR13128014,2766984,2766984,                    Pedobacter_riviphilus,Pedobacter riviphilus,species,5.0534350219218014e-05,fraction_reads,0.0,1,1,5.0944173845974365e-05,0.9919554367886028
Centrifuger,default,Centrifuger_default,ZymoMockD6331,ZymoMockD6331,pacbio,SRR13128014,2895286,2895286,                    Pedobacter_mucosus,Pedobacter mucosus,species,5.0534350219218014e-05,fraction_reads,0.0,1,1,5.0944173845974365e-05,0.9919554367886028
Centrifuger,default,Centrifuger_default,ZymoMockD6331,ZymoMockD6331,pacbio,SRR13128014,2764720,2764720,                      Olivibacter_sp._SDN3,Olivibacter_sp._SDN3,species,5.0534350219218014e-05,fraction_reads,0.0,1,1,5.0944173845974365e-05,0.9919554367886028
Centrifuger,default,Centrifuger_default,ZymoMockD6331,ZymoMockD6331,pacbio,SRR13128014,995,995,                    Solitalea_canadensis,Solitalea canadensis,species,5.0534350219218014e-05,fraction_reads,0.0,1,0,5.0944173845974365e-05,0.9919554367886028
Centrifuger,default,Centrifuger_default,ZymoMockD6331,ZymoMockD6331,pacbio,SRR13128014,79329,79329,                    Chitinophaga_pinensis,Chitinophaga pinensis,species,5.0534350219218014e-05,fraction_reads,0.0,1,0,5.0944173845974365e-05,0.9919554367886028
Centrifuger,default,Centrifuger_default,ZymoMockD6331,ZymoMockD6331,pacbio,SRR13128014,2029983,2029983,                    Chitinophaga_caeni,Chitinophaga caeni,species,5.0534350219218014e-05,fraction_reads,0.0,1,1,5.0944173845974365e-05,0.9919554367886028
Centrifuger,default,Centrifuger_default,ZymoMockD6331,ZymoMockD6331,pacbio,SRR13128014,2703787,2703787,                    Chitinophaga_agri,Chitinophaga agri,species,5.0534350219218014e-05,fraction_reads,0.0,1,1,5.0944173845974365e-05,0.9919554367886028
Centrifuger,default,Centrifuger_default,ZymoMockD6331,ZymoMockD6331,pacbio,SRR13128014,2341117,2341117,                    Arachidicoccus_soli,Arachidicoccus soli,species,0.00015160305065765403,fraction_reads,0.0,3,3,0.0001528325215379231,0.9919554367886028
Centrifuger,default,Centrifuger_default,ZymoMockD6331,ZymoMockD6331,pacbio,SRR13128014,661481,661481,                    Flavisolibacter_ginsenosidimutans,Flavisolibacter ginsenosidimutans,species,0.00010106870043843603,fraction_reads,0.0,2,2,0.00010188834769194873,0.9919554367886028
Centrifuger,default,Centrifuger_default,ZymoMockD6331,ZymoMockD6331,pacbio,SRR13128014,575378,575378,                      Sediminibacterium_sp._TEGAF015,Sediminibacterium_sp._TEGAF015,species,0.00010106870043843603,fraction_reads,0.0,2,2,0.00010188834769194873,0.9919554367886028
Centrifuger,default,Centrifuger_default,ZymoMockD6331,ZymoMockD6331,pacbio,SRR13128014,354356,354356,                    Niastella_koreensis,Niastella koreensis,species,5.0534350219218014e-05,fraction_reads,0.0,1,0,5.0944173845974365e-05,0.9919554367886028
Centrifuger,default,Centrifuger_default,ZymoMockD6331,ZymoMockD6331,pacbio,SRR13128014,1176587,1176587,                    Niabella_ginsenosidivorans,Niabella ginsenosidivorans,species,5.0534350219218014e-05,fraction_reads,0.0,1,1,5.0944173845974365e-05,0.9919554367886028
Centrifuger,default,Centrifuger_default,ZymoMockD6331,ZymoMockD6331,pacbio,SRR13128014,2760713,2760713,                      Lacibacter_sp._S13-6-22,Lacibacter_sp._S13-6-22,species,5.0534350219218014e-05,fraction_reads,0.0,1,1,5.0944173845974365e-05,0.9919554367886028
Centrifuger,default,Centrifuger_default,ZymoMockD6331,ZymoMockD6331,pacbio,SRR13128014,2864201,2864201,                      Aureispira_sp._EL160426,Aureispira_sp._EL160426,species,0.00010106870043843603,fraction_reads,0.0,2,2,0.00010188834769194873,0.9919554367886028
Centrifuger,default,Centrifuger_default,ZymoMockD6331,ZymoMockD6331,pacbio,SRR13128014,591197,591197,                    Ignavibacterium_album,Ignavibacterium album,species,0.00015160305065765403,fraction_reads,0.0,3,0,0.0001528325215379231,0.9919554367886028
Centrifuger,default,Centrifuger_default,ZymoMockD6331,ZymoMockD6331,pacbio,SRR13128014,2992242,2992242,                      Prosthecochloris_sp._SCSIO_W1101,Prosthecochloris_sp._SCSIO_W1101,species,5.0534350219218014e-05,fraction_reads,0.0,1,1,5.0944173845974365e-05,0.9919554367886028
Centrifuger,default,Centrifuger_default,ZymoMockD6331,ZymoMockD6331,pacbio,SRR13128014,562,562,                Escherichia_coli,Escherichia coli,species,15.624362003828482,fraction_reads,15.62,309183,259335,15.751072502219891,0.9919554367886028
Centrifuger,default,Centrifuger_default,ZymoMockD6331,ZymoMockD6331,pacbio,SRR13128014,2860337,2860337,                  Escherichia_sp._TM-G17TGC,Escherichia_sp._TM-G17TGC,species,0.01521083941598462,fraction_reads,0.02,301,301,0.015334196327638282,0.9919554367886028
Centrifuger,default,Centrifuger_default,ZymoMockD6331,ZymoMockD6331,pacbio,SRR13128014,2857061,2857061,                  Escherichia_sp._TC-EC600-tetX4,Escherichia_sp._TC-EC600-tetX4,species,0.008186564735513317,fraction_reads,0.01,162,162,0.008252956163047847,0.9919554367886028
Centrifuger,default,Centrifuger_default,ZymoMockD6331,ZymoMockD6331,pacbio,SRR13128014,2725997,2725997,                  Escherichia_sp._SCLE84,Escherichia_sp._SCLE84,species,0.0005558778524113982,fraction_reads,0.0,11,11,0.000560385912305718,0.9919554367886028
Centrifuger,default,Centrifuger_default,ZymoMockD6331,ZymoMockD6331,pacbio,SRR13128014,564,564,                Escherichia_fergusonii,Escherichia fergusonii,species,0.0004042748017537441,fraction_reads,0.0,8,8,0.0004075533907677949,0.9919554367886028
Centrifuger,default,Centrifuger_default,ZymoMockD6331,ZymoMockD6331,pacbio,SRR13128014,208962,208962,                Escherichia_albertii,Escherichia albertii,species,0.00015160305065765403,fraction_reads,0.0,3,3,0.0001528325215379231,0.9919554367886028
Centrifuger,default,Centrifuger_default,ZymoMockD6331,ZymoMockD6331,pacbio,SRR13128014,623,623,                Shigella_flexneri,Shigella flexneri,species,0.07863144894110323,fraction_reads,0.08,1556,1550,0.0792691345043361,0.9919554367886028
Centrifuger,default,Centrifuger_default,ZymoMockD6331,ZymoMockD6331,pacbio,SRR13128014,624,624,                Shigella_sonnei,Shigella sonnei,species,0.0014149618061381044,fraction_reads,0.0,28,28,0.0014264368676872824,0.9919554367886028
Centrifuger,default,Centrifuger_default,ZymoMockD6331,ZymoMockD6331,pacbio,SRR13128014,622,622,                Shigella_dysenteriae,Shigella dysenteriae,species,0.0005558778524113982,fraction_reads,0.0,11,11,0.000560385912305718,0.9919554367886028
Centrifuger,default,Centrifuger_default,ZymoMockD6331,ZymoMockD6331,pacbio,SRR13128014,621,621,                Shigella_boydii,Shigella boydii,species,0.0004042748017537441,fraction_reads,0.0,8,8,0.0004075533907677949,0.9919554367886028
Centrifuger,default,Centrifuger_default,ZymoMockD6331,ZymoMockD6331,pacbio,SRR13128014,28901,28901,                Salmonella_enterica,Salmonella enterica,species,0.012734656255242938,fraction_reads,0.01,252,140,0.012837931809185538,0.9919554367886028
Centrifuger,default,Centrifuger_default,ZymoMockD6331,ZymoMockD6331,pacbio,SRR13128014,573,573,                  Klebsiella_pneumoniae,Klebsiella pneumoniae,species,0.0030825953633722984,fraction_reads,0.0,61,37,0.003107594604604436,0.9919554367886028
Centrifuger,default,Centrifuger_default,ZymoMockD6331,ZymoMockD6331,pacbio,SRR13128014,548,548,                  Klebsiella_aerogenes,Klebsiella aerogenes,species,0.00025267175109609005,fraction_reads,0.0,5,5,0.0002547208692298718,0.9919554367886028
Centrifuger,default,Centrifuger_default,ZymoMockD6331,ZymoMockD6331,pacbio,SRR13128014,571,571,                  Klebsiella_oxytoca,Klebsiella oxytoca,species,5.0534350219218014e-05,fraction_reads,0.0,1,1,5.0944173845974365e-05,0.9919554367886028
Centrifuger,default,Centrifuger_default,ZymoMockD6331,ZymoMockD6331,pacbio,SRR13128014,244366,244366,                  Klebsiella_variicola,Klebsiella variicola,species,5.0534350219218014e-05,fraction_reads,0.0,1,0,5.0944173845974365e-05,0.9919554367886028
Centrifuger,default,Centrifuger_default,ZymoMockD6331,ZymoMockD6331,pacbio,SRR13128014,1934254,1934254,                    Klebsiella_sp._M5al,Klebsiella_sp._M5al,species,5.0534350219218014e-05,fraction_reads,0.0,1,1,5.0944173845974365e-05,0.9919554367886028
Centrifuger,default,Centrifuger_default,ZymoMockD6331,ZymoMockD6331,pacbio,SRR13128014,1259973,1259973,                  Raoultella_electrica,Raoultella electrica,species,0.00010106870043843603,fraction_reads,0.0,2,2,0.00010188834769194873,0.9919554367886028
Centrifuger,default,Centrifuger_default,ZymoMockD6331,ZymoMockD6331,pacbio,SRR13128014,354276,354276,                Enterobacter_cloacae_complex,Enterobacter cloacae_complex,species,0.0023751144603032467,fraction_reads,0.0,47,0,0.0023943761707607954,0.9919554367886028
Centrifuger,default,Centrifuger_default,ZymoMockD6331,ZymoMockD6331,pacbio,SRR13128014,158836,158836,                  Enterobacter_hormaechei,Enterobacter hormaechei,species,0.0010106870043843602,fraction_reads,0.0,20,11,0.0010188834769194871,0.9919554367886028
Centrifuger,default,Centrifuger_default,ZymoMockD6331,ZymoMockD6331,pacbio,SRR13128014,2798729,2798729,                    Enterobacter_cloacae_complex_sp._AR_0002,Enterobacter cloacae_complex_sp._AR_0002,species,0.00030320610131530807,fraction_reads,0.0,6,6,0.0003056650430758462,0.9919554367886028
Centrifuger,default,Centrifuger_default,ZymoMockD6331,ZymoMockD6331,pacbio,SRR13128014,2027919,2027919,                    Enterobacter_cloacae_complex_sp.,Enterobacter cloacae_complex_sp.,species,0.00025267175109609005,fraction_reads,0.0,5,5,0.0002547208692298718,0.9919554367886028
Centrifuger,default,Centrifuger_default,ZymoMockD6331,ZymoMockD6331,pacbio,SRR13128014,1329836,1329836,                    Enterobacter_sp._BWH_37,Enterobacter_sp._BWH_37,species,5.0534350219218014e-05,fraction_reads,0.0,1,1,5.0944173845974365e-05,0.9919554367886028
Centrifuger,default,Centrifuger_default,ZymoMockD6331,ZymoMockD6331,pacbio,SRR13128014,550,550,                  Enterobacter_cloacae,Enterobacter cloacae,species,0.00025267175109609005,fraction_reads,0.0,5,5,0.0002547208692298718,0.9919554367886028
Centrifuger,default,Centrifuger_default,ZymoMockD6331,ZymoMockD6331,pacbio,SRR13128014,61645,61645,                  Enterobacter_asburiae,Enterobacter asburiae,species,0.00025267175109609005,fraction_reads,0.0,5,5,0.0002547208692298718,0.9919554367886028
Centrifuger,default,Centrifuger_default,ZymoMockD6331,ZymoMockD6331,pacbio,SRR13128014,1812935,1812935,                  Enterobacter_roggenkampii,Enterobacter roggenkampii,species,0.00015160305065765403,fraction_reads,0.0,3,3,0.0001528325215379231,0.9919554367886028
Centrifuger,default,Centrifuger_default,ZymoMockD6331,ZymoMockD6331,pacbio,SRR13128014,208224,208224,                  Enterobacter_kobei,Enterobacter kobei,species,5.0534350219218014e-05,fraction_reads,0.0,1,1,5.0944173845974365e-05,0.9919554367886028
Centrifuger,default,Centrifuger_default,ZymoMockD6331,ZymoMockD6331,pacbio,SRR13128014,299767,299767,                  Enterobacter_ludwigii,Enterobacter ludwigii,species,5.0534350219218014e-05,fraction_reads,0.0,1,1,5.0944173845974365e-05,0.9919554367886028
Centrifuger,default,Centrifuger_default,ZymoMockD6331,ZymoMockD6331,pacbio,SRR13128014,2742676,2742676,                  Enterobacter_sp._RHBSTW-00994,Enterobacter_sp._RHBSTW-00994,species,5.0534350219218014e-05,fraction_reads,0.0,1,1,5.0944173845974365e-05,0.9919554367886028
Centrifuger,default,Centrifuger_default,ZymoMockD6331,ZymoMockD6331,pacbio,SRR13128014,1344959,1344959,                Citrobacter_freundii_complex,Citrobacter freundii_complex,species,0.0007580152532882701,fraction_reads,0.0,15,0,0.0007641626076896154,0.9919554367886028
Centrifuger,default,Centrifuger_default,ZymoMockD6331,ZymoMockD6331,pacbio,SRR13128014,133448,133448,                  Citrobacter_youngae,Citrobacter youngae,species,0.0003537404515345261,fraction_reads,0.0,7,7,0.0003566092169218206,0.9919554367886028
Centrifuger,default,Centrifuger_default,ZymoMockD6331,ZymoMockD6331,pacbio,SRR13128014,546,546,                  Citrobacter_freundii,Citrobacter freundii,species,0.00025267175109609005,fraction_reads,0.0,5,5,0.0002547208692298718,0.9919554367886028
Centrifuger,default,Centrifuger_default,ZymoMockD6331,ZymoMockD6331,pacbio,SRR13128014,57706,57706,                  Citrobacter_braakii,Citrobacter braakii,species,5.0534350219218014e-05,fraction_reads,0.0,1,1,5.0944173845974365e-05,0.9919554367886028
Centrifuger,default,Centrifuger_default,ZymoMockD6331,ZymoMockD6331,pacbio,SRR13128014,67827,67827,                  Citrobacter_werkmanii,Citrobacter werkmanii,species,5.0534350219218014e-05,fraction_reads,0.0,1,1,5.0944173845974365e-05,0.9919554367886028
Centrifuger,default,Centrifuger_default,ZymoMockD6331,ZymoMockD6331,pacbio,SRR13128014,1639133,1639133,                  Citrobacter_portucalensis,Citrobacter portucalensis,species,5.0534350219218014e-05,fraction_reads,0.0,1,1,5.0944173845974365e-05,0.9919554367886028
Centrifuger,default,Centrifuger_default,ZymoMockD6331,ZymoMockD6331,pacbio,SRR13128014,2971264,2971264,                  Citrobacter_sp._S171,Citrobacter_sp._S171,species,0.00020213740087687205,fraction_reads,0.0,4,4,0.00020377669538389746,0.9919554367886028
Centrifuger,default,Centrifuger_default,ZymoMockD6331,ZymoMockD6331,pacbio,SRR13128014,35703,35703,                Citrobacter_amalonaticus,Citrobacter amalonaticus,species,0.00015160305065765403,fraction_reads,0.0,3,3,0.0001528325215379231,0.9919554367886028
Centrifuger,default,Centrifuger_default,ZymoMockD6331,ZymoMockD6331,pacbio,SRR13128014,67825,67825,                Citrobacter_rodentium,Citrobacter rodentium,species,5.0534350219218014e-05,fraction_reads,0.0,1,0,5.0944173845974365e-05,0.9919554367886028
Centrifuger,default,Centrifuger_default,ZymoMockD6331,ZymoMockD6331,pacbio,SRR13128014,700220,700220,                        Blochmannia_endosymbiont_of_Camponotus_sp.,Blochmannia endosymbiont_of Camponotus_sp.,species,0.00015160305065765403,fraction_reads,0.0,3,3,0.0001528325215379231,0.9919554367886028
Centrifuger,default,Centrifuger_default,ZymoMockD6331,ZymoMockD6331,pacbio,SRR13128014,2681986,2681986,                        Blochmannia_endosymbiont_of_Camponotus_nipponensis,Blochmannia endosymbiont_of Camponotus_nipponensis,species,0.00010106870043843603,fraction_reads,0.0,2,2,0.00010188834769194873,0.9919554367886028
Centrifuger,default,Centrifuger_default,ZymoMockD6331,ZymoMockD6331,pacbio,SRR13128014,2681987,2681987,                        Blochmannia_endosymbiont_of_Colobopsis_nipponica,Blochmannia endosymbiont_of Colobopsis_nipponica,species,5.0534350219218014e-05,fraction_reads,0.0,1,1,5.0944173845974365e-05,0.9919554367886028
Centrifuger,default,Centrifuger_default,ZymoMockD6331,ZymoMockD6331,pacbio,SRR13128014,134287,134287,                    secondary_endosymbiont_of_Heteropsylla_cubana,secondary endosymbiont_of Heteropsylla_cubana,species,5.0534350219218014e-05,fraction_reads,0.0,1,1,5.0944173845974365e-05,0.9919554367886028
Centrifuger,default,Centrifuger_default,ZymoMockD6331,ZymoMockD6331,pacbio,SRR13128014,1410383,1410383,                    Candidatus_Tachikawaea_gelatinosa,Candidatus Tachikawaea_gelatinosa,species,5.0534350219218014e-05,fraction_reads,0.0,1,1,5.0944173845974365e-05,0.9919554367886028
Centrifuger,default,Centrifuger_default,ZymoMockD6331,ZymoMockD6331,pacbio,SRR13128014,83655,83655,                Leclercia_adecarboxylata,Leclercia adecarboxylata,species,0.00015160305065765403,fraction_reads,0.0,3,3,0.0001528325215379231,0.9919554367886028
Centrifuger,default,Centrifuger_default,ZymoMockD6331,ZymoMockD6331,pacbio,SRR13128014,2898725,2898725,                  Leclercia_sp._G3L,Leclercia_sp._G3L,species,5.0534350219218014e-05,fraction_reads,0.0,1,1,5.0944173845974365e-05,0.9919554367886028
Centrifuger,default,Centrifuger_default,ZymoMockD6331,ZymoMockD6331,pacbio,SRR13128014,2153385,2153385,                  Lelliottia_sp._WB101,Lelliottia_sp._WB101,species,0.00015160305065765403,fraction_reads,0.0,3,3,0.0001528325215379231,0.9919554367886028
Centrifuger,default,Centrifuger_default,ZymoMockD6331,ZymoMockD6331,pacbio,SRR13128014,61646,61646,                Lelliottia_amnigena,Lelliottia amnigena,species,5.0534350219218014e-05,fraction_reads,0.0,1,1,5.0944173845974365e-05,0.9919554367886028
Centrifuger,default,Centrifuger_default,ZymoMockD6331,ZymoMockD6331,pacbio,SRR13128014,283686,283686,                Kosakonia_radicincitans,Kosakonia radicincitans,species,0.00010106870043843603,fraction_reads,0.0,2,2,0.00010188834769194873,0.9919554367886028
Centrifuger,default,Centrifuger_default,ZymoMockD6331,ZymoMockD6331,pacbio,SRR13128014,1005665,1005665,                Kosakonia_oryzendophytica,Kosakonia oryzendophytica,species,0.00010106870043843603,fraction_reads,0.0,2,2,0.00010188834769194873,0.9919554367886028
Centrifuger,default,Centrifuger_default,ZymoMockD6331,ZymoMockD6331,pacbio,SRR13128014,61648,61648,                Kluyvera_intermedia,Kluyvera intermedia,species,0.00010106870043843603,fraction_reads,0.0,2,2,0.00010188834769194873,0.9919554367886028
Centrifuger,default,Centrifuger_default,ZymoMockD6331,ZymoMockD6331,pacbio,SRR13128014,2873269,2873269,                  Kluyvera_sp._CRP,Kluyvera_sp._CRP,species,5.0534350219218014e-05,fraction_reads,0.0,1,1,5.0944173845974365e-05,0.9919554367886028
Centrifuger,default,Centrifuger_default,ZymoMockD6331,ZymoMockD6331,pacbio,SRR13128014,168169,168169,                Candidatus_Ishikawaella_capsulata,Candidatus Ishikawaella_capsulata,species,0.00015160305065765403,fraction_reads,0.0,3,0,0.0001528325215379231,0.9919554367886028
Centrifuger,default,Centrifuger_default,ZymoMockD6331,ZymoMockD6331,pacbio,SRR13128014,395631,395631,                Phytobacter_diazotrophicus,Phytobacter diazotrophicus,species,0.00015160305065765403,fraction_reads,0.0,3,3,0.0001528325215379231,0.9919554367886028
Centrifuger,default,Centrifuger_default,ZymoMockD6331,ZymoMockD6331,pacbio,SRR13128014,401619,401619,                Candidatus_Riesia_pediculicola,Candidatus Riesia_pediculicola,species,0.00010106870043843603,fraction_reads,0.0,2,2,0.00010188834769194873,0.9919554367886028
Centrifuger,default,Centrifuger_default,ZymoMockD6331,ZymoMockD6331,pacbio,SRR13128014,82989,82989,                Buttiauxella_ferragutiae,Buttiauxella ferragutiae,species,5.0534350219218014e-05,fraction_reads,0.0,1,1,5.0944173845974365e-05,0.9919554367886028
Centrifuger,default,Centrifuger_default,ZymoMockD6331,ZymoMockD6331,pacbio,SRR13128014,28141,28141,                Cronobacter_sakazakii,Cronobacter sakazakii,species,5.0534350219218014e-05,fraction_reads,0.0,1,0,5.0944173845974365e-05,0.9919554367886028
Centrifuger,default,Centrifuger_default,ZymoMockD6331,ZymoMockD6331,pacbio,SRR13128014,61647,61647,                Pluralibacter_gergoviae,Pluralibacter gergoviae,species,5.0534350219218014e-05,fraction_reads,0.0,1,1,5.0944173845974365e-05,0.9919554367886028
Centrifuger,default,Centrifuger_default,ZymoMockD6331,ZymoMockD6331,pacbio,SRR13128014,29486,29486,                Yersinia_ruckeri,Yersinia ruckeri,species,0.0005558778524113982,fraction_reads,0.0,11,11,0.000560385912305718,0.9919554367886028
Centrifuger,default,Centrifuger_default,ZymoMockD6331,ZymoMockD6331,pacbio,SRR13128014,630,630,                Yersinia_enterocolitica,Yersinia enterocolitica,species,0.00030320610131530807,fraction_reads,0.0,6,6,0.0003056650430758462,0.9919554367886028
Centrifuger,default,Centrifuger_default,ZymoMockD6331,ZymoMockD6331,pacbio,SRR13128014,29483,29483,                Yersinia_aldovae,Yersinia aldovae,species,0.00015160305065765403,fraction_reads,0.0,3,0,0.0001528325215379231,0.9919554367886028
Centrifuger,default,Centrifuger_default,ZymoMockD6331,ZymoMockD6331,pacbio,SRR13128014,29484,29484,                Yersinia_frederiksenii,Yersinia frederiksenii,species,0.00010106870043843603,fraction_reads,0.0,2,2,0.00010188834769194873,0.9919554367886028
Centrifuger,default,Centrifuger_default,ZymoMockD6331,ZymoMockD6331,pacbio,SRR13128014,1649845,1649845,                Yersinia_pseudotuberculosis_complex,Yersinia pseudotuberculosis_complex,species,0.00010106870043843603,fraction_reads,0.0,2,0,0.00010188834769194873,0.9919554367886028
Centrifuger,default,Centrifuger_default,ZymoMockD6331,ZymoMockD6331,pacbio,SRR13128014,632,632,                  Yersinia_pestis,Yersinia pestis,species,5.0534350219218014e-05,fraction_reads,0.0,1,0,5.0944173845974365e-05,0.9919554367886028
Centrifuger,default,Centrifuger_default,ZymoMockD6331,ZymoMockD6331,pacbio,SRR13128014,633,633,                  Yersinia_pseudotuberculosis,Yersinia pseudotuberculosis,species,5.0534350219218014e-05,fraction_reads,0.0,1,1,5.0944173845974365e-05,0.9919554367886028
Centrifuger,default,Centrifuger_default,ZymoMockD6331,ZymoMockD6331,pacbio,SRR13128014,1604335,1604335,                Yersinia_rochesterensis,Yersinia rochesterensis,species,5.0534350219218014e-05,fraction_reads,0.0,1,1,5.0944173845974365e-05,0.9919554367886028
Centrifuger,default,Centrifuger_default,ZymoMockD6331,ZymoMockD6331,pacbio,SRR13128014,82996,82996,                Serratia_plymuthica,Serratia plymuthica,species,0.00025267175109609005,fraction_reads,0.0,5,5,0.0002547208692298718,0.9919554367886028
Centrifuger,default,Centrifuger_default,ZymoMockD6331,ZymoMockD6331,pacbio,SRR13128014,61652,61652,                Serratia_rubidaea,Serratia rubidaea,species,0.00015160305065765403,fraction_reads,0.0,3,3,0.0001528325215379231,0.9919554367886028
Centrifuger,default,Centrifuger_default,ZymoMockD6331,ZymoMockD6331,pacbio,SRR13128014,47917,47917,                Serratia_fonticola,Serratia fonticola,species,0.00010106870043843603,fraction_reads,0.0,2,2,0.00010188834769194873,0.9919554367886028
Centrifuger,default,Centrifuger_default,ZymoMockD6331,ZymoMockD6331,pacbio,SRR13128014,137545,137545,                Serratia_quinivorans,Serratia quinivorans,species,0.00010106870043843603,fraction_reads,0.0,2,2,0.00010188834769194873,0.9919554367886028
Centrifuger,default,Centrifuger_default,ZymoMockD6331,ZymoMockD6331,pacbio,SRR13128014,34038,34038,                Rahnella_aquatilis,Rahnella aquatilis,species,0.00020213740087687205,fraction_reads,0.0,4,4,0.00020377669538389746,0.9919554367886028
Centrifuger,default,Centrifuger_default,ZymoMockD6331,ZymoMockD6331,pacbio,SRR13128014,1510570,1510570,                Rahnella_victoriana,Rahnella victoriana,species,5.0534350219218014e-05,fraction_reads,0.0,1,1,5.0944173845974365e-05,0.9919554367886028
Centrifuger,default,Centrifuger_default,ZymoMockD6331,ZymoMockD6331,pacbio,SRR13128014,1646377,1646377,                Rouxiella_badensis,Rouxiella badensis,species,0.00015160305065765403,fraction_reads,0.0,3,3,0.0001528325215379231,0.9919554367886028
Centrifuger,default,Centrifuger_default,ZymoMockD6331,ZymoMockD6331,pacbio,SRR13128014,1878942,1878942,                Candidatus_Fukatsuia_symbiotica,Candidatus Fukatsuia_symbiotica,species,5.0534350219218014e-05,fraction_reads,0.0,1,1,5.0944173845974365e-05,0.9919554367886028
Centrifuger,default,Centrifuger_default,ZymoMockD6331,ZymoMockD6331,pacbio,SRR13128014,9,9,                Buchnera_aphidicola,Buchnera aphidicola,species,0.0011117557048227963,fraction_reads,0.0,22,0,0.001120771824611436,0.9919554367886028
Centrifuger,default,Centrifuger_default,ZymoMockD6331,ZymoMockD6331,pacbio,SRR13128014,1922217,1922217,                Candidatus_Erwinia_haradaeae,Candidatus Erwinia_haradaeae,species,0.00025267175109609005,fraction_reads,0.0,5,5,0.0002547208692298718,0.9919554367886028
Centrifuger,default,Centrifuger_default,ZymoMockD6331,ZymoMockD6331,pacbio,SRR13128014,55211,55211,                Erwinia_persicina,Erwinia persicina,species,0.00010106870043843603,fraction_reads,0.0,2,2,0.00010188834769194873,0.9919554367886028
Centrifuger,default,Centrifuger_default,ZymoMockD6331,ZymoMockD6331,pacbio,SRR13128014,79967,79967,                Erwinia_pyrifoliae,Erwinia pyrifoliae,species,5.0534350219218014e-05,fraction_reads,0.0,1,1,5.0944173845974365e-05,0.9919554367886028
Centrifuger,default,Centrifuger_default,ZymoMockD6331,ZymoMockD6331,pacbio,SRR13128014,553,553,                Pantoea_ananatis,Pantoea ananatis,species,0.00020213740087687205,fraction_reads,0.0,4,4,0.00020377669538389746,0.9919554367886028
Centrifuger,default,Centrifuger_default,ZymoMockD6331,ZymoMockD6331,pacbio,SRR13128014,1654067,1654067,                Pantoea_agglomerans_group,Pantoea agglomerans_group,species,0.00015160305065765403,fraction_reads,0.0,3,0,0.0001528325215379231,0.9919554367886028
Centrifuger,default,Centrifuger_default,ZymoMockD6331,ZymoMockD6331,pacbio,SRR13128014,549,549,                  Pantoea_agglomerans,Pantoea agglomerans,species,0.00015160305065765403,fraction_reads,0.0,3,3,0.0001528325215379231,0.9919554367886028
Centrifuger,default,Centrifuger_default,ZymoMockD6331,ZymoMockD6331,pacbio,SRR13128014,1235990,1235990,                Candidatus_Pantoea_carbekii,Candidatus Pantoea_carbekii,species,0.00010106870043843603,fraction_reads,0.0,2,2,0.00010188834769194873,0.9919554367886028
Centrifuger,default,Centrifuger_default,ZymoMockD6331,ZymoMockD6331,pacbio,SRR13128014,1619313,1619313,                Duffyella_gerundensis,Duffyella gerundensis,species,0.00030320610131530807,fraction_reads,0.0,6,6,0.0003056650430758462,0.9919554367886028
Centrifuger,default,Centrifuger_default,ZymoMockD6331,ZymoMockD6331,pacbio,SRR13128014,51229,51229,                Wigglesworthia_glossinidia,Wigglesworthia glossinidia,species,5.0534350219218014e-05,fraction_reads,0.0,1,0,5.0944173845974365e-05,0.9919554367886028
Centrifuger,default,Centrifuger_default,ZymoMockD6331,ZymoMockD6331,pacbio,SRR13128014,2872648,2872648,                Mixta_hanseatica,Mixta hanseatica,species,5.0534350219218014e-05,fraction_reads,0.0,1,1,5.0944173845974365e-05,0.9919554367886028
Centrifuger,default,Centrifuger_default,ZymoMockD6331,ZymoMockD6331,pacbio,SRR13128014,2939731,2939731,                  Providencia_sp._PROV188,Providencia_sp._PROV188,species,0.00020213740087687205,fraction_reads,0.0,4,4,0.00020377669538389746,0.9919554367886028
Centrifuger,default,Centrifuger_default,ZymoMockD6331,ZymoMockD6331,pacbio,SRR13128014,2828763,2828763,                  Providencia_sp._R33,Providencia_sp._R33,species,5.0534350219218014e-05,fraction_reads,0.0,1,1,5.0944173845974365e-05,0.9919554367886028
Centrifuger,default,Centrifuger_default,ZymoMockD6331,ZymoMockD6331,pacbio,SRR13128014,587,587,                Providencia_rettgeri,Providencia rettgeri,species,0.00015160305065765403,fraction_reads,0.0,3,3,0.0001528325215379231,0.9919554367886028
Centrifuger,default,Centrifuger_default,ZymoMockD6331,ZymoMockD6331,pacbio,SRR13128014,126385,126385,                Providencia_alcalifaciens,Providencia alcalifaciens,species,0.00015160305065765403,fraction_reads,0.0,3,3,0.0001528325215379231,0.9919554367886028
Centrifuger,default,Centrifuger_default,ZymoMockD6331,ZymoMockD6331,pacbio,SRR13128014,333962,333962,                Providencia_heimbachae,Providencia heimbachae,species,5.0534350219218014e-05,fraction_reads,0.0,1,1,5.0944173845974365e-05,0.9919554367886028
Centrifuger,default,Centrifuger_default,ZymoMockD6331,ZymoMockD6331,pacbio,SRR13128014,584,584,                Proteus_mirabilis,Proteus mirabilis,species,0.00020213740087687205,fraction_reads,0.0,4,4,0.00020377669538389746,0.9919554367886028
Centrifuger,default,Centrifuger_default,ZymoMockD6331,ZymoMockD6331,pacbio,SRR13128014,1574161,1574161,                Proteus_terrae,Proteus terrae,species,0.00015160305065765403,fraction_reads,0.0,3,0,0.0001528325215379231,0.9919554367886028
Centrifuger,default,Centrifuger_default,ZymoMockD6331,ZymoMockD6331,pacbio,SRR13128014,102862,102862,                Proteus_penneri,Proteus penneri,species,0.00010106870043843603,fraction_reads,0.0,2,2,0.00010188834769194873,0.9919554367886028
Centrifuger,default,Centrifuger_default,ZymoMockD6331,ZymoMockD6331,pacbio,SRR13128014,1921565,1921565,                  Proteus_sp._CD3,Proteus_sp._CD3,species,5.0534350219218014e-05,fraction_reads,0.0,1,1,5.0944173845974365e-05,0.9919554367886028
Centrifuger,default,Centrifuger_default,ZymoMockD6331,ZymoMockD6331,pacbio,SRR13128014,40576,40576,                Xenorhabdus_bovienii,Xenorhabdus bovienii,species,0.00015160305065765403,fraction_reads,0.0,3,0,0.0001528325215379231,0.9919554367886028
Centrifuger,default,Centrifuger_default,ZymoMockD6331,ZymoMockD6331,pacbio,SRR13128014,40577,40577,                Xenorhabdus_poinarii,Xenorhabdus poinarii,species,5.0534350219218014e-05,fraction_reads,0.0,1,0,5.0944173845974365e-05,0.9919554367886028
Centrifuger,default,Centrifuger_default,ZymoMockD6331,ZymoMockD6331,pacbio,SRR13128014,290110,290110,                Xenorhabdus_budapestensis,Xenorhabdus budapestensis,species,5.0534350219218014e-05,fraction_reads,0.0,1,1,5.0944173845974365e-05,0.9919554367886028
Centrifuger,default,Centrifuger_default,ZymoMockD6331,ZymoMockD6331,pacbio,SRR13128014,351679,351679,                Xenorhabdus_hominickii,Xenorhabdus hominickii,species,5.0534350219218014e-05,fraction_reads,0.0,1,1,5.0944173845974365e-05,0.9919554367886028
Centrifuger,default,Centrifuger_default,ZymoMockD6331,ZymoMockD6331,pacbio,SRR13128014,230089,230089,                Photorhabdus_thracensis,Photorhabdus thracensis,species,0.00010106870043843603,fraction_reads,0.0,2,2,0.00010188834769194873,0.9919554367886028
Centrifuger,default,Centrifuger_default,ZymoMockD6331,ZymoMockD6331,pacbio,SRR13128014,291112,291112,                Photorhabdus_asymbiotica,Photorhabdus asymbiotica,species,5.0534350219218014e-05,fraction_reads,0.0,1,1,5.0944173845974365e-05,0.9919554367886028
Centrifuger,default,Centrifuger_default,ZymoMockD6331,ZymoMockD6331,pacbio,SRR13128014,582,582,                Morganella_morganii,Morganella morganii,species,5.0534350219218014e-05,fraction_reads,0.0,1,0,5.0944173845974365e-05,0.9919554367886028
Centrifuger,default,Centrifuger_default,ZymoMockD6331,ZymoMockD6331,pacbio,SRR13128014,634113,634113,                Candidatus_Arsenophonus_lipoptenae,Candidatus Arsenophonus_lipoptenae,species,5.0534350219218014e-05,fraction_reads,0.0,1,1,5.0944173845974365e-05,0.9919554367886028
Centrifuger,default,Centrifuger_default,ZymoMockD6331,ZymoMockD6331,pacbio,SRR13128014,556,556,                Dickeya_chrysanthemi,Dickeya chrysanthemi,species,5.0534350219218014e-05,fraction_reads,0.0,1,0,5.0944173845974365e-05,0.9919554367886028
Centrifuger,default,Centrifuger_default,ZymoMockD6331,ZymoMockD6331,pacbio,SRR13128014,204039,204039,                Dickeya_dianthicola,Dickeya dianthicola,species,5.0534350219218014e-05,fraction_reads,0.0,1,1,5.0944173845974365e-05,0.9919554367886028
Centrifuger,default,Centrifuger_default,ZymoMockD6331,ZymoMockD6331,pacbio,SRR13128014,204042,204042,                Dickeya_zeae,Dickeya zeae,species,5.0534350219218014e-05,fraction_reads,0.0,1,1,5.0944173845974365e-05,0.9919554367886028
Centrifuger,default,Centrifuger_default,ZymoMockD6331,ZymoMockD6331,pacbio,SRR13128014,1778540,1778540,                Dickeya_fangzhongdai,Dickeya fangzhongdai,species,5.0534350219218014e-05,fraction_reads,0.0,1,1,5.0944173845974365e-05,0.9919554367886028
Centrifuger,default,Centrifuger_default,ZymoMockD6331,ZymoMockD6331,pacbio,SRR13128014,554,554,                Pectobacterium_carotovorum,Pectobacterium carotovorum,species,5.0534350219218014e-05,fraction_reads,0.0,1,0,5.0944173845974365e-05,0.9919554367886028
Centrifuger,default,Centrifuger_default,ZymoMockD6331,ZymoMockD6331,pacbio,SRR13128014,78398,78398,                Pectobacterium_odoriferum,Pectobacterium odoriferum,species,5.0534350219218014e-05,fraction_reads,0.0,1,1,5.0944173845974365e-05,0.9919554367886028
Centrifuger,default,Centrifuger_default,ZymoMockD6331,ZymoMockD6331,pacbio,SRR13128014,2738983,2738983,                  Pectobacterium_sp._PL64,Pectobacterium_sp._PL64,species,5.0534350219218014e-05,fraction_reads,0.0,1,1,5.0944173845974365e-05,0.9919554367886028
Centrifuger,default,Centrifuger_default,ZymoMockD6331,ZymoMockD6331,pacbio,SRR13128014,569,569,                Hafnia_alvei,Hafnia alvei,species,5.0534350219218014e-05,fraction_reads,0.0,1,1,5.0944173845974365e-05,0.9919554367886028
Centrifuger,default,Centrifuger_default,ZymoMockD6331,ZymoMockD6331,pacbio,SRR13128014,636,636,                Edwardsiella_tarda,Edwardsiella tarda,species,5.0534350219218014e-05,fraction_reads,0.0,1,1,5.0944173845974365e-05,0.9919554367886028
Centrifuger,default,Centrifuger_default,ZymoMockD6331,ZymoMockD6331,pacbio,SRR13128014,82985,82985,                Pragia_fontium,Pragia fontium,species,0.00015160305065765403,fraction_reads,0.0,3,3,0.0001528325215379231,0.9919554367886028
Centrifuger,default,Centrifuger_default,ZymoMockD6331,ZymoMockD6331,pacbio,SRR13128014,1486991,1486991,                Candidatus_Sodalis_pierantonius,Candidatus Sodalis_pierantonius,species,0.00010106870043843603,fraction_reads,0.0,2,0,0.00010188834769194873,0.9919554367886028
Centrifuger,default,Centrifuger_default,ZymoMockD6331,ZymoMockD6331,pacbio,SRR13128014,2697027,2697027,                Sodalis_ligni,Sodalis ligni,species,5.0534350219218014e-05,fraction_reads,0.0,1,1,5.0944173845974365e-05,0.9919554367886028
Centrifuger,default,Centrifuger_default,ZymoMockD6331,ZymoMockD6331,pacbio,SRR13128014,2575361,2575361,                  Shewanella_sp._MEBiC00475,Shewanella_sp._MEBiC00475,species,0.00020213740087687205,fraction_reads,0.0,4,4,0.00020377669538389746,0.9919554367886028
Centrifuger,default,Centrifuger_default,ZymoMockD6331,ZymoMockD6331,pacbio,SRR13128014,2589987,2589987,                  Shewanella_sp._Scap07,Shewanella_sp._Scap07,species,0.00020213740087687205,fraction_reads,0.0,4,4,0.00020377669538389746,0.9919554367886028
Centrifuger,default,Centrifuger_default,ZymoMockD6331,ZymoMockD6331,pacbio,SRR13128014,2864209,2864209,                  Shewanella_sp._FJAT-54031,Shewanella_sp._FJAT-54031,species,0.00010106870043843603,fraction_reads,0.0,2,2,0.00010188834769194873,0.9919554367886028
Centrifuger,default,Centrifuger_default,ZymoMockD6331,ZymoMockD6331,pacbio,SRR13128014,2059264,2059264,                  Shewanella_sp._Pdp11,Shewanella_sp._Pdp11,species,5.0534350219218014e-05,fraction_reads,0.0,1,1,5.0944173845974365e-05,0.9919554367886028
Centrifuger,default,Centrifuger_default,ZymoMockD6331,ZymoMockD6331,pacbio,SRR13128014,2590015,2590015,                  Shewanella_sp._SNU_WT4,Shewanella_sp._SNU_WT4,species,5.0534350219218014e-05,fraction_reads,0.0,1,1,5.0944173845974365e-05,0.9919554367886028
Centrifuger,default,Centrifuger_default,ZymoMockD6331,ZymoMockD6331,pacbio,SRR13128014,2698686,2698686,                  Shewanella_sp._Arc9-LZ,Shewanella_sp._Arc9-LZ,species,5.0534350219218014e-05,fraction_reads,0.0,1,1,5.0944173845974365e-05,0.9919554367886028
Centrifuger,default,Centrifuger_default,ZymoMockD6331,ZymoMockD6331,pacbio,SRR13128014,2803864,2803864,                  Shewanella_sp._KX20019,Shewanella_sp._KX20019,species,5.0534350219218014e-05,fraction_reads,0.0,1,1,5.0944173845974365e-05,0.9919554367886028
Centrifuger,default,Centrifuger_default,ZymoMockD6331,ZymoMockD6331,pacbio,SRR13128014,2864213,2864213,                  Shewanella_sp._FJAT-52072,Shewanella_sp._FJAT-52072,species,5.0534350219218014e-05,fraction_reads,0.0,1,1,5.0944173845974365e-05,0.9919554367886028
Centrifuger,default,Centrifuger_default,ZymoMockD6331,ZymoMockD6331,pacbio,SRR13128014,38313,38313,                Shewanella_algae,Shewanella algae,species,0.00020213740087687205,fraction_reads,0.0,4,4,0.00020377669538389746,0.9919554367886028
Centrifuger,default,Centrifuger_default,ZymoMockD6331,ZymoMockD6331,pacbio,SRR13128014,150120,150120,                Shewanella_livingstonensis,Shewanella livingstonensis,species,0.00015160305065765403,fraction_reads,0.0,3,3,0.0001528325215379231,0.9919554367886028
Centrifuger,default,Centrifuger_default,ZymoMockD6331,ZymoMockD6331,pacbio,SRR13128014,712036,712036,                Shewanella_dokdonensis,Shewanella dokdonensis,species,0.00015160305065765403,fraction_reads,0.0,3,3,0.0001528325215379231,0.9919554367886028
Centrifuger,default,Centrifuger_default,ZymoMockD6331,ZymoMockD6331,pacbio,SRR13128014,60217,60217,                Shewanella_violacea,Shewanella violacea,species,0.00010106870043843603,fraction_reads,0.0,2,0,0.00010188834769194873,0.9919554367886028
Centrifuger,default,Centrifuger_default,ZymoMockD6331,ZymoMockD6331,pacbio,SRR13128014,62322,62322,                Shewanella_baltica,Shewanella baltica,species,0.00010106870043843603,fraction_reads,0.0,2,1,0.00010188834769194873,0.9919554367886028
Centrifuger,default,Centrifuger_default,ZymoMockD6331,ZymoMockD6331,pacbio,SRR13128014,238836,238836,                Shewanella_donghaensis,Shewanella donghaensis,species,0.00010106870043843603,fraction_reads,0.0,2,2,0.00010188834769194873,0.9919554367886028
Centrifuger,default,Centrifuger_default,ZymoMockD6331,ZymoMockD6331,pacbio,SRR13128014,43661,43661,                Shewanella_benthica,Shewanella benthica,species,5.0534350219218014e-05,fraction_reads,0.0,1,1,5.0944173845974365e-05,0.9919554367886028
Centrifuger,default,Centrifuger_default,ZymoMockD6331,ZymoMockD6331,pacbio,SRR13128014,256839,256839,                Shewanella_decolorationis,Shewanella decolorationis,species,5.0534350219218014e-05,fraction_reads,0.0,1,1,5.0944173845974365e-05,0.9919554367886028
Centrifuger,default,Centrifuger_default,ZymoMockD6331,ZymoMockD6331,pacbio,SRR13128014,271097,271097,                Shewanella_sediminis,Shewanella sediminis,species,5.0534350219218014e-05,fraction_reads,0.0,1,0,5.0944173845974365e-05,0.9919554367886028
Centrifuger,default,Centrifuger_default,ZymoMockD6331,ZymoMockD6331,pacbio,SRR13128014,271098,271098,                Shewanella_halifaxensis,Shewanella halifaxensis,species,5.0534350219218014e-05,fraction_reads,0.0,1,0,5.0944173845974365e-05,0.9919554367886028
Centrifuger,default,Centrifuger_default,ZymoMockD6331,ZymoMockD6331,pacbio,SRR13128014,2588449,2588449,                Shewanella_polaris,Shewanella polaris,species,5.0534350219218014e-05,fraction_reads,0.0,1,1,5.0944173845974365e-05,0.9919554367886028
Centrifuger,default,Centrifuger_default,ZymoMockD6331,ZymoMockD6331,pacbio,SRR13128014,2593655,2593655,                Shewanella_psychropiezotolerans,Shewanella psychropiezotolerans,species,5.0534350219218014e-05,fraction_reads,0.0,1,1,5.0944173845974365e-05,0.9919554367886028
Centrifuger,default,Centrifuger_default,ZymoMockD6331,ZymoMockD6331,pacbio,SRR13128014,1720343,1720343,                  Pseudoalteromonas_sp._1_2015MBL_MicDiv,Pseudoalteromonas_sp._1_2015MBL_MicDiv,species,0.00010106870043843603,fraction_reads,0.0,2,2,0.00010188834769194873,0.9919554367886028
Centrifuger,default,Centrifuger_default,ZymoMockD6331,ZymoMockD6331,pacbio,SRR13128014,2587843,2587843,                  Pseudoalteromonas_sp._THAF3,Pseudoalteromonas_sp._THAF3,species,0.00010106870043843603,fraction_reads,0.0,2,2,0.00010188834769194873,0.9919554367886028
Centrifuger,default,Centrifuger_default,ZymoMockD6331,ZymoMockD6331,pacbio,SRR13128014,1709477,1709477,                  Pseudoalteromonas_sp._R3,Pseudoalteromonas_sp._R3,species,5.0534350219218014e-05,fraction_reads,0.0,1,1,5.0944173845974365e-05,0.9919554367886028
Centrifuger,default,Centrifuger_default,ZymoMockD6331,ZymoMockD6331,pacbio,SRR13128014,2692624,2692624,                  Pseudoalteromonas_sp._M8,Pseudoalteromonas_sp._M8,species,5.0534350219218014e-05,fraction_reads,0.0,1,1,5.0944173845974365e-05,0.9919554367886028
Centrifuger,default,Centrifuger_default,ZymoMockD6331,ZymoMockD6331,pacbio,SRR13128014,2822846,2822846,                  Pseudoalteromonas_sp._SCSIO_43088,Pseudoalteromonas_sp._SCSIO_43088,species,5.0534350219218014e-05,fraction_reads,0.0,1,1,5.0944173845974365e-05,0.9919554367886028
Centrifuger,default,Centrifuger_default,ZymoMockD6331,ZymoMockD6331,pacbio,SRR13128014,2822847,2822847,                  Pseudoalteromonas_sp._SCSIO_43101,Pseudoalteromonas_sp._SCSIO_43101,species,5.0534350219218014e-05,fraction_reads,0.0,1,1,5.0944173845974365e-05,0.9919554367886028
Centrifuger,default,Centrifuger_default,ZymoMockD6331,ZymoMockD6331,pacbio,SRR13128014,161398,161398,                Pseudoalteromonas_phenolica,Pseudoalteromonas phenolica,species,0.00020213740087687205,fraction_reads,0.0,4,4,0.00020377669538389746,0.9919554367886028
Centrifuger,default,Centrifuger_default,ZymoMockD6331,ZymoMockD6331,pacbio,SRR13128014,43658,43658,                Pseudoalteromonas_rubra,Pseudoalteromonas rubra,species,0.00015160305065765403,fraction_reads,0.0,3,3,0.0001528325215379231,0.9919554367886028
Centrifuger,default,Centrifuger_default,ZymoMockD6331,ZymoMockD6331,pacbio,SRR13128014,77608,77608,                Pseudoalteromonas_distincta,Pseudoalteromonas distincta,species,5.0534350219218014e-05,fraction_reads,0.0,1,1,5.0944173845974365e-05,0.9919554367886028
Centrifuger,default,Centrifuger_default,ZymoMockD6331,ZymoMockD6331,pacbio,SRR13128014,166935,166935,                Pseudoalteromonas_translucida,Pseudoalteromonas translucida,species,5.0534350219218014e-05,fraction_reads,0.0,1,1,5.0944173845974365e-05,0.9919554367886028
Centrifuger,default,Centrifuger_default,ZymoMockD6331,ZymoMockD6331,pacbio,SRR13128014,1348114,1348114,                Pseudoalteromonas_piratica,Pseudoalteromonas piratica,species,5.0534350219218014e-05,fraction_reads,0.0,1,1,5.0944173845974365e-05,0.9919554367886028
Centrifuger,default,Centrifuger_default,ZymoMockD6331,ZymoMockD6331,pacbio,SRR13128014,2744479,2744479,                Flocculibacter_collagenilyticus,Flocculibacter collagenilyticus,species,5.0534350219218014e-05,fraction_reads,0.0,1,1,5.0944173845974365e-05,0.9919554367886028
Centrifuger,default,Centrifuger_default,ZymoMockD6331,ZymoMockD6331,pacbio,SRR13128014,58049,58049,                  Colwellia_sp._MT41,Colwellia_sp._MT41,species,0.00020213740087687205,fraction_reads,0.0,4,4,0.00020377669538389746,0.9919554367886028
Centrifuger,default,Centrifuger_default,ZymoMockD6331,ZymoMockD6331,pacbio,SRR13128014,2161872,2161872,                  Colwellia_sp._Arc7-D,Colwellia_sp._Arc7-D,species,0.00020213740087687205,fraction_reads,0.0,4,4,0.00020377669538389746,0.9919554367886028
Centrifuger,default,Centrifuger_default,ZymoMockD6331,ZymoMockD6331,pacbio,SRR13128014,1816218,1816218,                  Colwellia_sp._PAMC_20917,Colwellia_sp._PAMC_20917,species,0.00015160305065765403,fraction_reads,0.0,3,3,0.0001528325215379231,0.9919554367886028
Centrifuger,default,Centrifuger_default,ZymoMockD6331,ZymoMockD6331,pacbio,SRR13128014,2497879,2497879,                  Colwellia_sp._Arc7-635,Colwellia_sp._Arc7-635,species,5.0534350219218014e-05,fraction_reads,0.0,1,1,5.0944173845974365e-05,0.9919554367886028
Centrifuger,default,Centrifuger_default,ZymoMockD6331,ZymoMockD6331,pacbio,SRR13128014,2583805,2583805,                  Colwellia_sp._M166,Colwellia_sp._M166,species,5.0534350219218014e-05,fraction_reads,0.0,1,1,5.0944173845974365e-05,0.9919554367886028
Centrifuger,default,Centrifuger_default,ZymoMockD6331,ZymoMockD6331,pacbio,SRR13128014,2689569,2689569,                  Colwellia_sp._20A7,Colwellia_sp._20A7,species,5.0534350219218014e-05,fraction_reads,0.0,1,1,5.0944173845974365e-05,0.9919554367886028
Centrifuger,default,Centrifuger_default,ZymoMockD6331,ZymoMockD6331,pacbio,SRR13128014,28229,28229,                Colwellia_psychrerythraea,Colwellia psychrerythraea,species,0.00010106870043843603,fraction_reads,0.0,2,0,0.00010188834769194873,0.9919554367886028
Centrifuger,default,Centrifuger_default,ZymoMockD6331,ZymoMockD6331,pacbio,SRR13128014,2552945,2552945,                  Thalassotalea_sp._HSM_43,Thalassotalea_sp._HSM_43,species,0.00020213740087687205,fraction_reads,0.0,4,4,0.00020377669538389746,0.9919554367886028
Centrifuger,default,Centrifuger_default,ZymoMockD6331,ZymoMockD6331,pacbio,SRR13128014,28108,28108,                  Alteromonas_macleodii,Alteromonas macleodii,species,0.00015160305065765403,fraction_reads,0.0,3,0,0.0001528325215379231,0.9919554367886028
Centrifuger,default,Centrifuger_default,ZymoMockD6331,ZymoMockD6331,pacbio,SRR13128014,233316,233316,                  Alteromonas_stellipolaris,Alteromonas stellipolaris,species,0.00010106870043843603,fraction_reads,0.0,2,2,0.00010188834769194873,0.9919554367886028
Centrifuger,default,Centrifuger_default,ZymoMockD6331,ZymoMockD6331,pacbio,SRR13128014,2303538,2303538,                  Salinimonas_sediminis,Salinimonas sediminis,species,5.0534350219218014e-05,fraction_reads,0.0,1,1,5.0944173845974365e-05,0.9919554367886028
Centrifuger,default,Centrifuger_default,ZymoMockD6331,ZymoMockD6331,pacbio,SRR13128014,300231,300231,                Glaciecola_nitratireducens,Glaciecola nitratireducens,species,0.00010106870043843603,fraction_reads,0.0,2,0,0.00010188834769194873,0.9919554367886028
Centrifuger,default,Centrifuger_default,ZymoMockD6331,ZymoMockD6331,pacbio,SRR13128014,326544,326544,                Paraglaciecola_psychrophila,Paraglaciecola psychrophila,species,0.00010106870043843603,fraction_reads,0.0,2,0,0.00010188834769194873,0.9919554367886028
Centrifuger,default,Centrifuger_default,ZymoMockD6331,ZymoMockD6331,pacbio,SRR13128014,2746230,2746230,                  Moritella_sp._24,Moritella_sp._24,species,5.0534350219218014e-05,fraction_reads,0.0,1,1,5.0944173845974365e-05,0.9919554367886028
Centrifuger,default,Centrifuger_default,ZymoMockD6331,ZymoMockD6331,pacbio,SRR13128014,2746231,2746231,                  Moritella_sp._5,Moritella_sp._5,species,5.0534350219218014e-05,fraction_reads,0.0,1,1,5.0944173845974365e-05,0.9919554367886028
Centrifuger,default,Centrifuger_default,ZymoMockD6331,ZymoMockD6331,pacbio,SRR13128014,69539,69539,                Moritella_yayanosii,Moritella yayanosii,species,5.0534350219218014e-05,fraction_reads,0.0,1,1,5.0944173845974365e-05,0.9919554367886028
Centrifuger,default,Centrifuger_default,ZymoMockD6331,ZymoMockD6331,pacbio,SRR13128014,90736,90736,                Moritella_marina,Moritella marina,species,5.0534350219218014e-05,fraction_reads,0.0,1,0,5.0944173845974365e-05,0.9919554367886028
Centrifuger,default,Centrifuger_default,ZymoMockD6331,ZymoMockD6331,pacbio,SRR13128014,135577,135577,                Idiomarina_loihiensis,Idiomarina loihiensis,species,0.00010106870043843603,fraction_reads,0.0,2,2,0.00010188834769194873,0.9919554367886028
Centrifuger,default,Centrifuger_default,ZymoMockD6331,ZymoMockD6331,pacbio,SRR13128014,86102,86102,                Idiomarina_abyssalis,Idiomarina abyssalis,species,5.0534350219218014e-05,fraction_reads,0.0,1,1,5.0944173845974365e-05,0.9919554367886028
Centrifuger,default,Centrifuger_default,ZymoMockD6331,ZymoMockD6331,pacbio,SRR13128014,357794,357794,                Psychromonas_ingrahamii,Psychromonas ingrahamii,species,5.0534350219218014e-05,fraction_reads,0.0,1,0,5.0944173845974365e-05,0.9919554367886028
Centrifuger,default,Centrifuger_default,ZymoMockD6331,ZymoMockD6331,pacbio,SRR13128014,717610,717610,                Vibrio_harveyi_group,Vibrio harveyi_group,species,0.0007074809030690522,fraction_reads,0.0,14,0,0.0007132184338436412,0.9919554367886028
Centrifuger,default,Centrifuger_default,ZymoMockD6331,ZymoMockD6331,pacbio,SRR13128014,670,670,                  Vibrio_parahaemolyticus,Vibrio parahaemolyticus,species,0.0005053435021921801,fraction_reads,0.0,10,9,0.0005094417384597436,0.9919554367886028
Centrifuger,default,Centrifuger_default,ZymoMockD6331,ZymoMockD6331,pacbio,SRR13128014,669,669,                  Vibrio_harveyi,Vibrio harveyi,species,5.0534350219218014e-05,fraction_reads,0.0,1,1,5.0944173845974365e-05,0.9919554367886028
Centrifuger,default,Centrifuger_default,ZymoMockD6331,ZymoMockD6331,pacbio,SRR13128014,680,680,                  Vibrio_campbellii,Vibrio campbellii,species,5.0534350219218014e-05,fraction_reads,0.0,1,0,5.0944173845974365e-05,0.9919554367886028
Centrifuger,default,Centrifuger_default,ZymoMockD6331,ZymoMockD6331,pacbio,SRR13128014,691,691,                  Vibrio_natriegens,Vibrio natriegens,species,5.0534350219218014e-05,fraction_reads,0.0,1,1,5.0944173845974365e-05,0.9919554367886028
Centrifuger,default,Centrifuger_default,ZymoMockD6331,ZymoMockD6331,pacbio,SRR13128014,190895,190895,                  Vibrio_rotiferianus,Vibrio rotiferianus,species,5.0534350219218014e-05,fraction_reads,0.0,1,1,5.0944173845974365e-05,0.9919554367886028
Centrifuger,default,Centrifuger_default,ZymoMockD6331,ZymoMockD6331,pacbio,SRR13128014,2819100,2819100,                  Vibrio_sp._SCSIO_43140,Vibrio_sp._SCSIO_43140,species,0.00020213740087687205,fraction_reads,0.0,4,4,0.00020377669538389746,0.9919554367886028
Centrifuger,default,Centrifuger_default,ZymoMockD6331,ZymoMockD6331,pacbio,SRR13128014,2978741,2978741,                  Vibrio_sp._J502,Vibrio_sp._J502,species,0.00010106870043843603,fraction_reads,0.0,2,2,0.00010188834769194873,0.9919554367886028
Centrifuger,default,Centrifuger_default,ZymoMockD6331,ZymoMockD6331,pacbio,SRR13128014,2751177,2751177,                  Vibrio_sp._B1FIG11,Vibrio_sp._B1FIG11,species,5.0534350219218014e-05,fraction_reads,0.0,1,1,5.0944173845974365e-05,0.9919554367886028
Centrifuger,default,Centrifuger_default,ZymoMockD6331,ZymoMockD6331,pacbio,SRR13128014,2785746,2785746,                  Vibrio_sp._VB16,Vibrio_sp._VB16,species,5.0534350219218014e-05,fraction_reads,0.0,1,1,5.0944173845974365e-05,0.9919554367886028
Centrifuger,default,Centrifuger_default,ZymoMockD6331,ZymoMockD6331,pacbio,SRR13128014,2819101,2819101,                  Vibrio_sp._SCSIO_43136,Vibrio_sp._SCSIO_43136,species,5.0534350219218014e-05,fraction_reads,0.0,1,1,5.0944173845974365e-05,0.9919554367886028
Centrifuger,default,Centrifuger_default,ZymoMockD6331,ZymoMockD6331,pacbio,SRR13128014,55601,55601,                Vibrio_anguillarum,Vibrio anguillarum,species,0.00030320610131530807,fraction_reads,0.0,6,6,0.0003056650430758462,0.9919554367886028
Centrifuger,default,Centrifuger_default,ZymoMockD6331,ZymoMockD6331,pacbio,SRR13128014,687,687,                Vibrio_gazogenes,Vibrio gazogenes,species,0.00020213740087687205,fraction_reads,0.0,4,4,0.00020377669538389746,0.9919554367886028
Centrifuger,default,Centrifuger_default,ZymoMockD6331,ZymoMockD6331,pacbio,SRR13128014,136468,136468,                Vibrio_lentus,Vibrio lentus,species,0.00020213740087687205,fraction_reads,0.0,4,4,0.00020377669538389746,0.9919554367886028
Centrifuger,default,Centrifuger_default,ZymoMockD6331,ZymoMockD6331,pacbio,SRR13128014,28169,28169,                Vibrio_pelagius,Vibrio pelagius,species,0.00015160305065765403,fraction_reads,0.0,3,3,0.0001528325215379231,0.9919554367886028
Centrifuger,default,Centrifuger_default,ZymoMockD6331,ZymoMockD6331,pacbio,SRR13128014,29494,29494,                Vibrio_furnissii,Vibrio furnissii,species,0.00015160305065765403,fraction_reads,0.0,3,3,0.0001528325215379231,0.9919554367886028
Centrifuger,default,Centrifuger_default,ZymoMockD6331,ZymoMockD6331,pacbio,SRR13128014,170679,170679,                Vibrio_chagasii,Vibrio chagasii,species,0.00015160305065765403,fraction_reads,0.0,3,3,0.0001528325215379231,0.9919554367886028
Centrifuger,default,Centrifuger_default,ZymoMockD6331,ZymoMockD6331,pacbio,SRR13128014,1328770,1328770,                Vibrio_cortegadensis,Vibrio cortegadensis,species,0.00015160305065765403,fraction_reads,0.0,3,3,0.0001528325215379231,0.9919554367886028
Centrifuger,default,Centrifuger_default,ZymoMockD6331,ZymoMockD6331,pacbio,SRR13128014,1381081,1381081,                Vibrio_panuliri,Vibrio panuliri,species,0.00015160305065765403,fraction_reads,0.0,3,3,0.0001528325215379231,0.9919554367886028
Centrifuger,default,Centrifuger_default,ZymoMockD6331,ZymoMockD6331,pacbio,SRR13128014,1891186,1891186,                Vibrio_aphrogenes,Vibrio aphrogenes,species,0.00015160305065765403,fraction_reads,0.0,3,3,0.0001528325215379231,0.9919554367886028
Centrifuger,default,Centrifuger_default,ZymoMockD6331,ZymoMockD6331,pacbio,SRR13128014,2100116,2100116,                Vibrio_echinoideorum,Vibrio echinoideorum,species,0.00015160305065765403,fraction_reads,0.0,3,3,0.0001528325215379231,0.9919554367886028
Centrifuger,default,Centrifuger_default,ZymoMockD6331,ZymoMockD6331,pacbio,SRR13128014,672,672,                Vibrio_vulnificus,Vibrio vulnificus,species,0.00010106870043843603,fraction_reads,0.0,2,1,0.00010188834769194873,0.9919554367886028
Centrifuger,default,Centrifuger_default,ZymoMockD6331,ZymoMockD6331,pacbio,SRR13128014,553239,553239,                Vibrio_breoganii,Vibrio breoganii,species,0.00010106870043843603,fraction_reads,0.0,2,2,0.00010188834769194873,0.9919554367886028
Centrifuger,default,Centrifuger_default,ZymoMockD6331,ZymoMockD6331,pacbio,SRR13128014,1481663,1481663,                Vibrio_metoecus,Vibrio metoecus,species,0.00010106870043843603,fraction_reads,0.0,2,2,0.00010188834769194873,0.9919554367886028
Centrifuger,default,Centrifuger_default,ZymoMockD6331,ZymoMockD6331,pacbio,SRR13128014,674,674,                Vibrio_mimicus,Vibrio mimicus,species,5.0534350219218014e-05,fraction_reads,0.0,1,1,5.0944173845974365e-05,0.9919554367886028
Centrifuger,default,Centrifuger_default,ZymoMockD6331,ZymoMockD6331,pacbio,SRR13128014,28172,28172,                Vibrio_metschnikovii,Vibrio metschnikovii,species,5.0534350219218014e-05,fraction_reads,0.0,1,1,5.0944173845974365e-05,0.9919554367886028
Centrifuger,default,Centrifuger_default,ZymoMockD6331,ZymoMockD6331,pacbio,SRR13128014,29497,29497,                Vibrio_splendidus,Vibrio splendidus,species,5.0534350219218014e-05,fraction_reads,0.0,1,1,5.0944173845974365e-05,0.9919554367886028
Centrifuger,default,Centrifuger_default,ZymoMockD6331,ZymoMockD6331,pacbio,SRR13128014,47951,47951,                Vibrio_cyclitrophicus,Vibrio cyclitrophicus,species,5.0534350219218014e-05,fraction_reads,0.0,1,1,5.0944173845974365e-05,0.9919554367886028
Centrifuger,default,Centrifuger_default,ZymoMockD6331,ZymoMockD6331,pacbio,SRR13128014,76258,76258,                Vibrio_rumoiensis,Vibrio rumoiensis,species,5.0534350219218014e-05,fraction_reads,0.0,1,1,5.0944173845974365e-05,0.9919554367886028
Centrifuger,default,Centrifuger_default,ZymoMockD6331,ZymoMockD6331,pacbio,SRR13128014,92172,92172,                Vibrio_aerogenes,Vibrio aerogenes,species,5.0534350219218014e-05,fraction_reads,0.0,1,1,5.0944173845974365e-05,0.9919554367886028
Centrifuger,default,Centrifuger_default,ZymoMockD6331,ZymoMockD6331,pacbio,SRR13128014,190893,190893,                Vibrio_coralliilyticus,Vibrio coralliilyticus,species,5.0534350219218014e-05,fraction_reads,0.0,1,1,5.0944173845974365e-05,0.9919554367886028
Centrifuger,default,Centrifuger_default,ZymoMockD6331,ZymoMockD6331,pacbio,SRR13128014,265668,265668,                Vibrio_ponticus,Vibrio ponticus,species,5.0534350219218014e-05,fraction_reads,0.0,1,1,5.0944173845974365e-05,0.9919554367886028
Centrifuger,default,Centrifuger_default,ZymoMockD6331,ZymoMockD6331,pacbio,SRR13128014,413403,413403,                Vibrio_rarus,Vibrio rarus,species,5.0534350219218014e-05,fraction_reads,0.0,1,1,5.0944173845974365e-05,0.9919554367886028
Centrifuger,default,Centrifuger_default,ZymoMockD6331,ZymoMockD6331,pacbio,SRR13128014,693153,693153,                Vibrio_atlanticus,Vibrio atlanticus,species,5.0534350219218014e-05,fraction_reads,0.0,1,1,5.0944173845974365e-05,0.9919554367886028
Centrifuger,default,Centrifuger_default,ZymoMockD6331,ZymoMockD6331,pacbio,SRR13128014,1194427,1194427,                Vibrio_toranzoniae,Vibrio toranzoniae,species,5.0534350219218014e-05,fraction_reads,0.0,1,1,5.0944173845974365e-05,0.9919554367886028
Centrifuger,default,Centrifuger_default,ZymoMockD6331,ZymoMockD6331,pacbio,SRR13128014,1918945,1918945,                Vibrio_spartinae,Vibrio spartinae,species,5.0534350219218014e-05,fraction_reads,0.0,1,1,5.0944173845974365e-05,0.9919554367886028
Centrifuger,default,Centrifuger_default,ZymoMockD6331,ZymoMockD6331,pacbio,SRR13128014,74109,74109,                Photobacterium_profundum,Photobacterium profundum,species,0.00020213740087687205,fraction_reads,0.0,4,0,0.00020377669538389746,0.9919554367886028
Centrifuger,default,Centrifuger_default,ZymoMockD6331,ZymoMockD6331,pacbio,SRR13128014,1295392,1295392,                Photobacterium_gaetbulicola,Photobacterium gaetbulicola,species,0.00010106870043843603,fraction_reads,0.0,2,0,0.00010188834769194873,0.9919554367886028
Centrifuger,default,Centrifuger_default,ZymoMockD6331,ZymoMockD6331,pacbio,SRR13128014,1935446,1935446,                Photobacterium_toruni,Photobacterium toruni,species,0.00010106870043843603,fraction_reads,0.0,2,2,0.00010188834769194873,0.9919554367886028
Centrifuger,default,Centrifuger_default,ZymoMockD6331,ZymoMockD6331,pacbio,SRR13128014,659,659,                Photobacterium_phosphoreum,Photobacterium phosphoreum,species,5.0534350219218014e-05,fraction_reads,0.0,1,1,5.0944173845974365e-05,0.9919554367886028
Centrifuger,default,Centrifuger_default,ZymoMockD6331,ZymoMockD6331,pacbio,SRR13128014,2912855,2912855,                  Photobacterium_sp._CCB-ST2H9,Photobacterium_sp._CCB-ST2H9,species,5.0534350219218014e-05,fraction_reads,0.0,1,1,5.0944173845974365e-05,0.9919554367886028
Centrifuger,default,Centrifuger_default,ZymoMockD6331,ZymoMockD6331,pacbio,SRR13128014,1891207,1891207,                Thaumasiovibrio_subtropicus,Thaumasiovibrio subtropicus,species,0.00015160305065765403,fraction_reads,0.0,3,3,0.0001528325215379231,0.9919554367886028
Centrifuger,default,Centrifuger_default,ZymoMockD6331,ZymoMockD6331,pacbio,SRR13128014,2892442,2892442,                  Pseudomonas_sp._CIP-10,Pseudomonas_sp._CIP-10,species,0.0004042748017537441,fraction_reads,0.0,8,8,0.0004075533907677949,0.9919554367886028
Centrifuger,default,Centrifuger_default,ZymoMockD6331,ZymoMockD6331,pacbio,SRR13128014,2664899,2664899,                  Pseudomonas_sp._CFSAN084952,Pseudomonas_sp._CFSAN084952,species,0.00015160305065765403,fraction_reads,0.0,3,3,0.0001528325215379231,0.9919554367886028
Centrifuger,default,Centrifuger_default,ZymoMockD6331,ZymoMockD6331,pacbio,SRR13128014,1173273,1173273,                  Pseudomonas_sp._R2-37-08W,Pseudomonas_sp._R2-37-08W,species,0.00010106870043843603,fraction_reads,0.0,2,2,0.00010188834769194873,0.9919554367886028
Centrifuger,default,Centrifuger_default,ZymoMockD6331,ZymoMockD6331,pacbio,SRR13128014,1930532,1930532,                  Pseudomonas_sp._CC6-YY-74,Pseudomonas_sp._CC6-YY-74,species,0.00010106870043843603,fraction_reads,0.0,2,2,0.00010188834769194873,0.9919554367886028
Centrifuger,default,Centrifuger_default,ZymoMockD6331,ZymoMockD6331,pacbio,SRR13128014,2895486,2895486,                  Pseudomonas_sp._B21-040,Pseudomonas_sp._B21-040,species,0.00010106870043843603,fraction_reads,0.0,2,2,0.00010188834769194873,0.9919554367886028
Centrifuger,default,Centrifuger_default,ZymoMockD6331,ZymoMockD6331,pacbio,SRR13128014,2895493,2895493,                  Pseudomonas_sp._B21-053,Pseudomonas_sp._B21-053,species,0.00010106870043843603,fraction_reads,0.0,2,2,0.00010188834769194873,0.9919554367886028
Centrifuger,default,Centrifuger_default,ZymoMockD6331,ZymoMockD6331,pacbio,SRR13128014,2975049,2975049,                  Pseudomonas_sp._N3-W,Pseudomonas_sp._N3-W,species,0.00010106870043843603,fraction_reads,0.0,2,2,0.00010188834769194873,0.9919554367886028
Centrifuger,default,Centrifuger_default,ZymoMockD6331,ZymoMockD6331,pacbio,SRR13128014,2604941,2604941,                  Pseudomonas_sp._C27(2019),Pseudomonas_sp._C27(2019),species,5.0534350219218014e-05,fraction_reads,0.0,1,1,5.0944173845974365e-05,0.9919554367886028
Centrifuger,default,Centrifuger_default,ZymoMockD6331,ZymoMockD6331,pacbio,SRR13128014,2651048,2651048,                  Pseudomonas_sp._CFA,Pseudomonas_sp._CFA,species,5.0534350219218014e-05,fraction_reads,0.0,1,1,5.0944173845974365e-05,0.9919554367886028
Centrifuger,default,Centrifuger_default,ZymoMockD6331,ZymoMockD6331,pacbio,SRR13128014,2729423,2729423,                  Pseudomonas_sp._SK,Pseudomonas_sp._SK,species,5.0534350219218014e-05,fraction_reads,0.0,1,1,5.0944173845974365e-05,0.9919554367886028
Centrifuger,default,Centrifuger_default,ZymoMockD6331,ZymoMockD6331,pacbio,SRR13128014,2749999,2749999,                  Pseudomonas_sp._RtIB026,Pseudomonas_sp._RtIB026,species,5.0534350219218014e-05,fraction_reads,0.0,1,1,5.0944173845974365e-05,0.9919554367886028
Centrifuger,default,Centrifuger_default,ZymoMockD6331,ZymoMockD6331,pacbio,SRR13128014,2799184,2799184,                  Pseudomonas_sp._Eqa60,Pseudomonas_sp._Eqa60,species,5.0534350219218014e-05,fraction_reads,0.0,1,1,5.0944173845974365e-05,0.9919554367886028
Centrifuger,default,Centrifuger_default,ZymoMockD6331,ZymoMockD6331,pacbio,SRR13128014,2867408,2867408,                  Pseudomonas_sp._3-2,Pseudomonas_sp._3-2,species,5.0534350219218014e-05,fraction_reads,0.0,1,1,5.0944173845974365e-05,0.9919554367886028
Centrifuger,default,Centrifuger_default,ZymoMockD6331,ZymoMockD6331,pacbio,SRR13128014,2867409,2867409,                  Pseudomonas_sp._NEEL19,Pseudomonas_sp._NEEL19,species,5.0534350219218014e-05,fraction_reads,0.0,1,1,5.0944173845974365e-05,0.9919554367886028
Centrifuger,default,Centrifuger_default,ZymoMockD6331,ZymoMockD6331,pacbio,SRR13128014,2871095,2871095,                  Pseudomonas_sp._DR48,Pseudomonas_sp._DR48,species,5.0534350219218014e-05,fraction_reads,0.0,1,1,5.0944173845974365e-05,0.9919554367886028
Centrifuger,default,Centrifuger_default,ZymoMockD6331,ZymoMockD6331,pacbio,SRR13128014,136841,136841,                Pseudomonas_aeruginosa_group,Pseudomonas aeruginosa_group,species,0.0003537404515345261,fraction_reads,0.0,7,0,0.0003566092169218206,0.9919554367886028
Centrifuger,default,Centrifuger_default,ZymoMockD6331,ZymoMockD6331,pacbio,SRR13128014,1232139,1232139,                  Pseudomonas_oleovorans/pseudoalcaligenes_group,Pseudomonas_oleovorans/pseudoalcaligenes_group,species,0.00025267175109609005,fraction_reads,0.0,5,0,0.0002547208692298718,0.9919554367886028
Centrifuger,default,Centrifuger_default,ZymoMockD6331,ZymoMockD6331,pacbio,SRR13128014,1149133,1149133,                    Pseudomonas_furukawaii,Pseudomonas furukawaii,species,0.00025267175109609005,fraction_reads,0.0,5,5,0.0002547208692298718,0.9919554367886028
Centrifuger,default,Centrifuger_default,ZymoMockD6331,ZymoMockD6331,pacbio,SRR13128014,287,287,                  Pseudomonas_aeruginosa,Pseudomonas aeruginosa,species,0.00010106870043843603,fraction_reads,0.0,2,2,0.00010188834769194873,0.9919554367886028
Centrifuger,default,Centrifuger_default,ZymoMockD6331,ZymoMockD6331,pacbio,SRR13128014,136843,136843,                Pseudomonas_fluorescens_group,Pseudomonas fluorescens_group,species,0.00030320610131530807,fraction_reads,0.0,6,0,0.0003056650430758462,0.9919554367886028
Centrifuger,default,Centrifuger_default,ZymoMockD6331,ZymoMockD6331,pacbio,SRR13128014,47883,47883,                  Pseudomonas_synxantha,Pseudomonas synxantha,species,0.00020213740087687205,fraction_reads,0.0,4,4,0.00020377669538389746,0.9919554367886028
Centrifuger,default,Centrifuger_default,ZymoMockD6331,ZymoMockD6331,pacbio,SRR13128014,380021,380021,                  Pseudomonas_protegens,Pseudomonas protegens,species,0.00010106870043843603,fraction_reads,0.0,2,2,0.00010188834769194873,0.9919554367886028
Centrifuger,default,Centrifuger_default,ZymoMockD6331,ZymoMockD6331,pacbio,SRR13128014,321846,321846,                Pseudomonas_simiae,Pseudomonas simiae,species,0.00030320610131530807,fraction_reads,0.0,6,6,0.0003056650430758462,0.9919554367886028
Centrifuger,default,Centrifuger_default,ZymoMockD6331,ZymoMockD6331,pacbio,SRR13128014,136845,136845,                Pseudomonas_putida_group,Pseudomonas putida_group,species,0.00025267175109609005,fraction_reads,0.0,5,0,0.0002547208692298718,0.9919554367886028
Centrifuger,default,Centrifuger_default,ZymoMockD6331,ZymoMockD6331,pacbio,SRR13128014,303,303,                  Pseudomonas_putida,Pseudomonas putida,species,0.00020213740087687205,fraction_reads,0.0,4,4,0.00020377669538389746,0.9919554367886028
Centrifuger,default,Centrifuger_default,ZymoMockD6331,ZymoMockD6331,pacbio,SRR13128014,78327,78327,                  Pseudomonas_mosselii,Pseudomonas mosselii,species,5.0534350219218014e-05,fraction_reads,0.0,1,1,5.0944173845974365e-05,0.9919554367886028
Centrifuger,default,Centrifuger_default,ZymoMockD6331,ZymoMockD6331,pacbio,SRR13128014,136849,136849,                Pseudomonas_syringae_group,Pseudomonas syringae_group,species,0.00025267175109609005,fraction_reads,0.0,5,0,0.0002547208692298718,0.9919554367886028
Centrifuger,default,Centrifuger_default,ZymoMockD6331,ZymoMockD6331,pacbio,SRR13128014,251701,251701,                  Pseudomonas_syringae_group_genomosp._3,Pseudomonas syringae_group_genomosp._3,species,0.00015160305065765403,fraction_reads,0.0,3,3,0.0001528325215379231,0.9919554367886028
Centrifuger,default,Centrifuger_default,ZymoMockD6331,ZymoMockD6331,pacbio,SRR13128014,251695,251695,                  Pseudomonas_syringae_group_genomosp._1,Pseudomonas syringae_group_genomosp._1,species,0.00010106870043843603,fraction_reads,0.0,2,0,0.00010188834769194873,0.9919554367886028
Centrifuger,default,Centrifuger_default,ZymoMockD6331,ZymoMockD6331,pacbio,SRR13128014,317,317,                    Pseudomonas_syringae,Pseudomonas syringae,species,0.00010106870043843603,fraction_reads,0.0,2,0,0.00010188834769194873,0.9919554367886028
Centrifuger,default,Centrifuger_default,ZymoMockD6331,ZymoMockD6331,pacbio,SRR13128014,1785145,1785145,                Pseudomonas_glycinae,Pseudomonas glycinae,species,0.00015160305065765403,fraction_reads,0.0,3,3,0.0001528325215379231,0.9919554367886028
Centrifuger,default,Centrifuger_default,ZymoMockD6331,ZymoMockD6331,pacbio,SRR13128014,437900,437900,                Pseudomonas_marincola,Pseudomonas marincola,species,0.00010106870043843603,fraction_reads,0.0,2,2,0.00010188834769194873,0.9919554367886028
Centrifuger,default,Centrifuger_default,ZymoMockD6331,ZymoMockD6331,pacbio,SRR13128014,157782,157782,                Pseudomonas_parafulva,Pseudomonas parafulva,species,5.0534350219218014e-05,fraction_reads,0.0,1,1,5.0944173845974365e-05,0.9919554367886028
Centrifuger,default,Centrifuger_default,ZymoMockD6331,ZymoMockD6331,pacbio,SRR13128014,237610,237610,                Pseudomonas_psychrotolerans,Pseudomonas psychrotolerans,species,5.0534350219218014e-05,fraction_reads,0.0,1,1,5.0944173845974365e-05,0.9919554367886028
Centrifuger,default,Centrifuger_default,ZymoMockD6331,ZymoMockD6331,pacbio,SRR13128014,2565368,2565368,                Pseudomonas_atacamensis,Pseudomonas atacamensis,species,5.0534350219218014e-05,fraction_reads,0.0,1,1,5.0944173845974365e-05,0.9919554367886028
Centrifuger,default,Centrifuger_default,ZymoMockD6331,ZymoMockD6331,pacbio,SRR13128014,2745504,2745504,                Pseudomonas_hamedanensis,Pseudomonas hamedanensis,species,5.0534350219218014e-05,fraction_reads,0.0,1,1,5.0944173845974365e-05,0.9919554367886028
Centrifuger,default,Centrifuger_default,ZymoMockD6331,ZymoMockD6331,pacbio,SRR13128014,2774460,2774460,                Pseudomonas_allokribbensis,Pseudomonas allokribbensis,species,5.0534350219218014e-05,fraction_reads,0.0,1,1,5.0944173845974365e-05,0.9919554367886028
Centrifuger,default,Centrifuger_default,ZymoMockD6331,ZymoMockD6331,pacbio,SRR13128014,2842355,2842355,                Pseudomonas_fakonensis,Pseudomonas fakonensis,species,5.0534350219218014e-05,fraction_reads,0.0,1,1,5.0944173845974365e-05,0.9919554367886028
Centrifuger,default,Centrifuger_default,ZymoMockD6331,ZymoMockD6331,pacbio,SRR13128014,69964,69964,                  Azotobacter_salinestris,Azotobacter salinestris,species,0.00010106870043843603,fraction_reads,0.0,2,2,0.00010188834769194873,0.9919554367886028
Centrifuger,default,Centrifuger_default,ZymoMockD6331,ZymoMockD6331,pacbio,SRR13128014,2930213,2930213,                  Entomomonas_sp._E2T0,Entomomonas_sp._E2T0,species,0.00010106870043843603,fraction_reads,0.0,2,2,0.00010188834769194873,0.9919554367886028
Centrifuger,default,Centrifuger_default,ZymoMockD6331,ZymoMockD6331,pacbio,SRR13128014,136846,136846,                Stutzerimonas_stutzeri_group,Stutzerimonas stutzeri_group,species,0.00010106870043843603,fraction_reads,0.0,2,0,0.00010188834769194873,0.9919554367886028
Centrifuger,default,Centrifuger_default,ZymoMockD6331,ZymoMockD6331,pacbio,SRR13128014,578833,578833,                  Stutzerimonas_stutzeri_subgroup,Stutzerimonas stutzeri_subgroup,species,0.00010106870043843603,fraction_reads,0.0,2,0,0.00010188834769194873,0.9919554367886028
Centrifuger,default,Centrifuger_default,ZymoMockD6331,ZymoMockD6331,pacbio,SRR13128014,316,316,                    Stutzerimonas_stutzeri,Stutzerimonas stutzeri,species,0.00010106870043843603,fraction_reads,0.0,2,2,0.00010188834769194873,0.9919554367886028
Centrifuger,default,Centrifuger_default,ZymoMockD6331,ZymoMockD6331,pacbio,SRR13128014,2547598,2547598,                  Marinobacter_sp._JH2,Marinobacter_sp._JH2,species,5.0534350219218014e-05,fraction_reads,0.0,1,1,5.0944173845974365e-05,0.9919554367886028
Centrifuger,default,Centrifuger_default,ZymoMockD6331,ZymoMockD6331,pacbio,SRR13128014,909768,909768,                Acinetobacter_calcoaceticus/baumannii_complex,Acinetobacter_calcoaceticus/baumannii_complex,species,0.0009601526541651422,fraction_reads,0.0,19,0,0.0009679393030735129,0.9919554367886028
Centrifuger,default,Centrifuger_default,ZymoMockD6331,ZymoMockD6331,pacbio,SRR13128014,48296,48296,                  Acinetobacter_pittii,Acinetobacter pittii,species,0.0004548091519729621,fraction_reads,0.0,9,9,0.00045849756461376924,0.9919554367886028
Centrifuger,default,Centrifuger_default,ZymoMockD6331,ZymoMockD6331,pacbio,SRR13128014,470,470,                  Acinetobacter_baumannii,Acinetobacter baumannii,species,0.00025267175109609005,fraction_reads,0.0,5,5,0.0002547208692298718,0.9919554367886028
Centrifuger,default,Centrifuger_default,ZymoMockD6331,ZymoMockD6331,pacbio,SRR13128014,471,471,                  Acinetobacter_calcoaceticus,Acinetobacter calcoaceticus,species,0.00020213740087687205,fraction_reads,0.0,4,4,0.00020377669538389746,0.9919554367886028
Centrifuger,default,Centrifuger_default,ZymoMockD6331,ZymoMockD6331,pacbio,SRR13128014,1530123,1530123,                  Acinetobacter_seifertii,Acinetobacter seifertii,species,5.0534350219218014e-05,fraction_reads,0.0,1,1,5.0944173845974365e-05,0.9919554367886028
Centrifuger,default,Centrifuger_default,ZymoMockD6331,ZymoMockD6331,pacbio,SRR13128014,2929509,2929509,                  Acinetobacter_sp._NyZ410,Acinetobacter_sp._NyZ410,species,0.00010106870043843603,fraction_reads,0.0,2,2,0.00010188834769194873,0.9919554367886028
Centrifuger,default,Centrifuger_default,ZymoMockD6331,ZymoMockD6331,pacbio,SRR13128014,2983215,2983215,                  Acinetobacter_sp._ESL0695,Acinetobacter_sp._ESL0695,species,0.00010106870043843603,fraction_reads,0.0,2,2,0.00010188834769194873,0.9919554367886028
Centrifuger,default,Centrifuger_default,ZymoMockD6331,ZymoMockD6331,pacbio,SRR13128014,3003393,3003393,                  Acinetobacter_sp._TR11,Acinetobacter_sp._TR11,species,0.00010106870043843603,fraction_reads,0.0,2,2,0.00010188834769194873,0.9919554367886028
Centrifuger,default,Centrifuger_default,ZymoMockD6331,ZymoMockD6331,pacbio,SRR13128014,2004647,2004647,                  Acinetobacter_sp._WCHAc010052,Acinetobacter_sp._WCHAc010052,species,5.0534350219218014e-05,fraction_reads,0.0,1,1,5.0944173845974365e-05,0.9919554367886028
Centrifuger,default,Centrifuger_default,ZymoMockD6331,ZymoMockD6331,pacbio,SRR13128014,2930198,2930198,                  Acinetobacter_sp._PK01,Acinetobacter_sp._PK01,species,5.0534350219218014e-05,fraction_reads,0.0,1,1,5.0944173845974365e-05,0.9919554367886028
Centrifuger,default,Centrifuger_default,ZymoMockD6331,ZymoMockD6331,pacbio,SRR13128014,3003392,3003392,                  Acinetobacter_sp._TR3,Acinetobacter_sp._TR3,species,5.0534350219218014e-05,fraction_reads,0.0,1,1,5.0944173845974365e-05,0.9919554367886028
Centrifuger,default,Centrifuger_default,ZymoMockD6331,ZymoMockD6331,pacbio,SRR13128014,2715163,2715163,                Acinetobacter_lanii,Acinetobacter lanii,species,0.00020213740087687205,fraction_reads,0.0,4,4,0.00020377669538389746,0.9919554367886028
Centrifuger,default,Centrifuger_default,ZymoMockD6331,ZymoMockD6331,pacbio,SRR13128014,1324350,1324350,                Acinetobacter_equi,Acinetobacter equi,species,0.00015160305065765403,fraction_reads,0.0,3,3,0.0001528325215379231,0.9919554367886028
Centrifuger,default,Centrifuger_default,ZymoMockD6331,ZymoMockD6331,pacbio,SRR13128014,2006115,2006115,                Acinetobacter_piscicola,Acinetobacter piscicola,species,0.00015160305065765403,fraction_reads,0.0,3,3,0.0001528325215379231,0.9919554367886028
Centrifuger,default,Centrifuger_default,ZymoMockD6331,ZymoMockD6331,pacbio,SRR13128014,106648,106648,                Acinetobacter_bereziniae,Acinetobacter bereziniae,species,0.00010106870043843603,fraction_reads,0.0,2,2,0.00010188834769194873,0.9919554367886028
Centrifuger,default,Centrifuger_default,ZymoMockD6331,ZymoMockD6331,pacbio,SRR13128014,202950,202950,                Acinetobacter_baylyi,Acinetobacter baylyi,species,0.00010106870043843603,fraction_reads,0.0,2,2,0.00010188834769194873,0.9919554367886028
Centrifuger,default,Centrifuger_default,ZymoMockD6331,ZymoMockD6331,pacbio,SRR13128014,487316,487316,                Acinetobacter_soli,Acinetobacter soli,species,0.00010106870043843603,fraction_reads,0.0,2,2,0.00010188834769194873,0.9919554367886028
Centrifuger,default,Centrifuger_default,ZymoMockD6331,ZymoMockD6331,pacbio,SRR13128014,2715164,2715164,                Acinetobacter_shaoyimingii,Acinetobacter shaoyimingii,species,0.00010106870043843603,fraction_reads,0.0,2,2,0.00010188834769194873,0.9919554367886028
Centrifuger,default,Centrifuger_default,ZymoMockD6331,ZymoMockD6331,pacbio,SRR13128014,2943497,2943497,                Acinetobacter_tibetensis,Acinetobacter tibetensis,species,0.00010106870043843603,fraction_reads,0.0,2,2,0.00010188834769194873,0.9919554367886028
Centrifuger,default,Centrifuger_default,ZymoMockD6331,ZymoMockD6331,pacbio,SRR13128014,29430,29430,                Acinetobacter_haemolyticus,Acinetobacter haemolyticus,species,5.0534350219218014e-05,fraction_reads,0.0,1,1,5.0944173845974365e-05,0.9919554367886028
Centrifuger,default,Centrifuger_default,ZymoMockD6331,ZymoMockD6331,pacbio,SRR13128014,108980,108980,                Acinetobacter_ursingii,Acinetobacter ursingii,species,5.0534350219218014e-05,fraction_reads,0.0,1,1,5.0944173845974365e-05,0.9919554367886028
Centrifuger,default,Centrifuger_default,ZymoMockD6331,ZymoMockD6331,pacbio,SRR13128014,108981,108981,                Acinetobacter_schindleri,Acinetobacter schindleri,species,5.0534350219218014e-05,fraction_reads,0.0,1,1,5.0944173845974365e-05,0.9919554367886028
Centrifuger,default,Centrifuger_default,ZymoMockD6331,ZymoMockD6331,pacbio,SRR13128014,202954,202954,                Acinetobacter_tandoii,Acinetobacter tandoii,species,5.0534350219218014e-05,fraction_reads,0.0,1,1,5.0944173845974365e-05,0.9919554367886028
Centrifuger,default,Centrifuger_default,ZymoMockD6331,ZymoMockD6331,pacbio,SRR13128014,202956,202956,                Acinetobacter_towneri,Acinetobacter towneri,species,5.0534350219218014e-05,fraction_reads,0.0,1,1,5.0944173845974365e-05,0.9919554367886028
Centrifuger,default,Centrifuger_default,ZymoMockD6331,ZymoMockD6331,pacbio,SRR13128014,476,476,                Moraxella_bovis,Moraxella bovis,species,0.00010106870043843603,fraction_reads,0.0,2,2,0.00010188834769194873,0.9919554367886028
Centrifuger,default,Centrifuger_default,ZymoMockD6331,ZymoMockD6331,pacbio,SRR13128014,478,478,                Moraxella_nonliquefaciens,Moraxella nonliquefaciens,species,5.0534350219218014e-05,fraction_reads,0.0,1,1,5.0944173845974365e-05,0.9919554367886028
Centrifuger,default,Centrifuger_default,ZymoMockD6331,ZymoMockD6331,pacbio,SRR13128014,34061,34061,                Moraxella_cuniculi,Moraxella cuniculi,species,5.0534350219218014e-05,fraction_reads,0.0,1,1,5.0944173845974365e-05,0.9919554367886028
Centrifuger,default,Centrifuger_default,ZymoMockD6331,ZymoMockD6331,pacbio,SRR13128014,261164,261164,                Psychrobacter_alimentarius,Psychrobacter alimentarius,species,5.0534350219218014e-05,fraction_reads,0.0,1,1,5.0944173845974365e-05,0.9919554367886028
Centrifuger,default,Centrifuger_default,ZymoMockD6331,ZymoMockD6331,pacbio,SRR13128014,334543,334543,                Psychrobacter_arcticus,Psychrobacter arcticus,species,5.0534350219218014e-05,fraction_reads,0.0,1,0,5.0944173845974365e-05,0.9919554367886028
Centrifuger,default,Centrifuger_default,ZymoMockD6331,ZymoMockD6331,pacbio,SRR13128014,729,729,                Haemophilus_parainfluenzae,Haemophilus parainfluenzae,species,0.0005558778524113982,fraction_reads,0.0,11,11,0.000560385912305718,0.9919554367886028
Centrifuger,default,Centrifuger_default,ZymoMockD6331,ZymoMockD6331,pacbio,SRR13128014,727,727,                Haemophilus_influenzae,Haemophilus influenzae,species,0.00030320610131530807,fraction_reads,0.0,6,3,0.0003056650430758462,0.9919554367886028
Centrifuger,default,Centrifuger_default,ZymoMockD6331,ZymoMockD6331,pacbio,SRR13128014,726,726,                Haemophilus_haemolyticus,Haemophilus haemolyticus,species,5.0534350219218014e-05,fraction_reads,0.0,1,1,5.0944173845974365e-05,0.9919554367886028
Centrifuger,default,Centrifuger_default,ZymoMockD6331,ZymoMockD6331,pacbio,SRR13128014,735,735,                Haemophilus_parahaemolyticus,Haemophilus parahaemolyticus,species,5.0534350219218014e-05,fraction_reads,0.0,1,1,5.0944173845974365e-05,0.9919554367886028
Centrifuger,default,Centrifuger_default,ZymoMockD6331,ZymoMockD6331,pacbio,SRR13128014,1432056,1432056,                  Mannheimia_sp._USDA-ARS-USMARC-1261,Mannheimia_sp._USDA-ARS-USMARC-1261,species,0.00030320610131530807,fraction_reads,0.0,6,6,0.0003056650430758462,0.9919554367886028
Centrifuger,default,Centrifuger_default,ZymoMockD6331,ZymoMockD6331,pacbio,SRR13128014,2679995,2679995,                  Mannheimia_sp._ZY171111,Mannheimia_sp._ZY171111,species,0.00010106870043843603,fraction_reads,0.0,2,2,0.00010188834769194873,0.9919554367886028
Centrifuger,default,Centrifuger_default,ZymoMockD6331,ZymoMockD6331,pacbio,SRR13128014,111844,111844,                Mannheimia_pernigra,Mannheimia pernigra,species,5.0534350219218014e-05,fraction_reads,0.0,1,1,5.0944173845974365e-05,0.9919554367886028
Centrifuger,default,Centrifuger_default,ZymoMockD6331,ZymoMockD6331,pacbio,SRR13128014,732,732,                Aggregatibacter_aphrophilus,Aggregatibacter aphrophilus,species,0.00015160305065765403,fraction_reads,0.0,3,3,0.0001528325215379231,0.9919554367886028
Centrifuger,default,Centrifuger_default,ZymoMockD6331,ZymoMockD6331,pacbio,SRR13128014,2866570,2866570,                  Aggregatibacter_sp._Marseille-P9115,Aggregatibacter_sp._Marseille-P9115,species,0.00010106870043843603,fraction_reads,0.0,2,2,0.00010188834769194873,0.9919554367886028
Centrifuger,default,Centrifuger_default,ZymoMockD6331,ZymoMockD6331,pacbio,SRR13128014,739,739,                Aggregatibacter_segnis,Aggregatibacter segnis,species,5.0534350219218014e-05,fraction_reads,0.0,1,0,5.0944173845974365e-05,0.9919554367886028
Centrifuger,default,Centrifuger_default,ZymoMockD6331,ZymoMockD6331,pacbio,SRR13128014,97481,97481,                Pasteurella_skyensis,Pasteurella skyensis,species,0.00010106870043843603,fraction_reads,0.0,2,2,0.00010188834769194873,0.9919554367886028
Centrifuger,default,Centrifuger_default,ZymoMockD6331,ZymoMockD6331,pacbio,SRR13128014,2827233,2827233,                Pasteurella_atlantica,Pasteurella atlantica,species,0.00010106870043843603,fraction_reads,0.0,2,2,0.00010188834769194873,0.9919554367886028
Centrifuger,default,Centrifuger_default,ZymoMockD6331,ZymoMockD6331,pacbio,SRR13128014,747,747,                Pasteurella_multocida,Pasteurella multocida,species,5.0534350219218014e-05,fraction_reads,0.0,1,1,5.0944173845974365e-05,0.9919554367886028
Centrifuger,default,Centrifuger_default,ZymoMockD6331,ZymoMockD6331,pacbio,SRR13128014,47735,47735,                Bibersteinia_trehalosi,Bibersteinia trehalosi,species,0.00020213740087687205,fraction_reads,0.0,4,2,0.00020377669538389746,0.9919554367886028
Centrifuger,default,Centrifuger_default,ZymoMockD6331,ZymoMockD6331,pacbio,SRR13128014,221402,221402,                Mergibacter_septicus,Mergibacter septicus,species,0.00020213740087687205,fraction_reads,0.0,4,4,0.00020377669538389746,0.9919554367886028
Centrifuger,default,Centrifuger_default,ZymoMockD6331,ZymoMockD6331,pacbio,SRR13128014,109472,109472,                Bisgaardia_hudsonensis,Bisgaardia hudsonensis,species,0.00015160305065765403,fraction_reads,0.0,3,3,0.0001528325215379231,0.9919554367886028
Centrifuger,default,Centrifuger_default,ZymoMockD6331,ZymoMockD6331,pacbio,SRR13128014,718,718,                Actinobacillus_equuli,Actinobacillus equuli,species,0.00010106870043843603,fraction_reads,0.0,2,0,0.00010188834769194873,0.9919554367886028
Centrifuger,default,Centrifuger_default,ZymoMockD6331,ZymoMockD6331,pacbio,SRR13128014,731,731,                Histophilus_somni,Histophilus somni,species,0.00010106870043843603,fraction_reads,0.0,2,2,0.00010188834769194873,0.9919554367886028
Centrifuger,default,Centrifuger_default,ZymoMockD6331,ZymoMockD6331,pacbio,SRR13128014,123824,123824,                Frederiksenia_canicola,Frederiksenia canicola,species,5.0534350219218014e-05,fraction_reads,0.0,1,1,5.0944173845974365e-05,0.9919554367886028
Centrifuger,default,Centrifuger_default,ZymoMockD6331,ZymoMockD6331,pacbio,SRR13128014,738,738,                Glaesserella_parasuis,Glaesserella parasuis,species,5.0534350219218014e-05,fraction_reads,0.0,1,1,5.0944173845974365e-05,0.9919554367886028
Centrifuger,default,Centrifuger_default,ZymoMockD6331,ZymoMockD6331,pacbio,SRR13128014,343,343,                Xanthomonas_translucens,Xanthomonas translucens,species,0.0007074809030690522,fraction_reads,0.0,14,2,0.0007132184338436412,0.9919554367886028
Centrifuger,default,Centrifuger_default,ZymoMockD6331,ZymoMockD6331,pacbio,SRR13128014,347,347,                Xanthomonas_oryzae,Xanthomonas oryzae,species,0.00020213740087687205,fraction_reads,0.0,4,0,0.00020377669538389746,0.9919554367886028
Centrifuger,default,Centrifuger_default,ZymoMockD6331,ZymoMockD6331,pacbio,SRR13128014,56458,56458,                Xanthomonas_sacchari,Xanthomonas sacchari,species,0.00020213740087687205,fraction_reads,0.0,4,4,0.00020377669538389746,0.9919554367886028
Centrifuger,default,Centrifuger_default,ZymoMockD6331,ZymoMockD6331,pacbio,SRR13128014,456327,456327,                Xanthomonas_euvesicatoria,Xanthomonas euvesicatoria,species,0.00015160305065765403,fraction_reads,0.0,3,0,0.0001528325215379231,0.9919554367886028
Centrifuger,default,Centrifuger_default,ZymoMockD6331,ZymoMockD6331,pacbio,SRR13128014,643453,643453,                Xanthomonas_citri_group,Xanthomonas citri_group,species,0.00015160305065765403,fraction_reads,0.0,3,0,0.0001528325215379231,0.9919554367886028
Centrifuger,default,Centrifuger_default,ZymoMockD6331,ZymoMockD6331,pacbio,SRR13128014,346,346,                  Xanthomonas_citri,Xanthomonas citri,species,0.00015160305065765403,fraction_reads,0.0,3,1,0.0001528325215379231,0.9919554367886028
Centrifuger,default,Centrifuger_default,ZymoMockD6331,ZymoMockD6331,pacbio,SRR13128014,2971235,2971235,                  Xanthomonas_sp._CFBP_8443,Xanthomonas_sp._CFBP_8443,species,0.00010106870043843603,fraction_reads,0.0,2,2,0.00010188834769194873,0.9919554367886028
Centrifuger,default,Centrifuger_default,ZymoMockD6331,ZymoMockD6331,pacbio,SRR13128014,2724123,2724123,                  Xanthomonas_sp._SI,Xanthomonas_sp._SI,species,5.0534350219218014e-05,fraction_reads,0.0,1,1,5.0944173845974365e-05,0.9919554367886028
Centrifuger,default,Centrifuger_default,ZymoMockD6331,ZymoMockD6331,pacbio,SRR13128014,56448,56448,                Xanthomonas_arboricola,Xanthomonas arboricola,species,0.00010106870043843603,fraction_reads,0.0,2,2,0.00010188834769194873,0.9919554367886028
Centrifuger,default,Centrifuger_default,ZymoMockD6331,ZymoMockD6331,pacbio,SRR13128014,339,339,                Xanthomonas_campestris,Xanthomonas campestris,species,5.0534350219218014e-05,fraction_reads,0.0,1,0,5.0944173845974365e-05,0.9919554367886028
Centrifuger,default,Centrifuger_default,ZymoMockD6331,ZymoMockD6331,pacbio,SRR13128014,56459,56459,                Xanthomonas_vasicola,Xanthomonas vasicola,species,5.0534350219218014e-05,fraction_reads,0.0,1,1,5.0944173845974365e-05,0.9919554367886028
Centrifuger,default,Centrifuger_default,ZymoMockD6331,ZymoMockD6331,pacbio,SRR13128014,2053930,2053930,                Xanthomonas_prunicola,Xanthomonas prunicola,species,5.0534350219218014e-05,fraction_reads,0.0,1,1,5.0944173845974365e-05,0.9919554367886028
Centrifuger,default,Centrifuger_default,ZymoMockD6331,ZymoMockD6331,pacbio,SRR13128014,995085,995085,                Stenotrophomonas_maltophilia_group,Stenotrophomonas maltophilia_group,species,0.0005558778524113982,fraction_reads,0.0,11,0,0.000560385912305718,0.9919554367886028
Centrifuger,default,Centrifuger_default,ZymoMockD6331,ZymoMockD6331,pacbio,SRR13128014,40324,40324,                  Stenotrophomonas_maltophilia,Stenotrophomonas maltophilia,species,0.0005558778524113982,fraction_reads,0.0,11,11,0.000560385912305718,0.9919554367886028
Centrifuger,default,Centrifuger_default,ZymoMockD6331,ZymoMockD6331,pacbio,SRR13128014,1904944,1904944,                  Stenotrophomonas_sp._LM091,Stenotrophomonas_sp._LM091,species,5.0534350219218014e-05,fraction_reads,0.0,1,1,5.0944173845974365e-05,0.9919554367886028
Centrifuger,default,Centrifuger_default,ZymoMockD6331,ZymoMockD6331,pacbio,SRR13128014,2871174,2871174,                  Stenotrophomonas_sp._DR822,Stenotrophomonas_sp._DR822,species,5.0534350219218014e-05,fraction_reads,0.0,1,1,5.0944173845974365e-05,0.9919554367886028
Centrifuger,default,Centrifuger_default,ZymoMockD6331,ZymoMockD6331,pacbio,SRR13128014,128780,128780,                Stenotrophomonas_acidaminiphila,Stenotrophomonas acidaminiphila,species,5.0534350219218014e-05,fraction_reads,0.0,1,1,5.0944173845974365e-05,0.9919554367886028
Centrifuger,default,Centrifuger_default,ZymoMockD6331,ZymoMockD6331,pacbio,SRR13128014,216778,216778,                Stenotrophomonas_rhizophila,Stenotrophomonas rhizophila,species,5.0534350219218014e-05,fraction_reads,0.0,1,1,5.0944173845974365e-05,0.9919554367886028
Centrifuger,default,Centrifuger_default,ZymoMockD6331,ZymoMockD6331,pacbio,SRR13128014,69,69,                Lysobacter_enzymogenes,Lysobacter enzymogenes,species,0.00010106870043843603,fraction_reads,0.0,2,2,0.00010188834769194873,0.9919554367886028
Centrifuger,default,Centrifuger_default,ZymoMockD6331,ZymoMockD6331,pacbio,SRR13128014,84531,84531,                Lysobacter_antibioticus,Lysobacter antibioticus,species,5.0534350219218014e-05,fraction_reads,0.0,1,1,5.0944173845974365e-05,0.9919554367886028
Centrifuger,default,Centrifuger_default,ZymoMockD6331,ZymoMockD6331,pacbio,SRR13128014,435897,435897,                Lysobacter_capsici,Lysobacter capsici,species,5.0534350219218014e-05,fraction_reads,0.0,1,1,5.0944173845974365e-05,0.9919554367886028
Centrifuger,default,Centrifuger_default,ZymoMockD6331,ZymoMockD6331,pacbio,SRR13128014,2371,2371,                Xylella_fastidiosa,Xylella fastidiosa,species,0.00015160305065765403,fraction_reads,0.0,3,3,0.0001528325215379231,0.9919554367886028
Centrifuger,default,Centrifuger_default,ZymoMockD6331,ZymoMockD6331,pacbio,SRR13128014,1444770,1444770,                Xylella_taiwanensis,Xylella taiwanensis,species,5.0534350219218014e-05,fraction_reads,0.0,1,1,5.0944173845974365e-05,0.9919554367886028
Centrifuger,default,Centrifuger_default,ZymoMockD6331,ZymoMockD6331,pacbio,SRR13128014,2780091,2780091,                Luteibacter_flocculans,Luteibacter flocculans,species,0.00015160305065765403,fraction_reads,0.0,3,3,0.0001528325215379231,0.9919554367886028
Centrifuger,default,Centrifuger_default,ZymoMockD6331,ZymoMockD6331,pacbio,SRR13128014,48076,48076,                Marinobacterium_georgiense,Marinobacterium georgiense,species,0.00020213740087687205,fraction_reads,0.0,4,4,0.00020377669538389746,0.9919554367886028
Centrifuger,default,Centrifuger_default,ZymoMockD6331,ZymoMockD6331,pacbio,SRR13128014,2668067,2668067,                  Marinobacterium_sp._LSUCC0821,Marinobacterium_sp._LSUCC0821,species,0.00010106870043843603,fraction_reads,0.0,2,2,0.00010188834769194873,0.9919554367886028
Centrifuger,default,Centrifuger_default,ZymoMockD6331,ZymoMockD6331,pacbio,SRR13128014,420402,420402,                Marinobacterium_rhizophilum,Marinobacterium rhizophilum,species,5.0534350219218014e-05,fraction_reads,0.0,1,1,5.0944173845974365e-05,0.9919554367886028
Centrifuger,default,Centrifuger_default,ZymoMockD6331,ZymoMockD6331,pacbio,SRR13128014,1821621,1821621,                Marinobacterium_aestuarii,Marinobacterium aestuarii,species,5.0534350219218014e-05,fraction_reads,0.0,1,1,5.0944173845974365e-05,0.9919554367886028
Centrifuger,default,Centrifuger_default,ZymoMockD6331,ZymoMockD6331,pacbio,SRR13128014,187493,187493,                Thalassolituus_oleivorans,Thalassolituus oleivorans,species,0.0003537404515345261,fraction_reads,0.0,7,0,0.0003566092169218206,0.9919554367886028
Centrifuger,default,Centrifuger_default,ZymoMockD6331,ZymoMockD6331,pacbio,SRR13128014,491948,491948,                Marinomonas_rhizomae,Marinomonas rhizomae,species,5.0534350219218014e-05,fraction_reads,0.0,1,1,5.0944173845974365e-05,0.9919554367886028
Centrifuger,default,Centrifuger_default,ZymoMockD6331,ZymoMockD6331,pacbio,SRR13128014,491950,491950,                Marinomonas_foliarum,Marinomonas foliarum,species,5.0534350219218014e-05,fraction_reads,0.0,1,1,5.0944173845974365e-05,0.9919554367886028
Centrifuger,default,Centrifuger_default,ZymoMockD6331,ZymoMockD6331,pacbio,SRR13128014,2614693,2614693,                Nitrincola_iocasae,Nitrincola iocasae,species,0.00010106870043843603,fraction_reads,0.0,2,2,0.00010188834769194873,0.9919554367886028
Centrifuger,default,Centrifuger_default,ZymoMockD6331,ZymoMockD6331,pacbio,SRR13128014,2730360,2730360,                  Halomonas_sp._PGE1,Halomonas_sp._PGE1,species,0.00025267175109609005,fraction_reads,0.0,5,5,0.0002547208692298718,0.9919554367886028
Centrifuger,default,Centrifuger_default,ZymoMockD6331,ZymoMockD6331,pacbio,SRR13128014,2952527,2952527,                  Halomonas_sp._3H,Halomonas_sp._3H,species,5.0534350219218014e-05,fraction_reads,0.0,1,1,5.0944173845974365e-05,0.9919554367886028
Centrifuger,default,Centrifuger_default,ZymoMockD6331,ZymoMockD6331,pacbio,SRR13128014,2562282,2562282,                Halomonas_binhaiensis,Halomonas binhaiensis,species,0.00010106870043843603,fraction_reads,0.0,2,2,0.00010188834769194873,0.9919554367886028
Centrifuger,default,Centrifuger_default,ZymoMockD6331,ZymoMockD6331,pacbio,SRR13128014,33074,33074,                  Zymobacter_palmae,Zymobacter palmae,species,0.00015160305065765403,fraction_reads,0.0,3,3,0.0001528325215379231,0.9919554367886028
Centrifuger,default,Centrifuger_default,ZymoMockD6331,ZymoMockD6331,pacbio,SRR13128014,114186,114186,                  Candidatus_Carsonella_ruddii,Candidatus Carsonella_ruddii,species,5.0534350219218014e-05,fraction_reads,0.0,1,0,5.0944173845974365e-05,0.9919554367886028
Centrifuger,default,Centrifuger_default,ZymoMockD6331,ZymoMockD6331,pacbio,SRR13128014,1055101,1055101,                Cobetia_pacifica,Cobetia pacifica,species,0.00010106870043843603,fraction_reads,0.0,2,2,0.00010188834769194873,0.9919554367886028
Centrifuger,default,Centrifuger_default,ZymoMockD6331,ZymoMockD6331,pacbio,SRR13128014,2918516,2918516,                  Endozoicomonas_sp._SCSIO_W0465,Endozoicomonas_sp._SCSIO_W0465,species,0.00020213740087687205,fraction_reads,0.0,4,4,0.00020377669538389746,0.9919554367886028
Centrifuger,default,Centrifuger_default,ZymoMockD6331,ZymoMockD6331,pacbio,SRR13128014,158327,158327,                Hahella_chejuensis,Hahella chejuensis,species,5.0534350219218014e-05,fraction_reads,0.0,1,0,5.0944173845974365e-05,0.9919554367886028
Centrifuger,default,Centrifuger_default,ZymoMockD6331,ZymoMockD6331,pacbio,SRR13128014,1628392,1628392,                  Hahella_sp._KA22,Hahella_sp._KA22,species,5.0534350219218014e-05,fraction_reads,0.0,1,1,5.0944173845974365e-05,0.9919554367886028
Centrifuger,default,Centrifuger_default,ZymoMockD6331,ZymoMockD6331,pacbio,SRR13128014,2683272,2683272,                Spartinivicinus_ruber,Spartinivicinus ruber,species,0.00010106870043843603,fraction_reads,0.0,2,2,0.00010188834769194873,0.9919554367886028
Centrifuger,default,Centrifuger_default,ZymoMockD6331,ZymoMockD6331,pacbio,SRR13128014,1445505,1445505,                Gynuella_sunshinyii,Gynuella sunshinyii,species,5.0534350219218014e-05,fraction_reads,0.0,1,0,5.0944173845974365e-05,0.9919554367886028
Centrifuger,default,Centrifuger_default,ZymoMockD6331,ZymoMockD6331,pacbio,SRR13128014,2755562,2755562,                  Legionella_sp._PC997,Legionella_sp._PC997,species,0.0004042748017537441,fraction_reads,0.0,8,8,0.0004075533907677949,0.9919554367886028
Centrifuger,default,Centrifuger_default,ZymoMockD6331,ZymoMockD6331,pacbio,SRR13128014,2746060,2746060,                  Legionella_sp._PC1000,Legionella_sp._PC1000,species,0.00020213740087687205,fraction_reads,0.0,4,4,0.00020377669538389746,0.9919554367886028
Centrifuger,default,Centrifuger_default,ZymoMockD6331,ZymoMockD6331,pacbio,SRR13128014,446,446,                Legionella_pneumophila,Legionella pneumophila,species,0.00030320610131530807,fraction_reads,0.0,6,5,0.0003056650430758462,0.9919554367886028
Centrifuger,default,Centrifuger_default,ZymoMockD6331,ZymoMockD6331,pacbio,SRR13128014,28087,28087,                Legionella_sainthelensi,Legionella sainthelensi,species,0.00020213740087687205,fraction_reads,0.0,4,4,0.00020377669538389746,0.9919554367886028
Centrifuger,default,Centrifuger_default,ZymoMockD6331,ZymoMockD6331,pacbio,SRR13128014,454,454,                Legionella_israelensis,Legionella israelensis,species,0.00015160305065765403,fraction_reads,0.0,3,3,0.0001528325215379231,0.9919554367886028
Centrifuger,default,Centrifuger_default,ZymoMockD6331,ZymoMockD6331,pacbio,SRR13128014,2708020,2708020,                Legionella_antarctica,Legionella antarctica,species,0.00010106870043843603,fraction_reads,0.0,2,2,0.00010188834769194873,0.9919554367886028
Centrifuger,default,Centrifuger_default,ZymoMockD6331,ZymoMockD6331,pacbio,SRR13128014,45056,45056,                Legionella_adelaidensis,Legionella adelaidensis,species,5.0534350219218014e-05,fraction_reads,0.0,1,1,5.0944173845974365e-05,0.9919554367886028
Centrifuger,default,Centrifuger_default,ZymoMockD6331,ZymoMockD6331,pacbio,SRR13128014,45067,45067,                Legionella_lansingensis,Legionella lansingensis,species,5.0534350219218014e-05,fraction_reads,0.0,1,1,5.0944173845974365e-05,0.9919554367886028
Centrifuger,default,Centrifuger_default,ZymoMockD6331,ZymoMockD6331,pacbio,SRR13128014,96232,96232,                Legionella_lytica,Legionella lytica,species,5.0534350219218014e-05,fraction_reads,0.0,1,1,5.0944173845974365e-05,0.9919554367886028
Centrifuger,default,Centrifuger_default,ZymoMockD6331,ZymoMockD6331,pacbio,SRR13128014,451,451,                Tatlockia_micdadei,Tatlockia micdadei,species,5.0534350219218014e-05,fraction_reads,0.0,1,1,5.0944173845974365e-05,0.9919554367886028
Centrifuger,default,Centrifuger_default,ZymoMockD6331,ZymoMockD6331,pacbio,SRR13128014,777,777,                Coxiella_burnetii,Coxiella burnetii,species,0.00015160305065765403,fraction_reads,0.0,3,2,0.0001528325215379231,0.9919554367886028
Centrifuger,default,Centrifuger_default,ZymoMockD6331,ZymoMockD6331,pacbio,SRR13128014,254246,254246,                Aquicella_lusitana,Aquicella lusitana,species,0.00010106870043843603,fraction_reads,0.0,2,2,0.00010188834769194873,0.9919554367886028
Centrifuger,default,Centrifuger_default,ZymoMockD6331,ZymoMockD6331,pacbio,SRR13128014,676208,676208,                Candidatus_Rickettsiella_viridis,Candidatus Rickettsiella_viridis,species,5.0534350219218014e-05,fraction_reads,0.0,1,1,5.0944173845974365e-05,0.9919554367886028
Centrifuger,default,Centrifuger_default,ZymoMockD6331,ZymoMockD6331,pacbio,SRR13128014,1592897,1592897,                Coxiella-like_endosymbiont,Coxiella-like_endosymbiont,species,5.0534350219218014e-05,fraction_reads,0.0,1,1,5.0944173845974365e-05,0.9919554367886028
Centrifuger,default,Centrifuger_default,ZymoMockD6331,ZymoMockD6331,pacbio,SRR13128014,657445,657445,                Francisella_noatunensis,Francisella noatunensis,species,0.00025267175109609005,fraction_reads,0.0,5,0,0.0002547208692298718,0.9919554367886028
Centrifuger,default,Centrifuger_default,ZymoMockD6331,ZymoMockD6331,pacbio,SRR13128014,2589986,2589986,                  Francisella_sp._Scap27,Francisella_sp._Scap27,species,0.00015160305065765403,fraction_reads,0.0,3,3,0.0001528325215379231,0.9919554367886028
Centrifuger,default,Centrifuger_default,ZymoMockD6331,ZymoMockD6331,pacbio,SRR13128014,1395624,1395624,                  Francisella_sp._LA112445,Francisella_sp._LA112445,species,0.00010106870043843603,fraction_reads,0.0,2,2,0.00010188834769194873,0.9919554367886028
Centrifuger,default,Centrifuger_default,ZymoMockD6331,ZymoMockD6331,pacbio,SRR13128014,28110,28110,                Francisella_philomiragia,Francisella philomiragia,species,0.00020213740087687205,fraction_reads,0.0,4,4,0.00020377669538389746,0.9919554367886028
Centrifuger,default,Centrifuger_default,ZymoMockD6331,ZymoMockD6331,pacbio,SRR13128014,549298,549298,                Francisella_halioticida,Francisella halioticida,species,5.0534350219218014e-05,fraction_reads,0.0,1,1,5.0944173845974365e-05,0.9919554367886028
Centrifuger,default,Centrifuger_default,ZymoMockD6331,ZymoMockD6331,pacbio,SRR13128014,1542390,1542390,                Francisella_frigiditurris,Francisella frigiditurris,species,5.0534350219218014e-05,fraction_reads,0.0,1,1,5.0944173845974365e-05,0.9919554367886028
Centrifuger,default,Centrifuger_default,ZymoMockD6331,ZymoMockD6331,pacbio,SRR13128014,1238,1238,                Piscirickettsia_salmonis,Piscirickettsia salmonis,species,0.00030320610131530807,fraction_reads,0.0,6,6,0.0003056650430758462,0.9919554367886028
Centrifuger,default,Centrifuger_default,ZymoMockD6331,ZymoMockD6331,pacbio,SRR13128014,2675053,2675053,                Thiosulfativibrio_zosterae,Thiosulfativibrio zosterae,species,0.00025267175109609005,fraction_reads,0.0,5,5,0.0002547208692298718,0.9919554367886028
Centrifuger,default,Centrifuger_default,ZymoMockD6331,ZymoMockD6331,pacbio,SRR13128014,728003,728003,                  Cycloclasticus_sp._PY97N,Cycloclasticus_sp._PY97N,species,5.0534350219218014e-05,fraction_reads,0.0,1,1,5.0944173845974365e-05,0.9919554367886028
Centrifuger,default,Centrifuger_default,ZymoMockD6331,ZymoMockD6331,pacbio,SRR13128014,2949997,2949997,                  Thiomicrorhabdus_sp._XGS-01,Thiomicrorhabdus_sp._XGS-01,species,0.00010106870043843603,fraction_reads,0.0,2,2,0.00010188834769194873,0.9919554367886028
Centrifuger,default,Centrifuger_default,ZymoMockD6331,ZymoMockD6331,pacbio,SRR13128014,265883,265883,                Hydrogenovibrio_thermophilus,Hydrogenovibrio thermophilus,species,5.0534350219218014e-05,fraction_reads,0.0,1,1,5.0944173845974365e-05,0.9919554367886028
Centrifuger,default,Centrifuger_default,ZymoMockD6331,ZymoMockD6331,pacbio,SRR13128014,2891210,2891210,                Thiothrix_litoralis,Thiothrix litoralis,species,0.00010106870043843603,fraction_reads,0.0,2,2,0.00010188834769194873,0.9919554367886028
Centrifuger,default,Centrifuger_default,ZymoMockD6331,ZymoMockD6331,pacbio,SRR13128014,644,644,                Aeromonas_hydrophila,Aeromonas hydrophila,species,0.0003537404515345261,fraction_reads,0.0,7,7,0.0003566092169218206,0.9919554367886028
Centrifuger,default,Centrifuger_default,ZymoMockD6331,ZymoMockD6331,pacbio,SRR13128014,196024,196024,                Aeromonas_dhakensis,Aeromonas dhakensis,species,0.00010106870043843603,fraction_reads,0.0,2,2,0.00010188834769194873,0.9919554367886028
Centrifuger,default,Centrifuger_default,ZymoMockD6331,ZymoMockD6331,pacbio,SRR13128014,648794,648794,                Aeromonas_rivuli,Aeromonas rivuli,species,0.00010106870043843603,fraction_reads,0.0,2,2,0.00010188834769194873,0.9919554367886028
Centrifuger,default,Centrifuger_default,ZymoMockD6331,ZymoMockD6331,pacbio,SRR13128014,645,645,                Aeromonas_salmonicida,Aeromonas salmonicida,species,5.0534350219218014e-05,fraction_reads,0.0,1,1,5.0944173845974365e-05,0.9919554367886028
Centrifuger,default,Centrifuger_default,ZymoMockD6331,ZymoMockD6331,pacbio,SRR13128014,1416627,1416627,                Oceanisphaera_profunda,Oceanisphaera profunda,species,5.0534350219218014e-05,fraction_reads,0.0,1,1,5.0944173845974365e-05,0.9919554367886028
Centrifuger,default,Centrifuger_default,ZymoMockD6331,ZymoMockD6331,pacbio,SRR13128014,2047966,2047966,                Dongshaea_marina,Dongshaea marina,species,5.0534350219218014e-05,fraction_reads,0.0,1,1,5.0944173845974365e-05,0.9919554367886028
Centrifuger,default,Centrifuger_default,ZymoMockD6331,ZymoMockD6331,pacbio,SRR13128014,1166950,1166950,                Candidatus_Thiodictyon_syntrophicum,Candidatus Thiodictyon_syntrophicum,species,0.00025267175109609005,fraction_reads,0.0,5,5,0.0002547208692298718,0.9919554367886028
Centrifuger,default,Centrifuger_default,ZymoMockD6331,ZymoMockD6331,pacbio,SRR13128014,473531,473531,                Nitrosococcus_watsonii,Nitrosococcus watsonii,species,0.00020213740087687205,fraction_reads,0.0,4,0,0.00020377669538389746,0.9919554367886028
Centrifuger,default,Centrifuger_default,ZymoMockD6331,ZymoMockD6331,pacbio,SRR13128014,2699430,2699430,                Caldichromatium_japonicum,Caldichromatium japonicum,species,5.0534350219218014e-05,fraction_reads,0.0,1,1,5.0944173845974365e-05,0.9919554367886028
Centrifuger,default,Centrifuger_default,ZymoMockD6331,ZymoMockD6331,pacbio,SRR13128014,1442136,1442136,                  Ectothiorhodospira_sp._BSL-9,Ectothiorhodospira_sp._BSL-9,species,0.00010106870043843603,fraction_reads,0.0,2,2,0.00010188834769194873,0.9919554367886028
Centrifuger,default,Centrifuger_default,ZymoMockD6331,ZymoMockD6331,pacbio,SRR13128014,2303332,2303332,                  Cellvibrio_sp._KY-GH-1,Cellvibrio_sp._KY-GH-1,species,0.00010106870043843603,fraction_reads,0.0,2,2,0.00010188834769194873,0.9919554367886028
Centrifuger,default,Centrifuger_default,ZymoMockD6331,ZymoMockD6331,pacbio,SRR13128014,1945512,1945512,                  Cellvibrio_sp._PSBB023,Cellvibrio_sp._PSBB023,species,5.0534350219218014e-05,fraction_reads,0.0,1,1,5.0944173845974365e-05,0.9919554367886028
Centrifuger,default,Centrifuger_default,ZymoMockD6331,ZymoMockD6331,pacbio,SRR13128014,155077,155077,                Cellvibrio_japonicus,Cellvibrio japonicus,species,5.0534350219218014e-05,fraction_reads,0.0,1,0,5.0944173845974365e-05,0.9919554367886028
Centrifuger,default,Centrifuger_default,ZymoMockD6331,ZymoMockD6331,pacbio,SRR13128014,930805,930805,                Halioglobus_japonicus,Halioglobus japonicus,species,0.00010106870043843603,fraction_reads,0.0,2,2,0.00010188834769194873,0.9919554367886028
Centrifuger,default,Centrifuger_default,ZymoMockD6331,ZymoMockD6331,pacbio,SRR13128014,2518989,2518989,                Aequoribacter_fuscus,Aequoribacter fuscus,species,0.00010106870043843603,fraction_reads,0.0,2,2,0.00010188834769194873,0.9919554367886028
Centrifuger,default,Centrifuger_default,ZymoMockD6331,ZymoMockD6331,pacbio,SRR13128014,113267,113267,              Bathymodiolus_septemdierum_thioautotrophic_gill_symbiont,Bathymodiolus septemdierum_thioautotrophic gill_symbiont,species,0.00020213740087687205,fraction_reads,0.0,4,0,0.00020377669538389746,0.9919554367886028
Centrifuger,default,Centrifuger_default,ZymoMockD6331,ZymoMockD6331,pacbio,SRR13128014,412034,412034,                Celerinatantimonas_diazotrophica,Celerinatantimonas diazotrophica,species,5.0534350219218014e-05,fraction_reads,0.0,1,1,5.0944173845974365e-05,0.9919554367886028
Centrifuger,default,Centrifuger_default,ZymoMockD6331,ZymoMockD6331,pacbio,SRR13128014,2291597,2291597,              Gallaecimonas_mangrovi,Gallaecimonas mangrovi,species,5.0534350219218014e-05,fraction_reads,0.0,1,1,5.0944173845974365e-05,0.9919554367886028
Centrifuger,default,Centrifuger_default,ZymoMockD6331,ZymoMockD6331,pacbio,SRR13128014,1427364,1427364,              Candidatus_Pseudothioglobus_singularis,Candidatus Pseudothioglobus_singularis,species,5.0534350219218014e-05,fraction_reads,0.0,1,0,5.0944173845974365e-05,0.9919554367886028
Centrifuger,default,Centrifuger_default,ZymoMockD6331,ZymoMockD6331,pacbio,SRR13128014,2704655,2704655,                  Gilliamella_sp._ESL0443,Gilliamella_sp._ESL0443,species,5.0534350219218014e-05,fraction_reads,0.0,1,1,5.0944173845974365e-05,0.9919554367886028
Centrifuger,default,Centrifuger_default,ZymoMockD6331,ZymoMockD6331,pacbio,SRR13128014,2817969,2817969,                  Gilliamella_sp._B3022,Gilliamella_sp._B3022,species,5.0534350219218014e-05,fraction_reads,0.0,1,1,5.0944173845974365e-05,0.9919554367886028
Centrifuger,default,Centrifuger_default,ZymoMockD6331,ZymoMockD6331,pacbio,SRR13128014,1196095,1196095,                Gilliamella_apicola,Gilliamella apicola,species,5.0534350219218014e-05,fraction_reads,0.0,1,1,5.0944173845974365e-05,0.9919554367886028
Centrifuger,default,Centrifuger_default,ZymoMockD6331,ZymoMockD6331,pacbio,SRR13128014,1267021,1267021,                Frischella_perrara,Frischella perrara,species,5.0534350219218014e-05,fraction_reads,0.0,1,1,5.0944173845974365e-05,0.9919554367886028
Centrifuger,default,Centrifuger_default,ZymoMockD6331,ZymoMockD6331,pacbio,SRR13128014,2698684,2698684,                  Sinimarinibacterium_sp._NLF-5-8,Sinimarinibacterium_sp._NLF-5-8,species,0.00010106870043843603,fraction_reads,0.0,2,2,0.00010188834769194873,0.9919554367886028
Centrifuger,default,Centrifuger_default,ZymoMockD6331,ZymoMockD6331,pacbio,SRR13128014,2806210,2806210,                Flagellatimonas_centrodinii,Flagellatimonas centrodinii,species,5.0534350219218014e-05,fraction_reads,0.0,1,1,5.0944173845974365e-05,0.9919554367886028
Centrifuger,default,Centrifuger_default,ZymoMockD6331,ZymoMockD6331,pacbio,SRR13128014,1704499,1704499,                Methylovulum_psychrotolerans,Methylovulum psychrotolerans,species,5.0534350219218014e-05,fraction_reads,0.0,1,1,5.0944173845974365e-05,0.9919554367886028
Centrifuger,default,Centrifuger_default,ZymoMockD6331,ZymoMockD6331,pacbio,SRR13128014,163359,163359,                Acidiferrobacter_thiooxydans,Acidiferrobacter thiooxydans,species,5.0534350219218014e-05,fraction_reads,0.0,1,1,5.0944173845974365e-05,0.9919554367886028
Centrifuger,default,Centrifuger_default,ZymoMockD6331,ZymoMockD6331,pacbio,SRR13128014,1561924,1561924,                Kangiella_profundi,Kangiella profundi,species,5.0534350219218014e-05,fraction_reads,0.0,1,1,5.0944173845974365e-05,0.9919554367886028
Centrifuger,default,Centrifuger_default,ZymoMockD6331,ZymoMockD6331,pacbio,SRR13128014,2919598,2919598,                Candidatus_Comchoanobacter_bicostacola,Candidatus Comchoanobacter_bicostacola,species,5.0534350219218014e-05,fraction_reads,0.0,1,1,5.0944173845974365e-05,0.9919554367886028
Centrifuger,default,Centrifuger_default,ZymoMockD6331,ZymoMockD6331,pacbio,SRR13128014,1933904,1933904,                  Bartonella_sp._WD16.2,Bartonella_sp._WD16.2,species,0.00030320610131530807,fraction_reads,0.0,6,6,0.0003056650430758462,0.9919554367886028
Centrifuger,default,Centrifuger_default,ZymoMockD6331,ZymoMockD6331,pacbio,SRR13128014,2979331,2979331,                  Bartonella_sp._HY406,Bartonella_sp._HY406,species,5.0534350219218014e-05,fraction_reads,0.0,1,1,5.0944173845974365e-05,0.9919554367886028
Centrifuger,default,Centrifuger_default,ZymoMockD6331,ZymoMockD6331,pacbio,SRR13128014,774,774,                Bartonella_bacilliformis,Bartonella bacilliformis,species,0.00020213740087687205,fraction_reads,0.0,4,4,0.00020377669538389746,0.9919554367886028
Centrifuger,default,Centrifuger_default,ZymoMockD6331,ZymoMockD6331,pacbio,SRR13128014,33046,33046,                Bartonella_taylorii,Bartonella taylorii,species,0.00020213740087687205,fraction_reads,0.0,4,4,0.00020377669538389746,0.9919554367886028
Centrifuger,default,Centrifuger_default,ZymoMockD6331,ZymoMockD6331,pacbio,SRR13128014,38323,38323,                Bartonella_henselae,Bartonella henselae,species,0.00010106870043843603,fraction_reads,0.0,2,2,0.00010188834769194873,0.9919554367886028
Centrifuger,default,Centrifuger_default,ZymoMockD6331,ZymoMockD6331,pacbio,SRR13128014,2961895,2961895,                Bartonella_harrusi,Bartonella harrusi,species,5.0534350219218014e-05,fraction_reads,0.0,1,1,5.0944173845974365e-05,0.9919554367886028
Centrifuger,default,Centrifuger_default,ZymoMockD6331,ZymoMockD6331,pacbio,SRR13128014,3039159,3039159,                  Bradyrhizobium_sp._CB82,Bradyrhizobium_sp._CB82,species,0.00030320610131530807,fraction_reads,0.0,6,6,0.0003056650430758462,0.9919554367886028
Centrifuger,default,Centrifuger_default,ZymoMockD6331,ZymoMockD6331,pacbio,SRR13128014,2866195,2866195,                  Bradyrhizobium_sp._ISRA436,Bradyrhizobium_sp._ISRA436,species,0.00015160305065765403,fraction_reads,0.0,3,3,0.0001528325215379231,0.9919554367886028
Centrifuger,default,Centrifuger_default,ZymoMockD6331,ZymoMockD6331,pacbio,SRR13128014,439387,439387,                  Bradyrhizobium_sp._CIAT3101,Bradyrhizobium_sp._CIAT3101,species,0.00010106870043843603,fraction_reads,0.0,2,2,0.00010188834769194873,0.9919554367886028
Centrifuger,default,Centrifuger_default,ZymoMockD6331,ZymoMockD6331,pacbio,SRR13128014,858422,858422,                  Bradyrhizobium_sp._CCBAU_051011,Bradyrhizobium_sp._CCBAU_051011,species,5.0534350219218014e-05,fraction_reads,0.0,1,1,5.0944173845974365e-05,0.9919554367886028
Centrifuger,default,Centrifuger_default,ZymoMockD6331,ZymoMockD6331,pacbio,SRR13128014,1325102,1325102,                  Bradyrhizobium_sp._CCBAU_51765,Bradyrhizobium_sp._CCBAU_51765,species,5.0534350219218014e-05,fraction_reads,0.0,1,1,5.0944173845974365e-05,0.9919554367886028
Centrifuger,default,Centrifuger_default,ZymoMockD6331,ZymoMockD6331,pacbio,SRR13128014,3039158,3039158,                  Bradyrhizobium_sp._CB3481,Bradyrhizobium_sp._CB3481,species,5.0534350219218014e-05,fraction_reads,0.0,1,1,5.0944173845974365e-05,0.9919554367886028
Centrifuger,default,Centrifuger_default,ZymoMockD6331,ZymoMockD6331,pacbio,SRR13128014,1404864,1404864,                Bradyrhizobium_cosmicum,Bradyrhizobium cosmicum,species,0.00010106870043843603,fraction_reads,0.0,2,2,0.00010188834769194873,0.9919554367886028
Centrifuger,default,Centrifuger_default,ZymoMockD6331,ZymoMockD6331,pacbio,SRR13128014,83637,83637,                Bradyrhizobium_genosp._L,Bradyrhizobium_genosp._L,species,5.0534350219218014e-05,fraction_reads,0.0,1,1,5.0944173845974365e-05,0.9919554367886028
Centrifuger,default,Centrifuger_default,ZymoMockD6331,ZymoMockD6331,pacbio,SRR13128014,2821406,2821406,                Bradyrhizobium_australafricanum,Bradyrhizobium australafricanum,species,5.0534350219218014e-05,fraction_reads,0.0,1,1,5.0944173845974365e-05,0.9919554367886028
Centrifuger,default,Centrifuger_default,ZymoMockD6331,ZymoMockD6331,pacbio,SRR13128014,1981173,1981173,                    Rhizobium_sp._NXC14,Rhizobium_sp._NXC14,species,5.0534350219218014e-05,fraction_reads,0.0,1,1,5.0944173845974365e-05,0.9919554367886028
Centrifuger,default,Centrifuger_default,ZymoMockD6331,ZymoMockD6331,pacbio,SRR13128014,2785056,2785056,                    Rhizobium_sp._007,Rhizobium_sp._007,species,5.0534350219218014e-05,fraction_reads,0.0,1,1,5.0944173845974365e-05,0.9919554367886028
Centrifuger,default,Centrifuger_default,ZymoMockD6331,ZymoMockD6331,pacbio,SRR13128014,384,384,                  Rhizobium_leguminosarum,Rhizobium leguminosarum,species,5.0534350219218014e-05,fraction_reads,0.0,1,1,5.0944173845974365e-05,0.9919554367886028
Centrifuger,default,Centrifuger_default,ZymoMockD6331,ZymoMockD6331,pacbio,SRR13128014,1183400,1183400,                  Agrobacterium_tumefaciens_complex,Agrobacterium tumefaciens_complex,species,5.0534350219218014e-05,fraction_reads,0.0,1,0,5.0944173845974365e-05,0.9919554367886028
Centrifuger,default,Centrifuger_default,ZymoMockD6331,ZymoMockD6331,pacbio,SRR13128014,358,358,                    Agrobacterium_tumefaciens,Agrobacterium tumefaciens,species,5.0534350219218014e-05,fraction_reads,0.0,1,1,5.0944173845974365e-05,0.9919554367886028
Centrifuger,default,Centrifuger_default,ZymoMockD6331,ZymoMockD6331,pacbio,SRR13128014,106592,106592,                  Ensifer_adhaerens,Ensifer adhaerens,species,0.00020213740087687205,fraction_reads,0.0,4,4,0.00020377669538389746,0.9919554367886028
Centrifuger,default,Centrifuger_default,ZymoMockD6331,ZymoMockD6331,pacbio,SRR13128014,382,382,                  Sinorhizobium_meliloti,Sinorhizobium meliloti,species,5.0534350219218014e-05,fraction_reads,0.0,1,1,5.0944173845974365e-05,0.9919554367886028
Centrifuger,default,Centrifuger_default,ZymoMockD6331,ZymoMockD6331,pacbio,SRR13128014,1273132,1273132,                Liberibacter_crescens,Liberibacter crescens,species,0.00015160305065765403,fraction_reads,0.0,3,3,0.0001528325215379231,0.9919554367886028
Centrifuger,default,Centrifuger_default,ZymoMockD6331,ZymoMockD6331,pacbio,SRR13128014,34021,34021,                Candidatus_Liberibacter_asiaticus,Candidatus Liberibacter_asiaticus,species,5.0534350219218014e-05,fraction_reads,0.0,1,1,5.0944173845974365e-05,0.9919554367886028
Centrifuger,default,Centrifuger_default,ZymoMockD6331,ZymoMockD6331,pacbio,SRR13128014,593909,593909,                Mesorhizobium_opportunistum,Mesorhizobium opportunistum,species,5.0534350219218014e-05,fraction_reads,0.0,1,1,5.0944173845974365e-05,0.9919554367886028
Centrifuger,default,Centrifuger_default,ZymoMockD6331,ZymoMockD6331,pacbio,SRR13128014,2725666,2725666,                Mesorhizobium_terrae,Mesorhizobium terrae,species,5.0534350219218014e-05,fraction_reads,0.0,1,1,5.0944173845974365e-05,0.9919554367886028
Centrifuger,default,Centrifuger_default,ZymoMockD6331,ZymoMockD6331,pacbio,SRR13128014,2774562,2774562,                  Aminobacter_sp._SR38,Aminobacter_sp._SR38,species,5.0534350219218014e-05,fraction_reads,0.0,1,1,5.0944173845974365e-05,0.9919554367886028
Centrifuger,default,Centrifuger_default,ZymoMockD6331,ZymoMockD6331,pacbio,SRR13128014,555317,555317,                  Phyllobacterium_sp._T1293,Phyllobacterium_sp._T1293,species,0.00010106870043843603,fraction_reads,0.0,2,2,0.00010188834769194873,0.9919554367886028
Centrifuger,default,Centrifuger_default,ZymoMockD6331,ZymoMockD6331,pacbio,SRR13128014,444163,444163,                  Brucella_microti,Brucella microti,species,0.00015160305065765403,fraction_reads,0.0,3,0,0.0001528325215379231,0.9919554367886028
Centrifuger,default,Centrifuger_default,ZymoMockD6331,ZymoMockD6331,pacbio,SRR13128014,2769351,2769351,                    Brucella_sp._6810,Brucella_sp._6810,species,0.00010106870043843603,fraction_reads,0.0,2,2,0.00010188834769194873,0.9919554367886028
Centrifuger,default,Centrifuger_default,ZymoMockD6331,ZymoMockD6331,pacbio,SRR13128014,2864102,2864102,                  Pseudochrobactrum_sp._Wa41.01b-1,Pseudochrobactrum_sp._Wa41.01b-1,species,0.00015160305065765403,fraction_reads,0.0,3,3,0.0001528325215379231,0.9919554367886028
Centrifuger,default,Centrifuger_default,ZymoMockD6331,ZymoMockD6331,pacbio,SRR13128014,426,426,                Methylosinus_trichosporium,Methylosinus trichosporium,species,0.00020213740087687205,fraction_reads,0.0,4,0,0.00020377669538389746,0.9919554367886028
Centrifuger,default,Centrifuger_default,ZymoMockD6331,ZymoMockD6331,pacbio,SRR13128014,2654282,2654282,                  Methylocystis_sp._MJC1,Methylocystis_sp._MJC1,species,0.00010106870043843603,fraction_reads,0.0,2,2,0.00010188834769194873,0.9919554367886028
Centrifuger,default,Centrifuger_default,ZymoMockD6331,ZymoMockD6331,pacbio,SRR13128014,3038924,3038924,                  Methylobacterium_sp._391_Methyba4,Methylobacterium_sp._391_Methyba4,species,0.00015160305065765403,fraction_reads,0.0,3,3,0.0001528325215379231,0.9919554367886028
Centrifuger,default,Centrifuger_default,ZymoMockD6331,ZymoMockD6331,pacbio,SRR13128014,2593653,2593653,                Kaustia_mangrovi,Kaustia mangrovi,species,0.00010106870043843603,fraction_reads,0.0,2,2,0.00010188834769194873,0.9919554367886028
Centrifuger,default,Centrifuger_default,ZymoMockD6331,ZymoMockD6331,pacbio,SRR13128014,2590016,2590016,                  Labrenzia_sp._PHM005,Labrenzia_sp._PHM005,species,0.00010106870043843603,fraction_reads,0.0,2,2,0.00010188834769194873,0.9919554367886028
Centrifuger,default,Centrifuger_default,ZymoMockD6331,ZymoMockD6331,pacbio,SRR13128014,531813,531813,                Pelagibacterium_halotolerans,Pelagibacterium halotolerans,species,5.0534350219218014e-05,fraction_reads,0.0,1,0,5.0944173845974365e-05,0.9919554367886028
Centrifuger,default,Centrifuger_default,ZymoMockD6331,ZymoMockD6331,pacbio,SRR13128014,106178,106178,                canis_group,canis group,species,0.0004042748017537441,fraction_reads,0.0,8,0,0.0004075533907677949,0.9919554367886028
Centrifuger,default,Centrifuger_default,ZymoMockD6331,ZymoMockD6331,pacbio,SRR13128014,945,945,                  Ehrlichia_chaffeensis,Ehrlichia chaffeensis,species,0.00030320610131530807,fraction_reads,0.0,6,6,0.0003056650430758462,0.9919554367886028
Centrifuger,default,Centrifuger_default,ZymoMockD6331,ZymoMockD6331,pacbio,SRR13128014,35795,35795,                  Ehrlichia_muris,Ehrlichia muris,species,0.00010106870043843603,fraction_reads,0.0,2,0,0.00010188834769194873,0.9919554367886028
Centrifuger,default,Centrifuger_default,ZymoMockD6331,ZymoMockD6331,pacbio,SRR13128014,2954064,2954064,                    Wolbachia_endosymbiont_(group_A)_of_Trypoxylon_clavicerum,Wolbachia endosymbiont_(group_A)_of Trypoxylon_clavicerum,species,0.00010106870043843603,fraction_reads,0.0,2,2,0.00010188834769194873,0.9919554367886028
Centrifuger,default,Centrifuger_default,ZymoMockD6331,ZymoMockD6331,pacbio,SRR13128014,116598,116598,                    Wolbachia_endosymbiont_of_Diaphorina_citri,Wolbachia endosymbiont_of Diaphorina_citri,species,5.0534350219218014e-05,fraction_reads,0.0,1,1,5.0944173845974365e-05,0.9919554367886028
Centrifuger,default,Centrifuger_default,ZymoMockD6331,ZymoMockD6331,pacbio,SRR13128014,2732594,2732594,                    Wolbachia_endosymbiont_of_Ctenocephalides_felis_wCfeJ,Wolbachia endosymbiont_of Ctenocephalides_felis wCfeJ,species,5.0534350219218014e-05,fraction_reads,0.0,1,1,5.0944173845974365e-05,0.9919554367886028
Centrifuger,default,Centrifuger_default,ZymoMockD6331,ZymoMockD6331,pacbio,SRR13128014,2953988,2953988,                    Wolbachia_endosymbiont_(group_A)_of_Bombylius_major,Wolbachia endosymbiont_(group_A)_of Bombylius_major,species,5.0534350219218014e-05,fraction_reads,0.0,1,1,5.0944173845974365e-05,0.9919554367886028
Centrifuger,default,Centrifuger_default,ZymoMockD6331,ZymoMockD6331,pacbio,SRR13128014,89586,89586,                Neoehrlichia_mikurensis,Neoehrlichia mikurensis,species,0.00015160305065765403,fraction_reads,0.0,3,3,0.0001528325215379231,0.9919554367886028
Centrifuger,default,Centrifuger_default,ZymoMockD6331,ZymoMockD6331,pacbio,SRR13128014,106179,106179,                phagocytophilum_group,phagocytophilum group,species,0.00010106870043843603,fraction_reads,0.0,2,0,0.00010188834769194873,0.9919554367886028
Centrifuger,default,Centrifuger_default,ZymoMockD6331,ZymoMockD6331,pacbio,SRR13128014,948,948,                  Anaplasma_phagocytophilum,Anaplasma phagocytophilum,species,0.00010106870043843603,fraction_reads,0.0,2,1,0.00010188834769194873,0.9919554367886028
Centrifuger,default,Centrifuger_default,ZymoMockD6331,ZymoMockD6331,pacbio,SRR13128014,114292,114292,                  typhus_group,typhus group,species,0.00015160305065765403,fraction_reads,0.0,3,0,0.0001528325215379231,0.9919554367886028
Centrifuger,default,Centrifuger_default,ZymoMockD6331,ZymoMockD6331,pacbio,SRR13128014,782,782,                    Rickettsia_prowazekii,Rickettsia prowazekii,species,0.00015160305065765403,fraction_reads,0.0,3,3,0.0001528325215379231,0.9919554367886028
Centrifuger,default,Centrifuger_default,ZymoMockD6331,ZymoMockD6331,pacbio,SRR13128014,931099,931099,                    Rickettsia_endosymbiont_of_Oedothorax_gibbosus,Rickettsia endosymbiont_of Oedothorax_gibbosus,species,0.00015160305065765403,fraction_reads,0.0,3,3,0.0001528325215379231,0.9919554367886028
Centrifuger,default,Centrifuger_default,ZymoMockD6331,ZymoMockD6331,pacbio,SRR13128014,784,784,                  Orientia_tsutsugamushi,Orientia tsutsugamushi,species,0.00015160305065765403,fraction_reads,0.0,3,3,0.0001528325215379231,0.9919554367886028
Centrifuger,default,Centrifuger_default,ZymoMockD6331,ZymoMockD6331,pacbio,SRR13128014,2653203,2653203,                  Sphingomonas_sp._CL5.1,Sphingomonas_sp._CL5.1,species,0.00010106870043843603,fraction_reads,0.0,2,2,0.00010188834769194873,0.9919554367886028
Centrifuger,default,Centrifuger_default,ZymoMockD6331,ZymoMockD6331,pacbio,SRR13128014,2565555,2565555,                  Sphingomonas_sp._PAMC26645,Sphingomonas_sp._PAMC26645,species,5.0534350219218014e-05,fraction_reads,0.0,1,1,5.0944173845974365e-05,0.9919554367886028
Centrifuger,default,Centrifuger_default,ZymoMockD6331,ZymoMockD6331,pacbio,SRR13128014,93064,93064,                Sphingomonas_koreensis,Sphingomonas koreensis,species,0.00010106870043843603,fraction_reads,0.0,2,2,0.00010188834769194873,0.9919554367886028
Centrifuger,default,Centrifuger_default,ZymoMockD6331,ZymoMockD6331,pacbio,SRR13128014,563996,563996,                Sphingomonas_hankookensis,Sphingomonas hankookensis,species,0.00010106870043843603,fraction_reads,0.0,2,2,0.00010188834769194873,0.9919554367886028
Centrifuger,default,Centrifuger_default,ZymoMockD6331,ZymoMockD6331,pacbio,SRR13128014,1913578,1913578,                Sphingorhabdus_lutea,Sphingorhabdus lutea,species,0.00025267175109609005,fraction_reads,0.0,5,5,0.0002547208692298718,0.9919554367886028
Centrifuger,default,Centrifuger_default,ZymoMockD6331,ZymoMockD6331,pacbio,SRR13128014,2025349,2025349,                  Novosphingobium_sp._9,Novosphingobium_sp._9,species,5.0534350219218014e-05,fraction_reads,0.0,1,1,5.0944173845974365e-05,0.9919554367886028
Centrifuger,default,Centrifuger_default,ZymoMockD6331,ZymoMockD6331,pacbio,SRR13128014,33050,33050,                Sphingopyxis_macrogoltabida,Sphingopyxis macrogoltabida,species,5.0534350219218014e-05,fraction_reads,0.0,1,1,5.0944173845974365e-05,0.9919554367886028
Centrifuger,default,Centrifuger_default,ZymoMockD6331,ZymoMockD6331,pacbio,SRR13128014,2026624,2026624,                Parasphingopyxis_algicola,Parasphingopyxis algicola,species,5.0534350219218014e-05,fraction_reads,0.0,1,1,5.0944173845974365e-05,0.9919554367886028
Centrifuger,default,Centrifuger_default,ZymoMockD6331,ZymoMockD6331,pacbio,SRR13128014,1763828,1763828,                Hankyongella_ginsenosidimutans,Hankyongella ginsenosidimutans,species,5.0534350219218014e-05,fraction_reads,0.0,1,1,5.0944173845974365e-05,0.9919554367886028
Centrifuger,default,Centrifuger_default,ZymoMockD6331,ZymoMockD6331,pacbio,SRR13128014,1348774,1348774,                Croceicoccus_naphthovorans,Croceicoccus naphthovorans,species,0.00010106870043843603,fraction_reads,0.0,2,2,0.00010188834769194873,0.9919554367886028
Centrifuger,default,Centrifuger_default,ZymoMockD6331,ZymoMockD6331,pacbio,SRR13128014,1896196,1896196,                    Porphyrobacter_sp._LM_6,Porphyrobacter_sp._LM_6,species,5.0534350219218014e-05,fraction_reads,0.0,1,1,5.0944173845974365e-05,0.9919554367886028
Centrifuger,default,Centrifuger_default,ZymoMockD6331,ZymoMockD6331,pacbio,SRR13128014,542,542,                Zymomonas_mobilis,Zymomonas mobilis,species,5.0534350219218014e-05,fraction_reads,0.0,1,0,5.0944173845974365e-05,0.9919554367886028
Centrifuger,default,Centrifuger_default,ZymoMockD6331,ZymoMockD6331,pacbio,SRR13128014,1591409,1591409,                Pseudohalocynthiibacter_aestuariivivens,Pseudohalocynthiibacter aestuariivivens,species,0.00010106870043843603,fraction_reads,0.0,2,2,0.00010188834769194873,0.9919554367886028
Centrifuger,default,Centrifuger_default,ZymoMockD6331,ZymoMockD6331,pacbio,SRR13128014,2692330,2692330,                  Falsirhodobacter_sp._PG104,Falsirhodobacter_sp._PG104,species,5.0534350219218014e-05,fraction_reads,0.0,1,1,5.0944173845974365e-05,0.9919554367886028
Centrifuger,default,Centrifuger_default,ZymoMockD6331,ZymoMockD6331,pacbio,SRR13128014,2494374,2494374,                Tabrizicola_piscis,Tabrizicola piscis,species,5.0534350219218014e-05,fraction_reads,0.0,1,1,5.0944173845974365e-05,0.9919554367886028
Centrifuger,default,Centrifuger_default,ZymoMockD6331,ZymoMockD6331,pacbio,SRR13128014,245188,245188,                Yoonia_vestfoldensis,Yoonia vestfoldensis,species,5.0534350219218014e-05,fraction_reads,0.0,1,1,5.0944173845974365e-05,0.9919554367886028
Centrifuger,default,Centrifuger_default,ZymoMockD6331,ZymoMockD6331,pacbio,SRR13128014,83219,83219,                Sulfitobacter_mediterraneus,Sulfitobacter mediterraneus,species,0.00015160305065765403,fraction_reads,0.0,3,3,0.0001528325215379231,0.9919554367886028
Centrifuger,default,Centrifuger_default,ZymoMockD6331,ZymoMockD6331,pacbio,SRR13128014,1402135,1402135,                Pseudosulfitobacter_pseudonitzschiae,Pseudosulfitobacter pseudonitzschiae,species,0.00010106870043843603,fraction_reads,0.0,2,2,0.00010188834769194873,0.9919554367886028
Centrifuger,default,Centrifuger_default,ZymoMockD6331,ZymoMockD6331,pacbio,SRR13128014,2563896,2563896,                Candidatus_Pelagibacter_giovannonii,Candidatus Pelagibacter_giovannonii,species,0.00020213740087687205,fraction_reads,0.0,4,4,0.00020377669538389746,0.9919554367886028
Centrifuger,default,Centrifuger_default,ZymoMockD6331,ZymoMockD6331,pacbio,SRR13128014,1002672,1002672,                  Candidatus_Pelagibacter_sp._IMCC9063,Candidatus Pelagibacter_sp._IMCC9063,species,0.00010106870043843603,fraction_reads,0.0,2,2,0.00010188834769194873,0.9919554367886028
Centrifuger,default,Centrifuger_default,ZymoMockD6331,ZymoMockD6331,pacbio,SRR13128014,1925548,1925548,                Candidatus_Fonsibacter_ubiquis,Candidatus Fonsibacter_ubiquis,species,0.00010106870043843603,fraction_reads,0.0,2,2,0.00010188834769194873,0.9919554367886028
Centrifuger,default,Centrifuger_default,ZymoMockD6331,ZymoMockD6331,pacbio,SRR13128014,435,435,                  Acetobacter_aceti,Acetobacter aceti,species,0.00010106870043843603,fraction_reads,0.0,2,2,0.00010188834769194873,0.9919554367886028
Centrifuger,default,Centrifuger_default,ZymoMockD6331,ZymoMockD6331,pacbio,SRR13128014,2070537,2070537,                  Commensalibacter_sp._ESL0284,Commensalibacter_sp._ESL0284,species,0.00010106870043843603,fraction_reads,0.0,2,2,0.00010188834769194873,0.9919554367886028
Centrifuger,default,Centrifuger_default,ZymoMockD6331,ZymoMockD6331,pacbio,SRR13128014,2697033,2697033,                Aristophania_vespae,Aristophania vespae,species,5.0534350219218014e-05,fraction_reads,0.0,1,1,5.0944173845974365e-05,0.9919554367886028
Centrifuger,default,Centrifuger_default,ZymoMockD6331,ZymoMockD6331,pacbio,SRR13128014,1263979,1263979,                Candidatus_Endolissoclinum_faulkneri,Candidatus Endolissoclinum_faulkneri,species,0.00015160305065765403,fraction_reads,0.0,3,0,0.0001528325215379231,0.9919554367886028
Centrifuger,default,Centrifuger_default,ZymoMockD6331,ZymoMockD6331,pacbio,SRR13128014,1938605,1938605,                  Brevundimonas_sp._LM2,Brevundimonas_sp._LM2,species,0.00015160305065765403,fraction_reads,0.0,3,3,0.0001528325215379231,0.9919554367886028
Centrifuger,default,Centrifuger_default,ZymoMockD6331,ZymoMockD6331,pacbio,SRR13128014,86106,86106,                endosymbiont_of_Acanthamoeba_sp._UWC8,endosymbiont of_Acanthamoeba_sp._UWC8,species,5.0534350219218014e-05,fraction_reads,0.0,1,1,5.0944173845974365e-05,0.9919554367886028
Centrifuger,default,Centrifuger_default,ZymoMockD6331,ZymoMockD6331,pacbio,SRR13128014,2857064,2857064,                Pseudemcibacter_aquimaris,Pseudemcibacter aquimaris,species,5.0534350219218014e-05,fraction_reads,0.0,1,1,5.0944173845974365e-05,0.9919554367886028
Centrifuger,default,Centrifuger_default,ZymoMockD6331,ZymoMockD6331,pacbio,SRR13128014,2749086,2749086,                  Hyphobacterium_sp._CCMP332,Hyphobacterium_sp._CCMP332,species,5.0534350219218014e-05,fraction_reads,0.0,1,1,5.0944173845974365e-05,0.9919554367886028
Centrifuger,default,Centrifuger_default,ZymoMockD6331,ZymoMockD6331,pacbio,SRR13128014,2724,2724,                Hirschia_baltica,Hirschia baltica,species,5.0534350219218014e-05,fraction_reads,0.0,1,0,5.0944173845974365e-05,0.9919554367886028
Centrifuger,default,Centrifuger_default,ZymoMockD6331,ZymoMockD6331,pacbio,SRR13128014,111527,111527,                pseudomallei_group,pseudomallei group,species,0.00030320610131530807,fraction_reads,0.0,6,0,0.0003056650430758462,0.9919554367886028
Centrifuger,default,Centrifuger_default,ZymoMockD6331,ZymoMockD6331,pacbio,SRR13128014,28450,28450,                  Burkholderia_pseudomallei,Burkholderia pseudomallei,species,0.00030320610131530807,fraction_reads,0.0,6,6,0.0003056650430758462,0.9919554367886028
Centrifuger,default,Centrifuger_default,ZymoMockD6331,ZymoMockD6331,pacbio,SRR13128014,87882,87882,                Burkholderia_cepacia_complex,Burkholderia cepacia_complex,species,0.00010106870043843603,fraction_reads,0.0,2,0,0.00010188834769194873,0.9919554367886028
Centrifuger,default,Centrifuger_default,ZymoMockD6331,ZymoMockD6331,pacbio,SRR13128014,101571,101571,                  Burkholderia_ubonensis,Burkholderia ubonensis,species,5.0534350219218014e-05,fraction_reads,0.0,1,0,5.0944173845974365e-05,0.9919554367886028
Centrifuger,default,Centrifuger_default,ZymoMockD6331,ZymoMockD6331,pacbio,SRR13128014,488447,488447,                  Burkholderia_contaminans,Burkholderia contaminans,species,5.0534350219218014e-05,fraction_reads,0.0,1,1,5.0944173845974365e-05,0.9919554367886028
Centrifuger,default,Centrifuger_default,ZymoMockD6331,ZymoMockD6331,pacbio,SRR13128014,2217913,2217913,                  Burkholderia_sp._JP2-270,Burkholderia_sp._JP2-270,species,0.00010106870043843603,fraction_reads,0.0,2,2,0.00010188834769194873,0.9919554367886028
Centrifuger,default,Centrifuger_default,ZymoMockD6331,ZymoMockD6331,pacbio,SRR13128014,1761016,1761016,                Paraburkholderia_caffeinilytica,Paraburkholderia caffeinilytica,species,0.00020213740087687205,fraction_reads,0.0,4,4,0.00020377669538389746,0.9919554367886028
Centrifuger,default,Centrifuger_default,ZymoMockD6331,ZymoMockD6331,pacbio,SRR13128014,311230,311230,                Paraburkholderia_terrae,Paraburkholderia terrae,species,0.00015160305065765403,fraction_reads,0.0,3,3,0.0001528325215379231,0.9919554367886028
Centrifuger,default,Centrifuger_default,ZymoMockD6331,ZymoMockD6331,pacbio,SRR13128014,169430,169430,                Paraburkholderia_hospita,Paraburkholderia hospita,species,0.00010106870043843603,fraction_reads,0.0,2,2,0.00010188834769194873,0.9919554367886028
Centrifuger,default,Centrifuger_default,ZymoMockD6331,ZymoMockD6331,pacbio,SRR13128014,311231,311231,                Paraburkholderia_ginsengisoli,Paraburkholderia ginsengisoli,species,5.0534350219218014e-05,fraction_reads,0.0,1,1,5.0944173845974365e-05,0.9919554367886028
Centrifuger,default,Centrifuger_default,ZymoMockD6331,ZymoMockD6331,pacbio,SRR13128014,2026199,2026199,                Paraburkholderia_aromaticivorans,Paraburkholderia aromaticivorans,species,5.0534350219218014e-05,fraction_reads,0.0,1,1,5.0944173845974365e-05,0.9919554367886028
Centrifuger,default,Centrifuger_default,ZymoMockD6331,ZymoMockD6331,pacbio,SRR13128014,119219,119219,                Cupriavidus_metallidurans,Cupriavidus metallidurans,species,0.00020213740087687205,fraction_reads,0.0,4,3,0.00020377669538389746,0.9919554367886028
Centrifuger,default,Centrifuger_default,ZymoMockD6331,ZymoMockD6331,pacbio,SRR13128014,82541,82541,                Cupriavidus_gilardii,Cupriavidus gilardii,species,0.00010106870043843603,fraction_reads,0.0,2,2,0.00010188834769194873,0.9919554367886028
Centrifuger,default,Centrifuger_default,ZymoMockD6331,ZymoMockD6331,pacbio,SRR13128014,151783,151783,                Cupriavidus_campinensis,Cupriavidus campinensis,species,5.0534350219218014e-05,fraction_reads,0.0,1,1,5.0944173845974365e-05,0.9919554367886028
Centrifuger,default,Centrifuger_default,ZymoMockD6331,ZymoMockD6331,pacbio,SRR13128014,1855652,1855652,                  Polynucleobacter_sp._es-EL-1,Polynucleobacter_sp._es-EL-1,species,5.0534350219218014e-05,fraction_reads,0.0,1,1,5.0944173845974365e-05,0.9919554367886028
Centrifuger,default,Centrifuger_default,ZymoMockD6331,ZymoMockD6331,pacbio,SRR13128014,2081049,2081049,                  Polynucleobacter_sp._AP-Sving-400A-A2,Polynucleobacter_sp._AP-Sving-400A-A2,species,5.0534350219218014e-05,fraction_reads,0.0,1,1,5.0944173845974365e-05,0.9919554367886028
Centrifuger,default,Centrifuger_default,ZymoMockD6331,ZymoMockD6331,pacbio,SRR13128014,2081051,2081051,                  Polynucleobacter_sp._MG-5-Ahmo-C2,Polynucleobacter_sp._MG-5-Ahmo-C2,species,5.0534350219218014e-05,fraction_reads,0.0,1,1,5.0944173845974365e-05,0.9919554367886028
Centrifuger,default,Centrifuger_default,ZymoMockD6331,ZymoMockD6331,pacbio,SRR13128014,2689109,2689109,                  Polynucleobacter_sp._MWH-Spelu-300-X4,Polynucleobacter_sp._MWH-Spelu-300-X4,species,5.0534350219218014e-05,fraction_reads,0.0,1,1,5.0944173845974365e-05,0.9919554367886028
Centrifuger,default,Centrifuger_default,ZymoMockD6331,ZymoMockD6331,pacbio,SRR13128014,1553431,1553431,                Mycoavidus_cysteinexigens,Mycoavidus cysteinexigens,species,0.00010106870043843603,fraction_reads,0.0,2,2,0.00010188834769194873,0.9919554367886028
Centrifuger,default,Centrifuger_default,ZymoMockD6331,ZymoMockD6331,pacbio,SRR13128014,656179,656179,                Pandoraea_faecigallinarum,Pandoraea faecigallinarum,species,5.0534350219218014e-05,fraction_reads,0.0,1,1,5.0944173845974365e-05,0.9919554367886028
Centrifuger,default,Centrifuger_default,ZymoMockD6331,ZymoMockD6331,pacbio,SRR13128014,1082851,1082851,                Comamonas_serinivorans,Comamonas serinivorans,species,0.00010106870043843603,fraction_reads,0.0,2,2,0.00010188834769194873,0.9919554367886028
Centrifuger,default,Centrifuger_default,ZymoMockD6331,ZymoMockD6331,pacbio,SRR13128014,32013,32013,                Comamonas_terrigena,Comamonas terrigena,species,5.0534350219218014e-05,fraction_reads,0.0,1,0,5.0944173845974365e-05,0.9919554367886028
Centrifuger,default,Centrifuger_default,ZymoMockD6331,ZymoMockD6331,pacbio,SRR13128014,1795631,1795631,                  Variovorax_sp._PAMC_28711,Variovorax_sp._PAMC_28711,species,5.0534350219218014e-05,fraction_reads,0.0,1,1,5.0944173845974365e-05,0.9919554367886028
Centrifuger,default,Centrifuger_default,ZymoMockD6331,ZymoMockD6331,pacbio,SRR13128014,2126319,2126319,                  Variovorax_sp._PMC12,Variovorax_sp._PMC12,species,5.0534350219218014e-05,fraction_reads,0.0,1,1,5.0944173845974365e-05,0.9919554367886028
Centrifuger,default,Centrifuger_default,ZymoMockD6331,ZymoMockD6331,pacbio,SRR13128014,80866,80866,                Delftia_acidovorans,Delftia acidovorans,species,0.00015160305065765403,fraction_reads,0.0,3,3,0.0001528325215379231,0.9919554367886028
Centrifuger,default,Centrifuger_default,ZymoMockD6331,ZymoMockD6331,pacbio,SRR13128014,364317,364317,                Verminephrobacter_eiseniae,Verminephrobacter eiseniae,species,0.00015160305065765403,fraction_reads,0.0,3,0,0.0001528325215379231,0.9919554367886028
Centrifuger,default,Centrifuger_default,ZymoMockD6331,ZymoMockD6331,pacbio,SRR13128014,2714923,2714923,                  Acidovorax_sp._HDW3,Acidovorax_sp._HDW3,species,0.00010106870043843603,fraction_reads,0.0,2,2,0.00010188834769194873,0.9919554367886028
Centrifuger,default,Centrifuger_default,ZymoMockD6331,ZymoMockD6331,pacbio,SRR13128014,1484693,1484693,                Rhodoferax_saidenbachensis,Rhodoferax saidenbachensis,species,5.0534350219218014e-05,fraction_reads,0.0,1,1,5.0944173845974365e-05,0.9919554367886028
Centrifuger,default,Centrifuger_default,ZymoMockD6331,ZymoMockD6331,pacbio,SRR13128014,65656,65656,                Hydrogenophaga_taeniospiralis,Hydrogenophaga taeniospiralis,species,5.0534350219218014e-05,fraction_reads,0.0,1,1,5.0944173845974365e-05,0.9919554367886028
Centrifuger,default,Centrifuger_default,ZymoMockD6331,ZymoMockD6331,pacbio,SRR13128014,2714952,2714952,                  Kinneretia_sp._DAIF2,Kinneretia_sp._DAIF2,species,5.0534350219218014e-05,fraction_reads,0.0,1,1,5.0944173845974365e-05,0.9919554367886028
Centrifuger,default,Centrifuger_default,ZymoMockD6331,ZymoMockD6331,pacbio,SRR13128014,933080,933080,                Oxalobacter_vibrioformis,Oxalobacter vibrioformis,species,0.00010106870043843603,fraction_reads,0.0,2,2,0.00010188834769194873,0.9919554367886028
Centrifuger,default,Centrifuger_default,ZymoMockD6331,ZymoMockD6331,pacbio,SRR13128014,2946593,2946593,                Oxalobacter_aliiformigenes,Oxalobacter aliiformigenes,species,0.00010106870043843603,fraction_reads,0.0,2,2,0.00010188834769194873,0.9919554367886028
Centrifuger,default,Centrifuger_default,ZymoMockD6331,ZymoMockD6331,pacbio,SRR13128014,847,847,                Oxalobacter_formigenes,Oxalobacter formigenes,species,5.0534350219218014e-05,fraction_reads,0.0,1,1,5.0944173845974365e-05,0.9919554367886028
Centrifuger,default,Centrifuger_default,ZymoMockD6331,ZymoMockD6331,pacbio,SRR13128014,2861284,2861284,                  Janthinobacterium_sp._PAMC25594,Janthinobacterium_sp._PAMC25594,species,0.00010106870043843603,fraction_reads,0.0,2,2,0.00010188834769194873,0.9919554367886028
Centrifuger,default,Centrifuger_default,ZymoMockD6331,ZymoMockD6331,pacbio,SRR13128014,1644131,1644131,                  Janthinobacterium_sp._1_2014MBL_MicDiv,Janthinobacterium_sp._1_2014MBL_MicDiv,species,5.0534350219218014e-05,fraction_reads,0.0,1,1,5.0944173845974365e-05,0.9919554367886028
Centrifuger,default,Centrifuger_default,ZymoMockD6331,ZymoMockD6331,pacbio,SRR13128014,2014887,2014887,                Herbaspirillum_robiniae,Herbaspirillum robiniae,species,5.0534350219218014e-05,fraction_reads,0.0,1,1,5.0944173845974365e-05,0.9919554367886028
Centrifuger,default,Centrifuger_default,ZymoMockD6331,ZymoMockD6331,pacbio,SRR13128014,158899,158899,                Collimonas_fungivorans,Collimonas fungivorans,species,5.0534350219218014e-05,fraction_reads,0.0,1,1,5.0944173845974365e-05,0.9919554367886028
Centrifuger,default,Centrifuger_default,ZymoMockD6331,ZymoMockD6331,pacbio,SRR13128014,1809410,1809410,                Herminiimonas_arsenitoxidans,Herminiimonas arsenitoxidans,species,5.0534350219218014e-05,fraction_reads,0.0,1,1,5.0944173845974365e-05,0.9919554367886028
Centrifuger,default,Centrifuger_default,ZymoMockD6331,ZymoMockD6331,pacbio,SRR13128014,2058624,2058624,                  Undibacterium_sp._KW1,Undibacterium_sp._KW1,species,5.0534350219218014e-05,fraction_reads,0.0,1,1,5.0944173845974365e-05,0.9919554367886028
Centrifuger,default,Centrifuger_default,ZymoMockD6331,ZymoMockD6331,pacbio,SRR13128014,2919578,2919578,                    Massilia_sp._MB5,Massilia_sp._MB5,species,5.0534350219218014e-05,fraction_reads,0.0,1,1,5.0944173845974365e-05,0.9919554367886028
Centrifuger,default,Centrifuger_default,ZymoMockD6331,ZymoMockD6331,pacbio,SRR13128014,2918755,2918755,                  Alcaligenes_sp._NLF5-7,Alcaligenes_sp._NLF5-7,species,0.00010106870043843603,fraction_reads,0.0,2,2,0.00010188834769194873,0.9919554367886028
Centrifuger,default,Centrifuger_default,ZymoMockD6331,ZymoMockD6331,pacbio,SRR13128014,511,511,                Alcaligenes_faecalis,Alcaligenes faecalis,species,5.0534350219218014e-05,fraction_reads,0.0,1,1,5.0944173845974365e-05,0.9919554367886028
Centrifuger,default,Centrifuger_default,ZymoMockD6331,ZymoMockD6331,pacbio,SRR13128014,2652177,2652177,                Pelistega_ratti,Pelistega ratti,species,0.00010106870043843603,fraction_reads,0.0,2,2,0.00010188834769194873,0.9919554367886028
Centrifuger,default,Centrifuger_default,ZymoMockD6331,ZymoMockD6331,pacbio,SRR13128014,302406,302406,                Advenella_mimigardefordensis,Advenella mimigardefordensis,species,0.00010106870043843603,fraction_reads,0.0,2,0,0.00010188834769194873,0.9919554367886028
Centrifuger,default,Centrifuger_default,ZymoMockD6331,ZymoMockD6331,pacbio,SRR13128014,1851544,1851544,                Orrella_dioscoreae,Orrella dioscoreae,species,0.00010106870043843603,fraction_reads,0.0,2,2,0.00010188834769194873,0.9919554367886028
Centrifuger,default,Centrifuger_default,ZymoMockD6331,ZymoMockD6331,pacbio,SRR13128014,84590,84590,                Taylorella_asinigenitalis,Taylorella asinigenitalis,species,5.0534350219218014e-05,fraction_reads,0.0,1,0,5.0944173845974365e-05,0.9919554367886028
Centrifuger,default,Centrifuger_default,ZymoMockD6331,ZymoMockD6331,pacbio,SRR13128014,76731,76731,                Roseateles_depolymerans,Roseateles depolymerans,species,0.00015160305065765403,fraction_reads,0.0,3,3,0.0001528325215379231,0.9919554367886028
Centrifuger,default,Centrifuger_default,ZymoMockD6331,ZymoMockD6331,pacbio,SRR13128014,215580,215580,                Caldimonas_thermodepolymerans,Caldimonas thermodepolymerans,species,5.0534350219218014e-05,fraction_reads,0.0,1,1,5.0944173845974365e-05,0.9919554367886028
Centrifuger,default,Centrifuger_default,ZymoMockD6331,ZymoMockD6331,pacbio,SRR13128014,926,926,                Thiomonas_intermedia,Thiomonas intermedia,species,0.00010106870043843603,fraction_reads,0.0,2,2,0.00010188834769194873,0.9919554367886028
Centrifuger,default,Centrifuger_default,ZymoMockD6331,ZymoMockD6331,pacbio,SRR13128014,2584944,2584944,                Sutterella_faecalis,Sutterella faecalis,species,5.0534350219218014e-05,fraction_reads,0.0,1,1,5.0944173845974365e-05,0.9919554367886028
Centrifuger,default,Centrifuger_default,ZymoMockD6331,ZymoMockD6331,pacbio,SRR13128014,607711,607711,                Neisseria_wadsworthii,Neisseria wadsworthii,species,0.00020213740087687205,fraction_reads,0.0,4,4,0.00020377669538389746,0.9919554367886028
Centrifuger,default,Centrifuger_default,ZymoMockD6331,ZymoMockD6331,pacbio,SRR13128014,28091,28091,                Neisseria_weaveri,Neisseria weaveri,species,0.00015160305065765403,fraction_reads,0.0,3,3,0.0001528325215379231,0.9919554367886028
Centrifuger,default,Centrifuger_default,ZymoMockD6331,ZymoMockD6331,pacbio,SRR13128014,2912675,2912675,                  Neisseria_sp._Dent_CA1/247,Neisseria_sp._Dent_CA1/247,species,0.00015160305065765403,fraction_reads,0.0,3,3,0.0001528325215379231,0.9919554367886028
Centrifuger,default,Centrifuger_default,ZymoMockD6331,ZymoMockD6331,pacbio,SRR13128014,483,483,                Neisseria_cinerea,Neisseria cinerea,species,0.00010106870043843603,fraction_reads,0.0,2,2,0.00010188834769194873,0.9919554367886028
Centrifuger,default,Centrifuger_default,ZymoMockD6331,ZymoMockD6331,pacbio,SRR13128014,485,485,                Neisseria_gonorrhoeae,Neisseria gonorrhoeae,species,0.00010106870043843603,fraction_reads,0.0,2,2,0.00010188834769194873,0.9919554367886028
Centrifuger,default,Centrifuger_default,ZymoMockD6331,ZymoMockD6331,pacbio,SRR13128014,490,490,                Neisseria_sicca,Neisseria sicca,species,5.0534350219218014e-05,fraction_reads,0.0,1,1,5.0944173845974365e-05,0.9919554367886028
Centrifuger,default,Centrifuger_default,ZymoMockD6331,ZymoMockD6331,pacbio,SRR13128014,495,495,                Neisseria_elongata,Neisseria elongata,species,5.0534350219218014e-05,fraction_reads,0.0,1,0,5.0944173845974365e-05,0.9919554367886028
Centrifuger,default,Centrifuger_default,ZymoMockD6331,ZymoMockD6331,pacbio,SRR13128014,326522,326522,                Neisseria_animaloris,Neisseria animaloris,species,5.0534350219218014e-05,fraction_reads,0.0,1,1,5.0944173845974365e-05,0.9919554367886028
Centrifuger,default,Centrifuger_default,ZymoMockD6331,ZymoMockD6331,pacbio,SRR13128014,72,72,                Simonsiella_muelleri,Simonsiella muelleri,species,0.00010106870043843603,fraction_reads,0.0,2,2,0.00010188834769194873,0.9919554367886028
Centrifuger,default,Centrifuger_default,ZymoMockD6331,ZymoMockD6331,pacbio,SRR13128014,502,502,                Kingella_denitrificans,Kingella denitrificans,species,5.0534350219218014e-05,fraction_reads,0.0,1,1,5.0944173845974365e-05,0.9919554367886028
Centrifuger,default,Centrifuger_default,ZymoMockD6331,ZymoMockD6331,pacbio,SRR13128014,504,504,                Kingella_kingae,Kingella kingae,species,5.0534350219218014e-05,fraction_reads,0.0,1,1,5.0944173845974365e-05,0.9919554367886028
Centrifuger,default,Centrifuger_default,ZymoMockD6331,ZymoMockD6331,pacbio,SRR13128014,1196083,1196083,                Snodgrassella_alvi,Snodgrassella alvi,species,5.0534350219218014e-05,fraction_reads,0.0,1,0,5.0944173845974365e-05,0.9919554367886028
Centrifuger,default,Centrifuger_default,ZymoMockD6331,ZymoMockD6331,pacbio,SRR13128014,2067065,2067065,                Aquella_oligotrophica,Aquella oligotrophica,species,5.0534350219218014e-05,fraction_reads,0.0,1,1,5.0944173845974365e-05,0.9919554367886028
Centrifuger,default,Centrifuger_default,ZymoMockD6331,ZymoMockD6331,pacbio,SRR13128014,2809020,2809020,                Paralysiella_testudinis,Paralysiella testudinis,species,5.0534350219218014e-05,fraction_reads,0.0,1,1,5.0944173845974365e-05,0.9919554367886028
Centrifuger,default,Centrifuger_default,ZymoMockD6331,ZymoMockD6331,pacbio,SRR13128014,2917790,2917790,                Wielerella_bovis,Wielerella bovis,species,5.0534350219218014e-05,fraction_reads,0.0,1,1,5.0944173845974365e-05,0.9919554367886028
Centrifuger,default,Centrifuger_default,ZymoMockD6331,ZymoMockD6331,pacbio,SRR13128014,537,537,                  Iodobacter_fluviatilis,Iodobacter fluviatilis,species,0.00015160305065765403,fraction_reads,0.0,3,3,0.0001528325215379231,0.9919554367886028
Centrifuger,default,Centrifuger_default,ZymoMockD6331,ZymoMockD6331,pacbio,SRR13128014,233181,233181,              Candidatus_Kinetoplastibacterium_blastocrithidii,Candidatus Kinetoplastibacterium_blastocrithidii,species,0.00030320610131530807,fraction_reads,0.0,6,0,0.0003056650430758462,0.9919554367886028
Centrifuger,default,Centrifuger_default,ZymoMockD6331,ZymoMockD6331,pacbio,SRR13128014,33056,33056,              Candidatus_Kinetoplastibacterium_crithidii,Candidatus Kinetoplastibacterium_crithidii,species,0.00010106870043843603,fraction_reads,0.0,2,1,0.00010188834769194873,0.9919554367886028
Centrifuger,default,Centrifuger_default,ZymoMockD6331,ZymoMockD6331,pacbio,SRR13128014,994696,994696,              Candidatus_Kinetoplastibacterium_oncopeltii,Candidatus Kinetoplastibacterium_oncopeltii,species,0.00010106870043843603,fraction_reads,0.0,2,0,0.00010188834769194873,0.9919554367886028
Centrifuger,default,Centrifuger_default,ZymoMockD6331,ZymoMockD6331,pacbio,SRR13128014,44577,44577,                Nitrosomonas_ureae,Nitrosomonas ureae,species,0.00025267175109609005,fraction_reads,0.0,5,5,0.0002547208692298718,0.9919554367886028
Centrifuger,default,Centrifuger_default,ZymoMockD6331,ZymoMockD6331,pacbio,SRR13128014,1581557,1581557,                Candidatus_Methylopumilus_planktonicus,Candidatus Methylopumilus_planktonicus,species,5.0534350219218014e-05,fraction_reads,0.0,1,1,5.0944173845974365e-05,0.9919554367886028
Centrifuger,default,Centrifuger_default,ZymoMockD6331,ZymoMockD6331,pacbio,SRR13128014,1581680,1581680,                Candidatus_Methylopumilus_turicensis,Candidatus Methylopumilus_turicensis,species,5.0534350219218014e-05,fraction_reads,0.0,1,1,5.0944173845974365e-05,0.9919554367886028
Centrifuger,default,Centrifuger_default,ZymoMockD6331,ZymoMockD6331,pacbio,SRR13128014,2778876,2778876,                Methyloradius_palustris,Methyloradius palustris,species,5.0534350219218014e-05,fraction_reads,0.0,1,1,5.0944173845974365e-05,0.9919554367886028
Centrifuger,default,Centrifuger_default,ZymoMockD6331,ZymoMockD6331,pacbio,SRR13128014,2005884,2005884,                  Thauera_sp._K11,Thauera_sp._K11,species,5.0534350219218014e-05,fraction_reads,0.0,1,1,5.0944173845974365e-05,0.9919554367886028
Centrifuger,default,Centrifuger_default,ZymoMockD6331,ZymoMockD6331,pacbio,SRR13128014,851,851,                Fusobacterium_nucleatum,Fusobacterium nucleatum,species,5.503392876273718,fraction_reads,5.5,108904,108899,5.548024308521992,0.9919554367886028
Centrifuger,default,Centrifuger_default,ZymoMockD6331,ZymoMockD6331,pacbio,SRR13128014,76859,76859,                Fusobacterium_animalis,Fusobacterium animalis,species,0.009247786090116896,fraction_reads,0.01,183,157,0.009322783813813308,0.9919554367886028
Centrifuger,default,Centrifuger_default,ZymoMockD6331,ZymoMockD6331,pacbio,SRR13128014,859,859,                Fusobacterium_necrophorum,Fusobacterium necrophorum,species,0.0003537404515345261,fraction_reads,0.0,7,0,0.0003566092169218206,0.9919554367886028
Centrifuger,default,Centrifuger_default,ZymoMockD6331,ZymoMockD6331,pacbio,SRR13128014,2663009,2663009,                Fusobacterium_pseudoperiodonticum,Fusobacterium pseudoperiodonticum,species,0.00025267175109609005,fraction_reads,0.0,5,5,0.0002547208692298718,0.9919554367886028
Centrifuger,default,Centrifuger_default,ZymoMockD6331,ZymoMockD6331,pacbio,SRR13128014,856,856,                Fusobacterium_varium,Fusobacterium varium,species,0.00020213740087687205,fraction_reads,0.0,4,1,0.00020377669538389746,0.9919554367886028
Centrifuger,default,Centrifuger_default,ZymoMockD6331,ZymoMockD6331,pacbio,SRR13128014,2764326,2764326,                Fusobacterium_hominis,Fusobacterium hominis,species,0.00020213740087687205,fraction_reads,0.0,4,4,0.00020377669538389746,0.9919554367886028
Centrifuger,default,Centrifuger_default,ZymoMockD6331,ZymoMockD6331,pacbio,SRR13128014,76857,76857,                Fusobacterium_polymorphum,Fusobacterium polymorphum,species,0.00015160305065765403,fraction_reads,0.0,3,3,0.0001528325215379231,0.9919554367886028
Centrifuger,default,Centrifuger_default,ZymoMockD6331,ZymoMockD6331,pacbio,SRR13128014,285729,285729,                Fusobacterium_canifelinum,Fusobacterium canifelinum,species,0.00015160305065765403,fraction_reads,0.0,3,3,0.0001528325215379231,0.9919554367886028
Centrifuger,default,Centrifuger_default,ZymoMockD6331,ZymoMockD6331,pacbio,SRR13128014,861,861,                Fusobacterium_ulcerans,Fusobacterium ulcerans,species,0.00010106870043843603,fraction_reads,0.0,2,0,0.00010188834769194873,0.9919554367886028
Centrifuger,default,Centrifuger_default,ZymoMockD6331,ZymoMockD6331,pacbio,SRR13128014,155615,155615,                Fusobacterium_vincentii,Fusobacterium vincentii,species,5.0534350219218014e-05,fraction_reads,0.0,1,1,5.0944173845974365e-05,0.9919554367886028
Centrifuger,default,Centrifuger_default,ZymoMockD6331,ZymoMockD6331,pacbio,SRR13128014,188913,188913,                Cetobacterium_somerae,Cetobacterium somerae,species,0.00015160305065765403,fraction_reads,0.0,3,3,0.0001528325215379231,0.9919554367886028
Centrifuger,default,Centrifuger_default,ZymoMockD6331,ZymoMockD6331,pacbio,SRR13128014,109328,109328,                Leptotrichia_trevisanii,Leptotrichia trevisanii,species,0.00025267175109609005,fraction_reads,0.0,5,5,0.0002547208692298718,0.9919554367886028
Centrifuger,default,Centrifuger_default,ZymoMockD6331,ZymoMockD6331,pacbio,SRR13128014,157687,157687,                Leptotrichia_wadei,Leptotrichia wadei,species,0.00015160305065765403,fraction_reads,0.0,3,3,0.0001528325215379231,0.9919554367886028
Centrifuger,default,Centrifuger_default,ZymoMockD6331,ZymoMockD6331,pacbio,SRR13128014,712362,712362,                  Leptotrichia_sp._oral_taxon_221,Leptotrichia_sp._oral taxon_221,species,0.00015160305065765403,fraction_reads,0.0,3,3,0.0001528325215379231,0.9919554367886028
Centrifuger,default,Centrifuger_default,ZymoMockD6331,ZymoMockD6331,pacbio,SRR13128014,187101,187101,                Sneathia_vaginalis,Sneathia vaginalis,species,5.0534350219218014e-05,fraction_reads,0.0,1,1,5.0944173845974365e-05,0.9919554367886028
Centrifuger,default,Centrifuger_default,ZymoMockD6331,ZymoMockD6331,pacbio,SRR13128014,239935,239935,                  Akkermansia_muciniphila,Akkermansia muciniphila,species,1.996258436709769,fraction_reads,2.0,39503,39503,2.012447699437525,0.9919554367886028
Centrifuger,default,Centrifuger_default,ZymoMockD6331,ZymoMockD6331,pacbio,SRR13128014,1679444,1679444,                  Akkermansia_glycaniphila,Akkermansia glycaniphila,species,5.0534350219218014e-05,fraction_reads,0.0,1,1,5.0944173845974365e-05,0.9919554367886028
Centrifuger,default,Centrifuger_default,ZymoMockD6331,ZymoMockD6331,pacbio,SRR13128014,2684113,2684113,              Opitutae_bacterium_ISCC_53,Opitutae bacterium_ISCC_53,species,5.0534350219218014e-05,fraction_reads,0.0,1,1,5.0944173845974365e-05,0.9919554367886028
Centrifuger,default,Centrifuger_default,ZymoMockD6331,ZymoMockD6331,pacbio,SRR13128014,2795384,2795384,                    Methylacidiphilum_sp._IT5,Methylacidiphilum_sp._IT5,species,5.0534350219218014e-05,fraction_reads,0.0,1,1,5.0944173845974365e-05,0.9919554367886028
Centrifuger,default,Centrifuger_default,ZymoMockD6331,ZymoMockD6331,pacbio,SRR13128014,2774151,2774151,                  Frigoriglobus_tundricola,Frigoriglobus tundricola,species,0.00010106870043843603,fraction_reads,0.0,2,2,0.00010188834769194873,0.9919554367886028
Centrifuger,default,Centrifuger_default,ZymoMockD6331,ZymoMockD6331,pacbio,SRR13128014,114,114,                  Gemmata_obscuriglobus,Gemmata obscuriglobus,species,5.0534350219218014e-05,fraction_reads,0.0,1,1,5.0944173845974365e-05,0.9919554367886028
Centrifuger,default,Centrifuger_default,ZymoMockD6331,ZymoMockD6331,pacbio,SRR13128014,1123043,1123043,                  Telmatocola_sphagniphila,Telmatocola sphagniphila,species,5.0534350219218014e-05,fraction_reads,0.0,1,1,5.0944173845974365e-05,0.9919554367886028
Centrifuger,default,Centrifuger_default,ZymoMockD6331,ZymoMockD6331,pacbio,SRR13128014,120,120,                  Planctopirus_limnophila,Planctopirus limnophila,species,0.00010106870043843603,fraction_reads,0.0,2,0,0.00010188834769194873,0.9919554367886028
Centrifuger,default,Centrifuger_default,ZymoMockD6331,ZymoMockD6331,pacbio,SRR13128014,2528010,2528010,                  Lignipirellula_cremea,Lignipirellula cremea,species,5.0534350219218014e-05,fraction_reads,0.0,1,1,5.0944173845974365e-05,0.9919554367886028
Centrifuger,default,Centrifuger_default,ZymoMockD6331,ZymoMockD6331,pacbio,SRR13128014,2528009,2528009,                  Pirellulimonas_nuda,Pirellulimonas nuda,species,5.0534350219218014e-05,fraction_reads,0.0,1,1,5.0944173845974365e-05,0.9919554367886028
Centrifuger,default,Centrifuger_default,ZymoMockD6331,ZymoMockD6331,pacbio,SRR13128014,174633,174633,                  Candidatus_Kuenenia_stuttgartiensis,Candidatus Kuenenia_stuttgartiensis,species,0.00015160305065765403,fraction_reads,0.0,3,3,0.0001528325215379231,0.9919554367886028
Centrifuger,default,Centrifuger_default,ZymoMockD6331,ZymoMockD6331,pacbio,SRR13128014,2528020,2528020,                  Poriferisphaera_corsica,Poriferisphaera corsica,species,5.0534350219218014e-05,fraction_reads,0.0,1,1,5.0944173845974365e-05,0.9919554367886028
Centrifuger,default,Centrifuger_default,ZymoMockD6331,ZymoMockD6331,pacbio,SRR13128014,1940790,1940790,                  Sedimentisphaera_cyanobacteriorum,Sedimentisphaera cyanobacteriorum,species,5.0534350219218014e-05,fraction_reads,0.0,1,1,5.0944173845974365e-05,0.9919554367886028
Centrifuger,default,Centrifuger_default,ZymoMockD6331,ZymoMockD6331,pacbio,SRR13128014,2596890,2596890,                  Candidatus_Uabimicrobium_amorphum,Candidatus Uabimicrobium_amorphum,species,5.0534350219218014e-05,fraction_reads,0.0,1,1,5.0944173845974365e-05,0.9919554367886028
Centrifuger,default,Centrifuger_default,ZymoMockD6331,ZymoMockD6331,pacbio,SRR13128014,83555,83555,                    Chlamydia_abortus,Chlamydia abortus,species,0.00020213740087687205,fraction_reads,0.0,4,4,0.00020377669538389746,0.9919554367886028
Centrifuger,default,Centrifuger_default,ZymoMockD6331,ZymoMockD6331,pacbio,SRR13128014,1967782,1967782,                    Chlamydia_serpentis,Chlamydia serpentis,species,0.00020213740087687205,fraction_reads,0.0,4,4,0.00020377669538389746,0.9919554367886028
Centrifuger,default,Centrifuger_default,ZymoMockD6331,ZymoMockD6331,pacbio,SRR13128014,1967783,1967783,                    Chlamydia_poikilotherma,Chlamydia poikilotherma,species,5.0534350219218014e-05,fraction_reads,0.0,1,1,5.0944173845974365e-05,0.9919554367886028
Centrifuger,default,Centrifuger_default,ZymoMockD6331,ZymoMockD6331,pacbio,SRR13128014,2494525,2494525,                    Chlamydia_buteonis,Chlamydia buteonis,species,5.0534350219218014e-05,fraction_reads,0.0,1,1,5.0944173845974365e-05,0.9919554367886028
Centrifuger,default,Centrifuger_default,ZymoMockD6331,ZymoMockD6331,pacbio,SRR13128014,2766982,2766982,                    Chlamydia_crocodili,Chlamydia crocodili,species,5.0534350219218014e-05,fraction_reads,0.0,1,1,5.0944173845974365e-05,0.9919554367886028
Centrifuger,default,Centrifuger_default,ZymoMockD6331,ZymoMockD6331,pacbio,SRR13128014,362787,362787,                  Candidatus_Protochlamydia_amoebophila,Candidatus Protochlamydia_amoebophila,species,0.00010106870043843603,fraction_reads,0.0,2,0,0.00010188834769194873,0.9919554367886028
Centrifuger,default,Centrifuger_default,ZymoMockD6331,ZymoMockD6331,pacbio,SRR13128014,71667,71667,                  Waddlia_chondrophila,Waddlia chondrophila,species,5.0534350219218014e-05,fraction_reads,0.0,1,0,5.0944173845974365e-05,0.9919554367886028
Centrifuger,default,Centrifuger_default,ZymoMockD6331,ZymoMockD6331,pacbio,SRR13128014,2697043,2697043,                  Tichowtungia_aerotolerans,Tichowtungia aerotolerans,species,0.00020213740087687205,fraction_reads,0.0,4,4,0.00020377669538389746,0.9919554367886028
Centrifuger,default,Centrifuger_default,ZymoMockD6331,ZymoMockD6331,pacbio,SRR13128014,28199,28199,                Arcobacter_nitrofigilis,Arcobacter nitrofigilis,species,0.00015160305065765403,fraction_reads,0.0,3,0,0.0001528325215379231,0.9919554367886028
Centrifuger,default,Centrifuger_default,ZymoMockD6331,ZymoMockD6331,pacbio,SRR13128014,1278212,1278212,                Arcobacter_suis,Arcobacter suis,species,0.00015160305065765403,fraction_reads,0.0,3,0,0.0001528325215379231,0.9919554367886028
Centrifuger,default,Centrifuger_default,ZymoMockD6331,ZymoMockD6331,pacbio,SRR13128014,944547,944547,                  Arcobacter_sp._L,Arcobacter_sp._L,species,0.00015160305065765403,fraction_reads,0.0,3,3,0.0001528325215379231,0.9919554367886028
Centrifuger,default,Centrifuger_default,ZymoMockD6331,ZymoMockD6331,pacbio,SRR13128014,1054033,1054033,                Arcobacter_venerupis,Arcobacter venerupis,species,0.00010106870043843603,fraction_reads,0.0,2,2,0.00010188834769194873,0.9919554367886028
Centrifuger,default,Centrifuger_default,ZymoMockD6331,ZymoMockD6331,pacbio,SRR13128014,1054034,1054034,                Arcobacter_cloacae,Arcobacter cloacae,species,0.00010106870043843603,fraction_reads,0.0,2,2,0.00010188834769194873,0.9919554367886028
Centrifuger,default,Centrifuger_default,ZymoMockD6331,ZymoMockD6331,pacbio,SRR13128014,1315211,1315211,                Arcobacter_aquimarinus,Arcobacter aquimarinus,species,0.00010106870043843603,fraction_reads,0.0,2,2,0.00010188834769194873,0.9919554367886028
Centrifuger,default,Centrifuger_default,ZymoMockD6331,ZymoMockD6331,pacbio,SRR13128014,913109,913109,                Arcobacter_ellisii,Arcobacter ellisii,species,5.0534350219218014e-05,fraction_reads,0.0,1,1,5.0944173845974365e-05,0.9919554367886028
Centrifuger,default,Centrifuger_default,ZymoMockD6331,ZymoMockD6331,pacbio,SRR13128014,1849015,1849015,                Arcobacter_acticola,Arcobacter acticola,species,5.0534350219218014e-05,fraction_reads,0.0,1,1,5.0944173845974365e-05,0.9919554367886028
Centrifuger,default,Centrifuger_default,ZymoMockD6331,ZymoMockD6331,pacbio,SRR13128014,255507,255507,                Aliarcobacter_cibarius,Aliarcobacter cibarius,species,0.00020213740087687205,fraction_reads,0.0,4,4,0.00020377669538389746,0.9919554367886028
Centrifuger,default,Centrifuger_default,ZymoMockD6331,ZymoMockD6331,pacbio,SRR13128014,1355374,1355374,                Aliarcobacter_lanthieri,Aliarcobacter lanthieri,species,0.00020213740087687205,fraction_reads,0.0,4,4,0.00020377669538389746,0.9919554367886028
Centrifuger,default,Centrifuger_default,ZymoMockD6331,ZymoMockD6331,pacbio,SRR13128014,1564138,1564138,                Aliarcobacter_faecis,Aliarcobacter faecis,species,0.00015160305065765403,fraction_reads,0.0,3,3,0.0001528325215379231,0.9919554367886028
Centrifuger,default,Centrifuger_default,ZymoMockD6331,ZymoMockD6331,pacbio,SRR13128014,28197,28197,                Aliarcobacter_butzleri,Aliarcobacter butzleri,species,0.00010106870043843603,fraction_reads,0.0,2,2,0.00010188834769194873,0.9919554367886028
Centrifuger,default,Centrifuger_default,ZymoMockD6331,ZymoMockD6331,pacbio,SRR13128014,28200,28200,                Aliarcobacter_skirrowii,Aliarcobacter skirrowii,species,5.0534350219218014e-05,fraction_reads,0.0,1,1,5.0944173845974365e-05,0.9919554367886028
Centrifuger,default,Centrifuger_default,ZymoMockD6331,ZymoMockD6331,pacbio,SRR13128014,1935204,1935204,                [Arcobacter]_porcinus,[Arcobacter]_porcinus,species,5.0534350219218014e-05,fraction_reads,0.0,1,1,5.0944173845974365e-05,0.9919554367886028
Centrifuger,default,Centrifuger_default,ZymoMockD6331,ZymoMockD6331,pacbio,SRR13128014,1850254,1850254,                Poseidonibacter_parvus,Poseidonibacter parvus,species,0.00030320610131530807,fraction_reads,0.0,6,6,0.0003056650430758462,0.9919554367886028
Centrifuger,default,Centrifuger_default,ZymoMockD6331,ZymoMockD6331,pacbio,SRR13128014,1904463,1904463,                Poseidonibacter_lekithochrous,Poseidonibacter lekithochrous,species,0.00010106870043843603,fraction_reads,0.0,2,2,0.00010188834769194873,0.9919554367886028
Centrifuger,default,Centrifuger_default,ZymoMockD6331,ZymoMockD6331,pacbio,SRR13128014,1080223,1080223,                Malaciobacter_pacificus,Malaciobacter pacificus,species,0.00015160305065765403,fraction_reads,0.0,3,3,0.0001528325215379231,0.9919554367886028
Centrifuger,default,Centrifuger_default,ZymoMockD6331,ZymoMockD6331,pacbio,SRR13128014,603050,603050,                Malaciobacter_mytili,Malaciobacter mytili,species,5.0534350219218014e-05,fraction_reads,0.0,1,0,5.0944173845974365e-05,0.9919554367886028
Centrifuger,default,Centrifuger_default,ZymoMockD6331,ZymoMockD6331,pacbio,SRR13128014,1032072,1032072,                Malaciobacter_molluscorum,Malaciobacter molluscorum,species,5.0534350219218014e-05,fraction_reads,0.0,1,0,5.0944173845974365e-05,0.9919554367886028
Centrifuger,default,Centrifuger_default,ZymoMockD6331,ZymoMockD6331,pacbio,SRR13128014,663364,663364,                Halarcobacter_bivalviorum,Halarcobacter bivalviorum,species,0.00010106870043843603,fraction_reads,0.0,2,2,0.00010188834769194873,0.9919554367886028
Centrifuger,default,Centrifuger_default,ZymoMockD6331,ZymoMockD6331,pacbio,SRR13128014,877500,877500,                Halarcobacter_anaerophilus,Halarcobacter anaerophilus,species,0.00010106870043843603,fraction_reads,0.0,2,2,0.00010188834769194873,0.9919554367886028
Centrifuger,default,Centrifuger_default,ZymoMockD6331,ZymoMockD6331,pacbio,SRR13128014,201,201,                Campylobacter_lari,Campylobacter lari,species,0.00025267175109609005,fraction_reads,0.0,5,2,0.0002547208692298718,0.9919554367886028
Centrifuger,default,Centrifuger_default,ZymoMockD6331,ZymoMockD6331,pacbio,SRR13128014,75658,75658,                Campylobacter_lanienae,Campylobacter lanienae,species,0.00025267175109609005,fraction_reads,0.0,5,5,0.0002547208692298718,0.9919554367886028
Centrifuger,default,Centrifuger_default,ZymoMockD6331,ZymoMockD6331,pacbio,SRR13128014,827,827,                Campylobacter_ureolyticus,Campylobacter ureolyticus,species,0.00020213740087687205,fraction_reads,0.0,4,4,0.00020377669538389746,0.9919554367886028
Centrifuger,default,Centrifuger_default,ZymoMockD6331,ZymoMockD6331,pacbio,SRR13128014,195,195,                Campylobacter_coli,Campylobacter coli,species,0.00015160305065765403,fraction_reads,0.0,3,3,0.0001528325215379231,0.9919554367886028
Centrifuger,default,Centrifuger_default,ZymoMockD6331,ZymoMockD6331,pacbio,SRR13128014,198,198,                Campylobacter_hyointestinalis,Campylobacter hyointestinalis,species,0.00015160305065765403,fraction_reads,0.0,3,0,0.0001528325215379231,0.9919554367886028
Centrifuger,default,Centrifuger_default,ZymoMockD6331,ZymoMockD6331,pacbio,SRR13128014,1965231,1965231,                Campylobacter_pinnipediorum,Campylobacter pinnipediorum,species,0.00015160305065765403,fraction_reads,0.0,3,0,0.0001528325215379231,0.9919554367886028
Centrifuger,default,Centrifuger_default,ZymoMockD6331,ZymoMockD6331,pacbio,SRR13128014,28080,28080,                Campylobacter_upsaliensis,Campylobacter upsaliensis,species,0.00010106870043843603,fraction_reads,0.0,2,2,0.00010188834769194873,0.9919554367886028
Centrifuger,default,Centrifuger_default,ZymoMockD6331,ZymoMockD6331,pacbio,SRR13128014,28898,28898,                Campylobacter_helveticus,Campylobacter helveticus,species,0.00010106870043843603,fraction_reads,0.0,2,2,0.00010188834769194873,0.9919554367886028
Centrifuger,default,Centrifuger_default,ZymoMockD6331,ZymoMockD6331,pacbio,SRR13128014,76517,76517,                Campylobacter_hominis,Campylobacter hominis,species,0.00010106870043843603,fraction_reads,0.0,2,1,0.00010188834769194873,0.9919554367886028
Centrifuger,default,Centrifuger_default,ZymoMockD6331,ZymoMockD6331,pacbio,SRR13128014,260714,260714,                Campylobacter_insulaenigrae,Campylobacter insulaenigrae,species,0.00010106870043843603,fraction_reads,0.0,2,2,0.00010188834769194873,0.9919554367886028
Centrifuger,default,Centrifuger_default,ZymoMockD6331,ZymoMockD6331,pacbio,SRR13128014,522485,522485,                Campylobacter_avium,Campylobacter avium,species,0.00010106870043843603,fraction_reads,0.0,2,0,0.00010188834769194873,0.9919554367886028
Centrifuger,default,Centrifuger_default,ZymoMockD6331,ZymoMockD6331,pacbio,SRR13128014,1780362,1780362,                Campylobacter_geochelonis,Campylobacter geochelonis,species,0.00010106870043843603,fraction_reads,0.0,2,2,0.00010188834769194873,0.9919554367886028
Centrifuger,default,Centrifuger_default,ZymoMockD6331,ZymoMockD6331,pacbio,SRR13128014,1660063,1660063,                  Campylobacter_sp._RM16187,Campylobacter_sp._RM16187,species,0.00010106870043843603,fraction_reads,0.0,2,2,0.00010188834769194873,0.9919554367886028
Centrifuger,default,Centrifuger_default,ZymoMockD6331,ZymoMockD6331,pacbio,SRR13128014,196,196,                Campylobacter_fetus,Campylobacter fetus,species,5.0534350219218014e-05,fraction_reads,0.0,1,0,5.0944173845974365e-05,0.9919554367886028
Centrifuger,default,Centrifuger_default,ZymoMockD6331,ZymoMockD6331,pacbio,SRR13128014,202,202,                Campylobacter_mucosalis,Campylobacter mucosalis,species,5.0534350219218014e-05,fraction_reads,0.0,1,1,5.0944173845974365e-05,0.9919554367886028
Centrifuger,default,Centrifuger_default,ZymoMockD6331,ZymoMockD6331,pacbio,SRR13128014,497724,497724,                Campylobacter_subantarcticus,Campylobacter subantarcticus,species,5.0534350219218014e-05,fraction_reads,0.0,1,0,5.0944173845974365e-05,0.9919554367886028
Centrifuger,default,Centrifuger_default,ZymoMockD6331,ZymoMockD6331,pacbio,SRR13128014,1848766,1848766,                Campylobacter_ornithocola,Campylobacter ornithocola,species,5.0534350219218014e-05,fraction_reads,0.0,1,1,5.0944173845974365e-05,0.9919554367886028
Centrifuger,default,Centrifuger_default,ZymoMockD6331,ZymoMockD6331,pacbio,SRR13128014,2042961,2042961,                Campylobacter_blaseri,Campylobacter blaseri,species,5.0534350219218014e-05,fraction_reads,0.0,1,1,5.0944173845974365e-05,0.9919554367886028
Centrifuger,default,Centrifuger_default,ZymoMockD6331,ZymoMockD6331,pacbio,SRR13128014,2561898,2561898,                Candidatus_Campylobacter_infans,Candidatus Campylobacter_infans,species,5.0534350219218014e-05,fraction_reads,0.0,1,1,5.0944173845974365e-05,0.9919554367886028
Centrifuger,default,Centrifuger_default,ZymoMockD6331,ZymoMockD6331,pacbio,SRR13128014,210,210,                Helicobacter_pylori,Helicobacter pylori,species,0.0004042748017537441,fraction_reads,0.0,8,8,0.0004075533907677949,0.9919554367886028
Centrifuger,default,Centrifuger_default,ZymoMockD6331,ZymoMockD6331,pacbio,SRR13128014,213,213,                Helicobacter_cinaedi,Helicobacter cinaedi,species,0.00030320610131530807,fraction_reads,0.0,6,6,0.0003056650430758462,0.9919554367886028
Centrifuger,default,Centrifuger_default,ZymoMockD6331,ZymoMockD6331,pacbio,SRR13128014,45498,45498,                Helicobacter_cholecystus,Helicobacter cholecystus,species,0.00015160305065765403,fraction_reads,0.0,3,3,0.0001528325215379231,0.9919554367886028
Centrifuger,default,Centrifuger_default,ZymoMockD6331,ZymoMockD6331,pacbio,SRR13128014,32025,32025,                Helicobacter_hepaticus,Helicobacter hepaticus,species,0.00010106870043843603,fraction_reads,0.0,2,0,0.00010188834769194873,0.9919554367886028
Centrifuger,default,Centrifuger_default,ZymoMockD6331,ZymoMockD6331,pacbio,SRR13128014,212,212,                Helicobacter_acinonychis,Helicobacter acinonychis,species,5.0534350219218014e-05,fraction_reads,0.0,1,0,5.0944173845974365e-05,0.9919554367886028
Centrifuger,default,Centrifuger_default,ZymoMockD6331,ZymoMockD6331,pacbio,SRR13128014,35818,35818,                Helicobacter_pullorum,Helicobacter pullorum,species,5.0534350219218014e-05,fraction_reads,0.0,1,1,5.0944173845974365e-05,0.9919554367886028
Centrifuger,default,Centrifuger_default,ZymoMockD6331,ZymoMockD6331,pacbio,SRR13128014,138563,138563,                Helicobacter_cetorum,Helicobacter cetorum,species,5.0534350219218014e-05,fraction_reads,0.0,1,0,5.0944173845974365e-05,0.9919554367886028
Centrifuger,default,Centrifuger_default,ZymoMockD6331,ZymoMockD6331,pacbio,SRR13128014,157268,157268,                Helicobacter_winghamensis,Helicobacter winghamensis,species,5.0534350219218014e-05,fraction_reads,0.0,1,1,5.0944173845974365e-05,0.9919554367886028
Centrifuger,default,Centrifuger_default,ZymoMockD6331,ZymoMockD6331,pacbio,SRR13128014,222136,222136,                Helicobacter_enhydrae,Helicobacter enhydrae,species,5.0534350219218014e-05,fraction_reads,0.0,1,1,5.0944173845974365e-05,0.9919554367886028
Centrifuger,default,Centrifuger_default,ZymoMockD6331,ZymoMockD6331,pacbio,SRR13128014,387093,387093,                  Sulfurovum_sp._NBC37-1,Sulfurovum_sp._NBC37-1,species,0.00015160305065765403,fraction_reads,0.0,3,3,0.0001528325215379231,0.9919554367886028
Centrifuger,default,Centrifuger_default,ZymoMockD6331,ZymoMockD6331,pacbio,SRR13128014,2894755,2894755,                  Sulfurimonas_sp._HSL-3221,Sulfurimonas_sp._HSL-3221,species,5.0534350219218014e-05,fraction_reads,0.0,1,1,5.0944173845974365e-05,0.9919554367886028
Centrifuger,default,Centrifuger_default,ZymoMockD6331,ZymoMockD6331,pacbio,SRR13128014,2740405,2740405,                Candidatus_Sulfurimonas_marisnigri,Candidatus Sulfurimonas_marisnigri,species,5.0534350219218014e-05,fraction_reads,0.0,1,1,5.0944173845974365e-05,0.9919554367886028
Centrifuger,default,Centrifuger_default,ZymoMockD6331,ZymoMockD6331,pacbio,SRR13128014,1424653,1424653,                Caminibacter_pacificus,Caminibacter pacificus,species,0.00015160305065765403,fraction_reads,0.0,3,3,0.0001528325215379231,0.9919554367886028
Centrifuger,default,Centrifuger_default,ZymoMockD6331,ZymoMockD6331,pacbio,SRR13128014,291048,291048,                Caminibacter_mediatlanticus,Caminibacter mediatlanticus,species,5.0534350219218014e-05,fraction_reads,0.0,1,0,5.0944173845974365e-05,0.9919554367886028
Centrifuger,default,Centrifuger_default,ZymoMockD6331,ZymoMockD6331,pacbio,SRR13128014,2579250,2579250,                  Nautilia_sp._PV-1,Nautilia_sp._PV-1,species,5.0534350219218014e-05,fraction_reads,0.0,1,1,5.0944173845974365e-05,0.9919554367886028
Centrifuger,default,Centrifuger_default,ZymoMockD6331,ZymoMockD6331,pacbio,SRR13128014,2724899,2724899,                  Nitratiruptor_sp._YY08-14,Nitratiruptor_sp._YY08-14,species,0.00015160305065765403,fraction_reads,0.0,3,3,0.0001528325215379231,0.9919554367886028
Centrifuger,default,Centrifuger_default,ZymoMockD6331,ZymoMockD6331,pacbio,SRR13128014,141,141,                Borrelia_parkeri,Borrelia parkeri,species,0.00015160305065765403,fraction_reads,0.0,3,3,0.0001528325215379231,0.9919554367886028
Centrifuger,default,Centrifuger_default,ZymoMockD6331,ZymoMockD6331,pacbio,SRR13128014,47466,47466,                Borrelia_miyamotoi,Borrelia miyamotoi,species,0.00015160305065765403,fraction_reads,0.0,3,3,0.0001528325215379231,0.9919554367886028
Centrifuger,default,Centrifuger_default,ZymoMockD6331,ZymoMockD6331,pacbio,SRR13128014,229155,229155,                Borrelia_turcica,Borrelia turcica,species,0.00015160305065765403,fraction_reads,0.0,3,0,0.0001528325215379231,0.9919554367886028
Centrifuger,default,Centrifuger_default,ZymoMockD6331,ZymoMockD6331,pacbio,SRR13128014,140,140,                Borrelia_hermsii,Borrelia hermsii,species,0.00010106870043843603,fraction_reads,0.0,2,1,0.00010188834769194873,0.9919554367886028
Centrifuger,default,Centrifuger_default,ZymoMockD6331,ZymoMockD6331,pacbio,SRR13128014,44449,44449,                Borrelia_recurrentis,Borrelia recurrentis,species,0.00010106870043843603,fraction_reads,0.0,2,0,0.00010188834769194873,0.9919554367886028
Centrifuger,default,Centrifuger_default,ZymoMockD6331,ZymoMockD6331,pacbio,SRR13128014,1882662,1882662,                  Borrelia_sp._HM,Borrelia_sp._HM,species,5.0534350219218014e-05,fraction_reads,0.0,1,1,5.0944173845974365e-05,0.9919554367886028
Centrifuger,default,Centrifuger_default,ZymoMockD6331,ZymoMockD6331,pacbio,SRR13128014,29519,29519,                Borreliella_garinii,Borreliella garinii,species,0.00010106870043843603,fraction_reads,0.0,2,1,0.00010188834769194873,0.9919554367886028
Centrifuger,default,Centrifuger_default,ZymoMockD6331,ZymoMockD6331,pacbio,SRR13128014,409322,409322,                Treponema_pedis,Treponema pedis,species,0.00015160305065765403,fraction_reads,0.0,3,0,0.0001528325215379231,0.9919554367886028
Centrifuger,default,Centrifuger_default,ZymoMockD6331,ZymoMockD6331,pacbio,SRR13128014,58231,58231,                Treponema_medium,Treponema medium,species,5.0534350219218014e-05,fraction_reads,0.0,1,1,5.0944173845974365e-05,0.9919554367886028
Centrifuger,default,Centrifuger_default,ZymoMockD6331,ZymoMockD6331,pacbio,SRR13128014,2563662,2563662,                  Treponema_sp._OMZ_906,Treponema_sp._OMZ_906,species,5.0534350219218014e-05,fraction_reads,0.0,1,1,5.0944173845974365e-05,0.9919554367886028
Centrifuger,default,Centrifuger_default,ZymoMockD6331,ZymoMockD6331,pacbio,SRR13128014,2880008,2880008,                Brucepastera_parasyntrophica,Brucepastera parasyntrophica,species,5.0534350219218014e-05,fraction_reads,0.0,1,1,5.0944173845974365e-05,0.9919554367886028
Centrifuger,default,Centrifuger_default,ZymoMockD6331,ZymoMockD6331,pacbio,SRR13128014,55206,55206,                Sediminispirochaeta_smaragdinae,Sediminispirochaeta smaragdinae,species,0.00030320610131530807,fraction_reads,0.0,6,0,0.0003056650430758462,0.9919554367886028
Centrifuger,default,Centrifuger_default,ZymoMockD6331,ZymoMockD6331,pacbio,SRR13128014,1131707,1131707,                Sphaerochaeta_pleomorpha,Sphaerochaeta pleomorpha,species,0.00015160305065765403,fraction_reads,0.0,3,0,0.0001528325215379231,0.9919554367886028
Centrifuger,default,Centrifuger_default,ZymoMockD6331,ZymoMockD6331,pacbio,SRR13128014,215591,215591,                Gracilinema_caldarium,Gracilinema caldarium,species,0.00010106870043843603,fraction_reads,0.0,2,0,0.00010188834769194873,0.9919554367886028
Centrifuger,default,Centrifuger_default,ZymoMockD6331,ZymoMockD6331,pacbio,SRR13128014,2798577,2798577,                Breznakiella_homolactica,Breznakiella homolactica,species,5.0534350219218014e-05,fraction_reads,0.0,1,1,5.0944173845974365e-05,0.9919554367886028
Centrifuger,default,Centrifuger_default,ZymoMockD6331,ZymoMockD6331,pacbio,SRR13128014,1137606,1137606,                Leptospira_mayottensis,Leptospira mayottensis,species,0.00025267175109609005,fraction_reads,0.0,5,0,0.0002547208692298718,0.9919554367886028
Centrifuger,default,Centrifuger_default,ZymoMockD6331,ZymoMockD6331,pacbio,SRR13128014,173,173,                Leptospira_interrogans,Leptospira interrogans,species,0.00020213740087687205,fraction_reads,0.0,4,4,0.00020377669538389746,0.9919554367886028
Centrifuger,default,Centrifuger_default,ZymoMockD6331,ZymoMockD6331,pacbio,SRR13128014,29507,29507,                Leptospira_kirschneri,Leptospira kirschneri,species,0.00020213740087687205,fraction_reads,0.0,4,4,0.00020377669538389746,0.9919554367886028
Centrifuger,default,Centrifuger_default,ZymoMockD6331,ZymoMockD6331,pacbio,SRR13128014,172,172,                Leptospira_biflexa,Leptospira biflexa,species,5.0534350219218014e-05,fraction_reads,0.0,1,1,5.0944173845974365e-05,0.9919554367886028
Centrifuger,default,Centrifuger_default,ZymoMockD6331,ZymoMockD6331,pacbio,SRR13128014,28182,28182,                Leptospira_noguchii,Leptospira noguchii,species,5.0534350219218014e-05,fraction_reads,0.0,1,1,5.0944173845974365e-05,0.9919554367886028
Centrifuger,default,Centrifuger_default,ZymoMockD6331,ZymoMockD6331,pacbio,SRR13128014,84378,84378,                Brachyspira_murdochii,Brachyspira murdochii,species,5.0534350219218014e-05,fraction_reads,0.0,1,0,5.0944173845974365e-05,0.9919554367886028
Centrifuger,default,Centrifuger_default,ZymoMockD6331,ZymoMockD6331,pacbio,SRR13128014,351604,351604,                Geotalea_uraniireducens,Geotalea uraniireducens,species,0.00015160305065765403,fraction_reads,0.0,3,0,0.0001528325215379231,0.9919554367886028
Centrifuger,default,Centrifuger_default,ZymoMockD6331,ZymoMockD6331,pacbio,SRR13128014,2847991,2847991,                Geomonas_nitrogeniifigens,Geomonas nitrogeniifigens,species,5.0534350219218014e-05,fraction_reads,0.0,1,1,5.0944173845974365e-05,0.9919554367886028
Centrifuger,default,Centrifuger_default,ZymoMockD6331,ZymoMockD6331,pacbio,SRR13128014,225194,225194,                Citrifermentans_bemidjiense,Citrifermentans bemidjiense,species,5.0534350219218014e-05,fraction_reads,0.0,1,0,5.0944173845974365e-05,0.9919554367886028
Centrifuger,default,Centrifuger_default,ZymoMockD6331,ZymoMockD6331,pacbio,SRR13128014,2802975,2802975,                Desulfuromonas_versatilis,Desulfuromonas versatilis,species,5.0534350219218014e-05,fraction_reads,0.0,1,1,5.0944173845974365e-05,0.9919554367886028
Centrifuger,default,Centrifuger_default,ZymoMockD6331,ZymoMockD6331,pacbio,SRR13128014,45655,45655,                Desulfonema_magnum,Desulfonema magnum,species,5.0534350219218014e-05,fraction_reads,0.0,1,1,5.0944173845974365e-05,0.9919554367886028
Centrifuger,default,Centrifuger_default,ZymoMockD6331,ZymoMockD6331,pacbio,SRR13128014,45656,45656,                Desulfonema_limicola,Desulfonema limicola,species,5.0534350219218014e-05,fraction_reads,0.0,1,1,5.0944173845974365e-05,0.9919554367886028
Centrifuger,default,Centrifuger_default,ZymoMockD6331,ZymoMockD6331,pacbio,SRR13128014,2296,2296,                Desulforapulum_autotrophicum,Desulforapulum autotrophicum,species,5.0534350219218014e-05,fraction_reads,0.0,1,0,5.0944173845974365e-05,0.9919554367886028
Centrifuger,default,Centrifuger_default,ZymoMockD6331,ZymoMockD6331,pacbio,SRR13128014,933262,933262,                  Desulfosarcina_sp._BuS5,Desulfosarcina_sp._BuS5,species,5.0534350219218014e-05,fraction_reads,0.0,1,1,5.0944173845974365e-05,0.9919554367886028
Centrifuger,default,Centrifuger_default,ZymoMockD6331,ZymoMockD6331,pacbio,SRR13128014,2772557,2772557,                Desulfomarina_profundi,Desulfomarina profundi,species,0.00010106870043843603,fraction_reads,0.0,2,2,0.00010188834769194873,0.9919554367886028
Centrifuger,default,Centrifuger_default,ZymoMockD6331,ZymoMockD6331,pacbio,SRR13128014,894,894,                Desulfobulbus_propionicus,Desulfobulbus propionicus,species,5.0534350219218014e-05,fraction_reads,0.0,1,0,5.0944173845974365e-05,0.9919554367886028
Centrifuger,default,Centrifuger_default,ZymoMockD6331,ZymoMockD6331,pacbio,SRR13128014,2234087,2234087,                  Thermodesulfobacterium_sp._TA1,Thermodesulfobacterium_sp._TA1,species,5.0534350219218014e-05,fraction_reads,0.0,1,1,5.0944173845974365e-05,0.9919554367886028
Centrifuger,default,Centrifuger_default,ZymoMockD6331,ZymoMockD6331,pacbio,SRR13128014,171695,171695,                Thermodesulfatator_indicus,Thermodesulfatator indicus,species,5.0534350219218014e-05,fraction_reads,0.0,1,0,5.0944173845974365e-05,0.9919554367886028
Centrifuger,default,Centrifuger_default,ZymoMockD6331,ZymoMockD6331,pacbio,SRR13128014,880,880,                Maridesulfovibrio_salexigens,Maridesulfovibrio salexigens,species,5.0534350219218014e-05,fraction_reads,0.0,1,0,5.0944173845974365e-05,0.9919554367886028
Centrifuger,default,Centrifuger_default,ZymoMockD6331,ZymoMockD6331,pacbio,SRR13128014,60893,60893,                Desulfobacca_acetoxidans,Desulfobacca acetoxidans,species,5.0534350219218014e-05,fraction_reads,0.0,1,0,5.0944173845974365e-05,0.9919554367886028
Centrifuger,default,Centrifuger_default,ZymoMockD6331,ZymoMockD6331,pacbio,SRR13128014,2358,2358,                Desulfomonile_tiedjei,Desulfomonile tiedjei,species,5.0534350219218014e-05,fraction_reads,0.0,1,0,5.0944173845974365e-05,0.9919554367886028
Centrifuger,default,Centrifuger_default,ZymoMockD6331,ZymoMockD6331,pacbio,SRR13128014,2109558,2109558,                  Halobacteriovorax_sp._BALOs_7,Halobacteriovorax_sp._BALOs_7,species,0.00030320610131530807,fraction_reads,0.0,6,6,0.0003056650430758462,0.9919554367886028
Centrifuger,default,Centrifuger_default,ZymoMockD6331,ZymoMockD6331,pacbio,SRR13128014,97084,97084,                Halobacteriovorax_marinus,Halobacteriovorax marinus,species,5.0534350219218014e-05,fraction_reads,0.0,1,0,5.0944173845974365e-05,0.9919554367886028
Centrifuger,default,Centrifuger_default,ZymoMockD6331,ZymoMockD6331,pacbio,SRR13128014,2835041,2835041,                Bdellovibrio_reynosensis,Bdellovibrio reynosensis,species,0.00010106870043843603,fraction_reads,0.0,2,2,0.00010188834769194873,0.9919554367886028
Centrifuger,default,Centrifuger_default,ZymoMockD6331,ZymoMockD6331,pacbio,SRR13128014,2748865,2748865,                  Bdellovibrio_sp._KM01,Bdellovibrio_sp._KM01,species,5.0534350219218014e-05,fraction_reads,0.0,1,1,5.0944173845974365e-05,0.9919554367886028
Centrifuger,default,Centrifuger_default,ZymoMockD6331,ZymoMockD6331,pacbio,SRR13128014,453816,453816,                Pseudobdellovibrio_exovorus,Pseudobdellovibrio exovorus,species,5.0534350219218014e-05,fraction_reads,0.0,1,1,5.0944173845974365e-05,0.9919554367886028
Centrifuger,default,Centrifuger_default,ZymoMockD6331,ZymoMockD6331,pacbio,SRR13128014,2108365,2108365,                Tepiditoga_spiralis,Tepiditoga spiralis,species,0.00010106870043843603,fraction_reads,0.0,2,2,0.00010188834769194873,0.9919554367886028
Centrifuger,default,Centrifuger_default,ZymoMockD6331,ZymoMockD6331,pacbio,SRR13128014,69499,69499,                Petrotoga_mobilis,Petrotoga mobilis,species,5.0534350219218014e-05,fraction_reads,0.0,1,0,5.0944173845974365e-05,0.9919554367886028
Centrifuger,default,Centrifuger_default,ZymoMockD6331,ZymoMockD6331,pacbio,SRR13128014,2571116,2571116,                Thermosipho_ferrireducens,Thermosipho ferrireducens,species,5.0534350219218014e-05,fraction_reads,0.0,1,1,5.0944173845974365e-05,0.9919554367886028
Centrifuger,default,Centrifuger_default,ZymoMockD6331,ZymoMockD6331,pacbio,SRR13128014,2336,2336,                Thermotoga_maritima,Thermotoga maritima,species,5.0534350219218014e-05,fraction_reads,0.0,1,1,5.0944173845974365e-05,0.9919554367886028
Centrifuger,default,Centrifuger_default,ZymoMockD6331,ZymoMockD6331,pacbio,SRR13128014,651457,651457,                Kosmotoga_olearia,Kosmotoga olearia,species,5.0534350219218014e-05,fraction_reads,0.0,1,0,5.0944173845974365e-05,0.9919554367886028
Centrifuger,default,Centrifuger_default,ZymoMockD6331,ZymoMockD6331,pacbio,SRR13128014,1441386,1441386,                Athalassotoga_saccharophila,Athalassotoga saccharophila,species,5.0534350219218014e-05,fraction_reads,0.0,1,1,5.0944173845974365e-05,0.9919554367886028
Centrifuger,default,Centrifuger_default,ZymoMockD6331,ZymoMockD6331,pacbio,SRR13128014,48,48,                  Archangium_gephyra,Archangium gephyra,species,5.0534350219218014e-05,fraction_reads,0.0,1,1,5.0944173845974365e-05,0.9919554367886028
Centrifuger,default,Centrifuger_default,ZymoMockD6331,ZymoMockD6331,pacbio,SRR13128014,2051959,2051959,                Edaphobacter_lichenicola,Edaphobacter lichenicola,species,5.0534350219218014e-05,fraction_reads,0.0,1,1,5.0944173845974365e-05,0.9919554367886028
Centrifuger,default,Centrifuger_default,ZymoMockD6331,ZymoMockD6331,pacbio,SRR13128014,870903,870903,                Terriglobus_saanensis,Terriglobus saanensis,species,5.0534350219218014e-05,fraction_reads,0.0,1,0,5.0944173845974365e-05,0.9919554367886028
Centrifuger,default,Centrifuger_default,ZymoMockD6331,ZymoMockD6331,pacbio,SRR13128014,2763107,2763107,                Alloacidobacterium_dinghuense,Alloacidobacterium dinghuense,species,5.0534350219218014e-05,fraction_reads,0.0,1,1,5.0944173845974365e-05,0.9919554367886028
Centrifuger,default,Centrifuger_default,ZymoMockD6331,ZymoMockD6331,pacbio,SRR13128014,981385,981385,                Thermotomaculum_hydrothermale,Thermotomaculum hydrothermale,species,0.00010106870043843603,fraction_reads,0.0,2,2,0.00010188834769194873,0.9919554367886028
Centrifuger,default,Centrifuger_default,ZymoMockD6331,ZymoMockD6331,pacbio,SRR13128014,64160,64160,                Desulfurobacterium_thermolithotrophum,Desulfurobacterium thermolithotrophum,species,0.00015160305065765403,fraction_reads,0.0,3,0,0.0001528325215379231,0.9919554367886028
Centrifuger,default,Centrifuger_default,ZymoMockD6331,ZymoMockD6331,pacbio,SRR13128014,2600177,2600177,                Microvenator_marinus,Microvenator marinus,species,0.00010106870043843603,fraction_reads,0.0,2,2,0.00010188834769194873,0.9919554367886028
Centrifuger,default,Centrifuger_default,ZymoMockD6331,ZymoMockD6331,pacbio,SRR13128014,673862,673862,                    Candidatus_Babela_massiliensis,Candidatus Babela_massiliensis,species,5.0534350219218014e-05,fraction_reads,0.0,1,1,5.0944173845974365e-05,0.9919554367886028
Centrifuger,default,Centrifuger_default,ZymoMockD6331,ZymoMockD6331,pacbio,SRR13128014,2755338,2755338,        thermophilic_bacterium_3443-3Ac,thermophilic bacterium_3443-3Ac,species,5.0534350219218014e-05,fraction_reads,0.0,1,1,5.0944173845974365e-05,0.9919554367886028
Centrifuger,default,Centrifuger_default,ZymoMockD6331,ZymoMockD6331,pacbio,SRR13128014,1408204,1408204,                Candidatus_Endomicrobium_trichonymphae,Candidatus Endomicrobium_trichonymphae,species,5.0534350219218014e-05,fraction_reads,0.0,1,1,5.0944173845974365e-05,0.9919554367886028
Centrifuger,default,Centrifuger_default,ZymoMockD6331,ZymoMockD6331,pacbio,SRR13128014,1323948,1323948,                  Nitrospina_watsonii,Nitrospina watsonii,species,5.0534350219218014e-05,fraction_reads,0.0,1,1,5.0944173845974365e-05,0.9919554367886028
Centrifuger,default,Centrifuger_default,ZymoMockD6331,ZymoMockD6331,pacbio,SRR13128014,9606,9606,                                                              Homo_sapiens,Homo sapiens,species,0.03183664063810735,fraction_reads,0.03,630,630,0.03209482952296385,0.9919554367886028
Centrifuger,default,Centrifuger_default,ZymoMockD6331,ZymoMockD6331,pacbio,SRR13128014,2173,2173,                  Methanobrevibacter_smithii,Methanobrevibacter smithii,species,0.0527578616288636,fraction_reads,0.05,1044,2,0.05318571749519724,0.9919554367886028
Centrifuger,default,Centrifuger_default,ZymoMockD6331,ZymoMockD6331,pacbio,SRR13128014,224719,224719,                    Methanobrevibacter_sp._AbM4,Methanobrevibacter_sp._AbM4,species,0.00020213740087687205,fraction_reads,0.0,4,4,0.00020377669538389746,0.9919554367886028
Centrifuger,default,Centrifuger_default,ZymoMockD6331,ZymoMockD6331,pacbio,SRR13128014,1609968,1609968,                    Methanobrevibacter_sp._YE315,Methanobrevibacter_sp._YE315,species,0.00015160305065765403,fraction_reads,0.0,3,3,0.0001528325215379231,0.9919554367886028
Centrifuger,default,Centrifuger_default,ZymoMockD6331,ZymoMockD6331,pacbio,SRR13128014,2606912,2606912,                    Methanothermobacter_sp._THM-2,Methanothermobacter_sp._THM-2,species,0.00020213740087687205,fraction_reads,0.0,4,4,0.00020377669538389746,0.9919554367886028
Centrifuger,default,Centrifuger_default,ZymoMockD6331,ZymoMockD6331,pacbio,SRR13128014,145263,145263,                  Methanothermobacter_marburgensis,Methanothermobacter marburgensis,species,5.0534350219218014e-05,fraction_reads,0.0,1,1,5.0944173845974365e-05,0.9919554367886028
Centrifuger,default,Centrifuger_default,ZymoMockD6331,ZymoMockD6331,pacbio,SRR13128014,59277,59277,                  Methanobacterium_subterraneum,Methanobacterium subterraneum,species,5.0534350219218014e-05,fraction_reads,0.0,1,1,5.0944173845974365e-05,0.9919554367886028
Centrifuger,default,Centrifuger_default,ZymoMockD6331,ZymoMockD6331,pacbio,SRR13128014,868131,868131,                  Methanobacterium_paludis,Methanobacterium paludis,species,5.0534350219218014e-05,fraction_reads,0.0,1,1,5.0944173845974365e-05,0.9919554367886028
Centrifuger,default,Centrifuger_default,ZymoMockD6331,ZymoMockD6331,pacbio,SRR13128014,1789762,1789762,                    Methanosphaera_sp._BMS,Methanosphaera_sp._BMS,species,0.00010106870043843603,fraction_reads,0.0,2,2,0.00010188834769194873,0.9919554367886028
Centrifuger,default,Centrifuger_default,ZymoMockD6331,ZymoMockD6331,pacbio,SRR13128014,2180,2180,                  Methanothermus_fervidus,Methanothermus fervidus,species,0.0004548091519729621,fraction_reads,0.0,9,0,0.00045849756461376924,0.9919554367886028
Centrifuger,default,Centrifuger_default,ZymoMockD6331,ZymoMockD6331,pacbio,SRR13128014,39152,39152,                  Methanococcus_maripaludis,Methanococcus maripaludis,species,0.00010106870043843603,fraction_reads,0.0,2,2,0.00010188834769194873,0.9919554367886028
Centrifuger,default,Centrifuger_default,ZymoMockD6331,ZymoMockD6331,pacbio,SRR13128014,42879,42879,                  Methanococcus_aeolicus,Methanococcus aeolicus,species,5.0534350219218014e-05,fraction_reads,0.0,1,1,5.0944173845974365e-05,0.9919554367886028
Centrifuger,default,Centrifuger_default,ZymoMockD6331,ZymoMockD6331,pacbio,SRR13128014,155863,155863,                  Methanothermococcus_okinawensis,Methanothermococcus okinawensis,species,5.0534350219218014e-05,fraction_reads,0.0,1,0,5.0944173845974365e-05,0.9919554367886028
Centrifuger,default,Centrifuger_default,ZymoMockD6331,ZymoMockD6331,pacbio,SRR13128014,2208,2208,                  Methanosarcina_barkeri,Methanosarcina barkeri,species,0.0004042748017537441,fraction_reads,0.0,8,0,0.0004075533907677949,0.9919554367886028
Centrifuger,default,Centrifuger_default,ZymoMockD6331,ZymoMockD6331,pacbio,SRR13128014,2210,2210,                  Methanosarcina_thermophila,Methanosarcina thermophila,species,0.00025267175109609005,fraction_reads,0.0,5,0,0.0002547208692298718,0.9919554367886028
Centrifuger,default,Centrifuger_default,ZymoMockD6331,ZymoMockD6331,pacbio,SRR13128014,2209,2209,                  Methanosarcina_mazei,Methanosarcina mazei,species,0.00015160305065765403,fraction_reads,0.0,3,3,0.0001528325215379231,0.9919554367886028
Centrifuger,default,Centrifuger_default,ZymoMockD6331,ZymoMockD6331,pacbio,SRR13128014,1715806,1715806,                  Methanosarcina_flavescens,Methanosarcina flavescens,species,5.0534350219218014e-05,fraction_reads,0.0,1,1,5.0944173845974365e-05,0.9919554367886028
Centrifuger,default,Centrifuger_default,ZymoMockD6331,ZymoMockD6331,pacbio,SRR13128014,39669,39669,                  Methanosalsum_zhilinae,Methanosalsum zhilinae,species,0.00015160305065765403,fraction_reads,0.0,3,0,0.0001528325215379231,0.9919554367886028
Centrifuger,default,Centrifuger_default,ZymoMockD6331,ZymoMockD6331,pacbio,SRR13128014,1175444,1175444,                  Methanocella_conradii,Methanocella conradii,species,0.00020213740087687205,fraction_reads,0.0,4,0,0.00020377669538389746,0.9919554367886028
Centrifuger,default,Centrifuger_default,ZymoMockD6331,ZymoMockD6331,pacbio,SRR13128014,54120,54120,                  Methanolacinia_petrolearia,Methanolacinia petrolearia,species,0.00010106870043843603,fraction_reads,0.0,2,0,0.00010188834769194873,0.9919554367886028
Centrifuger,default,Centrifuger_default,ZymoMockD6331,ZymoMockD6331,pacbio,SRR13128014,33865,33865,                  Methanoplanus_endosymbiosus,Methanoplanus endosymbiosus,species,5.0534350219218014e-05,fraction_reads,0.0,1,1,5.0944173845974365e-05,0.9919554367886028
Centrifuger,default,Centrifuger_default,ZymoMockD6331,ZymoMockD6331,pacbio,SRR13128014,2934937,2934937,                  Halocatena_marina,Halocatena marina,species,0.00025267175109609005,fraction_reads,0.0,5,5,0.0002547208692298718,0.9919554367886028
Centrifuger,default,Centrifuger_default,ZymoMockD6331,ZymoMockD6331,pacbio,SRR13128014,2505977,2505977,                  Halorussus_pelagicus,Halorussus pelagicus,species,5.0534350219218014e-05,fraction_reads,0.0,1,1,5.0944173845974365e-05,0.9919554367886028
Centrifuger,default,Centrifuger_default,ZymoMockD6331,ZymoMockD6331,pacbio,SRR13128014,2993314,2993314,                    Haladaptatus_sp._ZJ1,Haladaptatus_sp._ZJ1,species,5.0534350219218014e-05,fraction_reads,0.0,1,1,5.0944173845974365e-05,0.9919554367886028
Centrifuger,default,Centrifuger_default,ZymoMockD6331,ZymoMockD6331,pacbio,SRR13128014,1932360,1932360,                    Halorientalis_sp._IM1011,Halorientalis_sp._IM1011,species,0.00020213740087687205,fraction_reads,0.0,4,4,0.00020377669538389746,0.9919554367886028
Centrifuger,default,Centrifuger_default,ZymoMockD6331,ZymoMockD6331,pacbio,SRR13128014,3032584,3032584,                    Halomicroarcula_sp._DFY41,Halomicroarcula_sp._DFY41,species,0.00010106870043843603,fraction_reads,0.0,2,2,0.00010188834769194873,0.9919554367886028
Centrifuger,default,Centrifuger_default,ZymoMockD6331,ZymoMockD6331,pacbio,SRR13128014,2961570,2961570,                  Natrinema_caseinilyticum,Natrinema caseinilyticum,species,0.00010106870043843603,fraction_reads,0.0,2,2,0.00010188834769194873,0.9919554367886028
Centrifuger,default,Centrifuger_default,ZymoMockD6331,ZymoMockD6331,pacbio,SRR13128014,1710539,1710539,                  Natrinema_zhouii,Natrinema zhouii,species,5.0534350219218014e-05,fraction_reads,0.0,1,1,5.0944173845974365e-05,0.9919554367886028
Centrifuger,default,Centrifuger_default,ZymoMockD6331,ZymoMockD6331,pacbio,SRR13128014,2953746,2953746,                    Halovivax_sp._AGai3-5,Halovivax_sp._AGai3-5,species,0.00010106870043843603,fraction_reads,0.0,2,2,0.00010188834769194873,0.9919554367886028
Centrifuger,default,Centrifuger_default,ZymoMockD6331,ZymoMockD6331,pacbio,SRR13128014,3034020,3034020,                    Halovivax_sp._TS33,Halovivax_sp._TS33,species,5.0534350219218014e-05,fraction_reads,0.0,1,1,5.0944173845974365e-05,0.9919554367886028
Centrifuger,default,Centrifuger_default,ZymoMockD6331,ZymoMockD6331,pacbio,SRR13128014,2044521,2044521,                  Natrarchaeobaculum_sulfurireducens,Natrarchaeobaculum sulfurireducens,species,5.0534350219218014e-05,fraction_reads,0.0,1,1,5.0944173845974365e-05,0.9919554367886028
Centrifuger,default,Centrifuger_default,ZymoMockD6331,ZymoMockD6331,pacbio,SRR13128014,293091,293091,                  Haloquadratum_walsbyi,Haloquadratum walsbyi,species,0.00010106870043843603,fraction_reads,0.0,2,0,0.00010188834769194873,0.9919554367886028
Centrifuger,default,Centrifuger_default,ZymoMockD6331,ZymoMockD6331,pacbio,SRR13128014,755307,755307,                  Salinigranum_rubrum,Salinigranum rubrum,species,5.0534350219218014e-05,fraction_reads,0.0,1,1,5.0944173845974365e-05,0.9919554367886028
Centrifuger,default,Centrifuger_default,ZymoMockD6331,ZymoMockD6331,pacbio,SRR13128014,2264,2264,                Thermococcus_celer,Thermococcus celer,species,0.00010106870043843603,fraction_reads,0.0,2,0,0.00010188834769194873,0.9919554367886028
Centrifuger,default,Centrifuger_default,ZymoMockD6331,ZymoMockD6331,pacbio,SRR13128014,342948,342948,                Thermococcus_onnurineus,Thermococcus onnurineus,species,0.00010106870043843603,fraction_reads,0.0,2,0,0.00010188834769194873,0.9919554367886028
Centrifuger,default,Centrifuger_default,ZymoMockD6331,ZymoMockD6331,pacbio,SRR13128014,55802,55802,                Thermococcus_barophilus,Thermococcus barophilus,species,5.0534350219218014e-05,fraction_reads,0.0,1,1,5.0944173845974365e-05,0.9919554367886028
Centrifuger,default,Centrifuger_default,ZymoMockD6331,ZymoMockD6331,pacbio,SRR13128014,29292,29292,                Pyrococcus_abyssi,Pyrococcus abyssi,species,0.00010106870043843603,fraction_reads,0.0,2,0,0.00010188834769194873,0.9919554367886028
Centrifuger,default,Centrifuger_default,ZymoMockD6331,ZymoMockD6331,pacbio,SRR13128014,1183377,1183377,                  Pyrococcus_sp._ST04,Pyrococcus_sp._ST04,species,5.0534350219218014e-05,fraction_reads,0.0,1,1,5.0944173845974365e-05,0.9919554367886028
Centrifuger,default,Centrifuger_default,ZymoMockD6331,ZymoMockD6331,pacbio,SRR13128014,1826872,1826872,                  Candidatus_Nitrosocosmicus_hydrocola,Candidatus Nitrosocosmicus_hydrocola,species,0.00030320610131530807,fraction_reads,0.0,6,6,0.0003056650430758462,0.9919554367886028
Centrifuger,default,Centrifuger_default,ZymoMockD6331,ZymoMockD6331,pacbio,SRR13128014,1353260,1353260,                  Candidatus_Nitrosocosmicus_oleophilus,Candidatus Nitrosocosmicus_oleophilus,species,0.00025267175109609005,fraction_reads,0.0,5,5,0.0002547208692298718,0.9919554367886028
Centrifuger,default,Centrifuger_default,ZymoMockD6331,ZymoMockD6331,pacbio,SRR13128014,497727,497727,                  Candidatus_Nitrososphaera_gargensis,Candidatus Nitrososphaera_gargensis,species,0.00010106870043843603,fraction_reads,0.0,2,0,0.00010188834769194873,0.9919554367886028
Centrifuger,default,Centrifuger_default,ZymoMockD6331,ZymoMockD6331,pacbio,SRR13128014,1034015,1034015,                  Nitrososphaera_viennensis,Nitrososphaera viennensis,species,5.0534350219218014e-05,fraction_reads,0.0,1,1,5.0944173845974365e-05,0.9919554367886028
Centrifuger,default,Centrifuger_default,ZymoMockD6331,ZymoMockD6331,pacbio,SRR13128014,2045011,2045011,                  Candidatus_Nitrosocaldus_islandicus,Candidatus Nitrosocaldus_islandicus,species,0.00010106870043843603,fraction_reads,0.0,2,2,0.00010188834769194873,0.9919554367886028
Centrifuger,default,Centrifuger_default,ZymoMockD6331,ZymoMockD6331,pacbio,SRR13128014,1470067,1470067,                Nitrosopumilus_ureiphilus,Nitrosopumilus ureiphilus,species,5.0534350219218014e-05,fraction_reads,0.0,1,1,5.0944173845974365e-05,0.9919554367886028
Centrifuger,default,Centrifuger_default,ZymoMockD6331,ZymoMockD6331,pacbio,SRR13128014,1510466,1510466,                Candidatus_Nitrosopumilus_koreensis,Candidatus Nitrosopumilus_koreensis,species,5.0534350219218014e-05,fraction_reads,0.0,1,0,5.0944173845974365e-05,0.9919554367886028
Centrifuger,default,Centrifuger_default,ZymoMockD6331,ZymoMockD6331,pacbio,SRR13128014,1582439,1582439,                Nitrosopumilus_piranensis,Nitrosopumilus piranensis,species,5.0534350219218014e-05,fraction_reads,0.0,1,1,5.0944173845974365e-05,0.9919554367886028
Centrifuger,default,Centrifuger_default,ZymoMockD6331,ZymoMockD6331,pacbio,SRR13128014,2259673,2259673,                  Nitrosarchaeum_sp._AC2,Nitrosarchaeum_sp._AC2,species,0.00010106870043843603,fraction_reads,0.0,2,2,0.00010188834769194873,0.9919554367886028
Centrifuger,default,Centrifuger_default,ZymoMockD6331,ZymoMockD6331,pacbio,SRR13128014,1898749,1898749,                Candidatus_Nitrosomarinus_catalina,Candidatus Nitrosomarinus_catalina,species,0.00010106870043843603,fraction_reads,0.0,2,2,0.00010188834769194873,0.9919554367886028
Centrifuger,default,Centrifuger_default,ZymoMockD6331,ZymoMockD6331,pacbio,SRR13128014,2259672,2259672,                Candidatus_Nitrosotenuis_sp._DW1,Candidatus Nitrosotenuis_sp._DW1,species,0.00015160305065765403,fraction_reads,0.0,3,3,0.0001528325215379231,0.9919554367886028
Centrifuger,default,Centrifuger_default,ZymoMockD6331,ZymoMockD6331,pacbio,SRR13128014,1410606,1410606,              Candidatus_Nitrosopelagicus_brevis,Candidatus Nitrosopelagicus_brevis,species,5.0534350219218014e-05,fraction_reads,0.0,1,1,5.0944173845974365e-05,0.9919554367886028
Centrifuger,default,Centrifuger_default,ZymoMockD6331,ZymoMockD6331,pacbio,SRR13128014,43080,43080,                  Sulfolobus_islandicus,Sulfolobus islandicus,species,0.00015160305065765403,fraction_reads,0.0,3,1,0.0001528325215379231,0.9919554367886028
Centrifuger,default,Centrifuger_default,ZymoMockD6331,ZymoMockD6331,pacbio,SRR13128014,1891280,1891280,                    Sulfolobus_sp._A20,Sulfolobus_sp._A20,species,0.00015160305065765403,fraction_reads,0.0,3,3,0.0001528325215379231,0.9919554367886028
Centrifuger,default,Centrifuger_default,ZymoMockD6331,ZymoMockD6331,pacbio,SRR13128014,2285,2285,                  Sulfolobus_acidocaldarius,Sulfolobus acidocaldarius,species,0.00010106870043843603,fraction_reads,0.0,2,2,0.00010188834769194873,0.9919554367886028
Centrifuger,default,Centrifuger_default,ZymoMockD6331,ZymoMockD6331,pacbio,SRR13128014,282676,282676,                  Acidianus_manzaensis,Acidianus manzaensis,species,0.00015160305065765403,fraction_reads,0.0,3,3,0.0001528325215379231,0.9919554367886028
Centrifuger,default,Centrifuger_default,ZymoMockD6331,ZymoMockD6331,pacbio,SRR13128014,41673,41673,                  Acidianus_brierleyi,Acidianus brierleyi,species,5.0534350219218014e-05,fraction_reads,0.0,1,1,5.0944173845974365e-05,0.9919554367886028
Centrifuger,default,Centrifuger_default,ZymoMockD6331,ZymoMockD6331,pacbio,SRR13128014,69656,69656,                  Sulfurisphaera_ohwakuensis,Sulfurisphaera ohwakuensis,species,5.0534350219218014e-05,fraction_reads,0.0,1,1,5.0944173845974365e-05,0.9919554367886028
Centrifuger,default,Centrifuger_default,ZymoMockD6331,ZymoMockD6331,pacbio,SRR13128014,111955,111955,                  Sulfurisphaera_tokodaii,Sulfurisphaera tokodaii,species,5.0534350219218014e-05,fraction_reads,0.0,1,0,5.0944173845974365e-05,0.9919554367886028
Centrifuger,default,Centrifuger_default,ZymoMockD6331,ZymoMockD6331,pacbio,SRR13128014,56636,56636,                  Aeropyrum_pernix,Aeropyrum pernix,species,5.0534350219218014e-05,fraction_reads,0.0,1,0,5.0944173845974365e-05,0.9919554367886028
Centrifuger,default,Centrifuger_default,ZymoMockD6331,ZymoMockD6331,pacbio,SRR13128014,200415,200415,                  Caldisphaera_lagunensis,Caldisphaera lagunensis,species,5.0534350219218014e-05,fraction_reads,0.0,1,0,5.0944173845974365e-05,0.9919554367886028
Centrifuger,default,Centrifuger_default,ZymoMockD6331,ZymoMockD6331,pacbio,SRR13128014,46632,46632,                Picrophilus_oshimae,Picrophilus oshimae,species,5.0534350219218014e-05,fraction_reads,0.0,1,0,5.0944173845974365e-05,0.9919554367886028
Centrifuger,default,Centrifuger_default,ZymoMockD6331,ZymoMockD6331,pacbio,SRR13128014,1920749,1920749,            Candidatus_Mancarchaeum_acidiphilum,Candidatus Mancarchaeum_acidiphilum,species,5.0534350219218014e-05,fraction_reads,0.0,1,1,5.0944173845974365e-05,0.9919554367886028
Centrifuger,default,Centrifuger_default,ZymoMockD6331,ZymoMockD6331,pacbio,SRR13128014,2734148,2734148,                Thaumasvirus_stim4,Thaumasvirus_stim4,species,0.00015160305065765403,fraction_reads,0.0,3,3,0.0001528325215379231,0.9919554367886028
Centrifuger,default,Centrifuger_default,ZymoMockD6331,ZymoMockD6331,pacbio,SRR13128014,2783673,2783673,                Synechococcus_phage_S-H38,Synechococcus phage_S-H38,species,5.0534350219218014e-05,fraction_reads,0.0,1,1,5.0944173845974365e-05,0.9919554367886028
Centrifuger,default,Centrifuger_default,ZymoMockD6331,ZymoMockD6331,pacbio,SRR13128014,2560419,2560419,                  Kochikohdavirus_EF24C,Kochikohdavirus_EF24C,species,0.00015160305065765403,fraction_reads,0.0,3,3,0.0001528325215379231,0.9919554367886028
Centrifuger,default,Centrifuger_default,ZymoMockD6331,ZymoMockD6331,pacbio,SRR13128014,2338395,2338395,              Brevibacterium_phage_Cantare,Brevibacterium phage_Cantare,species,0.00015160305065765403,fraction_reads,0.0,3,3,0.0001528325215379231,0.9919554367886028
Centrifuger,default,Centrifuger_default,ZymoMockD6331,ZymoMockD6331,pacbio,SRR13128014,1654782,1654782,                Propionibacterium_phage_QueenBey,Propionibacterium phage_QueenBey,species,5.0534350219218014e-05,fraction_reads,0.0,1,1,5.0944173845974365e-05,0.9919554367886028
Centrifuger,default,Centrifuger_default,ZymoMockD6331,ZymoMockD6331,pacbio,SRR13128014,2844120,2844120,                Eceepunavirus_EcP1,Eceepunavirus_EcP1,species,5.0534350219218014e-05,fraction_reads,0.0,1,0,5.0944173845974365e-05,0.9919554367886028
Centrifuger,default,Centrifuger_default,ZymoMockD6331,ZymoMockD6331,pacbio,SRR13128014,2560847,2560847,                Salvovirus_salvo,Salvovirus salvo,species,5.0534350219218014e-05,fraction_reads,0.0,1,0,5.0944173845974365e-05,0.9919554367886028
Centrifuger,default,Centrifuger_default,ZymoMockD6331,ZymoMockD6331,pacbio,SRR13128014,2955598,2955598,                Cellubavirus_phi19una,Cellubavirus_phi19una,species,5.0534350219218014e-05,fraction_reads,0.0,1,0,5.0944173845974365e-05,0.9919554367886028
Centrifuger,default,Centrifuger_default,ZymoMockD6331,ZymoMockD6331,pacbio,SRR13128014,2955851,2955851,              Elemovirus_elemoD,Elemovirus elemoD,species,5.0534350219218014e-05,fraction_reads,0.0,1,0,5.0944173845974365e-05,0.9919554367886028
Centrifuger,default,Centrifuger_default,ZymoMockD6331,ZymoMockD6331,pacbio,SRR13128014,1780507,1780507,                    Myotis_gammaherpesvirus_8,Myotis gammaherpesvirus_8,species,0.00025267175109609005,fraction_reads,0.0,5,5,0.0002547208692298718,0.9919554367886028
Centrifuger,default,Centrifuger_default,ZymoMockD6331,ZymoMockD6331,pacbio,SRR13128014,365327,365327,                    Cervid_alphaherpesvirus_2,Cervid alphaherpesvirus_2,species,5.0534350219218014e-05,fraction_reads,0.0,1,1,5.0944173845974365e-05,0.9919554367886028
Centrifuger,default,Centrifuger_default,ZymoMockD6331,ZymoMockD6331,pacbio,SRR13128014,10386,10386,                    Gallid_alphaherpesvirus_1,Gallid alphaherpesvirus_1,species,5.0534350219218014e-05,fraction_reads,0.0,1,1,5.0944173845974365e-05,0.9919554367886028
Centrifuger,default,Centrifuger_default,ZymoMockD6331,ZymoMockD6331,pacbio,SRR13128014,10359,10359,                    Human_betaherpesvirus_5,Human betaherpesvirus_5,species,5.0534350219218014e-05,fraction_reads,0.0,1,1,5.0944173845974365e-05,0.9919554367886028
Centrifuger,default,Centrifuger_default,ZymoMockD6331,ZymoMockD6331,pacbio,SRR13128014,1987509,1987509,                  Ranid_herpesvirus_3,Ranid herpesvirus_3,species,5.0534350219218014e-05,fraction_reads,0.0,1,1,5.0944173845974365e-05,0.9919554367886028
Centrifuger,default,Centrifuger_default,ZymoMockD6331,ZymoMockD6331,pacbio,SRR13128014,317878,317878,                  Cyprinid_herpesvirus_2,Cyprinid herpesvirus_2,species,5.0534350219218014e-05,fraction_reads,0.0,1,1,5.0944173845974365e-05,0.9919554367886028
Centrifuger,default,Centrifuger_default,ZymoMockD6331,ZymoMockD6331,pacbio,SRR13128014,2811091,2811091,                  Cotonvirus_japonicus,Cotonvirus japonicus,species,0.00025267175109609005,fraction_reads,0.0,5,5,0.0002547208692298718,0.9919554367886028
Centrifuger,default,Centrifuger_default,ZymoMockD6331,ZymoMockD6331,pacbio,SRR13128014,985782,985782,                  Moumouvirus,Moumouvirus,species,0.00015160305065765403,fraction_reads,0.0,3,0,0.0001528325215379231,0.9919554367886028
Centrifuger,default,Centrifuger_default,ZymoMockD6331,ZymoMockD6331,pacbio,SRR13128014,2126984,2126984,                    Tupanvirus_deep_ocean,Tupanvirus deep_ocean,species,0.00015160305065765403,fraction_reads,0.0,3,3,0.0001528325215379231,0.9919554367886028
Centrifuger,default,Centrifuger_default,ZymoMockD6331,ZymoMockD6331,pacbio,SRR13128014,212035,212035,                  Acanthamoeba_polyphaga_mimivirus,Acanthamoeba polyphaga_mimivirus,species,5.0534350219218014e-05,fraction_reads,0.0,1,1,5.0944173845974365e-05,0.9919554367886028
Centrifuger,default,Centrifuger_default,ZymoMockD6331,ZymoMockD6331,pacbio,SRR13128014,1094892,1094892,                    Megavirus_chiliensis,Megavirus chiliensis,species,5.0534350219218014e-05,fraction_reads,0.0,1,1,5.0944173845974365e-05,0.9919554367886028
Centrifuger,default,Centrifuger_default,ZymoMockD6331,ZymoMockD6331,pacbio,SRR13128014,10506,10506,                  Paramecium_bursaria_Chlorella_virus_1,Paramecium bursaria_Chlorella virus_1,species,0.00010106870043843603,fraction_reads,0.0,2,2,0.00010188834769194873,0.9919554367886028
Centrifuger,default,Centrifuger_default,ZymoMockD6331,ZymoMockD6331,pacbio,SRR13128014,1917232,1917232,                    Only_Syngen_Nebraska_virus_5,Only Syngen_Nebraska virus_5,species,5.0534350219218014e-05,fraction_reads,0.0,1,1,5.0944173845974365e-05,0.9919554367886028
Centrifuger,default,Centrifuger_default,ZymoMockD6331,ZymoMockD6331,pacbio,SRR13128014,1474867,1474867,                  Aureococcus_anophagefferens_virus,Aureococcus anophagefferens_virus,species,5.0534350219218014e-05,fraction_reads,0.0,1,1,5.0944173845974365e-05,0.9919554367886028
Centrifuger,default,Centrifuger_default,ZymoMockD6331,ZymoMockD6331,pacbio,SRR13128014,1499987,1499987,                  Prymnesium_kappa_virus,Prymnesium kappa_virus,species,5.0534350219218014e-05,fraction_reads,0.0,1,1,5.0944173845974365e-05,0.9919554367886028
Centrifuger,default,Centrifuger_default,ZymoMockD6331,ZymoMockD6331,pacbio,SRR13128014,1255301,1255301,                Tunisvirus,Tunisvirus,species,5.0534350219218014e-05,fraction_reads,0.0,1,0,5.0944173845974365e-05,0.9919554367886028
Centrifuger,default,Centrifuger_default,ZymoMockD6331,ZymoMockD6331,pacbio,SRR13128014,1720526,1720526,                    Golden_Marseillevirus,Golden Marseillevirus,species,5.0534350219218014e-05,fraction_reads,0.0,1,1,5.0944173845974365e-05,0.9919554367886028
Centrifuger,default,Centrifuger_default,ZymoMockD6331,ZymoMockD6331,pacbio,SRR13128014,28874,28874,                    Volepox_virus,Volepox virus,species,0.00010106870043843603,fraction_reads,0.0,2,2,0.00010188834769194873,0.9919554367886028
Centrifuger,default,Centrifuger_default,ZymoMockD6331,ZymoMockD6331,pacbio,SRR13128014,1076255,1076255,                    Yokapox_virus,Yokapox virus,species,5.0534350219218014e-05,fraction_reads,0.0,1,1,5.0944173845974365e-05,0.9919554367886028
Centrifuger,default,Centrifuger_default,ZymoMockD6331,ZymoMockD6331,pacbio,SRR13128014,10497,10497,                  African_swine_fever_virus,African swine_fever virus,species,5.0534350219218014e-05,fraction_reads,0.0,1,1,5.0944173845974365e-05,0.9919554367886028
Centrifuger,default,Centrifuger_default,ZymoMockD6331,ZymoMockD6331,pacbio,SRR13128014,2956525,2956525,                    Thogotovirus_ozense,Thogotovirus ozense,species,0.00015160305065765403,fraction_reads,0.0,3,0,0.0001528325215379231,0.9919554367886028
Centrifuger,default,Centrifuger_default,ZymoMockD6331,ZymoMockD6331,pacbio,SRR13128014,743685,743685,                    Merino_Walk_mammarenavirus,Merino Walk_mammarenavirus,species,5.0534350219218014e-05,fraction_reads,0.0,1,1,5.0944173845974365e-05,0.9919554367886028
Centrifuger,default,Centrifuger_default,ZymoMockD6331,ZymoMockD6331,pacbio,SRR13128014,1980428,1980428,                    Emaravirus_tritici,Emaravirus tritici,species,5.0534350219218014e-05,fraction_reads,0.0,1,1,5.0944173845974365e-05,0.9919554367886028
Centrifuger,default,Centrifuger_default,ZymoMockD6331,ZymoMockD6331,pacbio,SRR13128014,2956617,2956617,                  Unuamitovirus_nior2,Unuamitovirus_nior2,species,5.0534350219218014e-05,fraction_reads,0.0,1,0,5.0944173845974365e-05,0.9919554367886028
Centrifuger,default,Centrifuger_default,ZymoMockD6331,ZymoMockD6331,pacbio,SRR13128014,2079148,2079148,            Culex_pipiens-associated_Tunisia_virus,Culex_pipiens-associated_Tunisia virus,species,5.0534350219218014e-05,fraction_reads,0.0,1,1,5.0944173845974365e-05,0.9919554367886028
Centrifuger,default,Centrifuger_default,ZymoMockD6331,ZymoMockD6331,pacbio,SRR13128014,2107708,2107708,            Pandoravirus_neocaledonia,Pandoravirus neocaledonia,species,0.00015160305065765403,fraction_reads,0.0,3,3,0.0001528325215379231,0.9919554367886028
Centrifuger,default,Centrifuger_default,ZymoMockD6331,ZymoMockD6331,pacbio,SRR13128014,2107707,2107707,            Pandoravirus_macleodensis,Pandoravirus macleodensis,species,0.00010106870043843603,fraction_reads,0.0,2,2,0.00010188834769194873,0.9919554367886028
Centrifuger,default,Centrifuger_default,ZymoMockD6331,ZymoMockD6331,pacbio,SRR13128014,1349409,1349409,            Pandoravirus_dulcis,Pandoravirus dulcis,species,5.0534350219218014e-05,fraction_reads,0.0,1,1,5.0944173845974365e-05,0.9919554367886028
Centrifuger,default,Centrifuger_default,ZymoMockD6331,ZymoMockD6331,pacbio,SRR13128014,2740746,2740746,        Fadolivirus_1,Fadolivirus_1,species,0.00015160305065765403,fraction_reads,0.0,3,3,0.0001528325215379231,0.9919554367886028
Centrifuger,default,Centrifuger_default,ZymoMockD6331,ZymoMockD6331,pacbio,SRR13128014,552509,552509,      Leptopilina_boulardi_filamentous_virus,Leptopilina boulardi_filamentous virus,species,5.0534350219218014e-05,fraction_reads,0.0,1,1,5.0944173845974365e-05,0.9919554367886028
Centrifuger,default,Centrifuger_default,ZymoMockD6331,ZymoMockD6331,pacbio,SRR13128014,1678078,1678078,      Mollivirus_sibericum,Mollivirus sibericum,species,5.0534350219218014e-05,fraction_reads,0.0,1,1,5.0944173845974365e-05,0.9919554367886028
Centrifuger,default,Centrifuger_default,ZymoMockD6331,ZymoMockD6331,pacbio,SRR13128014,1307956,1307956,            Leucania_separata_nucleopolyhedrovirus,Leucania separata_nucleopolyhedrovirus,species,0.00010106870043843603,fraction_reads,0.0,2,2,0.00010188834769194873,0.9919554367886028
Centrifuger,default,Centrifuger_default,ZymoMockD6331,ZymoMockD6331,pacbio,SRR13128014,332054,332054,            Trichoplusia_ni_single_nucleopolyhedrovirus,Trichoplusia ni_single nucleopolyhedrovirus,species,5.0534350219218014e-05,fraction_reads,0.0,1,1,5.0944173845974365e-05,0.9919554367886028
Centrifuger,default,Centrifuger_default,ZymoMockD6331,ZymoMockD6331,pacbio,SRR13128014,1207438,1207438,            Chrysodeixis_includens_nucleopolyhedrovirus,Chrysodeixis includens_nucleopolyhedrovirus,species,5.0534350219218014e-05,fraction_reads,0.0,1,1,5.0944173845974365e-05,0.9919554367886028
Centrifuger,default,Centrifuger_default,ZymoMockD6331,ZymoMockD6331,pacbio,SRR13128014,28289,28289,            Cydia_pomonella_granulovirus,Cydia pomonella_granulovirus,species,5.0534350219218014e-05,fraction_reads,0.0,1,1,5.0944173845974365e-05,0.9919554367886028
Centrifuger,default,Centrifuger_default,ZymoMockD6331,ZymoMockD6331,pacbio,SRR13128014,1750712,1750712,            Cnaphalocrocis_medinalis_granulovirus,Cnaphalocrocis medinalis_granulovirus,species,5.0534350219218014e-05,fraction_reads,0.0,1,1,5.0944173845974365e-05,0.9919554367886028
Centrifuger,default,Centrifuger_default,ZymoMockD6331,ZymoMockD6331,pacbio,SRR13128014,2057187,2057187,            Drosophila_innubila_nudivirus,Drosophila innubila_nudivirus,species,5.0534350219218014e-05,fraction_reads,0.0,1,1,5.0944173845974365e-05,0.9919554367886028
Centrifuger,default,Centrifuger_default,ZymoMockD6331,ZymoMockD6331,pacbio,SRR13128014,29250,29250,            Heliothis_zea_nudivirus,Heliothis zea_nudivirus,species,5.0534350219218014e-05,fraction_reads,0.0,1,1,5.0944173845974365e-05,0.9919554367886028
Centrifuger,default,Centrifuger_default,ZymoMockD6331,ZymoMockD6331,pacbio,SRR13128014,342409,342409,          White_spot_syndrome_virus,White spot_syndrome virus,species,5.0534350219218014e-05,fraction_reads,0.0,1,0,5.0944173845974365e-05,0.9919554367886028
Centrifuger,default,Centrifuger_default,ZymoMockD6331,ZymoMockD6331,pacbio,SRR13128014,39640,39640,        Bracoviriform_congregatae,Bracoviriform congregatae,species,5.0534350219218014e-05,fraction_reads,0.0,1,1,5.0944173845974365e-05,0.9919554367886028
Centrifuger,default,Centrifuger_default,ZymoMockD6331,ZymoMockD6331,pacbio,SRR13128014,216851,216851,                Faecalibacterium,Faecalibacterium,genus,21.055339156238063,fraction_reads,21.06,416654,649,21.17542424134619,0.9943290352183993
Centrifuger,default,Centrifuger_default,ZymoMockD6331,ZymoMockD6331,pacbio,SRR13128014,35829,35829,                Acetivibrio,Acetivibrio,genus,0.0005558778524113982,fraction_reads,0.0,11,0,0.0005590481950366686,0.9943290352183993
Centrifuger,default,Centrifuger_default,ZymoMockD6331,ZymoMockD6331,pacbio,SRR13128014,1508657,1508657,                Ruminiclostridium,Ruminiclostridium,genus,0.0003537404515345261,fraction_reads,0.0,7,0,0.0003557579422960618,0.9943290352183993
Centrifuger,default,Centrifuger_default,ZymoMockD6331,ZymoMockD6331,pacbio,SRR13128014,1263,1263,                Ruminococcus,Ruminococcus,genus,0.00020213740087687205,fraction_reads,0.0,4,0,0.00020329025274060675,0.9943290352183993
Centrifuger,default,Centrifuger_default,ZymoMockD6331,ZymoMockD6331,pacbio,SRR13128014,2834348,2834348,                Caproicibacterium,Caproicibacterium,genus,0.00020213740087687205,fraction_reads,0.0,4,0,0.00020329025274060675,0.9943290352183993
Centrifuger,default,Centrifuger_default,ZymoMockD6331,ZymoMockD6331,pacbio,SRR13128014,253238,253238,                Ethanoligenens,Ethanoligenens,genus,0.00010106870043843603,fraction_reads,0.0,2,0,0.00010164512637030338,0.9943290352183993
Centrifuger,default,Centrifuger_default,ZymoMockD6331,ZymoMockD6331,pacbio,SRR13128014,946234,946234,                Flavonifractor,Flavonifractor,genus,5.0534350219218014e-05,fraction_reads,0.0,1,0,5.082256318515169e-05,0.9943290352183993
Centrifuger,default,Centrifuger_default,ZymoMockD6331,ZymoMockD6331,pacbio,SRR13128014,2304693,2304693,                Pseudoclostridium,Pseudoclostridium,genus,5.0534350219218014e-05,fraction_reads,0.0,1,0,5.082256318515169e-05,0.9943290352183993
Centrifuger,default,Centrifuger_default,ZymoMockD6331,ZymoMockD6331,pacbio,SRR13128014,841,841,                Roseburia,Roseburia,genus,5.714980200641584,fraction_reads,5.71,113091,0,5.747574493171989,0.9943290352183993
Centrifuger,default,Centrifuger_default,ZymoMockD6331,ZymoMockD6331,pacbio,SRR13128014,572511,572511,                Blautia,Blautia,genus,0.0005558778524113982,fraction_reads,0.0,11,0,0.0005590481950366686,0.9943290352183993
Centrifuger,default,Centrifuger_default,ZymoMockD6331,ZymoMockD6331,pacbio,SRR13128014,830,830,                Butyrivibrio,Butyrivibrio,genus,0.00025267175109609005,fraction_reads,0.0,5,0,0.0002541128159257584,0.9943290352183993
Centrifuger,default,Centrifuger_default,ZymoMockD6331,ZymoMockD6331,pacbio,SRR13128014,1506553,1506553,                Lachnoclostridium,Lachnoclostridium,genus,0.00025267175109609005,fraction_reads,0.0,5,0,0.0002541128159257584,0.9943290352183993
Centrifuger,default,Centrifuger_default,ZymoMockD6331,ZymoMockD6331,pacbio,SRR13128014,1663717,1663717,                Herbinix,Herbinix,genus,0.00025267175109609005,fraction_reads,0.0,5,0,0.0002541128159257584,0.9943290352183993
Centrifuger,default,Centrifuger_default,ZymoMockD6331,ZymoMockD6331,pacbio,SRR13128014,28050,28050,                Lachnospira,Lachnospira,genus,0.00020213740087687205,fraction_reads,0.0,4,0,0.00020329025274060675,0.9943290352183993
Centrifuger,default,Centrifuger_default,ZymoMockD6331,ZymoMockD6331,pacbio,SRR13128014,33042,33042,                Coprococcus,Coprococcus,genus,0.00020213740087687205,fraction_reads,0.0,4,0,0.00020329025274060675,0.9943290352183993
Centrifuger,default,Centrifuger_default,ZymoMockD6331,ZymoMockD6331,pacbio,SRR13128014,2944152,2944152,                Wujia,Wujia,genus,0.00020213740087687205,fraction_reads,0.0,4,0,0.00020329025274060675,0.9943290352183993
Centrifuger,default,Centrifuger_default,ZymoMockD6331,ZymoMockD6331,pacbio,SRR13128014,1843210,1843210,                Anaerocolumna,Anaerocolumna,genus,0.00015160305065765403,fraction_reads,0.0,3,0,0.00015246768955545504,0.9943290352183993
Centrifuger,default,Centrifuger_default,ZymoMockD6331,ZymoMockD6331,pacbio,SRR13128014,1164882,1164882,                Lachnoanaerobaculum,Lachnoanaerobaculum,genus,0.00010106870043843603,fraction_reads,0.0,2,0,0.00010164512637030338,0.9943290352183993
Centrifuger,default,Centrifuger_default,ZymoMockD6331,ZymoMockD6331,pacbio,SRR13128014,2569097,2569097,                Anaerobutyricum,Anaerobutyricum,genus,0.00010106870043843603,fraction_reads,0.0,2,0,0.00010164512637030338,0.9943290352183993
Centrifuger,default,Centrifuger_default,ZymoMockD6331,ZymoMockD6331,pacbio,SRR13128014,189330,189330,                Dorea,Dorea,genus,5.0534350219218014e-05,fraction_reads,0.0,1,0,5.082256318515169e-05,0.9943290352183993
Centrifuger,default,Centrifuger_default,ZymoMockD6331,ZymoMockD6331,pacbio,SRR13128014,1870884,1870884,                Clostridioides,Clostridioides,genus,2.6676578137222995,fraction_reads,2.67,52789,0,2.6828722879809717,0.9943290352183993
Centrifuger,default,Centrifuger_default,ZymoMockD6331,ZymoMockD6331,pacbio,SRR13128014,1505652,1505652,                Terrisporobacter,Terrisporobacter,genus,0.00015160305065765403,fraction_reads,0.0,3,0,0.00015246768955545504,0.9943290352183993
Centrifuger,default,Centrifuger_default,ZymoMockD6331,ZymoMockD6331,pacbio,SRR13128014,1849828,1849828,                Paeniclostridium,Paeniclostridium,genus,0.00010106870043843603,fraction_reads,0.0,2,0,0.00010164512637030338,0.9943290352183993
Centrifuger,default,Centrifuger_default,ZymoMockD6331,ZymoMockD6331,pacbio,SRR13128014,44259,44259,                Filifactor,Filifactor,genus,5.0534350219218014e-05,fraction_reads,0.0,1,0,5.082256318515169e-05,0.9943290352183993
Centrifuger,default,Centrifuger_default,ZymoMockD6331,ZymoMockD6331,pacbio,SRR13128014,214904,214904,                Tepidibacter,Tepidibacter,genus,5.0534350219218014e-05,fraction_reads,0.0,1,0,5.082256318515169e-05,0.9943290352183993
Centrifuger,default,Centrifuger_default,ZymoMockD6331,ZymoMockD6331,pacbio,SRR13128014,1501226,1501226,                Romboutsia,Romboutsia,genus,5.0534350219218014e-05,fraction_reads,0.0,1,0,5.082256318515169e-05,0.9943290352183993
Centrifuger,default,Centrifuger_default,ZymoMockD6331,ZymoMockD6331,pacbio,SRR13128014,2743582,2743582,                Peptacetobacter,Peptacetobacter,genus,5.0534350219218014e-05,fraction_reads,0.0,1,0,5.082256318515169e-05,0.9943290352183993
Centrifuger,default,Centrifuger_default,ZymoMockD6331,ZymoMockD6331,pacbio,SRR13128014,1485,1485,                Clostridium,Clostridium,genus,0.009096183039459242,fraction_reads,0.01,180,22,0.009148061373327304,0.9943290352183993
Centrifuger,default,Centrifuger_default,ZymoMockD6331,ZymoMockD6331,pacbio,SRR13128014,44258,44258,                Caloramator,Caloramator,genus,0.00020213740087687205,fraction_reads,0.0,4,0,0.00020329025274060675,0.9943290352183993
Centrifuger,default,Centrifuger_default,ZymoMockD6331,ZymoMockD6331,pacbio,SRR13128014,1649459,1649459,                Hungatella,Hungatella,genus,0.00015160305065765403,fraction_reads,0.0,3,0,0.00015246768955545504,0.9943290352183993
Centrifuger,default,Centrifuger_default,ZymoMockD6331,ZymoMockD6331,pacbio,SRR13128014,114627,114627,                Alkaliphilus,Alkaliphilus,genus,0.00010106870043843603,fraction_reads,0.0,2,0,0.00010164512637030338,0.9943290352183993
Centrifuger,default,Centrifuger_default,ZymoMockD6331,ZymoMockD6331,pacbio,SRR13128014,1434026,1434026,                Oceanirhabdus,Oceanirhabdus,genus,0.00010106870043843603,fraction_reads,0.0,2,0,0.00010164512637030338,0.9943290352183993
Centrifuger,default,Centrifuger_default,ZymoMockD6331,ZymoMockD6331,pacbio,SRR13128014,390805,390805,                Geosporobacter,Geosporobacter,genus,5.0534350219218014e-05,fraction_reads,0.0,1,0,5.082256318515169e-05,0.9943290352183993
Centrifuger,default,Centrifuger_default,ZymoMockD6331,ZymoMockD6331,pacbio,SRR13128014,1848399,1848399,                Crassaminicella,Crassaminicella,genus,5.0534350219218014e-05,fraction_reads,0.0,1,0,5.082256318515169e-05,0.9943290352183993
Centrifuger,default,Centrifuger_default,ZymoMockD6331,ZymoMockD6331,pacbio,SRR13128014,1849822,1849822,                Paraclostridium,Paraclostridium,genus,5.0534350219218014e-05,fraction_reads,0.0,1,0,5.082256318515169e-05,0.9943290352183993
Centrifuger,default,Centrifuger_default,ZymoMockD6331,ZymoMockD6331,pacbio,SRR13128014,51514,51514,                Dehalobacterium,Dehalobacterium,genus,0.00020213740087687205,fraction_reads,0.0,4,0,0.00020329025274060675,0.9943290352183993
Centrifuger,default,Centrifuger_default,ZymoMockD6331,ZymoMockD6331,pacbio,SRR13128014,2651578,2651578,                Thermanaerosceptrum,Thermanaerosceptrum,genus,0.00020213740087687205,fraction_reads,0.0,4,0,0.00020329025274060675,0.9943290352183993
Centrifuger,default,Centrifuger_default,ZymoMockD6331,ZymoMockD6331,pacbio,SRR13128014,79206,79206,                Desulfosporosinus,Desulfosporosinus,genus,0.00025267175109609005,fraction_reads,0.0,5,0,0.0002541128159257584,0.9943290352183993
Centrifuger,default,Centrifuger_default,ZymoMockD6331,ZymoMockD6331,pacbio,SRR13128014,36853,36853,                Desulfitobacterium,Desulfitobacterium,genus,0.00015160305065765403,fraction_reads,0.0,3,0,0.00015246768955545504,0.9943290352183993
Centrifuger,default,Centrifuger_default,ZymoMockD6331,ZymoMockD6331,pacbio,SRR13128014,1730,1730,                Eubacterium,Eubacterium,genus,0.00025267175109609005,fraction_reads,0.0,5,0,0.0002541128159257584,0.9943290352183993
Centrifuger,default,Centrifuger_default,ZymoMockD6331,ZymoMockD6331,pacbio,SRR13128014,33951,33951,                Acetobacterium,Acetobacterium,genus,5.0534350219218014e-05,fraction_reads,0.0,1,0,5.082256318515169e-05,0.9943290352183993
Centrifuger,default,Centrifuger_default,ZymoMockD6331,ZymoMockD6331,pacbio,SRR13128014,2838170,2838170,                Alkalicella,Alkalicella,genus,0.00025267175109609005,fraction_reads,0.0,5,0,0.0002541128159257584,0.9943290352183993
Centrifuger,default,Centrifuger_default,ZymoMockD6331,ZymoMockD6331,pacbio,SRR13128014,178898,178898,                  Carboxydocella,Carboxydocella,genus,0.00020213740087687205,fraction_reads,0.0,4,0,0.00020329025274060675,0.9943290352183993
Centrifuger,default,Centrifuger_default,ZymoMockD6331,ZymoMockD6331,pacbio,SRR13128014,79598,79598,                Heliorestis,Heliorestis,genus,0.00015160305065765403,fraction_reads,0.0,3,0,0.00015246768955545504,0.9943290352183993
Centrifuger,default,Centrifuger_default,ZymoMockD6331,ZymoMockD6331,pacbio,SRR13128014,338648,338648,                Candidatus_Contubernalis,Candidatus Contubernalis,genus,0.00015160305065765403,fraction_reads,0.0,3,0,0.00015246768955545504,0.9943290352183993
Centrifuger,default,Centrifuger_default,ZymoMockD6331,ZymoMockD6331,pacbio,SRR13128014,1562,1562,                Desulfotomaculum,Desulfotomaculum,genus,0.00010106870043843603,fraction_reads,0.0,2,0,0.00010164512637030338,0.9943290352183993
Centrifuger,default,Centrifuger_default,ZymoMockD6331,ZymoMockD6331,pacbio,SRR13128014,1348611,1348611,                Vallitalea,Vallitalea,genus,5.0534350219218014e-05,fraction_reads,0.0,1,0,5.082256318515169e-05,0.9943290352183993
Centrifuger,default,Centrifuger_default,ZymoMockD6331,ZymoMockD6331,pacbio,SRR13128014,278993,278993,                Thermincola,Thermincola,genus,5.0534350219218014e-05,fraction_reads,0.0,1,0,5.082256318515169e-05,0.9943290352183993
Centrifuger,default,Centrifuger_default,ZymoMockD6331,ZymoMockD6331,pacbio,SRR13128014,698776,698776,                Cellulosilyticum,Cellulosilyticum,genus,5.0534350219218014e-05,fraction_reads,0.0,1,0,5.082256318515169e-05,0.9943290352183993
Centrifuger,default,Centrifuger_default,ZymoMockD6331,ZymoMockD6331,pacbio,SRR13128014,28895,28895,                Thermoanaerobacterium,Thermoanaerobacterium,genus,0.0004042748017537441,fraction_reads,0.0,8,0,0.0004065805054812135,0.9943290352183993
Centrifuger,default,Centrifuger_default,ZymoMockD6331,ZymoMockD6331,pacbio,SRR13128014,44000,44000,                Caldicellulosiruptor,Caldicellulosiruptor,genus,0.00030320610131530807,fraction_reads,0.0,6,0,0.0003049353791109101,0.9943290352183993
Centrifuger,default,Centrifuger_default,ZymoMockD6331,ZymoMockD6331,pacbio,SRR13128014,1754,1754,                Thermoanaerobacter,Thermoanaerobacter,genus,0.00015160305065765403,fraction_reads,0.0,3,2,0.00015246768955545504,0.9943290352183993
Centrifuger,default,Centrifuger_default,ZymoMockD6331,ZymoMockD6331,pacbio,SRR13128014,252965,252965,                Mahella,Mahella,genus,5.0534350219218014e-05,fraction_reads,0.0,1,0,5.082256318515169e-05,0.9943290352183993
Centrifuger,default,Centrifuger_default,ZymoMockD6331,ZymoMockD6331,pacbio,SRR13128014,2330,2330,                Halanaerobium,Halanaerobium,genus,0.00025267175109609005,fraction_reads,0.0,5,0,0.0002541128159257584,0.9943290352183993
Centrifuger,default,Centrifuger_default,ZymoMockD6331,ZymoMockD6331,pacbio,SRR13128014,2899804,2899804,                Iocasia,Iocasia,genus,0.00015160305065765403,fraction_reads,0.0,3,0,0.00015246768955545504,0.9943290352183993
Centrifuger,default,Centrifuger_default,ZymoMockD6331,ZymoMockD6331,pacbio,SRR13128014,42417,42417,                Halobacteroides,Halobacteroides,genus,0.00015160305065765403,fraction_reads,0.0,3,0,0.00015246768955545504,0.9943290352183993
Centrifuger,default,Centrifuger_default,ZymoMockD6331,ZymoMockD6331,pacbio,SRR13128014,1769008,1769008,                Anoxybacter,Anoxybacter,genus,0.00010106870043843603,fraction_reads,0.0,2,0,0.00010164512637030338,0.9943290352183993
Centrifuger,default,Centrifuger_default,ZymoMockD6331,ZymoMockD6331,pacbio,SRR13128014,2748674,2748674,                Zhaonella,Zhaonella,genus,0.00010106870043843603,fraction_reads,0.0,2,0,0.00010164512637030338,0.9943290352183993
Centrifuger,default,Centrifuger_default,ZymoMockD6331,ZymoMockD6331,pacbio,SRR13128014,375928,375928,                Natranaerobius,Natranaerobius,genus,5.0534350219218014e-05,fraction_reads,0.0,1,0,5.082256318515169e-05,0.9943290352183993
Centrifuger,default,Centrifuger_default,ZymoMockD6331,ZymoMockD6331,pacbio,SRR13128014,29465,29465,                Veillonella,Veillonella,genus,16.25386840450928,fraction_reads,16.25,321640,1,16.346569222872187,0.9943290352183993
Centrifuger,default,Centrifuger_default,ZymoMockD6331,ZymoMockD6331,pacbio,SRR13128014,2093783,2093783,                Methylomusa,Methylomusa,genus,0.00010106870043843603,fraction_reads,0.0,2,0,0.00010164512637030338,0.9943290352183993
Centrifuger,default,Centrifuger_default,ZymoMockD6331,ZymoMockD6331,pacbio,SRR13128014,365348,365348,                Pelosinus,Pelosinus,genus,5.0534350219218014e-05,fraction_reads,0.0,1,0,5.082256318515169e-05,0.9943290352183993
Centrifuger,default,Centrifuger_default,ZymoMockD6331,ZymoMockD6331,pacbio,SRR13128014,33024,33024,                Phascolarctobacterium,Phascolarctobacterium,genus,5.0534350219218014e-05,fraction_reads,0.0,1,0,5.082256318515169e-05,0.9943290352183993
Centrifuger,default,Centrifuger_default,ZymoMockD6331,ZymoMockD6331,pacbio,SRR13128014,2742598,2742598,                Limosilactobacillus,Limosilactobacillus,genus,1.1513746353946632,fraction_reads,1.15,22784,0,1.157941279610496,0.9943290352183993
Centrifuger,default,Centrifuger_default,ZymoMockD6331,ZymoMockD6331,pacbio,SRR13128014,1578,1578,                Lactobacillus,Lactobacillus,genus,0.0026783205616185547,fraction_reads,0.0,53,4,0.002693595848813039,0.9943290352183993
Centrifuger,default,Centrifuger_default,ZymoMockD6331,ZymoMockD6331,pacbio,SRR13128014,2767887,2767887,                Ligilactobacillus,Ligilactobacillus,genus,0.0010612213546035783,fraction_reads,0.0,21,0,0.0010672738268881854,0.9943290352183993
Centrifuger,default,Centrifuger_default,ZymoMockD6331,ZymoMockD6331,pacbio,SRR13128014,2767879,2767879,                Companilactobacillus,Companilactobacillus,genus,0.0005558778524113982,fraction_reads,0.0,11,0,0.0005590481950366686,0.9943290352183993
Centrifuger,default,Centrifuger_default,ZymoMockD6331,ZymoMockD6331,pacbio,SRR13128014,1243,1243,                Leuconostoc,Leuconostoc,genus,0.0004548091519729621,fraction_reads,0.0,9,1,0.0004574030686663651,0.9943290352183993
Centrifuger,default,Centrifuger_default,ZymoMockD6331,ZymoMockD6331,pacbio,SRR13128014,2767842,2767842,                Lactiplantibacillus,Lactiplantibacillus,genus,0.0004042748017537441,fraction_reads,0.0,8,0,0.0004065805054812135,0.9943290352183993
Centrifuger,default,Centrifuger_default,ZymoMockD6331,ZymoMockD6331,pacbio,SRR13128014,2767893,2767893,                Lentilactobacillus,Lentilactobacillus,genus,0.0004042748017537441,fraction_reads,0.0,8,0,0.0004065805054812135,0.9943290352183993
Centrifuger,default,Centrifuger_default,ZymoMockD6331,ZymoMockD6331,pacbio,SRR13128014,2767877,2767877,                Apilactobacillus,Apilactobacillus,genus,0.00025267175109609005,fraction_reads,0.0,5,0,0.0002541128159257584,0.9943290352183993
Centrifuger,default,Centrifuger_default,ZymoMockD6331,ZymoMockD6331,pacbio,SRR13128014,46255,46255,                Weissella,Weissella,genus,0.00015160305065765403,fraction_reads,0.0,3,1,0.00015246768955545504,0.9943290352183993
Centrifuger,default,Centrifuger_default,ZymoMockD6331,ZymoMockD6331,pacbio,SRR13128014,2767881,2767881,                Fructilactobacillus,Fructilactobacillus,genus,0.00015160305065765403,fraction_reads,0.0,3,0,0.00015246768955545504,0.9943290352183993
Centrifuger,default,Centrifuger_default,ZymoMockD6331,ZymoMockD6331,pacbio,SRR13128014,2767888,2767888,                Liquorilactobacillus,Liquorilactobacillus,genus,0.00015160305065765403,fraction_reads,0.0,3,0,0.00015246768955545504,0.9943290352183993
Centrifuger,default,Centrifuger_default,ZymoMockD6331,ZymoMockD6331,pacbio,SRR13128014,2767889,2767889,                Loigolactobacillus,Loigolactobacillus,genus,0.00015160305065765403,fraction_reads,0.0,3,0,0.00015246768955545504,0.9943290352183993
Centrifuger,default,Centrifuger_default,ZymoMockD6331,ZymoMockD6331,pacbio,SRR13128014,2759736,2759736,                Lacticaseibacillus,Lacticaseibacillus,genus,0.00010106870043843603,fraction_reads,0.0,2,0,0.00010164512637030338,0.9943290352183993
Centrifuger,default,Centrifuger_default,ZymoMockD6331,ZymoMockD6331,pacbio,SRR13128014,2767878,2767878,                Bombilactobacillus,Bombilactobacillus,genus,0.00010106870043843603,fraction_reads,0.0,2,0,0.00010164512637030338,0.9943290352183993
Centrifuger,default,Centrifuger_default,ZymoMockD6331,ZymoMockD6331,pacbio,SRR13128014,1253,1253,                Pediococcus,Pediococcus,genus,5.0534350219218014e-05,fraction_reads,0.0,1,0,5.082256318515169e-05,0.9943290352183993
Centrifuger,default,Centrifuger_default,ZymoMockD6331,ZymoMockD6331,pacbio,SRR13128014,46254,46254,                Oenococcus,Oenococcus,genus,5.0534350219218014e-05,fraction_reads,0.0,1,0,5.082256318515169e-05,0.9943290352183993
Centrifuger,default,Centrifuger_default,ZymoMockD6331,ZymoMockD6331,pacbio,SRR13128014,2767874,2767874,                Acetilactobacillus,Acetilactobacillus,genus,5.0534350219218014e-05,fraction_reads,0.0,1,0,5.082256318515169e-05,0.9943290352183993
Centrifuger,default,Centrifuger_default,ZymoMockD6331,ZymoMockD6331,pacbio,SRR13128014,2767876,2767876,                Amylolactobacillus,Amylolactobacillus,genus,5.0534350219218014e-05,fraction_reads,0.0,1,0,5.082256318515169e-05,0.9943290352183993
Centrifuger,default,Centrifuger_default,ZymoMockD6331,ZymoMockD6331,pacbio,SRR13128014,2767886,2767886,                Levilactobacillus,Levilactobacillus,genus,5.0534350219218014e-05,fraction_reads,0.0,1,0,5.082256318515169e-05,0.9943290352183993
Centrifuger,default,Centrifuger_default,ZymoMockD6331,ZymoMockD6331,pacbio,SRR13128014,2767890,2767890,                Paucilactobacillus,Paucilactobacillus,genus,5.0534350219218014e-05,fraction_reads,0.0,1,0,5.082256318515169e-05,0.9943290352183993
Centrifuger,default,Centrifuger_default,ZymoMockD6331,ZymoMockD6331,pacbio,SRR13128014,2767892,2767892,                Secundilactobacillus,Secundilactobacillus,genus,5.0534350219218014e-05,fraction_reads,0.0,1,0,5.082256318515169e-05,0.9943290352183993
Centrifuger,default,Centrifuger_default,ZymoMockD6331,ZymoMockD6331,pacbio,SRR13128014,1301,1301,                Streptococcus,Streptococcus,genus,0.0026783205616185547,fraction_reads,0.0,53,10,0.002693595848813039,0.9943290352183993
Centrifuger,default,Centrifuger_default,ZymoMockD6331,ZymoMockD6331,pacbio,SRR13128014,1357,1357,                Lactococcus,Lactococcus,genus,0.0008590839537267062,fraction_reads,0.0,17,4,0.0008639835741475786,0.9943290352183993
Centrifuger,default,Centrifuger_default,ZymoMockD6331,ZymoMockD6331,pacbio,SRR13128014,1930830,1930830,                Floricoccus,Floricoccus,genus,5.0534350219218014e-05,fraction_reads,0.0,1,0,5.082256318515169e-05,0.9943290352183993
Centrifuger,default,Centrifuger_default,ZymoMockD6331,ZymoMockD6331,pacbio,SRR13128014,1350,1350,                Enterococcus,Enterococcus,genus,0.0022740457598648105,fraction_reads,0.0,45,2,0.002287015343331826,0.9943290352183993
Centrifuger,default,Centrifuger_default,ZymoMockD6331,ZymoMockD6331,pacbio,SRR13128014,2737,2737,                Vagococcus,Vagococcus,genus,0.0008085496035074882,fraction_reads,0.0,16,4,0.000813161010962427,0.9943290352183993
Centrifuger,default,Centrifuger_default,ZymoMockD6331,ZymoMockD6331,pacbio,SRR13128014,51668,51668,                Tetragenococcus,Tetragenococcus,genus,0.00030320610131530807,fraction_reads,0.0,6,0,0.0003049353791109101,0.9943290352183993
Centrifuger,default,Centrifuger_default,ZymoMockD6331,ZymoMockD6331,pacbio,SRR13128014,1470540,1470540,                Jeotgalibaca,Jeotgalibaca,genus,0.0006064122026306161,fraction_reads,0.0,12,0,0.0006098707582218202,0.9943290352183993
Centrifuger,default,Centrifuger_default,ZymoMockD6331,ZymoMockD6331,pacbio,SRR13128014,82800,82800,                Desemzia,Desemzia,genus,0.00030320610131530807,fraction_reads,0.0,6,0,0.0003049353791109101,0.9943290352183993
Centrifuger,default,Centrifuger_default,ZymoMockD6331,ZymoMockD6331,pacbio,SRR13128014,2747,2747,                Carnobacterium,Carnobacterium,genus,0.00010106870043843603,fraction_reads,0.0,2,0,0.00010164512637030338,0.9943290352183993
Centrifuger,default,Centrifuger_default,ZymoMockD6331,ZymoMockD6331,pacbio,SRR13128014,29393,29393,                Dolosigranulum,Dolosigranulum,genus,5.0534350219218014e-05,fraction_reads,0.0,1,0,5.082256318515169e-05,0.9943290352183993
Centrifuger,default,Centrifuger_default,ZymoMockD6331,ZymoMockD6331,pacbio,SRR13128014,117563,117563,                Granulicatella,Granulicatella,genus,5.0534350219218014e-05,fraction_reads,0.0,1,0,5.082256318515169e-05,0.9943290352183993
Centrifuger,default,Centrifuger_default,ZymoMockD6331,ZymoMockD6331,pacbio,SRR13128014,191769,191769,                Marinilactibacillus,Marinilactibacillus,genus,5.0534350219218014e-05,fraction_reads,0.0,1,0,5.082256318515169e-05,0.9943290352183993
Centrifuger,default,Centrifuger_default,ZymoMockD6331,ZymoMockD6331,pacbio,SRR13128014,1375,1375,                Aerococcus,Aerococcus,genus,0.0004548091519729621,fraction_reads,0.0,9,0,0.0004574030686663651,0.9943290352183993
Centrifuger,default,Centrifuger_default,ZymoMockD6331,ZymoMockD6331,pacbio,SRR13128014,89092,89092,                Ignavigranum,Ignavigranum,genus,0.00010106870043843603,fraction_reads,0.0,2,0,0.00010164512637030338,0.9943290352183993
Centrifuger,default,Centrifuger_default,ZymoMockD6331,ZymoMockD6331,pacbio,SRR13128014,1386,1386,                Bacillus,Bacillus,genus,0.007580152532882702,fraction_reads,0.01,150,28,0.007623384477772753,0.9943290352183993
Centrifuger,default,Centrifuger_default,ZymoMockD6331,ZymoMockD6331,pacbio,SRR13128014,400634,400634,                Lysinibacillus,Lysinibacillus,genus,0.0010612213546035783,fraction_reads,0.0,21,3,0.0010672738268881854,0.9943290352183993
Centrifuger,default,Centrifuger_default,ZymoMockD6331,ZymoMockD6331,pacbio,SRR13128014,2800373,2800373,                Priestia,Priestia,genus,0.0008590839537267062,fraction_reads,0.0,17,1,0.0008639835741475786,0.9943290352183993
Centrifuger,default,Centrifuger_default,ZymoMockD6331,ZymoMockD6331,pacbio,SRR13128014,2675229,2675229,                Peribacillus,Peribacillus,genus,0.0005558778524113982,fraction_reads,0.0,11,0,0.0005590481950366686,0.9943290352183993
Centrifuger,default,Centrifuger_default,ZymoMockD6331,ZymoMockD6331,pacbio,SRR13128014,2837506,2837506,                Niallia,Niallia,genus,0.0005558778524113982,fraction_reads,0.0,11,0,0.0005590481950366686,0.9943290352183993
Centrifuger,default,Centrifuger_default,ZymoMockD6331,ZymoMockD6331,pacbio,SRR13128014,2675230,2675230,                Cytobacillus,Cytobacillus,genus,0.0005053435021921801,fraction_reads,0.0,10,0,0.0005082256318515168,0.9943290352183993
Centrifuger,default,Centrifuger_default,ZymoMockD6331,ZymoMockD6331,pacbio,SRR13128014,84406,84406,                Virgibacillus,Virgibacillus,genus,0.0004548091519729621,fraction_reads,0.0,9,0,0.0004574030686663651,0.9943290352183993
Centrifuger,default,Centrifuger_default,ZymoMockD6331,ZymoMockD6331,pacbio,SRR13128014,45667,45667,                Halobacillus,Halobacillus,genus,0.0004042748017537441,fraction_reads,0.0,8,0,0.0004065805054812135,0.9943290352183993
Centrifuger,default,Centrifuger_default,ZymoMockD6331,ZymoMockD6331,pacbio,SRR13128014,379065,379065,                Caldalkalibacillus,Caldalkalibacillus,genus,0.00030320610131530807,fraction_reads,0.0,6,0,0.0003049353791109101,0.9943290352183993
Centrifuger,default,Centrifuger_default,ZymoMockD6331,ZymoMockD6331,pacbio,SRR13128014,1906945,1906945,                Parageobacillus,Parageobacillus,genus,0.00030320610131530807,fraction_reads,0.0,6,2,0.0003049353791109101,0.9943290352183993
Centrifuger,default,Centrifuger_default,ZymoMockD6331,ZymoMockD6331,pacbio,SRR13128014,2893058,2893058,                Pseudalkalibacillus,Pseudalkalibacillus,genus,0.00025267175109609005,fraction_reads,0.0,5,0,0.0002541128159257584,0.9943290352183993
Centrifuger,default,Centrifuger_default,ZymoMockD6331,ZymoMockD6331,pacbio,SRR13128014,150247,150247,                Anoxybacillus,Anoxybacillus,genus,0.00020213740087687205,fraction_reads,0.0,4,1,0.00020329025274060675,0.9943290352183993
Centrifuger,default,Centrifuger_default,ZymoMockD6331,ZymoMockD6331,pacbio,SRR13128014,1329200,1329200,                Fictibacillus,Fictibacillus,genus,0.00020213740087687205,fraction_reads,0.0,4,0,0.00020329025274060675,0.9943290352183993
Centrifuger,default,Centrifuger_default,ZymoMockD6331,ZymoMockD6331,pacbio,SRR13128014,2675232,2675232,                Neobacillus,Neobacillus,genus,0.00020213740087687205,fraction_reads,0.0,4,0,0.00020329025274060675,0.9943290352183993
Centrifuger,default,Centrifuger_default,ZymoMockD6331,ZymoMockD6331,pacbio,SRR13128014,2837510,2837510,                Siminovitchia,Siminovitchia,genus,0.00020213740087687205,fraction_reads,0.0,4,0,0.00020329025274060675,0.9943290352183993
Centrifuger,default,Centrifuger_default,ZymoMockD6331,ZymoMockD6331,pacbio,SRR13128014,2920444,2920444,                Mangrovibacillus,Mangrovibacillus,genus,0.00020213740087687205,fraction_reads,0.0,4,0,0.00020329025274060675,0.9943290352183993
Centrifuger,default,Centrifuger_default,ZymoMockD6331,ZymoMockD6331,pacbio,SRR13128014,175304,175304,                Lentibacillus,Lentibacillus,genus,0.00015160305065765403,fraction_reads,0.0,3,0,0.00015246768955545504,0.9943290352183993
Centrifuger,default,Centrifuger_default,ZymoMockD6331,ZymoMockD6331,pacbio,SRR13128014,182709,182709,                Oceanobacillus,Oceanobacillus,genus,0.00015160305065765403,fraction_reads,0.0,3,0,0.00015246768955545504,0.9943290352183993
Centrifuger,default,Centrifuger_default,ZymoMockD6331,ZymoMockD6331,pacbio,SRR13128014,1400133,1400133,                Allobacillus,Allobacillus,genus,0.00015160305065765403,fraction_reads,0.0,3,0,0.00015246768955545504,0.9943290352183993
Centrifuger,default,Centrifuger_default,ZymoMockD6331,ZymoMockD6331,pacbio,SRR13128014,2685905,2685905,                Salicibibacter,Salicibibacter,genus,0.00015160305065765403,fraction_reads,0.0,3,0,0.00015246768955545504,0.9943290352183993
Centrifuger,default,Centrifuger_default,ZymoMockD6331,ZymoMockD6331,pacbio,SRR13128014,2837504,2837504,                Heyndrickxia,Heyndrickxia,genus,0.00015160305065765403,fraction_reads,0.0,3,0,0.00015246768955545504,0.9943290352183993
Centrifuger,default,Centrifuger_default,ZymoMockD6331,ZymoMockD6331,pacbio,SRR13128014,2893060,2893060,                Alkalihalophilus,Alkalihalophilus,genus,0.00015160305065765403,fraction_reads,0.0,3,0,0.00015246768955545504,0.9943290352183993
Centrifuger,default,Centrifuger_default,ZymoMockD6331,ZymoMockD6331,pacbio,SRR13128014,129337,129337,                Geobacillus,Geobacillus,genus,0.00010106870043843603,fraction_reads,0.0,2,1,0.00010164512637030338,0.9943290352183993
Centrifuger,default,Centrifuger_default,ZymoMockD6331,ZymoMockD6331,pacbio,SRR13128014,2675234,2675234,                Alkalihalobacillus,Alkalihalobacillus,genus,0.00010106870043843603,fraction_reads,0.0,2,0,0.00010164512637030338,0.9943290352183993
Centrifuger,default,Centrifuger_default,ZymoMockD6331,ZymoMockD6331,pacbio,SRR13128014,3033930,3033930,                Fervidibacillus,Fervidibacillus,genus,0.00010106870043843603,fraction_reads,0.0,2,0,0.00010164512637030338,0.9943290352183993
Centrifuger,default,Centrifuger_default,ZymoMockD6331,ZymoMockD6331,pacbio,SRR13128014,74385,74385,                Gracilibacillus,Gracilibacillus,genus,5.0534350219218014e-05,fraction_reads,0.0,1,0,5.082256318515169e-05,0.9943290352183993
Centrifuger,default,Centrifuger_default,ZymoMockD6331,ZymoMockD6331,pacbio,SRR13128014,200903,200903,                Paraliobacillus,Paraliobacillus,genus,5.0534350219218014e-05,fraction_reads,0.0,1,0,5.082256318515169e-05,0.9943290352183993
Centrifuger,default,Centrifuger_default,ZymoMockD6331,ZymoMockD6331,pacbio,SRR13128014,289201,289201,                Pontibacillus,Pontibacillus,genus,5.0534350219218014e-05,fraction_reads,0.0,1,0,5.082256318515169e-05,0.9943290352183993
Centrifuger,default,Centrifuger_default,ZymoMockD6331,ZymoMockD6331,pacbio,SRR13128014,459532,459532,                Terribacillus,Terribacillus,genus,5.0534350219218014e-05,fraction_reads,0.0,1,0,5.082256318515169e-05,0.9943290352183993
Centrifuger,default,Centrifuger_default,ZymoMockD6331,ZymoMockD6331,pacbio,SRR13128014,2675233,2675233,                Metabacillus,Metabacillus,genus,5.0534350219218014e-05,fraction_reads,0.0,1,0,5.082256318515169e-05,0.9943290352183993
Centrifuger,default,Centrifuger_default,ZymoMockD6331,ZymoMockD6331,pacbio,SRR13128014,2785518,2785518,                Radiobacillus,Radiobacillus,genus,5.0534350219218014e-05,fraction_reads,0.0,1,0,5.082256318515169e-05,0.9943290352183993
Centrifuger,default,Centrifuger_default,ZymoMockD6331,ZymoMockD6331,pacbio,SRR13128014,2837503,2837503,                Gottfriedia,Gottfriedia,genus,5.0534350219218014e-05,fraction_reads,0.0,1,0,5.082256318515169e-05,0.9943290352183993
Centrifuger,default,Centrifuger_default,ZymoMockD6331,ZymoMockD6331,pacbio,SRR13128014,1279,1279,                Staphylococcus,Staphylococcus,genus,0.0046996945703872755,fraction_reads,0.0,93,9,0.004726498376219107,0.9943290352183993
Centrifuger,default,Centrifuger_default,ZymoMockD6331,ZymoMockD6331,pacbio,SRR13128014,2803850,2803850,                Mammaliicoccus,Mammaliicoccus,genus,0.0010106870043843602,fraction_reads,0.0,20,0,0.0010164512637030336,0.9943290352183993
Centrifuger,default,Centrifuger_default,ZymoMockD6331,ZymoMockD6331,pacbio,SRR13128014,69965,69965,                Macrococcus,Macrococcus,genus,5.0534350219218014e-05,fraction_reads,0.0,1,0,5.082256318515169e-05,0.9943290352183993
Centrifuger,default,Centrifuger_default,ZymoMockD6331,ZymoMockD6331,pacbio,SRR13128014,227979,227979,                Jeotgalicoccus,Jeotgalicoccus,genus,5.0534350219218014e-05,fraction_reads,0.0,1,0,5.082256318515169e-05,0.9943290352183993
Centrifuger,default,Centrifuger_default,ZymoMockD6331,ZymoMockD6331,pacbio,SRR13128014,1955413,1955413,                Abyssicoccus,Abyssicoccus,genus,5.0534350219218014e-05,fraction_reads,0.0,1,0,5.082256318515169e-05,0.9943290352183993
Centrifuger,default,Centrifuger_default,ZymoMockD6331,ZymoMockD6331,pacbio,SRR13128014,44249,44249,                Paenibacillus,Paenibacillus,genus,0.0031836640638107346,fraction_reads,0.0,63,11,0.0032018214806645556,0.9943290352183993
Centrifuger,default,Centrifuger_default,ZymoMockD6331,ZymoMockD6331,pacbio,SRR13128014,55080,55080,                Brevibacillus,Brevibacillus,genus,0.00030320610131530807,fraction_reads,0.0,6,0,0.0003049353791109101,0.9943290352183993
Centrifuger,default,Centrifuger_default,ZymoMockD6331,ZymoMockD6331,pacbio,SRR13128014,55079,55079,                  Aneurinibacillus,Aneurinibacillus,genus,0.00020213740087687205,fraction_reads,0.0,4,0,0.00020329025274060675,0.9943290352183993
Centrifuger,default,Centrifuger_default,ZymoMockD6331,ZymoMockD6331,pacbio,SRR13128014,329857,329857,                Cohnella,Cohnella,genus,0.00010106870043843603,fraction_reads,0.0,2,0,0.00010164512637030338,0.9943290352183993
Centrifuger,default,Centrifuger_default,ZymoMockD6331,ZymoMockD6331,pacbio,SRR13128014,1637,1637,                Listeria,Listeria,genus,0.0005558778524113982,fraction_reads,0.0,11,3,0.0005590481950366686,0.9943290352183993
Centrifuger,default,Centrifuger_default,ZymoMockD6331,ZymoMockD6331,pacbio,SRR13128014,2755,2755,                Brochothrix,Brochothrix,genus,0.00025267175109609005,fraction_reads,0.0,5,0,0.0002541128159257584,0.9943290352183993
Centrifuger,default,Centrifuger_default,ZymoMockD6331,ZymoMockD6331,pacbio,SRR13128014,33986,33986,                  Exiguobacterium,Exiguobacterium,genus,0.0005053435021921801,fraction_reads,0.0,10,3,0.0005082256318515168,0.9943290352183993
Centrifuger,default,Centrifuger_default,ZymoMockD6331,ZymoMockD6331,pacbio,SRR13128014,1378,1378,                  Gemella,Gemella,genus,0.00015160305065765403,fraction_reads,0.0,3,0,0.00015246768955545504,0.9943290352183993
Centrifuger,default,Centrifuger_default,ZymoMockD6331,ZymoMockD6331,pacbio,SRR13128014,1372,1372,                Planococcus,Planococcus,genus,0.00020213740087687205,fraction_reads,0.0,4,0,0.00020329025274060675,0.9943290352183993
Centrifuger,default,Centrifuger_default,ZymoMockD6331,ZymoMockD6331,pacbio,SRR13128014,1569,1569,                Sporosarcina,Sporosarcina,genus,0.00015160305065765403,fraction_reads,0.0,3,1,0.00015246768955545504,0.9943290352183993
Centrifuger,default,Centrifuger_default,ZymoMockD6331,ZymoMockD6331,pacbio,SRR13128014,648802,648802,                Rummeliibacillus,Rummeliibacillus,genus,0.00015160305065765403,fraction_reads,0.0,3,0,0.00015246768955545504,0.9943290352183993
Centrifuger,default,Centrifuger_default,ZymoMockD6331,ZymoMockD6331,pacbio,SRR13128014,496496,496496,                Viridibacillus,Viridibacillus,genus,5.0534350219218014e-05,fraction_reads,0.0,1,0,5.082256318515169e-05,0.9943290352183993
Centrifuger,default,Centrifuger_default,ZymoMockD6331,ZymoMockD6331,pacbio,SRR13128014,651660,651660,                Paenisporosarcina,Paenisporosarcina,genus,5.0534350219218014e-05,fraction_reads,0.0,1,0,5.082256318515169e-05,0.9943290352183993
Centrifuger,default,Centrifuger_default,ZymoMockD6331,ZymoMockD6331,pacbio,SRR13128014,1274351,1274351,                Kroppenstedtia,Kroppenstedtia,genus,0.00010106870043843603,fraction_reads,0.0,2,0,0.00010164512637030338,0.9943290352183993
Centrifuger,default,Centrifuger_default,ZymoMockD6331,ZymoMockD6331,pacbio,SRR13128014,2689589,2689589,                Staphylospora,Staphylospora,genus,5.0534350219218014e-05,fraction_reads,0.0,1,0,5.082256318515169e-05,0.9943290352183993
Centrifuger,default,Centrifuger_default,ZymoMockD6331,ZymoMockD6331,pacbio,SRR13128014,29330,29330,                Alicyclobacillus,Alicyclobacillus,genus,5.0534350219218014e-05,fraction_reads,0.0,1,0,5.082256318515169e-05,0.9943290352183993
Centrifuger,default,Centrifuger_default,ZymoMockD6331,ZymoMockD6331,pacbio,SRR13128014,1502725,1502725,                Effusibacillus,Effusibacillus,genus,5.0534350219218014e-05,fraction_reads,0.0,1,0,5.082256318515169e-05,0.9943290352183993
Centrifuger,default,Centrifuger_default,ZymoMockD6331,ZymoMockD6331,pacbio,SRR13128014,475230,475230,                Pullulanibacillus,Pullulanibacillus,genus,5.0534350219218014e-05,fraction_reads,0.0,1,0,5.082256318515169e-05,0.9943290352183993
Centrifuger,default,Centrifuger_default,ZymoMockD6331,ZymoMockD6331,pacbio,SRR13128014,3025755,3025755,                Thomasclavelia,Thomasclavelia,genus,0.0008085496035074882,fraction_reads,0.0,16,1,0.000813161010962427,0.9943290352183993
Centrifuger,default,Centrifuger_default,ZymoMockD6331,ZymoMockD6331,pacbio,SRR13128014,135858,135858,                Catenibacterium,Catenibacterium,genus,5.0534350219218014e-05,fraction_reads,0.0,1,0,5.082256318515169e-05,0.9943290352183993
Centrifuger,default,Centrifuger_default,ZymoMockD6331,ZymoMockD6331,pacbio,SRR13128014,191303,191303,                Turicibacter,Turicibacter,genus,0.0004042748017537441,fraction_reads,0.0,8,5,0.0004065805054812135,0.9943290352183993
Centrifuger,default,Centrifuger_default,ZymoMockD6331,ZymoMockD6331,pacbio,SRR13128014,1647,1647,                Erysipelothrix,Erysipelothrix,genus,0.00015160305065765403,fraction_reads,0.0,3,0,0.00015246768955545504,0.9943290352183993
Centrifuger,default,Centrifuger_default,ZymoMockD6331,ZymoMockD6331,pacbio,SRR13128014,174708,174708,                Allobaculum,Allobaculum,genus,5.0534350219218014e-05,fraction_reads,0.0,1,0,5.082256318515169e-05,0.9943290352183993
Centrifuger,default,Centrifuger_default,ZymoMockD6331,ZymoMockD6331,pacbio,SRR13128014,162289,162289,                Peptoniphilus,Peptoniphilus,genus,0.00020213740087687205,fraction_reads,0.0,4,0,0.00020329025274060675,0.9943290352183993
Centrifuger,default,Centrifuger_default,ZymoMockD6331,ZymoMockD6331,pacbio,SRR13128014,165779,165779,                Anaerococcus,Anaerococcus,genus,0.00020213740087687205,fraction_reads,0.0,4,0,0.00020329025274060675,0.9943290352183993
Centrifuger,default,Centrifuger_default,ZymoMockD6331,ZymoMockD6331,pacbio,SRR13128014,150022,150022,                Finegoldia,Finegoldia,genus,0.00010106870043843603,fraction_reads,0.0,2,0,0.00010164512637030338,0.9943290352183993
Centrifuger,default,Centrifuger_default,ZymoMockD6331,ZymoMockD6331,pacbio,SRR13128014,543311,543311,                Parvimonas,Parvimonas,genus,0.00010106870043843603,fraction_reads,0.0,2,0,0.00010164512637030338,0.9943290352183993
Centrifuger,default,Centrifuger_default,ZymoMockD6331,ZymoMockD6331,pacbio,SRR13128014,1505664,1505664,                Gottschalkia,Gottschalkia,genus,0.00020213740087687205,fraction_reads,0.0,4,0,0.00020329025274060675,0.9943290352183993
Centrifuger,default,Centrifuger_default,ZymoMockD6331,ZymoMockD6331,pacbio,SRR13128014,41273,41273,                Tissierella,Tissierella,genus,5.0534350219218014e-05,fraction_reads,0.0,1,0,5.082256318515169e-05,0.9943290352183993
Centrifuger,default,Centrifuger_default,ZymoMockD6331,ZymoMockD6331,pacbio,SRR13128014,1678,1678,                Bifidobacterium,Bifidobacterium,genus,1.9574985900916289,fraction_reads,1.96,38736,0,1.9686628075400356,0.9943290352183993
Centrifuger,default,Centrifuger_default,ZymoMockD6331,ZymoMockD6331,pacbio,SRR13128014,2701,2701,                Gardnerella,Gardnerella,genus,0.00015160305065765403,fraction_reads,0.0,3,0,0.00015246768955545504,0.9943290352183993
Centrifuger,default,Centrifuger_default,ZymoMockD6331,ZymoMockD6331,pacbio,SRR13128014,1654,1654,                Actinomyces,Actinomyces,genus,0.017585953876287867,fraction_reads,0.02,348,0,0.017686251988432784,0.9943290352183993
Centrifuger,default,Centrifuger_default,ZymoMockD6331,ZymoMockD6331,pacbio,SRR13128014,28263,28263,                Arcanobacterium,Arcanobacterium,genus,0.0004042748017537441,fraction_reads,0.0,8,0,0.0004065805054812135,0.9943290352183993
Centrifuger,default,Centrifuger_default,ZymoMockD6331,ZymoMockD6331,pacbio,SRR13128014,2767318,2767318,                Boudabousia,Boudabousia,genus,5.0534350219218014e-05,fraction_reads,0.0,1,0,5.082256318515169e-05,0.9943290352183993
Centrifuger,default,Centrifuger_default,ZymoMockD6331,ZymoMockD6331,pacbio,SRR13128014,1883,1883,                Streptomyces,Streptomyces,genus,0.010359541794939692,fraction_reads,0.01,205,2,0.010418625452956095,0.9943290352183993
Centrifuger,default,Centrifuger_default,ZymoMockD6331,ZymoMockD6331,pacbio,SRR13128014,1716,1716,                Corynebacterium,Corynebacterium,genus,0.0010106870043843602,fraction_reads,0.0,20,2,0.0010164512637030336,0.9943290352183993
Centrifuger,default,Centrifuger_default,ZymoMockD6331,ZymoMockD6331,pacbio,SRR13128014,1866885,1866885,                Mycolicibacterium,Mycolicibacterium,genus,0.00015160305065765403,fraction_reads,0.0,3,0,0.00015246768955545504,0.9943290352183993
Centrifuger,default,Centrifuger_default,ZymoMockD6331,ZymoMockD6331,pacbio,SRR13128014,1763,1763,                Mycobacterium,Mycobacterium,genus,0.00010106870043843603,fraction_reads,0.0,2,1,0.00010164512637030338,0.9943290352183993
Centrifuger,default,Centrifuger_default,ZymoMockD6331,ZymoMockD6331,pacbio,SRR13128014,1073531,1073531,                Mycolicibacter,Mycolicibacter,genus,0.00010106870043843603,fraction_reads,0.0,2,0,0.00010164512637030338,0.9943290352183993
Centrifuger,default,Centrifuger_default,ZymoMockD6331,ZymoMockD6331,pacbio,SRR13128014,1827,1827,                Rhodococcus,Rhodococcus,genus,0.00025267175109609005,fraction_reads,0.0,5,1,0.0002541128159257584,0.9943290352183993
Centrifuger,default,Centrifuger_default,ZymoMockD6331,ZymoMockD6331,pacbio,SRR13128014,1817,1817,                Nocardia,Nocardia,genus,0.00010106870043843603,fraction_reads,0.0,2,0,0.00010164512637030338,0.9943290352183993
Centrifuger,default,Centrifuger_default,ZymoMockD6331,ZymoMockD6331,pacbio,SRR13128014,2053,2053,                Gordonia,Gordonia,genus,5.0534350219218014e-05,fraction_reads,0.0,1,0,5.082256318515169e-05,0.9943290352183993
Centrifuger,default,Centrifuger_default,ZymoMockD6331,ZymoMockD6331,pacbio,SRR13128014,33877,33877,                Agromyces,Agromyces,genus,0.00025267175109609005,fraction_reads,0.0,5,0,0.0002541128159257584,0.9943290352183993
Centrifuger,default,Centrifuger_default,ZymoMockD6331,ZymoMockD6331,pacbio,SRR13128014,529881,529881,                    Aquiluna,Aquiluna,genus,0.00020213740087687205,fraction_reads,0.0,4,0,0.00020329025274060675,0.9943290352183993
Centrifuger,default,Centrifuger_default,ZymoMockD6331,ZymoMockD6331,pacbio,SRR13128014,447237,447237,                Frondihabitans,Frondihabitans,genus,5.0534350219218014e-05,fraction_reads,0.0,1,0,5.082256318515169e-05,0.9943290352183993
Centrifuger,default,Centrifuger_default,ZymoMockD6331,ZymoMockD6331,pacbio,SRR13128014,1705353,1705353,                Aurantimicrobium,Aurantimicrobium,genus,5.0534350219218014e-05,fraction_reads,0.0,1,0,5.082256318515169e-05,0.9943290352183993
Centrifuger,default,Centrifuger_default,ZymoMockD6331,ZymoMockD6331,pacbio,SRR13128014,1742989,1742989,                Glutamicibacter,Glutamicibacter,genus,0.00015160305065765403,fraction_reads,0.0,3,0,0.00015246768955545504,0.9943290352183993
Centrifuger,default,Centrifuger_default,ZymoMockD6331,ZymoMockD6331,pacbio,SRR13128014,1742993,1742993,                Pseudarthrobacter,Pseudarthrobacter,genus,0.00010106870043843603,fraction_reads,0.0,2,1,0.00010164512637030338,0.9943290352183993
Centrifuger,default,Centrifuger_default,ZymoMockD6331,ZymoMockD6331,pacbio,SRR13128014,32207,32207,                Rothia,Rothia,genus,5.0534350219218014e-05,fraction_reads,0.0,1,0,5.082256318515169e-05,0.9943290352183993
Centrifuger,default,Centrifuger_default,ZymoMockD6331,ZymoMockD6331,pacbio,SRR13128014,57494,57494,                Nesterenkonia,Nesterenkonia,genus,5.0534350219218014e-05,fraction_reads,0.0,1,0,5.082256318515169e-05,0.9943290352183993
Centrifuger,default,Centrifuger_default,ZymoMockD6331,ZymoMockD6331,pacbio,SRR13128014,1696,1696,                Brevibacterium,Brevibacterium,genus,0.00015160305065765403,fraction_reads,0.0,3,0,0.00015246768955545504,0.9943290352183993
Centrifuger,default,Centrifuger_default,ZymoMockD6331,ZymoMockD6331,pacbio,SRR13128014,43668,43668,                Brachybacterium,Brachybacterium,genus,5.0534350219218014e-05,fraction_reads,0.0,1,0,5.082256318515169e-05,0.9943290352183993
Centrifuger,default,Centrifuger_default,ZymoMockD6331,ZymoMockD6331,pacbio,SRR13128014,182639,182639,                Kribbella,Kribbella,genus,0.00015160305065765403,fraction_reads,0.0,3,0,0.00015246768955545504,0.9943290352183993
Centrifuger,default,Centrifuger_default,ZymoMockD6331,ZymoMockD6331,pacbio,SRR13128014,1839,1839,                Nocardioides,Nocardioides,genus,5.0534350219218014e-05,fraction_reads,0.0,1,0,5.082256318515169e-05,0.9943290352183993
Centrifuger,default,Centrifuger_default,ZymoMockD6331,ZymoMockD6331,pacbio,SRR13128014,116071,116071,                Micropruina,Micropruina,genus,5.0534350219218014e-05,fraction_reads,0.0,1,0,5.082256318515169e-05,0.9943290352183993
Centrifuger,default,Centrifuger_default,ZymoMockD6331,ZymoMockD6331,pacbio,SRR13128014,53460,53460,                Nakamurella,Nakamurella,genus,0.00030320610131530807,fraction_reads,0.0,6,0,0.0003049353791109101,0.9943290352183993
Centrifuger,default,Centrifuger_default,ZymoMockD6331,ZymoMockD6331,pacbio,SRR13128014,2039639,2039639,                Candidatus_Nanopelagicus,Candidatus Nanopelagicus,genus,0.00030320610131530807,fraction_reads,0.0,6,0,0.0003049353791109101,0.9943290352183993
Centrifuger,default,Centrifuger_default,ZymoMockD6331,ZymoMockD6331,pacbio,SRR13128014,1873,1873,                Micromonospora,Micromonospora,genus,0.00015160305065765403,fraction_reads,0.0,3,3,0.00015246768955545504,0.9943290352183993
Centrifuger,default,Centrifuger_default,ZymoMockD6331,ZymoMockD6331,pacbio,SRR13128014,35753,35753,                Dactylosporangium,Dactylosporangium,genus,5.0534350219218014e-05,fraction_reads,0.0,1,0,5.082256318515169e-05,0.9943290352183993
Centrifuger,default,Centrifuger_default,ZymoMockD6331,ZymoMockD6331,pacbio,SRR13128014,1813,1813,                Amycolatopsis,Amycolatopsis,genus,0.00015160305065765403,fraction_reads,0.0,3,0,0.00015246768955545504,0.9943290352183993
Centrifuger,default,Centrifuger_default,ZymoMockD6331,ZymoMockD6331,pacbio,SRR13128014,1847,1847,                Pseudonocardia,Pseudonocardia,genus,5.0534350219218014e-05,fraction_reads,0.0,1,0,5.082256318515169e-05,0.9943290352183993
Centrifuger,default,Centrifuger_default,ZymoMockD6331,ZymoMockD6331,pacbio,SRR13128014,1854,1854,                Frankia,Frankia,genus,0.00010106870043843603,fraction_reads,0.0,2,0,0.00010164512637030338,0.9943290352183993
Centrifuger,default,Centrifuger_default,ZymoMockD6331,ZymoMockD6331,pacbio,SRR13128014,1434010,1434010,                Jatrophihabitans,Jatrophihabitans,genus,0.00010106870043843603,fraction_reads,0.0,2,0,0.00010164512637030338,0.9943290352183993
Centrifuger,default,Centrifuger_default,ZymoMockD6331,ZymoMockD6331,pacbio,SRR13128014,283810,283810,                Stackebrandtia,Stackebrandtia,genus,5.0534350219218014e-05,fraction_reads,0.0,1,0,5.082256318515169e-05,0.9943290352183993
Centrifuger,default,Centrifuger_default,ZymoMockD6331,ZymoMockD6331,pacbio,SRR13128014,84108,84108,                Slackia,Slackia,genus,0.00010106870043843603,fraction_reads,0.0,2,0,0.00010164512637030338,0.9943290352183993
Centrifuger,default,Centrifuger_default,ZymoMockD6331,ZymoMockD6331,pacbio,SRR13128014,1981050,1981050,                Phoenicibacter,Phoenicibacter,genus,0.00010106870043843603,fraction_reads,0.0,2,0,0.00010164512637030338,0.9943290352183993
Centrifuger,default,Centrifuger_default,ZymoMockD6331,ZymoMockD6331,pacbio,SRR13128014,2981344,2981344,                Xiamenia,Xiamenia,genus,5.0534350219218014e-05,fraction_reads,0.0,1,0,5.082256318515169e-05,0.9943290352183993
Centrifuger,default,Centrifuger_default,ZymoMockD6331,ZymoMockD6331,pacbio,SRR13128014,102106,102106,                Collinsella,Collinsella,genus,0.00015160305065765403,fraction_reads,0.0,3,0,0.00015246768955545504,0.9943290352183993
Centrifuger,default,Centrifuger_default,ZymoMockD6331,ZymoMockD6331,pacbio,SRR13128014,1177,1177,                  Nostoc,Nostoc,genus,0.0013138931056996682,fraction_reads,0.0,26,2,0.0013213866428139437,0.9943290352183993
Centrifuger,default,Centrifuger_default,ZymoMockD6331,ZymoMockD6331,pacbio,SRR13128014,1163,1163,                  Anabaena,Anabaena,genus,0.00015160305065765403,fraction_reads,0.0,3,0,0.00015246768955545504,0.9943290352183993
Centrifuger,default,Centrifuger_default,ZymoMockD6331,ZymoMockD6331,pacbio,SRR13128014,98443,98443,                  Richelia,Richelia,genus,0.00015160305065765403,fraction_reads,0.0,3,0,0.00015246768955545504,0.9943290352183993
Centrifuger,default,Centrifuger_default,ZymoMockD6331,ZymoMockD6331,pacbio,SRR13128014,264688,264688,                  Trichormus,Trichormus,genus,5.0534350219218014e-05,fraction_reads,0.0,1,0,5.082256318515169e-05,0.9943290352183993
Centrifuger,default,Centrifuger_default,ZymoMockD6331,ZymoMockD6331,pacbio,SRR13128014,159191,159191,                  Nodularia,Nodularia,genus,0.00025267175109609005,fraction_reads,0.0,5,0,0.0002541128159257584,0.9943290352183993
Centrifuger,default,Centrifuger_default,ZymoMockD6331,ZymoMockD6331,pacbio,SRR13128014,748770,748770,                  Dolichospermum,Dolichospermum,genus,0.00010106870043843603,fraction_reads,0.0,2,0,0.00010164512637030338,0.9943290352183993
Centrifuger,default,Centrifuger_default,ZymoMockD6331,ZymoMockD6331,pacbio,SRR13128014,1186,1186,                  Calothrix,Calothrix,genus,0.00030320610131530807,fraction_reads,0.0,6,0,0.0003049353791109101,0.9943290352183993
Centrifuger,default,Centrifuger_default,ZymoMockD6331,ZymoMockD6331,pacbio,SRR13128014,111782,111782,                  Tolypothrix,Tolypothrix,genus,0.00025267175109609005,fraction_reads,0.0,5,0,0.0002541128159257584,0.9943290352183993
Centrifuger,default,Centrifuger_default,ZymoMockD6331,ZymoMockD6331,pacbio,SRR13128014,373984,373984,                  Rivularia,Rivularia,genus,0.00015160305065765403,fraction_reads,0.0,3,0,0.00015246768955545504,0.9943290352183993
Centrifuger,default,Centrifuger_default,ZymoMockD6331,ZymoMockD6331,pacbio,SRR13128014,1190,1190,                  Fischerella,Fischerella,genus,0.00010106870043843603,fraction_reads,0.0,2,0,0.00010164512637030338,0.9943290352183993
Centrifuger,default,Centrifuger_default,ZymoMockD6331,ZymoMockD6331,pacbio,SRR13128014,1218,1218,                  Prochlorococcus,Prochlorococcus,genus,0.0011622900550420142,fraction_reads,0.0,23,0,0.0011689189532584888,0.9943290352183993
Centrifuger,default,Centrifuger_default,ZymoMockD6331,ZymoMockD6331,pacbio,SRR13128014,2881427,2881427,                  Parasynechococcus,Parasynechococcus,genus,5.0534350219218014e-05,fraction_reads,0.0,1,0,5.082256318515169e-05,0.9943290352183993
Centrifuger,default,Centrifuger_default,ZymoMockD6331,ZymoMockD6331,pacbio,SRR13128014,1129,1129,                  Synechococcus,Synechococcus,genus,0.0005053435021921801,fraction_reads,0.0,10,0,0.0005082256318515168,0.9943290352183993
Centrifuger,default,Centrifuger_default,ZymoMockD6331,ZymoMockD6331,pacbio,SRR13128014,1142,1142,                  Synechocystis,Synechocystis,genus,0.00010106870043843603,fraction_reads,0.0,2,1,0.00010164512637030338,0.9943290352183993
Centrifuger,default,Centrifuger_default,ZymoMockD6331,ZymoMockD6331,pacbio,SRR13128014,155977,155977,                  Acaryochloris,Acaryochloris,genus,0.00010106870043843603,fraction_reads,0.0,2,0,0.00010164512637030338,0.9943290352183993
Centrifuger,default,Centrifuger_default,ZymoMockD6331,ZymoMockD6331,pacbio,SRR13128014,28070,28070,                    Gloeothece,Gloeothece,genus,0.00030320610131530807,fraction_reads,0.0,6,0,0.0003049353791109101,0.9943290352183993
Centrifuger,default,Centrifuger_default,ZymoMockD6331,ZymoMockD6331,pacbio,SRR13128014,65097,65097,                      Euhalothece,Euhalothece,genus,0.00010106870043843603,fraction_reads,0.0,2,0,0.00010164512637030338,0.9943290352183993
Centrifuger,default,Centrifuger_default,ZymoMockD6331,ZymoMockD6331,pacbio,SRR13128014,1453359,1453359,                    Candidatus_Atelocyanobacterium,Candidatus Atelocyanobacterium,genus,5.0534350219218014e-05,fraction_reads,0.0,1,0,5.082256318515169e-05,0.9943290352183993
Centrifuger,default,Centrifuger_default,ZymoMockD6331,ZymoMockD6331,pacbio,SRR13128014,102231,102231,                    Gloeocapsa,Gloeocapsa,genus,0.00015160305065765403,fraction_reads,0.0,3,0,0.00015246768955545504,0.9943290352183993
Centrifuger,default,Centrifuger_default,ZymoMockD6331,ZymoMockD6331,pacbio,SRR13128014,268175,268175,                    Chondrocystis,Chondrocystis,genus,5.0534350219218014e-05,fraction_reads,0.0,1,0,5.082256318515169e-05,0.9943290352183993
Centrifuger,default,Centrifuger_default,ZymoMockD6331,ZymoMockD6331,pacbio,SRR13128014,669357,669357,                    Geminocystis,Geminocystis,genus,5.0534350219218014e-05,fraction_reads,0.0,1,0,5.082256318515169e-05,0.9943290352183993
Centrifuger,default,Centrifuger_default,ZymoMockD6331,ZymoMockD6331,pacbio,SRR13128014,1125,1125,                    Microcystis,Microcystis,genus,0.00015160305065765403,fraction_reads,0.0,3,1,0.00015246768955545504,0.9943290352183993
Centrifuger,default,Centrifuger_default,ZymoMockD6331,ZymoMockD6331,pacbio,SRR13128014,102234,102234,                    Cyanobacterium,Cyanobacterium,genus,0.00010106870043843603,fraction_reads,0.0,2,0,0.00010164512637030338,0.9943290352183993
Centrifuger,default,Centrifuger_default,ZymoMockD6331,ZymoMockD6331,pacbio,SRR13128014,1155738,1155738,                    Moorena,Moorena,genus,0.0003537404515345261,fraction_reads,0.0,7,0,0.0003557579422960618,0.9943290352183993
Centrifuger,default,Centrifuger_default,ZymoMockD6331,ZymoMockD6331,pacbio,SRR13128014,1158,1158,                    Oscillatoria,Oscillatoria,genus,0.00010106870043843603,fraction_reads,0.0,2,0,0.00010164512637030338,0.9943290352183993
Centrifuger,default,Centrifuger_default,ZymoMockD6331,ZymoMockD6331,pacbio,SRR13128014,54304,54304,                    Planktothrix,Planktothrix,genus,0.00010106870043843603,fraction_reads,0.0,2,0,0.00010164512637030338,0.9943290352183993
Centrifuger,default,Centrifuger_default,ZymoMockD6331,ZymoMockD6331,pacbio,SRR13128014,2886347,2886347,                    Allocoleopsis,Allocoleopsis,genus,5.0534350219218014e-05,fraction_reads,0.0,1,0,5.082256318515169e-05,0.9943290352183993
Centrifuger,default,Centrifuger_default,ZymoMockD6331,ZymoMockD6331,pacbio,SRR13128014,47251,47251,                  Leptolyngbya,Leptolyngbya,genus,0.00030320610131530807,fraction_reads,0.0,6,0,0.0003049353791109101,0.9943290352183993
Centrifuger,default,Centrifuger_default,ZymoMockD6331,ZymoMockD6331,pacbio,SRR13128014,2664261,2664261,                  Leptodesmis,Leptodesmis,genus,5.0534350219218014e-05,fraction_reads,0.0,1,0,5.082256318515169e-05,0.9943290352183993
Centrifuger,default,Centrifuger_default,ZymoMockD6331,ZymoMockD6331,pacbio,SRR13128014,2303528,2303528,                  Thermoleptolyngbya,Thermoleptolyngbya,genus,0.00015160305065765403,fraction_reads,0.0,3,0,0.00015246768955545504,0.9943290352183993
Centrifuger,default,Centrifuger_default,ZymoMockD6331,ZymoMockD6331,pacbio,SRR13128014,102115,102115,                  Stanieria,Stanieria,genus,0.00020213740087687205,fraction_reads,0.0,4,0,0.00020329025274060675,0.9943290352183993
Centrifuger,default,Centrifuger_default,ZymoMockD6331,ZymoMockD6331,pacbio,SRR13128014,54298,54298,                  Chroococcidiopsis,Chroococcidiopsis,genus,0.00010106870043843603,fraction_reads,0.0,2,0,0.00010164512637030338,0.9943290352183993
Centrifuger,default,Centrifuger_default,ZymoMockD6331,ZymoMockD6331,pacbio,SRR13128014,2132,2132,                Spiroplasma,Spiroplasma,genus,0.0014654961563573224,fraction_reads,0.0,29,1,0.0014738543323693988,0.9943290352183993
Centrifuger,default,Centrifuger_default,ZymoMockD6331,ZymoMockD6331,pacbio,SRR13128014,46238,46238,                Entomoplasma,Entomoplasma,genus,0.00025267175109609005,fraction_reads,0.0,5,0,0.0002541128159257584,0.9943290352183993
Centrifuger,default,Centrifuger_default,ZymoMockD6331,ZymoMockD6331,pacbio,SRR13128014,46239,46239,                Mesoplasma,Mesoplasma,genus,0.00025267175109609005,fraction_reads,0.0,5,2,0.0002541128159257584,0.9943290352183993
Centrifuger,default,Centrifuger_default,ZymoMockD6331,ZymoMockD6331,pacbio,SRR13128014,2919614,2919614,              Williamsoniiplasma,Williamsoniiplasma,genus,5.0534350219218014e-05,fraction_reads,0.0,1,0,5.082256318515169e-05,0.9943290352183993
Centrifuger,default,Centrifuger_default,ZymoMockD6331,ZymoMockD6331,pacbio,SRR13128014,2093,2093,                Mycoplasma,Mycoplasma,genus,0.0010612213546035783,fraction_reads,0.0,21,1,0.0010672738268881854,0.9943290352183993
Centrifuger,default,Centrifuger_default,ZymoMockD6331,ZymoMockD6331,pacbio,SRR13128014,2767358,2767358,                Mycoplasmopsis,Mycoplasmopsis,genus,0.0006569465528498341,fraction_reads,0.0,13,0,0.0006606933214069718,0.9943290352183993
Centrifuger,default,Centrifuger_default,ZymoMockD6331,ZymoMockD6331,pacbio,SRR13128014,2129,2129,                Ureaplasma,Ureaplasma,genus,0.00010106870043843603,fraction_reads,0.0,2,0,0.00010164512637030338,0.9943290352183993
Centrifuger,default,Centrifuger_default,ZymoMockD6331,ZymoMockD6331,pacbio,SRR13128014,2923352,2923352,                Mesomycoplasma,Mesomycoplasma,genus,5.0534350219218014e-05,fraction_reads,0.0,1,0,5.082256318515169e-05,0.9943290352183993
Centrifuger,default,Centrifuger_default,ZymoMockD6331,ZymoMockD6331,pacbio,SRR13128014,33926,33926,                Candidatus_Phytoplasma,Candidatus Phytoplasma,genus,0.0004042748017537441,fraction_reads,0.0,8,2,0.0004065805054812135,0.9943290352183993
Centrifuger,default,Centrifuger_default,ZymoMockD6331,ZymoMockD6331,pacbio,SRR13128014,2147,2147,                Acholeplasma,Acholeplasma,genus,0.00020213740087687205,fraction_reads,0.0,4,0,0.00020329025274060675,0.9943290352183993
Centrifuger,default,Centrifuger_default,ZymoMockD6331,ZymoMockD6331,pacbio,SRR13128014,2903100,2903100,                Mariniplasma,Mariniplasma,genus,5.0534350219218014e-05,fraction_reads,0.0,1,0,5.082256318515169e-05,0.9943290352183993
Centrifuger,default,Centrifuger_default,ZymoMockD6331,ZymoMockD6331,pacbio,SRR13128014,2903106,2903106,                Haploplasma,Haploplasma,genus,5.0534350219218014e-05,fraction_reads,0.0,1,0,5.082256318515169e-05,0.9943290352183993
Centrifuger,default,Centrifuger_default,ZymoMockD6331,ZymoMockD6331,pacbio,SRR13128014,2895509,2895509,              Metamycoplasma,Metamycoplasma,genus,0.0003537404515345261,fraction_reads,0.0,7,0,0.0003557579422960618,0.9943290352183993
Centrifuger,default,Centrifuger_default,ZymoMockD6331,ZymoMockD6331,pacbio,SRR13128014,2995234,2995234,              Mycoplasmoides,Mycoplasmoides,genus,5.0534350219218014e-05,fraction_reads,0.0,1,0,5.082256318515169e-05,0.9943290352183993
Centrifuger,default,Centrifuger_default,ZymoMockD6331,ZymoMockD6331,pacbio,SRR13128014,270,270,                Thermus,Thermus,genus,5.0534350219218014e-05,fraction_reads,0.0,1,0,5.082256318515169e-05,0.9943290352183993
Centrifuger,default,Centrifuger_default,ZymoMockD6331,ZymoMockD6331,pacbio,SRR13128014,65551,65551,                Meiothermus,Meiothermus,genus,5.0534350219218014e-05,fraction_reads,0.0,1,0,5.082256318515169e-05,0.9943290352183993
Centrifuger,default,Centrifuger_default,ZymoMockD6331,ZymoMockD6331,pacbio,SRR13128014,233191,233191,                Caldilinea,Caldilinea,genus,5.0534350219218014e-05,fraction_reads,0.0,1,0,5.082256318515169e-05,0.9943290352183993
Centrifuger,default,Centrifuger_default,ZymoMockD6331,ZymoMockD6331,pacbio,SRR13128014,816,816,                  Bacteroides,Bacteroides,genus,19.25373903657272,fraction_reads,19.25,381003,363,19.363549041232346,0.9943290352183993
Centrifuger,default,Centrifuger_default,ZymoMockD6331,ZymoMockD6331,pacbio,SRR13128014,909656,909656,                  Phocaeicola,Phocaeicola,genus,0.006771602929375213,fraction_reads,0.01,134,0,0.0068102234668103254,0.9943290352183993
Centrifuger,default,Centrifuger_default,ZymoMockD6331,ZymoMockD6331,pacbio,SRR13128014,838,838,                  Prevotella,Prevotella,genus,7.603145662232445,fraction_reads,7.6,150455,1,7.646508744021996,0.9943290352183993
Centrifuger,default,Centrifuger_default,ZymoMockD6331,ZymoMockD6331,pacbio,SRR13128014,2884814,2884814,                  Pseudoprevotella,Pseudoprevotella,genus,5.0534350219218014e-05,fraction_reads,0.0,1,0,5.082256318515169e-05,0.9943290352183993
Centrifuger,default,Centrifuger_default,ZymoMockD6331,ZymoMockD6331,pacbio,SRR13128014,2974257,2974257,                  Hoylesella,Hoylesella,genus,5.0534350219218014e-05,fraction_reads,0.0,1,0,5.082256318515169e-05,0.9943290352183993
Centrifuger,default,Centrifuger_default,ZymoMockD6331,ZymoMockD6331,pacbio,SRR13128014,375288,375288,                  Parabacteroides,Parabacteroides,genus,0.0023245801100840284,fraction_reads,0.0,46,0,0.0023378379065169775,0.9943290352183993
Centrifuger,default,Centrifuger_default,ZymoMockD6331,ZymoMockD6331,pacbio,SRR13128014,239759,239759,                  Alistipes,Alistipes,genus,0.0004548091519729621,fraction_reads,0.0,9,0,0.0004574030686663651,0.9943290352183993
Centrifuger,default,Centrifuger_default,ZymoMockD6331,ZymoMockD6331,pacbio,SRR13128014,2760873,2760873,                  Tenuifilum,Tenuifilum,genus,0.00025267175109609005,fraction_reads,0.0,5,0,0.0002541128159257584,0.9943290352183993
Centrifuger,default,Centrifuger_default,ZymoMockD6331,ZymoMockD6331,pacbio,SRR13128014,283168,283168,                  Odoribacter,Odoribacter,genus,0.00020213740087687205,fraction_reads,0.0,4,0,0.00020329025274060675,0.9943290352183993
Centrifuger,default,Centrifuger_default,ZymoMockD6331,ZymoMockD6331,pacbio,SRR13128014,1348911,1348911,                  Coprobacter,Coprobacter,genus,0.00010106870043843603,fraction_reads,0.0,2,0,0.00010164512637030338,0.9943290352183993
Centrifuger,default,Centrifuger_default,ZymoMockD6331,ZymoMockD6331,pacbio,SRR13128014,1918540,1918540,                  Muribaculum,Muribaculum,genus,5.0534350219218014e-05,fraction_reads,0.0,1,0,5.082256318515169e-05,0.9943290352183993
Centrifuger,default,Centrifuger_default,ZymoMockD6331,ZymoMockD6331,pacbio,SRR13128014,156973,156973,                  Dysgonomonas,Dysgonomonas,genus,5.0534350219218014e-05,fraction_reads,0.0,1,0,5.082256318515169e-05,0.9943290352183993
Centrifuger,default,Centrifuger_default,ZymoMockD6331,ZymoMockD6331,pacbio,SRR13128014,2678352,2678352,                  Maribellus,Maribellus,genus,0.00030320610131530807,fraction_reads,0.0,6,0,0.0003049353791109101,0.9943290352183993
Centrifuger,default,Centrifuger_default,ZymoMockD6331,ZymoMockD6331,pacbio,SRR13128014,1471399,1471399,                  Draconibacterium,Draconibacterium,genus,5.0534350219218014e-05,fraction_reads,0.0,1,0,5.082256318515169e-05,0.9943290352183993
Centrifuger,default,Centrifuger_default,ZymoMockD6331,ZymoMockD6331,pacbio,SRR13128014,2060722,2060722,                  Labilibaculum,Labilibaculum,genus,0.00020213740087687205,fraction_reads,0.0,4,0,0.00020329025274060675,0.9943290352183993
Centrifuger,default,Centrifuger_default,ZymoMockD6331,ZymoMockD6331,pacbio,SRR13128014,1193324,1193324,                  Alkalitalea,Alkalitalea,genus,5.0534350219218014e-05,fraction_reads,0.0,1,0,5.082256318515169e-05,0.9943290352183993
Centrifuger,default,Centrifuger_default,ZymoMockD6331,ZymoMockD6331,pacbio,SRR13128014,237,237,                  Flavobacterium,Flavobacterium,genus,0.006367328127621469,fraction_reads,0.01,126,13,0.006403642961329111,0.9943290352183993
Centrifuger,default,Centrifuger_default,ZymoMockD6331,ZymoMockD6331,pacbio,SRR13128014,52959,52959,                  Polaribacter,Polaribacter,genus,0.0015160305065765403,fraction_reads,0.0,30,8,0.0015246768955545504,0.9943290352183993
Centrifuger,default,Centrifuger_default,ZymoMockD6331,ZymoMockD6331,pacbio,SRR13128014,104267,104267,                  Tenacibaculum,Tenacibaculum,genus,0.0012633587554804503,fraction_reads,0.0,25,2,0.0012705640796287921,0.9943290352183993
Centrifuger,default,Centrifuger_default,ZymoMockD6331,ZymoMockD6331,pacbio,SRR13128014,1016,1016,                  Capnocytophaga,Capnocytophaga,genus,0.0007580152532882701,fraction_reads,0.0,15,3,0.0007623384477772752,0.9943290352183993
Centrifuger,default,Centrifuger_default,ZymoMockD6331,ZymoMockD6331,pacbio,SRR13128014,290174,290174,                  Aquimarina,Aquimarina,genus,0.0007074809030690522,fraction_reads,0.0,14,0,0.0007115158845921236,0.9943290352183993
Centrifuger,default,Centrifuger_default,ZymoMockD6331,ZymoMockD6331,pacbio,SRR13128014,363408,363408,                  Nonlabens,Nonlabens,genus,0.0005558778524113982,fraction_reads,0.0,11,3,0.0005590481950366686,0.9943290352183993
Centrifuger,default,Centrifuger_default,ZymoMockD6331,ZymoMockD6331,pacbio,SRR13128014,111500,111500,                  Muricauda,Muricauda,genus,0.0005053435021921801,fraction_reads,0.0,10,0,0.0005082256318515168,0.9943290352183993
Centrifuger,default,Centrifuger_default,ZymoMockD6331,ZymoMockD6331,pacbio,SRR13128014,104264,104264,                  Cellulophaga,Cellulophaga,genus,0.0004042748017537441,fraction_reads,0.0,8,2,0.0004065805054812135,0.9943290352183993
Centrifuger,default,Centrifuger_default,ZymoMockD6331,ZymoMockD6331,pacbio,SRR13128014,286104,286104,                  Winogradskyella,Winogradskyella,genus,0.0004042748017537441,fraction_reads,0.0,8,0,0.0004065805054812135,0.9943290352183993
Centrifuger,default,Centrifuger_default,ZymoMockD6331,ZymoMockD6331,pacbio,SRR13128014,261827,261827,                  Algibacter,Algibacter,genus,0.00030320610131530807,fraction_reads,0.0,6,1,0.0003049353791109101,0.9943290352183993
Centrifuger,default,Centrifuger_default,ZymoMockD6331,ZymoMockD6331,pacbio,SRR13128014,2700084,2700084,                  Urechidicola,Urechidicola,genus,0.00030320610131530807,fraction_reads,0.0,6,0,0.0003049353791109101,0.9943290352183993
Centrifuger,default,Centrifuger_default,ZymoMockD6331,ZymoMockD6331,pacbio,SRR13128014,49277,49277,                  Psychroserpens,Psychroserpens,genus,0.00025267175109609005,fraction_reads,0.0,5,0,0.0002541128159257584,0.9943290352183993
Centrifuger,default,Centrifuger_default,ZymoMockD6331,ZymoMockD6331,pacbio,SRR13128014,76831,76831,                  Myroides,Myroides,genus,0.00025267175109609005,fraction_reads,0.0,5,2,0.0002541128159257584,0.9943290352183993
Centrifuger,default,Centrifuger_default,ZymoMockD6331,ZymoMockD6331,pacbio,SRR13128014,153265,153265,                  Aequorivita,Aequorivita,genus,0.00020213740087687205,fraction_reads,0.0,4,4,0.00020329025274060675,0.9943290352183993
Centrifuger,default,Centrifuger_default,ZymoMockD6331,ZymoMockD6331,pacbio,SRR13128014,252356,252356,                  Maribacter,Maribacter,genus,0.00020213740087687205,fraction_reads,0.0,4,0,0.00020329025274060675,0.9943290352183993
Centrifuger,default,Centrifuger_default,ZymoMockD6331,ZymoMockD6331,pacbio,SRR13128014,2049301,2049301,                  Changchengzhania,Changchengzhania,genus,0.00020213740087687205,fraction_reads,0.0,4,0,0.00020329025274060675,0.9943290352183993
Centrifuger,default,Centrifuger_default,ZymoMockD6331,ZymoMockD6331,pacbio,SRR13128014,225842,225842,                  Formosa,Formosa,genus,0.00015160305065765403,fraction_reads,0.0,3,0,0.00015246768955545504,0.9943290352183993
Centrifuger,default,Centrifuger_default,ZymoMockD6331,ZymoMockD6331,pacbio,SRR13128014,336276,336276,                  Olleya,Olleya,genus,0.00015160305065765403,fraction_reads,0.0,3,1,0.00015246768955545504,0.9943290352183993
Centrifuger,default,Centrifuger_default,ZymoMockD6331,ZymoMockD6331,pacbio,SRR13128014,358023,358023,                  Lutibacter,Lutibacter,genus,0.00015160305065765403,fraction_reads,0.0,3,0,0.00015246768955545504,0.9943290352183993
Centrifuger,default,Centrifuger_default,ZymoMockD6331,ZymoMockD6331,pacbio,SRR13128014,1573059,1573059,                  Sabulilitoribacter,Sabulilitoribacter,genus,0.00015160305065765403,fraction_reads,0.0,3,0,0.00015246768955545504,0.9943290352183993
Centrifuger,default,Centrifuger_default,ZymoMockD6331,ZymoMockD6331,pacbio,SRR13128014,83612,83612,                  Psychroflexus,Psychroflexus,genus,0.00010106870043843603,fraction_reads,0.0,2,0,0.00010164512637030338,0.9943290352183993
Centrifuger,default,Centrifuger_default,ZymoMockD6331,ZymoMockD6331,pacbio,SRR13128014,178469,178469,                  Arenibacter,Arenibacter,genus,0.00010106870043843603,fraction_reads,0.0,2,0,0.00010164512637030338,0.9943290352183993
Centrifuger,default,Centrifuger_default,ZymoMockD6331,ZymoMockD6331,pacbio,SRR13128014,216431,216431,                  Croceibacter,Croceibacter,genus,0.00010106870043843603,fraction_reads,0.0,2,0,0.00010164512637030338,0.9943290352183993
Centrifuger,default,Centrifuger_default,ZymoMockD6331,ZymoMockD6331,pacbio,SRR13128014,389486,389486,                  Sediminicola,Sediminicola,genus,0.00010106870043843603,fraction_reads,0.0,2,0,0.00010164512637030338,0.9943290352183993
Centrifuger,default,Centrifuger_default,ZymoMockD6331,ZymoMockD6331,pacbio,SRR13128014,1165076,1165076,                  Imtechella,Imtechella,genus,0.00010106870043843603,fraction_reads,0.0,2,0,0.00010164512637030338,0.9943290352183993
Centrifuger,default,Centrifuger_default,ZymoMockD6331,ZymoMockD6331,pacbio,SRR13128014,1209327,1209327,                  Flavivirga,Flavivirga,genus,0.00010106870043843603,fraction_reads,0.0,2,0,0.00010164512637030338,0.9943290352183993
Centrifuger,default,Centrifuger_default,ZymoMockD6331,ZymoMockD6331,pacbio,SRR13128014,1434045,1434045,                  Sinomicrobium,Sinomicrobium,genus,0.00010106870043843603,fraction_reads,0.0,2,0,0.00010164512637030338,0.9943290352183993
Centrifuger,default,Centrifuger_default,ZymoMockD6331,ZymoMockD6331,pacbio,SRR13128014,2045416,2045416,                  Oceanihabitans,Oceanihabitans,genus,0.00010106870043843603,fraction_reads,0.0,2,0,0.00010164512637030338,0.9943290352183993
Centrifuger,default,Centrifuger_default,ZymoMockD6331,ZymoMockD6331,pacbio,SRR13128014,2706948,2706948,                  Aureibaculum,Aureibaculum,genus,0.00010106870043843603,fraction_reads,0.0,2,0,0.00010164512637030338,0.9943290352183993
Centrifuger,default,Centrifuger_default,ZymoMockD6331,ZymoMockD6331,pacbio,SRR13128014,2715289,2715289,                  Amniculibacterium,Amniculibacterium,genus,0.00010106870043843603,fraction_reads,0.0,2,0,0.00010164512637030338,0.9943290352183993
Centrifuger,default,Centrifuger_default,ZymoMockD6331,ZymoMockD6331,pacbio,SRR13128014,2907134,2907134,                    Constantimarinum,Constantimarinum,genus,0.00010106870043843603,fraction_reads,0.0,2,0,0.00010164512637030338,0.9943290352183993
Centrifuger,default,Centrifuger_default,ZymoMockD6331,ZymoMockD6331,pacbio,SRR13128014,112040,112040,                  Zobellia,Zobellia,genus,5.0534350219218014e-05,fraction_reads,0.0,1,0,5.082256318515169e-05,0.9943290352183993
Centrifuger,default,Centrifuger_default,ZymoMockD6331,ZymoMockD6331,pacbio,SRR13128014,221065,221065,                  Kordia,Kordia,genus,5.0534350219218014e-05,fraction_reads,0.0,1,0,5.082256318515169e-05,0.9943290352183993
Centrifuger,default,Centrifuger_default,ZymoMockD6331,ZymoMockD6331,pacbio,SRR13128014,291183,291183,                  Lacinutrix,Lacinutrix,genus,5.0534350219218014e-05,fraction_reads,0.0,1,0,5.082256318515169e-05,0.9943290352183993
Centrifuger,default,Centrifuger_default,ZymoMockD6331,ZymoMockD6331,pacbio,SRR13128014,387658,387658,                  Marixanthomonas,Marixanthomonas,genus,5.0534350219218014e-05,fraction_reads,0.0,1,0,5.082256318515169e-05,0.9943290352183993
Centrifuger,default,Centrifuger_default,ZymoMockD6331,ZymoMockD6331,pacbio,SRR13128014,393005,393005,                  Tamlana,Tamlana,genus,5.0534350219218014e-05,fraction_reads,0.0,1,0,5.082256318515169e-05,0.9943290352183993
Centrifuger,default,Centrifuger_default,ZymoMockD6331,ZymoMockD6331,pacbio,SRR13128014,417127,417127,                  Zunongwangia,Zunongwangia,genus,5.0534350219218014e-05,fraction_reads,0.0,1,0,5.082256318515169e-05,0.9943290352183993
Centrifuger,default,Centrifuger_default,ZymoMockD6331,ZymoMockD6331,pacbio,SRR13128014,561555,561555,                  Zhouia,Zhouia,genus,5.0534350219218014e-05,fraction_reads,0.0,1,0,5.082256318515169e-05,0.9943290352183993
Centrifuger,default,Centrifuger_default,ZymoMockD6331,ZymoMockD6331,pacbio,SRR13128014,1518147,1518147,                  Wenyingzhuangia,Wenyingzhuangia,genus,5.0534350219218014e-05,fraction_reads,0.0,1,0,5.082256318515169e-05,0.9943290352183993
Centrifuger,default,Centrifuger_default,ZymoMockD6331,ZymoMockD6331,pacbio,SRR13128014,1649495,1649495,                  Seonamhaeicola,Seonamhaeicola,genus,5.0534350219218014e-05,fraction_reads,0.0,1,0,5.082256318515169e-05,0.9943290352183993
Centrifuger,default,Centrifuger_default,ZymoMockD6331,ZymoMockD6331,pacbio,SRR13128014,2058174,2058174,                  Antarcticibacterium,Antarcticibacterium,genus,5.0534350219218014e-05,fraction_reads,0.0,1,0,5.082256318515169e-05,0.9943290352183993
Centrifuger,default,Centrifuger_default,ZymoMockD6331,ZymoMockD6331,pacbio,SRR13128014,2893197,2893197,                  Aegicerativicinus,Aegicerativicinus,genus,5.0534350219218014e-05,fraction_reads,0.0,1,0,5.082256318515169e-05,0.9943290352183993
Centrifuger,default,Centrifuger_default,ZymoMockD6331,ZymoMockD6331,pacbio,SRR13128014,59732,59732,                    Chryseobacterium,Chryseobacterium,genus,0.004345954118852749,fraction_reads,0.0,86,5,0.004370740433923045,0.9943290352183993
Centrifuger,default,Centrifuger_default,ZymoMockD6331,ZymoMockD6331,pacbio,SRR13128014,2782229,2782229,                    Epilithonimonas,Epilithonimonas,genus,0.00010106870043843603,fraction_reads,0.0,2,0,0.00010164512637030338,0.9943290352183993
Centrifuger,default,Centrifuger_default,ZymoMockD6331,ZymoMockD6331,pacbio,SRR13128014,2782231,2782231,                    Kaistella,Kaistella,genus,5.0534350219218014e-05,fraction_reads,0.0,1,0,5.082256318515169e-05,0.9943290352183993
Centrifuger,default,Centrifuger_default,ZymoMockD6331,ZymoMockD6331,pacbio,SRR13128014,308865,308865,                  Elizabethkingia,Elizabethkingia,genus,0.0005558778524113982,fraction_reads,0.0,11,2,0.0005590481950366686,0.9943290352183993
Centrifuger,default,Centrifuger_default,ZymoMockD6331,ZymoMockD6331,pacbio,SRR13128014,1778601,1778601,                  Apibacter,Apibacter,genus,0.00030320610131530807,fraction_reads,0.0,6,0,0.0003049353791109101,0.9943290352183993
Centrifuger,default,Centrifuger_default,ZymoMockD6331,ZymoMockD6331,pacbio,SRR13128014,59734,59734,                  Empedobacter,Empedobacter,genus,0.00020213740087687205,fraction_reads,0.0,4,0,0.00020329025274060675,0.9943290352183993
Centrifuger,default,Centrifuger_default,ZymoMockD6331,ZymoMockD6331,pacbio,SRR13128014,34084,34084,                  Riemerella,Riemerella,genus,0.00010106870043843603,fraction_reads,0.0,2,0,0.00010164512637030338,0.9943290352183993
Centrifuger,default,Centrifuger_default,ZymoMockD6331,ZymoMockD6331,pacbio,SRR13128014,501783,501783,                  Cloacibacterium,Cloacibacterium,genus,0.00010106870043843603,fraction_reads,0.0,2,0,0.00010164512637030338,0.9943290352183993
Centrifuger,default,Centrifuger_default,ZymoMockD6331,ZymoMockD6331,pacbio,SRR13128014,2766734,2766734,                  Faecalibacter,Faecalibacter,genus,0.00010106870043843603,fraction_reads,0.0,2,0,0.00010164512637030338,0.9943290352183993
Centrifuger,default,Centrifuger_default,ZymoMockD6331,ZymoMockD6331,pacbio,SRR13128014,34098,34098,                  Blattabacterium,Blattabacterium,genus,0.0007074809030690522,fraction_reads,0.0,14,0,0.0007115158845921236,0.9943290352183993
Centrifuger,default,Centrifuger_default,ZymoMockD6331,ZymoMockD6331,pacbio,SRR13128014,1755829,1755829,                  Ichthyobacterium,Ichthyobacterium,genus,0.00010106870043843603,fraction_reads,0.0,2,0,0.00010164512637030338,0.9943290352183993
Centrifuger,default,Centrifuger_default,ZymoMockD6331,ZymoMockD6331,pacbio,SRR13128014,59739,59739,                  Flammeovirga,Flammeovirga,genus,0.0010106870043843602,fraction_reads,0.0,20,0,0.0010164512637030336,0.9943290352183993
Centrifuger,default,Centrifuger_default,ZymoMockD6331,ZymoMockD6331,pacbio,SRR13128014,120831,120831,                  Dyadobacter,Dyadobacter,genus,0.0003537404515345261,fraction_reads,0.0,7,0,0.0003557579422960618,0.9943290352183993
Centrifuger,default,Centrifuger_default,ZymoMockD6331,ZymoMockD6331,pacbio,SRR13128014,105,105,                  Runella,Runella,genus,0.00025267175109609005,fraction_reads,0.0,5,0,0.0002541128159257584,0.9943290352183993
Centrifuger,default,Centrifuger_default,ZymoMockD6331,ZymoMockD6331,pacbio,SRR13128014,2173039,2173039,                  Arcticibacterium,Arcticibacterium,genus,0.00010106870043843603,fraction_reads,0.0,2,0,0.00010164512637030338,0.9943290352183993
Centrifuger,default,Centrifuger_default,ZymoMockD6331,ZymoMockD6331,pacbio,SRR13128014,319458,319458,                  Leadbetterella,Leadbetterella,genus,5.0534350219218014e-05,fraction_reads,0.0,1,0,5.082256318515169e-05,0.9943290352183993
Centrifuger,default,Centrifuger_default,ZymoMockD6331,ZymoMockD6331,pacbio,SRR13128014,89966,89966,                  Hymenobacter,Hymenobacter,genus,0.0005558778524113982,fraction_reads,0.0,11,0,0.0005590481950366686,0.9943290352183993
Centrifuger,default,Centrifuger_default,ZymoMockD6331,ZymoMockD6331,pacbio,SRR13128014,299566,299566,                  Adhaeribacter,Adhaeribacter,genus,0.00010106870043843603,fraction_reads,0.0,2,0,0.00010164512637030338,0.9943290352183993
Centrifuger,default,Centrifuger_default,ZymoMockD6331,ZymoMockD6331,pacbio,SRR13128014,323449,323449,                  Pontibacter,Pontibacter,genus,5.0534350219218014e-05,fraction_reads,0.0,1,0,5.082256318515169e-05,0.9943290352183993
Centrifuger,default,Centrifuger_default,ZymoMockD6331,ZymoMockD6331,pacbio,SRR13128014,390846,390846,                  Echinicola,Echinicola,genus,0.00025267175109609005,fraction_reads,0.0,5,0,0.0002541128159257584,0.9943290352183993
Centrifuger,default,Centrifuger_default,ZymoMockD6331,ZymoMockD6331,pacbio,SRR13128014,68288,68288,                  Cyclobacterium,Cyclobacterium,genus,0.00015160305065765403,fraction_reads,0.0,3,0,0.00015246768955545504,0.9943290352183993
Centrifuger,default,Centrifuger_default,ZymoMockD6331,ZymoMockD6331,pacbio,SRR13128014,1511649,1511649,                  Mongoliitalea,Mongoliitalea,genus,0.00010106870043843603,fraction_reads,0.0,2,0,0.00010164512637030338,0.9943290352183993
Centrifuger,default,Centrifuger_default,ZymoMockD6331,ZymoMockD6331,pacbio,SRR13128014,246875,246875,                  Algoriphagus,Algoriphagus,genus,5.0534350219218014e-05,fraction_reads,0.0,1,0,5.082256318515169e-05,0.9943290352183993
Centrifuger,default,Centrifuger_default,ZymoMockD6331,ZymoMockD6331,pacbio,SRR13128014,107,107,                  Spirosoma,Spirosoma,genus,0.00030320610131530807,fraction_reads,0.0,6,0,0.0003049353791109101,0.9943290352183993
Centrifuger,default,Centrifuger_default,ZymoMockD6331,ZymoMockD6331,pacbio,SRR13128014,455076,455076,                  Rhodocytophaga,Rhodocytophaga,genus,0.00015160305065765403,fraction_reads,0.0,3,0,0.00015246768955545504,0.9943290352183993
Centrifuger,default,Centrifuger_default,ZymoMockD6331,ZymoMockD6331,pacbio,SRR13128014,2676247,2676247,                  Aquirufa,Aquirufa,genus,5.0534350219218014e-05,fraction_reads,0.0,1,0,5.082256318515169e-05,0.9943290352183993
Centrifuger,default,Centrifuger_default,ZymoMockD6331,ZymoMockD6331,pacbio,SRR13128014,156993,156993,                  Reichenbachiella,Reichenbachiella,genus,0.00025267175109609005,fraction_reads,0.0,5,0,0.0002541128159257584,0.9943290352183993
Centrifuger,default,Centrifuger_default,ZymoMockD6331,ZymoMockD6331,pacbio,SRR13128014,281119,281119,                  Candidatus_Amoebophilus,Candidatus Amoebophilus,genus,0.00015160305065765403,fraction_reads,0.0,3,0,0.00015246768955545504,0.9943290352183993
Centrifuger,default,Centrifuger_default,ZymoMockD6331,ZymoMockD6331,pacbio,SRR13128014,273135,273135,                  Candidatus_Cardinium,Candidatus Cardinium,genus,5.0534350219218014e-05,fraction_reads,0.0,1,0,5.082256318515169e-05,0.9943290352183993
Centrifuger,default,Centrifuger_default,ZymoMockD6331,ZymoMockD6331,pacbio,SRR13128014,396811,396811,                  Fulvivirga,Fulvivirga,genus,0.00020213740087687205,fraction_reads,0.0,4,0,0.00020329025274060675,0.9943290352183993
Centrifuger,default,Centrifuger_default,ZymoMockD6331,ZymoMockD6331,pacbio,SRR13128014,2858886,2858886,                  Mangrovivirga,Mangrovivirga,genus,0.00015160305065765403,fraction_reads,0.0,3,0,0.00015246768955545504,0.9943290352183993
Centrifuger,default,Centrifuger_default,ZymoMockD6331,ZymoMockD6331,pacbio,SRR13128014,59740,59740,                  Persicobacter,Persicobacter,genus,0.00010106870043843603,fraction_reads,0.0,2,0,0.00010164512637030338,0.9943290352183993
Centrifuger,default,Centrifuger_default,ZymoMockD6331,ZymoMockD6331,pacbio,SRR13128014,1937972,1937972,                  Bernardetia,Bernardetia,genus,5.0534350219218014e-05,fraction_reads,0.0,1,0,5.082256318515169e-05,0.9943290352183993
Centrifuger,default,Centrifuger_default,ZymoMockD6331,ZymoMockD6331,pacbio,SRR13128014,423349,423349,                  Mucilaginibacter,Mucilaginibacter,genus,0.0016676335572341945,fraction_reads,0.0,33,13,0.0016771445851100056,0.9943290352183993
Centrifuger,default,Centrifuger_default,ZymoMockD6331,ZymoMockD6331,pacbio,SRR13128014,28453,28453,                  Sphingobacterium,Sphingobacterium,genus,0.0010106870043843602,fraction_reads,0.0,20,1,0.0010164512637030336,0.9943290352183993
Centrifuger,default,Centrifuger_default,ZymoMockD6331,ZymoMockD6331,pacbio,SRR13128014,84567,84567,                  Pedobacter,Pedobacter,genus,0.0004548091519729621,fraction_reads,0.0,9,0,0.0004574030686663651,0.9943290352183993
Centrifuger,default,Centrifuger_default,ZymoMockD6331,ZymoMockD6331,pacbio,SRR13128014,376469,376469,                  Olivibacter,Olivibacter,genus,5.0534350219218014e-05,fraction_reads,0.0,1,0,5.082256318515169e-05,0.9943290352183993
Centrifuger,default,Centrifuger_default,ZymoMockD6331,ZymoMockD6331,pacbio,SRR13128014,929509,929509,                  Solitalea,Solitalea,genus,5.0534350219218014e-05,fraction_reads,0.0,1,0,5.082256318515169e-05,0.9943290352183993
Centrifuger,default,Centrifuger_default,ZymoMockD6331,ZymoMockD6331,pacbio,SRR13128014,79328,79328,                  Chitinophaga,Chitinophaga,genus,0.00015160305065765403,fraction_reads,0.0,3,0,0.00015246768955545504,0.9943290352183993
Centrifuger,default,Centrifuger_default,ZymoMockD6331,ZymoMockD6331,pacbio,SRR13128014,1769012,1769012,                  Arachidicoccus,Arachidicoccus,genus,0.00015160305065765403,fraction_reads,0.0,3,0,0.00015246768955545504,0.9943290352183993
Centrifuger,default,Centrifuger_default,ZymoMockD6331,ZymoMockD6331,pacbio,SRR13128014,398041,398041,                  Flavisolibacter,Flavisolibacter,genus,0.00010106870043843603,fraction_reads,0.0,2,0,0.00010164512637030338,0.9943290352183993
Centrifuger,default,Centrifuger_default,ZymoMockD6331,ZymoMockD6331,pacbio,SRR13128014,504481,504481,                  Sediminibacterium,Sediminibacterium,genus,0.00010106870043843603,fraction_reads,0.0,2,0,0.00010164512637030338,0.9943290352183993
Centrifuger,default,Centrifuger_default,ZymoMockD6331,ZymoMockD6331,pacbio,SRR13128014,354354,354354,                  Niastella,Niastella,genus,5.0534350219218014e-05,fraction_reads,0.0,1,0,5.082256318515169e-05,0.9943290352183993
Centrifuger,default,Centrifuger_default,ZymoMockD6331,ZymoMockD6331,pacbio,SRR13128014,379899,379899,                  Niabella,Niabella,genus,5.0534350219218014e-05,fraction_reads,0.0,1,0,5.082256318515169e-05,0.9943290352183993
Centrifuger,default,Centrifuger_default,ZymoMockD6331,ZymoMockD6331,pacbio,SRR13128014,649461,649461,                  Lacibacter,Lacibacter,genus,5.0534350219218014e-05,fraction_reads,0.0,1,0,5.082256318515169e-05,0.9943290352183993
Centrifuger,default,Centrifuger_default,ZymoMockD6331,ZymoMockD6331,pacbio,SRR13128014,365032,365032,                  Aureispira,Aureispira,genus,0.00010106870043843603,fraction_reads,0.0,2,0,0.00010164512637030338,0.9943290352183993
Centrifuger,default,Centrifuger_default,ZymoMockD6331,ZymoMockD6331,pacbio,SRR13128014,795750,795750,                  Ignavibacterium,Ignavibacterium,genus,0.00015160305065765403,fraction_reads,0.0,3,0,0.00015246768955545504,0.9943290352183993
Centrifuger,default,Centrifuger_default,ZymoMockD6331,ZymoMockD6331,pacbio,SRR13128014,1101,1101,                  Prosthecochloris,Prosthecochloris,genus,5.0534350219218014e-05,fraction_reads,0.0,1,0,5.082256318515169e-05,0.9943290352183993
Centrifuger,default,Centrifuger_default,ZymoMockD6331,ZymoMockD6331,pacbio,SRR13128014,561,561,              Escherichia,Escherichia,genus,15.841305969319585,fraction_reads,15.84,313476,3808,15.931653817028609,0.9943290352183993
Centrifuger,default,Centrifuger_default,ZymoMockD6331,ZymoMockD6331,pacbio,SRR13128014,620,620,              Shigella,Shigella,genus,0.08100656340140647,fraction_reads,0.08,1603,0,0.08146856878579814,0.9943290352183993
Centrifuger,default,Centrifuger_default,ZymoMockD6331,ZymoMockD6331,pacbio,SRR13128014,590,590,              Salmonella,Salmonella,genus,0.012734656255242938,fraction_reads,0.01,252,0,0.012807285922658222,0.9943290352183993
Centrifuger,default,Centrifuger_default,ZymoMockD6331,ZymoMockD6331,pacbio,SRR13128014,570,570,                Klebsiella,Klebsiella,genus,0.0036890075660029145,fraction_reads,0.0,73,4,0.003710047112516072,0.9943290352183993
Centrifuger,default,Centrifuger_default,ZymoMockD6331,ZymoMockD6331,pacbio,SRR13128014,160674,160674,                Raoultella,Raoultella,genus,0.00010106870043843603,fraction_reads,0.0,2,0,0.00010164512637030338,0.9943290352183993
Centrifuger,default,Centrifuger_default,ZymoMockD6331,ZymoMockD6331,pacbio,SRR13128014,547,547,              Enterobacter,Enterobacter,genus,0.0025267175109609007,fraction_reads,0.0,50,2,0.0025411281592575843,0.9943290352183993
Centrifuger,default,Centrifuger_default,ZymoMockD6331,ZymoMockD6331,pacbio,SRR13128014,544,544,              Citrobacter,Citrobacter,genus,0.0012128244052612323,fraction_reads,0.0,24,1,0.0012197415164436403,0.9943290352183993
Centrifuger,default,Centrifuger_default,ZymoMockD6331,ZymoMockD6331,pacbio,SRR13128014,203804,203804,                    Candidatus_Blochmannia,Candidatus Blochmannia,genus,0.0003537404515345261,fraction_reads,0.0,7,1,0.0003557579422960618,0.9943290352183993
Centrifuger,default,Centrifuger_default,ZymoMockD6331,ZymoMockD6331,pacbio,SRR13128014,1682492,1682492,                  Candidatus_Tachikawaea,Candidatus Tachikawaea,genus,5.0534350219218014e-05,fraction_reads,0.0,1,0,5.082256318515169e-05,0.9943290352183993
Centrifuger,default,Centrifuger_default,ZymoMockD6331,ZymoMockD6331,pacbio,SRR13128014,83654,83654,              Leclercia,Leclercia,genus,0.00020213740087687205,fraction_reads,0.0,4,0,0.00020329025274060675,0.9943290352183993
Centrifuger,default,Centrifuger_default,ZymoMockD6331,ZymoMockD6331,pacbio,SRR13128014,1330545,1330545,              Lelliottia,Lelliottia,genus,0.00020213740087687205,fraction_reads,0.0,4,0,0.00020329025274060675,0.9943290352183993
Centrifuger,default,Centrifuger_default,ZymoMockD6331,ZymoMockD6331,pacbio,SRR13128014,1330547,1330547,              Kosakonia,Kosakonia,genus,0.00020213740087687205,fraction_reads,0.0,4,0,0.00020329025274060675,0.9943290352183993
Centrifuger,default,Centrifuger_default,ZymoMockD6331,ZymoMockD6331,pacbio,SRR13128014,579,579,              Kluyvera,Kluyvera,genus,0.00015160305065765403,fraction_reads,0.0,3,0,0.00015246768955545504,0.9943290352183993
Centrifuger,default,Centrifuger_default,ZymoMockD6331,ZymoMockD6331,pacbio,SRR13128014,409304,409304,              Candidatus_Ishikawaella,Candidatus Ishikawaella,genus,0.00015160305065765403,fraction_reads,0.0,3,0,0.00015246768955545504,0.9943290352183993
Centrifuger,default,Centrifuger_default,ZymoMockD6331,ZymoMockD6331,pacbio,SRR13128014,447792,447792,              Phytobacter,Phytobacter,genus,0.00015160305065765403,fraction_reads,0.0,3,0,0.00015246768955545504,0.9943290352183993
Centrifuger,default,Centrifuger_default,ZymoMockD6331,ZymoMockD6331,pacbio,SRR13128014,401618,401618,              Candidatus_Riesia,Candidatus Riesia,genus,0.00010106870043843603,fraction_reads,0.0,2,0,0.00010164512637030338,0.9943290352183993
Centrifuger,default,Centrifuger_default,ZymoMockD6331,ZymoMockD6331,pacbio,SRR13128014,82976,82976,              Buttiauxella,Buttiauxella,genus,5.0534350219218014e-05,fraction_reads,0.0,1,0,5.082256318515169e-05,0.9943290352183993
Centrifuger,default,Centrifuger_default,ZymoMockD6331,ZymoMockD6331,pacbio,SRR13128014,413496,413496,              Cronobacter,Cronobacter,genus,5.0534350219218014e-05,fraction_reads,0.0,1,0,5.082256318515169e-05,0.9943290352183993
Centrifuger,default,Centrifuger_default,ZymoMockD6331,ZymoMockD6331,pacbio,SRR13128014,1330546,1330546,              Pluralibacter,Pluralibacter,genus,5.0534350219218014e-05,fraction_reads,0.0,1,0,5.082256318515169e-05,0.9943290352183993
Centrifuger,default,Centrifuger_default,ZymoMockD6331,ZymoMockD6331,pacbio,SRR13128014,629,629,              Yersinia,Yersinia,genus,0.0014654961563573224,fraction_reads,0.0,29,4,0.0014738543323693988,0.9943290352183993
Centrifuger,default,Centrifuger_default,ZymoMockD6331,ZymoMockD6331,pacbio,SRR13128014,613,613,              Serratia,Serratia,genus,0.0006569465528498341,fraction_reads,0.0,13,1,0.0006606933214069718,0.9943290352183993
Centrifuger,default,Centrifuger_default,ZymoMockD6331,ZymoMockD6331,pacbio,SRR13128014,34037,34037,              Rahnella,Rahnella,genus,0.00025267175109609005,fraction_reads,0.0,5,0,0.0002541128159257584,0.9943290352183993
Centrifuger,default,Centrifuger_default,ZymoMockD6331,ZymoMockD6331,pacbio,SRR13128014,1565532,1565532,              Rouxiella,Rouxiella,genus,0.00015160305065765403,fraction_reads,0.0,3,0,0.00015246768955545504,0.9943290352183993
Centrifuger,default,Centrifuger_default,ZymoMockD6331,ZymoMockD6331,pacbio,SRR13128014,1927833,1927833,              Candidatus_Fukatsuia,Candidatus Fukatsuia,genus,5.0534350219218014e-05,fraction_reads,0.0,1,0,5.082256318515169e-05,0.9943290352183993
Centrifuger,default,Centrifuger_default,ZymoMockD6331,ZymoMockD6331,pacbio,SRR13128014,32199,32199,              Buchnera,Buchnera,genus,0.0011117557048227963,fraction_reads,0.0,22,0,0.0011180963900733372,0.9943290352183993
Centrifuger,default,Centrifuger_default,ZymoMockD6331,ZymoMockD6331,pacbio,SRR13128014,551,551,              Erwinia,Erwinia,genus,0.0004548091519729621,fraction_reads,0.0,9,1,0.0004574030686663651,0.9943290352183993
Centrifuger,default,Centrifuger_default,ZymoMockD6331,ZymoMockD6331,pacbio,SRR13128014,53335,53335,              Pantoea,Pantoea,genus,0.0004548091519729621,fraction_reads,0.0,9,0,0.0004574030686663651,0.9943290352183993
Centrifuger,default,Centrifuger_default,ZymoMockD6331,ZymoMockD6331,pacbio,SRR13128014,3026546,3026546,              Duffyella,Duffyella,genus,0.00030320610131530807,fraction_reads,0.0,6,0,0.0003049353791109101,0.9943290352183993
Centrifuger,default,Centrifuger_default,ZymoMockD6331,ZymoMockD6331,pacbio,SRR13128014,51228,51228,              Wigglesworthia,Wigglesworthia,genus,5.0534350219218014e-05,fraction_reads,0.0,1,0,5.082256318515169e-05,0.9943290352183993
Centrifuger,default,Centrifuger_default,ZymoMockD6331,ZymoMockD6331,pacbio,SRR13128014,2100764,2100764,              Mixta,Mixta,genus,5.0534350219218014e-05,fraction_reads,0.0,1,0,5.082256318515169e-05,0.9943290352183993
Centrifuger,default,Centrifuger_default,ZymoMockD6331,ZymoMockD6331,pacbio,SRR13128014,586,586,              Providencia,Providencia,genus,0.0007580152532882701,fraction_reads,0.0,15,3,0.0007623384477772752,0.9943290352183993
Centrifuger,default,Centrifuger_default,ZymoMockD6331,ZymoMockD6331,pacbio,SRR13128014,583,583,              Proteus,Proteus,genus,0.0005053435021921801,fraction_reads,0.0,10,0,0.0005082256318515168,0.9943290352183993
Centrifuger,default,Centrifuger_default,ZymoMockD6331,ZymoMockD6331,pacbio,SRR13128014,626,626,              Xenorhabdus,Xenorhabdus,genus,0.00030320610131530807,fraction_reads,0.0,6,0,0.0003049353791109101,0.9943290352183993
Centrifuger,default,Centrifuger_default,ZymoMockD6331,ZymoMockD6331,pacbio,SRR13128014,29487,29487,              Photorhabdus,Photorhabdus,genus,0.00015160305065765403,fraction_reads,0.0,3,0,0.00015246768955545504,0.9943290352183993
Centrifuger,default,Centrifuger_default,ZymoMockD6331,ZymoMockD6331,pacbio,SRR13128014,581,581,              Morganella,Morganella,genus,5.0534350219218014e-05,fraction_reads,0.0,1,0,5.082256318515169e-05,0.9943290352183993
Centrifuger,default,Centrifuger_default,ZymoMockD6331,ZymoMockD6331,pacbio,SRR13128014,637,637,              Arsenophonus,Arsenophonus,genus,5.0534350219218014e-05,fraction_reads,0.0,1,0,5.082256318515169e-05,0.9943290352183993
Centrifuger,default,Centrifuger_default,ZymoMockD6331,ZymoMockD6331,pacbio,SRR13128014,204037,204037,              Dickeya,Dickeya,genus,0.00020213740087687205,fraction_reads,0.0,4,0,0.00020329025274060675,0.9943290352183993
Centrifuger,default,Centrifuger_default,ZymoMockD6331,ZymoMockD6331,pacbio,SRR13128014,122277,122277,              Pectobacterium,Pectobacterium,genus,0.00015160305065765403,fraction_reads,0.0,3,0,0.00015246768955545504,0.9943290352183993
Centrifuger,default,Centrifuger_default,ZymoMockD6331,ZymoMockD6331,pacbio,SRR13128014,568,568,              Hafnia,Hafnia,genus,0.00010106870043843603,fraction_reads,0.0,2,1,0.00010164512637030338,0.9943290352183993
Centrifuger,default,Centrifuger_default,ZymoMockD6331,ZymoMockD6331,pacbio,SRR13128014,635,635,              Edwardsiella,Edwardsiella,genus,5.0534350219218014e-05,fraction_reads,0.0,1,0,5.082256318515169e-05,0.9943290352183993
Centrifuger,default,Centrifuger_default,ZymoMockD6331,ZymoMockD6331,pacbio,SRR13128014,82984,82984,              Pragia,Pragia,genus,0.00015160305065765403,fraction_reads,0.0,3,0,0.00015246768955545504,0.9943290352183993
Centrifuger,default,Centrifuger_default,ZymoMockD6331,ZymoMockD6331,pacbio,SRR13128014,84565,84565,              Sodalis,Sodalis,genus,0.00015160305065765403,fraction_reads,0.0,3,0,0.00015246768955545504,0.9943290352183993
Centrifuger,default,Centrifuger_default,ZymoMockD6331,ZymoMockD6331,pacbio,SRR13128014,22,22,              Shewanella,Shewanella,genus,0.0020213740087687204,fraction_reads,0.0,40,3,0.0020329025274060672,0.9943290352183993
Centrifuger,default,Centrifuger_default,ZymoMockD6331,ZymoMockD6331,pacbio,SRR13128014,53246,53246,              Pseudoalteromonas,Pseudoalteromonas,genus,0.0012128244052612323,fraction_reads,0.0,24,6,0.0012197415164436403,0.9943290352183993
Centrifuger,default,Centrifuger_default,ZymoMockD6331,ZymoMockD6331,pacbio,SRR13128014,2834759,2834759,              Flocculibacter,Flocculibacter,genus,5.0534350219218014e-05,fraction_reads,0.0,1,0,5.082256318515169e-05,0.9943290352183993
Centrifuger,default,Centrifuger_default,ZymoMockD6331,ZymoMockD6331,pacbio,SRR13128014,28228,28228,              Colwellia,Colwellia,genus,0.0008085496035074882,fraction_reads,0.0,16,0,0.000813161010962427,0.9943290352183993
Centrifuger,default,Centrifuger_default,ZymoMockD6331,ZymoMockD6331,pacbio,SRR13128014,1518149,1518149,              Thalassotalea,Thalassotalea,genus,0.00020213740087687205,fraction_reads,0.0,4,0,0.00020329025274060675,0.9943290352183993
Centrifuger,default,Centrifuger_default,ZymoMockD6331,ZymoMockD6331,pacbio,SRR13128014,137583,137583,              Thalassomonas,Thalassomonas,genus,0.00010106870043843603,fraction_reads,0.0,2,2,0.00010164512637030338,0.9943290352183993
Centrifuger,default,Centrifuger_default,ZymoMockD6331,ZymoMockD6331,pacbio,SRR13128014,226,226,                Alteromonas,Alteromonas,genus,0.0005558778524113982,fraction_reads,0.0,11,6,0.0005590481950366686,0.9943290352183993
Centrifuger,default,Centrifuger_default,ZymoMockD6331,ZymoMockD6331,pacbio,SRR13128014,288793,288793,                Salinimonas,Salinimonas,genus,5.0534350219218014e-05,fraction_reads,0.0,1,0,5.082256318515169e-05,0.9943290352183993
Centrifuger,default,Centrifuger_default,ZymoMockD6331,ZymoMockD6331,pacbio,SRR13128014,89404,89404,              Glaciecola,Glaciecola,genus,0.00010106870043843603,fraction_reads,0.0,2,0,0.00010164512637030338,0.9943290352183993
Centrifuger,default,Centrifuger_default,ZymoMockD6331,ZymoMockD6331,pacbio,SRR13128014,1621534,1621534,              Paraglaciecola,Paraglaciecola,genus,0.00010106870043843603,fraction_reads,0.0,2,0,0.00010164512637030338,0.9943290352183993
Centrifuger,default,Centrifuger_default,ZymoMockD6331,ZymoMockD6331,pacbio,SRR13128014,261825,261825,              Agarivorans,Agarivorans,genus,5.0534350219218014e-05,fraction_reads,0.0,1,1,5.082256318515169e-05,0.9943290352183993
Centrifuger,default,Centrifuger_default,ZymoMockD6331,ZymoMockD6331,pacbio,SRR13128014,58050,58050,              Moritella,Moritella,genus,0.00025267175109609005,fraction_reads,0.0,5,1,0.0002541128159257584,0.9943290352183993
Centrifuger,default,Centrifuger_default,ZymoMockD6331,ZymoMockD6331,pacbio,SRR13128014,135575,135575,              Idiomarina,Idiomarina,genus,0.00020213740087687205,fraction_reads,0.0,4,1,0.00020329025274060675,0.9943290352183993
Centrifuger,default,Centrifuger_default,ZymoMockD6331,ZymoMockD6331,pacbio,SRR13128014,67572,67572,              Psychromonas,Psychromonas,genus,5.0534350219218014e-05,fraction_reads,0.0,1,0,5.082256318515169e-05,0.9943290352183993
Centrifuger,default,Centrifuger_default,ZymoMockD6331,ZymoMockD6331,pacbio,SRR13128014,662,662,              Vibrio,Vibrio,genus,0.004750228920606493,fraction_reads,0.0,94,18,0.004777320939404258,0.9943290352183993
Centrifuger,default,Centrifuger_default,ZymoMockD6331,ZymoMockD6331,pacbio,SRR13128014,657,657,              Photobacterium,Photobacterium,genus,0.0005053435021921801,fraction_reads,0.0,10,0,0.0005082256318515168,0.9943290352183993
Centrifuger,default,Centrifuger_default,ZymoMockD6331,ZymoMockD6331,pacbio,SRR13128014,2014233,2014233,              Thaumasiovibrio,Thaumasiovibrio,genus,0.00015160305065765403,fraction_reads,0.0,3,0,0.00015246768955545504,0.9943290352183993
Centrifuger,default,Centrifuger_default,ZymoMockD6331,ZymoMockD6331,pacbio,SRR13128014,286,286,              Pseudomonas,Pseudomonas,genus,0.004447022819291185,fraction_reads,0.0,88,19,0.004472385560293349,0.9943290352183993
Centrifuger,default,Centrifuger_default,ZymoMockD6331,ZymoMockD6331,pacbio,SRR13128014,352,352,                Azotobacter,Azotobacter,genus,0.00010106870043843603,fraction_reads,0.0,2,0,0.00010164512637030338,0.9943290352183993
Centrifuger,default,Centrifuger_default,ZymoMockD6331,ZymoMockD6331,pacbio,SRR13128014,2758906,2758906,              Entomomonas,Entomomonas,genus,0.00010106870043843603,fraction_reads,0.0,2,0,0.00010164512637030338,0.9943290352183993
Centrifuger,default,Centrifuger_default,ZymoMockD6331,ZymoMockD6331,pacbio,SRR13128014,2901164,2901164,              Stutzerimonas,Stutzerimonas,genus,0.00010106870043843603,fraction_reads,0.0,2,0,0.00010164512637030338,0.9943290352183993
Centrifuger,default,Centrifuger_default,ZymoMockD6331,ZymoMockD6331,pacbio,SRR13128014,2742,2742,              Marinobacter,Marinobacter,genus,5.0534350219218014e-05,fraction_reads,0.0,1,0,5.082256318515169e-05,0.9943290352183993
Centrifuger,default,Centrifuger_default,ZymoMockD6331,ZymoMockD6331,pacbio,SRR13128014,469,469,              Acinetobacter,Acinetobacter,genus,0.004194351068195095,fraction_reads,0.0,83,30,0.00421827274436759,0.9943290352183993
Centrifuger,default,Centrifuger_default,ZymoMockD6331,ZymoMockD6331,pacbio,SRR13128014,475,475,              Moraxella,Moraxella,genus,0.00025267175109609005,fraction_reads,0.0,5,1,0.0002541128159257584,0.9943290352183993
Centrifuger,default,Centrifuger_default,ZymoMockD6331,ZymoMockD6331,pacbio,SRR13128014,497,497,              Psychrobacter,Psychrobacter,genus,0.00015160305065765403,fraction_reads,0.0,3,1,0.00015246768955545504,0.9943290352183993
Centrifuger,default,Centrifuger_default,ZymoMockD6331,ZymoMockD6331,pacbio,SRR13128014,724,724,              Haemophilus,Haemophilus,genus,0.0009601526541651422,fraction_reads,0.0,19,0,0.000965628700517882,0.9943290352183993
Centrifuger,default,Centrifuger_default,ZymoMockD6331,ZymoMockD6331,pacbio,SRR13128014,75984,75984,              Mannheimia,Mannheimia,genus,0.0005558778524113982,fraction_reads,0.0,11,2,0.0005590481950366686,0.9943290352183993
Centrifuger,default,Centrifuger_default,ZymoMockD6331,ZymoMockD6331,pacbio,SRR13128014,416916,416916,              Aggregatibacter,Aggregatibacter,genus,0.0003537404515345261,fraction_reads,0.0,7,1,0.0003557579422960618,0.9943290352183993
Centrifuger,default,Centrifuger_default,ZymoMockD6331,ZymoMockD6331,pacbio,SRR13128014,745,745,              Pasteurella,Pasteurella,genus,0.00025267175109609005,fraction_reads,0.0,5,0,0.0002541128159257584,0.9943290352183993
Centrifuger,default,Centrifuger_default,ZymoMockD6331,ZymoMockD6331,pacbio,SRR13128014,476528,476528,              Bibersteinia,Bibersteinia,genus,0.00020213740087687205,fraction_reads,0.0,4,0,0.00020329025274060675,0.9943290352183993
Centrifuger,default,Centrifuger_default,ZymoMockD6331,ZymoMockD6331,pacbio,SRR13128014,2899790,2899790,              Mergibacter,Mergibacter,genus,0.00020213740087687205,fraction_reads,0.0,4,0,0.00020329025274060675,0.9943290352183993
Centrifuger,default,Centrifuger_default,ZymoMockD6331,ZymoMockD6331,pacbio,SRR13128014,109471,109471,              Bisgaardia,Bisgaardia,genus,0.00015160305065765403,fraction_reads,0.0,3,0,0.00015246768955545504,0.9943290352183993
Centrifuger,default,Centrifuger_default,ZymoMockD6331,ZymoMockD6331,pacbio,SRR13128014,713,713,              Actinobacillus,Actinobacillus,genus,0.00010106870043843603,fraction_reads,0.0,2,0,0.00010164512637030338,0.9943290352183993
Centrifuger,default,Centrifuger_default,ZymoMockD6331,ZymoMockD6331,pacbio,SRR13128014,214906,214906,              Histophilus,Histophilus,genus,0.00010106870043843603,fraction_reads,0.0,2,0,0.00010164512637030338,0.9943290352183993
Centrifuger,default,Centrifuger_default,ZymoMockD6331,ZymoMockD6331,pacbio,SRR13128014,292486,292486,              Avibacterium,Avibacterium,genus,5.0534350219218014e-05,fraction_reads,0.0,1,1,5.082256318515169e-05,0.9943290352183993
Centrifuger,default,Centrifuger_default,ZymoMockD6331,ZymoMockD6331,pacbio,SRR13128014,1649317,1649317,              Frederiksenia,Frederiksenia,genus,5.0534350219218014e-05,fraction_reads,0.0,1,0,5.082256318515169e-05,0.9943290352183993
Centrifuger,default,Centrifuger_default,ZymoMockD6331,ZymoMockD6331,pacbio,SRR13128014,2094023,2094023,              Glaesserella,Glaesserella,genus,5.0534350219218014e-05,fraction_reads,0.0,1,0,5.082256318515169e-05,0.9943290352183993
Centrifuger,default,Centrifuger_default,ZymoMockD6331,ZymoMockD6331,pacbio,SRR13128014,338,338,              Xanthomonas,Xanthomonas,genus,0.0018192366078918483,fraction_reads,0.0,36,0,0.0018296122746654605,0.9943290352183993
Centrifuger,default,Centrifuger_default,ZymoMockD6331,ZymoMockD6331,pacbio,SRR13128014,40323,40323,              Stenotrophomonas,Stenotrophomonas,genus,0.0007580152532882701,fraction_reads,0.0,15,0,0.0007623384477772752,0.9943290352183993
Centrifuger,default,Centrifuger_default,ZymoMockD6331,ZymoMockD6331,pacbio,SRR13128014,68,68,              Lysobacter,Lysobacter,genus,0.00020213740087687205,fraction_reads,0.0,4,0,0.00020329025274060675,0.9943290352183993
Centrifuger,default,Centrifuger_default,ZymoMockD6331,ZymoMockD6331,pacbio,SRR13128014,2370,2370,              Xylella,Xylella,genus,0.00020213740087687205,fraction_reads,0.0,4,0,0.00020329025274060675,0.9943290352183993
Centrifuger,default,Centrifuger_default,ZymoMockD6331,ZymoMockD6331,pacbio,SRR13128014,242605,242605,              Luteibacter,Luteibacter,genus,0.00015160305065765403,fraction_reads,0.0,3,0,0.00015246768955545504,0.9943290352183993
Centrifuger,default,Centrifuger_default,ZymoMockD6331,ZymoMockD6331,pacbio,SRR13128014,48075,48075,              Marinobacterium,Marinobacterium,genus,0.0004042748017537441,fraction_reads,0.0,8,0,0.0004065805054812135,0.9943290352183993
Centrifuger,default,Centrifuger_default,ZymoMockD6331,ZymoMockD6331,pacbio,SRR13128014,187492,187492,              Thalassolituus,Thalassolituus,genus,0.0003537404515345261,fraction_reads,0.0,7,0,0.0003557579422960618,0.9943290352183993
Centrifuger,default,Centrifuger_default,ZymoMockD6331,ZymoMockD6331,pacbio,SRR13128014,28253,28253,              Marinomonas,Marinomonas,genus,0.00010106870043843603,fraction_reads,0.0,2,0,0.00010164512637030338,0.9943290352183993
Centrifuger,default,Centrifuger_default,ZymoMockD6331,ZymoMockD6331,pacbio,SRR13128014,267849,267849,              Nitrincola,Nitrincola,genus,0.00010106870043843603,fraction_reads,0.0,2,0,0.00010164512637030338,0.9943290352183993
Centrifuger,default,Centrifuger_default,ZymoMockD6331,ZymoMockD6331,pacbio,SRR13128014,2745,2745,              Halomonas,Halomonas,genus,0.0004042748017537441,fraction_reads,0.0,8,0,0.0004065805054812135,0.9943290352183993
Centrifuger,default,Centrifuger_default,ZymoMockD6331,ZymoMockD6331,pacbio,SRR13128014,33073,33073,                Zymobacter,Zymobacter,genus,0.00015160305065765403,fraction_reads,0.0,3,0,0.00015246768955545504,0.9943290352183993
Centrifuger,default,Centrifuger_default,ZymoMockD6331,ZymoMockD6331,pacbio,SRR13128014,114185,114185,                Candidatus_Carsonella,Candidatus Carsonella,genus,5.0534350219218014e-05,fraction_reads,0.0,1,0,5.082256318515169e-05,0.9943290352183993
Centrifuger,default,Centrifuger_default,ZymoMockD6331,ZymoMockD6331,pacbio,SRR13128014,204286,204286,              Cobetia,Cobetia,genus,0.00010106870043843603,fraction_reads,0.0,2,0,0.00010164512637030338,0.9943290352183993
Centrifuger,default,Centrifuger_default,ZymoMockD6331,ZymoMockD6331,pacbio,SRR13128014,305899,305899,              Endozoicomonas,Endozoicomonas,genus,0.00020213740087687205,fraction_reads,0.0,4,0,0.00020329025274060675,0.9943290352183993
Centrifuger,default,Centrifuger_default,ZymoMockD6331,ZymoMockD6331,pacbio,SRR13128014,158481,158481,              Hahella,Hahella,genus,0.00010106870043843603,fraction_reads,0.0,2,0,0.00010164512637030338,0.9943290352183993
Centrifuger,default,Centrifuger_default,ZymoMockD6331,ZymoMockD6331,pacbio,SRR13128014,2768738,2768738,              Spartinivicinus,Spartinivicinus,genus,0.00010106870043843603,fraction_reads,0.0,2,0,0.00010164512637030338,0.9943290352183993
Centrifuger,default,Centrifuger_default,ZymoMockD6331,ZymoMockD6331,pacbio,SRR13128014,1445504,1445504,              Gynuella,Gynuella,genus,5.0534350219218014e-05,fraction_reads,0.0,1,0,5.082256318515169e-05,0.9943290352183993
Centrifuger,default,Centrifuger_default,ZymoMockD6331,ZymoMockD6331,pacbio,SRR13128014,445,445,              Legionella,Legionella,genus,0.0015160305065765403,fraction_reads,0.0,30,0,0.0015246768955545504,0.9943290352183993
Centrifuger,default,Centrifuger_default,ZymoMockD6331,ZymoMockD6331,pacbio,SRR13128014,465,465,              Tatlockia,Tatlockia,genus,5.0534350219218014e-05,fraction_reads,0.0,1,0,5.082256318515169e-05,0.9943290352183993
Centrifuger,default,Centrifuger_default,ZymoMockD6331,ZymoMockD6331,pacbio,SRR13128014,776,776,              Coxiella,Coxiella,genus,0.00015160305065765403,fraction_reads,0.0,3,0,0.00015246768955545504,0.9943290352183993
Centrifuger,default,Centrifuger_default,ZymoMockD6331,ZymoMockD6331,pacbio,SRR13128014,254245,254245,              Aquicella,Aquicella,genus,0.00010106870043843603,fraction_reads,0.0,2,0,0.00010164512637030338,0.9943290352183993
Centrifuger,default,Centrifuger_default,ZymoMockD6331,ZymoMockD6331,pacbio,SRR13128014,59195,59195,              Rickettsiella,Rickettsiella,genus,5.0534350219218014e-05,fraction_reads,0.0,1,0,5.082256318515169e-05,0.9943290352183993
Centrifuger,default,Centrifuger_default,ZymoMockD6331,ZymoMockD6331,pacbio,SRR13128014,262,262,              Francisella,Francisella,genus,0.0008085496035074882,fraction_reads,0.0,16,0,0.000813161010962427,0.9943290352183993
Centrifuger,default,Centrifuger_default,ZymoMockD6331,ZymoMockD6331,pacbio,SRR13128014,1237,1237,              Piscirickettsia,Piscirickettsia,genus,0.00030320610131530807,fraction_reads,0.0,6,0,0.0003049353791109101,0.9943290352183993
Centrifuger,default,Centrifuger_default,ZymoMockD6331,ZymoMockD6331,pacbio,SRR13128014,2781120,2781120,              Thiosulfativibrio,Thiosulfativibrio,genus,0.00025267175109609005,fraction_reads,0.0,5,0,0.0002541128159257584,0.9943290352183993
Centrifuger,default,Centrifuger_default,ZymoMockD6331,ZymoMockD6331,pacbio,SRR13128014,34067,34067,              Cycloclasticus,Cycloclasticus,genus,0.00010106870043843603,fraction_reads,0.0,2,1,0.00010164512637030338,0.9943290352183993
Centrifuger,default,Centrifuger_default,ZymoMockD6331,ZymoMockD6331,pacbio,SRR13128014,2039723,2039723,              Thiomicrorhabdus,Thiomicrorhabdus,genus,0.00010106870043843603,fraction_reads,0.0,2,0,0.00010164512637030338,0.9943290352183993
Centrifuger,default,Centrifuger_default,ZymoMockD6331,ZymoMockD6331,pacbio,SRR13128014,28884,28884,              Hydrogenovibrio,Hydrogenovibrio,genus,5.0534350219218014e-05,fraction_reads,0.0,1,0,5.082256318515169e-05,0.9943290352183993
Centrifuger,default,Centrifuger_default,ZymoMockD6331,ZymoMockD6331,pacbio,SRR13128014,1030,1030,              Thiothrix,Thiothrix,genus,0.00010106870043843603,fraction_reads,0.0,2,0,0.00010164512637030338,0.9943290352183993
Centrifuger,default,Centrifuger_default,ZymoMockD6331,ZymoMockD6331,pacbio,SRR13128014,642,642,              Aeromonas,Aeromonas,genus,0.0008590839537267062,fraction_reads,0.0,17,5,0.0008639835741475786,0.9943290352183993
Centrifuger,default,Centrifuger_default,ZymoMockD6331,ZymoMockD6331,pacbio,SRR13128014,225143,225143,              Oceanisphaera,Oceanisphaera,genus,5.0534350219218014e-05,fraction_reads,0.0,1,0,5.082256318515169e-05,0.9943290352183993
Centrifuger,default,Centrifuger_default,ZymoMockD6331,ZymoMockD6331,pacbio,SRR13128014,2802288,2802288,              Dongshaea,Dongshaea,genus,5.0534350219218014e-05,fraction_reads,0.0,1,0,5.082256318515169e-05,0.9943290352183993
Centrifuger,default,Centrifuger_default,ZymoMockD6331,ZymoMockD6331,pacbio,SRR13128014,53392,53392,              Thiodictyon,Thiodictyon,genus,0.00025267175109609005,fraction_reads,0.0,5,0,0.0002541128159257584,0.9943290352183993
Centrifuger,default,Centrifuger_default,ZymoMockD6331,ZymoMockD6331,pacbio,SRR13128014,1227,1227,              Nitrosococcus,Nitrosococcus,genus,0.00020213740087687205,fraction_reads,0.0,4,0,0.00020329025274060675,0.9943290352183993
Centrifuger,default,Centrifuger_default,ZymoMockD6331,ZymoMockD6331,pacbio,SRR13128014,2828366,2828366,              Caldichromatium,Caldichromatium,genus,5.0534350219218014e-05,fraction_reads,0.0,1,0,5.082256318515169e-05,0.9943290352183993
Centrifuger,default,Centrifuger_default,ZymoMockD6331,ZymoMockD6331,pacbio,SRR13128014,1051,1051,              Ectothiorhodospira,Ectothiorhodospira,genus,0.00010106870043843603,fraction_reads,0.0,2,0,0.00010164512637030338,0.9943290352183993
Centrifuger,default,Centrifuger_default,ZymoMockD6331,ZymoMockD6331,pacbio,SRR13128014,10,10,              Cellvibrio,Cellvibrio,genus,0.00020213740087687205,fraction_reads,0.0,4,0,0.00020329025274060675,0.9943290352183993
Centrifuger,default,Centrifuger_default,ZymoMockD6331,ZymoMockD6331,pacbio,SRR13128014,1217416,1217416,              Halioglobus,Halioglobus,genus,0.00010106870043843603,fraction_reads,0.0,2,0,0.00010164512637030338,0.9943290352183993
Centrifuger,default,Centrifuger_default,ZymoMockD6331,ZymoMockD6331,pacbio,SRR13128014,2847769,2847769,              Aequoribacter,Aequoribacter,genus,0.00010106870043843603,fraction_reads,0.0,2,0,0.00010164512637030338,0.9943290352183993
Centrifuger,default,Centrifuger_default,ZymoMockD6331,ZymoMockD6331,pacbio,SRR13128014,412033,412033,              Celerinatantimonas,Celerinatantimonas,genus,5.0534350219218014e-05,fraction_reads,0.0,1,0,5.082256318515169e-05,0.9943290352183993
Centrifuger,default,Centrifuger_default,ZymoMockD6331,ZymoMockD6331,pacbio,SRR13128014,745410,745410,            Gallaecimonas,Gallaecimonas,genus,5.0534350219218014e-05,fraction_reads,0.0,1,0,5.082256318515169e-05,0.9943290352183993
Centrifuger,default,Centrifuger_default,ZymoMockD6331,ZymoMockD6331,pacbio,SRR13128014,2841677,2841677,            Candidatus_Pseudothioglobus,Candidatus Pseudothioglobus,genus,5.0534350219218014e-05,fraction_reads,0.0,1,0,5.082256318515169e-05,0.9943290352183993
Centrifuger,default,Centrifuger_default,ZymoMockD6331,ZymoMockD6331,pacbio,SRR13128014,1193503,1193503,              Gilliamella,Gilliamella,genus,0.00015160305065765403,fraction_reads,0.0,3,0,0.00015246768955545504,0.9943290352183993
Centrifuger,default,Centrifuger_default,ZymoMockD6331,ZymoMockD6331,pacbio,SRR13128014,1335631,1335631,              Frischella,Frischella,genus,5.0534350219218014e-05,fraction_reads,0.0,1,0,5.082256318515169e-05,0.9943290352183993
Centrifuger,default,Centrifuger_default,ZymoMockD6331,ZymoMockD6331,pacbio,SRR13128014,1861863,1861863,              Sinimarinibacterium,Sinimarinibacterium,genus,0.00010106870043843603,fraction_reads,0.0,2,0,0.00010164512637030338,0.9943290352183993
Centrifuger,default,Centrifuger_default,ZymoMockD6331,ZymoMockD6331,pacbio,SRR13128014,2893022,2893022,              Flagellatimonas,Flagellatimonas,genus,5.0534350219218014e-05,fraction_reads,0.0,1,0,5.082256318515169e-05,0.9943290352183993
Centrifuger,default,Centrifuger_default,ZymoMockD6331,ZymoMockD6331,pacbio,SRR13128014,416,416,              Methylomonas,Methylomonas,genus,5.0534350219218014e-05,fraction_reads,0.0,1,1,5.082256318515169e-05,0.9943290352183993
Centrifuger,default,Centrifuger_default,ZymoMockD6331,ZymoMockD6331,pacbio,SRR13128014,762296,762296,              Methylovulum,Methylovulum,genus,5.0534350219218014e-05,fraction_reads,0.0,1,0,5.082256318515169e-05,0.9943290352183993
Centrifuger,default,Centrifuger_default,ZymoMockD6331,ZymoMockD6331,pacbio,SRR13128014,986106,986106,              Acidiferrobacter,Acidiferrobacter,genus,5.0534350219218014e-05,fraction_reads,0.0,1,0,5.082256318515169e-05,0.9943290352183993
Centrifuger,default,Centrifuger_default,ZymoMockD6331,ZymoMockD6331,pacbio,SRR13128014,261963,261963,              Kangiella,Kangiella,genus,5.0534350219218014e-05,fraction_reads,0.0,1,0,5.082256318515169e-05,0.9943290352183993
Centrifuger,default,Centrifuger_default,ZymoMockD6331,ZymoMockD6331,pacbio,SRR13128014,2975286,2975286,              Candidatus_Comchoanobacter,Candidatus Comchoanobacter,genus,5.0534350219218014e-05,fraction_reads,0.0,1,0,5.082256318515169e-05,0.9943290352183993
Centrifuger,default,Centrifuger_default,ZymoMockD6331,ZymoMockD6331,pacbio,SRR13128014,773,773,              Bartonella,Bartonella,genus,0.0011117557048227963,fraction_reads,0.0,22,4,0.0011180963900733372,0.9943290352183993
Centrifuger,default,Centrifuger_default,ZymoMockD6331,ZymoMockD6331,pacbio,SRR13128014,374,374,              Bradyrhizobium,Bradyrhizobium,genus,0.0010106870043843602,fraction_reads,0.0,20,2,0.0010164512637030336,0.9943290352183993
Centrifuger,default,Centrifuger_default,ZymoMockD6331,ZymoMockD6331,pacbio,SRR13128014,379,379,                Rhizobium,Rhizobium,genus,0.00025267175109609005,fraction_reads,0.0,5,2,0.0002541128159257584,0.9943290352183993
Centrifuger,default,Centrifuger_default,ZymoMockD6331,ZymoMockD6331,pacbio,SRR13128014,357,357,                Agrobacterium,Agrobacterium,genus,5.0534350219218014e-05,fraction_reads,0.0,1,0,5.082256318515169e-05,0.9943290352183993
Centrifuger,default,Centrifuger_default,ZymoMockD6331,ZymoMockD6331,pacbio,SRR13128014,106591,106591,                Ensifer,Ensifer,genus,0.00020213740087687205,fraction_reads,0.0,4,0,0.00020329025274060675,0.9943290352183993
Centrifuger,default,Centrifuger_default,ZymoMockD6331,ZymoMockD6331,pacbio,SRR13128014,28105,28105,                Sinorhizobium,Sinorhizobium,genus,5.0534350219218014e-05,fraction_reads,0.0,1,0,5.082256318515169e-05,0.9943290352183993
Centrifuger,default,Centrifuger_default,ZymoMockD6331,ZymoMockD6331,pacbio,SRR13128014,34019,34019,              Liberibacter,Liberibacter,genus,0.00020213740087687205,fraction_reads,0.0,4,0,0.00020329025274060675,0.9943290352183993
Centrifuger,default,Centrifuger_default,ZymoMockD6331,ZymoMockD6331,pacbio,SRR13128014,68287,68287,              Mesorhizobium,Mesorhizobium,genus,0.00025267175109609005,fraction_reads,0.0,5,3,0.0002541128159257584,0.9943290352183993
Centrifuger,default,Centrifuger_default,ZymoMockD6331,ZymoMockD6331,pacbio,SRR13128014,31988,31988,              Aminobacter,Aminobacter,genus,0.00020213740087687205,fraction_reads,0.0,4,3,0.00020329025274060675,0.9943290352183993
Centrifuger,default,Centrifuger_default,ZymoMockD6331,ZymoMockD6331,pacbio,SRR13128014,28100,28100,              Phyllobacterium,Phyllobacterium,genus,0.00010106870043843603,fraction_reads,0.0,2,0,0.00010164512637030338,0.9943290352183993
Centrifuger,default,Centrifuger_default,ZymoMockD6331,ZymoMockD6331,pacbio,SRR13128014,234,234,                Brucella,Brucella,genus,0.00025267175109609005,fraction_reads,0.0,5,0,0.0002541128159257584,0.9943290352183993
Centrifuger,default,Centrifuger_default,ZymoMockD6331,ZymoMockD6331,pacbio,SRR13128014,354349,354349,              Pseudochrobactrum,Pseudochrobactrum,genus,0.00015160305065765403,fraction_reads,0.0,3,0,0.00015246768955545504,0.9943290352183993
Centrifuger,default,Centrifuger_default,ZymoMockD6331,ZymoMockD6331,pacbio,SRR13128014,425,425,              Methylosinus,Methylosinus,genus,0.00020213740087687205,fraction_reads,0.0,4,0,0.00020329025274060675,0.9943290352183993
Centrifuger,default,Centrifuger_default,ZymoMockD6331,ZymoMockD6331,pacbio,SRR13128014,133,133,              Methylocystis,Methylocystis,genus,0.00010106870043843603,fraction_reads,0.0,2,0,0.00010164512637030338,0.9943290352183993
Centrifuger,default,Centrifuger_default,ZymoMockD6331,ZymoMockD6331,pacbio,SRR13128014,407,407,              Methylobacterium,Methylobacterium,genus,0.00015160305065765403,fraction_reads,0.0,3,0,0.00015246768955545504,0.9943290352183993
Centrifuger,default,Centrifuger_default,ZymoMockD6331,ZymoMockD6331,pacbio,SRR13128014,2838250,2838250,              Kaustia,Kaustia,genus,0.00010106870043843603,fraction_reads,0.0,2,0,0.00010164512637030338,0.9943290352183993
Centrifuger,default,Centrifuger_default,ZymoMockD6331,ZymoMockD6331,pacbio,SRR13128014,478070,478070,              Labrenzia,Labrenzia,genus,0.00010106870043843603,fraction_reads,0.0,2,0,0.00010164512637030338,0.9943290352183993
Centrifuger,default,Centrifuger_default,ZymoMockD6331,ZymoMockD6331,pacbio,SRR13128014,1082930,1082930,              Pelagibacterium,Pelagibacterium,genus,5.0534350219218014e-05,fraction_reads,0.0,1,0,5.082256318515169e-05,0.9943290352183993
Centrifuger,default,Centrifuger_default,ZymoMockD6331,ZymoMockD6331,pacbio,SRR13128014,943,943,              Ehrlichia,Ehrlichia,genus,0.0004042748017537441,fraction_reads,0.0,8,0,0.0004065805054812135,0.9943290352183993
Centrifuger,default,Centrifuger_default,ZymoMockD6331,ZymoMockD6331,pacbio,SRR13128014,953,953,                Wolbachia,Wolbachia,genus,0.00030320610131530807,fraction_reads,0.0,6,1,0.0003049353791109101,0.9943290352183993
Centrifuger,default,Centrifuger_default,ZymoMockD6331,ZymoMockD6331,pacbio,SRR13128014,467749,467749,              Candidatus_Neoehrlichia,Candidatus Neoehrlichia,genus,0.00015160305065765403,fraction_reads,0.0,3,0,0.00015246768955545504,0.9943290352183993
Centrifuger,default,Centrifuger_default,ZymoMockD6331,ZymoMockD6331,pacbio,SRR13128014,768,768,              Anaplasma,Anaplasma,genus,0.00010106870043843603,fraction_reads,0.0,2,0,0.00010164512637030338,0.9943290352183993
Centrifuger,default,Centrifuger_default,ZymoMockD6331,ZymoMockD6331,pacbio,SRR13128014,780,780,                Rickettsia,Rickettsia,genus,0.00030320610131530807,fraction_reads,0.0,6,0,0.0003049353791109101,0.9943290352183993
Centrifuger,default,Centrifuger_default,ZymoMockD6331,ZymoMockD6331,pacbio,SRR13128014,69474,69474,                Orientia,Orientia,genus,0.00015160305065765403,fraction_reads,0.0,3,0,0.00015246768955545504,0.9943290352183993
Centrifuger,default,Centrifuger_default,ZymoMockD6331,ZymoMockD6331,pacbio,SRR13128014,13687,13687,              Sphingomonas,Sphingomonas,genus,0.0003537404515345261,fraction_reads,0.0,7,0,0.0003557579422960618,0.9943290352183993
Centrifuger,default,Centrifuger_default,ZymoMockD6331,ZymoMockD6331,pacbio,SRR13128014,1434046,1434046,              Sphingorhabdus,Sphingorhabdus,genus,0.00025267175109609005,fraction_reads,0.0,5,0,0.0002541128159257584,0.9943290352183993
Centrifuger,default,Centrifuger_default,ZymoMockD6331,ZymoMockD6331,pacbio,SRR13128014,165696,165696,              Novosphingobium,Novosphingobium,genus,5.0534350219218014e-05,fraction_reads,0.0,1,0,5.082256318515169e-05,0.9943290352183993
Centrifuger,default,Centrifuger_default,ZymoMockD6331,ZymoMockD6331,pacbio,SRR13128014,165697,165697,              Sphingopyxis,Sphingopyxis,genus,5.0534350219218014e-05,fraction_reads,0.0,1,0,5.082256318515169e-05,0.9943290352183993
Centrifuger,default,Centrifuger_default,ZymoMockD6331,ZymoMockD6331,pacbio,SRR13128014,1234545,1234545,              Parasphingopyxis,Parasphingopyxis,genus,5.0534350219218014e-05,fraction_reads,0.0,1,0,5.082256318515169e-05,0.9943290352183993
Centrifuger,default,Centrifuger_default,ZymoMockD6331,ZymoMockD6331,pacbio,SRR13128014,1763827,1763827,              Hankyongella,Hankyongella,genus,5.0534350219218014e-05,fraction_reads,0.0,1,0,5.082256318515169e-05,0.9943290352183993
Centrifuger,default,Centrifuger_default,ZymoMockD6331,ZymoMockD6331,pacbio,SRR13128014,1295327,1295327,              Croceicoccus,Croceicoccus,genus,0.00010106870043843603,fraction_reads,0.0,2,0,0.00010164512637030338,0.9943290352183993
Centrifuger,default,Centrifuger_default,ZymoMockD6331,ZymoMockD6331,pacbio,SRR13128014,1111,1111,                Porphyrobacter,Porphyrobacter,genus,5.0534350219218014e-05,fraction_reads,0.0,1,0,5.082256318515169e-05,0.9943290352183993
Centrifuger,default,Centrifuger_default,ZymoMockD6331,ZymoMockD6331,pacbio,SRR13128014,541,541,              Zymomonas,Zymomonas,genus,5.0534350219218014e-05,fraction_reads,0.0,1,0,5.082256318515169e-05,0.9943290352183993
Centrifuger,default,Centrifuger_default,ZymoMockD6331,ZymoMockD6331,pacbio,SRR13128014,1759417,1759417,              Pseudohalocynthiibacter,Pseudohalocynthiibacter,genus,0.00010106870043843603,fraction_reads,0.0,2,0,0.00010164512637030338,0.9943290352183993
Centrifuger,default,Centrifuger_default,ZymoMockD6331,ZymoMockD6331,pacbio,SRR13128014,1434002,1434002,              Falsirhodobacter,Falsirhodobacter,genus,5.0534350219218014e-05,fraction_reads,0.0,1,0,5.082256318515169e-05,0.9943290352183993
Centrifuger,default,Centrifuger_default,ZymoMockD6331,ZymoMockD6331,pacbio,SRR13128014,1443919,1443919,              Tabrizicola,Tabrizicola,genus,5.0534350219218014e-05,fraction_reads,0.0,1,0,5.082256318515169e-05,0.9943290352183993
Centrifuger,default,Centrifuger_default,ZymoMockD6331,ZymoMockD6331,pacbio,SRR13128014,2211641,2211641,              Yoonia,Yoonia,genus,5.0534350219218014e-05,fraction_reads,0.0,1,0,5.082256318515169e-05,0.9943290352183993
Centrifuger,default,Centrifuger_default,ZymoMockD6331,ZymoMockD6331,pacbio,SRR13128014,60136,60136,              Sulfitobacter,Sulfitobacter,genus,0.00015160305065765403,fraction_reads,0.0,3,0,0.00015246768955545504,0.9943290352183993
Centrifuger,default,Centrifuger_default,ZymoMockD6331,ZymoMockD6331,pacbio,SRR13128014,2854186,2854186,              Pseudosulfitobacter,Pseudosulfitobacter,genus,0.00010106870043843603,fraction_reads,0.0,2,0,0.00010164512637030338,0.9943290352183993
Centrifuger,default,Centrifuger_default,ZymoMockD6331,ZymoMockD6331,pacbio,SRR13128014,198251,198251,              Candidatus_Pelagibacter,Candidatus Pelagibacter,genus,0.00030320610131530807,fraction_reads,0.0,6,0,0.0003049353791109101,0.9943290352183993
Centrifuger,default,Centrifuger_default,ZymoMockD6331,ZymoMockD6331,pacbio,SRR13128014,2045213,2045213,              Candidatus_Fonsibacter,Candidatus Fonsibacter,genus,0.00010106870043843603,fraction_reads,0.0,2,0,0.00010164512637030338,0.9943290352183993
Centrifuger,default,Centrifuger_default,ZymoMockD6331,ZymoMockD6331,pacbio,SRR13128014,434,434,              Acetobacter,Acetobacter,genus,0.00010106870043843603,fraction_reads,0.0,2,0,0.00010164512637030338,0.9943290352183993
Centrifuger,default,Centrifuger_default,ZymoMockD6331,ZymoMockD6331,pacbio,SRR13128014,1079922,1079922,              Commensalibacter,Commensalibacter,genus,0.00010106870043843603,fraction_reads,0.0,2,0,0.00010164512637030338,0.9943290352183993
Centrifuger,default,Centrifuger_default,ZymoMockD6331,ZymoMockD6331,pacbio,SRR13128014,3027666,3027666,              Aristophania,Aristophania,genus,5.0534350219218014e-05,fraction_reads,0.0,1,0,5.082256318515169e-05,0.9943290352183993
Centrifuger,default,Centrifuger_default,ZymoMockD6331,ZymoMockD6331,pacbio,SRR13128014,1263978,1263978,              Candidatus_Endolissoclinum,Candidatus Endolissoclinum,genus,0.00015160305065765403,fraction_reads,0.0,3,0,0.00015246768955545504,0.9943290352183993
Centrifuger,default,Centrifuger_default,ZymoMockD6331,ZymoMockD6331,pacbio,SRR13128014,41275,41275,              Brevundimonas,Brevundimonas,genus,0.00015160305065765403,fraction_reads,0.0,3,0,0.00015246768955545504,0.9943290352183993
Centrifuger,default,Centrifuger_default,ZymoMockD6331,ZymoMockD6331,pacbio,SRR13128014,2943291,2943291,              Pseudemcibacter,Pseudemcibacter,genus,5.0534350219218014e-05,fraction_reads,0.0,1,0,5.082256318515169e-05,0.9943290352183993
Centrifuger,default,Centrifuger_default,ZymoMockD6331,ZymoMockD6331,pacbio,SRR13128014,2004661,2004661,              Hyphobacterium,Hyphobacterium,genus,5.0534350219218014e-05,fraction_reads,0.0,1,0,5.082256318515169e-05,0.9943290352183993
Centrifuger,default,Centrifuger_default,ZymoMockD6331,ZymoMockD6331,pacbio,SRR13128014,2723,2723,              Hirschia,Hirschia,genus,5.0534350219218014e-05,fraction_reads,0.0,1,0,5.082256318515169e-05,0.9943290352183993
Centrifuger,default,Centrifuger_default,ZymoMockD6331,ZymoMockD6331,pacbio,SRR13128014,32008,32008,              Burkholderia,Burkholderia,genus,0.0005558778524113982,fraction_reads,0.0,11,1,0.0005590481950366686,0.9943290352183993
Centrifuger,default,Centrifuger_default,ZymoMockD6331,ZymoMockD6331,pacbio,SRR13128014,1822464,1822464,              Paraburkholderia,Paraburkholderia,genus,0.0005558778524113982,fraction_reads,0.0,11,0,0.0005590481950366686,0.9943290352183993
Centrifuger,default,Centrifuger_default,ZymoMockD6331,ZymoMockD6331,pacbio,SRR13128014,106589,106589,              Cupriavidus,Cupriavidus,genus,0.0003537404515345261,fraction_reads,0.0,7,0,0.0003557579422960618,0.9943290352183993
Centrifuger,default,Centrifuger_default,ZymoMockD6331,ZymoMockD6331,pacbio,SRR13128014,44013,44013,              Polynucleobacter,Polynucleobacter,genus,0.00025267175109609005,fraction_reads,0.0,5,1,0.0002541128159257584,0.9943290352183993
Centrifuger,default,Centrifuger_default,ZymoMockD6331,ZymoMockD6331,pacbio,SRR13128014,1810868,1810868,              Mycoavidus,Mycoavidus,genus,0.00010106870043843603,fraction_reads,0.0,2,0,0.00010164512637030338,0.9943290352183993
Centrifuger,default,Centrifuger_default,ZymoMockD6331,ZymoMockD6331,pacbio,SRR13128014,48736,48736,              Ralstonia,Ralstonia,genus,5.0534350219218014e-05,fraction_reads,0.0,1,1,5.082256318515169e-05,0.9943290352183993
Centrifuger,default,Centrifuger_default,ZymoMockD6331,ZymoMockD6331,pacbio,SRR13128014,93217,93217,              Pandoraea,Pandoraea,genus,5.0534350219218014e-05,fraction_reads,0.0,1,0,5.082256318515169e-05,0.9943290352183993
Centrifuger,default,Centrifuger_default,ZymoMockD6331,ZymoMockD6331,pacbio,SRR13128014,283,283,              Comamonas,Comamonas,genus,0.00015160305065765403,fraction_reads,0.0,3,0,0.00015246768955545504,0.9943290352183993
Centrifuger,default,Centrifuger_default,ZymoMockD6331,ZymoMockD6331,pacbio,SRR13128014,34072,34072,              Variovorax,Variovorax,genus,0.00015160305065765403,fraction_reads,0.0,3,1,0.00015246768955545504,0.9943290352183993
Centrifuger,default,Centrifuger_default,ZymoMockD6331,ZymoMockD6331,pacbio,SRR13128014,80865,80865,              Delftia,Delftia,genus,0.00015160305065765403,fraction_reads,0.0,3,0,0.00015246768955545504,0.9943290352183993
Centrifuger,default,Centrifuger_default,ZymoMockD6331,ZymoMockD6331,pacbio,SRR13128014,364316,364316,              Verminephrobacter,Verminephrobacter,genus,0.00015160305065765403,fraction_reads,0.0,3,0,0.00015246768955545504,0.9943290352183993
Centrifuger,default,Centrifuger_default,ZymoMockD6331,ZymoMockD6331,pacbio,SRR13128014,12916,12916,              Acidovorax,Acidovorax,genus,0.00010106870043843603,fraction_reads,0.0,2,0,0.00010164512637030338,0.9943290352183993
Centrifuger,default,Centrifuger_default,ZymoMockD6331,ZymoMockD6331,pacbio,SRR13128014,28065,28065,              Rhodoferax,Rhodoferax,genus,5.0534350219218014e-05,fraction_reads,0.0,1,0,5.082256318515169e-05,0.9943290352183993
Centrifuger,default,Centrifuger_default,ZymoMockD6331,ZymoMockD6331,pacbio,SRR13128014,47420,47420,              Hydrogenophaga,Hydrogenophaga,genus,5.0534350219218014e-05,fraction_reads,0.0,1,0,5.082256318515169e-05,0.9943290352183993
Centrifuger,default,Centrifuger_default,ZymoMockD6331,ZymoMockD6331,pacbio,SRR13128014,683756,683756,              Kinneretia,Kinneretia,genus,5.0534350219218014e-05,fraction_reads,0.0,1,0,5.082256318515169e-05,0.9943290352183993
Centrifuger,default,Centrifuger_default,ZymoMockD6331,ZymoMockD6331,pacbio,SRR13128014,2490452,2490452,              Serpentinimonas,Serpentinimonas,genus,5.0534350219218014e-05,fraction_reads,0.0,1,1,5.082256318515169e-05,0.9943290352183993
Centrifuger,default,Centrifuger_default,ZymoMockD6331,ZymoMockD6331,pacbio,SRR13128014,846,846,              Oxalobacter,Oxalobacter,genus,0.00025267175109609005,fraction_reads,0.0,5,0,0.0002541128159257584,0.9943290352183993
Centrifuger,default,Centrifuger_default,ZymoMockD6331,ZymoMockD6331,pacbio,SRR13128014,29580,29580,              Janthinobacterium,Janthinobacterium,genus,0.00015160305065765403,fraction_reads,0.0,3,0,0.00015246768955545504,0.9943290352183993
Centrifuger,default,Centrifuger_default,ZymoMockD6331,ZymoMockD6331,pacbio,SRR13128014,963,963,              Herbaspirillum,Herbaspirillum,genus,5.0534350219218014e-05,fraction_reads,0.0,1,0,5.082256318515169e-05,0.9943290352183993
Centrifuger,default,Centrifuger_default,ZymoMockD6331,ZymoMockD6331,pacbio,SRR13128014,202907,202907,              Collimonas,Collimonas,genus,5.0534350219218014e-05,fraction_reads,0.0,1,0,5.082256318515169e-05,0.9943290352183993
Centrifuger,default,Centrifuger_default,ZymoMockD6331,ZymoMockD6331,pacbio,SRR13128014,303379,303379,              Herminiimonas,Herminiimonas,genus,5.0534350219218014e-05,fraction_reads,0.0,1,0,5.082256318515169e-05,0.9943290352183993
Centrifuger,default,Centrifuger_default,ZymoMockD6331,ZymoMockD6331,pacbio,SRR13128014,401469,401469,              Undibacterium,Undibacterium,genus,5.0534350219218014e-05,fraction_reads,0.0,1,0,5.082256318515169e-05,0.9943290352183993
Centrifuger,default,Centrifuger_default,ZymoMockD6331,ZymoMockD6331,pacbio,SRR13128014,149698,149698,                Massilia,Massilia,genus,5.0534350219218014e-05,fraction_reads,0.0,1,0,5.082256318515169e-05,0.9943290352183993
Centrifuger,default,Centrifuger_default,ZymoMockD6331,ZymoMockD6331,pacbio,SRR13128014,507,507,              Alcaligenes,Alcaligenes,genus,0.00020213740087687205,fraction_reads,0.0,4,1,0.00020329025274060675,0.9943290352183993
Centrifuger,default,Centrifuger_default,ZymoMockD6331,ZymoMockD6331,pacbio,SRR13128014,106146,106146,              Pelistega,Pelistega,genus,0.00010106870043843603,fraction_reads,0.0,2,0,0.00010164512637030338,0.9943290352183993
Centrifuger,default,Centrifuger_default,ZymoMockD6331,ZymoMockD6331,pacbio,SRR13128014,290425,290425,              Advenella,Advenella,genus,0.00010106870043843603,fraction_reads,0.0,2,0,0.00010164512637030338,0.9943290352183993
Centrifuger,default,Centrifuger_default,ZymoMockD6331,ZymoMockD6331,pacbio,SRR13128014,1921582,1921582,              Orrella,Orrella,genus,0.00010106870043843603,fraction_reads,0.0,2,0,0.00010164512637030338,0.9943290352183993
Centrifuger,default,Centrifuger_default,ZymoMockD6331,ZymoMockD6331,pacbio,SRR13128014,29574,29574,              Taylorella,Taylorella,genus,5.0534350219218014e-05,fraction_reads,0.0,1,0,5.082256318515169e-05,0.9943290352183993
Centrifuger,default,Centrifuger_default,ZymoMockD6331,ZymoMockD6331,pacbio,SRR13128014,93681,93681,              Roseateles,Roseateles,genus,0.00015160305065765403,fraction_reads,0.0,3,0,0.00015246768955545504,0.9943290352183993
Centrifuger,default,Centrifuger_default,ZymoMockD6331,ZymoMockD6331,pacbio,SRR13128014,196013,196013,              Caldimonas,Caldimonas,genus,5.0534350219218014e-05,fraction_reads,0.0,1,0,5.082256318515169e-05,0.9943290352183993
Centrifuger,default,Centrifuger_default,ZymoMockD6331,ZymoMockD6331,pacbio,SRR13128014,32012,32012,              Thiomonas,Thiomonas,genus,0.00010106870043843603,fraction_reads,0.0,2,0,0.00010164512637030338,0.9943290352183993
Centrifuger,default,Centrifuger_default,ZymoMockD6331,ZymoMockD6331,pacbio,SRR13128014,40544,40544,              Sutterella,Sutterella,genus,5.0534350219218014e-05,fraction_reads,0.0,1,0,5.082256318515169e-05,0.9943290352183993
Centrifuger,default,Centrifuger_default,ZymoMockD6331,ZymoMockD6331,pacbio,SRR13128014,482,482,              Neisseria,Neisseria,genus,0.0008590839537267062,fraction_reads,0.0,17,0,0.0008639835741475786,0.9943290352183993
Centrifuger,default,Centrifuger_default,ZymoMockD6331,ZymoMockD6331,pacbio,SRR13128014,71,71,              Simonsiella,Simonsiella,genus,0.00010106870043843603,fraction_reads,0.0,2,0,0.00010164512637030338,0.9943290352183993
Centrifuger,default,Centrifuger_default,ZymoMockD6331,ZymoMockD6331,pacbio,SRR13128014,32257,32257,              Kingella,Kingella,genus,0.00010106870043843603,fraction_reads,0.0,2,0,0.00010164512637030338,0.9943290352183993
Centrifuger,default,Centrifuger_default,ZymoMockD6331,ZymoMockD6331,pacbio,SRR13128014,1193515,1193515,              Snodgrassella,Snodgrassella,genus,5.0534350219218014e-05,fraction_reads,0.0,1,0,5.082256318515169e-05,0.9943290352183993
Centrifuger,default,Centrifuger_default,ZymoMockD6331,ZymoMockD6331,pacbio,SRR13128014,2593687,2593687,              Aquella,Aquella,genus,5.0534350219218014e-05,fraction_reads,0.0,1,0,5.082256318515169e-05,0.9943290352183993
Centrifuger,default,Centrifuger_default,ZymoMockD6331,ZymoMockD6331,pacbio,SRR13128014,2898489,2898489,              Paralysiella,Paralysiella,genus,5.0534350219218014e-05,fraction_reads,0.0,1,0,5.082256318515169e-05,0.9943290352183993
Centrifuger,default,Centrifuger_default,ZymoMockD6331,ZymoMockD6331,pacbio,SRR13128014,2944815,2944815,              Wielerella,Wielerella,genus,5.0534350219218014e-05,fraction_reads,0.0,1,0,5.082256318515169e-05,0.9943290352183993
Centrifuger,default,Centrifuger_default,ZymoMockD6331,ZymoMockD6331,pacbio,SRR13128014,32014,32014,                Iodobacter,Iodobacter,genus,0.00015160305065765403,fraction_reads,0.0,3,0,0.00015246768955545504,0.9943290352183993
Centrifuger,default,Centrifuger_default,ZymoMockD6331,ZymoMockD6331,pacbio,SRR13128014,33055,33055,            Candidatus_Kinetoplastibacterium,Candidatus Kinetoplastibacterium,genus,0.0005053435021921801,fraction_reads,0.0,10,0,0.0005082256318515168,0.9943290352183993
Centrifuger,default,Centrifuger_default,ZymoMockD6331,ZymoMockD6331,pacbio,SRR13128014,914,914,              Nitrosomonas,Nitrosomonas,genus,0.00025267175109609005,fraction_reads,0.0,5,0,0.0002541128159257584,0.9943290352183993
Centrifuger,default,Centrifuger_default,ZymoMockD6331,ZymoMockD6331,pacbio,SRR13128014,1679002,1679002,              Candidatus_Methylopumilus,Candidatus Methylopumilus,genus,0.00010106870043843603,fraction_reads,0.0,2,0,0.00010164512637030338,0.9943290352183993
Centrifuger,default,Centrifuger_default,ZymoMockD6331,ZymoMockD6331,pacbio,SRR13128014,2872156,2872156,              Methyloradius,Methyloradius,genus,5.0534350219218014e-05,fraction_reads,0.0,1,0,5.082256318515169e-05,0.9943290352183993
Centrifuger,default,Centrifuger_default,ZymoMockD6331,ZymoMockD6331,pacbio,SRR13128014,33057,33057,              Thauera,Thauera,genus,5.0534350219218014e-05,fraction_reads,0.0,1,0,5.082256318515169e-05,0.9943290352183993
Centrifuger,default,Centrifuger_default,ZymoMockD6331,ZymoMockD6331,pacbio,SRR13128014,848,848,              Fusobacterium,Fusobacterium,genus,5.5149147081237,fraction_reads,5.51,109132,16,5.5463679655219735,0.9943290352183993
Centrifuger,default,Centrifuger_default,ZymoMockD6331,ZymoMockD6331,pacbio,SRR13128014,180162,180162,              Cetobacterium,Cetobacterium,genus,0.00015160305065765403,fraction_reads,0.0,3,0,0.00015246768955545504,0.9943290352183993
Centrifuger,default,Centrifuger_default,ZymoMockD6331,ZymoMockD6331,pacbio,SRR13128014,32067,32067,              Leptotrichia,Leptotrichia,genus,0.0005558778524113982,fraction_reads,0.0,11,0,0.0005590481950366686,0.9943290352183993
Centrifuger,default,Centrifuger_default,ZymoMockD6331,ZymoMockD6331,pacbio,SRR13128014,168808,168808,              Sneathia,Sneathia,genus,5.0534350219218014e-05,fraction_reads,0.0,1,0,5.082256318515169e-05,0.9943290352183993
Centrifuger,default,Centrifuger_default,ZymoMockD6331,ZymoMockD6331,pacbio,SRR13128014,239934,239934,                Akkermansia,Akkermansia,genus,1.9963089710599884,fraction_reads,2.0,39504,0,2.007694536066232,0.9943290352183993
Centrifuger,default,Centrifuger_default,ZymoMockD6331,ZymoMockD6331,pacbio,SRR13128014,511745,511745,                Methylacidiphilum,Methylacidiphilum,genus,5.0534350219218014e-05,fraction_reads,0.0,1,0,5.082256318515169e-05,0.9943290352183993
Centrifuger,default,Centrifuger_default,ZymoMockD6331,ZymoMockD6331,pacbio,SRR13128014,2774146,2774146,                Frigoriglobus,Frigoriglobus,genus,0.00010106870043843603,fraction_reads,0.0,2,0,0.00010164512637030338,0.9943290352183993
Centrifuger,default,Centrifuger_default,ZymoMockD6331,ZymoMockD6331,pacbio,SRR13128014,113,113,                Gemmata,Gemmata,genus,5.0534350219218014e-05,fraction_reads,0.0,1,0,5.082256318515169e-05,0.9943290352183993
Centrifuger,default,Centrifuger_default,ZymoMockD6331,ZymoMockD6331,pacbio,SRR13128014,1382832,1382832,                Telmatocola,Telmatocola,genus,5.0534350219218014e-05,fraction_reads,0.0,1,0,5.082256318515169e-05,0.9943290352183993
Centrifuger,default,Centrifuger_default,ZymoMockD6331,ZymoMockD6331,pacbio,SRR13128014,1649480,1649480,                Planctopirus,Planctopirus,genus,0.00010106870043843603,fraction_reads,0.0,2,0,0.00010164512637030338,0.9943290352183993
Centrifuger,default,Centrifuger_default,ZymoMockD6331,ZymoMockD6331,pacbio,SRR13128014,2795775,2795775,                Lignipirellula,Lignipirellula,genus,5.0534350219218014e-05,fraction_reads,0.0,1,0,5.082256318515169e-05,0.9943290352183993
Centrifuger,default,Centrifuger_default,ZymoMockD6331,ZymoMockD6331,pacbio,SRR13128014,2795783,2795783,                Pirellulimonas,Pirellulimonas,genus,5.0534350219218014e-05,fraction_reads,0.0,1,0,5.082256318515169e-05,0.9943290352183993
Centrifuger,default,Centrifuger_default,ZymoMockD6331,ZymoMockD6331,pacbio,SRR13128014,380738,380738,                Candidatus_Kuenenia,Candidatus Kuenenia,genus,0.00015160305065765403,fraction_reads,0.0,3,0,0.00015246768955545504,0.9943290352183993
Centrifuger,default,Centrifuger_default,ZymoMockD6331,ZymoMockD6331,pacbio,SRR13128014,2803301,2803301,                Poriferisphaera,Poriferisphaera,genus,5.0534350219218014e-05,fraction_reads,0.0,1,0,5.082256318515169e-05,0.9943290352183993
Centrifuger,default,Centrifuger_default,ZymoMockD6331,ZymoMockD6331,pacbio,SRR13128014,2483368,2483368,                Sedimentisphaera,Sedimentisphaera,genus,5.0534350219218014e-05,fraction_reads,0.0,1,0,5.082256318515169e-05,0.9943290352183993
Centrifuger,default,Centrifuger_default,ZymoMockD6331,ZymoMockD6331,pacbio,SRR13128014,2897349,2897349,                Candidatus_Uabimicrobium,Candidatus Uabimicrobium,genus,5.0534350219218014e-05,fraction_reads,0.0,1,0,5.082256318515169e-05,0.9943290352183993
Centrifuger,default,Centrifuger_default,ZymoMockD6331,ZymoMockD6331,pacbio,SRR13128014,810,810,                  Chlamydia,Chlamydia,genus,0.0005558778524113982,fraction_reads,0.0,11,0,0.0005590481950366686,0.9943290352183993
Centrifuger,default,Centrifuger_default,ZymoMockD6331,ZymoMockD6331,pacbio,SRR13128014,282132,282132,                Candidatus_Protochlamydia,Candidatus Protochlamydia,genus,0.00010106870043843603,fraction_reads,0.0,2,0,0.00010164512637030338,0.9943290352183993
Centrifuger,default,Centrifuger_default,ZymoMockD6331,ZymoMockD6331,pacbio,SRR13128014,71666,71666,                Waddlia,Waddlia,genus,5.0534350219218014e-05,fraction_reads,0.0,1,0,5.082256318515169e-05,0.9943290352183993
Centrifuger,default,Centrifuger_default,ZymoMockD6331,ZymoMockD6331,pacbio,SRR13128014,2907187,2907187,                Tichowtungia,Tichowtungia,genus,0.00020213740087687205,fraction_reads,0.0,4,0,0.00020329025274060675,0.9943290352183993
Centrifuger,default,Centrifuger_default,ZymoMockD6331,ZymoMockD6331,pacbio,SRR13128014,28196,28196,              Arcobacter,Arcobacter,genus,0.0010106870043843602,fraction_reads,0.0,20,3,0.0010164512637030336,0.9943290352183993
Centrifuger,default,Centrifuger_default,ZymoMockD6331,ZymoMockD6331,pacbio,SRR13128014,2321111,2321111,              Aliarcobacter,Aliarcobacter,genus,0.0008085496035074882,fraction_reads,0.0,16,1,0.000813161010962427,0.9943290352183993
Centrifuger,default,Centrifuger_default,ZymoMockD6331,ZymoMockD6331,pacbio,SRR13128014,2321187,2321187,              Poseidonibacter,Poseidonibacter,genus,0.0004042748017537441,fraction_reads,0.0,8,0,0.0004065805054812135,0.9943290352183993
Centrifuger,default,Centrifuger_default,ZymoMockD6331,ZymoMockD6331,pacbio,SRR13128014,2321114,2321114,              Malaciobacter,Malaciobacter,genus,0.00025267175109609005,fraction_reads,0.0,5,0,0.0002541128159257584,0.9943290352183993
Centrifuger,default,Centrifuger_default,ZymoMockD6331,ZymoMockD6331,pacbio,SRR13128014,2321115,2321115,              Halarcobacter,Halarcobacter,genus,0.00020213740087687205,fraction_reads,0.0,4,0,0.00020329025274060675,0.9943290352183993
Centrifuger,default,Centrifuger_default,ZymoMockD6331,ZymoMockD6331,pacbio,SRR13128014,194,194,              Campylobacter,Campylobacter,genus,0.0022740457598648105,fraction_reads,0.0,45,2,0.002287015343331826,0.9943290352183993
Centrifuger,default,Centrifuger_default,ZymoMockD6331,ZymoMockD6331,pacbio,SRR13128014,209,209,              Helicobacter,Helicobacter,genus,0.0012128244052612323,fraction_reads,0.0,24,0,0.0012197415164436403,0.9943290352183993
Centrifuger,default,Centrifuger_default,ZymoMockD6331,ZymoMockD6331,pacbio,SRR13128014,265570,265570,              Sulfurovum,Sulfurovum,genus,0.00015160305065765403,fraction_reads,0.0,3,0,0.00015246768955545504,0.9943290352183993
Centrifuger,default,Centrifuger_default,ZymoMockD6331,ZymoMockD6331,pacbio,SRR13128014,202746,202746,              Sulfurimonas,Sulfurimonas,genus,0.00010106870043843603,fraction_reads,0.0,2,0,0.00010164512637030338,0.9943290352183993
Centrifuger,default,Centrifuger_default,ZymoMockD6331,ZymoMockD6331,pacbio,SRR13128014,191301,191301,              Caminibacter,Caminibacter,genus,0.00020213740087687205,fraction_reads,0.0,4,0,0.00020329025274060675,0.9943290352183993
Centrifuger,default,Centrifuger_default,ZymoMockD6331,ZymoMockD6331,pacbio,SRR13128014,191291,191291,              Nautilia,Nautilia,genus,5.0534350219218014e-05,fraction_reads,0.0,1,0,5.082256318515169e-05,0.9943290352183993
Centrifuger,default,Centrifuger_default,ZymoMockD6331,ZymoMockD6331,pacbio,SRR13128014,269258,269258,              Nitratiruptor,Nitratiruptor,genus,0.00015160305065765403,fraction_reads,0.0,3,0,0.00015246768955545504,0.9943290352183993
Centrifuger,default,Centrifuger_default,ZymoMockD6331,ZymoMockD6331,pacbio,SRR13128014,138,138,              Borrelia,Borrelia,genus,0.0007074809030690522,fraction_reads,0.0,14,0,0.0007115158845921236,0.9943290352183993
Centrifuger,default,Centrifuger_default,ZymoMockD6331,ZymoMockD6331,pacbio,SRR13128014,64895,64895,              Borreliella,Borreliella,genus,0.00010106870043843603,fraction_reads,0.0,2,0,0.00010164512637030338,0.9943290352183993
Centrifuger,default,Centrifuger_default,ZymoMockD6331,ZymoMockD6331,pacbio,SRR13128014,157,157,              Treponema,Treponema,genus,0.00030320610131530807,fraction_reads,0.0,6,1,0.0003049353791109101,0.9943290352183993
Centrifuger,default,Centrifuger_default,ZymoMockD6331,ZymoMockD6331,pacbio,SRR13128014,2967962,2967962,              Brucepastera,Brucepastera,genus,5.0534350219218014e-05,fraction_reads,0.0,1,0,5.082256318515169e-05,0.9943290352183993
Centrifuger,default,Centrifuger_default,ZymoMockD6331,ZymoMockD6331,pacbio,SRR13128014,1911556,1911556,              Sediminispirochaeta,Sediminispirochaeta,genus,0.00030320610131530807,fraction_reads,0.0,6,0,0.0003049353791109101,0.9943290352183993
Centrifuger,default,Centrifuger_default,ZymoMockD6331,ZymoMockD6331,pacbio,SRR13128014,399320,399320,              Sphaerochaeta,Sphaerochaeta,genus,0.00015160305065765403,fraction_reads,0.0,3,0,0.00015246768955545504,0.9943290352183993
Centrifuger,default,Centrifuger_default,ZymoMockD6331,ZymoMockD6331,pacbio,SRR13128014,2951106,2951106,              Gracilinema,Gracilinema,genus,0.00010106870043843603,fraction_reads,0.0,2,0,0.00010164512637030338,0.9943290352183993
Centrifuger,default,Centrifuger_default,ZymoMockD6331,ZymoMockD6331,pacbio,SRR13128014,2845254,2845254,              Breznakiella,Breznakiella,genus,5.0534350219218014e-05,fraction_reads,0.0,1,0,5.082256318515169e-05,0.9943290352183993
Centrifuger,default,Centrifuger_default,ZymoMockD6331,ZymoMockD6331,pacbio,SRR13128014,171,171,              Leptospira,Leptospira,genus,0.0008085496035074882,fraction_reads,0.0,16,1,0.000813161010962427,0.9943290352183993
Centrifuger,default,Centrifuger_default,ZymoMockD6331,ZymoMockD6331,pacbio,SRR13128014,29521,29521,              Brachyspira,Brachyspira,genus,5.0534350219218014e-05,fraction_reads,0.0,1,0,5.082256318515169e-05,0.9943290352183993
Centrifuger,default,Centrifuger_default,ZymoMockD6331,ZymoMockD6331,pacbio,SRR13128014,2910589,2910589,              Geotalea,Geotalea,genus,0.00015160305065765403,fraction_reads,0.0,3,0,0.00015246768955545504,0.9943290352183993
Centrifuger,default,Centrifuger_default,ZymoMockD6331,ZymoMockD6331,pacbio,SRR13128014,2651583,2651583,              Geomonas,Geomonas,genus,5.0534350219218014e-05,fraction_reads,0.0,1,0,5.082256318515169e-05,0.9943290352183993
Centrifuger,default,Centrifuger_default,ZymoMockD6331,ZymoMockD6331,pacbio,SRR13128014,2883512,2883512,              Citrifermentans,Citrifermentans,genus,5.0534350219218014e-05,fraction_reads,0.0,1,0,5.082256318515169e-05,0.9943290352183993
Centrifuger,default,Centrifuger_default,ZymoMockD6331,ZymoMockD6331,pacbio,SRR13128014,890,890,              Desulfuromonas,Desulfuromonas,genus,5.0534350219218014e-05,fraction_reads,0.0,1,0,5.082256318515169e-05,0.9943290352183993
Centrifuger,default,Centrifuger_default,ZymoMockD6331,ZymoMockD6331,pacbio,SRR13128014,45654,45654,              Desulfonema,Desulfonema,genus,0.00010106870043843603,fraction_reads,0.0,2,0,0.00010164512637030338,0.9943290352183993
Centrifuger,default,Centrifuger_default,ZymoMockD6331,ZymoMockD6331,pacbio,SRR13128014,2904687,2904687,              Desulforapulum,Desulforapulum,genus,5.0534350219218014e-05,fraction_reads,0.0,1,0,5.082256318515169e-05,0.9943290352183993
Centrifuger,default,Centrifuger_default,ZymoMockD6331,ZymoMockD6331,pacbio,SRR13128014,2299,2299,              Desulfosarcina,Desulfosarcina,genus,5.0534350219218014e-05,fraction_reads,0.0,1,0,5.082256318515169e-05,0.9943290352183993
Centrifuger,default,Centrifuger_default,ZymoMockD6331,ZymoMockD6331,pacbio,SRR13128014,2894767,2894767,              Desulfomarina,Desulfomarina,genus,0.00010106870043843603,fraction_reads,0.0,2,0,0.00010164512637030338,0.9943290352183993
Centrifuger,default,Centrifuger_default,ZymoMockD6331,ZymoMockD6331,pacbio,SRR13128014,893,893,              Desulfobulbus,Desulfobulbus,genus,5.0534350219218014e-05,fraction_reads,0.0,1,0,5.082256318515169e-05,0.9943290352183993
Centrifuger,default,Centrifuger_default,ZymoMockD6331,ZymoMockD6331,pacbio,SRR13128014,1740,1740,              Thermodesulfobacterium,Thermodesulfobacterium,genus,5.0534350219218014e-05,fraction_reads,0.0,1,0,5.082256318515169e-05,0.9943290352183993
Centrifuger,default,Centrifuger_default,ZymoMockD6331,ZymoMockD6331,pacbio,SRR13128014,241192,241192,              Thermodesulfatator,Thermodesulfatator,genus,5.0534350219218014e-05,fraction_reads,0.0,1,0,5.082256318515169e-05,0.9943290352183993
Centrifuger,default,Centrifuger_default,ZymoMockD6331,ZymoMockD6331,pacbio,SRR13128014,2794998,2794998,              Maridesulfovibrio,Maridesulfovibrio,genus,5.0534350219218014e-05,fraction_reads,0.0,1,0,5.082256318515169e-05,0.9943290352183993
Centrifuger,default,Centrifuger_default,ZymoMockD6331,ZymoMockD6331,pacbio,SRR13128014,60892,60892,              Desulfobacca,Desulfobacca,genus,5.0534350219218014e-05,fraction_reads,0.0,1,0,5.082256318515169e-05,0.9943290352183993
Centrifuger,default,Centrifuger_default,ZymoMockD6331,ZymoMockD6331,pacbio,SRR13128014,2357,2357,              Desulfomonile,Desulfomonile,genus,5.0534350219218014e-05,fraction_reads,0.0,1,0,5.082256318515169e-05,0.9943290352183993
Centrifuger,default,Centrifuger_default,ZymoMockD6331,ZymoMockD6331,pacbio,SRR13128014,1652133,1652133,              Halobacteriovorax,Halobacteriovorax,genus,0.0003537404515345261,fraction_reads,0.0,7,0,0.0003557579422960618,0.9943290352183993
Centrifuger,default,Centrifuger_default,ZymoMockD6331,ZymoMockD6331,pacbio,SRR13128014,958,958,              Bdellovibrio,Bdellovibrio,genus,0.00015160305065765403,fraction_reads,0.0,3,0,0.00015246768955545504,0.9943290352183993
Centrifuger,default,Centrifuger_default,ZymoMockD6331,ZymoMockD6331,pacbio,SRR13128014,2862745,2862745,              Pseudobdellovibrio,Pseudobdellovibrio,genus,5.0534350219218014e-05,fraction_reads,0.0,1,0,5.082256318515169e-05,0.9943290352183993
Centrifuger,default,Centrifuger_default,ZymoMockD6331,ZymoMockD6331,pacbio,SRR13128014,160798,160798,              Marinitoga,Marinitoga,genus,0.00010106870043843603,fraction_reads,0.0,2,2,0.00010164512637030338,0.9943290352183993
Centrifuger,default,Centrifuger_default,ZymoMockD6331,ZymoMockD6331,pacbio,SRR13128014,2778400,2778400,              Tepiditoga,Tepiditoga,genus,0.00010106870043843603,fraction_reads,0.0,2,0,0.00010164512637030338,0.9943290352183993
Centrifuger,default,Centrifuger_default,ZymoMockD6331,ZymoMockD6331,pacbio,SRR13128014,28236,28236,              Petrotoga,Petrotoga,genus,5.0534350219218014e-05,fraction_reads,0.0,1,0,5.082256318515169e-05,0.9943290352183993
Centrifuger,default,Centrifuger_default,ZymoMockD6331,ZymoMockD6331,pacbio,SRR13128014,2420,2420,              Thermosipho,Thermosipho,genus,0.00010106870043843603,fraction_reads,0.0,2,1,0.00010164512637030338,0.9943290352183993
Centrifuger,default,Centrifuger_default,ZymoMockD6331,ZymoMockD6331,pacbio,SRR13128014,2335,2335,              Thermotoga,Thermotoga,genus,5.0534350219218014e-05,fraction_reads,0.0,1,0,5.082256318515169e-05,0.9943290352183993
Centrifuger,default,Centrifuger_default,ZymoMockD6331,ZymoMockD6331,pacbio,SRR13128014,651456,651456,              Kosmotoga,Kosmotoga,genus,5.0534350219218014e-05,fraction_reads,0.0,1,0,5.082256318515169e-05,0.9943290352183993
Centrifuger,default,Centrifuger_default,ZymoMockD6331,ZymoMockD6331,pacbio,SRR13128014,1769718,1769718,              Athalassotoga,Athalassotoga,genus,5.0534350219218014e-05,fraction_reads,0.0,1,0,5.082256318515169e-05,0.9943290352183993
Centrifuger,default,Centrifuger_default,ZymoMockD6331,ZymoMockD6331,pacbio,SRR13128014,47,47,                Archangium,Archangium,genus,5.0534350219218014e-05,fraction_reads,0.0,1,0,5.082256318515169e-05,0.9943290352183993
Centrifuger,default,Centrifuger_default,ZymoMockD6331,ZymoMockD6331,pacbio,SRR13128014,388463,388463,              Edaphobacter,Edaphobacter,genus,5.0534350219218014e-05,fraction_reads,0.0,1,0,5.082256318515169e-05,0.9943290352183993
Centrifuger,default,Centrifuger_default,ZymoMockD6331,ZymoMockD6331,pacbio,SRR13128014,392733,392733,              Terriglobus,Terriglobus,genus,5.0534350219218014e-05,fraction_reads,0.0,1,0,5.082256318515169e-05,0.9943290352183993
Centrifuger,default,Centrifuger_default,ZymoMockD6331,ZymoMockD6331,pacbio,SRR13128014,2951993,2951993,              Alloacidobacterium,Alloacidobacterium,genus,5.0534350219218014e-05,fraction_reads,0.0,1,0,5.082256318515169e-05,0.9943290352183993
Centrifuger,default,Centrifuger_default,ZymoMockD6331,ZymoMockD6331,pacbio,SRR13128014,1172428,1172428,              Thermotomaculum,Thermotomaculum,genus,0.00010106870043843603,fraction_reads,0.0,2,0,0.00010164512637030338,0.9943290352183993
Centrifuger,default,Centrifuger_default,ZymoMockD6331,ZymoMockD6331,pacbio,SRR13128014,64159,64159,              Desulfurobacterium,Desulfurobacterium,genus,0.00015160305065765403,fraction_reads,0.0,3,0,0.00015246768955545504,0.9943290352183993
Centrifuger,default,Centrifuger_default,ZymoMockD6331,ZymoMockD6331,pacbio,SRR13128014,2946507,2946507,              Microvenator,Microvenator,genus,0.00010106870043843603,fraction_reads,0.0,2,0,0.00010164512637030338,0.9943290352183993
Centrifuger,default,Centrifuger_default,ZymoMockD6331,ZymoMockD6331,pacbio,SRR13128014,1551504,1551504,                  Candidatus_Babela,Candidatus Babela,genus,5.0534350219218014e-05,fraction_reads,0.0,1,0,5.082256318515169e-05,0.9943290352183993
Centrifuger,default,Centrifuger_default,ZymoMockD6331,ZymoMockD6331,pacbio,SRR13128014,1408194,1408194,              Endomicrobium,Endomicrobium,genus,5.0534350219218014e-05,fraction_reads,0.0,1,0,5.082256318515169e-05,0.9943290352183993
Centrifuger,default,Centrifuger_default,ZymoMockD6331,ZymoMockD6331,pacbio,SRR13128014,35800,35800,                Nitrospina,Nitrospina,genus,5.0534350219218014e-05,fraction_reads,0.0,1,0,5.082256318515169e-05,0.9943290352183993
Centrifuger,default,Centrifuger_default,ZymoMockD6331,ZymoMockD6331,pacbio,SRR13128014,9605,9605,                                                            Homo,Homo,genus,0.03183664063810735,fraction_reads,0.03,630,0,0.032018214806645566,0.9943290352183993
Centrifuger,default,Centrifuger_default,ZymoMockD6331,ZymoMockD6331,pacbio,SRR13128014,2172,2172,                Methanobrevibacter,Methanobrevibacter,genus,0.053111602080398126,fraction_reads,0.05,1051,0,0.05341451390759442,0.9943290352183993
Centrifuger,default,Centrifuger_default,ZymoMockD6331,ZymoMockD6331,pacbio,SRR13128014,145260,145260,                Methanothermobacter,Methanothermobacter,genus,0.00025267175109609005,fraction_reads,0.0,5,0,0.0002541128159257584,0.9943290352183993
Centrifuger,default,Centrifuger_default,ZymoMockD6331,ZymoMockD6331,pacbio,SRR13128014,2160,2160,                Methanobacterium,Methanobacterium,genus,0.00015160305065765403,fraction_reads,0.0,3,1,0.00015246768955545504,0.9943290352183993
Centrifuger,default,Centrifuger_default,ZymoMockD6331,ZymoMockD6331,pacbio,SRR13128014,2316,2316,                Methanosphaera,Methanosphaera,genus,0.00010106870043843603,fraction_reads,0.0,2,0,0.00010164512637030338,0.9943290352183993
Centrifuger,default,Centrifuger_default,ZymoMockD6331,ZymoMockD6331,pacbio,SRR13128014,2179,2179,                Methanothermus,Methanothermus,genus,0.0004548091519729621,fraction_reads,0.0,9,0,0.0004574030686663651,0.9943290352183993
Centrifuger,default,Centrifuger_default,ZymoMockD6331,ZymoMockD6331,pacbio,SRR13128014,2184,2184,                Methanococcus,Methanococcus,genus,0.00015160305065765403,fraction_reads,0.0,3,0,0.00015246768955545504,0.9943290352183993
Centrifuger,default,Centrifuger_default,ZymoMockD6331,ZymoMockD6331,pacbio,SRR13128014,155862,155862,                Methanothermococcus,Methanothermococcus,genus,5.0534350219218014e-05,fraction_reads,0.0,1,0,5.082256318515169e-05,0.9943290352183993
Centrifuger,default,Centrifuger_default,ZymoMockD6331,ZymoMockD6331,pacbio,SRR13128014,2207,2207,                Methanosarcina,Methanosarcina,genus,0.0010106870043843602,fraction_reads,0.0,20,3,0.0010164512637030336,0.9943290352183993
Centrifuger,default,Centrifuger_default,ZymoMockD6331,ZymoMockD6331,pacbio,SRR13128014,196136,196136,                Methanosalsum,Methanosalsum,genus,0.00015160305065765403,fraction_reads,0.0,3,0,0.00015246768955545504,0.9943290352183993
Centrifuger,default,Centrifuger_default,ZymoMockD6331,ZymoMockD6331,pacbio,SRR13128014,570266,570266,                Methanocella,Methanocella,genus,0.0008590839537267062,fraction_reads,0.0,17,13,0.0008639835741475786,0.9943290352183993
Centrifuger,default,Centrifuger_default,ZymoMockD6331,ZymoMockD6331,pacbio,SRR13128014,230355,230355,                Methanolacinia,Methanolacinia,genus,0.00010106870043843603,fraction_reads,0.0,2,0,0.00010164512637030338,0.9943290352183993
Centrifuger,default,Centrifuger_default,ZymoMockD6331,ZymoMockD6331,pacbio,SRR13128014,2314,2314,                Methanoplanus,Methanoplanus,genus,5.0534350219218014e-05,fraction_reads,0.0,1,0,5.082256318515169e-05,0.9943290352183993
Centrifuger,default,Centrifuger_default,ZymoMockD6331,ZymoMockD6331,pacbio,SRR13128014,2907493,2907493,                Halocatena,Halocatena,genus,0.00025267175109609005,fraction_reads,0.0,5,0,0.0002541128159257584,0.9943290352183993
Centrifuger,default,Centrifuger_default,ZymoMockD6331,ZymoMockD6331,pacbio,SRR13128014,1070314,1070314,                Halorussus,Halorussus,genus,0.00010106870043843603,fraction_reads,0.0,2,1,0.00010164512637030338,0.9943290352183993
Centrifuger,default,Centrifuger_default,ZymoMockD6331,ZymoMockD6331,pacbio,SRR13128014,367188,367188,                Haladaptatus,Haladaptatus,genus,5.0534350219218014e-05,fraction_reads,0.0,1,0,5.082256318515169e-05,0.9943290352183993
Centrifuger,default,Centrifuger_default,ZymoMockD6331,ZymoMockD6331,pacbio,SRR13128014,1073987,1073987,                Halorientalis,Halorientalis,genus,0.00020213740087687205,fraction_reads,0.0,4,0,0.00020329025274060675,0.9943290352183993
Centrifuger,default,Centrifuger_default,ZymoMockD6331,ZymoMockD6331,pacbio,SRR13128014,1427149,1427149,                Halomicroarcula,Halomicroarcula,genus,0.00010106870043843603,fraction_reads,0.0,2,0,0.00010164512637030338,0.9943290352183993
Centrifuger,default,Centrifuger_default,ZymoMockD6331,ZymoMockD6331,pacbio,SRR13128014,88723,88723,                Natrinema,Natrinema,genus,0.00015160305065765403,fraction_reads,0.0,3,0,0.00015246768955545504,0.9943290352183993
Centrifuger,default,Centrifuger_default,ZymoMockD6331,ZymoMockD6331,pacbio,SRR13128014,332951,332951,                Halovivax,Halovivax,genus,0.00015160305065765403,fraction_reads,0.0,3,0,0.00015246768955545504,0.9943290352183993
Centrifuger,default,Centrifuger_default,ZymoMockD6331,ZymoMockD6331,pacbio,SRR13128014,2765402,2765402,                Natrarchaeobaculum,Natrarchaeobaculum,genus,5.0534350219218014e-05,fraction_reads,0.0,1,0,5.082256318515169e-05,0.9943290352183993
Centrifuger,default,Centrifuger_default,ZymoMockD6331,ZymoMockD6331,pacbio,SRR13128014,293431,293431,                Haloquadratum,Haloquadratum,genus,0.00010106870043843603,fraction_reads,0.0,2,0,0.00010164512637030338,0.9943290352183993
Centrifuger,default,Centrifuger_default,ZymoMockD6331,ZymoMockD6331,pacbio,SRR13128014,1644057,1644057,                Salinigranum,Salinigranum,genus,5.0534350219218014e-05,fraction_reads,0.0,1,0,5.082256318515169e-05,0.9943290352183993
Centrifuger,default,Centrifuger_default,ZymoMockD6331,ZymoMockD6331,pacbio,SRR13128014,2263,2263,              Thermococcus,Thermococcus,genus,0.00025267175109609005,fraction_reads,0.0,5,0,0.0002541128159257584,0.9943290352183993
Centrifuger,default,Centrifuger_default,ZymoMockD6331,ZymoMockD6331,pacbio,SRR13128014,2260,2260,              Pyrococcus,Pyrococcus,genus,0.00015160305065765403,fraction_reads,0.0,3,0,0.00015246768955545504,0.9943290352183993
Centrifuger,default,Centrifuger_default,ZymoMockD6331,ZymoMockD6331,pacbio,SRR13128014,1826864,1826864,                Candidatus_Nitrosocosmicus,Candidatus Nitrosocosmicus,genus,0.0005558778524113982,fraction_reads,0.0,11,0,0.0005590481950366686,0.9943290352183993
Centrifuger,default,Centrifuger_default,ZymoMockD6331,ZymoMockD6331,pacbio,SRR13128014,497726,497726,                Nitrososphaera,Nitrososphaera,genus,0.00015160305065765403,fraction_reads,0.0,3,0,0.00015246768955545504,0.9943290352183993
Centrifuger,default,Centrifuger_default,ZymoMockD6331,ZymoMockD6331,pacbio,SRR13128014,498374,498374,                Candidatus_Nitrosocaldus,Candidatus Nitrosocaldus,genus,0.00010106870043843603,fraction_reads,0.0,2,0,0.00010164512637030338,0.9943290352183993
Centrifuger,default,Centrifuger_default,ZymoMockD6331,ZymoMockD6331,pacbio,SRR13128014,338191,338191,              Nitrosopumilus,Nitrosopumilus,genus,0.00015160305065765403,fraction_reads,0.0,3,0,0.00015246768955545504,0.9943290352183993
Centrifuger,default,Centrifuger_default,ZymoMockD6331,ZymoMockD6331,pacbio,SRR13128014,1007082,1007082,              Nitrosarchaeum,Nitrosarchaeum,genus,0.00010106870043843603,fraction_reads,0.0,2,0,0.00010164512637030338,0.9943290352183993
Centrifuger,default,Centrifuger_default,ZymoMockD6331,ZymoMockD6331,pacbio,SRR13128014,1993653,1993653,              Candidatus_Nitrosomarinus,Candidatus Nitrosomarinus,genus,0.00010106870043843603,fraction_reads,0.0,2,0,0.00010164512637030338,0.9943290352183993
Centrifuger,default,Centrifuger_default,ZymoMockD6331,ZymoMockD6331,pacbio,SRR13128014,1825023,1825023,            Candidatus_Nitrosotenuis,Candidatus Nitrosotenuis,genus,0.00015160305065765403,fraction_reads,0.0,3,0,0.00015246768955545504,0.9943290352183993
Centrifuger,default,Centrifuger_default,ZymoMockD6331,ZymoMockD6331,pacbio,SRR13128014,1593364,1593364,            Candidatus_Nitrosopelagicus,Candidatus Nitrosopelagicus,genus,5.0534350219218014e-05,fraction_reads,0.0,1,0,5.082256318515169e-05,0.9943290352183993
Centrifuger,default,Centrifuger_default,ZymoMockD6331,ZymoMockD6331,pacbio,SRR13128014,2284,2284,                Sulfolobus,Sulfolobus,genus,0.0004042748017537441,fraction_reads,0.0,8,0,0.0004065805054812135,0.9943290352183993
Centrifuger,default,Centrifuger_default,ZymoMockD6331,ZymoMockD6331,pacbio,SRR13128014,12914,12914,                Acidianus,Acidianus,genus,0.00020213740087687205,fraction_reads,0.0,4,0,0.00020329025274060675,0.9943290352183993
Centrifuger,default,Centrifuger_default,ZymoMockD6331,ZymoMockD6331,pacbio,SRR13128014,69655,69655,                Sulfurisphaera,Sulfurisphaera,genus,0.00020213740087687205,fraction_reads,0.0,4,2,0.00020329025274060675,0.9943290352183993
Centrifuger,default,Centrifuger_default,ZymoMockD6331,ZymoMockD6331,pacbio,SRR13128014,56635,56635,                Aeropyrum,Aeropyrum,genus,5.0534350219218014e-05,fraction_reads,0.0,1,0,5.082256318515169e-05,0.9943290352183993
Centrifuger,default,Centrifuger_default,ZymoMockD6331,ZymoMockD6331,pacbio,SRR13128014,200414,200414,                Caldisphaera,Caldisphaera,genus,5.0534350219218014e-05,fraction_reads,0.0,1,0,5.082256318515169e-05,0.9943290352183993
Centrifuger,default,Centrifuger_default,ZymoMockD6331,ZymoMockD6331,pacbio,SRR13128014,74968,74968,              Ferroplasma,Ferroplasma,genus,0.00010106870043843603,fraction_reads,0.0,2,2,0.00010164512637030338,0.9943290352183993
Centrifuger,default,Centrifuger_default,ZymoMockD6331,ZymoMockD6331,pacbio,SRR13128014,46631,46631,              Picrophilus,Picrophilus,genus,5.0534350219218014e-05,fraction_reads,0.0,1,0,5.082256318515169e-05,0.9943290352183993
Centrifuger,default,Centrifuger_default,ZymoMockD6331,ZymoMockD6331,pacbio,SRR13128014,2490204,2490204,          Candidatus_Mancarchaeum,Candidatus Mancarchaeum,genus,5.0534350219218014e-05,fraction_reads,0.0,1,0,5.082256318515169e-05,0.9943290352183993
Centrifuger,default,Centrifuger_default,ZymoMockD6331,ZymoMockD6331,pacbio,SRR13128014,2733136,2733136,              Thaumasvirus,Thaumasvirus,genus,0.00015160305065765403,fraction_reads,0.0,3,0,0.00015246768955545504,0.9943290352183993
Centrifuger,default,Centrifuger_default,ZymoMockD6331,ZymoMockD6331,pacbio,SRR13128014,2560160,2560160,                Kochikohdavirus,Kochikohdavirus,genus,0.00015160305065765403,fraction_reads,0.0,3,0,0.00015246768955545504,0.9943290352183993
Centrifuger,default,Centrifuger_default,ZymoMockD6331,ZymoMockD6331,pacbio,SRR13128014,2169536,2169536,                Kuttervirus,Kuttervirus,genus,0.00010106870043843603,fraction_reads,0.0,2,2,0.00010164512637030338,0.9943290352183993
Centrifuger,default,Centrifuger_default,ZymoMockD6331,ZymoMockD6331,pacbio,SRR13128014,1982251,1982251,            Pahexavirus,Pahexavirus,genus,5.0534350219218014e-05,fraction_reads,0.0,1,0,5.082256318515169e-05,0.9943290352183993
Centrifuger,default,Centrifuger_default,ZymoMockD6331,ZymoMockD6331,pacbio,SRR13128014,2842661,2842661,              Eceepunavirus,Eceepunavirus,genus,5.0534350219218014e-05,fraction_reads,0.0,1,0,5.082256318515169e-05,0.9943290352183993
Centrifuger,default,Centrifuger_default,ZymoMockD6331,ZymoMockD6331,pacbio,SRR13128014,2943016,2943016,              Salvovirus,Salvovirus,genus,5.0534350219218014e-05,fraction_reads,0.0,1,0,5.082256318515169e-05,0.9943290352183993
Centrifuger,default,Centrifuger_default,ZymoMockD6331,ZymoMockD6331,pacbio,SRR13128014,2948657,2948657,              Cellubavirus,Cellubavirus,genus,5.0534350219218014e-05,fraction_reads,0.0,1,0,5.082256318515169e-05,0.9943290352183993
Centrifuger,default,Centrifuger_default,ZymoMockD6331,ZymoMockD6331,pacbio,SRR13128014,2733124,2733124,              Phapecoctavirus,Phapecoctavirus,genus,5.0534350219218014e-05,fraction_reads,0.0,1,1,5.082256318515169e-05,0.9943290352183993
Centrifuger,default,Centrifuger_default,ZymoMockD6331,ZymoMockD6331,pacbio,SRR13128014,2948694,2948694,            Elemovirus,Elemovirus,genus,5.0534350219218014e-05,fraction_reads,0.0,1,0,5.082256318515169e-05,0.9943290352183993
Centrifuger,default,Centrifuger_default,ZymoMockD6331,ZymoMockD6331,pacbio,SRR13128014,10319,10319,                  Varicellovirus,Varicellovirus,genus,5.0534350219218014e-05,fraction_reads,0.0,1,0,5.082256318515169e-05,0.9943290352183993
Centrifuger,default,Centrifuger_default,ZymoMockD6331,ZymoMockD6331,pacbio,SRR13128014,180255,180255,                  Iltovirus,Iltovirus,genus,5.0534350219218014e-05,fraction_reads,0.0,1,0,5.082256318515169e-05,0.9943290352183993
Centrifuger,default,Centrifuger_default,ZymoMockD6331,ZymoMockD6331,pacbio,SRR13128014,10358,10358,                  Cytomegalovirus,Cytomegalovirus,genus,5.0534350219218014e-05,fraction_reads,0.0,1,0,5.082256318515169e-05,0.9943290352183993
Centrifuger,default,Centrifuger_default,ZymoMockD6331,ZymoMockD6331,pacbio,SRR13128014,692605,692605,                Batrachovirus,Batrachovirus,genus,5.0534350219218014e-05,fraction_reads,0.0,1,0,5.082256318515169e-05,0.9943290352183993
Centrifuger,default,Centrifuger_default,ZymoMockD6331,ZymoMockD6331,pacbio,SRR13128014,692606,692606,                Cyprinivirus,Cyprinivirus,genus,5.0534350219218014e-05,fraction_reads,0.0,1,0,5.082256318515169e-05,0.9943290352183993
Centrifuger,default,Centrifuger_default,ZymoMockD6331,ZymoMockD6331,pacbio,SRR13128014,2094720,2094720,                  Tupanvirus,Tupanvirus,genus,0.00015160305065765403,fraction_reads,0.0,3,0,0.00015246768955545504,0.9943290352183993
Centrifuger,default,Centrifuger_default,ZymoMockD6331,ZymoMockD6331,pacbio,SRR13128014,315393,315393,                Mimivirus,Mimivirus,genus,0.00010106870043843603,fraction_reads,0.0,2,0,0.00010164512637030338,0.9943290352183993
Centrifuger,default,Centrifuger_default,ZymoMockD6331,ZymoMockD6331,pacbio,SRR13128014,181083,181083,                Chlorovirus,Chlorovirus,genus,0.00015160305065765403,fraction_reads,0.0,3,0,0.00015246768955545504,0.9943290352183993
Centrifuger,default,Centrifuger_default,ZymoMockD6331,ZymoMockD6331,pacbio,SRR13128014,1513458,1513458,                Marseillevirus,Marseillevirus,genus,5.0534350219218014e-05,fraction_reads,0.0,1,0,5.082256318515169e-05,0.9943290352183993
Centrifuger,default,Centrifuger_default,ZymoMockD6331,ZymoMockD6331,pacbio,SRR13128014,10242,10242,                  Orthopoxvirus,Orthopoxvirus,genus,0.00010106870043843603,fraction_reads,0.0,2,0,0.00010164512637030338,0.9943290352183993
Centrifuger,default,Centrifuger_default,ZymoMockD6331,ZymoMockD6331,pacbio,SRR13128014,2005509,2005509,                  Centapoxvirus,Centapoxvirus,genus,5.0534350219218014e-05,fraction_reads,0.0,1,0,5.082256318515169e-05,0.9943290352183993
Centrifuger,default,Centrifuger_default,ZymoMockD6331,ZymoMockD6331,pacbio,SRR13128014,39743,39743,                Asfivirus,Asfivirus,genus,5.0534350219218014e-05,fraction_reads,0.0,1,0,5.082256318515169e-05,0.9943290352183993
Centrifuger,default,Centrifuger_default,ZymoMockD6331,ZymoMockD6331,pacbio,SRR13128014,35323,35323,                  Thogotovirus,Thogotovirus,genus,0.00015160305065765403,fraction_reads,0.0,3,0,0.00015246768955545504,0.9943290352183993
Centrifuger,default,Centrifuger_default,ZymoMockD6331,ZymoMockD6331,pacbio,SRR13128014,1653394,1653394,                  Mammarenavirus,Mammarenavirus,genus,5.0534350219218014e-05,fraction_reads,0.0,1,0,5.082256318515169e-05,0.9943290352183993
Centrifuger,default,Centrifuger_default,ZymoMockD6331,ZymoMockD6331,pacbio,SRR13128014,675845,675845,                  Emaravirus,Emaravirus,genus,5.0534350219218014e-05,fraction_reads,0.0,1,0,5.082256318515169e-05,0.9943290352183993
Centrifuger,default,Centrifuger_default,ZymoMockD6331,ZymoMockD6331,pacbio,SRR13128014,2948940,2948940,                Unuamitovirus,Unuamitovirus,genus,5.0534350219218014e-05,fraction_reads,0.0,1,0,5.082256318515169e-05,0.9943290352183993
Centrifuger,default,Centrifuger_default,ZymoMockD6331,ZymoMockD6331,pacbio,SRR13128014,2060084,2060084,          Pandoravirus,Pandoravirus,genus,0.00030320610131530807,fraction_reads,0.0,6,0,0.0003049353791109101,0.9943290352183993
Centrifuger,default,Centrifuger_default,ZymoMockD6331,ZymoMockD6331,pacbio,SRR13128014,558016,558016,          Alphabaculovirus,Alphabaculovirus,genus,0.00020213740087687205,fraction_reads,0.0,4,0,0.00020329025274060675,0.9943290352183993
Centrifuger,default,Centrifuger_default,ZymoMockD6331,ZymoMockD6331,pacbio,SRR13128014,558017,558017,          Betabaculovirus,Betabaculovirus,genus,0.00010106870043843603,fraction_reads,0.0,2,0,0.00010164512637030338,0.9943290352183993
Centrifuger,default,Centrifuger_default,ZymoMockD6331,ZymoMockD6331,pacbio,SRR13128014,1511853,1511853,          Alphanudivirus,Alphanudivirus,genus,5.0534350219218014e-05,fraction_reads,0.0,1,0,5.082256318515169e-05,0.9943290352183993
Centrifuger,default,Centrifuger_default,ZymoMockD6331,ZymoMockD6331,pacbio,SRR13128014,1511854,1511854,          Betanudivirus,Betanudivirus,genus,5.0534350219218014e-05,fraction_reads,0.0,1,0,5.082256318515169e-05,0.9943290352183993
Centrifuger,default,Centrifuger_default,ZymoMockD6331,ZymoMockD6331,pacbio,SRR13128014,249585,249585,        Whispovirus,Whispovirus,genus,5.0534350219218014e-05,fraction_reads,0.0,1,0,5.082256318515169e-05,0.9943290352183993
Centrifuger,default,Centrifuger_default,ZymoMockD6331,ZymoMockD6331,pacbio,SRR13128014,2946836,2946836,      Bracoviriform,Bracoviriform,genus,5.0534350219218014e-05,fraction_reads,0.0,1,0,5.082256318515169e-05,0.9943290352183993
