taxid_raw	taxid	name_raw	name	rank	value	value_type	tax_abund_raw	seq_abund_raw	sample_id	sample_id_core	assay	tool	db_mode	tool_db
0	0	AF33-28 sp003477885	AF33-28 sp003477885	species	0.0014	abund	0.0014	0.061	DYN_0004_D10_Qiagen.fastq	DYN_0004_D10	ont_qiagen	sylph	default	sylph_default
0	0	Alistipes sp902363575	Alistipes sp902363575	species	0.0008	abund	0.0008	0.0193	DYN_0004_D10_Qiagen.fastq	DYN_0004_D10	ont_qiagen	sylph	default	sylph_default
0	0	Allocoprobacillus merdigallinarum	Allocoprobacillus merdigallinarum	species	0.0	abund	0.0	0.0006	DYN_0004_D10_Qiagen.fastq	DYN_0004_D10	ont_qiagen	sylph	default	sylph_default
0	0	Anaerotignum sp001304995	Anaerotignum sp001304995	species	0.0001	abund	0.0001	0.0014	DYN_0004_D10_Qiagen.fastq	DYN_0004_D10	ont_qiagen	sylph	default	sylph_default
0	0	Bacteroides sp900556625	Bacteroides sp900556625	species	0.0221	abund	0.0221	0.5657	DYN_0004_D10_Qiagen.fastq	DYN_0004_D10	ont_qiagen	sylph	default	sylph_default
0	0	Bacteroides sp948436425	Bacteroides sp948436425	species	0.085	abund	0.085	3.2372	DYN_0004_D10_Qiagen.fastq	DYN_0004_D10	ont_qiagen	sylph	default	sylph_default
0	0	CAG-313 sp000433035	CAG-313 sp000433035	species	0.0007	abund	0.0007	0.0096	DYN_0004_D10_Qiagen.fastq	DYN_0004_D10	ont_qiagen	sylph	default	sylph_default
0	0	Coproplasma stercorigallinarum	Coproplasma stercorigallinarum	species	0.0117	abund	0.0117	0.1621	DYN_0004_D10_Qiagen.fastq	DYN_0004_D10	ont_qiagen	sylph	default	sylph_default
0	0	DXTB01 sp019410105	DXTB01 sp019410105	species	0.0011	abund	0.0011	0.0135	DYN_0004_D10_Qiagen.fastq	DYN_0004_D10	ont_qiagen	sylph	default	sylph_default
0	0	Emergencia sp904420065	Emergencia sp904420065	species	0.0033	abund	0.0033	0.0673	DYN_0004_D10_Qiagen.fastq	DYN_0004_D10	ont_qiagen	sylph	default	sylph_default
0	0	Enterocloster sp005845215	Enterocloster sp005845215	species	0.0002	abund	0.0002	0.0088	DYN_0004_D10_Qiagen.fastq	DYN_0004_D10	ont_qiagen	sylph	default	sylph_default
0	0	Faecousia gallistercoris	Faecousia gallistercoris	species	0.0001	abund	0.0001	0.002	DYN_0004_D10_Qiagen.fastq	DYN_0004_D10	ont_qiagen	sylph	default	sylph_default
0	0	Faecousia sp003525905	Faecousia sp003525905	species	0.0001	abund	0.0001	0.0025	DYN_0004_D10_Qiagen.fastq	DYN_0004_D10	ont_qiagen	sylph	default	sylph_default
0	0	Flavonifractor avistercoris	Flavonifractor avistercoris	species	0.0001	abund	0.0001	0.0023	DYN_0004_D10_Qiagen.fastq	DYN_0004_D10	ont_qiagen	sylph	default	sylph_default
0	0	Muricomes sp000509105	Muricomes sp000509105	species	0.0002	abund	0.0002	0.0095	DYN_0004_D10_Qiagen.fastq	DYN_0004_D10	ont_qiagen	sylph	default	sylph_default
0	0	Porcipelethomonas sp900538575	Porcipelethomonas sp900538575	species	0.0	abund	0.0	0.0005	DYN_0004_D10_Qiagen.fastq	DYN_0004_D10	ont_qiagen	sylph	default	sylph_default
0	0	Ruthenibacterium merdipullorum	Ruthenibacterium merdipullorum	species	0.0001	abund	0.0001	0.0015	DYN_0004_D10_Qiagen.fastq	DYN_0004_D10	ont_qiagen	sylph	default	sylph_default
0	0	Scatavimonas sp900540275	Scatavimonas sp900540275	species	0.0003	abund	0.0003	0.0054	DYN_0004_D10_Qiagen.fastq	DYN_0004_D10	ont_qiagen	sylph	default	sylph_default
0	0	Scatomorpha merdavium	Scatomorpha merdavium	species	0.0003	abund	0.0003	0.0048	DYN_0004_D10_Qiagen.fastq	DYN_0004_D10	ont_qiagen	sylph	default	sylph_default
0	0	Veillonella sp902466275	Veillonella sp902466275	species	0.0001	abund	0.0001	0.0012	DYN_0004_D10_Qiagen.fastq	DYN_0004_D10	ont_qiagen	sylph	default	sylph_default
287	287	Pseudomonas aeruginosa	Pseudomonas aeruginosa	species	0.0002	abund	0.0002	0.0088	DYN_0004_D10_Qiagen.fastq	DYN_0004_D10	ont_qiagen	sylph	default	sylph_default
546	546	Citrobacter freundii	Citrobacter freundii	species	0.0039	abund	0.0039	0.1619	DYN_0004_D10_Qiagen.fastq	DYN_0004_D10	ont_qiagen	sylph	default	sylph_default
562	562	Escherichia coli	Escherichia coli	species	0.0145	abund	0.0145	0.6124	DYN_0004_D10_Qiagen.fastq	DYN_0004_D10	ont_qiagen	sylph	default	sylph_default
573	573	Klebsiella pneumoniae	Klebsiella pneumoniae	species	0.0015	abund	0.0015	0.0696	DYN_0004_D10_Qiagen.fastq	DYN_0004_D10	ont_qiagen	sylph	default	sylph_default
582	582	Morganella morganii	Morganella morganii	species	0.0001	abund	0.0001	0.0024	DYN_0004_D10_Qiagen.fastq	DYN_0004_D10	ont_qiagen	sylph	default	sylph_default
817	817	Bacteroides fragilis	Bacteroides fragilis	species	0.0002	abund	0.0002	0.0069	DYN_0004_D10_Qiagen.fastq	DYN_0004_D10	ont_qiagen	sylph	default	sylph_default
820	820	Bacteroides uniformis	Bacteroides uniformis	species	0.1223	abund	0.1223	4.7461	DYN_0004_D10_Qiagen.fastq	DYN_0004_D10	ont_qiagen	sylph	default	sylph_default
821	821	Phocaeicola vulgatus	Phocaeicola vulgatus	species	0.0242	abund	0.0242	1.0467	DYN_0004_D10_Qiagen.fastq	DYN_0004_D10	ont_qiagen	sylph	default	sylph_default
823	823	Parabacteroides distasonis	Parabacteroides distasonis	species	0.1092	abund	0.1092	4.4031	DYN_0004_D10_Qiagen.fastq	DYN_0004_D10	ont_qiagen	sylph	default	sylph_default
853	853	Faecalibacterium prausnitzii_E	Faecalibacterium prausnitzii	species	0.0002	abund	0.0002	0.0053	DYN_0004_D10_Qiagen.fastq	DYN_0004_D10	ont_qiagen	sylph	default	sylph_default
1244	1244	Leuconostoc gelidum	Leuconostoc gelidum	species	0.0	abund	0.0	0.0003	DYN_0004_D10_Qiagen.fastq	DYN_0004_D10	ont_qiagen	sylph	default	sylph_default
1282	1282	Staphylococcus epidermidis	Staphylococcus epidermidis	species	0.0016	abund	0.0016	0.0318	DYN_0004_D10_Qiagen.fastq	DYN_0004_D10	ont_qiagen	sylph	default	sylph_default
1308	1308	Streptococcus thermophilus	Streptococcus thermophilus	species	0.0007	abund	0.0007	0.0127	DYN_0004_D10_Qiagen.fastq	DYN_0004_D10	ont_qiagen	sylph	default	sylph_default
1351	1351	Enterococcus faecalis	Enterococcus faecalis	species	0.0001	abund	0.0001	0.0026	DYN_0004_D10_Qiagen.fastq	DYN_0004_D10	ont_qiagen	sylph	default	sylph_default
1353	1353	Enterococcus_D gallinarum	Enterococcus gallinarum	species	0.0166	abund	0.0166	0.5247	DYN_0004_D10_Qiagen.fastq	DYN_0004_D10	ont_qiagen	sylph	default	sylph_default
1382	1382	Lancefieldella parvula	Lancefieldella parvula	species	0.0001	abund	0.0001	0.0018	DYN_0004_D10_Qiagen.fastq	DYN_0004_D10	ont_qiagen	sylph	default	sylph_default
1496	1496	Clostridioides difficile	Clostridioides difficile	species	0.0	abund	0.0	0.0006	DYN_0004_D10_Qiagen.fastq	DYN_0004_D10	ont_qiagen	sylph	default	sylph_default
1509	1509	Clostridium_F sporogenes	Clostridium sporogenes	species	0.0001	abund	0.0001	0.0024	DYN_0004_D10_Qiagen.fastq	DYN_0004_D10	ont_qiagen	sylph	default	sylph_default
1522	1522	Clostridium_AQ innocuum	Clostridium innocuum	species	0.0193	abund	0.0193	0.7653	DYN_0004_D10_Qiagen.fastq	DYN_0004_D10	ont_qiagen	sylph	default	sylph_default
1527	1527	Anaerocolumna aminovalerica	Anaerocolumna aminovalerica	species	0.0	abund	0.0	0.0011	DYN_0004_D10_Qiagen.fastq	DYN_0004_D10	ont_qiagen	sylph	default	sylph_default
1547	1547	Thomasclavelia ramosa	Thomasclavelia ramosa	species	0.0035	abund	0.0035	0.0952	DYN_0004_D10_Qiagen.fastq	DYN_0004_D10	ont_qiagen	sylph	default	sylph_default
1613	1613	Limosilactobacillus fermentum	Limosilactobacillus fermentum	species	0.0001	abund	0.0001	0.0016	DYN_0004_D10_Qiagen.fastq	DYN_0004_D10	ont_qiagen	sylph	default	sylph_default
1639	1639	Listeria monocytogenes_B	Listeria monocytogenes	species	0.0001	abund	0.0001	0.0025	DYN_0004_D10_Qiagen.fastq	DYN_0004_D10	ont_qiagen	sylph	default	sylph_default
28116	28116	Bacteroides ovatus	Bacteroides ovatus	species	0.3683	abund	0.3683	19.9818	DYN_0004_D10_Qiagen.fastq	DYN_0004_D10	ont_qiagen	sylph	default	sylph_default
28126	28126	Prevotella buccae	Prevotella buccae	species	0.0	abund	0.0	0.0012	DYN_0004_D10_Qiagen.fastq	DYN_0004_D10	ont_qiagen	sylph	default	sylph_default
28128	28128	Prevotella corporis	Prevotella corporis	species	0.0001	abund	0.0001	0.0023	DYN_0004_D10_Qiagen.fastq	DYN_0004_D10	ont_qiagen	sylph	default	sylph_default
28901	28901	Salmonella enterica	Salmonella enterica	species	0.0002	abund	0.0002	0.0087	DYN_0004_D10_Qiagen.fastq	DYN_0004_D10	ont_qiagen	sylph	default	sylph_default
29360	29360	Cellulosilyticum lentocellum	Cellulosilyticum lentocellum	species	0.0	abund	0.0	0.001	DYN_0004_D10_Qiagen.fastq	DYN_0004_D10	ont_qiagen	sylph	default	sylph_default
33038	33038	Ruminococcus_B gnavus	Ruminococcus gnavus	species	0.0004	abund	0.0004	0.0116	DYN_0004_D10_Qiagen.fastq	DYN_0004_D10	ont_qiagen	sylph	default	sylph_default
35703	35703	Citrobacter_A amalonaticus	Citrobacter amalonaticus	species	0.0002	abund	0.0002	0.0083	DYN_0004_D10_Qiagen.fastq	DYN_0004_D10	ont_qiagen	sylph	default	sylph_default
35833	35833	Bilophila wadsworthia	Bilophila wadsworthia	species	0.0034	abund	0.0034	0.1337	DYN_0004_D10_Qiagen.fastq	DYN_0004_D10	ont_qiagen	sylph	default	sylph_default
40545	40545	Sutterella wadsworthensis	Sutterella wadsworthensis	species	0.0235	abund	0.0235	0.5779	DYN_0004_D10_Qiagen.fastq	DYN_0004_D10	ont_qiagen	sylph	default	sylph_default
46125	46125	Abiotrophia defectiva	Abiotrophia defectiva	species	0.0001	abund	0.0001	0.0017	DYN_0004_D10_Qiagen.fastq	DYN_0004_D10	ont_qiagen	sylph	default	sylph_default
46503	46503	Parabacteroides merdae	Parabacteroides merdae	species	0.1493	abund	0.1493	5.4766	DYN_0004_D10_Qiagen.fastq	DYN_0004_D10	ont_qiagen	sylph	default	sylph_default
46506	46506	Bacteroides stercoris_A	Bacteroides stercoris	species	0.7332	abund	0.7332	21.3186	DYN_0004_D10_Qiagen.fastq	DYN_0004_D10	ont_qiagen	sylph	default	sylph_default
47678	47678	Bacteroides caccae	Bacteroides caccae	species	0.0138	abund	0.0138	0.5295	DYN_0004_D10_Qiagen.fastq	DYN_0004_D10	ont_qiagen	sylph	default	sylph_default
47715	47715	Lacticaseibacillus rhamnosus	Lacticaseibacillus rhamnosus	species	0.0318	abund	0.0318	0.7962	DYN_0004_D10_Qiagen.fastq	DYN_0004_D10	ont_qiagen	sylph	default	sylph_default
71452	71452	Enterococcus_A raffinosus	Enterococcus raffinosus	species	0.0	abund	0.0	0.0009	DYN_0004_D10_Qiagen.fastq	DYN_0004_D10	ont_qiagen	sylph	default	sylph_default
76857	76857	Fusobacterium polymorphum	Fusobacterium polymorphum	species	0.0001	abund	0.0001	0.0028	DYN_0004_D10_Qiagen.fastq	DYN_0004_D10	ont_qiagen	sylph	default	sylph_default
76859	76859	Fusobacterium animalis	Fusobacterium animalis	species	0.0001	abund	0.0001	0.0028	DYN_0004_D10_Qiagen.fastq	DYN_0004_D10	ont_qiagen	sylph	default	sylph_default
84112	84112	Eggerthella lenta	Eggerthella lenta	species	0.0	abund	0.0	0.0014	DYN_0004_D10_Qiagen.fastq	DYN_0004_D10	ont_qiagen	sylph	default	sylph_default
96241	96241	Bacillus spizizenii	Bacillus spizizenii	species	0.0002	abund	0.0002	0.0057	DYN_0004_D10_Qiagen.fastq	DYN_0004_D10	ont_qiagen	sylph	default	sylph_default
100884	100884	Coprobacillus cateniformis	Coprobacillus cateniformis	species	0.0014	abund	0.0014	0.0441	DYN_0004_D10_Qiagen.fastq	DYN_0004_D10	ont_qiagen	sylph	default	sylph_default
106588	106588	Pseudoflavonifractor capillosus	Pseudoflavonifractor capillosus	species	0.0003	abund	0.0003	0.0109	DYN_0004_D10_Qiagen.fastq	DYN_0004_D10	ont_qiagen	sylph	default	sylph_default
115778	115778	Leuconostoc gasicomitatum	Leuconostoc gasicomitatum	species	0.0	abund	0.0	0.0005	DYN_0004_D10_Qiagen.fastq	DYN_0004_D10	ont_qiagen	sylph	default	sylph_default
133448	133448	Citrobacter youngae	Citrobacter youngae	species	0.0001	abund	0.0001	0.004	DYN_0004_D10_Qiagen.fastq	DYN_0004_D10	ont_qiagen	sylph	default	sylph_default
133926	133926	Olsenella uli	Olsenella uli	species	0.0001	abund	0.0001	0.001	DYN_0004_D10_Qiagen.fastq	DYN_0004_D10	ont_qiagen	sylph	default	sylph_default
158836	158836	Enterobacter hormaechei_B	Enterobacter hormaechei	species	0.0004	abund	0.0004	0.0162	DYN_0004_D10_Qiagen.fastq	DYN_0004_D10	ont_qiagen	sylph	default	sylph_default
187327	187327	Acidaminococcus intestini	Acidaminococcus intestini	species	0.0111	abund	0.0111	0.2115	DYN_0004_D10_Qiagen.fastq	DYN_0004_D10	ont_qiagen	sylph	default	sylph_default
214856	214856	Alistipes finegoldii	Alistipes finegoldii	species	0.0187	abund	0.0187	0.584	DYN_0004_D10_Qiagen.fastq	DYN_0004_D10	ont_qiagen	sylph	default	sylph_default
216816	216816	Bifidobacterium longum	Bifidobacterium longum	species	0.001	abund	0.001	0.0201	DYN_0004_D10_Qiagen.fastq	DYN_0004_D10	ont_qiagen	sylph	default	sylph_default
261299	261299	Intestinibacter bartlettii	Intestinibacter bartlettii	species	0.0002	abund	0.0002	0.004	DYN_0004_D10_Qiagen.fastq	DYN_0004_D10	ont_qiagen	sylph	default	sylph_default
291644	291644	Bacteroides salyersiae	Bacteroides salyersiae	species	0.0131	abund	0.0131	0.585	DYN_0004_D10_Qiagen.fastq	DYN_0004_D10	ont_qiagen	sylph	default	sylph_default
291645	291645	Bacteroides nordii	Bacteroides nordii	species	0.0069	abund	0.0069	0.3256	DYN_0004_D10_Qiagen.fastq	DYN_0004_D10	ont_qiagen	sylph	default	sylph_default
292800	292800	Flavonifractor plautii	Flavonifractor plautii	species	0.0039	abund	0.0039	0.1254	DYN_0004_D10_Qiagen.fastq	DYN_0004_D10	ont_qiagen	sylph	default	sylph_default
338188	338188	Bacteroides finegoldii	Bacteroides finegoldii	species	0.0332	abund	0.0332	1.3769	DYN_0004_D10_Qiagen.fastq	DYN_0004_D10	ont_qiagen	sylph	default	sylph_default
357276	357276	Phocaeicola dorei	Phocaeicola dorei	species	0.0001	abund	0.0001	0.0051	DYN_0004_D10_Qiagen.fastq	DYN_0004_D10	ont_qiagen	sylph	default	sylph_default
357441	357441	Enterococcus_B lactis	Enterococcus lactis	species	0.0002	abund	0.0002	0.0038	DYN_0004_D10_Qiagen.fastq	DYN_0004_D10	ont_qiagen	sylph	default	sylph_default
358742	358742	Enterocloster aldenensis	Enterocloster aldenensis	species	0.0001	abund	0.0001	0.0028	DYN_0004_D10_Qiagen.fastq	DYN_0004_D10	ont_qiagen	sylph	default	sylph_default
371601	371601	Bacteroides xylanisolvens	Bacteroides xylanisolvens	species	0.0857	abund	0.0857	4.2922	DYN_0004_D10_Qiagen.fastq	DYN_0004_D10	ont_qiagen	sylph	default	sylph_default
395631	395631	Phytobacter diazotrophicus	Phytobacter diazotrophicus	species	0.0002	abund	0.0002	0.0071	DYN_0004_D10_Qiagen.fastq	DYN_0004_D10	ont_qiagen	sylph	default	sylph_default
423477	423477	Veillonella rogosae	Veillonella rogosae	species	0.0003	abund	0.0003	0.0061	DYN_0004_D10_Qiagen.fastq	DYN_0004_D10	ont_qiagen	sylph	default	sylph_default
454154	454154	Paraprevotella clara	Paraprevotella clara	species	0.0532	abund	0.0532	1.8882	DYN_0004_D10_Qiagen.fastq	DYN_0004_D10	ont_qiagen	sylph	default	sylph_default
487175	487175	Parasutterella excrementihominis	Parasutterella excrementihominis	species	0.0001	abund	0.0001	0.0028	DYN_0004_D10_Qiagen.fastq	DYN_0004_D10	ont_qiagen	sylph	default	sylph_default
674529	674529	Bacteroides faecis	Bacteroides faecis	species	0.0325	abund	0.0325	1.6223	DYN_0004_D10_Qiagen.fastq	DYN_0004_D10	ont_qiagen	sylph	default	sylph_default
1297617	1297617	Intestinimonas butyriciproducens	Intestinimonas butyriciproducens	species	0.0002	abund	0.0002	0.006	DYN_0004_D10_Qiagen.fastq	DYN_0004_D10	ont_qiagen	sylph	default	sylph_default
1414720	1414720	Clostridium saudiense	Clostridium saudiense	species	0.0	abund	0.0	0.0008	DYN_0004_D10_Qiagen.fastq	DYN_0004_D10	ont_qiagen	sylph	default	sylph_default
1463165	1463165	Klebsiella quasipneumoniae	Klebsiella quasipneumoniae	species	0.0003	abund	0.0003	0.014	DYN_0004_D10_Qiagen.fastq	DYN_0004_D10	ont_qiagen	sylph	default	sylph_default
1468449	1468449	Holdemania massiliensis	Holdemania massiliensis	species	0.0005	abund	0.0005	0.0153	DYN_0004_D10_Qiagen.fastq	DYN_0004_D10	ont_qiagen	sylph	default	sylph_default
1550024	1550024	Ruthenibacterium lactatiformans	Ruthenibacterium lactatiformans	species	0.0002	abund	0.0002	0.0073	DYN_0004_D10_Qiagen.fastq	DYN_0004_D10	ont_qiagen	sylph	default	sylph_default
1577792	1577792	Terrisporobacter othiniensis	Terrisporobacter othiniensis	species	0.0003	abund	0.0003	0.0108	DYN_0004_D10_Qiagen.fastq	DYN_0004_D10	ont_qiagen	sylph	default	sylph_default
2068655	2068655	Novisyntrophococcus fermenticellae	Novisyntrophococcus fermenticellae	species	0.0001	abund	0.0001	0.0022	DYN_0004_D10_Qiagen.fastq	DYN_0004_D10	ont_qiagen	sylph	default	sylph_default
2093857	2093857	Dysosmobacter welbionis	Dysosmobacter welbionis	species	0.001	abund	0.001	0.0285	DYN_0004_D10_Qiagen.fastq	DYN_0004_D10	ont_qiagen	sylph	default	sylph_default
2763654	2763654	Luoshenia tenuis	Luoshenia tenuis	species	0.0002	abund	0.0002	0.0048	DYN_0004_D10_Qiagen.fastq	DYN_0004_D10	ont_qiagen	sylph	default	sylph_default
2927224	2927224	Akkermansia massiliensis	Akkermansia massiliensis	species	0.0008	abund	0.0008	0.0216	DYN_0004_D10_Qiagen.fastq	DYN_0004_D10	ont_qiagen	sylph	default	sylph_default
0	0	Allisonella pneumosinta	Allisonella pneumosinta	species	0.0011	abund	0.0011	0.0059	DYN_0021_D03_Qiagen.fastq	DYN_0021_D03	ont_qiagen	sylph	default	sylph_default
0	0	Allocoprobacillus merdigallinarum	Allocoprobacillus merdigallinarum	species	0.0008	abund	0.0008	0.0077	DYN_0021_D03_Qiagen.fastq	DYN_0021_D03	ont_qiagen	sylph	default	sylph_default
0	0	Anaeromassilibacillus stercoravium	Anaeromassilibacillus stercoravium	species	0.0006	abund	0.0006	0.0062	DYN_0021_D03_Qiagen.fastq	DYN_0021_D03	ont_qiagen	sylph	default	sylph_default
0	0	Anaerotignum sp001304995	Anaerotignum sp001304995	species	0.0532	abund	0.0532	0.6168	DYN_0021_D03_Qiagen.fastq	DYN_0021_D03	ont_qiagen	sylph	default	sylph_default
0	0	Bacteroides sp900755095	Bacteroides sp900755095	species	0.0025	abund	0.0025	0.0374	DYN_0021_D03_Qiagen.fastq	DYN_0021_D03	ont_qiagen	sylph	default	sylph_default
0	0	Bacteroides sp948436425	Bacteroides sp948436425	species	0.2435	abund	0.2435	4.7014	DYN_0021_D03_Qiagen.fastq	DYN_0021_D03	ont_qiagen	sylph	default	sylph_default
0	0	Butyricimonas sp900759925	Butyricimonas sp900759925	species	0.0004	abund	0.0004	0.0088	DYN_0021_D03_Qiagen.fastq	DYN_0021_D03	ont_qiagen	sylph	default	sylph_default
0	0	Clostridium sp900766315	Clostridium sp900766315	species	0.0005	abund	0.0005	0.0085	DYN_0021_D03_Qiagen.fastq	DYN_0021_D03	ont_qiagen	sylph	default	sylph_default
0	0	DXTB01 sp019410105	DXTB01 sp019410105	species	0.0045	abund	0.0045	0.0279	DYN_0021_D03_Qiagen.fastq	DYN_0021_D03	ont_qiagen	sylph	default	sylph_default
0	0	Dysosmobacter faecalis	Dysosmobacter faecalis	species	0.0013	abund	0.0013	0.0191	DYN_0021_D03_Qiagen.fastq	DYN_0021_D03	ont_qiagen	sylph	default	sylph_default
0	0	Egerieisoma sp900543695	Egerieisoma sp900543695	species	0.0005	abund	0.0005	0.005	DYN_0021_D03_Qiagen.fastq	DYN_0021_D03	ont_qiagen	sylph	default	sylph_default
0	0	Emergencia sp904420065	Emergencia sp904420065	species	0.0009	abund	0.0009	0.0087	DYN_0021_D03_Qiagen.fastq	DYN_0021_D03	ont_qiagen	sylph	default	sylph_default
0	0	Enterocloster sp005845215	Enterocloster sp005845215	species	0.3087	abund	0.3087	8.5591	DYN_0021_D03_Qiagen.fastq	DYN_0021_D03	ont_qiagen	sylph	default	sylph_default
0	0	Faecousia gallistercoris	Faecousia gallistercoris	species	0.0009	abund	0.0009	0.0071	DYN_0021_D03_Qiagen.fastq	DYN_0021_D03	ont_qiagen	sylph	default	sylph_default
0	0	Faecousia sp003525905	Faecousia sp003525905	species	0.0011	abund	0.0011	0.01	DYN_0021_D03_Qiagen.fastq	DYN_0021_D03	ont_qiagen	sylph	default	sylph_default
0	0	Faecousia sp900544975	Faecousia sp900544975	species	0.0001	abund	0.0001	0.0014	DYN_0021_D03_Qiagen.fastq	DYN_0021_D03	ont_qiagen	sylph	default	sylph_default
0	0	Fimivicinus sp900544715	Fimivicinus sp900544715	species	0.0042	abund	0.0042	0.0494	DYN_0021_D03_Qiagen.fastq	DYN_0021_D03	ont_qiagen	sylph	default	sylph_default
0	0	Fournierella sp002159185	Fournierella sp002159185	species	0.02	abund	0.02	0.2878	DYN_0021_D03_Qiagen.fastq	DYN_0021_D03	ont_qiagen	sylph	default	sylph_default
0	0	Frisingicoccus sp902471845	Frisingicoccus sp902471845	species	0.0011	abund	0.0011	0.0119	DYN_0021_D03_Qiagen.fastq	DYN_0021_D03	ont_qiagen	sylph	default	sylph_default
0	0	Hominibacterium hominis	Hominibacterium hominis	species	0.0011	abund	0.0011	0.0156	DYN_0021_D03_Qiagen.fastq	DYN_0021_D03	ont_qiagen	sylph	default	sylph_default
0	0	Lachnoanaerobaculum sp000296385	Lachnoanaerobaculum sp000296385	species	0.0001	abund	0.0001	0.0017	DYN_0021_D03_Qiagen.fastq	DYN_0021_D03	ont_qiagen	sylph	default	sylph_default
0	0	Laedolimicola faecalis	Laedolimicola faecalis	species	0.0005	abund	0.0005	0.008	DYN_0021_D03_Qiagen.fastq	DYN_0021_D03	ont_qiagen	sylph	default	sylph_default
0	0	Lawsonibacter sp900545895	Lawsonibacter sp900545895	species	0.0038	abund	0.0038	0.0569	DYN_0021_D03_Qiagen.fastq	DYN_0021_D03	ont_qiagen	sylph	default	sylph_default
0	0	Mediterraneibacter intestinigallinarum	Mediterraneibacter intestinigallinarum	species	0.0004	abund	0.0004	0.0054	DYN_0021_D03_Qiagen.fastq	DYN_0021_D03	ont_qiagen	sylph	default	sylph_default
0	0	Muricomes contortus_B	Muricomes contortus	species	0.0007	abund	0.0007	0.0153	DYN_0021_D03_Qiagen.fastq	DYN_0021_D03	ont_qiagen	sylph	default	sylph_default
0	0	Muricomes sp000509105	Muricomes sp000509105	species	0.0007	abund	0.0007	0.0167	DYN_0021_D03_Qiagen.fastq	DYN_0021_D03	ont_qiagen	sylph	default	sylph_default
0	0	Otoolea symbiosa	Otoolea symbiosa	species	0.0009	abund	0.0009	0.0187	DYN_0021_D03_Qiagen.fastq	DYN_0021_D03	ont_qiagen	sylph	default	sylph_default
0	0	Pauljensenia radingae_A	Pauljensenia radingae	species	0.0001	abund	0.0001	0.0014	DYN_0021_D03_Qiagen.fastq	DYN_0021_D03	ont_qiagen	sylph	default	sylph_default
0	0	Phocaeicola sp900760795	Phocaeicola sp900760795	species	0.0011	abund	0.0011	0.0198	DYN_0021_D03_Qiagen.fastq	DYN_0021_D03	ont_qiagen	sylph	default	sylph_default
0	0	Porcipelethomonas sp900538575	Porcipelethomonas sp900538575	species	0.0003	abund	0.0003	0.0038	DYN_0021_D03_Qiagen.fastq	DYN_0021_D03	ont_qiagen	sylph	default	sylph_default
0	0	Pseudoscilispira sp018369915	Pseudoscilispira sp018369915	species	0.0029	abund	0.0029	0.0273	DYN_0021_D03_Qiagen.fastq	DYN_0021_D03	ont_qiagen	sylph	default	sylph_default
0	0	Ruthenibacterium merdipullorum	Ruthenibacterium merdipullorum	species	0.0014	abund	0.0014	0.0127	DYN_0021_D03_Qiagen.fastq	DYN_0021_D03	ont_qiagen	sylph	default	sylph_default
0	0	Scatavimonas sp900540275	Scatavimonas sp900540275	species	0.0023	abund	0.0023	0.0244	DYN_0021_D03_Qiagen.fastq	DYN_0021_D03	ont_qiagen	sylph	default	sylph_default
0	0	Scatomonas hejianensis	Scatomonas hejianensis	species	0.001	abund	0.001	0.0171	DYN_0021_D03_Qiagen.fastq	DYN_0021_D03	ont_qiagen	sylph	default	sylph_default
0	0	Scatomorpha intestinigallinarum	Scatomorpha intestinigallinarum	species	0.0005	abund	0.0005	0.0047	DYN_0021_D03_Qiagen.fastq	DYN_0021_D03	ont_qiagen	sylph	default	sylph_default
0	0	Scatomorpha merdavium	Scatomorpha merdavium	species	0.0016	abund	0.0016	0.0151	DYN_0021_D03_Qiagen.fastq	DYN_0021_D03	ont_qiagen	sylph	default	sylph_default
0	0	UMGS1071 sp900542375	UMGS1071 sp900542375	species	0.0043	abund	0.0043	0.0353	DYN_0021_D03_Qiagen.fastq	DYN_0021_D03	ont_qiagen	sylph	default	sylph_default
0	0	UMGS946 sp900544965	UMGS946 sp900544965	species	0.0004	abund	0.0004	0.0035	DYN_0021_D03_Qiagen.fastq	DYN_0021_D03	ont_qiagen	sylph	default	sylph_default
0	0	Veillonella sp018376995	Veillonella sp018376995	species	0.0012	abund	0.0012	0.0113	DYN_0021_D03_Qiagen.fastq	DYN_0021_D03	ont_qiagen	sylph	default	sylph_default
0	0	Veillonella sp902466275	Veillonella sp902466275	species	0.0012	abund	0.0012	0.0062	DYN_0021_D03_Qiagen.fastq	DYN_0021_D03	ont_qiagen	sylph	default	sylph_default
200	200	Campylobacter_A curvus	Campylobacter curvus	species	0.0002	abund	0.0002	0.0013	DYN_0021_D03_Qiagen.fastq	DYN_0021_D03	ont_qiagen	sylph	default	sylph_default
287	287	Pseudomonas aeruginosa	Pseudomonas aeruginosa	species	0.0321	abund	0.0321	0.861	DYN_0021_D03_Qiagen.fastq	DYN_0021_D03	ont_qiagen	sylph	default	sylph_default
539	539	Eikenella corrodens	Eikenella corrodens	species	0.0016	abund	0.0016	0.0153	DYN_0021_D03_Qiagen.fastq	DYN_0021_D03	ont_qiagen	sylph	default	sylph_default
562	562	Escherichia coli	Escherichia coli	species	0.0029	abund	0.0029	0.0626	DYN_0021_D03_Qiagen.fastq	DYN_0021_D03	ont_qiagen	sylph	default	sylph_default
573	573	Klebsiella pneumoniae	Klebsiella pneumoniae	species	0.0154	abund	0.0154	0.3618	DYN_0021_D03_Qiagen.fastq	DYN_0021_D03	ont_qiagen	sylph	default	sylph_default
582	582	Morganella morganii	Morganella morganii	species	0.0006	abund	0.0006	0.0103	DYN_0021_D03_Qiagen.fastq	DYN_0021_D03	ont_qiagen	sylph	default	sylph_default
739	739	Aggregatibacter segnis	Aggregatibacter segnis	species	0.0002	abund	0.0002	0.002	DYN_0021_D03_Qiagen.fastq	DYN_0021_D03	ont_qiagen	sylph	default	sylph_default
817	817	Bacteroides fragilis	Bacteroides fragilis	species	0.1043	abund	0.1043	2.3243	DYN_0021_D03_Qiagen.fastq	DYN_0021_D03	ont_qiagen	sylph	default	sylph_default
818	818	Bacteroides thetaiotaomicron	Bacteroides thetaiotaomicron	species	0.0026	abund	0.0026	0.0689	DYN_0021_D03_Qiagen.fastq	DYN_0021_D03	ont_qiagen	sylph	default	sylph_default
820	820	Bacteroides uniformis	Bacteroides uniformis	species	0.3913	abund	0.3913	7.6982	DYN_0021_D03_Qiagen.fastq	DYN_0021_D03	ont_qiagen	sylph	default	sylph_default
821	821	Phocaeicola vulgatus	Phocaeicola vulgatus	species	0.4913	abund	0.4913	10.7799	DYN_0021_D03_Qiagen.fastq	DYN_0021_D03	ont_qiagen	sylph	default	sylph_default
823	823	Parabacteroides distasonis	Parabacteroides distasonis	species	0.4565	abund	0.4565	9.3342	DYN_0021_D03_Qiagen.fastq	DYN_0021_D03	ont_qiagen	sylph	default	sylph_default
853	853	Faecalibacterium prausnitzii_E	Faecalibacterium prausnitzii	species	0.0017	abund	0.0017	0.0206	DYN_0021_D03_Qiagen.fastq	DYN_0021_D03	ont_qiagen	sylph	default	sylph_default
1351	1351	Enterococcus faecalis	Enterococcus faecalis	species	0.0006	abund	0.0006	0.0074	DYN_0021_D03_Qiagen.fastq	DYN_0021_D03	ont_qiagen	sylph	default	sylph_default
1382	1382	Lancefieldella parvula	Lancefieldella parvula	species	0.0012	abund	0.0012	0.0082	DYN_0021_D03_Qiagen.fastq	DYN_0021_D03	ont_qiagen	sylph	default	sylph_default
1496	1496	Clostridioides difficile	Clostridioides difficile	species	0.0001	abund	0.0001	0.0021	DYN_0021_D03_Qiagen.fastq	DYN_0021_D03	ont_qiagen	sylph	default	sylph_default
1509	1509	Clostridium_F sporogenes	Clostridium sporogenes	species	0.0003	abund	0.0003	0.005	DYN_0021_D03_Qiagen.fastq	DYN_0021_D03	ont_qiagen	sylph	default	sylph_default
1522	1522	Clostridium_AQ innocuum	Clostridium innocuum	species	0.1783	abund	0.1783	3.5747	DYN_0021_D03_Qiagen.fastq	DYN_0021_D03	ont_qiagen	sylph	default	sylph_default
1527	1527	Anaerocolumna aminovalerica	Anaerocolumna aminovalerica	species	0.0003	abund	0.0003	0.0066	DYN_0021_D03_Qiagen.fastq	DYN_0021_D03	ont_qiagen	sylph	default	sylph_default
1613	1613	Limosilactobacillus fermentum	Limosilactobacillus fermentum	species	0.0004	abund	0.0004	0.0031	DYN_0021_D03_Qiagen.fastq	DYN_0021_D03	ont_qiagen	sylph	default	sylph_default
1639	1639	Listeria monocytogenes_B	Listeria monocytogenes	species	0.0003	abund	0.0003	0.0041	DYN_0021_D03_Qiagen.fastq	DYN_0021_D03	ont_qiagen	sylph	default	sylph_default
28116	28116	Bacteroides ovatus	Bacteroides ovatus	species	0.003	abund	0.003	0.0836	DYN_0021_D03_Qiagen.fastq	DYN_0021_D03	ont_qiagen	sylph	default	sylph_default
28117	28117	Alistipes putredinis	Alistipes putredinis	species	0.0605	abund	0.0605	0.6561	DYN_0021_D03_Qiagen.fastq	DYN_0021_D03	ont_qiagen	sylph	default	sylph_default
28118	28118	Odoribacter splanchnicus	Odoribacter splanchnicus	species	0.0207	abund	0.0207	0.387	DYN_0021_D03_Qiagen.fastq	DYN_0021_D03	ont_qiagen	sylph	default	sylph_default
28126	28126	Prevotella buccae	Prevotella buccae	species	0.0005	abund	0.0005	0.0068	DYN_0021_D03_Qiagen.fastq	DYN_0021_D03	ont_qiagen	sylph	default	sylph_default
28128	28128	Prevotella corporis	Prevotella corporis	species	0.0005	abund	0.0005	0.0063	DYN_0021_D03_Qiagen.fastq	DYN_0021_D03	ont_qiagen	sylph	default	sylph_default
28901	28901	Salmonella enterica	Salmonella enterica	species	0.0019	abund	0.0019	0.0399	DYN_0021_D03_Qiagen.fastq	DYN_0021_D03	ont_qiagen	sylph	default	sylph_default
29360	29360	Cellulosilyticum lentocellum	Cellulosilyticum lentocellum	species	0.0005	abund	0.0005	0.0102	DYN_0021_D03_Qiagen.fastq	DYN_0021_D03	ont_qiagen	sylph	default	sylph_default
33025	33025	Phascolarctobacterium faecium	Phascolarctobacterium faecium	species	0.0093	abund	0.0093	0.0915	DYN_0021_D03_Qiagen.fastq	DYN_0021_D03	ont_qiagen	sylph	default	sylph_default
33038	33038	Ruminococcus_B gnavus	Ruminococcus gnavus	species	0.003	abund	0.003	0.0458	DYN_0021_D03_Qiagen.fastq	DYN_0021_D03	ont_qiagen	sylph	default	sylph_default
33039	33039	Mediterraneibacter torques	Mediterraneibacter torques	species	0.0051	abund	0.0051	0.0594	DYN_0021_D03_Qiagen.fastq	DYN_0021_D03	ont_qiagen	sylph	default	sylph_default
35703	35703	Citrobacter_A amalonaticus	Citrobacter amalonaticus	species	0.0018	abund	0.0018	0.0378	DYN_0021_D03_Qiagen.fastq	DYN_0021_D03	ont_qiagen	sylph	default	sylph_default
35833	35833	Bilophila wadsworthia	Bilophila wadsworthia	species	0.049	abund	0.049	0.9652	DYN_0021_D03_Qiagen.fastq	DYN_0021_D03	ont_qiagen	sylph	default	sylph_default
37734	37734	Enterococcus_D casseliflavus	Enterococcus casseliflavus	species	0.0004	abund	0.0004	0.0057	DYN_0021_D03_Qiagen.fastq	DYN_0021_D03	ont_qiagen	sylph	default	sylph_default
39492	39492	Ruminiclostridium_E siraeum	Ruminiclostridium siraeum	species	0.0005	abund	0.0005	0.0052	DYN_0021_D03_Qiagen.fastq	DYN_0021_D03	ont_qiagen	sylph	default	sylph_default
40545	40545	Sutterella wadsworthensis	Sutterella wadsworthensis	species	0.0003	abund	0.0003	0.0032	DYN_0021_D03_Qiagen.fastq	DYN_0021_D03	ont_qiagen	sylph	default	sylph_default
46503	46503	Parabacteroides merdae	Parabacteroides merdae	species	0.2	abund	0.2	3.7205	DYN_0021_D03_Qiagen.fastq	DYN_0021_D03	ont_qiagen	sylph	default	sylph_default
46506	46506	Bacteroides stercoris_A	Bacteroides stercoris	species	0.09559999999999999	abund	0.09559999999999999	1.4012	DYN_0021_D03_Qiagen.fastq	DYN_0021_D03	ont_qiagen	sylph	default	sylph_default
47678	47678	Bacteroides caccae	Bacteroides caccae	species	0.113	abund	0.113	2.1958	DYN_0021_D03_Qiagen.fastq	DYN_0021_D03	ont_qiagen	sylph	default	sylph_default
47715	47715	Lacticaseibacillus rhamnosus	Lacticaseibacillus rhamnosus	species	0.0004	abund	0.0004	0.0049	DYN_0021_D03_Qiagen.fastq	DYN_0021_D03	ont_qiagen	sylph	default	sylph_default
53442	53442	Eubacterium callanderi	Eubacterium callanderi	species	0.0005	abund	0.0005	0.0086	DYN_0021_D03_Qiagen.fastq	DYN_0021_D03	ont_qiagen	sylph	default	sylph_default
57706	57706	Citrobacter braakii	Citrobacter braakii	species	0.0136	abund	0.0136	0.3229	DYN_0021_D03_Qiagen.fastq	DYN_0021_D03	ont_qiagen	sylph	default	sylph_default
61171	61171	Holdemania filiformis	Holdemania filiformis	species	0.008	abund	0.008	0.1329	DYN_0021_D03_Qiagen.fastq	DYN_0021_D03	ont_qiagen	sylph	default	sylph_default
71452	71452	Enterococcus_A raffinosus	Enterococcus raffinosus	species	0.0007	abund	0.0007	0.0121	DYN_0021_D03_Qiagen.fastq	DYN_0021_D03	ont_qiagen	sylph	default	sylph_default
76857	76857	Fusobacterium polymorphum	Fusobacterium polymorphum	species	0.0014	abund	0.0014	0.015	DYN_0021_D03_Qiagen.fastq	DYN_0021_D03	ont_qiagen	sylph	default	sylph_default
76859	76859	Fusobacterium animalis	Fusobacterium animalis	species	0.0014	abund	0.0014	0.0147	DYN_0021_D03_Qiagen.fastq	DYN_0021_D03	ont_qiagen	sylph	default	sylph_default
84112	84112	Eggerthella lenta	Eggerthella lenta	species	0.0006	abund	0.0006	0.0092	DYN_0021_D03_Qiagen.fastq	DYN_0021_D03	ont_qiagen	sylph	default	sylph_default
96241	96241	Bacillus spizizenii	Bacillus spizizenii	species	0.0013	abund	0.0013	0.023	DYN_0021_D03_Qiagen.fastq	DYN_0021_D03	ont_qiagen	sylph	default	sylph_default
133448	133448	Citrobacter youngae	Citrobacter youngae	species	0.0011	abund	0.0011	0.0215	DYN_0021_D03_Qiagen.fastq	DYN_0021_D03	ont_qiagen	sylph	default	sylph_default
133926	133926	Olsenella uli	Olsenella uli	species	0.0003	abund	0.0003	0.0029	DYN_0021_D03_Qiagen.fastq	DYN_0021_D03	ont_qiagen	sylph	default	sylph_default
143393	143393	Eubacterium_B sulci	Eubacterium sulci	species	0.0007	abund	0.0007	0.0051	DYN_0021_D03_Qiagen.fastq	DYN_0021_D03	ont_qiagen	sylph	default	sylph_default
158836	158836	Enterobacter hormaechei_B	Enterobacter hormaechei	species	0.2435	abund	0.2435	4.7245	DYN_0021_D03_Qiagen.fastq	DYN_0021_D03	ont_qiagen	sylph	default	sylph_default
177972	177972	Shuttleworthia satelles	Shuttleworthia satelles	species	0.0002	abund	0.0002	0.002	DYN_0021_D03_Qiagen.fastq	DYN_0021_D03	ont_qiagen	sylph	default	sylph_default
208479	208479	Enterocloster bolteae	Enterocloster bolteae	species	0.008	abund	0.008	0.2247	DYN_0021_D03_Qiagen.fastq	DYN_0021_D03	ont_qiagen	sylph	default	sylph_default
214853	214853	Anaerofustis stercorihominis	Anaerofustis stercorihominis	species	0.0008	abund	0.0008	0.0074	DYN_0021_D03_Qiagen.fastq	DYN_0021_D03	ont_qiagen	sylph	default	sylph_default
214856	214856	Alistipes finegoldii	Alistipes finegoldii	species	0.0015	abund	0.0015	0.0245	DYN_0021_D03_Qiagen.fastq	DYN_0021_D03	ont_qiagen	sylph	default	sylph_default
216816	216816	Bifidobacterium longum	Bifidobacterium longum	species	0.0087	abund	0.0087	0.0886	DYN_0021_D03_Qiagen.fastq	DYN_0021_D03	ont_qiagen	sylph	default	sylph_default
239935	239935	Akkermansia muciniphila	Akkermansia muciniphila	species	0.0003	abund	0.0003	0.0039	DYN_0021_D03_Qiagen.fastq	DYN_0021_D03	ont_qiagen	sylph	default	sylph_default
261299	261299	Intestinibacter bartlettii	Intestinibacter bartlettii	species	0.0018	abund	0.0018	0.0234	DYN_0021_D03_Qiagen.fastq	DYN_0021_D03	ont_qiagen	sylph	default	sylph_default
270498	270498	Christensenella hongkongensis	Christensenella hongkongensis	species	0.0013	abund	0.0013	0.0176	DYN_0021_D03_Qiagen.fastq	DYN_0021_D03	ont_qiagen	sylph	default	sylph_default
291644	291644	Bacteroides salyersiae	Bacteroides salyersiae	species	0.0269	abund	0.0269	0.6077	DYN_0021_D03_Qiagen.fastq	DYN_0021_D03	ont_qiagen	sylph	default	sylph_default
292800	292800	Flavonifractor plautii	Flavonifractor plautii	species	0.0029	abund	0.0029	0.0471	DYN_0021_D03_Qiagen.fastq	DYN_0021_D03	ont_qiagen	sylph	default	sylph_default
328813	328813	Alistipes onderdonkii	Alistipes onderdonkii	species	0.1391	abund	0.1391	2.2878	DYN_0021_D03_Qiagen.fastq	DYN_0021_D03	ont_qiagen	sylph	default	sylph_default
328814	328814	Alistipes shahii	Alistipes shahii	species	0.0211	abund	0.0211	0.3411	DYN_0021_D03_Qiagen.fastq	DYN_0021_D03	ont_qiagen	sylph	default	sylph_default
357276	357276	Phocaeicola dorei	Phocaeicola dorei	species	0.001	abund	0.001	0.0245	DYN_0021_D03_Qiagen.fastq	DYN_0021_D03	ont_qiagen	sylph	default	sylph_default
357441	357441	Enterococcus_B lactis	Enterococcus lactis	species	0.0013	abund	0.0013	0.016	DYN_0021_D03_Qiagen.fastq	DYN_0021_D03	ont_qiagen	sylph	default	sylph_default
358742	358742	Enterocloster aldenensis	Enterocloster aldenensis	species	0.0065	abund	0.0065	0.1682	DYN_0021_D03_Qiagen.fastq	DYN_0021_D03	ont_qiagen	sylph	default	sylph_default
358743	358743	Enterocloster citroniae	Enterocloster citroniae	species	0.0017	abund	0.0017	0.0489	DYN_0021_D03_Qiagen.fastq	DYN_0021_D03	ont_qiagen	sylph	default	sylph_default
371601	371601	Bacteroides xylanisolvens	Bacteroides xylanisolvens	species	0.2304	abund	0.2304	5.8521	DYN_0021_D03_Qiagen.fastq	DYN_0021_D03	ont_qiagen	sylph	default	sylph_default
395631	395631	Phytobacter diazotrophicus	Phytobacter diazotrophicus	species	0.2826	abund	0.2826	6.6585	DYN_0021_D03_Qiagen.fastq	DYN_0021_D03	ont_qiagen	sylph	default	sylph_default
423477	423477	Veillonella rogosae	Veillonella rogosae	species	0.0028	abund	0.0028	0.0259	DYN_0021_D03_Qiagen.fastq	DYN_0021_D03	ont_qiagen	sylph	default	sylph_default
454154	454154	Paraprevotella clara	Paraprevotella clara	species	0.0075	abund	0.0075	0.1355	DYN_0021_D03_Qiagen.fastq	DYN_0021_D03	ont_qiagen	sylph	default	sylph_default
487175	487175	Parasutterella excrementihominis	Parasutterella excrementihominis	species	0.2391	abund	0.2391	2.8776	DYN_0021_D03_Qiagen.fastq	DYN_0021_D03	ont_qiagen	sylph	default	sylph_default
674529	674529	Bacteroides faecis	Bacteroides faecis	species	0.1	abund	0.1	2.5325	DYN_0021_D03_Qiagen.fastq	DYN_0021_D03	ont_qiagen	sylph	default	sylph_default
1034346	1034346	Dielma fastidiosa	Dielma fastidiosa	species	0.0017	abund	0.0017	0.0254	DYN_0021_D03_Qiagen.fastq	DYN_0021_D03	ont_qiagen	sylph	default	sylph_default
1134687	1134687	Klebsiella michiganensis	Klebsiella michiganensis	species	0.0124	abund	0.0124	0.3255	DYN_0021_D03_Qiagen.fastq	DYN_0021_D03	ont_qiagen	sylph	default	sylph_default
1297617	1297617	Intestinimonas butyriciproducens	Intestinimonas butyriciproducens	species	0.0022	abund	0.0022	0.0298	DYN_0021_D03_Qiagen.fastq	DYN_0021_D03	ont_qiagen	sylph	default	sylph_default
1501392	1501392	Coprobacter secundus	Coprobacter secundus	species	0.0219	abund	0.0219	0.3853	DYN_0021_D03_Qiagen.fastq	DYN_0021_D03	ont_qiagen	sylph	default	sylph_default
1550024	1550024	Ruthenibacterium lactatiformans	Ruthenibacterium lactatiformans	species	0.0133	abund	0.0133	0.2323	DYN_0021_D03_Qiagen.fastq	DYN_0021_D03	ont_qiagen	sylph	default	sylph_default
1653434	1653434	Sellimonas intestinalis	Sellimonas intestinalis	species	0.0009	abund	0.0009	0.0118	DYN_0021_D03_Qiagen.fastq	DYN_0021_D03	ont_qiagen	sylph	default	sylph_default
1796635	1796635	Longicatena caecimuris	Longicatena caecimuris	species	0.0268	abund	0.0268	0.3349	DYN_0021_D03_Qiagen.fastq	DYN_0021_D03	ont_qiagen	sylph	default	sylph_default
2068655	2068655	Novisyntrophococcus fermenticellae	Novisyntrophococcus fermenticellae	species	0.0006	abund	0.0006	0.0089	DYN_0021_D03_Qiagen.fastq	DYN_0021_D03	ont_qiagen	sylph	default	sylph_default
2093857	2093857	Dysosmobacter welbionis	Dysosmobacter welbionis	species	0.0073	abund	0.0073	0.1103	DYN_0021_D03_Qiagen.fastq	DYN_0021_D03	ont_qiagen	sylph	default	sylph_default
2108523	2108523	Lawsonibacter asaccharolyticus	Lawsonibacter asaccharolyticus	species	0.0132	abund	0.0132	0.2395	DYN_0021_D03_Qiagen.fastq	DYN_0021_D03	ont_qiagen	sylph	default	sylph_default
2763026	2763026	Blautia celeris	Blautia celeris	species	0.0004	abund	0.0004	0.0093	DYN_0021_D03_Qiagen.fastq	DYN_0021_D03	ont_qiagen	sylph	default	sylph_default
2927224	2927224	Akkermansia massiliensis	Akkermansia massiliensis	species	0.0013	abund	0.0013	0.0187	DYN_0021_D03_Qiagen.fastq	DYN_0021_D03	ont_qiagen	sylph	default	sylph_default
0	0	AF33-28 sp003477885	AF33-28 sp003477885	species	0.0005	abund	0.0005	0.0111	DYN_0024_D01_Qiagen.fastq	DYN_0024_D01	ont_qiagen	sylph	default	sylph_default
0	0	Actinomyces sp915069725	Actinomyces sp915069725	species	0.0001	abund	0.0001	0.0015	DYN_0024_D01_Qiagen.fastq	DYN_0024_D01	ont_qiagen	sylph	default	sylph_default
0	0	Acutalibacter sp900548545	Acutalibacter sp900548545	species	0.0177	abund	0.0177	0.164	DYN_0024_D01_Qiagen.fastq	DYN_0024_D01	ont_qiagen	sylph	default	sylph_default
0	0	Acutalibacter stercorigallinarum	Acutalibacter stercorigallinarum	species	0.0027	abund	0.0027	0.025	DYN_0024_D01_Qiagen.fastq	DYN_0024_D01	ont_qiagen	sylph	default	sylph_default
0	0	Agathobaculum merdavium	Agathobaculum merdavium	species	0.0004	abund	0.0004	0.0038	DYN_0024_D01_Qiagen.fastq	DYN_0024_D01	ont_qiagen	sylph	default	sylph_default
0	0	Agathobaculum sp900557315	Agathobaculum sp900557315	species	0.0003	abund	0.0003	0.0021	DYN_0024_D01_Qiagen.fastq	DYN_0024_D01	ont_qiagen	sylph	default	sylph_default
0	0	Alectryocaccomicrobium faecavium	Alectryocaccomicrobium faecavium	species	0.0002	abund	0.0002	0.0027	DYN_0024_D01_Qiagen.fastq	DYN_0024_D01	ont_qiagen	sylph	default	sylph_default
0	0	Alitiscatomonas sp900541255	Alitiscatomonas sp900541255	species	0.0112	abund	0.0112	0.1907	DYN_0024_D01_Qiagen.fastq	DYN_0024_D01	ont_qiagen	sylph	default	sylph_default
0	0	Allocoprobacillus merdigallinarum	Allocoprobacillus merdigallinarum	species	0.0079	abund	0.0079	0.0755	DYN_0024_D01_Qiagen.fastq	DYN_0024_D01	ont_qiagen	sylph	default	sylph_default
0	0	Allocoprobacillus sp002160865	Allocoprobacillus sp002160865	species	0.0005	abund	0.0005	0.0065	DYN_0024_D01_Qiagen.fastq	DYN_0024_D01	ont_qiagen	sylph	default	sylph_default
0	0	Anaerobutyricum stercoripullorum	Anaerobutyricum stercoripullorum	species	0.0016	abund	0.0016	0.0155	DYN_0024_D01_Qiagen.fastq	DYN_0024_D01	ont_qiagen	sylph	default	sylph_default
0	0	Anaeromassilibacillus sp001305115	Anaeromassilibacillus sp001305115	species	0.0012	abund	0.0012	0.0157	DYN_0024_D01_Qiagen.fastq	DYN_0024_D01	ont_qiagen	sylph	default	sylph_default
0	0	Anaeromassilibacillus stercoravium	Anaeromassilibacillus stercoravium	species	0.0002	abund	0.0002	0.0017	DYN_0024_D01_Qiagen.fastq	DYN_0024_D01	ont_qiagen	sylph	default	sylph_default
0	0	Avimonas_A narfia	Avimonas narfia	species	0.0061	abund	0.0061	0.0645	DYN_0024_D01_Qiagen.fastq	DYN_0024_D01	ont_qiagen	sylph	default	sylph_default
0	0	Bacteroides sp900556625	Bacteroides sp900556625	species	0.0001	abund	0.0001	0.0014	DYN_0024_D01_Qiagen.fastq	DYN_0024_D01	ont_qiagen	sylph	default	sylph_default
0	0	Bacteroides sp902362375	Bacteroides sp902362375	species	0.0175	abund	0.0175	0.4787	DYN_0024_D01_Qiagen.fastq	DYN_0024_D01	ont_qiagen	sylph	default	sylph_default
0	0	Bacteroides sp948436425	Bacteroides sp948436425	species	0.0005	abund	0.0005	0.009	DYN_0024_D01_Qiagen.fastq	DYN_0024_D01	ont_qiagen	sylph	default	sylph_default
0	0	Bariatricus faecipullorum	Bariatricus faecipullorum	species	0.0004	abund	0.0004	0.0042	DYN_0024_D01_Qiagen.fastq	DYN_0024_D01	ont_qiagen	sylph	default	sylph_default
0	0	Bittarella massiliensis	Bittarella massiliensis	species	0.004	abund	0.004	0.0488	DYN_0024_D01_Qiagen.fastq	DYN_0024_D01	ont_qiagen	sylph	default	sylph_default
0	0	Blautia_A faecipullorum	Blautia faecipullorum	species	0.0002	abund	0.0002	0.0025	DYN_0024_D01_Qiagen.fastq	DYN_0024_D01	ont_qiagen	sylph	default	sylph_default
0	0	Blautia_A gallistercoris	Blautia gallistercoris	species	0.0003	abund	0.0003	0.0035	DYN_0024_D01_Qiagen.fastq	DYN_0024_D01	ont_qiagen	sylph	default	sylph_default
0	0	Blautia pullicola	Blautia pullicola	species	0.0003	abund	0.0003	0.0038	DYN_0024_D01_Qiagen.fastq	DYN_0024_D01	ont_qiagen	sylph	default	sylph_default
0	0	Blautia_A sp019419095	Blautia sp019419095	species	0.0001	abund	0.0001	0.0008	DYN_0024_D01_Qiagen.fastq	DYN_0024_D01	ont_qiagen	sylph	default	sylph_default
0	0	Borkfalkia sp017886545	Borkfalkia sp017886545	species	0.0003	abund	0.0003	0.0024	DYN_0024_D01_Qiagen.fastq	DYN_0024_D01	ont_qiagen	sylph	default	sylph_default
0	0	Bulleidia moorei	Bulleidia moorei	species	0.0003	abund	0.0003	0.0027	DYN_0024_D01_Qiagen.fastq	DYN_0024_D01	ont_qiagen	sylph	default	sylph_default
0	0	CABSLJ01 sp902478455	CABSLJ01 sp902478455	species	0.0003	abund	0.0003	0.0036	DYN_0024_D01_Qiagen.fastq	DYN_0024_D01	ont_qiagen	sylph	default	sylph_default
0	0	CAG-103 sp900757655	CAG-103 sp900757655	species	0.0033	abund	0.0033	0.026	DYN_0024_D01_Qiagen.fastq	DYN_0024_D01	ont_qiagen	sylph	default	sylph_default
0	0	CAG-303 sp944384155	CAG-303 sp944384155	species	0.0021	abund	0.0021	0.0199	DYN_0024_D01_Qiagen.fastq	DYN_0024_D01	ont_qiagen	sylph	default	sylph_default
0	0	CAJFUH01 sp904420155	CAJFUH01 sp904420155	species	0.0043	abund	0.0043	0.04	DYN_0024_D01_Qiagen.fastq	DYN_0024_D01	ont_qiagen	sylph	default	sylph_default
0	0	CAJFUR01 sp904420575	CAJFUR01 sp904420575	species	0.0309	abund	0.0309	0.3937	DYN_0024_D01_Qiagen.fastq	DYN_0024_D01	ont_qiagen	sylph	default	sylph_default
0	0	CAJJPW01 sp905193725	CAJJPW01 sp905193725	species	0.0003	abund	0.0003	0.0031	DYN_0024_D01_Qiagen.fastq	DYN_0024_D01	ont_qiagen	sylph	default	sylph_default
0	0	CAJPQU01 sp905372875	CAJPQU01 sp905372875	species	0.0094	abund	0.0094	0.0752	DYN_0024_D01_Qiagen.fastq	DYN_0024_D01	ont_qiagen	sylph	default	sylph_default
0	0	CAJTWN01 sp910580105	CAJTWN01 sp910580105	species	0.0006	abund	0.0006	0.0059	DYN_0024_D01_Qiagen.fastq	DYN_0024_D01	ont_qiagen	sylph	default	sylph_default
0	0	CALXEM01 sp021771035	CALXEM01 sp021771035	species	0.0176	abund	0.0176	0.2469	DYN_0024_D01_Qiagen.fastq	DYN_0024_D01	ont_qiagen	sylph	default	sylph_default
0	0	CALXSR01 sp944391215	CALXSR01 sp944391215	species	0.0011	abund	0.0011	0.0082	DYN_0024_D01_Qiagen.fastq	DYN_0024_D01	ont_qiagen	sylph	default	sylph_default
0	0	CALXSV01 sp944390945	CALXSV01 sp944390945	species	0.0001	abund	0.0001	0.0008	DYN_0024_D01_Qiagen.fastq	DYN_0024_D01	ont_qiagen	sylph	default	sylph_default
0	0	CAMMKL01 sp946497265	CAMMKL01 sp946497265	species	0.0012	abund	0.0012	0.0108	DYN_0024_D01_Qiagen.fastq	DYN_0024_D01	ont_qiagen	sylph	default	sylph_default
0	0	CHH4-2 sp018378255	CHH4-2 sp018378255	species	0.0002	abund	0.0002	0.0046	DYN_0024_D01_Qiagen.fastq	DYN_0024_D01	ont_qiagen	sylph	default	sylph_default
0	0	Catenibacillus sp018369015	Catenibacillus sp018369015	species	0.0004	abund	0.0004	0.0063	DYN_0024_D01_Qiagen.fastq	DYN_0024_D01	ont_qiagen	sylph	default	sylph_default
0	0	Catenibacillus sp900553975	Catenibacillus sp900553975	species	0.0023	abund	0.0023	0.0306	DYN_0024_D01_Qiagen.fastq	DYN_0024_D01	ont_qiagen	sylph	default	sylph_default
0	0	Choladousia intestinipullorum	Choladousia intestinipullorum	species	0.0001	abund	0.0001	0.0013	DYN_0024_D01_Qiagen.fastq	DYN_0024_D01	ont_qiagen	sylph	default	sylph_default
0	0	Clostridium sp000435835	Clostridium sp000435835	species	0.0005	abund	0.0005	0.0068	DYN_0024_D01_Qiagen.fastq	DYN_0024_D01	ont_qiagen	sylph	default	sylph_default
0	0	Clostridium_AP sp000509125	Clostridium sp000509125	species	0.0051	abund	0.0051	0.0868	DYN_0024_D01_Qiagen.fastq	DYN_0024_D01	ont_qiagen	sylph	default	sylph_default
0	0	Clostridium_X sp022773025	Clostridium sp022773025	species	0.0194	abund	0.0194	0.2635	DYN_0024_D01_Qiagen.fastq	DYN_0024_D01	ont_qiagen	sylph	default	sylph_default
0	0	DXWE01 sp019417045	DXWE01 sp019417045	species	0.0009	abund	0.0009	0.0072	DYN_0024_D01_Qiagen.fastq	DYN_0024_D01	ont_qiagen	sylph	default	sylph_default
0	0	Dysosmobacter faecalis	Dysosmobacter faecalis	species	0.0003	abund	0.0003	0.0047	DYN_0024_D01_Qiagen.fastq	DYN_0024_D01	ont_qiagen	sylph	default	sylph_default
0	0	Dysosmobacter sp944385455	Dysosmobacter sp944385455	species	0.0002	abund	0.0002	0.0018	DYN_0024_D01_Qiagen.fastq	DYN_0024_D01	ont_qiagen	sylph	default	sylph_default
0	0	Egerieimonas intestinavium	Egerieimonas intestinavium	species	0.0006	abund	0.0006	0.0077	DYN_0024_D01_Qiagen.fastq	DYN_0024_D01	ont_qiagen	sylph	default	sylph_default
0	0	Egerieisoma sp900543695	Egerieisoma sp900543695	species	0.0618	abund	0.0618	0.6804	DYN_0024_D01_Qiagen.fastq	DYN_0024_D01	ont_qiagen	sylph	default	sylph_default
0	0	Eisenbergiella sp003478085	Eisenbergiella sp003478085	species	0.0056	abund	0.0056	0.1754	DYN_0024_D01_Qiagen.fastq	DYN_0024_D01	ont_qiagen	sylph	default	sylph_default
0	0	Emergencia sp904420065	Emergencia sp904420065	species	0.0068	abund	0.0068	0.0703	DYN_0024_D01_Qiagen.fastq	DYN_0024_D01	ont_qiagen	sylph	default	sylph_default
0	0	Enterenecus sp900549885	Enterenecus sp900549885	species	0.0048	abund	0.0048	0.0563	DYN_0024_D01_Qiagen.fastq	DYN_0024_D01	ont_qiagen	sylph	default	sylph_default
0	0	Enterenecus sp905210385	Enterenecus sp905210385	species	0.0007	abund	0.0007	0.0055	DYN_0024_D01_Qiagen.fastq	DYN_0024_D01	ont_qiagen	sylph	default	sylph_default
0	0	Enterocloster sp005845215	Enterocloster sp005845215	species	0.0005	abund	0.0005	0.0126	DYN_0024_D01_Qiagen.fastq	DYN_0024_D01	ont_qiagen	sylph	default	sylph_default
0	0	Enterocloster sp900555045	Enterocloster sp900555045	species	0.0004	abund	0.0004	0.0081	DYN_0024_D01_Qiagen.fastq	DYN_0024_D01	ont_qiagen	sylph	default	sylph_default
0	0	Eubacterium_F sp003491505	Eubacterium sp003491505	species	0.0054	abund	0.0054	0.0719	DYN_0024_D01_Qiagen.fastq	DYN_0024_D01	ont_qiagen	sylph	default	sylph_default
0	0	Extibacter hylemonae	Extibacter hylemonae	species	0.0003	abund	0.0003	0.0048	DYN_0024_D01_Qiagen.fastq	DYN_0024_D01	ont_qiagen	sylph	default	sylph_default
0	0	Faecalimonas sp029983955	Faecalimonas sp029983955	species	0.0162	abund	0.0162	0.1565	DYN_0024_D01_Qiagen.fastq	DYN_0024_D01	ont_qiagen	sylph	default	sylph_default
0	0	Faecalimonas sp900556835	Faecalimonas sp900556835	species	0.0004	abund	0.0004	0.0046	DYN_0024_D01_Qiagen.fastq	DYN_0024_D01	ont_qiagen	sylph	default	sylph_default
0	0	Faecivicinus avistercoris	Faecivicinus avistercoris	species	0.0005	abund	0.0005	0.0066	DYN_0024_D01_Qiagen.fastq	DYN_0024_D01	ont_qiagen	sylph	default	sylph_default
0	0	Faecousia gallistercoris	Faecousia gallistercoris	species	0.2585	abund	0.2585	2.1496	DYN_0024_D01_Qiagen.fastq	DYN_0024_D01	ont_qiagen	sylph	default	sylph_default
0	0	Faecousia sp003525905	Faecousia sp003525905	species	0.3414	abund	0.3414	3.2229	DYN_0024_D01_Qiagen.fastq	DYN_0024_D01	ont_qiagen	sylph	default	sylph_default
0	0	Fimivicinus sp900544375	Fimivicinus sp900544375	species	0.1419	abund	0.1419	1.5025	DYN_0024_D01_Qiagen.fastq	DYN_0024_D01	ont_qiagen	sylph	default	sylph_default
0	0	Fimivicinus sp900544715	Fimivicinus sp900544715	species	0.0021	abund	0.0021	0.0248	DYN_0024_D01_Qiagen.fastq	DYN_0024_D01	ont_qiagen	sylph	default	sylph_default
0	0	Frisingicoccus sp900753685	Frisingicoccus sp900753685	species	0.0055	abund	0.0055	0.0637	DYN_0024_D01_Qiagen.fastq	DYN_0024_D01	ont_qiagen	sylph	default	sylph_default
0	0	Gallintestinimicrobium pullicola	Gallintestinimicrobium pullicola	species	0.0003	abund	0.0003	0.0032	DYN_0024_D01_Qiagen.fastq	DYN_0024_D01	ont_qiagen	sylph	default	sylph_default
0	0	HGM11507 sp900761005	HGM11507 sp900761005	species	0.0002	abund	0.0002	0.0031	DYN_0024_D01_Qiagen.fastq	DYN_0024_D01	ont_qiagen	sylph	default	sylph_default
0	0	HGM13862 sp944393575	HGM13862 sp944393575	species	0.0011	abund	0.0011	0.0082	DYN_0024_D01_Qiagen.fastq	DYN_0024_D01	ont_qiagen	sylph	default	sylph_default
0	0	HGM14224 sp900761905	HGM14224 sp900761905	species	0.0064	abund	0.0064	0.0607	DYN_0024_D01_Qiagen.fastq	DYN_0024_D01	ont_qiagen	sylph	default	sylph_default
0	0	Hominenteromicrobium sp900549945	Hominenteromicrobium sp900549945	species	0.0012	abund	0.0012	0.0137	DYN_0024_D01_Qiagen.fastq	DYN_0024_D01	ont_qiagen	sylph	default	sylph_default
0	0	Hominibacterium hominis	Hominibacterium hominis	species	0.0004	abund	0.0004	0.0061	DYN_0024_D01_Qiagen.fastq	DYN_0024_D01	ont_qiagen	sylph	default	sylph_default
0	0	JAGZMM01 sp018364155	JAGZMM01 sp018364155	species	0.007	abund	0.007	0.0685	DYN_0024_D01_Qiagen.fastq	DYN_0024_D01	ont_qiagen	sylph	default	sylph_default
0	0	JAGZMM01 sp946491705	JAGZMM01 sp946491705	species	0.0003	abund	0.0003	0.0031	DYN_0024_D01_Qiagen.fastq	DYN_0024_D01	ont_qiagen	sylph	default	sylph_default
0	0	Kineothrix sp021772075	Kineothrix sp021772075	species	0.0025	abund	0.0025	0.0376	DYN_0024_D01_Qiagen.fastq	DYN_0024_D01	ont_qiagen	sylph	default	sylph_default
0	0	Lachnoclostridium_B monacensis	Lachnoclostridium monacensis	species	0.0012	abund	0.0012	0.0162	DYN_0024_D01_Qiagen.fastq	DYN_0024_D01	ont_qiagen	sylph	default	sylph_default
0	0	Lachnospira sp900552795	Lachnospira sp900552795	species	0.005	abund	0.005	0.0541	DYN_0024_D01_Qiagen.fastq	DYN_0024_D01	ont_qiagen	sylph	default	sylph_default
0	0	Lactonifactor sp009677585	Lactonifactor sp009677585	species	0.0003	abund	0.0003	0.0067	DYN_0024_D01_Qiagen.fastq	DYN_0024_D01	ont_qiagen	sylph	default	sylph_default
0	0	Laedolimicola faecalis	Laedolimicola faecalis	species	0.0007	abund	0.0007	0.0116	DYN_0024_D01_Qiagen.fastq	DYN_0024_D01	ont_qiagen	sylph	default	sylph_default
0	0	Laedolimicola sp002160825	Laedolimicola sp002160825	species	0.0002	abund	0.0002	0.0029	DYN_0024_D01_Qiagen.fastq	DYN_0024_D01	ont_qiagen	sylph	default	sylph_default
0	0	Lawsonibacter aceti	Lawsonibacter aceti	species	0.007	abund	0.007	0.0922	DYN_0024_D01_Qiagen.fastq	DYN_0024_D01	ont_qiagen	sylph	default	sylph_default
0	0	Lawsonibacter sp900066825	Lawsonibacter sp900066825	species	0.0062	abund	0.0062	0.0956	DYN_0024_D01_Qiagen.fastq	DYN_0024_D01	ont_qiagen	sylph	default	sylph_default
0	0	Lentihominibacter excrementavium	Lentihominibacter excrementavium	species	0.0025	abund	0.0025	0.0191	DYN_0024_D01_Qiagen.fastq	DYN_0024_D01	ont_qiagen	sylph	default	sylph_default
0	0	Lentihominibacter excrementipullorum	Lentihominibacter excrementipullorum	species	0.0081	abund	0.0081	0.0671	DYN_0024_D01_Qiagen.fastq	DYN_0024_D01	ont_qiagen	sylph	default	sylph_default
0	0	Lientehia caecorum	Lientehia caecorum	species	0.0001	abund	0.0001	0.0015	DYN_0024_D01_Qiagen.fastq	DYN_0024_D01	ont_qiagen	sylph	default	sylph_default
0	0	Limiplasma sp944349545	Limiplasma sp944349545	species	0.0281	abund	0.0281	0.311	DYN_0024_D01_Qiagen.fastq	DYN_0024_D01	ont_qiagen	sylph	default	sylph_default
0	0	Limivivens intestinipullorum	Limivivens intestinipullorum	species	0.0002	abund	0.0002	0.0038	DYN_0024_D01_Qiagen.fastq	DYN_0024_D01	ont_qiagen	sylph	default	sylph_default
0	0	Limivivens merdigallinarum	Limivivens merdigallinarum	species	0.0007	abund	0.0007	0.0107	DYN_0024_D01_Qiagen.fastq	DYN_0024_D01	ont_qiagen	sylph	default	sylph_default
0	0	MGBC163490 sp910588075	MGBC163490 sp910588075	species	0.0004	abund	0.0004	0.0036	DYN_0024_D01_Qiagen.fastq	DYN_0024_D01	ont_qiagen	sylph	default	sylph_default
0	0	Marvinbryantia sp900550755	Marvinbryantia sp900550755	species	0.0159	abund	0.0159	0.2798	DYN_0024_D01_Qiagen.fastq	DYN_0024_D01	ont_qiagen	sylph	default	sylph_default
0	0	Massilioclostridium methylpentosum	Massilioclostridium methylpentosum	species	0.0053	abund	0.0053	0.0795	DYN_0024_D01_Qiagen.fastq	DYN_0024_D01	ont_qiagen	sylph	default	sylph_default
0	0	Mediterraneibacter excrementipullorum	Mediterraneibacter excrementipullorum	species	0.0003	abund	0.0003	0.0031	DYN_0024_D01_Qiagen.fastq	DYN_0024_D01	ont_qiagen	sylph	default	sylph_default
0	0	Mediterraneibacter faecigallinarum	Mediterraneibacter faecigallinarum	species	0.0005	abund	0.0005	0.006	DYN_0024_D01_Qiagen.fastq	DYN_0024_D01	ont_qiagen	sylph	default	sylph_default
0	0	Mediterraneibacter sp019420405	Mediterraneibacter sp019420405	species	0.0004	abund	0.0004	0.0045	DYN_0024_D01_Qiagen.fastq	DYN_0024_D01	ont_qiagen	sylph	default	sylph_default
0	0	Mediterraneibacter sp900120155	Mediterraneibacter sp900120155	species	0.0003	abund	0.0003	0.004	DYN_0024_D01_Qiagen.fastq	DYN_0024_D01	ont_qiagen	sylph	default	sylph_default
0	0	Mediterraneibacter sp900541505	Mediterraneibacter sp900541505	species	0.0003	abund	0.0003	0.0042	DYN_0024_D01_Qiagen.fastq	DYN_0024_D01	ont_qiagen	sylph	default	sylph_default
0	0	Merdibacter merdipullorum	Merdibacter merdipullorum	species	0.0422	abund	0.0422	0.3478	DYN_0024_D01_Qiagen.fastq	DYN_0024_D01	ont_qiagen	sylph	default	sylph_default
0	0	Merdivicinus sp944386445	Merdivicinus sp944386445	species	0.0023	abund	0.0023	0.0273	DYN_0024_D01_Qiagen.fastq	DYN_0024_D01	ont_qiagen	sylph	default	sylph_default
0	0	Metalachnospira sp900546215	Metalachnospira sp900546215	species	0.0003	abund	0.0003	0.003	DYN_0024_D01_Qiagen.fastq	DYN_0024_D01	ont_qiagen	sylph	default	sylph_default
0	0	Metalachnospira sp900548595	Metalachnospira sp900548595	species	0.001	abund	0.001	0.008	DYN_0024_D01_Qiagen.fastq	DYN_0024_D01	ont_qiagen	sylph	default	sylph_default
0	0	Metaruminococcus_A sp900762715	Metaruminococcus sp900762715	species	0.0006	abund	0.0006	0.0062	DYN_0024_D01_Qiagen.fastq	DYN_0024_D01	ont_qiagen	sylph	default	sylph_default
0	0	Muricomes sp000509105	Muricomes sp000509105	species	0.0013	abund	0.0013	0.0295	DYN_0024_D01_Qiagen.fastq	DYN_0024_D01	ont_qiagen	sylph	default	sylph_default
0	0	Onthocola_A gallistercoris	Onthocola gallistercoris	species	0.002	abund	0.002	0.0204	DYN_0024_D01_Qiagen.fastq	DYN_0024_D01	ont_qiagen	sylph	default	sylph_default
0	0	Ornithomonoglobus sp904420525	Ornithomonoglobus sp904420525	species	0.0001	abund	0.0001	0.0015	DYN_0024_D01_Qiagen.fastq	DYN_0024_D01	ont_qiagen	sylph	default	sylph_default
0	0	Otoolea symbiosa	Otoolea symbiosa	species	0.0225	abund	0.0225	0.4664	DYN_0024_D01_Qiagen.fastq	DYN_0024_D01	ont_qiagen	sylph	default	sylph_default
0	0	Pauljensenia radingae_A	Pauljensenia radingae	species	0.0007	abund	0.0007	0.0076	DYN_0024_D01_Qiagen.fastq	DYN_0024_D01	ont_qiagen	sylph	default	sylph_default
0	0	Pauljensenia turicensis_A	Pauljensenia turicensis	species	0.0024	abund	0.0024	0.0199	DYN_0024_D01_Qiagen.fastq	DYN_0024_D01	ont_qiagen	sylph	default	sylph_default
0	0	Pelethomonas sp017887695	Pelethomonas sp017887695	species	0.0008	abund	0.0008	0.0085	DYN_0024_D01_Qiagen.fastq	DYN_0024_D01	ont_qiagen	sylph	default	sylph_default
0	0	Pelethousia gallinarum	Pelethousia gallinarum	species	0.0225	abund	0.0225	0.207	DYN_0024_D01_Qiagen.fastq	DYN_0024_D01	ont_qiagen	sylph	default	sylph_default
0	0	Porcipelethomonas sp900538575	Porcipelethomonas sp900538575	species	0.0562	abund	0.0562	0.6225	DYN_0024_D01_Qiagen.fastq	DYN_0024_D01	ont_qiagen	sylph	default	sylph_default
0	0	Pseudoruminococcus_B merdavium	Pseudoruminococcus merdavium	species	0.0016	abund	0.0016	0.0151	DYN_0024_D01_Qiagen.fastq	DYN_0024_D01	ont_qiagen	sylph	default	sylph_default
0	0	Pseudoscilispira sp020555605	Pseudoscilispira sp020555605	species	0.0004	abund	0.0004	0.0045	DYN_0024_D01_Qiagen.fastq	DYN_0024_D01	ont_qiagen	sylph	default	sylph_default
0	0	Pullichristensenella sp904420265	Pullichristensenella sp904420265	species	0.0024	abund	0.0024	0.0242	DYN_0024_D01_Qiagen.fastq	DYN_0024_D01	ont_qiagen	sylph	default	sylph_default
0	0	Pullichristensenella sp946496415	Pullichristensenella sp946496415	species	0.0017	abund	0.0017	0.0112	DYN_0024_D01_Qiagen.fastq	DYN_0024_D01	ont_qiagen	sylph	default	sylph_default
0	0	Pullilachnospira_A gallistercoris	Pullilachnospira gallistercoris	species	0.0014	abund	0.0014	0.0144	DYN_0024_D01_Qiagen.fastq	DYN_0024_D01	ont_qiagen	sylph	default	sylph_default
0	0	QAND01 sp003150225	QAND01 sp003150225	species	0.0024	abund	0.0024	0.0148	DYN_0024_D01_Qiagen.fastq	DYN_0024_D01	ont_qiagen	sylph	default	sylph_default
0	0	RGIG7067 sp944384895	RGIG7067 sp944384895	species	0.0013	abund	0.0013	0.0121	DYN_0024_D01_Qiagen.fastq	DYN_0024_D01	ont_qiagen	sylph	default	sylph_default
0	0	RGIG7773 sp934541205	RGIG7773 sp934541205	species	0.0004	abund	0.0004	0.0035	DYN_0024_D01_Qiagen.fastq	DYN_0024_D01	ont_qiagen	sylph	default	sylph_default
0	0	Romboutsia_E sp902362365	Romboutsia sp902362365	species	0.0023	abund	0.0023	0.0316	DYN_0024_D01_Qiagen.fastq	DYN_0024_D01	ont_qiagen	sylph	default	sylph_default
0	0	Ruthenibacterium merdipullorum	Ruthenibacterium merdipullorum	species	0.1307	abund	0.1307	1.1824	DYN_0024_D01_Qiagen.fastq	DYN_0024_D01	ont_qiagen	sylph	default	sylph_default
0	0	Sarcina perfringens	Sarcina perfringens	species	0.0008	abund	0.0008	0.011	DYN_0024_D01_Qiagen.fastq	DYN_0024_D01	ont_qiagen	sylph	default	sylph_default
0	0	Scatavimonas sp900540275	Scatavimonas sp900540275	species	0.9372	abund	0.9372	10.1761	DYN_0024_D01_Qiagen.fastq	DYN_0024_D01	ont_qiagen	sylph	default	sylph_default
0	0	Scatomonas hejianensis	Scatomonas hejianensis	species	0.0028	abund	0.0028	0.0476	DYN_0024_D01_Qiagen.fastq	DYN_0024_D01	ont_qiagen	sylph	default	sylph_default
0	0	Scatomorpha intestinigallinarum	Scatomorpha intestinigallinarum	species	0.0562	abund	0.0562	0.5147	DYN_0024_D01_Qiagen.fastq	DYN_0024_D01	ont_qiagen	sylph	default	sylph_default
0	0	Scatomorpha merdavium	Scatomorpha merdavium	species	0.6449	abund	0.6449	6.1392	DYN_0024_D01_Qiagen.fastq	DYN_0024_D01	ont_qiagen	sylph	default	sylph_default
0	0	Scatomorpha pullicola	Scatomorpha pullicola	species	0.0006	abund	0.0006	0.0053	DYN_0024_D01_Qiagen.fastq	DYN_0024_D01	ont_qiagen	sylph	default	sylph_default
0	0	Schaedlerella glycyrrhizinilytica_A	Schaedlerella glycyrrhizinilytica	species	0.0013	abund	0.0013	0.0168	DYN_0024_D01_Qiagen.fastq	DYN_0024_D01	ont_qiagen	sylph	default	sylph_default
0	0	Scybalocola faecipullorum	Scybalocola faecipullorum	species	0.0012	abund	0.0012	0.014	DYN_0024_D01_Qiagen.fastq	DYN_0024_D01	ont_qiagen	sylph	default	sylph_default
0	0	Terrisporobacter sp900557165	Terrisporobacter sp900557165	species	0.0003	abund	0.0003	0.0029	DYN_0024_D01_Qiagen.fastq	DYN_0024_D01	ont_qiagen	sylph	default	sylph_default
0	0	Thomasclavelia merdavium	Thomasclavelia merdavium	species	0.0041	abund	0.0041	0.0449	DYN_0024_D01_Qiagen.fastq	DYN_0024_D01	ont_qiagen	sylph	default	sylph_default
0	0	Timburyella sp900554165	Timburyella sp900554165	species	0.0176	abund	0.0176	0.1068	DYN_0024_D01_Qiagen.fastq	DYN_0024_D01	ont_qiagen	sylph	default	sylph_default
0	0	UBA11774 sp003507655	UBA11774 sp003507655	species	0.0059	abund	0.0059	0.056	DYN_0024_D01_Qiagen.fastq	DYN_0024_D01	ont_qiagen	sylph	default	sylph_default
0	0	UBA3818 sp904397845	UBA3818 sp904397845	species	0.0002	abund	0.0002	0.0012	DYN_0024_D01_Qiagen.fastq	DYN_0024_D01	ont_qiagen	sylph	default	sylph_default
0	0	UBA4844 sp002398105	UBA4844 sp002398105	species	0.0002	abund	0.0002	0.0025	DYN_0024_D01_Qiagen.fastq	DYN_0024_D01	ont_qiagen	sylph	default	sylph_default
0	0	UBA7185 sp900756555	UBA7185 sp900756555	species	0.0015	abund	0.0015	0.0164	DYN_0024_D01_Qiagen.fastq	DYN_0024_D01	ont_qiagen	sylph	default	sylph_default
0	0	UBA9414 sp018365895	UBA9414 sp018365895	species	0.0003	abund	0.0003	0.0042	DYN_0024_D01_Qiagen.fastq	DYN_0024_D01	ont_qiagen	sylph	default	sylph_default
0	0	UMGS1071 sp900542375	UMGS1071 sp900542375	species	0.0018	abund	0.0018	0.0154	DYN_0024_D01_Qiagen.fastq	DYN_0024_D01	ont_qiagen	sylph	default	sylph_default
0	0	UMGS1623 sp902492895	UMGS1623 sp902492895	species	0.0009	abund	0.0009	0.0111	DYN_0024_D01_Qiagen.fastq	DYN_0024_D01	ont_qiagen	sylph	default	sylph_default
0	0	UMGS1783 sp900555065	UMGS1783 sp900555065	species	0.0126	abund	0.0126	0.1183	DYN_0024_D01_Qiagen.fastq	DYN_0024_D01	ont_qiagen	sylph	default	sylph_default
0	0	UMGS856 sp900546265	UMGS856 sp900546265	species	0.006	abund	0.006	0.0955	DYN_0024_D01_Qiagen.fastq	DYN_0024_D01	ont_qiagen	sylph	default	sylph_default
0	0	UMGS946 sp900544965	UMGS946 sp900544965	species	0.0646	abund	0.0646	0.5391	DYN_0024_D01_Qiagen.fastq	DYN_0024_D01	ont_qiagen	sylph	default	sylph_default
0	0	Zongyangia gallinarum	Zongyangia gallinarum	species	0.0014	abund	0.0014	0.0136	DYN_0024_D01_Qiagen.fastq	DYN_0024_D01	ont_qiagen	sylph	default	sylph_default
287	287	Pseudomonas aeruginosa	Pseudomonas aeruginosa	species	0.0004	abund	0.0004	0.0095	DYN_0024_D01_Qiagen.fastq	DYN_0024_D01	ont_qiagen	sylph	default	sylph_default
545	545	Citrobacter_B koseri	Citrobacter koseri	species	0.0033	abund	0.0033	0.0662	DYN_0024_D01_Qiagen.fastq	DYN_0024_D01	ont_qiagen	sylph	default	sylph_default
562	562	Escherichia coli	Escherichia coli	species	0.0027	abund	0.0027	0.0585	DYN_0024_D01_Qiagen.fastq	DYN_0024_D01	ont_qiagen	sylph	default	sylph_default
573	573	Klebsiella pneumoniae	Klebsiella pneumoniae	species	0.004	abund	0.004	0.0944	DYN_0024_D01_Qiagen.fastq	DYN_0024_D01	ont_qiagen	sylph	default	sylph_default
582	582	Morganella morganii	Morganella morganii	species	0.0002	abund	0.0002	0.0028	DYN_0024_D01_Qiagen.fastq	DYN_0024_D01	ont_qiagen	sylph	default	sylph_default
584	584	Proteus mirabilis	Proteus mirabilis	species	0.0014	abund	0.0014	0.0248	DYN_0024_D01_Qiagen.fastq	DYN_0024_D01	ont_qiagen	sylph	default	sylph_default
817	817	Bacteroides fragilis	Bacteroides fragilis	species	0.0004	abund	0.0004	0.0088	DYN_0024_D01_Qiagen.fastq	DYN_0024_D01	ont_qiagen	sylph	default	sylph_default
820	820	Bacteroides uniformis	Bacteroides uniformis	species	0.0005	abund	0.0005	0.0096	DYN_0024_D01_Qiagen.fastq	DYN_0024_D01	ont_qiagen	sylph	default	sylph_default
821	821	Phocaeicola vulgatus	Phocaeicola vulgatus	species	0.0005	abund	0.0005	0.0118	DYN_0024_D01_Qiagen.fastq	DYN_0024_D01	ont_qiagen	sylph	default	sylph_default
823	823	Parabacteroides distasonis	Parabacteroides distasonis	species	0.0005	abund	0.0005	0.0109	DYN_0024_D01_Qiagen.fastq	DYN_0024_D01	ont_qiagen	sylph	default	sylph_default
853	853	Faecalibacterium prausnitzii	Faecalibacterium prausnitzii	species	0.0076	abund	0.0076	0.1	DYN_0024_D01_Qiagen.fastq	DYN_0024_D01	ont_qiagen	sylph	default	sylph_default
1260	1260	Finegoldia magna_H	Finegoldia magna	species	0.0001	abund	0.0001	0.0006	DYN_0024_D01_Qiagen.fastq	DYN_0024_D01	ont_qiagen	sylph	default	sylph_default
1280	1280	Staphylococcus aureus	Staphylococcus aureus	species	0.0003	abund	0.0003	0.0039	DYN_0024_D01_Qiagen.fastq	DYN_0024_D01	ont_qiagen	sylph	default	sylph_default
1302	1302	Streptococcus gordonii	Streptococcus gordonii	species	0.0013	abund	0.0013	0.0124	DYN_0024_D01_Qiagen.fastq	DYN_0024_D01	ont_qiagen	sylph	default	sylph_default
1304	1304	Streptococcus salivarius	Streptococcus salivarius	species	0.001	abund	0.001	0.0094	DYN_0024_D01_Qiagen.fastq	DYN_0024_D01	ont_qiagen	sylph	default	sylph_default
1308	1308	Streptococcus thermophilus	Streptococcus thermophilus	species	0.0085	abund	0.0085	0.0767	DYN_0024_D01_Qiagen.fastq	DYN_0024_D01	ont_qiagen	sylph	default	sylph_default
1318	1318	Streptococcus parasanguinis	Streptococcus parasanguinis	species	0.0013	abund	0.0013	0.0117	DYN_0024_D01_Qiagen.fastq	DYN_0024_D01	ont_qiagen	sylph	default	sylph_default
1338	1338	Streptococcus intermedius	Streptococcus intermedius	species	0.002	abund	0.002	0.0171	DYN_0024_D01_Qiagen.fastq	DYN_0024_D01	ont_qiagen	sylph	default	sylph_default
1343	1343	Streptococcus vestibularis	Streptococcus vestibularis	species	0.0104	abund	0.0104	0.0835	DYN_0024_D01_Qiagen.fastq	DYN_0024_D01	ont_qiagen	sylph	default	sylph_default
1351	1351	Enterococcus faecalis	Enterococcus faecalis	species	0.0091	abund	0.0091	0.1116	DYN_0024_D01_Qiagen.fastq	DYN_0024_D01	ont_qiagen	sylph	default	sylph_default
1352	1352	Enterococcus_B faecium	Enterococcus faecium	species	0.0013	abund	0.0013	0.0145	DYN_0024_D01_Qiagen.fastq	DYN_0024_D01	ont_qiagen	sylph	default	sylph_default
1353	1353	Enterococcus_D gallinarum	Enterococcus gallinarum	species	0.0005	abund	0.0005	0.0086	DYN_0024_D01_Qiagen.fastq	DYN_0024_D01	ont_qiagen	sylph	default	sylph_default
1354	1354	Enterococcus_B hirae	Enterococcus hirae	species	0.0006	abund	0.0006	0.0071	DYN_0024_D01_Qiagen.fastq	DYN_0024_D01	ont_qiagen	sylph	default	sylph_default
1382	1382	Lancefieldella parvula	Lancefieldella parvula	species	0.0004	abund	0.0004	0.0028	DYN_0024_D01_Qiagen.fastq	DYN_0024_D01	ont_qiagen	sylph	default	sylph_default
1383	1383	Lancefieldella rimae	Lancefieldella rimae	species	0.0002	abund	0.0002	0.0013	DYN_0024_D01_Qiagen.fastq	DYN_0024_D01	ont_qiagen	sylph	default	sylph_default
1522	1522	Clostridium_AQ innocuum	Clostridium innocuum	species	0.0011	abund	0.0011	0.0224	DYN_0024_D01_Qiagen.fastq	DYN_0024_D01	ont_qiagen	sylph	default	sylph_default
1527	1527	Anaerocolumna aminovalerica	Anaerocolumna aminovalerica	species	0.0002	abund	0.0002	0.0038	DYN_0024_D01_Qiagen.fastq	DYN_0024_D01	ont_qiagen	sylph	default	sylph_default
1535	1535	Clostridium_A leptum	Clostridium leptum	species	0.0069	abund	0.0069	0.0966	DYN_0024_D01_Qiagen.fastq	DYN_0024_D01	ont_qiagen	sylph	default	sylph_default
1547	1547	Thomasclavelia ramosa	Thomasclavelia ramosa	species	0.0008	abund	0.0008	0.0107	DYN_0024_D01_Qiagen.fastq	DYN_0024_D01	ont_qiagen	sylph	default	sylph_default
1559	1559	Clostridium tertium	Clostridium tertium	species	0.0001	abund	0.0001	0.0016	DYN_0024_D01_Qiagen.fastq	DYN_0024_D01	ont_qiagen	sylph	default	sylph_default
1564	1564	Desulfotomaculum ruminis	Desulfotomaculum ruminis	species	0.0002	abund	0.0002	0.0031	DYN_0024_D01_Qiagen.fastq	DYN_0024_D01	ont_qiagen	sylph	default	sylph_default
1597	1597	Lacticaseibacillus paracasei	Lacticaseibacillus paracasei	species	0.0117	abund	0.0117	0.1518	DYN_0024_D01_Qiagen.fastq	DYN_0024_D01	ont_qiagen	sylph	default	sylph_default
1613	1613	Limosilactobacillus fermentum	Limosilactobacillus fermentum	species	0.0001	abund	0.0001	0.001	DYN_0024_D01_Qiagen.fastq	DYN_0024_D01	ont_qiagen	sylph	default	sylph_default
28025	28025	Bifidobacterium animalis	Bifidobacterium animalis	species	0.0003	abund	0.0003	0.0029	DYN_0024_D01_Qiagen.fastq	DYN_0024_D01	ont_qiagen	sylph	default	sylph_default
28052	28052	Lachnospira pectinoschiza_A	Lachnospira pectinoschiza	species	0.0015	abund	0.0015	0.0178	DYN_0024_D01_Qiagen.fastq	DYN_0024_D01	ont_qiagen	sylph	default	sylph_default
28116	28116	Bacteroides ovatus	Bacteroides ovatus	species	0.0006	abund	0.0006	0.0167	DYN_0024_D01_Qiagen.fastq	DYN_0024_D01	ont_qiagen	sylph	default	sylph_default
28125	28125	Prevotella bivia	Prevotella bivia	species	0.0006	abund	0.0006	0.0062	DYN_0024_D01_Qiagen.fastq	DYN_0024_D01	ont_qiagen	sylph	default	sylph_default
28126	28126	Prevotella buccae	Prevotella buccae	species	0.0002	abund	0.0002	0.0028	DYN_0024_D01_Qiagen.fastq	DYN_0024_D01	ont_qiagen	sylph	default	sylph_default
28128	28128	Prevotella corporis	Prevotella corporis	species	0.0002	abund	0.0002	0.0028	DYN_0024_D01_Qiagen.fastq	DYN_0024_D01	ont_qiagen	sylph	default	sylph_default
28901	28901	Salmonella enterica	Salmonella enterica	species	0.0006	abund	0.0006	0.0124	DYN_0024_D01_Qiagen.fastq	DYN_0024_D01	ont_qiagen	sylph	default	sylph_default
29347	29347	Clostridium_AP scindens	Clostridium scindens	species	0.0023	abund	0.0023	0.0362	DYN_0024_D01_Qiagen.fastq	DYN_0024_D01	ont_qiagen	sylph	default	sylph_default
29348	29348	Thomasclavelia spiroformis	Thomasclavelia spiroformis	species	0.0065	abund	0.0065	0.0703	DYN_0024_D01_Qiagen.fastq	DYN_0024_D01	ont_qiagen	sylph	default	sylph_default
29360	29360	Cellulosilyticum lentocellum	Cellulosilyticum lentocellum	species	0.0001	abund	0.0001	0.0025	DYN_0024_D01_Qiagen.fastq	DYN_0024_D01	ont_qiagen	sylph	default	sylph_default
29363	29363	Clostridium paraputrificum	Clostridium paraputrificum	species	0.0001	abund	0.0001	0.0023	DYN_0024_D01_Qiagen.fastq	DYN_0024_D01	ont_qiagen	sylph	default	sylph_default
29466	29466	Veillonella parvula	Veillonella parvula	species	0.003	abund	0.003	0.026799999999999997	DYN_0024_D01_Qiagen.fastq	DYN_0024_D01	ont_qiagen	sylph	default	sylph_default
31971	31971	Amedibacillus dolichus	Amedibacillus dolichus	species	0.0018	abund	0.0018	0.0166	DYN_0024_D01_Qiagen.fastq	DYN_0024_D01	ont_qiagen	sylph	default	sylph_default
33031	33031	Peptoniphilus_A lacrimalis	Peptoniphilus lacrimalis	species	0.0004	abund	0.0004	0.0031	DYN_0024_D01_Qiagen.fastq	DYN_0024_D01	ont_qiagen	sylph	default	sylph_default
33037	33037	Anaerococcus vaginalis	Anaerococcus vaginalis	species	0.0014	abund	0.0014	0.0116	DYN_0024_D01_Qiagen.fastq	DYN_0024_D01	ont_qiagen	sylph	default	sylph_default
33038	33038	Ruminococcus_B gnavus	Ruminococcus gnavus	species	0.0041	abund	0.0041	0.0631	DYN_0024_D01_Qiagen.fastq	DYN_0024_D01	ont_qiagen	sylph	default	sylph_default
35703	35703	Citrobacter_A amalonaticus	Citrobacter amalonaticus	species	0.0005	abund	0.0005	0.0101	DYN_0024_D01_Qiagen.fastq	DYN_0024_D01	ont_qiagen	sylph	default	sylph_default
39488	39488	Anaerobutyricum hallii	Anaerobutyricum hallii	species	0.0051	abund	0.0051	0.0718	DYN_0024_D01_Qiagen.fastq	DYN_0024_D01	ont_qiagen	sylph	default	sylph_default
39491	39491	Agathobacter rectalis	Agathobacter rectalis	species	0.0464	abund	0.0464	0.688	DYN_0024_D01_Qiagen.fastq	DYN_0024_D01	ont_qiagen	sylph	default	sylph_default
39492	39492	Ruminiclostridium_E siraeum	Ruminiclostridium siraeum	species	0.0174	abund	0.0174	0.2014	DYN_0024_D01_Qiagen.fastq	DYN_0024_D01	ont_qiagen	sylph	default	sylph_default
39496	39496	Eubacterium_G ventriosum	Eubacterium ventriosum	species	0.012	abund	0.012	0.1476	DYN_0024_D01_Qiagen.fastq	DYN_0024_D01	ont_qiagen	sylph	default	sylph_default
40520	40520	Blautia_A obeum	Blautia obeum	species	0.0787	abund	0.0787	1.2352	DYN_0024_D01_Qiagen.fastq	DYN_0024_D01	ont_qiagen	sylph	default	sylph_default
43675	43675	Rothia mucilaginosa_A	Rothia mucilaginosa	species	0.0003	abund	0.0003	0.0025	DYN_0024_D01_Qiagen.fastq	DYN_0024_D01	ont_qiagen	sylph	default	sylph_default
46228	46228	Mediterraneibacter lactaris	Mediterraneibacter lactaris	species	0.0025	abund	0.0025	0.0289	DYN_0024_D01_Qiagen.fastq	DYN_0024_D01	ont_qiagen	sylph	default	sylph_default
46503	46503	Parabacteroides merdae	Parabacteroides merdae	species	0.0004	abund	0.0004	0.0082	DYN_0024_D01_Qiagen.fastq	DYN_0024_D01	ont_qiagen	sylph	default	sylph_default
46506	46506	Bacteroides stercoris	Bacteroides stercoris	species	1.554	abund	1.554	26.7889	DYN_0024_D01_Qiagen.fastq	DYN_0024_D01	ont_qiagen	sylph	default	sylph_default
47678	47678	Bacteroides caccae	Bacteroides caccae	species	0.0002	abund	0.0002	0.0046	DYN_0024_D01_Qiagen.fastq	DYN_0024_D01	ont_qiagen	sylph	default	sylph_default
47715	47715	Lacticaseibacillus rhamnosus	Lacticaseibacillus rhamnosus	species	0.052	abund	0.052	0.6682	DYN_0024_D01_Qiagen.fastq	DYN_0024_D01	ont_qiagen	sylph	default	sylph_default
53443	53443	Blautia_A hydrogenotrophica	Blautia hydrogenotrophica	species	0.0077	abund	0.0077	0.1195	DYN_0024_D01_Qiagen.fastq	DYN_0024_D01	ont_qiagen	sylph	default	sylph_default
71452	71452	Enterococcus_A raffinosus	Enterococcus raffinosus	species	0.0003	abund	0.0003	0.005	DYN_0024_D01_Qiagen.fastq	DYN_0024_D01	ont_qiagen	sylph	default	sylph_default
76857	76857	Fusobacterium polymorphum	Fusobacterium polymorphum	species	0.0003	abund	0.0003	0.0034	DYN_0024_D01_Qiagen.fastq	DYN_0024_D01	ont_qiagen	sylph	default	sylph_default
78448	78448	Bifidobacterium pullorum_B	Bifidobacterium pullorum	species	0.0071	abund	0.0071	0.0656	DYN_0024_D01_Qiagen.fastq	DYN_0024_D01	ont_qiagen	sylph	default	sylph_default
84112	84112	Eggerthella lenta	Eggerthella lenta	species	0.1012	abund	0.1012	1.5805	DYN_0024_D01_Qiagen.fastq	DYN_0024_D01	ont_qiagen	sylph	default	sylph_default
84163	84163	Cryptobacterium curtum	Cryptobacterium curtum	species	0.0003	abund	0.0003	0.0021	DYN_0024_D01_Qiagen.fastq	DYN_0024_D01	ont_qiagen	sylph	default	sylph_default
88431	88431	Dorea_A longicatena	Dorea longicatena	species	0.0206	abund	0.0206	0.2592	DYN_0024_D01_Qiagen.fastq	DYN_0024_D01	ont_qiagen	sylph	default	sylph_default
96241	96241	Bacillus spizizenii	Bacillus spizizenii	species	0.0004	abund	0.0004	0.0076	DYN_0024_D01_Qiagen.fastq	DYN_0024_D01	ont_qiagen	sylph	default	sylph_default
100884	100884	Coprobacillus cateniformis	Coprobacillus cateniformis	species	0.0003	abund	0.0003	0.0045	DYN_0024_D01_Qiagen.fastq	DYN_0024_D01	ont_qiagen	sylph	default	sylph_default
105841	105841	Anaerostipes caccae	Anaerostipes caccae	species	0.0004	abund	0.0004	0.0063	DYN_0024_D01_Qiagen.fastq	DYN_0024_D01	ont_qiagen	sylph	default	sylph_default
116085	116085	Coprococcus_A catus_A	Coprococcus catus	species	0.0093	abund	0.0093	0.1406	DYN_0024_D01_Qiagen.fastq	DYN_0024_D01	ont_qiagen	sylph	default	sylph_default
133448	133448	Citrobacter youngae	Citrobacter youngae	species	0.0003	abund	0.0003	0.0069	DYN_0024_D01_Qiagen.fastq	DYN_0024_D01	ont_qiagen	sylph	default	sylph_default
138595	138595	Olsenella_F profusa	Olsenella profusa	species	0.0001	abund	0.0001	0.0008	DYN_0024_D01_Qiagen.fastq	DYN_0024_D01	ont_qiagen	sylph	default	sylph_default
143393	143393	Eubacterium_B sulci	Eubacterium sulci	species	0.0001	abund	0.0001	0.001	DYN_0024_D01_Qiagen.fastq	DYN_0024_D01	ont_qiagen	sylph	default	sylph_default
154046	154046	Hungatella hathewayi	Hungatella hathewayi	species	0.0132	abund	0.0132	0.394	DYN_0024_D01_Qiagen.fastq	DYN_0024_D01	ont_qiagen	sylph	default	sylph_default
154288	154288	Turicibacter sanguinis	Turicibacter sanguinis	species	0.0016	abund	0.0016	0.0208	DYN_0024_D01_Qiagen.fastq	DYN_0024_D01	ont_qiagen	sylph	default	sylph_default
158836	158836	Enterobacter hormaechei_B	Enterobacter hormaechei	species	0.0009	abund	0.0009	0.0177	DYN_0024_D01_Qiagen.fastq	DYN_0024_D01	ont_qiagen	sylph	default	sylph_default
160404	160404	Anaerotignum lactatifermentans	Anaerotignum lactatifermentans	species	0.0019	abund	0.0019	0.0288	DYN_0024_D01_Qiagen.fastq	DYN_0024_D01	ont_qiagen	sylph	default	sylph_default
169435	169435	Anaerotruncus colihominis	Anaerotruncus colihominis	species	0.0016	abund	0.0016	0.0243	DYN_0024_D01_Qiagen.fastq	DYN_0024_D01	ont_qiagen	sylph	default	sylph_default
177972	177972	Shuttleworthia satelles	Shuttleworthia satelles	species	0.0002	abund	0.0002	0.0015	DYN_0024_D01_Qiagen.fastq	DYN_0024_D01	ont_qiagen	sylph	default	sylph_default
208479	208479	Enterocloster bolteae	Enterocloster bolteae	species	0.0041	abund	0.0041	0.1152	DYN_0024_D01_Qiagen.fastq	DYN_0024_D01	ont_qiagen	sylph	default	sylph_default
214853	214853	Anaerofustis stercorihominis	Anaerofustis stercorihominis	species	0.0006	abund	0.0006	0.0054	DYN_0024_D01_Qiagen.fastq	DYN_0024_D01	ont_qiagen	sylph	default	sylph_default
214856	214856	Alistipes finegoldii	Alistipes finegoldii	species	0.4932	abund	0.4932	7.9212	DYN_0024_D01_Qiagen.fastq	DYN_0024_D01	ont_qiagen	sylph	default	sylph_default
216816	216816	Bifidobacterium longum	Bifidobacterium longum	species	0.0393	abund	0.0393	0.4036	DYN_0024_D01_Qiagen.fastq	DYN_0024_D01	ont_qiagen	sylph	default	sylph_default
218538	218538	Dialister invisus	Dialister invisus	species	0.002	abund	0.002	0.016	DYN_0024_D01_Qiagen.fastq	DYN_0024_D01	ont_qiagen	sylph	default	sylph_default
261299	261299	Intestinibacter bartlettii	Intestinibacter bartlettii	species	0.0017	abund	0.0017	0.0214	DYN_0024_D01_Qiagen.fastq	DYN_0024_D01	ont_qiagen	sylph	default	sylph_default
292800	292800	Flavonifractor plautii	Flavonifractor plautii	species	0.0009	abund	0.0009	0.014	DYN_0024_D01_Qiagen.fastq	DYN_0024_D01	ont_qiagen	sylph	default	sylph_default
301301	301301	Roseburia hominis	Roseburia hominis	species	0.0009	abund	0.0009	0.0142	DYN_0024_D01_Qiagen.fastq	DYN_0024_D01	ont_qiagen	sylph	default	sylph_default
333367	333367	Enterocloster asparagiformis	Enterocloster asparagiformis	species	0.0006	abund	0.0006	0.0172	DYN_0024_D01_Qiagen.fastq	DYN_0024_D01	ont_qiagen	sylph	default	sylph_default
357441	357441	Enterococcus_B lactis	Enterococcus lactis	species	0.0004	abund	0.0004	0.005	DYN_0024_D01_Qiagen.fastq	DYN_0024_D01	ont_qiagen	sylph	default	sylph_default
358742	358742	Enterocloster aldenensis	Enterocloster aldenensis	species	0.0014	abund	0.0014	0.0365	DYN_0024_D01_Qiagen.fastq	DYN_0024_D01	ont_qiagen	sylph	default	sylph_default
358743	358743	Enterocloster citroniae	Enterocloster citroniae	species	0.0007	abund	0.0007	0.0204	DYN_0024_D01_Qiagen.fastq	DYN_0024_D01	ont_qiagen	sylph	default	sylph_default
360807	360807	Roseburia inulinivorans	Roseburia inulinivorans	species	0.0042	abund	0.0042	0.0726	DYN_0024_D01_Qiagen.fastq	DYN_0024_D01	ont_qiagen	sylph	default	sylph_default
371601	371601	Bacteroides xylanisolvens	Bacteroides xylanisolvens	species	0.0005	abund	0.0005	0.0136	DYN_0024_D01_Qiagen.fastq	DYN_0024_D01	ont_qiagen	sylph	default	sylph_default
371674	371674	Moryella indoligenes	Moryella indoligenes	species	0.0003	abund	0.0003	0.0029	DYN_0024_D01_Qiagen.fastq	DYN_0024_D01	ont_qiagen	sylph	default	sylph_default
395631	395631	Phytobacter diazotrophicus	Phytobacter diazotrophicus	species	0.0002	abund	0.0002	0.0055	DYN_0024_D01_Qiagen.fastq	DYN_0024_D01	ont_qiagen	sylph	default	sylph_default
423477	423477	Veillonella rogosae	Veillonella rogosae	species	0.0008	abund	0.0008	0.0074	DYN_0024_D01_Qiagen.fastq	DYN_0024_D01	ont_qiagen	sylph	default	sylph_default
487175	487175	Parasutterella excrementihominis	Parasutterella excrementihominis	species	0.0003	abund	0.0003	0.0042	DYN_0024_D01_Qiagen.fastq	DYN_0024_D01	ont_qiagen	sylph	default	sylph_default
544580	544580	Actinomyces oris	Actinomyces oris	species	0.0001	abund	0.0001	0.0017	DYN_0024_D01_Qiagen.fastq	DYN_0024_D01	ont_qiagen	sylph	default	sylph_default
649756	649756	Anaerostipes hadrus	Anaerostipes hadrus	species	0.0043	abund	0.0043	0.0517	DYN_0024_D01_Qiagen.fastq	DYN_0024_D01	ont_qiagen	sylph	default	sylph_default
674529	674529	Bacteroides faecis	Bacteroides faecis	species	0.0066	abund	0.0066	0.1695	DYN_0024_D01_Qiagen.fastq	DYN_0024_D01	ont_qiagen	sylph	default	sylph_default
871665	871665	Blautia_A faecis	Blautia faecis	species	0.0005	abund	0.0005	0.0093	DYN_0024_D01_Qiagen.fastq	DYN_0024_D01	ont_qiagen	sylph	default	sylph_default
1096246	1096246	Hungatella effluvii	Hungatella effluvii	species	0.0011	abund	0.0011	0.0321	DYN_0024_D01_Qiagen.fastq	DYN_0024_D01	ont_qiagen	sylph	default	sylph_default
1150298	1150298	Fusicatenibacter saccharivorans	Fusicatenibacter saccharivorans	species	0.001	abund	0.001	0.0169	DYN_0024_D01_Qiagen.fastq	DYN_0024_D01	ont_qiagen	sylph	default	sylph_default
1297617	1297617	Intestinimonas butyriciproducens	Intestinimonas butyriciproducens	species	0.0191	abund	0.0191	0.2644	DYN_0024_D01_Qiagen.fastq	DYN_0024_D01	ont_qiagen	sylph	default	sylph_default
1414720	1414720	Clostridium saudiense	Clostridium saudiense	species	0.0054	abund	0.0054	0.0844	DYN_0024_D01_Qiagen.fastq	DYN_0024_D01	ont_qiagen	sylph	default	sylph_default
1432052	1432052	Eisenbergiella tayi	Eisenbergiella tayi	species	0.0393	abund	0.0393	1.2784	DYN_0024_D01_Qiagen.fastq	DYN_0024_D01	ont_qiagen	sylph	default	sylph_default
1465756	1465756	Peptoniphilus_A grossensis	Peptoniphilus grossensis	species	0.0004	abund	0.0004	0.0037	DYN_0024_D01_Qiagen.fastq	DYN_0024_D01	ont_qiagen	sylph	default	sylph_default
1528099	1528099	Lawsonella clevelandensis	Lawsonella clevelandensis	species	0.0018	abund	0.0018	0.0146	DYN_0024_D01_Qiagen.fastq	DYN_0024_D01	ont_qiagen	sylph	default	sylph_default
1550024	1550024	Ruthenibacterium lactatiformans	Ruthenibacterium lactatiformans	species	0.0042	abund	0.0042	0.0745	DYN_0024_D01_Qiagen.fastq	DYN_0024_D01	ont_qiagen	sylph	default	sylph_default
1577792	1577792	Terrisporobacter othiniensis	Terrisporobacter othiniensis	species	0.0005	abund	0.0005	0.0084	DYN_0024_D01_Qiagen.fastq	DYN_0024_D01	ont_qiagen	sylph	default	sylph_default
1628085	1628085	Agathobaculum butyriciproducens	Agathobaculum butyriciproducens	species	0.0003	abund	0.0003	0.0042	DYN_0024_D01_Qiagen.fastq	DYN_0024_D01	ont_qiagen	sylph	default	sylph_default
1653434	1653434	Sellimonas intestinalis	Sellimonas intestinalis	species	0.0002	abund	0.0002	0.0021	DYN_0024_D01_Qiagen.fastq	DYN_0024_D01	ont_qiagen	sylph	default	sylph_default
1653435	1653435	Merdimonas faecis	Merdimonas faecis	species	0.0014	abund	0.0014	0.0196	DYN_0024_D01_Qiagen.fastq	DYN_0024_D01	ont_qiagen	sylph	default	sylph_default
1673721	1673721	Intestinimonas massiliensis	Intestinimonas massiliensis	species	0.0023	abund	0.0023	0.0306	DYN_0024_D01_Qiagen.fastq	DYN_0024_D01	ont_qiagen	sylph	default	sylph_default
1720200	1720200	Anaerotruncus rubiinfantis	Anaerotruncus rubiinfantis	species	0.0012	abund	0.0012	0.0177	DYN_0024_D01_Qiagen.fastq	DYN_0024_D01	ont_qiagen	sylph	default	sylph_default
1776391	1776391	Romboutsia timonensis	Romboutsia timonensis	species	0.0019	abund	0.0019	0.0252	DYN_0024_D01_Qiagen.fastq	DYN_0024_D01	ont_qiagen	sylph	default	sylph_default
1796615	1796615	Blautia_A caecimuris	Blautia caecimuris	species	0.0008	abund	0.0008	0.0143	DYN_0024_D01_Qiagen.fastq	DYN_0024_D01	ont_qiagen	sylph	default	sylph_default
1796618	1796618	Cuneatibacter caecimuris	Cuneatibacter caecimuris	species	0.0002	abund	0.0002	0.0033	DYN_0024_D01_Qiagen.fastq	DYN_0024_D01	ont_qiagen	sylph	default	sylph_default
1796635	1796635	Longicatena caecimuris	Longicatena caecimuris	species	0.0351	abund	0.0351	0.445	DYN_0024_D01_Qiagen.fastq	DYN_0024_D01	ont_qiagen	sylph	default	sylph_default
1796636	1796636	Frisingicoccus caecimuris	Frisingicoccus caecimuris	species	0.0003	abund	0.0003	0.0039	DYN_0024_D01_Qiagen.fastq	DYN_0024_D01	ont_qiagen	sylph	default	sylph_default
1871029	1871029	Intestinibacillus massiliensis	Intestinibacillus massiliensis	species	0.0002	abund	0.0002	0.003	DYN_0024_D01_Qiagen.fastq	DYN_0024_D01	ont_qiagen	sylph	default	sylph_default
1871035	1871035	Negativibacillus massiliensis	Negativibacillus massiliensis	species	0.0021	abund	0.0021	0.0258	DYN_0024_D01_Qiagen.fastq	DYN_0024_D01	ont_qiagen	sylph	default	sylph_default
1981510	1981510	Monoglobus pectinilyticus	Monoglobus pectinilyticus	species	0.0422	abund	0.0422	0.5003	DYN_0024_D01_Qiagen.fastq	DYN_0024_D01	ont_qiagen	sylph	default	sylph_default
1987501	1987501	Massiliimalia timonensis	Massiliimalia timonensis	species	0.0001	abund	0.0001	0.0016	DYN_0024_D01_Qiagen.fastq	DYN_0024_D01	ont_qiagen	sylph	default	sylph_default
2015901	2015901	Massilicoli timonensis	Massilicoli timonensis	species	0.0379	abund	0.0379	0.4091	DYN_0024_D01_Qiagen.fastq	DYN_0024_D01	ont_qiagen	sylph	default	sylph_default
2041842	2041842	Neobittarella massiliensis	Neobittarella massiliensis	species	0.0007	abund	0.0007	0.0091	DYN_0024_D01_Qiagen.fastq	DYN_0024_D01	ont_qiagen	sylph	default	sylph_default
2068655	2068655	Novisyntrophococcus fermenticellae	Novisyntrophococcus fermenticellae	species	0.0001	abund	0.0001	0.0019	DYN_0024_D01_Qiagen.fastq	DYN_0024_D01	ont_qiagen	sylph	default	sylph_default
2086584	2086584	Massilistercora timonensis	Massilistercora timonensis	species	0.0016	abund	0.0016	0.0189	DYN_0024_D01_Qiagen.fastq	DYN_0024_D01	ont_qiagen	sylph	default	sylph_default
2093857	2093857	Dysosmobacter welbionis	Dysosmobacter welbionis	species	0.0134	abund	0.0134	0.2065	DYN_0024_D01_Qiagen.fastq	DYN_0024_D01	ont_qiagen	sylph	default	sylph_default
2108523	2108523	Lawsonibacter asaccharolyticus	Lawsonibacter asaccharolyticus	species	0.0057	abund	0.0057	0.105	DYN_0024_D01_Qiagen.fastq	DYN_0024_D01	ont_qiagen	sylph	default	sylph_default
2172545	2172545	Streptococcus halitosis	Streptococcus halitosis	species	0.0071	abund	0.0071	0.0573	DYN_0024_D01_Qiagen.fastq	DYN_0024_D01	ont_qiagen	sylph	default	sylph_default
2211183	2211183	Evtepia gabavorous	Evtepia gabavorous	species	0.0199	abund	0.0199	0.2133	DYN_0024_D01_Qiagen.fastq	DYN_0024_D01	ont_qiagen	sylph	default	sylph_default
2507161	2507161	Acidilutibacter cellobiosedens	Acidilutibacter cellobiosedens	species	0.0003	abund	0.0003	0.0041	DYN_0024_D01_Qiagen.fastq	DYN_0024_D01	ont_qiagen	sylph	default	sylph_default
2583452	2583452	Amedibacterium intestinale	Amedibacterium intestinale	species	0.0055	abund	0.0055	0.0593	DYN_0024_D01_Qiagen.fastq	DYN_0024_D01	ont_qiagen	sylph	default	sylph_default
2606633	2606633	Oliverpabstia intestinalis	Oliverpabstia intestinalis	species	0.0225	abund	0.0225	0.3126	DYN_0024_D01_Qiagen.fastq	DYN_0024_D01	ont_qiagen	sylph	default	sylph_default
2652274	2652274	Eisenbergiella porci	Eisenbergiella porci	species	0.0093	abund	0.0093	0.2454	DYN_0024_D01_Qiagen.fastq	DYN_0024_D01	ont_qiagen	sylph	default	sylph_default
2720824	2720824	Allobutyricicoccus pentlandensis	Allobutyricicoccus pentlandensis	species	0.0	abund	0.0	0.0002	DYN_0024_D01_Qiagen.fastq	DYN_0024_D01	ont_qiagen	sylph	default	sylph_default
2720825	2720825	Allochristensenella caecavium	Allochristensenella caecavium	species	0.0009	abund	0.0009	0.0059	DYN_0024_D01_Qiagen.fastq	DYN_0024_D01	ont_qiagen	sylph	default	sylph_default
2720830	2720830	Cryptoclostridium obscurum	Cryptoclostridium obscurum	species	0.0002	abund	0.0002	0.0015	DYN_0024_D01_Qiagen.fastq	DYN_0024_D01	ont_qiagen	sylph	default	sylph_default
2721133	2721133	Metaruminococcus caecorum	Metaruminococcus caecorum	species	0.0003	abund	0.0003	0.0026	DYN_0024_D01_Qiagen.fastq	DYN_0024_D01	ont_qiagen	sylph	default	sylph_default
2721134	2721134	Metaruminococcus_A gallistercoris	Metaruminococcus gallistercoris	species	0.0001	abund	0.0001	0.001	DYN_0024_D01_Qiagen.fastq	DYN_0024_D01	ont_qiagen	sylph	default	sylph_default
2721147	2721147	Protoclostridium gallicola	Protoclostridium gallicola	species	0.0005	abund	0.0005	0.0039	DYN_0024_D01_Qiagen.fastq	DYN_0024_D01	ont_qiagen	sylph	default	sylph_default
2721148	2721148	Pseudolachnospira avium	Pseudolachnospira avium	species	0.0001	abund	0.0001	0.0018	DYN_0024_D01_Qiagen.fastq	DYN_0024_D01	ont_qiagen	sylph	default	sylph_default
2721154	2721154	Schneewindia gallinarum	Schneewindia gallinarum	species	0.006	abund	0.006	0.0454	DYN_0024_D01_Qiagen.fastq	DYN_0024_D01	ont_qiagen	sylph	default	sylph_default
2735723	2735723	Turicibacter bilis	Turicibacter bilis	species	0.0015	abund	0.0015	0.0178	DYN_0024_D01_Qiagen.fastq	DYN_0024_D01	ont_qiagen	sylph	default	sylph_default
2763026	2763026	Blautia celeris	Blautia celeris	species	0.0024	abund	0.0024	0.0641	DYN_0024_D01_Qiagen.fastq	DYN_0024_D01	ont_qiagen	sylph	default	sylph_default
2763053	2763053	Lawsonibacter_A hominis	Lawsonibacter hominis	species	0.0131	abund	0.0131	0.1978	DYN_0024_D01_Qiagen.fastq	DYN_0024_D01	ont_qiagen	sylph	default	sylph_default
2763054	2763054	Mediterraneibacter hominis	Mediterraneibacter hominis	species	0.0008	abund	0.0008	0.012	DYN_0024_D01_Qiagen.fastq	DYN_0024_D01	ont_qiagen	sylph	default	sylph_default
2763656	2763656	Guopingia tenuis	Guopingia tenuis	species	0.0039	abund	0.0039	0.0372	DYN_0024_D01_Qiagen.fastq	DYN_0024_D01	ont_qiagen	sylph	default	sylph_default
2763659	2763659	Fumia xinanensis	Fumia xinanensis	species	0.0062	abund	0.0062	0.0759	DYN_0024_D01_Qiagen.fastq	DYN_0024_D01	ont_qiagen	sylph	default	sylph_default
2763661	2763661	Bianquea renquensis	Bianquea renquensis	species	0.0111	abund	0.0111	0.1883	DYN_0024_D01_Qiagen.fastq	DYN_0024_D01	ont_qiagen	sylph	default	sylph_default
2763679	2763679	Paratissierella segnis	Paratissierella segnis	species	0.0021	abund	0.0021	0.027	DYN_0024_D01_Qiagen.fastq	DYN_0024_D01	ont_qiagen	sylph	default	sylph_default
2764322	2764322	Hydrogeniiclostridium mannosilyticum	Hydrogeniiclostridium mannosilyticum	species	0.009	abund	0.009	0.1162	DYN_0024_D01_Qiagen.fastq	DYN_0024_D01	ont_qiagen	sylph	default	sylph_default
2780922	2780922	Solibaculum mannosilyticum	Solibaculum mannosilyticum	species	0.0003	abund	0.0003	0.0037	DYN_0024_D01_Qiagen.fastq	DYN_0024_D01	ont_qiagen	sylph	default	sylph_default
2840908	2840908	Pullichristensenella excrementipullorum	Pullichristensenella excrementipullorum	species	0.001	abund	0.001	0.0118	DYN_0024_D01_Qiagen.fastq	DYN_0024_D01	ont_qiagen	sylph	default	sylph_default
2840960	2840960	Ventrisoma faecale	Ventrisoma faecale	species	0.0002	abund	0.0002	0.0022	DYN_0024_D01_Qiagen.fastq	DYN_0024_D01	ont_qiagen	sylph	default	sylph_default
2850323	2850323	Diplocloster agilis	Diplocloster agilis	species	0.0004	abund	0.0004	0.0103	DYN_0024_D01_Qiagen.fastq	DYN_0024_D01	ont_qiagen	sylph	default	sylph_default
2897707	2897707	Merdimmobilis hominis	Merdimmobilis hominis	species	0.0001	abund	0.0001	0.0011	DYN_0024_D01_Qiagen.fastq	DYN_0024_D01	ont_qiagen	sylph	default	sylph_default
2927224	2927224	Akkermansia massiliensis	Akkermansia massiliensis	species	0.5199	abund	0.5199	7.3347	DYN_0024_D01_Qiagen.fastq	DYN_0024_D01	ont_qiagen	sylph	default	sylph_default
2941338	2941338	Streptococcus caecimuris	Streptococcus caecimuris	species	0.0009	abund	0.0009	0.0084	DYN_0024_D01_Qiagen.fastq	DYN_0024_D01	ont_qiagen	sylph	default	sylph_default
2981726	2981726	Hominimerdicola aceti	Hominimerdicola aceti	species	0.0002	abund	0.0002	0.0029	DYN_0024_D01_Qiagen.fastq	DYN_0024_D01	ont_qiagen	sylph	default	sylph_default
2981778	2981778	Agathobaculum ammoniilyticum	Agathobaculum ammoniilyticum	species	0.0007	abund	0.0007	0.0089	DYN_0024_D01_Qiagen.fastq	DYN_0024_D01	ont_qiagen	sylph	default	sylph_default
2981789	2981789	Dorea_A amylophila	Dorea amylophila	species	0.0156	abund	0.0156	0.2288	DYN_0024_D01_Qiagen.fastq	DYN_0024_D01	ont_qiagen	sylph	default	sylph_default
3054208	3054208	Selenobaculum gbiensis	Selenobaculum gbiensis	species	0.0002	abund	0.0002	0.0019	DYN_0024_D01_Qiagen.fastq	DYN_0024_D01	ont_qiagen	sylph	default	sylph_default
0	0	Actinomyces sp900323545	Actinomyces sp900323545	species	0.001	abund	0.001	0.0113	DYN_0036_D05_Qiagen.fastq	DYN_0036_D05	ont_qiagen	sylph	default	sylph_default
0	0	Allocoprobacillus merdigallinarum	Allocoprobacillus merdigallinarum	species	0.0152	abund	0.0152	0.1222	DYN_0036_D05_Qiagen.fastq	DYN_0036_D05	ont_qiagen	sylph	default	sylph_default
0	0	Anaeroglobus micronuciformis	Anaeroglobus micronuciformis	species	0.0022	abund	0.0022	0.0143	DYN_0036_D05_Qiagen.fastq	DYN_0036_D05	ont_qiagen	sylph	default	sylph_default
0	0	Bacteroides sp948436425	Bacteroides sp948436425	species	0.0013	abund	0.0013	0.0219	DYN_0036_D05_Qiagen.fastq	DYN_0036_D05	ont_qiagen	sylph	default	sylph_default
0	0	Centipeda flueggei	Centipeda flueggei	species	0.0013	abund	0.0013	0.0099	DYN_0036_D05_Qiagen.fastq	DYN_0036_D05	ont_qiagen	sylph	default	sylph_default
0	0	Clostridium sp900766315	Clostridium sp900766315	species	0.0062	abund	0.0062	0.0911	DYN_0036_D05_Qiagen.fastq	DYN_0036_D05	ont_qiagen	sylph	default	sylph_default
0	0	Enterocloster sp005845215	Enterocloster sp005845215	species	0.0013	abund	0.0013	0.0299	DYN_0036_D05_Qiagen.fastq	DYN_0036_D05	ont_qiagen	sylph	default	sylph_default
0	0	Faecousia gallistercoris	Faecousia gallistercoris	species	0.0007	abund	0.0007	0.0048	DYN_0036_D05_Qiagen.fastq	DYN_0036_D05	ont_qiagen	sylph	default	sylph_default
0	0	Faecousia sp003525905	Faecousia sp003525905	species	0.0009	abund	0.0009	0.0075	DYN_0036_D05_Qiagen.fastq	DYN_0036_D05	ont_qiagen	sylph	default	sylph_default
0	0	Granulicatella sp916049935	Granulicatella sp916049935	species	0.0007	abund	0.0007	0.0027	DYN_0036_D05_Qiagen.fastq	DYN_0036_D05	ont_qiagen	sylph	default	sylph_default
0	0	Haemophilus_D sp014931275	Haemophilus sp014931275	species	0.0099	abund	0.0099	0.0723	DYN_0036_D05_Qiagen.fastq	DYN_0036_D05	ont_qiagen	sylph	default	sylph_default
0	0	Haemophilus_D sp900755445	Haemophilus sp900755445	species	0.0069	abund	0.0069	0.0461	DYN_0036_D05_Qiagen.fastq	DYN_0036_D05	ont_qiagen	sylph	default	sylph_default
0	0	Lachnoanaerobaculum sp916439285	Lachnoanaerobaculum sp916439285	species	0.0081	abund	0.0081	0.0644	DYN_0036_D05_Qiagen.fastq	DYN_0036_D05	ont_qiagen	sylph	default	sylph_default
0	0	Lactobacillus sp944327175	Lactobacillus sp944327175	species	0.0004	abund	0.0004	0.0025	DYN_0036_D05_Qiagen.fastq	DYN_0036_D05	ont_qiagen	sylph	default	sylph_default
0	0	Lancefieldella sp024691995	Lancefieldella sp024691995	species	0.0139	abund	0.0139	0.0881	DYN_0036_D05_Qiagen.fastq	DYN_0036_D05	ont_qiagen	sylph	default	sylph_default
0	0	Pauljensenia marseillensis	Pauljensenia marseillensis	species	0.0017	abund	0.0017	0.0125	DYN_0036_D05_Qiagen.fastq	DYN_0036_D05	ont_qiagen	sylph	default	sylph_default
0	0	Pauljensenia radingae_A	Pauljensenia radingae	species	0.0141	abund	0.0141	0.1243	DYN_0036_D05_Qiagen.fastq	DYN_0036_D05	ont_qiagen	sylph	default	sylph_default
0	0	Pauljensenia sp900556405	Pauljensenia sp900556405	species	0.0017	abund	0.0017	0.0123	DYN_0036_D05_Qiagen.fastq	DYN_0036_D05	ont_qiagen	sylph	default	sylph_default
0	0	Pauljensenia sp902373545	Pauljensenia sp902373545	species	0.0041	abund	0.0041	0.0349	DYN_0036_D05_Qiagen.fastq	DYN_0036_D05	ont_qiagen	sylph	default	sylph_default
0	0	Pauljensenia sp916438365	Pauljensenia sp916438365	species	0.0012	abund	0.0012	0.0094	DYN_0036_D05_Qiagen.fastq	DYN_0036_D05	ont_qiagen	sylph	default	sylph_default
0	0	Pauljensenia sp916439125	Pauljensenia sp916439125	species	0.001	abund	0.001	0.0091	DYN_0036_D05_Qiagen.fastq	DYN_0036_D05	ont_qiagen	sylph	default	sylph_default
0	0	Peptostreptococcus sp900759325	Peptostreptococcus sp900759325	species	0.0015	abund	0.0015	0.0094	DYN_0036_D05_Qiagen.fastq	DYN_0036_D05	ont_qiagen	sylph	default	sylph_default
0	0	Ruthenibacterium merdipullorum	Ruthenibacterium merdipullorum	species	0.0007	abund	0.0007	0.0053	DYN_0036_D05_Qiagen.fastq	DYN_0036_D05	ont_qiagen	sylph	default	sylph_default
0	0	Scatavimonas sp900540275	Scatavimonas sp900540275	species	0.0022	abund	0.0022	0.0201	DYN_0036_D05_Qiagen.fastq	DYN_0036_D05	ont_qiagen	sylph	default	sylph_default
0	0	Scatomorpha merdavium	Scatomorpha merdavium	species	0.0011	abund	0.0011	0.0086	DYN_0036_D05_Qiagen.fastq	DYN_0036_D05	ont_qiagen	sylph	default	sylph_default
0	0	UBA4285 sp900542465	UBA4285 sp900542465	species	0.0042	abund	0.0042	0.0232	DYN_0036_D05_Qiagen.fastq	DYN_0036_D05	ont_qiagen	sylph	default	sylph_default
0	0	Veillonella sp018376995	Veillonella sp018376995	species	0.23	abund	0.23	1.7826	DYN_0036_D05_Qiagen.fastq	DYN_0036_D05	ont_qiagen	sylph	default	sylph_default
200	200	Campylobacter_A curvus	Campylobacter curvus	species	0.0132	abund	0.0132	0.0948	DYN_0036_D05_Qiagen.fastq	DYN_0036_D05	ont_qiagen	sylph	default	sylph_default
287	287	Pseudomonas aeruginosa	Pseudomonas aeruginosa	species	0.0006	abund	0.0006	0.0135	DYN_0036_D05_Qiagen.fastq	DYN_0036_D05	ont_qiagen	sylph	default	sylph_default
562	562	Escherichia coli	Escherichia coli	species	0.0022	abund	0.0022	0.0394	DYN_0036_D05_Qiagen.fastq	DYN_0036_D05	ont_qiagen	sylph	default	sylph_default
571	571	Klebsiella oxytoca	Klebsiella oxytoca	species	0.0018	abund	0.0018	0.0387	DYN_0036_D05_Qiagen.fastq	DYN_0036_D05	ont_qiagen	sylph	default	sylph_default
573	573	Klebsiella pneumoniae	Klebsiella pneumoniae	species	0.8626	abund	0.8626	17.3719	DYN_0036_D05_Qiagen.fastq	DYN_0036_D05	ont_qiagen	sylph	default	sylph_default
582	582	Morganella morganii	Morganella morganii	species	0.0132	abund	0.0132	0.1835	DYN_0036_D05_Qiagen.fastq	DYN_0036_D05	ont_qiagen	sylph	default	sylph_default
817	817	Bacteroides fragilis	Bacteroides fragilis	species	0.0016	abund	0.0016	0.0311	DYN_0036_D05_Qiagen.fastq	DYN_0036_D05	ont_qiagen	sylph	default	sylph_default
820	820	Bacteroides uniformis	Bacteroides uniformis	species	0.0021	abund	0.0021	0.0345	DYN_0036_D05_Qiagen.fastq	DYN_0036_D05	ont_qiagen	sylph	default	sylph_default
821	821	Phocaeicola vulgatus	Phocaeicola vulgatus	species	0.0019	abund	0.0019	0.0349	DYN_0036_D05_Qiagen.fastq	DYN_0036_D05	ont_qiagen	sylph	default	sylph_default
823	823	Parabacteroides distasonis	Parabacteroides distasonis	species	0.002	abund	0.002	0.0341	DYN_0036_D05_Qiagen.fastq	DYN_0036_D05	ont_qiagen	sylph	default	sylph_default
853	853	Faecalibacterium prausnitzii_E	Faecalibacterium prausnitzii	species	0.0012	abund	0.0012	0.0131	DYN_0036_D05_Qiagen.fastq	DYN_0036_D05	ont_qiagen	sylph	default	sylph_default
1303	1303	Streptococcus oralis_S	Streptococcus oralis	species	0.0016	abund	0.0016	0.0122	DYN_0036_D05_Qiagen.fastq	DYN_0036_D05	ont_qiagen	sylph	default	sylph_default
1304	1304	Streptococcus salivarius	Streptococcus salivarius	species	0.0085	abund	0.0085	0.0676	DYN_0036_D05_Qiagen.fastq	DYN_0036_D05	ont_qiagen	sylph	default	sylph_default
1308	1308	Streptococcus thermophilus	Streptococcus thermophilus	species	0.0032	abund	0.0032	0.0246	DYN_0036_D05_Qiagen.fastq	DYN_0036_D05	ont_qiagen	sylph	default	sylph_default
1318	1318	Streptococcus parasanguinis	Streptococcus parasanguinis	species	0.0029	abund	0.0029	0.0227	DYN_0036_D05_Qiagen.fastq	DYN_0036_D05	ont_qiagen	sylph	default	sylph_default
1351	1351	Enterococcus faecalis	Enterococcus faecalis	species	0.0242	abund	0.0242	0.2524	DYN_0036_D05_Qiagen.fastq	DYN_0036_D05	ont_qiagen	sylph	default	sylph_default
1382	1382	Lancefieldella parvula	Lancefieldella parvula	species	0.1047	abund	0.1047	0.5871	DYN_0036_D05_Qiagen.fastq	DYN_0036_D05	ont_qiagen	sylph	default	sylph_default
1509	1509	Clostridium_F sporogenes	Clostridium sporogenes	species	0.005	abund	0.005	0.0753	DYN_0036_D05_Qiagen.fastq	DYN_0036_D05	ont_qiagen	sylph	default	sylph_default
1522	1522	Clostridium_AQ innocuum	Clostridium innocuum	species	0.0008	abund	0.0008	0.0145	DYN_0036_D05_Qiagen.fastq	DYN_0036_D05	ont_qiagen	sylph	default	sylph_default
1527	1527	Anaerocolumna aminovalerica	Anaerocolumna aminovalerica	species	0.0082	abund	0.0082	0.1369	DYN_0036_D05_Qiagen.fastq	DYN_0036_D05	ont_qiagen	sylph	default	sylph_default
1597	1597	Lacticaseibacillus paracasei	Lacticaseibacillus paracasei	species	0.0017	abund	0.0017	0.0184	DYN_0036_D05_Qiagen.fastq	DYN_0036_D05	ont_qiagen	sylph	default	sylph_default
1639	1639	Listeria monocytogenes_B	Listeria monocytogenes	species	0.0002	abund	0.0002	0.0018	DYN_0036_D05_Qiagen.fastq	DYN_0036_D05	ont_qiagen	sylph	default	sylph_default
1655	1655	Actinomyces naeslundii	Actinomyces naeslundii	species	0.0025	abund	0.0025	0.0279	DYN_0036_D05_Qiagen.fastq	DYN_0036_D05	ont_qiagen	sylph	default	sylph_default
2047	2047	Rothia dentocariosa	Rothia dentocariosa	species	0.0009	abund	0.0009	0.0082	DYN_0036_D05_Qiagen.fastq	DYN_0036_D05	ont_qiagen	sylph	default	sylph_default
2718	2718	Cardiobacterium hominis	Cardiobacterium hominis	species	0.0016	abund	0.0016	0.0153	DYN_0036_D05_Qiagen.fastq	DYN_0036_D05	ont_qiagen	sylph	default	sylph_default
28037	28037	Streptococcus mitis_CE	Streptococcus mitis	species	0.0006	abund	0.0006	0.0039	DYN_0036_D05_Qiagen.fastq	DYN_0036_D05	ont_qiagen	sylph	default	sylph_default
28116	28116	Bacteroides ovatus	Bacteroides ovatus	species	0.0019	abund	0.0019	0.0455	DYN_0036_D05_Qiagen.fastq	DYN_0036_D05	ont_qiagen	sylph	default	sylph_default
28126	28126	Prevotella buccae	Prevotella buccae	species	0.0025	abund	0.0025	0.0298	DYN_0036_D05_Qiagen.fastq	DYN_0036_D05	ont_qiagen	sylph	default	sylph_default
28128	28128	Prevotella corporis	Prevotella corporis	species	0.0011	abund	0.0011	0.0115	DYN_0036_D05_Qiagen.fastq	DYN_0036_D05	ont_qiagen	sylph	default	sylph_default
28901	28901	Salmonella enterica	Salmonella enterica	species	0.0014	abund	0.0014	0.0258	DYN_0036_D05_Qiagen.fastq	DYN_0036_D05	ont_qiagen	sylph	default	sylph_default
29360	29360	Cellulosilyticum lentocellum	Cellulosilyticum lentocellum	species	0.0552	abund	0.0552	0.9457	DYN_0036_D05_Qiagen.fastq	DYN_0036_D05	ont_qiagen	sylph	default	sylph_default
33012	33012	Propionimicrobium lymphophilum	Propionimicrobium lymphophilum	species	0.0015	abund	0.0015	0.011	DYN_0036_D05_Qiagen.fastq	DYN_0036_D05	ont_qiagen	sylph	default	sylph_default
33038	33038	Ruminococcus_B gnavus	Ruminococcus gnavus	species	0.0025	abund	0.0025	0.0319	DYN_0036_D05_Qiagen.fastq	DYN_0036_D05	ont_qiagen	sylph	default	sylph_default
35519	35519	Mogibacterium timidum	Mogibacterium timidum	species	0.0027	abund	0.0027	0.0174	DYN_0036_D05_Qiagen.fastq	DYN_0036_D05	ont_qiagen	sylph	default	sylph_default
35703	35703	Citrobacter_A amalonaticus	Citrobacter amalonaticus	species	0.0378	abund	0.0378	0.696	DYN_0036_D05_Qiagen.fastq	DYN_0036_D05	ont_qiagen	sylph	default	sylph_default
37734	37734	Enterococcus_D casseliflavus	Enterococcus casseliflavus	species	0.0048	abund	0.0048	0.0607	DYN_0036_D05_Qiagen.fastq	DYN_0036_D05	ont_qiagen	sylph	default	sylph_default
39777	39777	Veillonella atypica	Veillonella atypica	species	0.0008	abund	0.0008	0.0063	DYN_0036_D05_Qiagen.fastq	DYN_0036_D05	ont_qiagen	sylph	default	sylph_default
42817	42817	Corynebacterium argentoratense	Corynebacterium argentoratense	species	0.0056	abund	0.0056	0.0416	DYN_0036_D05_Qiagen.fastq	DYN_0036_D05	ont_qiagen	sylph	default	sylph_default
46503	46503	Parabacteroides merdae	Parabacteroides merdae	species	0.0016	abund	0.0016	0.0261	DYN_0036_D05_Qiagen.fastq	DYN_0036_D05	ont_qiagen	sylph	default	sylph_default
46506	46506	Bacteroides stercoris	Bacteroides stercoris	species	0.0039	abund	0.0039	0.0566	DYN_0036_D05_Qiagen.fastq	DYN_0036_D05	ont_qiagen	sylph	default	sylph_default
47678	47678	Bacteroides caccae	Bacteroides caccae	species	0.0008	abund	0.0008	0.0127	DYN_0036_D05_Qiagen.fastq	DYN_0036_D05	ont_qiagen	sylph	default	sylph_default
47715	47715	Lacticaseibacillus rhamnosus	Lacticaseibacillus rhamnosus	species	0.0014	abund	0.0014	0.0148	DYN_0036_D05_Qiagen.fastq	DYN_0036_D05	ont_qiagen	sylph	default	sylph_default
52769	52769	Actinomyces gerencseriae	Actinomyces gerencseriae	species	0.0016	abund	0.0016	0.0197	DYN_0036_D05_Qiagen.fastq	DYN_0036_D05	ont_qiagen	sylph	default	sylph_default
61592	61592	Corynebacterium durum	Corynebacterium durum	species	0.0014	abund	0.0014	0.014	DYN_0036_D05_Qiagen.fastq	DYN_0036_D05	ont_qiagen	sylph	default	sylph_default
66228	66228	Gleimia europaea	Gleimia europaea	species	0.0063	abund	0.0063	0.0462	DYN_0036_D05_Qiagen.fastq	DYN_0036_D05	ont_qiagen	sylph	default	sylph_default
68892	68892	Streptococcus infantis_H	Streptococcus infantis	species	0.0009	abund	0.0009	0.0057	DYN_0036_D05_Qiagen.fastq	DYN_0036_D05	ont_qiagen	sylph	default	sylph_default
69823	69823	Selenomonas sputigena	Selenomonas sputigena	species	0.0004	abund	0.0004	0.0037	DYN_0036_D05_Qiagen.fastq	DYN_0036_D05	ont_qiagen	sylph	default	sylph_default
76857	76857	Fusobacterium polymorphum	Fusobacterium polymorphum	species	0.0809	abund	0.0809	0.7212	DYN_0036_D05_Qiagen.fastq	DYN_0036_D05	ont_qiagen	sylph	default	sylph_default
84109	84109	Slackia exigua	Slackia exigua	species	0.003	abund	0.003	0.0229	DYN_0036_D05_Qiagen.fastq	DYN_0036_D05	ont_qiagen	sylph	default	sylph_default
84163	84163	Cryptobacterium curtum	Cryptobacterium curtum	species	0.0134	abund	0.0134	0.0788	DYN_0036_D05_Qiagen.fastq	DYN_0036_D05	ont_qiagen	sylph	default	sylph_default
96241	96241	Bacillus spizizenii	Bacillus spizizenii	species	0.0017	abund	0.0017	0.0251	DYN_0036_D05_Qiagen.fastq	DYN_0036_D05	ont_qiagen	sylph	default	sylph_default
114527	114527	Mogibacterium diversum	Mogibacterium diversum	species	0.0083	abund	0.0083	0.0545	DYN_0036_D05_Qiagen.fastq	DYN_0036_D05	ont_qiagen	sylph	default	sylph_default
133448	133448	Citrobacter youngae	Citrobacter youngae	species	0.0586	abund	0.0586	1.0248	DYN_0036_D05_Qiagen.fastq	DYN_0036_D05	ont_qiagen	sylph	default	sylph_default
133926	133926	Olsenella uli	Olsenella uli	species	0.0121	abund	0.0121	0.0903	DYN_0036_D05_Qiagen.fastq	DYN_0036_D05	ont_qiagen	sylph	default	sylph_default
143393	143393	Eubacterium_B sulci	Eubacterium sulci	species	0.012	abund	0.012	0.0759	DYN_0036_D05_Qiagen.fastq	DYN_0036_D05	ont_qiagen	sylph	default	sylph_default
158836	158836	Enterobacter hormaechei_B	Enterobacter hormaechei	species	0.0429	abund	0.0429	0.7108	DYN_0036_D05_Qiagen.fastq	DYN_0036_D05	ont_qiagen	sylph	default	sylph_default
177972	177972	Shuttleworthia satelles	Shuttleworthia satelles	species	0.0101	abund	0.0101	0.0795	DYN_0036_D05_Qiagen.fastq	DYN_0036_D05	ont_qiagen	sylph	default	sylph_default
184870	184870	Varibaculum cambriense	Varibaculum cambriense	species	0.0105	abund	0.0105	0.077	DYN_0036_D05_Qiagen.fastq	DYN_0036_D05	ont_qiagen	sylph	default	sylph_default
214856	214856	Alistipes finegoldii	Alistipes finegoldii	species	0.0018	abund	0.0018	0.0238	DYN_0036_D05_Qiagen.fastq	DYN_0036_D05	ont_qiagen	sylph	default	sylph_default
216816	216816	Bifidobacterium longum	Bifidobacterium longum	species	1.8813	abund	1.8813	16.2948	DYN_0036_D05_Qiagen.fastq	DYN_0036_D05	ont_qiagen	sylph	default	sylph_default
246144	246144	Enterococcus_G italicus	Enterococcus italicus	species	0.0043	abund	0.0043	0.0377	DYN_0036_D05_Qiagen.fastq	DYN_0036_D05	ont_qiagen	sylph	default	sylph_default
261299	261299	Intestinibacter bartlettii	Intestinibacter bartlettii	species	0.1074	abund	0.1074	1.1592	DYN_0036_D05_Qiagen.fastq	DYN_0036_D05	ont_qiagen	sylph	default	sylph_default
357441	357441	Enterococcus_B lactis	Enterococcus lactis	species	0.0467	abund	0.0467	0.4861	DYN_0036_D05_Qiagen.fastq	DYN_0036_D05	ont_qiagen	sylph	default	sylph_default
395631	395631	Phytobacter diazotrophicus	Phytobacter diazotrophicus	species	0.001	abund	0.001	0.0199	DYN_0036_D05_Qiagen.fastq	DYN_0036_D05	ont_qiagen	sylph	default	sylph_default
423477	423477	Veillonella rogosae	Veillonella rogosae	species	0.0122	abund	0.0122	0.0972	DYN_0036_D05_Qiagen.fastq	DYN_0036_D05	ont_qiagen	sylph	default	sylph_default
487175	487175	Parasutterella excrementihominis	Parasutterella excrementihominis	species	0.0017	abund	0.0017	0.0173	DYN_0036_D05_Qiagen.fastq	DYN_0036_D05	ont_qiagen	sylph	default	sylph_default
544580	544580	Actinomyces oris	Actinomyces oris	species	0.0034	abund	0.0034	0.0387	DYN_0036_D05_Qiagen.fastq	DYN_0036_D05	ont_qiagen	sylph	default	sylph_default
674529	674529	Bacteroides faecis	Bacteroides faecis	species	2.0373	abund	2.0373	44.0907	DYN_0036_D05_Qiagen.fastq	DYN_0036_D05	ont_qiagen	sylph	default	sylph_default
996558	996558	Bacillus_J hisashii	Bacillus hisashii	species	0.0011	abund	0.0011	0.0168	DYN_0036_D05_Qiagen.fastq	DYN_0036_D05	ont_qiagen	sylph	default	sylph_default
1234680	1234680	Streptococcus rubneri	Streptococcus rubneri	species	0.0039	abund	0.0039	0.0304	DYN_0036_D05_Qiagen.fastq	DYN_0036_D05	ont_qiagen	sylph	default	sylph_default
1274374	1274374	Paenibacillus_A antibioticophila	Paenibacillus antibioticophila	species	0.0015	abund	0.0015	0.0295	DYN_0036_D05_Qiagen.fastq	DYN_0036_D05	ont_qiagen	sylph	default	sylph_default
1297617	1297617	Intestinimonas butyriciproducens	Intestinimonas butyriciproducens	species	0.0118	abund	0.0118	0.1387	DYN_0036_D05_Qiagen.fastq	DYN_0036_D05	ont_qiagen	sylph	default	sylph_default
2068655	2068655	Novisyntrophococcus fermenticellae	Novisyntrophococcus fermenticellae	species	0.001	abund	0.001	0.013	DYN_0036_D05_Qiagen.fastq	DYN_0036_D05	ont_qiagen	sylph	default	sylph_default
2663009	2663009	Fusobacterium pseudoperiodonticum	Fusobacterium pseudoperiodonticum	species	0.0095	abund	0.0095	0.0832	DYN_0036_D05_Qiagen.fastq	DYN_0036_D05	ont_qiagen	sylph	default	sylph_default
2763067	2763067	Streptococcus hominis	Streptococcus hominis	species	0.0023	abund	0.0023	0.0152	DYN_0036_D05_Qiagen.fastq	DYN_0036_D05	ont_qiagen	sylph	default	sylph_default
2927224	2927224	Akkermansia massiliensis	Akkermansia massiliensis	species	0.0008	abund	0.0008	0.0099	DYN_0036_D05_Qiagen.fastq	DYN_0036_D05	ont_qiagen	sylph	default	sylph_default
0	0	Allocoprobacillus merdigallinarum	Allocoprobacillus merdigallinarum	species	0.0266	abund	0.0266	0.2269	DYN_0036_D08_Qiagen.fastq	DYN_0036_D08	ont_qiagen	sylph	default	sylph_default
0	0	Anaeroglobus micronuciformis	Anaeroglobus micronuciformis	species	0.0053	abund	0.0053	0.0362	DYN_0036_D08_Qiagen.fastq	DYN_0036_D08	ont_qiagen	sylph	default	sylph_default
0	0	Bulleidia moorei	Bulleidia moorei	species	0.0029	abund	0.0029	0.0258	DYN_0036_D08_Qiagen.fastq	DYN_0036_D08	ont_qiagen	sylph	default	sylph_default
0	0	Clostridium sp900766315	Clostridium sp900766315	species	0.0322	abund	0.0322	0.4986	DYN_0036_D08_Qiagen.fastq	DYN_0036_D08	ont_qiagen	sylph	default	sylph_default
0	0	Enterocloster sp005845215	Enterocloster sp005845215	species	0.0046	abund	0.0046	0.1162	DYN_0036_D08_Qiagen.fastq	DYN_0036_D08	ont_qiagen	sylph	default	sylph_default
0	0	Faecousia gallistercoris	Faecousia gallistercoris	species	0.0039	abund	0.0039	0.0292	DYN_0036_D08_Qiagen.fastq	DYN_0036_D08	ont_qiagen	sylph	default	sylph_default
0	0	Faecousia sp003525905	Faecousia sp003525905	species	0.0052	abund	0.0052	0.0437	DYN_0036_D08_Qiagen.fastq	DYN_0036_D08	ont_qiagen	sylph	default	sylph_default
0	0	Lachnoanaerobaculum sp000287675	Lachnoanaerobaculum sp000287675	species	0.0254	abund	0.0254	0.2715	DYN_0036_D08_Qiagen.fastq	DYN_0036_D08	ont_qiagen	sylph	default	sylph_default
0	0	Lachnoanaerobaculum sp916439285	Lachnoanaerobaculum sp916439285	species	0.0306	abund	0.0306	0.2583	DYN_0036_D08_Qiagen.fastq	DYN_0036_D08	ont_qiagen	sylph	default	sylph_default
0	0	Lancefieldella sp024691995	Lancefieldella sp024691995	species	0.0282	abund	0.0282	0.1891	DYN_0036_D08_Qiagen.fastq	DYN_0036_D08	ont_qiagen	sylph	default	sylph_default
0	0	Pauljensenia marseillensis	Pauljensenia marseillensis	species	0.0039	abund	0.0039	0.0302	DYN_0036_D08_Qiagen.fastq	DYN_0036_D08	ont_qiagen	sylph	default	sylph_default
0	0	Pauljensenia radingae_A	Pauljensenia radingae	species	0.0613	abund	0.0613	0.5732	DYN_0036_D08_Qiagen.fastq	DYN_0036_D08	ont_qiagen	sylph	default	sylph_default
0	0	Scatavimonas sp900540275	Scatavimonas sp900540275	species	0.0063	abund	0.0063	0.0617	DYN_0036_D08_Qiagen.fastq	DYN_0036_D08	ont_qiagen	sylph	default	sylph_default
0	0	Scatomorpha merdavium	Scatomorpha merdavium	species	0.0105	abund	0.0105	0.0898	DYN_0036_D08_Qiagen.fastq	DYN_0036_D08	ont_qiagen	sylph	default	sylph_default
0	0	UBA4285 sp900542465	UBA4285 sp900542465	species	0.0022	abund	0.0022	0.0128	DYN_0036_D08_Qiagen.fastq	DYN_0036_D08	ont_qiagen	sylph	default	sylph_default
200	200	Campylobacter_A curvus	Campylobacter curvus	species	0.0283	abund	0.0283	0.2149	DYN_0036_D08_Qiagen.fastq	DYN_0036_D08	ont_qiagen	sylph	default	sylph_default
562	562	Escherichia coli	Escherichia coli	species	0.0065	abund	0.0065	0.1252	DYN_0036_D08_Qiagen.fastq	DYN_0036_D08	ont_qiagen	sylph	default	sylph_default
571	571	Klebsiella oxytoca	Klebsiella oxytoca	species	0.0086	abund	0.0086	0.1908	DYN_0036_D08_Qiagen.fastq	DYN_0036_D08	ont_qiagen	sylph	default	sylph_default
573	573	Klebsiella pneumoniae	Klebsiella pneumoniae	species	0.392	abund	0.392	8.3642	DYN_0036_D08_Qiagen.fastq	DYN_0036_D08	ont_qiagen	sylph	default	sylph_default
582	582	Morganella morganii	Morganella morganii	species	0.0431	abund	0.0431	0.6318	DYN_0036_D08_Qiagen.fastq	DYN_0036_D08	ont_qiagen	sylph	default	sylph_default
729	729	Haemophilus_D parainfluenzae_Y	Haemophilus parainfluenzae	species	0.0025	abund	0.0025	0.019	DYN_0036_D08_Qiagen.fastq	DYN_0036_D08	ont_qiagen	sylph	default	sylph_default
817	817	Bacteroides fragilis	Bacteroides fragilis	species	0.0018	abund	0.0018	0.0358	DYN_0036_D08_Qiagen.fastq	DYN_0036_D08	ont_qiagen	sylph	default	sylph_default
820	820	Bacteroides uniformis	Bacteroides uniformis	species	0.0059	abund	0.0059	0.1046	DYN_0036_D08_Qiagen.fastq	DYN_0036_D08	ont_qiagen	sylph	default	sylph_default
821	821	Phocaeicola vulgatus	Phocaeicola vulgatus	species	0.0083	abund	0.0083	0.1645	DYN_0036_D08_Qiagen.fastq	DYN_0036_D08	ont_qiagen	sylph	default	sylph_default
823	823	Parabacteroides distasonis	Parabacteroides distasonis	species	0.0064	abund	0.0064	0.1183	DYN_0036_D08_Qiagen.fastq	DYN_0036_D08	ont_qiagen	sylph	default	sylph_default
1303	1303	Streptococcus oralis	Streptococcus oralis	species	0.003	abund	0.003	0.0226	DYN_0036_D08_Qiagen.fastq	DYN_0036_D08	ont_qiagen	sylph	default	sylph_default
1308	1308	Streptococcus thermophilus	Streptococcus thermophilus	species	0.0056	abund	0.0056	0.0454	DYN_0036_D08_Qiagen.fastq	DYN_0036_D08	ont_qiagen	sylph	default	sylph_default
1351	1351	Enterococcus faecalis	Enterococcus faecalis	species	0.0367	abund	0.0367	0.4044	DYN_0036_D08_Qiagen.fastq	DYN_0036_D08	ont_qiagen	sylph	default	sylph_default
1382	1382	Lancefieldella parvula	Lancefieldella parvula	species	0.2951	abund	0.2951	1.7528	DYN_0036_D08_Qiagen.fastq	DYN_0036_D08	ont_qiagen	sylph	default	sylph_default
1509	1509	Clostridium_F sporogenes	Clostridium sporogenes	species	0.0171	abund	0.0171	0.2733	DYN_0036_D08_Qiagen.fastq	DYN_0036_D08	ont_qiagen	sylph	default	sylph_default
1527	1527	Anaerocolumna aminovalerica	Anaerocolumna aminovalerica	species	0.0529	abund	0.0529	0.9411	DYN_0036_D08_Qiagen.fastq	DYN_0036_D08	ont_qiagen	sylph	default	sylph_default
1584	1584	Lactobacillus delbrueckii	Lactobacillus delbrueckii	species	0.0068	abund	0.0068	0.0457	DYN_0036_D08_Qiagen.fastq	DYN_0036_D08	ont_qiagen	sylph	default	sylph_default
1655	1655	Actinomyces naeslundii	Actinomyces naeslundii	species	0.0038	abund	0.0038	0.0458	DYN_0036_D08_Qiagen.fastq	DYN_0036_D08	ont_qiagen	sylph	default	sylph_default
28038	28038	Latilactobacillus curvatus	Latilactobacillus curvatus	species	0.0215	abund	0.0215	0.1589	DYN_0036_D08_Qiagen.fastq	DYN_0036_D08	ont_qiagen	sylph	default	sylph_default
28116	28116	Bacteroides ovatus	Bacteroides ovatus	species	0.0071	abund	0.0071	0.1763	DYN_0036_D08_Qiagen.fastq	DYN_0036_D08	ont_qiagen	sylph	default	sylph_default
28126	28126	Prevotella buccae	Prevotella buccae	species	0.0331	abund	0.0331	0.4187	DYN_0036_D08_Qiagen.fastq	DYN_0036_D08	ont_qiagen	sylph	default	sylph_default
28901	28901	Salmonella enterica	Salmonella enterica	species	0.008	abund	0.008	0.153	DYN_0036_D08_Qiagen.fastq	DYN_0036_D08	ont_qiagen	sylph	default	sylph_default
29466	29466	Veillonella parvula_A	Veillonella parvula	species	0.1219	abund	0.1219	1.0053	DYN_0036_D08_Qiagen.fastq	DYN_0036_D08	ont_qiagen	sylph	default	sylph_default
33038	33038	Ruminococcus_B gnavus	Ruminococcus gnavus	species	0.0028	abund	0.0028	0.0377	DYN_0036_D08_Qiagen.fastq	DYN_0036_D08	ont_qiagen	sylph	default	sylph_default
35703	35703	Citrobacter_A amalonaticus	Citrobacter amalonaticus	species	0.0507	abund	0.0507	0.9895	DYN_0036_D08_Qiagen.fastq	DYN_0036_D08	ont_qiagen	sylph	default	sylph_default
37734	37734	Enterococcus_D casseliflavus	Enterococcus casseliflavus	species	0.0047	abund	0.0047	0.063	DYN_0036_D08_Qiagen.fastq	DYN_0036_D08	ont_qiagen	sylph	default	sylph_default
42817	42817	Corynebacterium argentoratense	Corynebacterium argentoratense	species	0.0016	abund	0.0016	0.0128	DYN_0036_D08_Qiagen.fastq	DYN_0036_D08	ont_qiagen	sylph	default	sylph_default
46503	46503	Parabacteroides merdae	Parabacteroides merdae	species	0.0043	abund	0.0043	0.0725	DYN_0036_D08_Qiagen.fastq	DYN_0036_D08	ont_qiagen	sylph	default	sylph_default
46506	46506	Bacteroides stercoris	Bacteroides stercoris	species	0.0138	abund	0.0138	0.2135	DYN_0036_D08_Qiagen.fastq	DYN_0036_D08	ont_qiagen	sylph	default	sylph_default
66228	66228	Gleimia europaea	Gleimia europaea	species	0.0046	abund	0.0046	0.0356	DYN_0036_D08_Qiagen.fastq	DYN_0036_D08	ont_qiagen	sylph	default	sylph_default
76857	76857	Fusobacterium polymorphum	Fusobacterium polymorphum	species	0.0436	abund	0.0436	0.4114	DYN_0036_D08_Qiagen.fastq	DYN_0036_D08	ont_qiagen	sylph	default	sylph_default
84163	84163	Cryptobacterium curtum	Cryptobacterium curtum	species	0.0195	abund	0.0195	0.1212	DYN_0036_D08_Qiagen.fastq	DYN_0036_D08	ont_qiagen	sylph	default	sylph_default
114527	114527	Mogibacterium diversum	Mogibacterium diversum	species	0.0114	abund	0.0114	0.0799	DYN_0036_D08_Qiagen.fastq	DYN_0036_D08	ont_qiagen	sylph	default	sylph_default
133448	133448	Citrobacter youngae	Citrobacter youngae	species	0.0167	abund	0.0167	0.3088	DYN_0036_D08_Qiagen.fastq	DYN_0036_D08	ont_qiagen	sylph	default	sylph_default
133926	133926	Olsenella uli	Olsenella uli	species	0.0175	abund	0.0175	0.1385	DYN_0036_D08_Qiagen.fastq	DYN_0036_D08	ont_qiagen	sylph	default	sylph_default
143393	143393	Eubacterium_B sulci	Eubacterium sulci	species	0.0258	abund	0.0258	0.1727	DYN_0036_D08_Qiagen.fastq	DYN_0036_D08	ont_qiagen	sylph	default	sylph_default
158836	158836	Enterobacter hormaechei_B	Enterobacter hormaechei	species	0.4232	abund	0.4232	7.435	DYN_0036_D08_Qiagen.fastq	DYN_0036_D08	ont_qiagen	sylph	default	sylph_default
177972	177972	Shuttleworthia satelles	Shuttleworthia satelles	species	0.0667	abund	0.0667	0.5564	DYN_0036_D08_Qiagen.fastq	DYN_0036_D08	ont_qiagen	sylph	default	sylph_default
184870	184870	Varibaculum cambriense	Varibaculum cambriense	species	0.023	abund	0.023	0.1788	DYN_0036_D08_Qiagen.fastq	DYN_0036_D08	ont_qiagen	sylph	default	sylph_default
214856	214856	Alistipes finegoldii	Alistipes finegoldii	species	0.0053	abund	0.0053	0.0768	DYN_0036_D08_Qiagen.fastq	DYN_0036_D08	ont_qiagen	sylph	default	sylph_default
216816	216816	Bifidobacterium longum	Bifidobacterium longum	species	0.5607	abund	0.5607	5.1451	DYN_0036_D08_Qiagen.fastq	DYN_0036_D08	ont_qiagen	sylph	default	sylph_default
246144	246144	Enterococcus_G italicus	Enterococcus italicus	species	0.0021	abund	0.0021	0.0199	DYN_0036_D08_Qiagen.fastq	DYN_0036_D08	ont_qiagen	sylph	default	sylph_default
261299	261299	Intestinibacter bartlettii	Intestinibacter bartlettii	species	0.1217	abund	0.1217	1.3913	DYN_0036_D08_Qiagen.fastq	DYN_0036_D08	ont_qiagen	sylph	default	sylph_default
357441	357441	Enterococcus_B lactis	Enterococcus lactis	species	0.0889	abund	0.0889	0.9809	DYN_0036_D08_Qiagen.fastq	DYN_0036_D08	ont_qiagen	sylph	default	sylph_default
423477	423477	Veillonella rogosae	Veillonella rogosae	species	0.0173	abund	0.0173	0.1454	DYN_0036_D08_Qiagen.fastq	DYN_0036_D08	ont_qiagen	sylph	default	sylph_default
674529	674529	Bacteroides faecis	Bacteroides faecis	species	2.1635	abund	2.1635	49.6017	DYN_0036_D08_Qiagen.fastq	DYN_0036_D08	ont_qiagen	sylph	default	sylph_default
1297617	1297617	Intestinimonas butyriciproducens	Intestinimonas butyriciproducens	species	0.173	abund	0.173	2.1464	DYN_0036_D08_Qiagen.fastq	DYN_0036_D08	ont_qiagen	sylph	default	sylph_default
2068655	2068655	Novisyntrophococcus fermenticellae	Novisyntrophococcus fermenticellae	species	0.0241	abund	0.0241	0.3174	DYN_0036_D08_Qiagen.fastq	DYN_0036_D08	ont_qiagen	sylph	default	sylph_default
2663009	2663009	Fusobacterium pseudoperiodonticum	Fusobacterium pseudoperiodonticum	species	0.0204	abund	0.0204	0.1894	DYN_0036_D08_Qiagen.fastq	DYN_0036_D08	ont_qiagen	sylph	default	sylph_default
2927224	2927224	Akkermansia massiliensis	Akkermansia massiliensis	species	0.0029	abund	0.0029	0.0362	DYN_0036_D08_Qiagen.fastq	DYN_0036_D08	ont_qiagen	sylph	default	sylph_default
0	0	Abiotrophia sp001815865	Abiotrophia sp001815865	species	0.0007	abund	0.0007	0.0057	DYN_0036_D11_Qiagen.fastq	DYN_0036_D11	ont_qiagen	sylph	default	sylph_default
0	0	Allocoprobacillus merdigallinarum	Allocoprobacillus merdigallinarum	species	0.0401	abund	0.0401	0.3788	DYN_0036_D11_Qiagen.fastq	DYN_0036_D11	ont_qiagen	sylph	default	sylph_default
0	0	Anaeroglobus micronuciformis	Anaeroglobus micronuciformis	species	0.0005	abund	0.0005	0.0038	DYN_0036_D11_Qiagen.fastq	DYN_0036_D11	ont_qiagen	sylph	default	sylph_default
0	0	Anaerotignum sp001304995	Anaerotignum sp001304995	species	0.0002	abund	0.0002	0.0022	DYN_0036_D11_Qiagen.fastq	DYN_0036_D11	ont_qiagen	sylph	default	sylph_default
0	0	Bacteroides sp900556625	Bacteroides sp900556625	species	0.0002	abund	0.0002	0.0025	DYN_0036_D11_Qiagen.fastq	DYN_0036_D11	ont_qiagen	sylph	default	sylph_default
0	0	Bulleidia moorei	Bulleidia moorei	species	0.0021	abund	0.0021	0.0211	DYN_0036_D11_Qiagen.fastq	DYN_0036_D11	ont_qiagen	sylph	default	sylph_default
0	0	Centipeda artemidis	Centipeda artemidis	species	0.0027	abund	0.0027	0.0271	DYN_0036_D11_Qiagen.fastq	DYN_0036_D11	ont_qiagen	sylph	default	sylph_default
0	0	Clostridium sp900766315	Clostridium sp900766315	species	0.011	abund	0.011	0.1886	DYN_0036_D11_Qiagen.fastq	DYN_0036_D11	ont_qiagen	sylph	default	sylph_default
0	0	Enterocloster sp005845215	Enterocloster sp005845215	species	0.0005	abund	0.0005	0.0125	DYN_0036_D11_Qiagen.fastq	DYN_0036_D11	ont_qiagen	sylph	default	sylph_default
0	0	Faecousia gallistercoris	Faecousia gallistercoris	species	0.0001	abund	0.0001	0.0012	DYN_0036_D11_Qiagen.fastq	DYN_0036_D11	ont_qiagen	sylph	default	sylph_default
0	0	Faecousia sp003525905	Faecousia sp003525905	species	0.001	abund	0.001	0.009	DYN_0036_D11_Qiagen.fastq	DYN_0036_D11	ont_qiagen	sylph	default	sylph_default
0	0	Granulicatella sp902479935	Granulicatella sp902479935	species	0.0022	abund	0.0022	0.0159	DYN_0036_D11_Qiagen.fastq	DYN_0036_D11	ont_qiagen	sylph	default	sylph_default
0	0	Granulicatella sp916049935	Granulicatella sp916049935	species	0.0022	abund	0.0022	0.0102	DYN_0036_D11_Qiagen.fastq	DYN_0036_D11	ont_qiagen	sylph	default	sylph_default
0	0	Haemophilus_D sp014931275	Haemophilus sp014931275	species	0.0033	abund	0.0033	0.0285	DYN_0036_D11_Qiagen.fastq	DYN_0036_D11	ont_qiagen	sylph	default	sylph_default
0	0	Lachnoanaerobaculum sp000287675	Lachnoanaerobaculum sp000287675	species	0.0438	abund	0.0438	0.5193	DYN_0036_D11_Qiagen.fastq	DYN_0036_D11	ont_qiagen	sylph	default	sylph_default
0	0	Lachnoanaerobaculum sp916439285	Lachnoanaerobaculum sp916439285	species	0.0441	abund	0.0441	0.412	DYN_0036_D11_Qiagen.fastq	DYN_0036_D11	ont_qiagen	sylph	default	sylph_default
0	0	Lancefieldella sp024691995	Lancefieldella sp024691995	species	0.0041	abund	0.0041	0.0304	DYN_0036_D11_Qiagen.fastq	DYN_0036_D11	ont_qiagen	sylph	default	sylph_default
0	0	Leptotrichia_A sp000469505	Leptotrichia sp000469505	species	0.0001	abund	0.0001	0.0013	DYN_0036_D11_Qiagen.fastq	DYN_0036_D11	ont_qiagen	sylph	default	sylph_default
0	0	Parasutterella sp900552195	Parasutterella sp900552195	species	0.0002	abund	0.0002	0.0017	DYN_0036_D11_Qiagen.fastq	DYN_0036_D11	ont_qiagen	sylph	default	sylph_default
0	0	Pauljensenia marseillensis	Pauljensenia marseillensis	species	0.0045	abund	0.0045	0.0383	DYN_0036_D11_Qiagen.fastq	DYN_0036_D11	ont_qiagen	sylph	default	sylph_default
0	0	Pauljensenia radingae_A	Pauljensenia radingae	species	0.0266	abund	0.0266	0.2759	DYN_0036_D11_Qiagen.fastq	DYN_0036_D11	ont_qiagen	sylph	default	sylph_default
0	0	Pauljensenia sp900556405	Pauljensenia sp900556405	species	0.0019	abund	0.0019	0.0157	DYN_0036_D11_Qiagen.fastq	DYN_0036_D11	ont_qiagen	sylph	default	sylph_default
0	0	Pauljensenia sp916439125	Pauljensenia sp916439125	species	0.0007	abund	0.0007	0.0077	DYN_0036_D11_Qiagen.fastq	DYN_0036_D11	ont_qiagen	sylph	default	sylph_default
0	0	Peptostreptococcus sp900759325	Peptostreptococcus sp900759325	species	0.0011	abund	0.0011	0.008	DYN_0036_D11_Qiagen.fastq	DYN_0036_D11	ont_qiagen	sylph	default	sylph_default
0	0	Rothia sp001808955	Rothia sp001808955	species	0.0003	abund	0.0003	0.0025	DYN_0036_D11_Qiagen.fastq	DYN_0036_D11	ont_qiagen	sylph	default	sylph_default
0	0	Scatavimonas sp900540275	Scatavimonas sp900540275	species	0.001	abund	0.001	0.0109	DYN_0036_D11_Qiagen.fastq	DYN_0036_D11	ont_qiagen	sylph	default	sylph_default
0	0	Scatomorpha intestinigallinarum	Scatomorpha intestinigallinarum	species	0.0002	abund	0.0002	0.0015	DYN_0036_D11_Qiagen.fastq	DYN_0036_D11	ont_qiagen	sylph	default	sylph_default
0	0	Scatomorpha merdavium	Scatomorpha merdavium	species	0.0009	abund	0.0009	0.0082	DYN_0036_D11_Qiagen.fastq	DYN_0036_D11	ont_qiagen	sylph	default	sylph_default
0	0	Selenomonas sp905372355	Selenomonas sp905372355	species	0.0009	abund	0.0009	0.0096	DYN_0036_D11_Qiagen.fastq	DYN_0036_D11	ont_qiagen	sylph	default	sylph_default
0	0	Streptococcus sp027665725	Streptococcus sp027665725	species	0.0021	abund	0.0021	0.0153	DYN_0036_D11_Qiagen.fastq	DYN_0036_D11	ont_qiagen	sylph	default	sylph_default
0	0	UBA4285 sp900542465	UBA4285 sp900542465	species	0.0042	abund	0.0042	0.0268	DYN_0036_D11_Qiagen.fastq	DYN_0036_D11	ont_qiagen	sylph	default	sylph_default
0	0	Veillonella sp018376995	Veillonella sp018376995	species	0.027	abund	0.027	0.2455	DYN_0036_D11_Qiagen.fastq	DYN_0036_D11	ont_qiagen	sylph	default	sylph_default
0	0	Veillonella sp902466275	Veillonella sp902466275	species	0.0257	abund	0.0257	0.1369	DYN_0036_D11_Qiagen.fastq	DYN_0036_D11	ont_qiagen	sylph	default	sylph_default
200	200	Campylobacter_A curvus	Campylobacter curvus	species	0.0173	abund	0.0173	0.1456	DYN_0036_D11_Qiagen.fastq	DYN_0036_D11	ont_qiagen	sylph	default	sylph_default
287	287	Pseudomonas aeruginosa	Pseudomonas aeruginosa	species	0.0006	abund	0.0006	0.016	DYN_0036_D11_Qiagen.fastq	DYN_0036_D11	ont_qiagen	sylph	default	sylph_default
562	562	Escherichia coli	Escherichia coli	species	0.0011	abund	0.0011	0.0241	DYN_0036_D11_Qiagen.fastq	DYN_0036_D11	ont_qiagen	sylph	default	sylph_default
571	571	Klebsiella oxytoca	Klebsiella oxytoca	species	0.0107	abund	0.0107	0.2655	DYN_0036_D11_Qiagen.fastq	DYN_0036_D11	ont_qiagen	sylph	default	sylph_default
573	573	Klebsiella pneumoniae	Klebsiella pneumoniae	species	0.5227	abund	0.5227	12.3599	DYN_0036_D11_Qiagen.fastq	DYN_0036_D11	ont_qiagen	sylph	default	sylph_default
582	582	Morganella morganii	Morganella morganii	species	0.051	abund	0.051	0.8301	DYN_0036_D11_Qiagen.fastq	DYN_0036_D11	ont_qiagen	sylph	default	sylph_default
729	729	Haemophilus_D parainfluenzae	Haemophilus parainfluenzae	species	0.0108	abund	0.0108	0.0942	DYN_0036_D11_Qiagen.fastq	DYN_0036_D11	ont_qiagen	sylph	default	sylph_default
817	817	Bacteroides fragilis	Bacteroides fragilis	species	0.0006	abund	0.0006	0.0128	DYN_0036_D11_Qiagen.fastq	DYN_0036_D11	ont_qiagen	sylph	default	sylph_default
820	820	Bacteroides uniformis	Bacteroides uniformis	species	0.0009	abund	0.0009	0.0169	DYN_0036_D11_Qiagen.fastq	DYN_0036_D11	ont_qiagen	sylph	default	sylph_default
821	821	Phocaeicola vulgatus	Phocaeicola vulgatus	species	0.0009	abund	0.0009	0.0196	DYN_0036_D11_Qiagen.fastq	DYN_0036_D11	ont_qiagen	sylph	default	sylph_default
823	823	Parabacteroides distasonis	Parabacteroides distasonis	species	0.0009	abund	0.0009	0.0188	DYN_0036_D11_Qiagen.fastq	DYN_0036_D11	ont_qiagen	sylph	default	sylph_default
853	853	Faecalibacterium prausnitzii_E	Faecalibacterium prausnitzii	species	0.0004	abund	0.0004	0.0054	DYN_0036_D11_Qiagen.fastq	DYN_0036_D11	ont_qiagen	sylph	default	sylph_default
1308	1308	Streptococcus thermophilus	Streptococcus thermophilus	species	0.0014	abund	0.0014	0.0128	DYN_0036_D11_Qiagen.fastq	DYN_0036_D11	ont_qiagen	sylph	default	sylph_default
1351	1351	Enterococcus faecalis	Enterococcus faecalis	species	0.0248	abund	0.0248	0.3034	DYN_0036_D11_Qiagen.fastq	DYN_0036_D11	ont_qiagen	sylph	default	sylph_default
1382	1382	Lancefieldella parvula	Lancefieldella parvula	species	0.04	abund	0.04	0.2634	DYN_0036_D11_Qiagen.fastq	DYN_0036_D11	ont_qiagen	sylph	default	sylph_default
1509	1509	Clostridium_F sporogenes	Clostridium sporogenes	species	0.0059	abund	0.0059	0.1042	DYN_0036_D11_Qiagen.fastq	DYN_0036_D11	ont_qiagen	sylph	default	sylph_default
1522	1522	Clostridium_AQ innocuum	Clostridium innocuum	species	0.0002	abund	0.0002	0.0031	DYN_0036_D11_Qiagen.fastq	DYN_0036_D11	ont_qiagen	sylph	default	sylph_default
1527	1527	Anaerocolumna aminovalerica	Anaerocolumna aminovalerica	species	0.053	abund	0.053	1.0445	DYN_0036_D11_Qiagen.fastq	DYN_0036_D11	ont_qiagen	sylph	default	sylph_default
1584	1584	Lactobacillus delbrueckii	Lactobacillus delbrueckii	species	0.0005	abund	0.0005	0.0038	DYN_0036_D11_Qiagen.fastq	DYN_0036_D11	ont_qiagen	sylph	default	sylph_default
1613	1613	Limosilactobacillus fermentum	Limosilactobacillus fermentum	species	0.0002	abund	0.0002	0.0013	DYN_0036_D11_Qiagen.fastq	DYN_0036_D11	ont_qiagen	sylph	default	sylph_default
1659	1659	Actinomyces israelii	Actinomyces israelii	species	0.0009	abund	0.0009	0.0156	DYN_0036_D11_Qiagen.fastq	DYN_0036_D11	ont_qiagen	sylph	default	sylph_default
28038	28038	Latilactobacillus curvatus	Latilactobacillus curvatus	species	0.0014	abund	0.0014	0.0113	DYN_0036_D11_Qiagen.fastq	DYN_0036_D11	ont_qiagen	sylph	default	sylph_default
28116	28116	Bacteroides ovatus	Bacteroides ovatus	species	0.0009	abund	0.0009	0.0261	DYN_0036_D11_Qiagen.fastq	DYN_0036_D11	ont_qiagen	sylph	default	sylph_default
28126	28126	Prevotella buccae	Prevotella buccae	species	0.0212	abund	0.0212	0.2968	DYN_0036_D11_Qiagen.fastq	DYN_0036_D11	ont_qiagen	sylph	default	sylph_default
28128	28128	Prevotella corporis	Prevotella corporis	species	0.0004	abund	0.0004	0.0044	DYN_0036_D11_Qiagen.fastq	DYN_0036_D11	ont_qiagen	sylph	default	sylph_default
28901	28901	Salmonella enterica	Salmonella enterica	species	0.001	abund	0.001	0.0206	DYN_0036_D11_Qiagen.fastq	DYN_0036_D11	ont_qiagen	sylph	default	sylph_default
29360	29360	Cellulosilyticum lentocellum	Cellulosilyticum lentocellum	species	0.0001	abund	0.0001	0.0021	DYN_0036_D11_Qiagen.fastq	DYN_0036_D11	ont_qiagen	sylph	default	sylph_default
33012	33012	Propionimicrobium lymphophilum	Propionimicrobium lymphophilum	species	0.0017	abund	0.0017	0.0149	DYN_0036_D11_Qiagen.fastq	DYN_0036_D11	ont_qiagen	sylph	default	sylph_default
33038	33038	Ruminococcus_B gnavus	Ruminococcus gnavus	species	0.0016	abund	0.0016	0.0245	DYN_0036_D11_Qiagen.fastq	DYN_0036_D11	ont_qiagen	sylph	default	sylph_default
35519	35519	Mogibacterium timidum	Mogibacterium timidum	species	0.0024	abund	0.0024	0.0187	DYN_0036_D11_Qiagen.fastq	DYN_0036_D11	ont_qiagen	sylph	default	sylph_default
35703	35703	Citrobacter_A amalonaticus	Citrobacter amalonaticus	species	0.1554	abund	0.1554	3.3618	DYN_0036_D11_Qiagen.fastq	DYN_0036_D11	ont_qiagen	sylph	default	sylph_default
37734	37734	Enterococcus_D casseliflavus	Enterococcus casseliflavus	species	0.0028	abund	0.0028	0.0414	DYN_0036_D11_Qiagen.fastq	DYN_0036_D11	ont_qiagen	sylph	default	sylph_default
40520	40520	Blautia_A obeum	Blautia obeum	species	0.0002	abund	0.0002	0.0035	DYN_0036_D11_Qiagen.fastq	DYN_0036_D11	ont_qiagen	sylph	default	sylph_default
42817	42817	Corynebacterium argentoratense	Corynebacterium argentoratense	species	0.0039	abund	0.0039	0.0337	DYN_0036_D11_Qiagen.fastq	DYN_0036_D11	ont_qiagen	sylph	default	sylph_default
44252	44252	Paenibacillus_A macerans	Paenibacillus macerans	species	0.0052	abund	0.0052	0.1626	DYN_0036_D11_Qiagen.fastq	DYN_0036_D11	ont_qiagen	sylph	default	sylph_default
46503	46503	Parabacteroides merdae	Parabacteroides merdae	species	0.0006	abund	0.0006	0.0118	DYN_0036_D11_Qiagen.fastq	DYN_0036_D11	ont_qiagen	sylph	default	sylph_default
46506	46506	Bacteroides stercoris	Bacteroides stercoris	species	0.0018	abund	0.0018	0.031	DYN_0036_D11_Qiagen.fastq	DYN_0036_D11	ont_qiagen	sylph	default	sylph_default
47715	47715	Lacticaseibacillus rhamnosus	Lacticaseibacillus rhamnosus	species	0.0002	abund	0.0002	0.0023	DYN_0036_D11_Qiagen.fastq	DYN_0036_D11	ont_qiagen	sylph	default	sylph_default
52769	52769	Actinomyces gerencseriae	Actinomyces gerencseriae	species	0.0003	abund	0.0003	0.0042	DYN_0036_D11_Qiagen.fastq	DYN_0036_D11	ont_qiagen	sylph	default	sylph_default
66228	66228	Gleimia europaea	Gleimia europaea	species	0.0025	abund	0.0025	0.0218	DYN_0036_D11_Qiagen.fastq	DYN_0036_D11	ont_qiagen	sylph	default	sylph_default
71452	71452	Enterococcus_A raffinosus	Enterococcus raffinosus	species	0.0079	abund	0.0079	0.141	DYN_0036_D11_Qiagen.fastq	DYN_0036_D11	ont_qiagen	sylph	default	sylph_default
76857	76857	Fusobacterium polymorphum	Fusobacterium polymorphum	species	0.1236	abund	0.1236	1.294	DYN_0036_D11_Qiagen.fastq	DYN_0036_D11	ont_qiagen	sylph	default	sylph_default
84109	84109	Slackia exigua	Slackia exigua	species	0.0033	abund	0.0033	0.0299	DYN_0036_D11_Qiagen.fastq	DYN_0036_D11	ont_qiagen	sylph	default	sylph_default
84112	84112	Eggerthella lenta	Eggerthella lenta	species	0.0001	abund	0.0001	0.0011	DYN_0036_D11_Qiagen.fastq	DYN_0036_D11	ont_qiagen	sylph	default	sylph_default
84163	84163	Cryptobacterium curtum	Cryptobacterium curtum	species	0.0005	abund	0.0005	0.0037	DYN_0036_D11_Qiagen.fastq	DYN_0036_D11	ont_qiagen	sylph	default	sylph_default
96241	96241	Bacillus spizizenii	Bacillus spizizenii	species	0.0004	abund	0.0004	0.0066	DYN_0036_D11_Qiagen.fastq	DYN_0036_D11	ont_qiagen	sylph	default	sylph_default
113107	113107	Streptococcus australis_B	Streptococcus australis	species	0.0002	abund	0.0002	0.002	DYN_0036_D11_Qiagen.fastq	DYN_0036_D11	ont_qiagen	sylph	default	sylph_default
114527	114527	Mogibacterium diversum	Mogibacterium diversum	species	0.0077	abund	0.0077	0.0599	DYN_0036_D11_Qiagen.fastq	DYN_0036_D11	ont_qiagen	sylph	default	sylph_default
133448	133448	Citrobacter youngae	Citrobacter youngae	species	0.0054	abund	0.0054	0.1101	DYN_0036_D11_Qiagen.fastq	DYN_0036_D11	ont_qiagen	sylph	default	sylph_default
133926	133926	Olsenella uli	Olsenella uli	species	0.0045	abund	0.0045	0.0396	DYN_0036_D11_Qiagen.fastq	DYN_0036_D11	ont_qiagen	sylph	default	sylph_default
143393	143393	Eubacterium_B sulci	Eubacterium sulci	species	0.0345	abund	0.0345	0.2561	DYN_0036_D11_Qiagen.fastq	DYN_0036_D11	ont_qiagen	sylph	default	sylph_default
158836	158836	Enterobacter hormaechei_B	Enterobacter hormaechei	species	0.498	abund	0.498	9.6952	DYN_0036_D11_Qiagen.fastq	DYN_0036_D11	ont_qiagen	sylph	default	sylph_default
177972	177972	Shuttleworthia satelles	Shuttleworthia satelles	species	0.0294	abund	0.0294	0.2722	DYN_0036_D11_Qiagen.fastq	DYN_0036_D11	ont_qiagen	sylph	default	sylph_default
184870	184870	Varibaculum cambriense	Varibaculum cambriense	species	0.0112	abund	0.0112	0.0963	DYN_0036_D11_Qiagen.fastq	DYN_0036_D11	ont_qiagen	sylph	default	sylph_default
214856	214856	Alistipes finegoldii	Alistipes finegoldii	species	0.0007	abund	0.0007	0.0113	DYN_0036_D11_Qiagen.fastq	DYN_0036_D11	ont_qiagen	sylph	default	sylph_default
216816	216816	Bifidobacterium longum	Bifidobacterium longum	species	0.4061	abund	0.4061	4.1305	DYN_0036_D11_Qiagen.fastq	DYN_0036_D11	ont_qiagen	sylph	default	sylph_default
218538	218538	Dialister invisus	Dialister invisus	species	0.0008	abund	0.0008	0.0066	DYN_0036_D11_Qiagen.fastq	DYN_0036_D11	ont_qiagen	sylph	default	sylph_default
246144	246144	Enterococcus_G italicus	Enterococcus italicus	species	0.0028	abund	0.0028	0.0284	DYN_0036_D11_Qiagen.fastq	DYN_0036_D11	ont_qiagen	sylph	default	sylph_default
261299	261299	Intestinibacter bartlettii	Intestinibacter bartlettii	species	0.1342	abund	0.1342	1.7008	DYN_0036_D11_Qiagen.fastq	DYN_0036_D11	ont_qiagen	sylph	default	sylph_default
357276	357276	Phocaeicola dorei	Phocaeicola dorei	species	0.0002	abund	0.0002	0.0036	DYN_0036_D11_Qiagen.fastq	DYN_0036_D11	ont_qiagen	sylph	default	sylph_default
357441	357441	Enterococcus_B lactis	Enterococcus lactis	species	0.0636	abund	0.0636	0.7773	DYN_0036_D11_Qiagen.fastq	DYN_0036_D11	ont_qiagen	sylph	default	sylph_default
371601	371601	Bacteroides xylanisolvens	Bacteroides xylanisolvens	species	0.0006	abund	0.0006	0.0161	DYN_0036_D11_Qiagen.fastq	DYN_0036_D11	ont_qiagen	sylph	default	sylph_default
395631	395631	Phytobacter diazotrophicus	Phytobacter diazotrophicus	species	0.0007	abund	0.0007	0.0157	DYN_0036_D11_Qiagen.fastq	DYN_0036_D11	ont_qiagen	sylph	default	sylph_default
423477	423477	Veillonella rogosae	Veillonella rogosae	species	0.0301	abund	0.0301	0.2811	DYN_0036_D11_Qiagen.fastq	DYN_0036_D11	ont_qiagen	sylph	default	sylph_default
674529	674529	Bacteroides faecis	Bacteroides faecis	species	1.7481	abund	1.7481	44.4219	DYN_0036_D11_Qiagen.fastq	DYN_0036_D11	ont_qiagen	sylph	default	sylph_default
996558	996558	Bacillus_J hisashii	Bacillus hisashii	species	0.002	abund	0.002	0.0343	DYN_0036_D11_Qiagen.fastq	DYN_0036_D11	ont_qiagen	sylph	default	sylph_default
1156431	1156431	Streptococcus ilei	Streptococcus ilei	species	0.0004	abund	0.0004	0.0033	DYN_0036_D11_Qiagen.fastq	DYN_0036_D11	ont_qiagen	sylph	default	sylph_default
1274374	1274374	Paenibacillus_A antibioticophila	Paenibacillus antibioticophila	species	0.0006	abund	0.0006	0.0132	DYN_0036_D11_Qiagen.fastq	DYN_0036_D11	ont_qiagen	sylph	default	sylph_default
1297617	1297617	Intestinimonas butyriciproducens	Intestinimonas butyriciproducens	species	0.0812	abund	0.0812	1.1168	DYN_0036_D11_Qiagen.fastq	DYN_0036_D11	ont_qiagen	sylph	default	sylph_default
2068655	2068655	Novisyntrophococcus fermenticellae	Novisyntrophococcus fermenticellae	species	0.0347	abund	0.0347	0.5054	DYN_0036_D11_Qiagen.fastq	DYN_0036_D11	ont_qiagen	sylph	default	sylph_default
2663009	2663009	Fusobacterium pseudoperiodonticum	Fusobacterium pseudoperiodonticum	species	0.0042	abund	0.0042	0.0432	DYN_0036_D11_Qiagen.fastq	DYN_0036_D11	ont_qiagen	sylph	default	sylph_default
2682456	2682456	Veillonella nakazawae	Veillonella nakazawae	species	0.0144	abund	0.0144	0.1292	DYN_0036_D11_Qiagen.fastq	DYN_0036_D11	ont_qiagen	sylph	default	sylph_default
2763067	2763067	Streptococcus hominis	Streptococcus hominis	species	0.0004	abund	0.0004	0.0029	DYN_0036_D11_Qiagen.fastq	DYN_0036_D11	ont_qiagen	sylph	default	sylph_default
2927224	2927224	Akkermansia massiliensis	Akkermansia massiliensis	species	0.0006	abund	0.0006	0.0079	DYN_0036_D11_Qiagen.fastq	DYN_0036_D11	ont_qiagen	sylph	default	sylph_default
0	0	Allocoprobacillus merdigallinarum	Allocoprobacillus merdigallinarum	species	0.0107	abund	0.0107	0.0897	DYN_0036_D14_Qiagen.fastq	DYN_0036_D14	ont_qiagen	sylph	default	sylph_default
0	0	Bulleidia moorei	Bulleidia moorei	species	0.001	abund	0.001	0.0089	DYN_0036_D14_Qiagen.fastq	DYN_0036_D14	ont_qiagen	sylph	default	sylph_default
0	0	Clostridium sp900766315	Clostridium sp900766315	species	0.0027	abund	0.0027	0.0412	DYN_0036_D14_Qiagen.fastq	DYN_0036_D14	ont_qiagen	sylph	default	sylph_default
0	0	Enterocloster sp005845215	Enterocloster sp005845215	species	0.001	abund	0.001	0.0243	DYN_0036_D14_Qiagen.fastq	DYN_0036_D14	ont_qiagen	sylph	default	sylph_default
0	0	Faecousia gallistercoris	Faecousia gallistercoris	species	0.0005	abund	0.0005	0.0036	DYN_0036_D14_Qiagen.fastq	DYN_0036_D14	ont_qiagen	sylph	default	sylph_default
0	0	Haemophilus_D sp014931275	Haemophilus sp014931275	species	0.0022	abund	0.0022	0.017	DYN_0036_D14_Qiagen.fastq	DYN_0036_D14	ont_qiagen	sylph	default	sylph_default
0	0	Lancefieldella sp024691995	Lancefieldella sp024691995	species	0.0009	abund	0.0009	0.0057	DYN_0036_D14_Qiagen.fastq	DYN_0036_D14	ont_qiagen	sylph	default	sylph_default
0	0	Pauljensenia marseillensis	Pauljensenia marseillensis	species	0.0027	abund	0.0027	0.0207	DYN_0036_D14_Qiagen.fastq	DYN_0036_D14	ont_qiagen	sylph	default	sylph_default
0	0	Pauljensenia radingae_A	Pauljensenia radingae	species	0.0043	abund	0.0043	0.0399	DYN_0036_D14_Qiagen.fastq	DYN_0036_D14	ont_qiagen	sylph	default	sylph_default
0	0	Pauljensenia sp900556405	Pauljensenia sp900556405	species	0.003	abund	0.003	0.0223	DYN_0036_D14_Qiagen.fastq	DYN_0036_D14	ont_qiagen	sylph	default	sylph_default
0	0	Pauljensenia sp916439125	Pauljensenia sp916439125	species	0.0052	abund	0.0052	0.0474	DYN_0036_D14_Qiagen.fastq	DYN_0036_D14	ont_qiagen	sylph	default	sylph_default
0	0	Saccharimonas sp905371595	Saccharimonas sp905371595	species	0.0004	abund	0.0004	0.0013	DYN_0036_D14_Qiagen.fastq	DYN_0036_D14	ont_qiagen	sylph	default	sylph_default
0	0	Scatavimonas sp900540275	Scatavimonas sp900540275	species	0.0025	abund	0.0025	0.0241	DYN_0036_D14_Qiagen.fastq	DYN_0036_D14	ont_qiagen	sylph	default	sylph_default
0	0	Scatomorpha merdavium	Scatomorpha merdavium	species	0.0018	abund	0.0018	0.0152	DYN_0036_D14_Qiagen.fastq	DYN_0036_D14	ont_qiagen	sylph	default	sylph_default
0	0	Selenomonas sp905372355	Selenomonas sp905372355	species	0.0039	abund	0.0039	0.0382	DYN_0036_D14_Qiagen.fastq	DYN_0036_D14	ont_qiagen	sylph	default	sylph_default
0	0	Streptococcus sp027665725	Streptococcus sp027665725	species	0.0038	abund	0.0038	0.0243	DYN_0036_D14_Qiagen.fastq	DYN_0036_D14	ont_qiagen	sylph	default	sylph_default
0	0	Streptococcus sp900546335	Streptococcus sp900546335	species	0.0007	abund	0.0007	0.0047	DYN_0036_D14_Qiagen.fastq	DYN_0036_D14	ont_qiagen	sylph	default	sylph_default
0	0	UBA4285 sp900542465	UBA4285 sp900542465	species	0.0043	abund	0.0043	0.0246	DYN_0036_D14_Qiagen.fastq	DYN_0036_D14	ont_qiagen	sylph	default	sylph_default
200	200	Campylobacter_A curvus	Campylobacter curvus	species	0.0052	abund	0.0052	0.0386	DYN_0036_D14_Qiagen.fastq	DYN_0036_D14	ont_qiagen	sylph	default	sylph_default
287	287	Pseudomonas aeruginosa	Pseudomonas aeruginosa	species	0.0011	abund	0.0011	0.0263	DYN_0036_D14_Qiagen.fastq	DYN_0036_D14	ont_qiagen	sylph	default	sylph_default
562	562	Escherichia coli	Escherichia coli	species	0.0023	abund	0.0023	0.0432	DYN_0036_D14_Qiagen.fastq	DYN_0036_D14	ont_qiagen	sylph	default	sylph_default
571	571	Klebsiella oxytoca	Klebsiella oxytoca	species	0.0077	abund	0.0077	0.1686	DYN_0036_D14_Qiagen.fastq	DYN_0036_D14	ont_qiagen	sylph	default	sylph_default
573	573	Klebsiella pneumoniae	Klebsiella pneumoniae	species	1.3719	abund	1.3719	28.7752	DYN_0036_D14_Qiagen.fastq	DYN_0036_D14	ont_qiagen	sylph	default	sylph_default
582	582	Morganella morganii	Morganella morganii	species	0.0331	abund	0.0331	0.4769	DYN_0036_D14_Qiagen.fastq	DYN_0036_D14	ont_qiagen	sylph	default	sylph_default
817	817	Bacteroides fragilis	Bacteroides fragilis	species	0.0016	abund	0.0016	0.0312	DYN_0036_D14_Qiagen.fastq	DYN_0036_D14	ont_qiagen	sylph	default	sylph_default
820	820	Bacteroides uniformis	Bacteroides uniformis	species	0.0014	abund	0.0014	0.0248	DYN_0036_D14_Qiagen.fastq	DYN_0036_D14	ont_qiagen	sylph	default	sylph_default
821	821	Phocaeicola vulgatus	Phocaeicola vulgatus	species	0.002	abund	0.002	0.0389	DYN_0036_D14_Qiagen.fastq	DYN_0036_D14	ont_qiagen	sylph	default	sylph_default
823	823	Parabacteroides distasonis	Parabacteroides distasonis	species	0.0014	abund	0.0014	0.026	DYN_0036_D14_Qiagen.fastq	DYN_0036_D14	ont_qiagen	sylph	default	sylph_default
853	853	Faecalibacterium prausnitzii_E	Faecalibacterium prausnitzii	species	0.0014	abund	0.0014	0.015	DYN_0036_D14_Qiagen.fastq	DYN_0036_D14	ont_qiagen	sylph	default	sylph_default
1304	1304	Streptococcus salivarius	Streptococcus salivarius	species	0.0046	abund	0.0046	0.0382	DYN_0036_D14_Qiagen.fastq	DYN_0036_D14	ont_qiagen	sylph	default	sylph_default
1308	1308	Streptococcus thermophilus	Streptococcus thermophilus	species	0.0147	abund	0.0147	0.1166	DYN_0036_D14_Qiagen.fastq	DYN_0036_D14	ont_qiagen	sylph	default	sylph_default
1328	1328	Streptococcus anginosus	Streptococcus anginosus	species	0.002	abund	0.002	0.0145	DYN_0036_D14_Qiagen.fastq	DYN_0036_D14	ont_qiagen	sylph	default	sylph_default
1351	1351	Enterococcus faecalis	Enterococcus faecalis	species	0.0248	abund	0.0248	0.2684	DYN_0036_D14_Qiagen.fastq	DYN_0036_D14	ont_qiagen	sylph	default	sylph_default
1382	1382	Lancefieldella parvula	Lancefieldella parvula	species	0.0245	abund	0.0245	0.1429	DYN_0036_D14_Qiagen.fastq	DYN_0036_D14	ont_qiagen	sylph	default	sylph_default
1509	1509	Clostridium_F sporogenes	Clostridium sporogenes	species	0.0067	abund	0.0067	0.1042	DYN_0036_D14_Qiagen.fastq	DYN_0036_D14	ont_qiagen	sylph	default	sylph_default
1522	1522	Clostridium_AQ innocuum	Clostridium innocuum	species	0.0006	abund	0.0006	0.0111	DYN_0036_D14_Qiagen.fastq	DYN_0036_D14	ont_qiagen	sylph	default	sylph_default
1527	1527	Anaerocolumna aminovalerica	Anaerocolumna aminovalerica	species	0.0067	abund	0.0067	0.1173	DYN_0036_D14_Qiagen.fastq	DYN_0036_D14	ont_qiagen	sylph	default	sylph_default
1584	1584	Lactobacillus delbrueckii	Lactobacillus delbrueckii	species	0.0033	abund	0.0033	0.022	DYN_0036_D14_Qiagen.fastq	DYN_0036_D14	ont_qiagen	sylph	default	sylph_default
1597	1597	Lacticaseibacillus paracasei	Lacticaseibacillus paracasei	species	0.0012	abund	0.0012	0.014	DYN_0036_D14_Qiagen.fastq	DYN_0036_D14	ont_qiagen	sylph	default	sylph_default
2047	2047	Rothia dentocariosa	Rothia dentocariosa	species	0.0007	abund	0.0007	0.0067	DYN_0036_D14_Qiagen.fastq	DYN_0036_D14	ont_qiagen	sylph	default	sylph_default
2718	2718	Cardiobacterium hominis	Cardiobacterium hominis	species	0.0008	abund	0.0008	0.0081	DYN_0036_D14_Qiagen.fastq	DYN_0036_D14	ont_qiagen	sylph	default	sylph_default
28116	28116	Bacteroides ovatus	Bacteroides ovatus	species	0.003	abund	0.003	0.0729	DYN_0036_D14_Qiagen.fastq	DYN_0036_D14	ont_qiagen	sylph	default	sylph_default
28126	28126	Prevotella buccae	Prevotella buccae	species	0.0474	abund	0.0474	0.5884	DYN_0036_D14_Qiagen.fastq	DYN_0036_D14	ont_qiagen	sylph	default	sylph_default
28128	28128	Prevotella corporis	Prevotella corporis	species	0.0003	abund	0.0003	0.0031	DYN_0036_D14_Qiagen.fastq	DYN_0036_D14	ont_qiagen	sylph	default	sylph_default
28901	28901	Salmonella enterica	Salmonella enterica	species	0.0014	abund	0.0014	0.0261	DYN_0036_D14_Qiagen.fastq	DYN_0036_D14	ont_qiagen	sylph	default	sylph_default
29360	29360	Cellulosilyticum lentocellum	Cellulosilyticum lentocellum	species	0.0115	abund	0.0115	0.2046	DYN_0036_D14_Qiagen.fastq	DYN_0036_D14	ont_qiagen	sylph	default	sylph_default
29466	29466	Veillonella parvula_A	Veillonella parvula	species	0.0014	abund	0.0014	0.0117	DYN_0036_D14_Qiagen.fastq	DYN_0036_D14	ont_qiagen	sylph	default	sylph_default
33012	33012	Propionimicrobium lymphophilum	Propionimicrobium lymphophilum	species	0.0023	abund	0.0023	0.0175	DYN_0036_D14_Qiagen.fastq	DYN_0036_D14	ont_qiagen	sylph	default	sylph_default
33038	33038	Ruminococcus_B gnavus	Ruminococcus gnavus	species	0.4862	abund	0.4862	6.5334	DYN_0036_D14_Qiagen.fastq	DYN_0036_D14	ont_qiagen	sylph	default	sylph_default
35519	35519	Mogibacterium timidum	Mogibacterium timidum	species	0.0035	abund	0.0035	0.0237	DYN_0036_D14_Qiagen.fastq	DYN_0036_D14	ont_qiagen	sylph	default	sylph_default
35703	35703	Citrobacter_A amalonaticus	Citrobacter amalonaticus	species	0.0869	abund	0.0869	1.6676	DYN_0036_D14_Qiagen.fastq	DYN_0036_D14	ont_qiagen	sylph	default	sylph_default
37734	37734	Enterococcus_D casseliflavus	Enterococcus casseliflavus	species	0.012	abund	0.012	0.1587	DYN_0036_D14_Qiagen.fastq	DYN_0036_D14	ont_qiagen	sylph	default	sylph_default
42817	42817	Corynebacterium argentoratense	Corynebacterium argentoratense	species	0.0103	abund	0.0103	0.0792	DYN_0036_D14_Qiagen.fastq	DYN_0036_D14	ont_qiagen	sylph	default	sylph_default
43675	43675	Rothia mucilaginosa	Rothia mucilaginosa	species	0.0012	abund	0.0012	0.0101	DYN_0036_D14_Qiagen.fastq	DYN_0036_D14	ont_qiagen	sylph	default	sylph_default
46124	46124	Granulicatella adiacens_A	Granulicatella adiacens	species	0.0003	abund	0.0003	0.0018	DYN_0036_D14_Qiagen.fastq	DYN_0036_D14	ont_qiagen	sylph	default	sylph_default
46503	46503	Parabacteroides merdae	Parabacteroides merdae	species	0.0018	abund	0.0018	0.03	DYN_0036_D14_Qiagen.fastq	DYN_0036_D14	ont_qiagen	sylph	default	sylph_default
46506	46506	Bacteroides stercoris	Bacteroides stercoris	species	0.0037	abund	0.0037	0.0558	DYN_0036_D14_Qiagen.fastq	DYN_0036_D14	ont_qiagen	sylph	default	sylph_default
47678	47678	Bacteroides caccae	Bacteroides caccae	species	0.0007	abund	0.0007	0.0113	DYN_0036_D14_Qiagen.fastq	DYN_0036_D14	ont_qiagen	sylph	default	sylph_default
47715	47715	Lacticaseibacillus rhamnosus	Lacticaseibacillus rhamnosus	species	0.0047	abund	0.0047	0.053	DYN_0036_D14_Qiagen.fastq	DYN_0036_D14	ont_qiagen	sylph	default	sylph_default
66228	66228	Gleimia europaea	Gleimia europaea	species	0.0016	abund	0.0016	0.0123	DYN_0036_D14_Qiagen.fastq	DYN_0036_D14	ont_qiagen	sylph	default	sylph_default
71452	71452	Enterococcus_A raffinosus	Enterococcus raffinosus	species	0.0314	abund	0.0314	0.4981	DYN_0036_D14_Qiagen.fastq	DYN_0036_D14	ont_qiagen	sylph	default	sylph_default
76857	76857	Fusobacterium polymorphum	Fusobacterium polymorphum	species	0.0773	abund	0.0773	0.7175	DYN_0036_D14_Qiagen.fastq	DYN_0036_D14	ont_qiagen	sylph	default	sylph_default
84109	84109	Slackia exigua	Slackia exigua	species	0.0172	abund	0.0172	0.1366	DYN_0036_D14_Qiagen.fastq	DYN_0036_D14	ont_qiagen	sylph	default	sylph_default
84163	84163	Cryptobacterium curtum	Cryptobacterium curtum	species	0.001	abund	0.001	0.0059	DYN_0036_D14_Qiagen.fastq	DYN_0036_D14	ont_qiagen	sylph	default	sylph_default
96241	96241	Bacillus spizizenii	Bacillus spizizenii	species	0.0008	abund	0.0008	0.0129	DYN_0036_D14_Qiagen.fastq	DYN_0036_D14	ont_qiagen	sylph	default	sylph_default
114527	114527	Mogibacterium diversum	Mogibacterium diversum	species	0.0133	abund	0.0133	0.091	DYN_0036_D14_Qiagen.fastq	DYN_0036_D14	ont_qiagen	sylph	default	sylph_default
133448	133448	Citrobacter youngae	Citrobacter youngae	species	0.0173	abund	0.0173	0.3151	DYN_0036_D14_Qiagen.fastq	DYN_0036_D14	ont_qiagen	sylph	default	sylph_default
133926	133926	Olsenella uli	Olsenella uli	species	0.0082	abund	0.0082	0.0635	DYN_0036_D14_Qiagen.fastq	DYN_0036_D14	ont_qiagen	sylph	default	sylph_default
143393	143393	Eubacterium_B sulci	Eubacterium sulci	species	0.0627	abund	0.0627	0.4122	DYN_0036_D14_Qiagen.fastq	DYN_0036_D14	ont_qiagen	sylph	default	sylph_default
158836	158836	Enterobacter hormaechei_B	Enterobacter hormaechei	species	0.0205	abund	0.0205	0.3539	DYN_0036_D14_Qiagen.fastq	DYN_0036_D14	ont_qiagen	sylph	default	sylph_default
177972	177972	Shuttleworthia satelles	Shuttleworthia satelles	species	0.0113	abund	0.0113	0.0926	DYN_0036_D14_Qiagen.fastq	DYN_0036_D14	ont_qiagen	sylph	default	sylph_default
184870	184870	Varibaculum cambriense	Varibaculum cambriense	species	0.0044	abund	0.0044	0.0338	DYN_0036_D14_Qiagen.fastq	DYN_0036_D14	ont_qiagen	sylph	default	sylph_default
214856	214856	Alistipes finegoldii	Alistipes finegoldii	species	0.0013	abund	0.0013	0.018	DYN_0036_D14_Qiagen.fastq	DYN_0036_D14	ont_qiagen	sylph	default	sylph_default
216816	216816	Bifidobacterium longum	Bifidobacterium longum	species	0.2171	abund	0.2171	1.9582	DYN_0036_D14_Qiagen.fastq	DYN_0036_D14	ont_qiagen	sylph	default	sylph_default
218538	218538	Dialister invisus	Dialister invisus	species	0.0029	abund	0.0029	0.0205	DYN_0036_D14_Qiagen.fastq	DYN_0036_D14	ont_qiagen	sylph	default	sylph_default
246144	246144	Enterococcus_G italicus	Enterococcus italicus	species	0.0013	abund	0.0013	0.0123	DYN_0036_D14_Qiagen.fastq	DYN_0036_D14	ont_qiagen	sylph	default	sylph_default
261299	261299	Intestinibacter bartlettii	Intestinibacter bartlettii	species	0.1153	abund	0.1153	1.2958	DYN_0036_D14_Qiagen.fastq	DYN_0036_D14	ont_qiagen	sylph	default	sylph_default
357441	357441	Enterococcus_B lactis	Enterococcus lactis	species	0.088	abund	0.088	0.9539	DYN_0036_D14_Qiagen.fastq	DYN_0036_D14	ont_qiagen	sylph	default	sylph_default
371601	371601	Bacteroides xylanisolvens	Bacteroides xylanisolvens	species	0.0017	abund	0.0017	0.0384	DYN_0036_D14_Qiagen.fastq	DYN_0036_D14	ont_qiagen	sylph	default	sylph_default
395631	395631	Phytobacter diazotrophicus	Phytobacter diazotrophicus	species	0.001	abund	0.001	0.0212	DYN_0036_D14_Qiagen.fastq	DYN_0036_D14	ont_qiagen	sylph	default	sylph_default
423477	423477	Veillonella rogosae	Veillonella rogosae	species	0.1203	abund	0.1203	0.995	DYN_0036_D14_Qiagen.fastq	DYN_0036_D14	ont_qiagen	sylph	default	sylph_default
487175	487175	Parasutterella excrementihominis	Parasutterella excrementihominis	species	0.0009	abund	0.0009	0.0093	DYN_0036_D14_Qiagen.fastq	DYN_0036_D14	ont_qiagen	sylph	default	sylph_default
544580	544580	Actinomyces oris	Actinomyces oris	species	0.0038	abund	0.0038	0.0453	DYN_0036_D14_Qiagen.fastq	DYN_0036_D14	ont_qiagen	sylph	default	sylph_default
674529	674529	Bacteroides faecis	Bacteroides faecis	species	1.7366	abund	1.7366	39.1407	DYN_0036_D14_Qiagen.fastq	DYN_0036_D14	ont_qiagen	sylph	default	sylph_default
1234680	1234680	Streptococcus rubneri	Streptococcus rubneri	species	0.0018	abund	0.0018	0.0149	DYN_0036_D14_Qiagen.fastq	DYN_0036_D14	ont_qiagen	sylph	default	sylph_default
1297617	1297617	Intestinimonas butyriciproducens	Intestinimonas butyriciproducens	species	0.0702	abund	0.0702	0.8561	DYN_0036_D14_Qiagen.fastq	DYN_0036_D14	ont_qiagen	sylph	default	sylph_default
2068655	2068655	Novisyntrophococcus fermenticellae	Novisyntrophococcus fermenticellae	species	0.02	abund	0.02	0.2585	DYN_0036_D14_Qiagen.fastq	DYN_0036_D14	ont_qiagen	sylph	default	sylph_default
2682456	2682456	Veillonella nakazawae	Veillonella nakazawae	species	0.0042	abund	0.0042	0.0333	DYN_0036_D14_Qiagen.fastq	DYN_0036_D14	ont_qiagen	sylph	default	sylph_default
2763067	2763067	Streptococcus hominis	Streptococcus hominis	species	0.0029	abund	0.0029	0.02	DYN_0036_D14_Qiagen.fastq	DYN_0036_D14	ont_qiagen	sylph	default	sylph_default
2927224	2927224	Akkermansia massiliensis	Akkermansia massiliensis	species	0.0013	abund	0.0013	0.0165	DYN_0036_D14_Qiagen.fastq	DYN_0036_D14	ont_qiagen	sylph	default	sylph_default
0	0	Actinomyces sp900323545	Actinomyces sp900323545	species	0.0009	abund	0.0009	0.0108	DYN_0036_D16_Qiagen.fastq	DYN_0036_D16	ont_qiagen	sylph	default	sylph_default
0	0	Allocoprobacillus merdigallinarum	Allocoprobacillus merdigallinarum	species	0.0441	abund	0.0441	0.3809	DYN_0036_D16_Qiagen.fastq	DYN_0036_D16	ont_qiagen	sylph	default	sylph_default
0	0	Anaeroglobus micronuciformis	Anaeroglobus micronuciformis	species	0.0005	abund	0.0005	0.0031	DYN_0036_D16_Qiagen.fastq	DYN_0036_D16	ont_qiagen	sylph	default	sylph_default
0	0	Bacteroides sp900755095	Bacteroides sp900755095	species	0.1727	abund	0.1727	2.4208	DYN_0036_D16_Qiagen.fastq	DYN_0036_D16	ont_qiagen	sylph	default	sylph_default
0	0	Clostridium sp900766315	Clostridium sp900766315	species	0.0044	abund	0.0044	0.0696	DYN_0036_D16_Qiagen.fastq	DYN_0036_D16	ont_qiagen	sylph	default	sylph_default
0	0	Enterocloster sp005845215	Enterocloster sp005845215	species	0.0007	abund	0.0007	0.0181	DYN_0036_D16_Qiagen.fastq	DYN_0036_D16	ont_qiagen	sylph	default	sylph_default
0	0	Faecousia gallistercoris	Faecousia gallistercoris	species	0.0008	abund	0.0008	0.0064	DYN_0036_D16_Qiagen.fastq	DYN_0036_D16	ont_qiagen	sylph	default	sylph_default
0	0	Faecousia sp003525905	Faecousia sp003525905	species	0.0011	abund	0.0011	0.0091	DYN_0036_D16_Qiagen.fastq	DYN_0036_D16	ont_qiagen	sylph	default	sylph_default
0	0	Haemophilus_D sp014931275	Haemophilus sp014931275	species	0.0015	abund	0.0015	0.0117	DYN_0036_D16_Qiagen.fastq	DYN_0036_D16	ont_qiagen	sylph	default	sylph_default
0	0	Lancefieldella sp024691995	Lancefieldella sp024691995	species	0.0017	abund	0.0017	0.0119	DYN_0036_D16_Qiagen.fastq	DYN_0036_D16	ont_qiagen	sylph	default	sylph_default
0	0	Pauljensenia marseillensis	Pauljensenia marseillensis	species	0.0024	abund	0.0024	0.0185	DYN_0036_D16_Qiagen.fastq	DYN_0036_D16	ont_qiagen	sylph	default	sylph_default
0	0	Pauljensenia radingae_A	Pauljensenia radingae	species	0.0136	abund	0.0136	0.1294	DYN_0036_D16_Qiagen.fastq	DYN_0036_D16	ont_qiagen	sylph	default	sylph_default
0	0	Pauljensenia sp900556405	Pauljensenia sp900556405	species	0.0017	abund	0.0017	0.0134	DYN_0036_D16_Qiagen.fastq	DYN_0036_D16	ont_qiagen	sylph	default	sylph_default
0	0	Pauljensenia sp902373545	Pauljensenia sp902373545	species	0.0011	abund	0.0011	0.0098	DYN_0036_D16_Qiagen.fastq	DYN_0036_D16	ont_qiagen	sylph	default	sylph_default
0	0	Pauljensenia sp916439125	Pauljensenia sp916439125	species	0.0037	abund	0.0037	0.0346	DYN_0036_D16_Qiagen.fastq	DYN_0036_D16	ont_qiagen	sylph	default	sylph_default
0	0	Rothia sp001808955	Rothia sp001808955	species	0.0005	abund	0.0005	0.0045	DYN_0036_D16_Qiagen.fastq	DYN_0036_D16	ont_qiagen	sylph	default	sylph_default
0	0	Ruthenibacterium merdipullorum	Ruthenibacterium merdipullorum	species	0.0004	abund	0.0004	0.0037	DYN_0036_D16_Qiagen.fastq	DYN_0036_D16	ont_qiagen	sylph	default	sylph_default
0	0	Scatavimonas sp900540275	Scatavimonas sp900540275	species	0.0012	abund	0.0012	0.0121	DYN_0036_D16_Qiagen.fastq	DYN_0036_D16	ont_qiagen	sylph	default	sylph_default
0	0	Scatomorpha merdavium	Scatomorpha merdavium	species	0.0014	abund	0.0014	0.0121	DYN_0036_D16_Qiagen.fastq	DYN_0036_D16	ont_qiagen	sylph	default	sylph_default
0	0	Selenomonas sp905372355	Selenomonas sp905372355	species	0.0051	abund	0.0051	0.0521	DYN_0036_D16_Qiagen.fastq	DYN_0036_D16	ont_qiagen	sylph	default	sylph_default
0	0	Streptococcus sp934201655	Streptococcus sp934201655	species	0.0005	abund	0.0005	0.0033	DYN_0036_D16_Qiagen.fastq	DYN_0036_D16	ont_qiagen	sylph	default	sylph_default
0	0	UBA4285 sp900542465	UBA4285 sp900542465	species	0.0015	abund	0.0015	0.0091	DYN_0036_D16_Qiagen.fastq	DYN_0036_D16	ont_qiagen	sylph	default	sylph_default
200	200	Campylobacter_A curvus	Campylobacter curvus	species	0.0191	abund	0.0191	0.1472	DYN_0036_D16_Qiagen.fastq	DYN_0036_D16	ont_qiagen	sylph	default	sylph_default
287	287	Pseudomonas aeruginosa	Pseudomonas aeruginosa	species	0.0007	abund	0.0007	0.0162	DYN_0036_D16_Qiagen.fastq	DYN_0036_D16	ont_qiagen	sylph	default	sylph_default
562	562	Escherichia coli	Escherichia coli	species	0.0013	abund	0.0013	0.0262	DYN_0036_D16_Qiagen.fastq	DYN_0036_D16	ont_qiagen	sylph	default	sylph_default
571	571	Klebsiella oxytoca	Klebsiella oxytoca	species	0.0144	abund	0.0144	0.3264	DYN_0036_D16_Qiagen.fastq	DYN_0036_D16	ont_qiagen	sylph	default	sylph_default
573	573	Klebsiella pneumoniae	Klebsiella pneumoniae	species	0.9117	abund	0.9117	19.7297	DYN_0036_D16_Qiagen.fastq	DYN_0036_D16	ont_qiagen	sylph	default	sylph_default
582	582	Morganella morganii	Morganella morganii	species	0.022	abund	0.022	0.3269	DYN_0036_D16_Qiagen.fastq	DYN_0036_D16	ont_qiagen	sylph	default	sylph_default
729	729	Haemophilus_D parainfluenzae_U	Haemophilus parainfluenzae	species	0.0006	abund	0.0006	0.003	DYN_0036_D16_Qiagen.fastq	DYN_0036_D16	ont_qiagen	sylph	default	sylph_default
817	817	Bacteroides fragilis	Bacteroides fragilis	species	0.001	abund	0.001	0.0209	DYN_0036_D16_Qiagen.fastq	DYN_0036_D16	ont_qiagen	sylph	default	sylph_default
820	820	Bacteroides uniformis	Bacteroides uniformis	species	0.0011	abund	0.0011	0.0206	DYN_0036_D16_Qiagen.fastq	DYN_0036_D16	ont_qiagen	sylph	default	sylph_default
821	821	Phocaeicola vulgatus	Phocaeicola vulgatus	species	0.0014	abund	0.0014	0.0292	DYN_0036_D16_Qiagen.fastq	DYN_0036_D16	ont_qiagen	sylph	default	sylph_default
823	823	Parabacteroides distasonis	Parabacteroides distasonis	species	0.0016	abund	0.0016	0.0299	DYN_0036_D16_Qiagen.fastq	DYN_0036_D16	ont_qiagen	sylph	default	sylph_default
853	853	Faecalibacterium prausnitzii_E	Faecalibacterium prausnitzii	species	0.0007	abund	0.0007	0.0079	DYN_0036_D16_Qiagen.fastq	DYN_0036_D16	ont_qiagen	sylph	default	sylph_default
1304	1304	Streptococcus salivarius	Streptococcus salivarius	species	0.0041	abund	0.0041	0.0346	DYN_0036_D16_Qiagen.fastq	DYN_0036_D16	ont_qiagen	sylph	default	sylph_default
1308	1308	Streptococcus thermophilus	Streptococcus thermophilus	species	0.002	abund	0.002	0.0164	DYN_0036_D16_Qiagen.fastq	DYN_0036_D16	ont_qiagen	sylph	default	sylph_default
1351	1351	Enterococcus faecalis	Enterococcus faecalis	species	0.0211	abund	0.0211	0.2366	DYN_0036_D16_Qiagen.fastq	DYN_0036_D16	ont_qiagen	sylph	default	sylph_default
1352	1352	Enterococcus_B faecium	Enterococcus faecium	species	0.0022	abund	0.0022	0.0226	DYN_0036_D16_Qiagen.fastq	DYN_0036_D16	ont_qiagen	sylph	default	sylph_default
1382	1382	Lancefieldella parvula	Lancefieldella parvula	species	0.0131	abund	0.0131	0.079	DYN_0036_D16_Qiagen.fastq	DYN_0036_D16	ont_qiagen	sylph	default	sylph_default
1509	1509	Clostridium_F sporogenes	Clostridium sporogenes	species	0.0085	abund	0.0085	0.1372	DYN_0036_D16_Qiagen.fastq	DYN_0036_D16	ont_qiagen	sylph	default	sylph_default
1522	1522	Clostridium_AQ innocuum	Clostridium innocuum	species	0.0003	abund	0.0003	0.0058	DYN_0036_D16_Qiagen.fastq	DYN_0036_D16	ont_qiagen	sylph	default	sylph_default
1527	1527	Anaerocolumna aminovalerica	Anaerocolumna aminovalerica	species	0.0181	abund	0.0181	0.3273	DYN_0036_D16_Qiagen.fastq	DYN_0036_D16	ont_qiagen	sylph	default	sylph_default
1597	1597	Lacticaseibacillus paracasei	Lacticaseibacillus paracasei	species	0.0003	abund	0.0003	0.0038	DYN_0036_D16_Qiagen.fastq	DYN_0036_D16	ont_qiagen	sylph	default	sylph_default
1613	1613	Limosilactobacillus fermentum	Limosilactobacillus fermentum	species	0.0005	abund	0.0005	0.0038	DYN_0036_D16_Qiagen.fastq	DYN_0036_D16	ont_qiagen	sylph	default	sylph_default
28116	28116	Bacteroides ovatus	Bacteroides ovatus	species	0.2003	abund	0.2003	5.0589	DYN_0036_D16_Qiagen.fastq	DYN_0036_D16	ont_qiagen	sylph	default	sylph_default
28126	28126	Prevotella buccae	Prevotella buccae	species	0.04	abund	0.04	0.5132	DYN_0036_D16_Qiagen.fastq	DYN_0036_D16	ont_qiagen	sylph	default	sylph_default
28901	28901	Salmonella enterica	Salmonella enterica	species	0.0015	abund	0.0015	0.0297	DYN_0036_D16_Qiagen.fastq	DYN_0036_D16	ont_qiagen	sylph	default	sylph_default
33012	33012	Propionimicrobium lymphophilum	Propionimicrobium lymphophilum	species	0.0051	abund	0.0051	0.0404	DYN_0036_D16_Qiagen.fastq	DYN_0036_D16	ont_qiagen	sylph	default	sylph_default
33038	33038	Ruminococcus_B gnavus	Ruminococcus gnavus	species	0.4006	abund	0.4006	5.5535	DYN_0036_D16_Qiagen.fastq	DYN_0036_D16	ont_qiagen	sylph	default	sylph_default
35519	35519	Mogibacterium timidum	Mogibacterium timidum	species	0.0079	abund	0.0079	0.0557	DYN_0036_D16_Qiagen.fastq	DYN_0036_D16	ont_qiagen	sylph	default	sylph_default
35703	35703	Citrobacter_A amalonaticus	Citrobacter amalonaticus	species	0.0899	abund	0.0899	1.7805	DYN_0036_D16_Qiagen.fastq	DYN_0036_D16	ont_qiagen	sylph	default	sylph_default
37734	37734	Enterococcus_D casseliflavus	Enterococcus casseliflavus	species	0.0172	abund	0.0172	0.2349	DYN_0036_D16_Qiagen.fastq	DYN_0036_D16	ont_qiagen	sylph	default	sylph_default
42817	42817	Corynebacterium argentoratense	Corynebacterium argentoratense	species	0.0075	abund	0.0075	0.0597	DYN_0036_D16_Qiagen.fastq	DYN_0036_D16	ont_qiagen	sylph	default	sylph_default
46503	46503	Parabacteroides merdae	Parabacteroides merdae	species	0.001	abund	0.001	0.0174	DYN_0036_D16_Qiagen.fastq	DYN_0036_D16	ont_qiagen	sylph	default	sylph_default
46506	46506	Bacteroides stercoris	Bacteroides stercoris	species	0.0026	abund	0.0026	0.0408	DYN_0036_D16_Qiagen.fastq	DYN_0036_D16	ont_qiagen	sylph	default	sylph_default
47715	47715	Lacticaseibacillus rhamnosus	Lacticaseibacillus rhamnosus	species	0.001	abund	0.001	0.0115	DYN_0036_D16_Qiagen.fastq	DYN_0036_D16	ont_qiagen	sylph	default	sylph_default
66228	66228	Gleimia europaea	Gleimia europaea	species	0.0025	abund	0.0025	0.0198	DYN_0036_D16_Qiagen.fastq	DYN_0036_D16	ont_qiagen	sylph	default	sylph_default
71452	71452	Enterococcus_A raffinosus	Enterococcus raffinosus	species	0.0321	abund	0.0321	0.525	DYN_0036_D16_Qiagen.fastq	DYN_0036_D16	ont_qiagen	sylph	default	sylph_default
76857	76857	Fusobacterium polymorphum	Fusobacterium polymorphum	species	0.0796	abund	0.0796	0.7625	DYN_0036_D16_Qiagen.fastq	DYN_0036_D16	ont_qiagen	sylph	default	sylph_default
84109	84109	Slackia exigua	Slackia exigua	species	0.013	abund	0.013	0.1067	DYN_0036_D16_Qiagen.fastq	DYN_0036_D16	ont_qiagen	sylph	default	sylph_default
84163	84163	Cryptobacterium curtum	Cryptobacterium curtum	species	0.0016	abund	0.0016	0.0101	DYN_0036_D16_Qiagen.fastq	DYN_0036_D16	ont_qiagen	sylph	default	sylph_default
96241	96241	Bacillus spizizenii	Bacillus spizizenii	species	0.0007	abund	0.0007	0.0106	DYN_0036_D16_Qiagen.fastq	DYN_0036_D16	ont_qiagen	sylph	default	sylph_default
114527	114527	Mogibacterium diversum	Mogibacterium diversum	species	0.0133	abund	0.0133	0.0946	DYN_0036_D16_Qiagen.fastq	DYN_0036_D16	ont_qiagen	sylph	default	sylph_default
133448	133448	Citrobacter youngae	Citrobacter youngae	species	0.0533	abund	0.0533	1.0024	DYN_0036_D16_Qiagen.fastq	DYN_0036_D16	ont_qiagen	sylph	default	sylph_default
133926	133926	Olsenella uli	Olsenella uli	species	0.0166	abund	0.0166	0.1331	DYN_0036_D16_Qiagen.fastq	DYN_0036_D16	ont_qiagen	sylph	default	sylph_default
143393	143393	Eubacterium_B sulci	Eubacterium sulci	species	0.0512	abund	0.0512	0.3474	DYN_0036_D16_Qiagen.fastq	DYN_0036_D16	ont_qiagen	sylph	default	sylph_default
158836	158836	Enterobacter hormaechei_B	Enterobacter hormaechei	species	0.0038	abund	0.0038	0.0677	DYN_0036_D16_Qiagen.fastq	DYN_0036_D16	ont_qiagen	sylph	default	sylph_default
177972	177972	Shuttleworthia satelles	Shuttleworthia satelles	species	0.0077	abund	0.0077	0.0654	DYN_0036_D16_Qiagen.fastq	DYN_0036_D16	ont_qiagen	sylph	default	sylph_default
184870	184870	Varibaculum cambriense	Varibaculum cambriense	species	0.0075	abund	0.0075	0.059	DYN_0036_D16_Qiagen.fastq	DYN_0036_D16	ont_qiagen	sylph	default	sylph_default
214856	214856	Alistipes finegoldii	Alistipes finegoldii	species	0.0009	abund	0.0009	0.0124	DYN_0036_D16_Qiagen.fastq	DYN_0036_D16	ont_qiagen	sylph	default	sylph_default
216816	216816	Bifidobacterium longum	Bifidobacterium longum	species	0.2694	abund	0.2694	2.5071	DYN_0036_D16_Qiagen.fastq	DYN_0036_D16	ont_qiagen	sylph	default	sylph_default
218538	218538	Dialister invisus	Dialister invisus	species	0.0057	abund	0.0057	0.0422	DYN_0036_D16_Qiagen.fastq	DYN_0036_D16	ont_qiagen	sylph	default	sylph_default
246144	246144	Enterococcus_G italicus	Enterococcus italicus	species	0.0012	abund	0.0012	0.0117	DYN_0036_D16_Qiagen.fastq	DYN_0036_D16	ont_qiagen	sylph	default	sylph_default
261299	261299	Intestinibacter bartlettii	Intestinibacter bartlettii	species	0.0616	abund	0.0616	0.7144	DYN_0036_D16_Qiagen.fastq	DYN_0036_D16	ont_qiagen	sylph	default	sylph_default
357276	357276	Phocaeicola dorei	Phocaeicola dorei	species	0.0877	abund	0.0877	1.9248	DYN_0036_D16_Qiagen.fastq	DYN_0036_D16	ont_qiagen	sylph	default	sylph_default
357441	357441	Enterococcus_B lactis	Enterococcus lactis	species	0.1174	abund	0.1174	1.3138	DYN_0036_D16_Qiagen.fastq	DYN_0036_D16	ont_qiagen	sylph	default	sylph_default
395631	395631	Phytobacter diazotrophicus	Phytobacter diazotrophicus	species	0.0007	abund	0.0007	0.0148	DYN_0036_D16_Qiagen.fastq	DYN_0036_D16	ont_qiagen	sylph	default	sylph_default
423477	423477	Veillonella rogosae	Veillonella rogosae	species	0.1036	abund	0.1036	0.8842	DYN_0036_D16_Qiagen.fastq	DYN_0036_D16	ont_qiagen	sylph	default	sylph_default
487175	487175	Parasutterella excrementihominis	Parasutterella excrementihominis	species	0.0005	abund	0.0005	0.006	DYN_0036_D16_Qiagen.fastq	DYN_0036_D16	ont_qiagen	sylph	default	sylph_default
544580	544580	Actinomyces oris	Actinomyces oris	species	0.0033	abund	0.0033	0.0413	DYN_0036_D16_Qiagen.fastq	DYN_0036_D16	ont_qiagen	sylph	default	sylph_default
620903	620903	Negativicoccus succinicivorans	Negativicoccus succinicivorans	species	0.0006	abund	0.0006	0.0033	DYN_0036_D16_Qiagen.fastq	DYN_0036_D16	ont_qiagen	sylph	default	sylph_default
674529	674529	Bacteroides faecis	Bacteroides faecis	species	1.6161	abund	1.6161	37.5838	DYN_0036_D16_Qiagen.fastq	DYN_0036_D16	ont_qiagen	sylph	default	sylph_default
1156431	1156431	Streptococcus ilei	Streptococcus ilei	species	0.0013	abund	0.0013	0.0102	DYN_0036_D16_Qiagen.fastq	DYN_0036_D16	ont_qiagen	sylph	default	sylph_default
1234680	1234680	Streptococcus rubneri	Streptococcus rubneri	species	0.0019	abund	0.0019	0.0159	DYN_0036_D16_Qiagen.fastq	DYN_0036_D16	ont_qiagen	sylph	default	sylph_default
1297617	1297617	Intestinimonas butyriciproducens	Intestinimonas butyriciproducens	species	0.1009	abund	0.1009	1.2691	DYN_0036_D16_Qiagen.fastq	DYN_0036_D16	ont_qiagen	sylph	default	sylph_default
1502943	1502943	Veillonella_A seminalis	Veillonella seminalis	species	0.0014	abund	0.0014	0.0124	DYN_0036_D16_Qiagen.fastq	DYN_0036_D16	ont_qiagen	sylph	default	sylph_default
1796634	1796634	Muricomes intestini	Muricomes intestini	species	0.0022	abund	0.0022	0.0326	DYN_0036_D16_Qiagen.fastq	DYN_0036_D16	ont_qiagen	sylph	default	sylph_default
2068655	2068655	Novisyntrophococcus fermenticellae	Novisyntrophococcus fermenticellae	species	0.0303	abund	0.0303	0.4043	DYN_0036_D16_Qiagen.fastq	DYN_0036_D16	ont_qiagen	sylph	default	sylph_default
2682456	2682456	Veillonella nakazawae	Veillonella nakazawae	species	0.0023	abund	0.0023	0.0188	DYN_0036_D16_Qiagen.fastq	DYN_0036_D16	ont_qiagen	sylph	default	sylph_default
2763067	2763067	Streptococcus hominis	Streptococcus hominis	species	0.0035	abund	0.0035	0.025	DYN_0036_D16_Qiagen.fastq	DYN_0036_D16	ont_qiagen	sylph	default	sylph_default
2764330	2764330	Veillonella hominis	Veillonella hominis	species	0.0033	abund	0.0033	0.0264	DYN_0036_D16_Qiagen.fastq	DYN_0036_D16	ont_qiagen	sylph	default	sylph_default
2927224	2927224	Akkermansia massiliensis	Akkermansia massiliensis	species	0.0008	abund	0.0008	0.0103	DYN_0036_D16_Qiagen.fastq	DYN_0036_D16	ont_qiagen	sylph	default	sylph_default
