tool,db,tool_db,data_type,project,technology,sample,taxid_raw,taxid,name_raw,name,rank,value,value_type,abundance_raw,numReads,numDirectReads
Centrifuge,unified,Centrifuge_unified,ZymoMockD6331,ZymoMockD6331,pacbio,SRR13128013,1134687,1134687,                    Klebsiella michiganensis,Klebsiella michiganensis,species,4.099344854056524,fraction_reads,4.1,113586,113586
Centrifuge,unified,Centrifuge_unified,ZymoMockD6331,ZymoMockD6331,pacbio,SRR13128013,3390273,3390273,                    Klebsiella pneumoniae complex,Klebsiella pneumoniae complex,species,0.05373835232942584,fraction_reads,0.05,1489,1
Centrifuge,unified,Centrifuge_unified,ZymoMockD6331,ZymoMockD6331,pacbio,SRR13128013,573,573,                      Klebsiella pneumoniae,Klebsiella pneumoniae,species,0.05020150979867787,fraction_reads,0.05,1391,1282
Centrifuge,unified,Centrifuge_unified,ZymoMockD6331,ZymoMockD6331,pacbio,SRR13128013,1463165,1463165,                      Klebsiella quasipneumoniae,Klebsiella quasipneumoniae,species,0.00184060172518517,fraction_reads,0.0,51,45
Centrifuge,unified,Centrifuge_unified,ZymoMockD6331,ZymoMockD6331,pacbio,SRR13128013,244366,244366,                      Klebsiella variicola,Klebsiella variicola,species,0.0015879701158460291,fraction_reads,0.0,44,40
Centrifuge,unified,Centrifuge_unified,ZymoMockD6331,ZymoMockD6331,pacbio,SRR13128013,2026240,2026240,                      Klebsiella quasivariicola,Klebsiella quasivariicola,species,7.218045981118314e-05,fraction_reads,0.0,2,2
Centrifuge,unified,Centrifuge_unified,ZymoMockD6331,ZymoMockD6331,pacbio,SRR13128013,571,571,                    Klebsiella oxytoca,Klebsiella oxytoca,species,0.0004330827588670988,fraction_reads,0.0,12,12
Centrifuge,unified,Centrifuge_unified,ZymoMockD6331,ZymoMockD6331,pacbio,SRR13128013,2675716,2675716,                      Klebsiella sp. WP7-S18-CRE-02,Klebsiella sp. WP7-S18-CRE-02,species,7.218045981118314e-05,fraction_reads,0.0,2,2
Centrifuge,unified,Centrifuge_unified,ZymoMockD6331,ZymoMockD6331,pacbio,SRR13128013,2829836,2829836,                      Klebsiella sp. P1927,Klebsiella sp. P1927,species,7.218045981118314e-05,fraction_reads,0.0,2,2
Centrifuge,unified,Centrifuge_unified,ZymoMockD6331,ZymoMockD6331,pacbio,SRR13128013,2986524,2986524,                      Klebsiella sp. KP20-425-1,Klebsiella sp. KP20-425-1,species,7.218045981118314e-05,fraction_reads,0.0,2,2
Centrifuge,unified,Centrifuge_unified,ZymoMockD6331,ZymoMockD6331,pacbio,SRR13128013,3081203,3081203,                      Klebsiella sp. w6,Klebsiella sp. w6,species,7.218045981118314e-05,fraction_reads,0.0,2,2
Centrifuge,unified,Centrifuge_unified,ZymoMockD6331,ZymoMockD6331,pacbio,SRR13128013,1905288,1905288,                      Klebsiella sp. LTGPAF-6F,Klebsiella sp. LTGPAF-6F,species,3.609022990559157e-05,fraction_reads,0.0,1,1
Centrifuge,unified,Centrifuge_unified,ZymoMockD6331,ZymoMockD6331,pacbio,SRR13128013,2675718,2675718,                      Klebsiella sp. WP7-S18-ESBL-04,Klebsiella sp. WP7-S18-ESBL-04,species,3.609022990559157e-05,fraction_reads,0.0,1,1
Centrifuge,unified,Centrifuge_unified,ZymoMockD6331,ZymoMockD6331,pacbio,SRR13128013,548,548,                    Klebsiella aerogenes,Klebsiella aerogenes,species,0.00028872183924473255,fraction_reads,0.0,8,8
Centrifuge,unified,Centrifuge_unified,ZymoMockD6331,ZymoMockD6331,pacbio,SRR13128013,2058152,2058152,                    Klebsiella grimontii,Klebsiella grimontii,species,7.218045981118314e-05,fraction_reads,0.0,2,2
Centrifuge,unified,Centrifuge_unified,ZymoMockD6331,ZymoMockD6331,pacbio,SRR13128013,2489010,2489010,                    Klebsiella africana,Klebsiella africana,species,3.609022990559157e-05,fraction_reads,0.0,1,1
Centrifuge,unified,Centrifuge_unified,ZymoMockD6331,ZymoMockD6331,pacbio,SRR13128013,54291,54291,                    Raoultella ornithinolytica,Raoultella ornithinolytica,species,0.0005052632186782819,fraction_reads,0.0,14,14
Centrifuge,unified,Centrifuge_unified,ZymoMockD6331,ZymoMockD6331,pacbio,SRR13128013,575,575,                    Raoultella planticola,Raoultella planticola,species,0.0002165413794335494,fraction_reads,0.0,6,6
Centrifuge,unified,Centrifuge_unified,ZymoMockD6331,ZymoMockD6331,pacbio,SRR13128013,2799495,2799495,                      Raoultella sp. XY-1,Raoultella sp. XY-1,species,3.609022990559157e-05,fraction_reads,0.0,1,1
Centrifuge,unified,Centrifuge_unified,ZymoMockD6331,ZymoMockD6331,pacbio,SRR13128013,562,562,                  Escherichia coli,Escherichia coli,species,1.90863180855721,fraction_reads,1.91,52885,50100
Centrifuge,unified,Centrifuge_unified,ZymoMockD6331,ZymoMockD6331,pacbio,SRR13128013,564,564,                  Escherichia fergusonii,Escherichia fergusonii,species,0.002165413794335494,fraction_reads,0.0,60,58
Centrifuge,unified,Centrifuge_unified,ZymoMockD6331,ZymoMockD6331,pacbio,SRR13128013,208962,208962,                  Escherichia albertii,Escherichia albertii,species,0.0010105264373565638,fraction_reads,0.0,28,28
Centrifuge,unified,Centrifuge_unified,ZymoMockD6331,ZymoMockD6331,pacbio,SRR13128013,2935450,2935450,                    Escherichia sp. 10290,Escherichia sp. 10290,species,0.00028872183924473255,fraction_reads,0.0,8,8
Centrifuge,unified,Centrifuge_unified,ZymoMockD6331,ZymoMockD6331,pacbio,SRR13128013,2044467,2044467,                    Escherichia sp. E4742,Escherichia sp. E4742,species,0.0002165413794335494,fraction_reads,0.0,6,6
Centrifuge,unified,Centrifuge_unified,ZymoMockD6331,ZymoMockD6331,pacbio,SRR13128013,2509662,2509662,                    Escherichia sp. HH091_1A,Escherichia sp. HH091_1A,species,0.0001082706897167747,fraction_reads,0.0,3,3
Centrifuge,unified,Centrifuge_unified,ZymoMockD6331,ZymoMockD6331,pacbio,SRR13128013,2509666,2509666,                    Escherichia sp. KS167_9B,Escherichia sp. KS167_9B,species,3.609022990559157e-05,fraction_reads,0.0,1,1
Centrifuge,unified,Centrifuge_unified,ZymoMockD6331,ZymoMockD6331,pacbio,SRR13128013,1499973,1499973,                  Escherichia marmotae,Escherichia marmotae,species,0.0002165413794335494,fraction_reads,0.0,6,6
Centrifuge,unified,Centrifuge_unified,ZymoMockD6331,ZymoMockD6331,pacbio,SRR13128013,28901,28901,                  Salmonella enterica,Salmonella enterica,species,0.05637293911253402,fraction_reads,0.06,1562,1069
Centrifuge,unified,Centrifuge_unified,ZymoMockD6331,ZymoMockD6331,pacbio,SRR13128013,623,623,                  Shigella flexneri,Shigella flexneri,species,0.008914286786681117,fraction_reads,0.01,247,206
Centrifuge,unified,Centrifuge_unified,ZymoMockD6331,ZymoMockD6331,pacbio,SRR13128013,622,622,                  Shigella dysenteriae,Shigella dysenteriae,species,0.006640602302628848,fraction_reads,0.01,184,182
Centrifuge,unified,Centrifuge_unified,ZymoMockD6331,ZymoMockD6331,pacbio,SRR13128013,621,621,                  Shigella boydii,Shigella boydii,species,0.0027067672429193675,fraction_reads,0.0,75,74
Centrifuge,unified,Centrifuge_unified,ZymoMockD6331,ZymoMockD6331,pacbio,SRR13128013,624,624,                  Shigella sonnei,Shigella sonnei,species,0.0011187971270733385,fraction_reads,0.0,31,31
Centrifuge,unified,Centrifuge_unified,ZymoMockD6331,ZymoMockD6331,pacbio,SRR13128013,1344959,1344959,                  Citrobacter freundii complex,Citrobacter freundii complex,species,0.008445113797908426,fraction_reads,0.01,234,7
Centrifuge,unified,Centrifuge_unified,ZymoMockD6331,ZymoMockD6331,pacbio,SRR13128013,546,546,                    Citrobacter freundii,Citrobacter freundii,species,0.003284210921408833,fraction_reads,0.0,91,91
Centrifuge,unified,Centrifuge_unified,ZymoMockD6331,ZymoMockD6331,pacbio,SRR13128013,1639133,1639133,                    Citrobacter portucalensis,Citrobacter portucalensis,species,0.002923308622352917,fraction_reads,0.0,81,81
Centrifuge,unified,Centrifuge_unified,ZymoMockD6331,ZymoMockD6331,pacbio,SRR13128013,1748967,1748967,                    Citrobacter cronae,Citrobacter cronae,species,0.000830075287828606,fraction_reads,0.0,23,23
Centrifuge,unified,Centrifuge_unified,ZymoMockD6331,ZymoMockD6331,pacbio,SRR13128013,57706,57706,                    Citrobacter braakii,Citrobacter braakii,species,0.0007578948280174229,fraction_reads,0.0,21,21
Centrifuge,unified,Centrifuge_unified,ZymoMockD6331,ZymoMockD6331,pacbio,SRR13128013,67827,67827,                    Citrobacter werkmanii,Citrobacter werkmanii,species,0.00025263160933914095,fraction_reads,0.0,7,7
Centrifuge,unified,Centrifuge_unified,ZymoMockD6331,ZymoMockD6331,pacbio,SRR13128013,2077148,2077148,                      Citrobacter freundii complex sp. CFNIH4,Citrobacter freundii complex sp. CFNIH4,species,0.00014436091962236627,fraction_reads,0.0,4,4
Centrifuge,unified,Centrifuge_unified,ZymoMockD6331,ZymoMockD6331,pacbio,SRR13128013,35703,35703,                  Citrobacter amalonaticus,Citrobacter amalonaticus,species,0.0012270678167901133,fraction_reads,0.0,34,34
Centrifuge,unified,Centrifuge_unified,ZymoMockD6331,ZymoMockD6331,pacbio,SRR13128013,2894201,2894201,                  Citrobacter meridianamericanus,Citrobacter meridianamericanus,species,0.001082706897167747,fraction_reads,0.0,30,30
Centrifuge,unified,Centrifuge_unified,ZymoMockD6331,ZymoMockD6331,pacbio,SRR13128013,545,545,                  Citrobacter koseri,Citrobacter koseri,species,0.000830075287828606,fraction_reads,0.0,23,23
Centrifuge,unified,Centrifuge_unified,ZymoMockD6331,ZymoMockD6331,pacbio,SRR13128013,2769347,2769347,                    Citrobacter sp. C13,Citrobacter sp. C13,species,0.0001082706897167747,fraction_reads,0.0,3,3
Centrifuge,unified,Centrifuge_unified,ZymoMockD6331,ZymoMockD6331,pacbio,SRR13128013,2716879,2716879,                    Citrobacter sp. Y3,Citrobacter sp. Y3,species,7.218045981118314e-05,fraction_reads,0.0,2,2
Centrifuge,unified,Centrifuge_unified,ZymoMockD6331,ZymoMockD6331,pacbio,SRR13128013,2742654,2742654,                    Citrobacter sp. RHBSTW-00535,Citrobacter sp. RHBSTW-00535,species,3.609022990559157e-05,fraction_reads,0.0,1,1
Centrifuge,unified,Centrifuge_unified,ZymoMockD6331,ZymoMockD6331,pacbio,SRR13128013,2742661,2742661,                    Citrobacter sp. RHBSTW-00678,Citrobacter sp. RHBSTW-00678,species,3.609022990559157e-05,fraction_reads,0.0,1,1
Centrifuge,unified,Centrifuge_unified,ZymoMockD6331,ZymoMockD6331,pacbio,SRR13128013,2769343,2769343,                    Citrobacter sp. C1,Citrobacter sp. C1,species,3.609022990559157e-05,fraction_reads,0.0,1,1
Centrifuge,unified,Centrifuge_unified,ZymoMockD6331,ZymoMockD6331,pacbio,SRR13128013,67824,67824,                  Citrobacter farmeri,Citrobacter farmeri,species,3.609022990559157e-05,fraction_reads,0.0,1,1
Centrifuge,unified,Centrifuge_unified,ZymoMockD6331,ZymoMockD6331,pacbio,SRR13128013,354276,354276,                  Enterobacter cloacae complex,Enterobacter cloacae complex,species,0.009636091384792949,fraction_reads,0.01,267,1
Centrifuge,unified,Centrifuge_unified,ZymoMockD6331,ZymoMockD6331,pacbio,SRR13128013,158836,158836,                    Enterobacter hormaechei,Enterobacter hormaechei,species,0.005269173566216369,fraction_reads,0.01,146,73
Centrifuge,unified,Centrifuge_unified,ZymoMockD6331,ZymoMockD6331,pacbio,SRR13128013,61645,61645,                    Enterobacter asburiae,Enterobacter asburiae,species,0.001082706897167747,fraction_reads,0.0,30,30
Centrifuge,unified,Centrifuge_unified,ZymoMockD6331,ZymoMockD6331,pacbio,SRR13128013,550,550,                    Enterobacter cloacae,Enterobacter cloacae,species,0.0007218045981118314,fraction_reads,0.0,20,12
Centrifuge,unified,Centrifuge_unified,ZymoMockD6331,ZymoMockD6331,pacbio,SRR13128013,208224,208224,                    Enterobacter kobei,Enterobacter kobei,species,0.0007218045981118314,fraction_reads,0.0,20,20
Centrifuge,unified,Centrifuge_unified,ZymoMockD6331,ZymoMockD6331,pacbio,SRR13128013,1812935,1812935,                    Enterobacter roggenkampii,Enterobacter roggenkampii,species,0.0006135339083950566,fraction_reads,0.0,17,17
Centrifuge,unified,Centrifuge_unified,ZymoMockD6331,ZymoMockD6331,pacbio,SRR13128013,299767,299767,                    Enterobacter ludwigii,Enterobacter ludwigii,species,0.0004691729887726904,fraction_reads,0.0,13,13
Centrifuge,unified,Centrifuge_unified,ZymoMockD6331,ZymoMockD6331,pacbio,SRR13128013,3073865,3073865,                      Enterobacter cloacae complex sp. EB5,Enterobacter cloacae complex sp. EB5,species,0.0003248120691503241,fraction_reads,0.0,9,9
Centrifuge,unified,Centrifuge_unified,ZymoMockD6331,ZymoMockD6331,pacbio,SRR13128013,2876028,2876028,                      Enterobacter cloacae complex sp. ECL352,Enterobacter cloacae complex sp. ECL352,species,7.218045981118314e-05,fraction_reads,0.0,2,2
Centrifuge,unified,Centrifuge_unified,ZymoMockD6331,ZymoMockD6331,pacbio,SRR13128013,2912631,2912631,                      Enterobacter cloacae complex sp. ECL404,Enterobacter cloacae complex sp. ECL404,species,3.609022990559157e-05,fraction_reads,0.0,1,1
Centrifuge,unified,Centrifuge_unified,ZymoMockD6331,ZymoMockD6331,pacbio,SRR13128013,2969431,2969431,                      Enterobacter cloacae complex sp. R_G8,Enterobacter cloacae complex sp. R_G8,species,3.609022990559157e-05,fraction_reads,0.0,1,1
Centrifuge,unified,Centrifuge_unified,ZymoMockD6331,ZymoMockD6331,pacbio,SRR13128013,2497875,2497875,                    Enterobacter chuandaensis,Enterobacter chuandaensis,species,0.00014436091962236627,fraction_reads,0.0,4,4
Centrifuge,unified,Centrifuge_unified,ZymoMockD6331,ZymoMockD6331,pacbio,SRR13128013,2494701,2494701,                    Enterobacter chengduensis,Enterobacter chengduensis,species,7.218045981118314e-05,fraction_reads,0.0,2,2
Centrifuge,unified,Centrifuge_unified,ZymoMockD6331,ZymoMockD6331,pacbio,SRR13128013,69218,69218,                    Enterobacter cancerogenus,Enterobacter cancerogenus,species,3.609022990559157e-05,fraction_reads,0.0,1,1
Centrifuge,unified,Centrifuge_unified,ZymoMockD6331,ZymoMockD6331,pacbio,SRR13128013,2494702,2494702,                  Enterobacter huaxiensis,Enterobacter huaxiensis,species,0.0009744362074509723,fraction_reads,0.0,27,27
Centrifuge,unified,Centrifuge_unified,ZymoMockD6331,ZymoMockD6331,pacbio,SRR13128013,2565914,2565914,                    Enterobacter sp. 18A13,Enterobacter sp. 18A13,species,0.0002165413794335494,fraction_reads,0.0,6,6
Centrifuge,unified,Centrifuge_unified,ZymoMockD6331,ZymoMockD6331,pacbio,SRR13128013,2831890,2831890,                    Enterobacter sp. JBIWA003,Enterobacter sp. JBIWA003,species,0.0001082706897167747,fraction_reads,0.0,3,3
Centrifuge,unified,Centrifuge_unified,ZymoMockD6331,ZymoMockD6331,pacbio,SRR13128013,2724468,2724468,                    Enterobacter sp. JUb54,Enterobacter sp. JUb54,species,3.609022990559157e-05,fraction_reads,0.0,1,1
Centrifuge,unified,Centrifuge_unified,ZymoMockD6331,ZymoMockD6331,pacbio,SRR13128013,2870346,2870346,                    Enterobacter sp. C2,Enterobacter sp. C2,species,3.609022990559157e-05,fraction_reads,0.0,1,1
Centrifuge,unified,Centrifuge_unified,ZymoMockD6331,ZymoMockD6331,pacbio,SRR13128013,881260,881260,                  Enterobacter bugandensis,Enterobacter bugandensis,species,0.0003609022990559157,fraction_reads,0.0,10,10
Centrifuge,unified,Centrifuge_unified,ZymoMockD6331,ZymoMockD6331,pacbio,SRR13128013,2996112,2996112,                  Enterobacter pseudoroggenkampii,Enterobacter pseudoroggenkampii,species,0.00028872183924473255,fraction_reads,0.0,8,8
Centrifuge,unified,Centrifuge_unified,ZymoMockD6331,ZymoMockD6331,pacbio,SRR13128013,28141,28141,                  Cronobacter sakazakii,Cronobacter sakazakii,species,0.001660150575657212,fraction_reads,0.0,46,44
Centrifuge,unified,Centrifuge_unified,ZymoMockD6331,ZymoMockD6331,pacbio,SRR13128013,413497,413497,                  Cronobacter dublinensis,Cronobacter dublinensis,species,0.00028872183924473255,fraction_reads,0.0,8,8
Centrifuge,unified,Centrifuge_unified,ZymoMockD6331,ZymoMockD6331,pacbio,SRR13128013,413503,413503,                  Cronobacter malonaticus,Cronobacter malonaticus,species,0.0002165413794335494,fraction_reads,0.0,6,5
Centrifuge,unified,Centrifuge_unified,ZymoMockD6331,ZymoMockD6331,pacbio,SRR13128013,158823,158823,                  Cedecea lapagei,Cedecea lapagei,species,0.0011187971270733385,fraction_reads,0.0,31,31
Centrifuge,unified,Centrifuge_unified,ZymoMockD6331,ZymoMockD6331,pacbio,SRR13128013,395631,395631,                  Phytobacter diazotrophicus,Phytobacter diazotrophicus,species,0.0007218045981118314,fraction_reads,0.0,20,20
Centrifuge,unified,Centrifuge_unified,ZymoMockD6331,ZymoMockD6331,pacbio,SRR13128013,83655,83655,                  Leclercia adecarboxylata,Leclercia adecarboxylata,species,0.00025263160933914095,fraction_reads,0.0,7,7
Centrifuge,unified,Centrifuge_unified,ZymoMockD6331,ZymoMockD6331,pacbio,SRR13128013,2898725,2898725,                    Leclercia sp. G3L,Leclercia sp. G3L,species,3.609022990559157e-05,fraction_reads,0.0,1,1
Centrifuge,unified,Centrifuge_unified,ZymoMockD6331,ZymoMockD6331,pacbio,SRR13128013,1646340,1646340,                  Kosakonia pseudosacchari,Kosakonia pseudosacchari,species,0.0001082706897167747,fraction_reads,0.0,3,3
Centrifuge,unified,Centrifuge_unified,ZymoMockD6331,ZymoMockD6331,pacbio,SRR13128013,283686,283686,                  Kosakonia radicincitans,Kosakonia radicincitans,species,3.609022990559157e-05,fraction_reads,0.0,1,1
Centrifuge,unified,Centrifuge_unified,ZymoMockD6331,ZymoMockD6331,pacbio,SRR13128013,1005665,1005665,                  Kosakonia oryzendophytica,Kosakonia oryzendophytica,species,3.609022990559157e-05,fraction_reads,0.0,1,1
Centrifuge,unified,Centrifuge_unified,ZymoMockD6331,ZymoMockD6331,pacbio,SRR13128013,2980557,2980557,                    Kosakonia sp. ML.JS2a,Kosakonia sp. ML.JS2a,species,3.609022990559157e-05,fraction_reads,0.0,1,1
Centrifuge,unified,Centrifuge_unified,ZymoMockD6331,ZymoMockD6331,pacbio,SRR13128013,565,565,                  Atlantibacter hermannii,Atlantibacter hermannii,species,0.0001082706897167747,fraction_reads,0.0,3,3
Centrifuge,unified,Centrifuge_unified,ZymoMockD6331,ZymoMockD6331,pacbio,SRR13128013,82977,82977,                  Buttiauxella agrestis,Buttiauxella agrestis,species,3.609022990559157e-05,fraction_reads,0.0,1,1
Centrifuge,unified,Centrifuge_unified,ZymoMockD6331,ZymoMockD6331,pacbio,SRR13128013,3073902,3073902,                  Buttiauxella selenatireducens,Buttiauxella selenatireducens,species,3.609022990559157e-05,fraction_reads,0.0,1,1
Centrifuge,unified,Centrifuge_unified,ZymoMockD6331,ZymoMockD6331,pacbio,SRR13128013,3031919,3031919,                    Superficieibacter sp. HKU1,Superficieibacter sp. HKU1,species,7.218045981118314e-05,fraction_reads,0.0,2,2
Centrifuge,unified,Centrifuge_unified,ZymoMockD6331,ZymoMockD6331,pacbio,SRR13128013,379893,379893,                  Trabulsiella odontotermitis,Trabulsiella odontotermitis,species,3.609022990559157e-05,fraction_reads,0.0,1,1
Centrifuge,unified,Centrifuge_unified,ZymoMockD6331,ZymoMockD6331,pacbio,SRR13128013,158877,158877,                  Yokenella regensburgei,Yokenella regensburgei,species,3.609022990559157e-05,fraction_reads,0.0,1,1
Centrifuge,unified,Centrifuge_unified,ZymoMockD6331,ZymoMockD6331,pacbio,SRR13128013,2891570,2891570,                  Pseudocitrobacter corydidari,Pseudocitrobacter corydidari,species,3.609022990559157e-05,fraction_reads,0.0,1,1
Centrifuge,unified,Centrifuge_unified,ZymoMockD6331,ZymoMockD6331,pacbio,SRR13128013,2047724,2047724,                  Franconibacter daqui,Franconibacter daqui,species,3.609022990559157e-05,fraction_reads,0.0,1,1
Centrifuge,unified,Centrifuge_unified,ZymoMockD6331,ZymoMockD6331,pacbio,SRR13128013,1505757,1505757,                  Siccibacter colletis,Siccibacter colletis,species,3.609022990559157e-05,fraction_reads,0.0,1,1
Centrifuge,unified,Centrifuge_unified,ZymoMockD6331,ZymoMockD6331,pacbio,SRR13128013,566,566,                  Pseudescherichia vulneris,Pseudescherichia vulneris,species,3.609022990559157e-05,fraction_reads,0.0,1,1
Centrifuge,unified,Centrifuge_unified,ZymoMockD6331,ZymoMockD6331,pacbio,SRR13128013,1649845,1649845,                  Yersinia pseudotuberculosis complex,Yersinia pseudotuberculosis complex,species,0.029593988522585084,fraction_reads,0.03,820,0
Centrifuge,unified,Centrifuge_unified,ZymoMockD6331,ZymoMockD6331,pacbio,SRR13128013,632,632,                    Yersinia pestis,Yersinia pestis,species,0.01869473909109643,fraction_reads,0.02,518,502
Centrifuge,unified,Centrifuge_unified,ZymoMockD6331,ZymoMockD6331,pacbio,SRR13128013,633,633,                    Yersinia pseudotuberculosis,Yersinia pseudotuberculosis,species,0.010899249431488654,fraction_reads,0.01,302,302
Centrifuge,unified,Centrifuge_unified,ZymoMockD6331,ZymoMockD6331,pacbio,SRR13128013,1604335,1604335,                  Yersinia rochesterensis,Yersinia rochesterensis,species,0.0009383459775453808,fraction_reads,0.0,26,26
Centrifuge,unified,Centrifuge_unified,ZymoMockD6331,ZymoMockD6331,pacbio,SRR13128013,2339259,2339259,                  Yersinia hibernica,Yersinia hibernica,species,0.0007578948280174229,fraction_reads,0.0,21,21
Centrifuge,unified,Centrifuge_unified,ZymoMockD6331,ZymoMockD6331,pacbio,SRR13128013,29486,29486,                  Yersinia ruckeri,Yersinia ruckeri,species,0.0003969925289615073,fraction_reads,0.0,11,11
Centrifuge,unified,Centrifuge_unified,ZymoMockD6331,ZymoMockD6331,pacbio,SRR13128013,630,630,                  Yersinia enterocolitica,Yersinia enterocolitica,species,0.0002165413794335494,fraction_reads,0.0,6,0
Centrifuge,unified,Centrifuge_unified,ZymoMockD6331,ZymoMockD6331,pacbio,SRR13128013,615,615,                  Serratia marcescens,Serratia marcescens,species,0.001984962644807536,fraction_reads,0.0,55,55
Centrifuge,unified,Centrifuge_unified,ZymoMockD6331,ZymoMockD6331,pacbio,SRR13128013,138074,138074,                  Serratia symbiotica,Serratia symbiotica,species,0.0011187971270733385,fraction_reads,0.0,31,30
Centrifuge,unified,Centrifuge_unified,ZymoMockD6331,ZymoMockD6331,pacbio,SRR13128013,300181,300181,                  Serratia ureilytica,Serratia ureilytica,species,0.0010466166672621555,fraction_reads,0.0,29,29
Centrifuge,unified,Centrifuge_unified,ZymoMockD6331,ZymoMockD6331,pacbio,SRR13128013,2831894,2831894,                    Serratia sp. JSRIV002,Serratia sp. JSRIV002,species,0.0001082706897167747,fraction_reads,0.0,3,3
Centrifuge,unified,Centrifuge_unified,ZymoMockD6331,ZymoMockD6331,pacbio,SRR13128013,1510570,1510570,                  Rahnella victoriana,Rahnella victoriana,species,0.00018045114952795784,fraction_reads,0.0,5,5
Centrifuge,unified,Centrifuge_unified,ZymoMockD6331,ZymoMockD6331,pacbio,SRR13128013,1805933,1805933,                  Rahnella sikkimica,Rahnella sikkimica,species,7.218045981118314e-05,fraction_reads,0.0,2,2
Centrifuge,unified,Centrifuge_unified,ZymoMockD6331,ZymoMockD6331,pacbio,SRR13128013,58169,58169,                  Rahnella inusitata,Rahnella inusitata,species,3.609022990559157e-05,fraction_reads,0.0,1,1
Centrifuge,unified,Centrifuge_unified,ZymoMockD6331,ZymoMockD6331,pacbio,SRR13128013,1922217,1922217,                  Candidatus Erwinia haradaeae,Candidatus Erwinia haradaeae,species,0.02533534139372528,fraction_reads,0.03,702,702
Centrifuge,unified,Centrifuge_unified,ZymoMockD6331,ZymoMockD6331,pacbio,SRR13128013,55211,55211,                  Erwinia persicina,Erwinia persicina,species,0.0020210528747131276,fraction_reads,0.0,56,56
Centrifuge,unified,Centrifuge_unified,ZymoMockD6331,ZymoMockD6331,pacbio,SRR13128013,79967,79967,                  Erwinia pyrifoliae,Erwinia pyrifoliae,species,0.0005413534485838734,fraction_reads,0.0,15,2
Centrifuge,unified,Centrifuge_unified,ZymoMockD6331,ZymoMockD6331,pacbio,SRR13128013,552,552,                  Erwinia amylovora,Erwinia amylovora,species,0.0003609022990559157,fraction_reads,0.0,10,10
Centrifuge,unified,Centrifuge_unified,ZymoMockD6331,ZymoMockD6331,pacbio,SRR13128013,65700,65700,                  Erwinia tracheiphila,Erwinia tracheiphila,species,0.0003609022990559157,fraction_reads,0.0,10,10
Centrifuge,unified,Centrifuge_unified,ZymoMockD6331,ZymoMockD6331,pacbio,SRR13128013,2681984,2681984,                  Erwinia sorbitola,Erwinia sorbitola,species,0.00014436091962236627,fraction_reads,0.0,4,4
Centrifuge,unified,Centrifuge_unified,ZymoMockD6331,ZymoMockD6331,pacbio,SRR13128013,2675378,2675378,                    Erwinia sp. E602,Erwinia sp. E602,species,3.609022990559157e-05,fraction_reads,0.0,1,1
Centrifuge,unified,Centrifuge_unified,ZymoMockD6331,ZymoMockD6331,pacbio,SRR13128013,553,553,                  Pantoea ananatis,Pantoea ananatis,species,0.0015879701158460291,fraction_reads,0.0,44,44
Centrifuge,unified,Centrifuge_unified,ZymoMockD6331,ZymoMockD6331,pacbio,SRR13128013,470933,470933,                  Pantoea eucalypti,Pantoea eucalypti,species,0.0006857143682062398,fraction_reads,0.0,19,19
Centrifuge,unified,Centrifuge_unified,ZymoMockD6331,ZymoMockD6331,pacbio,SRR13128013,1654067,1654067,                  Pantoea agglomerans group,Pantoea agglomerans group,species,0.0003609022990559157,fraction_reads,0.0,10,0
Centrifuge,unified,Centrifuge_unified,ZymoMockD6331,ZymoMockD6331,pacbio,SRR13128013,549,549,                    Pantoea agglomerans,Pantoea agglomerans,species,0.0003609022990559157,fraction_reads,0.0,10,10
Centrifuge,unified,Centrifuge_unified,ZymoMockD6331,ZymoMockD6331,pacbio,SRR13128013,2768165,2768165,                    Pantoea sp. MT58,Pantoea sp. MT58,species,0.00014436091962236627,fraction_reads,0.0,4,4
Centrifuge,unified,Centrifuge_unified,ZymoMockD6331,ZymoMockD6331,pacbio,SRR13128013,3019892,3019892,                    Pantoea sp. S18,Pantoea sp. S18,species,0.0001082706897167747,fraction_reads,0.0,3,3
Centrifuge,unified,Centrifuge_unified,ZymoMockD6331,ZymoMockD6331,pacbio,SRR13128013,2576760,2576760,                    Pantoea sp. Nvir,Pantoea sp. Nvir,species,7.218045981118314e-05,fraction_reads,0.0,2,2
Centrifuge,unified,Centrifuge_unified,ZymoMockD6331,ZymoMockD6331,pacbio,SRR13128013,2364647,2364647,                  Pantoea piersonii,Pantoea piersonii,species,0.0001082706897167747,fraction_reads,0.0,3,3
Centrifuge,unified,Centrifuge_unified,ZymoMockD6331,ZymoMockD6331,pacbio,SRR13128013,470934,470934,                  Pantoea vagans,Pantoea vagans,species,7.218045981118314e-05,fraction_reads,0.0,2,1
Centrifuge,unified,Centrifuge_unified,ZymoMockD6331,ZymoMockD6331,pacbio,SRR13128013,470931,470931,                  Pantoea anthophila,Pantoea anthophila,species,3.609022990559157e-05,fraction_reads,0.0,1,1
Centrifuge,unified,Centrifuge_unified,ZymoMockD6331,ZymoMockD6331,pacbio,SRR13128013,9,9,                  Buchnera aphidicola,Buchnera aphidicola,species,7.218045981118314e-05,fraction_reads,0.0,2,0
Centrifuge,unified,Centrifuge_unified,ZymoMockD6331,ZymoMockD6331,pacbio,SRR13128013,53336,53336,                  Tatumella citrea,Tatumella citrea,species,3.609022990559157e-05,fraction_reads,0.0,1,1
Centrifuge,unified,Centrifuge_unified,ZymoMockD6331,ZymoMockD6331,pacbio,SRR13128013,2740817,2740817,                  Paramixta manurensis,Paramixta manurensis,species,3.609022990559157e-05,fraction_reads,0.0,1,1
Centrifuge,unified,Centrifuge_unified,ZymoMockD6331,ZymoMockD6331,pacbio,SRR13128013,126385,126385,                  Providencia alcalifaciens,Providencia alcalifaciens,species,0.0011909775868845216,fraction_reads,0.0,33,33
Centrifuge,unified,Centrifuge_unified,ZymoMockD6331,ZymoMockD6331,pacbio,SRR13128013,587,587,                  Providencia rettgeri,Providencia rettgeri,species,0.0010105264373565638,fraction_reads,0.0,28,28
Centrifuge,unified,Centrifuge_unified,ZymoMockD6331,ZymoMockD6331,pacbio,SRR13128013,588,588,                  Providencia stuartii,Providencia stuartii,species,0.0003248120691503241,fraction_reads,0.0,9,9
Centrifuge,unified,Centrifuge_unified,ZymoMockD6331,ZymoMockD6331,pacbio,SRR13128013,2828763,2828763,                    Providencia sp. R33,Providencia sp. R33,species,7.218045981118314e-05,fraction_reads,0.0,2,2
Centrifuge,unified,Centrifuge_unified,ZymoMockD6331,ZymoMockD6331,pacbio,SRR13128013,2949771,2949771,                    Providencia sp. PROV040,Providencia sp. PROV040,species,7.218045981118314e-05,fraction_reads,0.0,2,2
Centrifuge,unified,Centrifuge_unified,ZymoMockD6331,ZymoMockD6331,pacbio,SRR13128013,2936802,2936802,                    Providencia sp. PROV277,Providencia sp. PROV277,species,3.609022990559157e-05,fraction_reads,0.0,1,1
Centrifuge,unified,Centrifuge_unified,ZymoMockD6331,ZymoMockD6331,pacbio,SRR13128013,3015951,3015951,                    Providencia sp. 21OH12SH02B-Prov,Providencia sp. 21OH12SH02B-Prov,species,3.609022990559157e-05,fraction_reads,0.0,1,1
Centrifuge,unified,Centrifuge_unified,ZymoMockD6331,ZymoMockD6331,pacbio,SRR13128013,158850,158850,                  Providencia rustigianii,Providencia rustigianii,species,7.218045981118314e-05,fraction_reads,0.0,2,2
Centrifuge,unified,Centrifuge_unified,ZymoMockD6331,ZymoMockD6331,pacbio,SRR13128013,333962,333962,                  Providencia heimbachae,Providencia heimbachae,species,3.609022990559157e-05,fraction_reads,0.0,1,1
Centrifuge,unified,Centrifuge_unified,ZymoMockD6331,ZymoMockD6331,pacbio,SRR13128013,584,584,                  Proteus mirabilis,Proteus mirabilis,species,0.001082706897167747,fraction_reads,0.0,30,30
Centrifuge,unified,Centrifuge_unified,ZymoMockD6331,ZymoMockD6331,pacbio,SRR13128013,585,585,                  Proteus vulgaris,Proteus vulgaris,species,0.0007939850579230146,fraction_reads,0.0,22,22
Centrifuge,unified,Centrifuge_unified,ZymoMockD6331,ZymoMockD6331,pacbio,SRR13128013,1574161,1574161,                  Proteus terrae,Proteus terrae,species,0.00028872183924473255,fraction_reads,0.0,8,0
Centrifuge,unified,Centrifuge_unified,ZymoMockD6331,ZymoMockD6331,pacbio,SRR13128013,2490996,2490996,                    Proteus sp. GOKU,Proteus sp. GOKU,species,0.0002165413794335494,fraction_reads,0.0,6,6
Centrifuge,unified,Centrifuge_unified,ZymoMockD6331,ZymoMockD6331,pacbio,SRR13128013,2883107,2883107,                    Proteus sp. NMG38-2,Proteus sp. NMG38-2,species,3.609022990559157e-05,fraction_reads,0.0,1,1
Centrifuge,unified,Centrifuge_unified,ZymoMockD6331,ZymoMockD6331,pacbio,SRR13128013,102862,102862,                  Proteus penneri,Proteus penneri,species,0.00014436091962236627,fraction_reads,0.0,4,4
Centrifuge,unified,Centrifuge_unified,ZymoMockD6331,ZymoMockD6331,pacbio,SRR13128013,582,582,                  Morganella morganii,Morganella morganii,species,0.0015879701158460291,fraction_reads,0.0,44,43
Centrifuge,unified,Centrifuge_unified,ZymoMockD6331,ZymoMockD6331,pacbio,SRR13128013,158849,158849,                  Moellerella wisconsensis,Moellerella wisconsensis,species,0.0006496241383006482,fraction_reads,0.0,18,18
Centrifuge,unified,Centrifuge_unified,ZymoMockD6331,ZymoMockD6331,pacbio,SRR13128013,40576,40576,                  Xenorhabdus bovienii,Xenorhabdus bovienii,species,0.00014436091962236627,fraction_reads,0.0,4,4
Centrifuge,unified,Centrifuge_unified,ZymoMockD6331,ZymoMockD6331,pacbio,SRR13128013,628,628,                  Xenorhabdus nematophila,Xenorhabdus nematophila,species,7.218045981118314e-05,fraction_reads,0.0,2,0
Centrifuge,unified,Centrifuge_unified,ZymoMockD6331,ZymoMockD6331,pacbio,SRR13128013,351672,351672,                  Xenorhabdus griffiniae,Xenorhabdus griffiniae,species,7.218045981118314e-05,fraction_reads,0.0,2,2
Centrifuge,unified,Centrifuge_unified,ZymoMockD6331,ZymoMockD6331,pacbio,SRR13128013,351671,351671,                  Xenorhabdus doucetiae,Xenorhabdus doucetiae,species,3.609022990559157e-05,fraction_reads,0.0,1,1
Centrifuge,unified,Centrifuge_unified,ZymoMockD6331,ZymoMockD6331,pacbio,SRR13128013,636,636,                  Edwardsiella tarda,Edwardsiella tarda,species,0.00184060172518517,fraction_reads,0.0,51,51
Centrifuge,unified,Centrifuge_unified,ZymoMockD6331,ZymoMockD6331,pacbio,SRR13128013,67780,67780,                  Edwardsiella ictaluri,Edwardsiella ictaluri,species,0.0007939850579230146,fraction_reads,0.0,22,21
Centrifuge,unified,Centrifuge_unified,ZymoMockD6331,ZymoMockD6331,pacbio,SRR13128013,1821960,1821960,                  Edwardsiella anguillarum,Edwardsiella anguillarum,species,7.218045981118314e-05,fraction_reads,0.0,2,2
Centrifuge,unified,Centrifuge_unified,ZymoMockD6331,ZymoMockD6331,pacbio,SRR13128013,569,569,                  Hafnia alvei,Hafnia alvei,species,7.218045981118314e-05,fraction_reads,0.0,2,2
Centrifuge,unified,Centrifuge_unified,ZymoMockD6331,ZymoMockD6331,pacbio,SRR13128013,82983,82983,                  Obesumbacterium proteus,Obesumbacterium proteus,species,3.609022990559157e-05,fraction_reads,0.0,1,1
Centrifuge,unified,Centrifuge_unified,ZymoMockD6331,ZymoMockD6331,pacbio,SRR13128013,1778540,1778540,                  Dickeya fangzhongdai,Dickeya fangzhongdai,species,0.0004691729887726904,fraction_reads,0.0,13,13
Centrifuge,unified,Centrifuge_unified,ZymoMockD6331,ZymoMockD6331,pacbio,SRR13128013,1240404,1240404,                  Dickeya oryzae,Dickeya oryzae,species,7.218045981118314e-05,fraction_reads,0.0,2,2
Centrifuge,unified,Centrifuge_unified,ZymoMockD6331,ZymoMockD6331,pacbio,SRR13128013,2488639,2488639,                  Pectobacterium versatile,Pectobacterium versatile,species,0.0003248120691503241,fraction_reads,0.0,9,9
Centrifuge,unified,Centrifuge_unified,ZymoMockD6331,ZymoMockD6331,pacbio,SRR13128013,1201031,1201031,                  Pectobacterium aroidearum,Pectobacterium aroidearum,species,0.0001082706897167747,fraction_reads,0.0,3,3
Centrifuge,unified,Centrifuge_unified,ZymoMockD6331,ZymoMockD6331,pacbio,SRR13128013,554,554,                  Pectobacterium carotovorum,Pectobacterium carotovorum,species,3.609022990559157e-05,fraction_reads,0.0,1,0
Centrifuge,unified,Centrifuge_unified,ZymoMockD6331,ZymoMockD6331,pacbio,SRR13128013,78398,78398,                  Pectobacterium odoriferum,Pectobacterium odoriferum,species,3.609022990559157e-05,fraction_reads,0.0,1,1
Centrifuge,unified,Centrifuge_unified,ZymoMockD6331,ZymoMockD6331,pacbio,SRR13128013,1109412,1109412,                  Brenneria goodwinii,Brenneria goodwinii,species,3.609022990559157e-05,fraction_reads,0.0,1,1
Centrifuge,unified,Centrifuge_unified,ZymoMockD6331,ZymoMockD6331,pacbio,SRR13128013,2697027,2697027,                  Sodalis ligni,Sodalis ligni,species,3.609022990559157e-05,fraction_reads,0.0,1,1
Centrifuge,unified,Centrifuge_unified,ZymoMockD6331,ZymoMockD6331,pacbio,SRR13128013,2371,2371,                  Xylella fastidiosa,Xylella fastidiosa,species,6.375483473742373,fraction_reads,6.38,176654,14
Centrifuge,unified,Centrifuge_unified,ZymoMockD6331,ZymoMockD6331,pacbio,SRR13128013,1444770,1444770,                  Xylella taiwanensis,Xylella taiwanensis,species,0.00018045114952795784,fraction_reads,0.0,5,5
Centrifuge,unified,Centrifuge_unified,ZymoMockD6331,ZymoMockD6331,pacbio,SRR13128013,643453,643453,                  Xanthomonas citri group,Xanthomonas citri group,species,0.006568421842817666,fraction_reads,0.01,182,0
Centrifuge,unified,Centrifuge_unified,ZymoMockD6331,ZymoMockD6331,pacbio,SRR13128013,346,346,                    Xanthomonas citri,Xanthomonas citri,species,0.006568421842817666,fraction_reads,0.01,182,5
Centrifuge,unified,Centrifuge_unified,ZymoMockD6331,ZymoMockD6331,pacbio,SRR13128013,339,339,                  Xanthomonas campestris,Xanthomonas campestris,species,0.0019488724149019445,fraction_reads,0.0,54,0
Centrifuge,unified,Centrifuge_unified,ZymoMockD6331,ZymoMockD6331,pacbio,SRR13128013,347,347,                  Xanthomonas oryzae,Xanthomonas oryzae,species,0.001912782184996353,fraction_reads,0.0,53,0
Centrifuge,unified,Centrifuge_unified,ZymoMockD6331,ZymoMockD6331,pacbio,SRR13128013,56458,56458,                  Xanthomonas sacchari,Xanthomonas sacchari,species,0.0006857143682062398,fraction_reads,0.0,19,19
Centrifuge,unified,Centrifuge_unified,ZymoMockD6331,ZymoMockD6331,pacbio,SRR13128013,53413,53413,                  Xanthomonas axonopodis,Xanthomonas axonopodis,species,0.0005774436784894651,fraction_reads,0.0,16,0
Centrifuge,unified,Centrifuge_unified,ZymoMockD6331,ZymoMockD6331,pacbio,SRR13128013,48664,48664,                  Xanthomonas fragariae,Xanthomonas fragariae,species,0.0004691729887726904,fraction_reads,0.0,13,13
Centrifuge,unified,Centrifuge_unified,ZymoMockD6331,ZymoMockD6331,pacbio,SRR13128013,3390202,3390202,                  Xanthomonas translucens group,Xanthomonas translucens group,species,0.0004330827588670988,fraction_reads,0.0,12,0
Centrifuge,unified,Centrifuge_unified,ZymoMockD6331,ZymoMockD6331,pacbio,SRR13128013,3390026,3390026,                    Xanthomonas graminis,Xanthomonas graminis,species,0.00028872183924473255,fraction_reads,0.0,8,0
Centrifuge,unified,Centrifuge_unified,ZymoMockD6331,ZymoMockD6331,pacbio,SRR13128013,343,343,                    Xanthomonas translucens,Xanthomonas translucens,species,0.00014436091962236627,fraction_reads,0.0,4,0
Centrifuge,unified,Centrifuge_unified,ZymoMockD6331,ZymoMockD6331,pacbio,SRR13128013,1985254,1985254,                  Xanthomonas phaseoli,Xanthomonas phaseoli,species,0.0001082706897167747,fraction_reads,0.0,3,0
Centrifuge,unified,Centrifuge_unified,ZymoMockD6331,ZymoMockD6331,pacbio,SRR13128013,29447,29447,                  Xanthomonas albilineans,Xanthomonas albilineans,species,7.218045981118314e-05,fraction_reads,0.0,2,2
Centrifuge,unified,Centrifuge_unified,ZymoMockD6331,ZymoMockD6331,pacbio,SRR13128013,56454,56454,                  Xanthomonas hortorum,Xanthomonas hortorum,species,7.218045981118314e-05,fraction_reads,0.0,2,0
Centrifuge,unified,Centrifuge_unified,ZymoMockD6331,ZymoMockD6331,pacbio,SRR13128013,456327,456327,                  Xanthomonas euvesicatoria,Xanthomonas euvesicatoria,species,7.218045981118314e-05,fraction_reads,0.0,2,0
Centrifuge,unified,Centrifuge_unified,ZymoMockD6331,ZymoMockD6331,pacbio,SRR13128013,442694,442694,                  Xanthomonas perforans,Xanthomonas perforans,species,3.609022990559157e-05,fraction_reads,0.0,1,1
Centrifuge,unified,Centrifuge_unified,ZymoMockD6331,ZymoMockD6331,pacbio,SRR13128013,128780,128780,                  Stenotrophomonas acidaminiphila,Stenotrophomonas acidaminiphila,species,0.0007939850579230146,fraction_reads,0.0,22,22
Centrifuge,unified,Centrifuge_unified,ZymoMockD6331,ZymoMockD6331,pacbio,SRR13128013,3051119,3051119,                    Stenotrophomonas sp. 57,Stenotrophomonas sp. 57,species,0.0003969925289615073,fraction_reads,0.0,11,11
Centrifuge,unified,Centrifuge_unified,ZymoMockD6331,ZymoMockD6331,pacbio,SRR13128013,2691571,2691571,                    Stenotrophomonas sp. 364,Stenotrophomonas sp. 364,species,3.609022990559157e-05,fraction_reads,0.0,1,1
Centrifuge,unified,Centrifuge_unified,ZymoMockD6331,ZymoMockD6331,pacbio,SRR13128013,2045451,2045451,                  Stenotrophomonas indicatrix,Stenotrophomonas indicatrix,species,7.218045981118314e-05,fraction_reads,0.0,2,2
Centrifuge,unified,Centrifuge_unified,ZymoMockD6331,ZymoMockD6331,pacbio,SRR13128013,995085,995085,                  Stenotrophomonas maltophilia group,Stenotrophomonas maltophilia group,species,3.609022990559157e-05,fraction_reads,0.0,1,1
Centrifuge,unified,Centrifuge_unified,ZymoMockD6331,ZymoMockD6331,pacbio,SRR13128013,2006110,2006110,                  Luteimonas chenhongjianii,Luteimonas chenhongjianii,species,0.0003248120691503241,fraction_reads,0.0,9,9
Centrifuge,unified,Centrifuge_unified,ZymoMockD6331,ZymoMockD6331,pacbio,SRR13128013,2508168,2508168,                    Luteimonas sp. YGD11-2,Luteimonas sp. YGD11-2,species,3.609022990559157e-05,fraction_reads,0.0,1,1
Centrifuge,unified,Centrifuge_unified,ZymoMockD6331,ZymoMockD6331,pacbio,SRR13128013,2904253,2904253,                    Lysobacter sp. 5GHs7-4,Lysobacter sp. 5GHs7-4,species,3.609022990559157e-05,fraction_reads,0.0,1,1
Centrifuge,unified,Centrifuge_unified,ZymoMockD6331,ZymoMockD6331,pacbio,SRR13128013,666685,666685,                  Rhodanobacter denitrificans,Rhodanobacter denitrificans,species,3.609022990559157e-05,fraction_reads,0.0,1,1
Centrifuge,unified,Centrifuge_unified,ZymoMockD6331,ZymoMockD6331,pacbio,SRR13128013,136842,136842,                  Pseudomonas chlororaphis group,Pseudomonas chlororaphis group,species,4.746334405574064,fraction_reads,4.75,131513,0
Centrifuge,unified,Centrifuge_unified,ZymoMockD6331,ZymoMockD6331,pacbio,SRR13128013,587753,587753,                    Pseudomonas chlororaphis,Pseudomonas chlororaphis,species,4.746334405574064,fraction_reads,4.75,131513,131504
Centrifuge,unified,Centrifuge_unified,ZymoMockD6331,ZymoMockD6331,pacbio,SRR13128013,136841,136841,                  Pseudomonas aeruginosa group,Pseudomonas aeruginosa group,species,0.011765414949222851,fraction_reads,0.01,326,0
Centrifuge,unified,Centrifuge_unified,ZymoMockD6331,ZymoMockD6331,pacbio,SRR13128013,287,287,                    Pseudomonas aeruginosa,Pseudomonas aeruginosa,species,0.011693234489411668,fraction_reads,0.01,324,322
Centrifuge,unified,Centrifuge_unified,ZymoMockD6331,ZymoMockD6331,pacbio,SRR13128013,53406,53406,                    Pseudomonas anguilliseptica,Pseudomonas anguilliseptica,species,7.218045981118314e-05,fraction_reads,0.0,2,2
Centrifuge,unified,Centrifuge_unified,ZymoMockD6331,ZymoMockD6331,pacbio,SRR13128013,2479392,2479392,                    Pseudomonas sp. LTJR-52,Pseudomonas sp. LTJR-52,species,0.0005413534485838734,fraction_reads,0.0,15,15
Centrifuge,unified,Centrifuge_unified,ZymoMockD6331,ZymoMockD6331,pacbio,SRR13128013,2083054,2083054,                    Pseudomonas sp. LG1D9,Pseudomonas sp. LG1D9,species,0.0003609022990559157,fraction_reads,0.0,10,10
Centrifuge,unified,Centrifuge_unified,ZymoMockD6331,ZymoMockD6331,pacbio,SRR13128013,2861799,2861799,                    Pseudomonas sp. Colony2,Pseudomonas sp. Colony2,species,0.00018045114952795784,fraction_reads,0.0,5,5
Centrifuge,unified,Centrifuge_unified,ZymoMockD6331,ZymoMockD6331,pacbio,SRR13128013,2899657,2899657,                    Pseudomonas sp. Nvir,Pseudomonas sp. Nvir,species,0.00018045114952795784,fraction_reads,0.0,5,5
Centrifuge,unified,Centrifuge_unified,ZymoMockD6331,ZymoMockD6331,pacbio,SRR13128013,2320270,2320270,                    Pseudomonas sp. DG56-2,Pseudomonas sp. DG56-2,species,0.00014436091962236627,fraction_reads,0.0,4,4
Centrifuge,unified,Centrifuge_unified,ZymoMockD6331,ZymoMockD6331,pacbio,SRR13128013,2920387,2920387,                    Pseudomonas sp. LS.1a,Pseudomonas sp. LS.1a,species,0.0001082706897167747,fraction_reads,0.0,3,3
Centrifuge,unified,Centrifuge_unified,ZymoMockD6331,ZymoMockD6331,pacbio,SRR13128013,3048627,3048627,                    Pseudomonas sp. MH10,Pseudomonas sp. MH10,species,0.0001082706897167747,fraction_reads,0.0,3,3
Centrifuge,unified,Centrifuge_unified,ZymoMockD6331,ZymoMockD6331,pacbio,SRR13128013,2083055,2083055,                    Pseudomonas sp. LH1G9,Pseudomonas sp. LH1G9,species,7.218045981118314e-05,fraction_reads,0.0,2,2
Centrifuge,unified,Centrifuge_unified,ZymoMockD6331,ZymoMockD6331,pacbio,SRR13128013,2793103,2793103,                    Pseudomonas sp. IAC-BECa141,Pseudomonas sp. IAC-BECa141,species,3.609022990559157e-05,fraction_reads,0.0,1,1
Centrifuge,unified,Centrifuge_unified,ZymoMockD6331,ZymoMockD6331,pacbio,SRR13128013,3048620,3048620,                    Pseudomonas sp. CCI4.2,Pseudomonas sp. CCI4.2,species,3.609022990559157e-05,fraction_reads,0.0,1,1
Centrifuge,unified,Centrifuge_unified,ZymoMockD6331,ZymoMockD6331,pacbio,SRR13128013,3087234,3087234,                    Pseudomonas sp. MUP55,Pseudomonas sp. MUP55,species,3.609022990559157e-05,fraction_reads,0.0,1,1
Centrifuge,unified,Centrifuge_unified,ZymoMockD6331,ZymoMockD6331,pacbio,SRR13128013,3135254,3135254,                    Pseudomonas sp. LPB4.O,Pseudomonas sp. LPB4.O,species,3.609022990559157e-05,fraction_reads,0.0,1,1
Centrifuge,unified,Centrifuge_unified,ZymoMockD6331,ZymoMockD6331,pacbio,SRR13128013,3235110,3235110,                    Pseudomonas sp. B21128,Pseudomonas sp. B21128,species,3.609022990559157e-05,fraction_reads,0.0,1,1
Centrifuge,unified,Centrifuge_unified,ZymoMockD6331,ZymoMockD6331,pacbio,SRR13128013,136843,136843,                  Pseudomonas fluorescens group,Pseudomonas fluorescens group,species,0.0005413534485838734,fraction_reads,0.0,15,0
Centrifuge,unified,Centrifuge_unified,ZymoMockD6331,ZymoMockD6331,pacbio,SRR13128013,47878,47878,                    Pseudomonas azotoformans,Pseudomonas azotoformans,species,0.0004691729887726904,fraction_reads,0.0,13,13
Centrifuge,unified,Centrifuge_unified,ZymoMockD6331,ZymoMockD6331,pacbio,SRR13128013,294,294,                    Pseudomonas fluorescens,Pseudomonas fluorescens,species,3.609022990559157e-05,fraction_reads,0.0,1,1
Centrifuge,unified,Centrifuge_unified,ZymoMockD6331,ZymoMockD6331,pacbio,SRR13128013,321662,321662,                    Pseudomonas moraviensis,Pseudomonas moraviensis,species,3.609022990559157e-05,fraction_reads,0.0,1,1
Centrifuge,unified,Centrifuge_unified,ZymoMockD6331,ZymoMockD6331,pacbio,SRR13128013,136845,136845,                  Pseudomonas putida group,Pseudomonas putida group,species,0.0004330827588670988,fraction_reads,0.0,12,0
Centrifuge,unified,Centrifuge_unified,ZymoMockD6331,ZymoMockD6331,pacbio,SRR13128013,303,303,                    Pseudomonas putida,Pseudomonas putida,species,0.0004330827588670988,fraction_reads,0.0,12,12
Centrifuge,unified,Centrifuge_unified,ZymoMockD6331,ZymoMockD6331,pacbio,SRR13128013,136849,136849,                  Pseudomonas syringae group,Pseudomonas syringae group,species,0.0001082706897167747,fraction_reads,0.0,3,0
Centrifuge,unified,Centrifuge_unified,ZymoMockD6331,ZymoMockD6331,pacbio,SRR13128013,251698,251698,                    Pseudomonas syringae group genomosp. 2,Pseudomonas syringae group genomosp. 2,species,0.0001082706897167747,fraction_reads,0.0,3,0
Centrifuge,unified,Centrifuge_unified,ZymoMockD6331,ZymoMockD6331,pacbio,SRR13128013,29438,29438,                      Pseudomonas savastanoi,Pseudomonas savastanoi,species,0.0001082706897167747,fraction_reads,0.0,3,2
Centrifuge,unified,Centrifuge_unified,ZymoMockD6331,ZymoMockD6331,pacbio,SRR13128013,2565368,2565368,                  Pseudomonas atacamensis,Pseudomonas atacamensis,species,0.0001082706897167747,fraction_reads,0.0,3,3
Centrifuge,unified,Centrifuge_unified,ZymoMockD6331,ZymoMockD6331,pacbio,SRR13128013,321661,321661,                  Pseudomonas vranovensis,Pseudomonas vranovensis,species,7.218045981118314e-05,fraction_reads,0.0,2,2
Centrifuge,unified,Centrifuge_unified,ZymoMockD6331,ZymoMockD6331,pacbio,SRR13128013,2219225,2219225,                  Pseudomonas asiatica,Pseudomonas asiatica,species,7.218045981118314e-05,fraction_reads,0.0,2,2
Centrifuge,unified,Centrifuge_unified,ZymoMockD6331,ZymoMockD6331,pacbio,SRR13128013,2600598,2600598,                  Pseudomonas saxonica,Pseudomonas saxonica,species,3.609022990559157e-05,fraction_reads,0.0,1,1
Centrifuge,unified,Centrifuge_unified,ZymoMockD6331,ZymoMockD6331,pacbio,SRR13128013,2726956,2726956,                  Pseudomonas berkeleyensis,Pseudomonas berkeleyensis,species,3.609022990559157e-05,fraction_reads,0.0,1,1
Centrifuge,unified,Centrifuge_unified,ZymoMockD6331,ZymoMockD6331,pacbio,SRR13128013,353,353,                    Azotobacter chroococcum,Azotobacter chroococcum,species,7.218045981118314e-05,fraction_reads,0.0,2,2
Centrifuge,unified,Centrifuge_unified,ZymoMockD6331,ZymoMockD6331,pacbio,SRR13128013,319939,319939,                  Metapseudomonas otitidis,Metapseudomonas otitidis,species,7.218045981118314e-05,fraction_reads,0.0,2,2
Centrifuge,unified,Centrifuge_unified,ZymoMockD6331,ZymoMockD6331,pacbio,SRR13128013,136846,136846,                  Stutzerimonas stutzeri group,Stutzerimonas stutzeri group,species,3.609022990559157e-05,fraction_reads,0.0,1,0
Centrifuge,unified,Centrifuge_unified,ZymoMockD6331,ZymoMockD6331,pacbio,SRR13128013,578833,578833,                    Stutzerimonas stutzeri subgroup,Stutzerimonas stutzeri subgroup,species,3.609022990559157e-05,fraction_reads,0.0,1,0
Centrifuge,unified,Centrifuge_unified,ZymoMockD6331,ZymoMockD6331,pacbio,SRR13128013,316,316,                      Stutzerimonas stutzeri,Stutzerimonas stutzeri,species,3.609022990559157e-05,fraction_reads,0.0,1,1
Centrifuge,unified,Centrifuge_unified,ZymoMockD6331,ZymoMockD6331,pacbio,SRR13128013,2488665,2488665,                    Marinobacter sp. NP-4(2019),Marinobacter sp. NP-4(2019),species,3.609022990559157e-05,fraction_reads,0.0,1,1
Centrifuge,unified,Centrifuge_unified,ZymoMockD6331,ZymoMockD6331,pacbio,SRR13128013,3158548,3158548,                    Marinobacter sp. MMG032,Marinobacter sp. MMG032,species,3.609022990559157e-05,fraction_reads,0.0,1,1
Centrifuge,unified,Centrifuge_unified,ZymoMockD6331,ZymoMockD6331,pacbio,SRR13128013,1033846,1033846,                  Marinobacter adhaerens,Marinobacter adhaerens,species,3.609022990559157e-05,fraction_reads,0.0,1,0
Centrifuge,unified,Centrifuge_unified,ZymoMockD6331,ZymoMockD6331,pacbio,SRR13128013,717610,717610,                  Vibrio harveyi group,Vibrio harveyi group,species,0.7081624912075177,fraction_reads,0.71,19622,0
Centrifuge,unified,Centrifuge_unified,ZymoMockD6331,ZymoMockD6331,pacbio,SRR13128013,663,663,                    Vibrio alginolyticus,Vibrio alginolyticus,species,0.6993203848806478,fraction_reads,0.7,19377,19377
Centrifuge,unified,Centrifuge_unified,ZymoMockD6331,ZymoMockD6331,pacbio,SRR13128013,670,670,                    Vibrio parahaemolyticus,Vibrio parahaemolyticus,species,0.0047278201176324955,fraction_reads,0.0,131,131
Centrifuge,unified,Centrifuge_unified,ZymoMockD6331,ZymoMockD6331,pacbio,SRR13128013,680,680,                    Vibrio campbellii,Vibrio campbellii,species,0.0015157896560348458,fraction_reads,0.0,42,36
Centrifuge,unified,Centrifuge_unified,ZymoMockD6331,ZymoMockD6331,pacbio,SRR13128013,691,691,                    Vibrio natriegens,Vibrio natriegens,species,0.001335338506506888,fraction_reads,0.0,37,37
Centrifuge,unified,Centrifuge_unified,ZymoMockD6331,ZymoMockD6331,pacbio,SRR13128013,696485,696485,                    Vibrio owensii,Vibrio owensii,species,0.0007939850579230146,fraction_reads,0.0,22,22
Centrifuge,unified,Centrifuge_unified,ZymoMockD6331,ZymoMockD6331,pacbio,SRR13128013,669,669,                    Vibrio harveyi,Vibrio harveyi,species,0.0003969925289615073,fraction_reads,0.0,11,11
Centrifuge,unified,Centrifuge_unified,ZymoMockD6331,ZymoMockD6331,pacbio,SRR13128013,190895,190895,                    Vibrio rotiferianus,Vibrio rotiferianus,species,7.218045981118314e-05,fraction_reads,0.0,2,2
Centrifuge,unified,Centrifuge_unified,ZymoMockD6331,ZymoMockD6331,pacbio,SRR13128013,666,666,                  Vibrio cholerae,Vibrio cholerae,species,0.004006015519520664,fraction_reads,0.0,111,37
Centrifuge,unified,Centrifuge_unified,ZymoMockD6331,ZymoMockD6331,pacbio,SRR13128013,47951,47951,                  Vibrio cyclitrophicus,Vibrio cyclitrophicus,species,0.0024902258634858184,fraction_reads,0.0,69,16
Centrifuge,unified,Centrifuge_unified,ZymoMockD6331,ZymoMockD6331,pacbio,SRR13128013,55601,55601,                  Vibrio anguillarum,Vibrio anguillarum,species,0.0014796994261292544,fraction_reads,0.0,41,41
Centrifuge,unified,Centrifuge_unified,ZymoMockD6331,ZymoMockD6331,pacbio,SRR13128013,672,672,                  Vibrio vulnificus,Vibrio vulnificus,species,0.0012992482766012964,fraction_reads,0.0,36,27
Centrifuge,unified,Centrifuge_unified,ZymoMockD6331,ZymoMockD6331,pacbio,SRR13128013,676,676,                  Vibrio fluvialis,Vibrio fluvialis,species,0.000830075287828606,fraction_reads,0.0,23,23
Centrifuge,unified,Centrifuge_unified,ZymoMockD6331,ZymoMockD6331,pacbio,SRR13128013,28173,28173,                  Vibrio nigripulchritudo,Vibrio nigripulchritudo,species,0.0005413534485838734,fraction_reads,0.0,15,15
Centrifuge,unified,Centrifuge_unified,ZymoMockD6331,ZymoMockD6331,pacbio,SRR13128013,2711221,2711221,                  Vibrio ziniensis,Vibrio ziniensis,species,0.00028872183924473255,fraction_reads,0.0,8,8
Centrifuge,unified,Centrifuge_unified,ZymoMockD6331,ZymoMockD6331,pacbio,SRR13128013,2785123,2785123,                    Vibrio sp. ED002,Vibrio sp. ED002,species,7.218045981118314e-05,fraction_reads,0.0,2,2
Centrifuge,unified,Centrifuge_unified,ZymoMockD6331,ZymoMockD6331,pacbio,SRR13128013,2785746,2785746,                    Vibrio sp. VB16,Vibrio sp. VB16,species,7.218045981118314e-05,fraction_reads,0.0,2,2
Centrifuge,unified,Centrifuge_unified,ZymoMockD6331,ZymoMockD6331,pacbio,SRR13128013,2908646,2908646,                    Vibrio sp. SS-MA-C1-2,Vibrio sp. SS-MA-C1-2,species,3.609022990559157e-05,fraction_reads,0.0,1,1
Centrifuge,unified,Centrifuge_unified,ZymoMockD6331,ZymoMockD6331,pacbio,SRR13128013,2993714,2993714,                    Vibrio sp. gvc,Vibrio sp. gvc,species,3.609022990559157e-05,fraction_reads,0.0,1,1
Centrifuge,unified,Centrifuge_unified,ZymoMockD6331,ZymoMockD6331,pacbio,SRR13128013,3035453,3035453,                    Vibrio sp. FE10,Vibrio sp. FE10,species,3.609022990559157e-05,fraction_reads,0.0,1,1
Centrifuge,unified,Centrifuge_unified,ZymoMockD6331,ZymoMockD6331,pacbio,SRR13128013,675,675,                  Vibrio cincinnatiensis,Vibrio cincinnatiensis,species,0.0002165413794335494,fraction_reads,0.0,6,6
Centrifuge,unified,Centrifuge_unified,ZymoMockD6331,ZymoMockD6331,pacbio,SRR13128013,29494,29494,                  Vibrio furnissii,Vibrio furnissii,species,0.0002165413794335494,fraction_reads,0.0,6,6
Centrifuge,unified,Centrifuge_unified,ZymoMockD6331,ZymoMockD6331,pacbio,SRR13128013,190893,190893,                  Vibrio coralliilyticus,Vibrio coralliilyticus,species,0.00018045114952795784,fraction_reads,0.0,5,5
Centrifuge,unified,Centrifuge_unified,ZymoMockD6331,ZymoMockD6331,pacbio,SRR13128013,2479546,2479546,                  Vibrio zhugei,Vibrio zhugei,species,0.00018045114952795784,fraction_reads,0.0,5,5
Centrifuge,unified,Centrifuge_unified,ZymoMockD6331,ZymoMockD6331,pacbio,SRR13128013,104609,104609,                  Vibrio penaeicida,Vibrio penaeicida,species,0.0001082706897167747,fraction_reads,0.0,3,3
Centrifuge,unified,Centrifuge_unified,ZymoMockD6331,ZymoMockD6331,pacbio,SRR13128013,1824638,1824638,                  Vibrio japonicus,Vibrio japonicus,species,0.0001082706897167747,fraction_reads,0.0,3,3
Centrifuge,unified,Centrifuge_unified,ZymoMockD6331,ZymoMockD6331,pacbio,SRR13128013,29497,29497,                  Vibrio splendidus,Vibrio splendidus,species,7.218045981118314e-05,fraction_reads,0.0,2,2
Centrifuge,unified,Centrifuge_unified,ZymoMockD6331,ZymoMockD6331,pacbio,SRR13128013,170673,170673,                  Vibrio kanaloae,Vibrio kanaloae,species,7.218045981118314e-05,fraction_reads,0.0,2,2
Centrifuge,unified,Centrifuge_unified,ZymoMockD6331,ZymoMockD6331,pacbio,SRR13128013,170679,170679,                  Vibrio chagasii,Vibrio chagasii,species,7.218045981118314e-05,fraction_reads,0.0,2,2
Centrifuge,unified,Centrifuge_unified,ZymoMockD6331,ZymoMockD6331,pacbio,SRR13128013,1763883,1763883,                  Vibrio cidicii,Vibrio cidicii,species,7.218045981118314e-05,fraction_reads,0.0,2,2
Centrifuge,unified,Centrifuge_unified,ZymoMockD6331,ZymoMockD6331,pacbio,SRR13128013,687,687,                  Vibrio gazogenes,Vibrio gazogenes,species,3.609022990559157e-05,fraction_reads,0.0,1,1
Centrifuge,unified,Centrifuge_unified,ZymoMockD6331,ZymoMockD6331,pacbio,SRR13128013,114054,114054,                    uncultured Vibrio sp.,uncultured Vibrio sp.,species,3.609022990559157e-05,fraction_reads,0.0,1,1
Centrifuge,unified,Centrifuge_unified,ZymoMockD6331,ZymoMockD6331,pacbio,SRR13128013,184755,184755,                  Vibrio ruber,Vibrio ruber,species,3.609022990559157e-05,fraction_reads,0.0,1,1
Centrifuge,unified,Centrifuge_unified,ZymoMockD6331,ZymoMockD6331,pacbio,SRR13128013,198832,198832,                  Vibrio pomeroyi,Vibrio pomeroyi,species,3.609022990559157e-05,fraction_reads,0.0,1,1
Centrifuge,unified,Centrifuge_unified,ZymoMockD6331,ZymoMockD6331,pacbio,SRR13128013,38293,38293,                  Photobacterium damselae,Photobacterium damselae,species,0.0010105264373565638,fraction_reads,0.0,28,26
Centrifuge,unified,Centrifuge_unified,ZymoMockD6331,ZymoMockD6331,pacbio,SRR13128013,320778,320778,                  Photobacterium ganghwense,Photobacterium ganghwense,species,7.218045981118314e-05,fraction_reads,0.0,2,2
Centrifuge,unified,Centrifuge_unified,ZymoMockD6331,ZymoMockD6331,pacbio,SRR13128013,1935446,1935446,                  Photobacterium toruni,Photobacterium toruni,species,3.609022990559157e-05,fraction_reads,0.0,1,1
Centrifuge,unified,Centrifuge_unified,ZymoMockD6331,ZymoMockD6331,pacbio,SRR13128013,668,668,                  Aliivibrio fischeri,Aliivibrio fischeri,species,3.609022990559157e-05,fraction_reads,0.0,1,0
Centrifuge,unified,Centrifuge_unified,ZymoMockD6331,ZymoMockD6331,pacbio,SRR13128013,688,688,                  Aliivibrio logei,Aliivibrio logei,species,3.609022990559157e-05,fraction_reads,0.0,1,1
Centrifuge,unified,Centrifuge_unified,ZymoMockD6331,ZymoMockD6331,pacbio,SRR13128013,51367,51367,                  Salinivibrio costicola,Salinivibrio costicola,species,3.609022990559157e-05,fraction_reads,0.0,1,1
Centrifuge,unified,Centrifuge_unified,ZymoMockD6331,ZymoMockD6331,pacbio,SRR13128013,909768,909768,                  Acinetobacter calcoaceticus/baumannii complex,Acinetobacter calcoaceticus/baumannii complex,species,0.30290529959763,fraction_reads,0.3,8393,0
Centrifuge,unified,Centrifuge_unified,ZymoMockD6331,ZymoMockD6331,pacbio,SRR13128013,470,470,                    Acinetobacter baumannii,Acinetobacter baumannii,species,0.29774439672113046,fraction_reads,0.3,8250,8226
Centrifuge,unified,Centrifuge_unified,ZymoMockD6331,ZymoMockD6331,pacbio,SRR13128013,1530123,1530123,                    Acinetobacter seifertii,Acinetobacter seifertii,species,0.002923308622352917,fraction_reads,0.0,81,81
Centrifuge,unified,Centrifuge_unified,ZymoMockD6331,ZymoMockD6331,pacbio,SRR13128013,48296,48296,                    Acinetobacter pittii,Acinetobacter pittii,species,0.001263158046695705,fraction_reads,0.0,35,35
Centrifuge,unified,Centrifuge_unified,ZymoMockD6331,ZymoMockD6331,pacbio,SRR13128013,106654,106654,                    Acinetobacter nosocomialis,Acinetobacter nosocomialis,species,0.0007578948280174229,fraction_reads,0.0,21,21
Centrifuge,unified,Centrifuge_unified,ZymoMockD6331,ZymoMockD6331,pacbio,SRR13128013,1785128,1785128,                    Acinetobacter lactucae,Acinetobacter lactucae,species,0.0002165413794335494,fraction_reads,0.0,6,6
Centrifuge,unified,Centrifuge_unified,ZymoMockD6331,ZymoMockD6331,pacbio,SRR13128013,2079596,2079596,                    Acinetobacter sp. SWBY1,Acinetobacter sp. SWBY1,species,0.007470677590457454,fraction_reads,0.01,207,207
Centrifuge,unified,Centrifuge_unified,ZymoMockD6331,ZymoMockD6331,pacbio,SRR13128013,3231720,3231720,                    Acinetobacter sp. FL,Acinetobacter sp. FL,species,0.00028872183924473255,fraction_reads,0.0,8,8
Centrifuge,unified,Centrifuge_unified,ZymoMockD6331,ZymoMockD6331,pacbio,SRR13128013,2743575,2743575,                    Acinetobacter sp. NEB 394,Acinetobacter sp. NEB 394,species,0.00014436091962236627,fraction_reads,0.0,4,4
Centrifuge,unified,Centrifuge_unified,ZymoMockD6331,ZymoMockD6331,pacbio,SRR13128013,2925837,2925837,                    Acinetobacter sp. LUNF3,Acinetobacter sp. LUNF3,species,0.00014436091962236627,fraction_reads,0.0,4,4
Centrifuge,unified,Centrifuge_unified,ZymoMockD6331,ZymoMockD6331,pacbio,SRR13128013,2950076,2950076,                    Acinetobacter sp. C26M,Acinetobacter sp. C26M,species,0.0001082706897167747,fraction_reads,0.0,3,3
Centrifuge,unified,Centrifuge_unified,ZymoMockD6331,ZymoMockD6331,pacbio,SRR13128013,1636603,1636603,                    Acinetobacter sp. ACNIH1,Acinetobacter sp. ACNIH1,species,3.609022990559157e-05,fraction_reads,0.0,1,1
Centrifuge,unified,Centrifuge_unified,ZymoMockD6331,ZymoMockD6331,pacbio,SRR13128013,1827285,1827285,                    Acinetobacter sp. MYb10,Acinetobacter sp. MYb10,species,3.609022990559157e-05,fraction_reads,0.0,1,1
Centrifuge,unified,Centrifuge_unified,ZymoMockD6331,ZymoMockD6331,pacbio,SRR13128013,2004644,2004644,                    Acinetobacter sp. WCHA45,Acinetobacter sp. WCHA45,species,3.609022990559157e-05,fraction_reads,0.0,1,1
Centrifuge,unified,Centrifuge_unified,ZymoMockD6331,ZymoMockD6331,pacbio,SRR13128013,2929514,2929514,                    Acinetobacter sp. YH16056_T,Acinetobacter sp. YH16056_T,species,3.609022990559157e-05,fraction_reads,0.0,1,1
Centrifuge,unified,Centrifuge_unified,ZymoMockD6331,ZymoMockD6331,pacbio,SRR13128013,3157368,3157368,                    Acinetobacter sp. XH1639,Acinetobacter sp. XH1639,species,3.609022990559157e-05,fraction_reads,0.0,1,1
Centrifuge,unified,Centrifuge_unified,ZymoMockD6331,ZymoMockD6331,pacbio,SRR13128013,29430,29430,                  Acinetobacter haemolyticus,Acinetobacter haemolyticus,species,0.0007578948280174229,fraction_reads,0.0,21,21
Centrifuge,unified,Centrifuge_unified,ZymoMockD6331,ZymoMockD6331,pacbio,SRR13128013,40216,40216,                  Acinetobacter radioresistens,Acinetobacter radioresistens,species,0.0003248120691503241,fraction_reads,0.0,9,7
Centrifuge,unified,Centrifuge_unified,ZymoMockD6331,ZymoMockD6331,pacbio,SRR13128013,28090,28090,                  Acinetobacter lwoffii,Acinetobacter lwoffii,species,0.00014436091962236627,fraction_reads,0.0,4,4
Centrifuge,unified,Centrifuge_unified,ZymoMockD6331,ZymoMockD6331,pacbio,SRR13128013,70346,70346,                  Acinetobacter variabilis,Acinetobacter variabilis,species,0.00014436091962236627,fraction_reads,0.0,4,4
Centrifuge,unified,Centrifuge_unified,ZymoMockD6331,ZymoMockD6331,pacbio,SRR13128013,40214,40214,                  Acinetobacter johnsonii,Acinetobacter johnsonii,species,0.0001082706897167747,fraction_reads,0.0,3,3
Centrifuge,unified,Centrifuge_unified,ZymoMockD6331,ZymoMockD6331,pacbio,SRR13128013,2136182,2136182,                  Acinetobacter cumulans,Acinetobacter cumulans,species,0.0001082706897167747,fraction_reads,0.0,3,3
Centrifuge,unified,Centrifuge_unified,ZymoMockD6331,ZymoMockD6331,pacbio,SRR13128013,40215,40215,                  Acinetobacter junii,Acinetobacter junii,species,7.218045981118314e-05,fraction_reads,0.0,2,2
Centrifuge,unified,Centrifuge_unified,ZymoMockD6331,ZymoMockD6331,pacbio,SRR13128013,202950,202950,                  Acinetobacter baylyi,Acinetobacter baylyi,species,7.218045981118314e-05,fraction_reads,0.0,2,2
Centrifuge,unified,Centrifuge_unified,ZymoMockD6331,ZymoMockD6331,pacbio,SRR13128013,108981,108981,                  Acinetobacter schindleri,Acinetobacter schindleri,species,3.609022990559157e-05,fraction_reads,0.0,1,1
Centrifuge,unified,Centrifuge_unified,ZymoMockD6331,ZymoMockD6331,pacbio,SRR13128013,756892,756892,                  Acinetobacter indicus,Acinetobacter indicus,species,3.609022990559157e-05,fraction_reads,0.0,1,1
Centrifuge,unified,Centrifuge_unified,ZymoMockD6331,ZymoMockD6331,pacbio,SRR13128013,3045147,3045147,                  Acinetobacter corruptisaponis,Acinetobacter corruptisaponis,species,3.609022990559157e-05,fraction_reads,0.0,1,1
Centrifuge,unified,Centrifuge_unified,ZymoMockD6331,ZymoMockD6331,pacbio,SRR13128013,256326,256326,                  Psychrobacter arenosus,Psychrobacter arenosus,species,0.0011909775868845216,fraction_reads,0.0,33,33
Centrifuge,unified,Centrifuge_unified,ZymoMockD6331,ZymoMockD6331,pacbio,SRR13128013,2203895,2203895,                    Psychrobacter sp. YP14,Psychrobacter sp. YP14,species,0.0003248120691503241,fraction_reads,0.0,9,9
Centrifuge,unified,Centrifuge_unified,ZymoMockD6331,ZymoMockD6331,pacbio,SRR13128013,3064892,3064892,                    Psychrobacter sp. van23A,Psychrobacter sp. van23A,species,0.0001082706897167747,fraction_reads,0.0,3,3
Centrifuge,unified,Centrifuge_unified,ZymoMockD6331,ZymoMockD6331,pacbio,SRR13128013,2733866,2733866,                    Psychrobacter sp. KCTC 72983,Psychrobacter sp. KCTC 72983,species,3.609022990559157e-05,fraction_reads,0.0,1,1
Centrifuge,unified,Centrifuge_unified,ZymoMockD6331,ZymoMockD6331,pacbio,SRR13128013,45610,45610,                  Psychrobacter urativorans,Psychrobacter urativorans,species,7.218045981118314e-05,fraction_reads,0.0,2,2
Centrifuge,unified,Centrifuge_unified,ZymoMockD6331,ZymoMockD6331,pacbio,SRR13128013,330922,330922,                  Psychrobacter cryohalolentis,Psychrobacter cryohalolentis,species,7.218045981118314e-05,fraction_reads,0.0,2,0
Centrifuge,unified,Centrifuge_unified,ZymoMockD6331,ZymoMockD6331,pacbio,SRR13128013,386891,386891,                  Moraxella bovoculi,Moraxella bovoculi,species,0.00028872183924473255,fraction_reads,0.0,8,8
Centrifuge,unified,Centrifuge_unified,ZymoMockD6331,ZymoMockD6331,pacbio,SRR13128013,3076087,3076087,                    Moraxella sp. DOX410,Moraxella sp. DOX410,species,0.00014436091962236627,fraction_reads,0.0,4,4
Centrifuge,unified,Centrifuge_unified,ZymoMockD6331,ZymoMockD6331,pacbio,SRR13128013,478,478,                  Moraxella nonliquefaciens,Moraxella nonliquefaciens,species,7.218045981118314e-05,fraction_reads,0.0,2,2
Centrifuge,unified,Centrifuge_unified,ZymoMockD6331,ZymoMockD6331,pacbio,SRR13128013,34062,34062,                  Moraxella osloensis,Moraxella osloensis,species,3.609022990559157e-05,fraction_reads,0.0,1,1
Centrifuge,unified,Centrifuge_unified,ZymoMockD6331,ZymoMockD6331,pacbio,SRR13128013,1940690,1940690,                  Pseudidiomarina andamanensis,Pseudidiomarina andamanensis,species,0.05063459255754497,fraction_reads,0.05,1403,1403
Centrifuge,unified,Centrifuge_unified,ZymoMockD6331,ZymoMockD6331,pacbio,SRR13128013,1096243,1096243,                  Idiomarina piscisalsi,Idiomarina piscisalsi,species,0.0001082706897167747,fraction_reads,0.0,3,3
Centrifuge,unified,Centrifuge_unified,ZymoMockD6331,ZymoMockD6331,pacbio,SRR13128013,38313,38313,                  Shewanella algae,Shewanella algae,species,0.011260151730544569,fraction_reads,0.01,312,312
Centrifuge,unified,Centrifuge_unified,ZymoMockD6331,ZymoMockD6331,pacbio,SRR13128013,62322,62322,                  Shewanella baltica,Shewanella baltica,species,0.0018045114952795784,fraction_reads,0.0,50,0
Centrifuge,unified,Centrifuge_unified,ZymoMockD6331,ZymoMockD6331,pacbio,SRR13128013,332186,332186,                  Shewanella xiamenensis,Shewanella xiamenensis,species,0.0006857143682062398,fraction_reads,0.0,19,19
Centrifuge,unified,Centrifuge_unified,ZymoMockD6331,ZymoMockD6331,pacbio,SRR13128013,234831,234831,                    Pseudoalteromonas sp. SM9913,Pseudoalteromonas sp. SM9913,species,0.0055578954054611015,fraction_reads,0.01,154,154
Centrifuge,unified,Centrifuge_unified,ZymoMockD6331,ZymoMockD6331,pacbio,SRR13128013,2003316,2003316,                    Pseudoalteromonas sp. GCY,Pseudoalteromonas sp. GCY,species,0.00028872183924473255,fraction_reads,0.0,8,8
Centrifuge,unified,Centrifuge_unified,ZymoMockD6331,ZymoMockD6331,pacbio,SRR13128013,87791,87791,                    Pseudoalteromonas sp. PS1M3,Pseudoalteromonas sp. PS1M3,species,0.0001082706897167747,fraction_reads,0.0,3,3
Centrifuge,unified,Centrifuge_unified,ZymoMockD6331,ZymoMockD6331,pacbio,SRR13128013,2759705,2759705,                    Pseudoalteromonas sp. MT33b,Pseudoalteromonas sp. MT33b,species,3.609022990559157e-05,fraction_reads,0.0,1,1
Centrifuge,unified,Centrifuge_unified,ZymoMockD6331,ZymoMockD6331,pacbio,SRR13128013,3112573,3112573,                    Pseudoalteromonas sp. CuT4-3,Pseudoalteromonas sp. CuT4-3,species,3.609022990559157e-05,fraction_reads,0.0,1,1
Centrifuge,unified,Centrifuge_unified,ZymoMockD6331,ZymoMockD6331,pacbio,SRR13128013,570156,570156,                  Pseudoalteromonas lipolytica,Pseudoalteromonas lipolytica,species,0.00028872183924473255,fraction_reads,0.0,8,0
Centrifuge,unified,Centrifuge_unified,ZymoMockD6331,ZymoMockD6331,pacbio,SRR13128013,43657,43657,                  Pseudoalteromonas luteoviolacea,Pseudoalteromonas luteoviolacea,species,0.00025263160933914095,fraction_reads,0.0,7,7
Centrifuge,unified,Centrifuge_unified,ZymoMockD6331,ZymoMockD6331,pacbio,SRR13128013,43662,43662,                  Pseudoalteromonas piscicida,Pseudoalteromonas piscicida,species,0.0002165413794335494,fraction_reads,0.0,6,6
Centrifuge,unified,Centrifuge_unified,ZymoMockD6331,ZymoMockD6331,pacbio,SRR13128013,182141,182141,                  Pseudoalteromonas prydzensis,Pseudoalteromonas prydzensis,species,0.0002165413794335494,fraction_reads,0.0,6,0
Centrifuge,unified,Centrifuge_unified,ZymoMockD6331,ZymoMockD6331,pacbio,SRR13128013,107327,107327,                  Pseudoalteromonas ulvae,Pseudoalteromonas ulvae,species,0.00014436091962236627,fraction_reads,0.0,4,0
Centrifuge,unified,Centrifuge_unified,ZymoMockD6331,ZymoMockD6331,pacbio,SRR13128013,28109,28109,                  Pseudoalteromonas nigrifaciens,Pseudoalteromonas nigrifaciens,species,7.218045981118314e-05,fraction_reads,0.0,2,2
Centrifuge,unified,Centrifuge_unified,ZymoMockD6331,ZymoMockD6331,pacbio,SRR13128013,151081,151081,                  Pseudoalteromonas ruthenica,Pseudoalteromonas ruthenica,species,7.218045981118314e-05,fraction_reads,0.0,2,2
Centrifuge,unified,Centrifuge_unified,ZymoMockD6331,ZymoMockD6331,pacbio,SRR13128013,161398,161398,                  Pseudoalteromonas phenolica,Pseudoalteromonas phenolica,species,7.218045981118314e-05,fraction_reads,0.0,2,0
Centrifuge,unified,Centrifuge_unified,ZymoMockD6331,ZymoMockD6331,pacbio,SRR13128013,166935,166935,                  Pseudoalteromonas translucida,Pseudoalteromonas translucida,species,3.609022990559157e-05,fraction_reads,0.0,1,1
Centrifuge,unified,Centrifuge_unified,ZymoMockD6331,ZymoMockD6331,pacbio,SRR13128013,176102,176102,                  Pseudoalteromonas agarivorans,Pseudoalteromonas agarivorans,species,3.609022990559157e-05,fraction_reads,0.0,1,1
Centrifuge,unified,Centrifuge_unified,ZymoMockD6331,ZymoMockD6331,pacbio,SRR13128013,882626,882626,                  Pseudoalteromonas xiamenensis,Pseudoalteromonas xiamenensis,species,3.609022990559157e-05,fraction_reads,0.0,1,1
Centrifuge,unified,Centrifuge_unified,ZymoMockD6331,ZymoMockD6331,pacbio,SRR13128013,1563703,1563703,                  Agarivorans aestuarii,Agarivorans aestuarii,species,0.0005774436784894651,fraction_reads,0.0,16,16
Centrifuge,unified,Centrifuge_unified,ZymoMockD6331,ZymoMockD6331,pacbio,SRR13128013,2652721,2652721,                    Agarivorans sp. B2Z047,Agarivorans sp. B2Z047,species,0.0001082706897167747,fraction_reads,0.0,3,3
Centrifuge,unified,Centrifuge_unified,ZymoMockD6331,ZymoMockD6331,pacbio,SRR13128013,2172099,2172099,                  Saccharobesus litoralis,Saccharobesus litoralis,species,0.0002165413794335494,fraction_reads,0.0,6,6
Centrifuge,unified,Centrifuge_unified,ZymoMockD6331,ZymoMockD6331,pacbio,SRR13128013,314275,314275,                    Alteromonas mediterranea,Alteromonas mediterranea,species,0.0001082706897167747,fraction_reads,0.0,3,2
Centrifuge,unified,Centrifuge_unified,ZymoMockD6331,ZymoMockD6331,pacbio,SRR13128013,28108,28108,                    Alteromonas macleodii,Alteromonas macleodii,species,3.609022990559157e-05,fraction_reads,0.0,1,1
Centrifuge,unified,Centrifuge_unified,ZymoMockD6331,ZymoMockD6331,pacbio,SRR13128013,2689569,2689569,                    Colwellia sp. 20A7,Colwellia sp. 20A7,species,7.218045981118314e-05,fraction_reads,0.0,2,2
Centrifuge,unified,Centrifuge_unified,ZymoMockD6331,ZymoMockD6331,pacbio,SRR13128013,137584,137584,                  Thalassomonas viridans,Thalassomonas viridans,species,3.609022990559157e-05,fraction_reads,0.0,1,1
Centrifuge,unified,Centrifuge_unified,ZymoMockD6331,ZymoMockD6331,pacbio,SRR13128013,1920107,1920107,                    Aeromonas sp. ASNIH7,Aeromonas sp. ASNIH7,species,0.01378646782393598,fraction_reads,0.01,382,382
Centrifuge,unified,Centrifuge_unified,ZymoMockD6331,ZymoMockD6331,pacbio,SRR13128013,2675707,2675707,                    Aeromonas sp. WP2-W18-CRE-05,Aeromonas sp. WP2-W18-CRE-05,species,0.0003609022990559157,fraction_reads,0.0,10,10
Centrifuge,unified,Centrifuge_unified,ZymoMockD6331,ZymoMockD6331,pacbio,SRR13128013,2560029,2560029,                    Aeromonas sp. 2692-1,Aeromonas sp. 2692-1,species,7.218045981118314e-05,fraction_reads,0.0,2,2
Centrifuge,unified,Centrifuge_unified,ZymoMockD6331,ZymoMockD6331,pacbio,SRR13128013,2778051,2778051,                    Aeromonas sp. FDAARGOS 1402,Aeromonas sp. FDAARGOS 1402,species,7.218045981118314e-05,fraction_reads,0.0,2,2
Centrifuge,unified,Centrifuge_unified,ZymoMockD6331,ZymoMockD6331,pacbio,SRR13128013,648,648,                  Aeromonas caviae,Aeromonas caviae,species,0.001984962644807536,fraction_reads,0.0,55,55
Centrifuge,unified,Centrifuge_unified,ZymoMockD6331,ZymoMockD6331,pacbio,SRR13128013,644,644,                  Aeromonas hydrophila,Aeromonas hydrophila,species,0.001407518966318071,fraction_reads,0.0,39,37
Centrifuge,unified,Centrifuge_unified,ZymoMockD6331,ZymoMockD6331,pacbio,SRR13128013,29489,29489,                  Aeromonas enteropelogenes,Aeromonas enteropelogenes,species,0.0005052632186782819,fraction_reads,0.0,14,14
Centrifuge,unified,Centrifuge_unified,ZymoMockD6331,ZymoMockD6331,pacbio,SRR13128013,645,645,                  Aeromonas salmonicida,Aeromonas salmonicida,species,0.00028872183924473255,fraction_reads,0.0,8,2
Centrifuge,unified,Centrifuge_unified,ZymoMockD6331,ZymoMockD6331,pacbio,SRR13128013,654,654,                  Aeromonas veronii,Aeromonas veronii,species,0.0002165413794335494,fraction_reads,0.0,6,6
Centrifuge,unified,Centrifuge_unified,ZymoMockD6331,ZymoMockD6331,pacbio,SRR13128013,651,651,                  Aeromonas media,Aeromonas media,species,0.00014436091962236627,fraction_reads,0.0,4,4
Centrifuge,unified,Centrifuge_unified,ZymoMockD6331,ZymoMockD6331,pacbio,SRR13128013,196024,196024,                  Aeromonas dhakensis,Aeromonas dhakensis,species,0.00014436091962236627,fraction_reads,0.0,4,4
Centrifuge,unified,Centrifuge_unified,ZymoMockD6331,ZymoMockD6331,pacbio,SRR13128013,2047966,2047966,                  Dongshaea marina,Dongshaea marina,species,0.00014436091962236627,fraction_reads,0.0,4,4
Centrifuge,unified,Centrifuge_unified,ZymoMockD6331,ZymoMockD6331,pacbio,SRR13128013,727,727,                  Haemophilus influenzae,Haemophilus influenzae,species,0.010646617822149512,fraction_reads,0.01,295,295
Centrifuge,unified,Centrifuge_unified,ZymoMockD6331,ZymoMockD6331,pacbio,SRR13128013,729,729,                  Haemophilus parainfluenzae,Haemophilus parainfluenzae,species,0.0004691729887726904,fraction_reads,0.0,13,0
Centrifuge,unified,Centrifuge_unified,ZymoMockD6331,ZymoMockD6331,pacbio,SRR13128013,735,735,                  Haemophilus parahaemolyticus,Haemophilus parahaemolyticus,species,7.218045981118314e-05,fraction_reads,0.0,2,2
Centrifuge,unified,Centrifuge_unified,ZymoMockD6331,ZymoMockD6331,pacbio,SRR13128013,747,747,                  Pasteurella multocida,Pasteurella multocida,species,0.0013714287364124797,fraction_reads,0.0,38,2
Centrifuge,unified,Centrifuge_unified,ZymoMockD6331,ZymoMockD6331,pacbio,SRR13128013,753,753,                  Pasteurella canis,Pasteurella canis,species,7.218045981118314e-05,fraction_reads,0.0,2,2
Centrifuge,unified,Centrifuge_unified,ZymoMockD6331,ZymoMockD6331,pacbio,SRR13128013,75985,75985,                  Mannheimia haemolytica,Mannheimia haemolytica,species,0.0006135339083950566,fraction_reads,0.0,17,17
Centrifuge,unified,Centrifuge_unified,ZymoMockD6331,ZymoMockD6331,pacbio,SRR13128013,85402,85402,                  Mannheimia granulomatis,Mannheimia granulomatis,species,3.609022990559157e-05,fraction_reads,0.0,1,1
Centrifuge,unified,Centrifuge_unified,ZymoMockD6331,ZymoMockD6331,pacbio,SRR13128013,2770636,2770636,                  Mannheimia bovis,Mannheimia bovis,species,3.609022990559157e-05,fraction_reads,0.0,1,1
Centrifuge,unified,Centrifuge_unified,ZymoMockD6331,ZymoMockD6331,pacbio,SRR13128013,728,728,                  Avibacterium paragallinarum,Avibacterium paragallinarum,species,0.00025263160933914095,fraction_reads,0.0,7,7
Centrifuge,unified,Centrifuge_unified,ZymoMockD6331,ZymoMockD6331,pacbio,SRR13128013,715,715,                  Actinobacillus pleuropneumoniae,Actinobacillus pleuropneumoniae,species,0.0002165413794335494,fraction_reads,0.0,6,6
Centrifuge,unified,Centrifuge_unified,ZymoMockD6331,ZymoMockD6331,pacbio,SRR13128013,714,714,                  Aggregatibacter actinomycetemcomitans,Aggregatibacter actinomycetemcomitans,species,0.00014436091962236627,fraction_reads,0.0,4,4
Centrifuge,unified,Centrifuge_unified,ZymoMockD6331,ZymoMockD6331,pacbio,SRR13128013,738,738,                  Glaesserella parasuis,Glaesserella parasuis,species,0.00014436091962236627,fraction_reads,0.0,4,1
Centrifuge,unified,Centrifuge_unified,ZymoMockD6331,ZymoMockD6331,pacbio,SRR13128013,265883,265883,                  Hydrogenovibrio thermophilus,Hydrogenovibrio thermophilus,species,0.00808421149885251,fraction_reads,0.01,224,224
Centrifuge,unified,Centrifuge_unified,ZymoMockD6331,ZymoMockD6331,pacbio,SRR13128013,1238,1238,                  Piscirickettsia salmonis,Piscirickettsia salmonis,species,0.0007218045981118314,fraction_reads,0.0,20,17
Centrifuge,unified,Centrifuge_unified,ZymoMockD6331,ZymoMockD6331,pacbio,SRR13128013,45495,45495,                  Methylophaga marina,Methylophaga marina,species,0.0002165413794335494,fraction_reads,0.0,6,6
Centrifuge,unified,Centrifuge_unified,ZymoMockD6331,ZymoMockD6331,pacbio,SRR13128013,2211106,2211106,                  Thiomicrorhabdus aquaedulcis,Thiomicrorhabdus aquaedulcis,species,0.00018045114952795784,fraction_reads,0.0,5,5
Centrifuge,unified,Centrifuge_unified,ZymoMockD6331,ZymoMockD6331,pacbio,SRR13128013,525917,525917,                  Thiothrix lacustris,Thiothrix lacustris,species,0.0004330827588670988,fraction_reads,0.0,12,12
Centrifuge,unified,Centrifuge_unified,ZymoMockD6331,ZymoMockD6331,pacbio,SRR13128013,263,263,                  Francisella tularensis,Francisella tularensis,species,0.00014436091962236627,fraction_reads,0.0,4,0
Centrifuge,unified,Centrifuge_unified,ZymoMockD6331,ZymoMockD6331,pacbio,SRR13128013,299583,299583,                  Francisella orientalis,Francisella orientalis,species,7.218045981118314e-05,fraction_reads,0.0,2,2
Centrifuge,unified,Centrifuge_unified,ZymoMockD6331,ZymoMockD6331,pacbio,SRR13128013,450,450,                  Legionella longbeachae,Legionella longbeachae,species,0.0007218045981118314,fraction_reads,0.0,20,20
Centrifuge,unified,Centrifuge_unified,ZymoMockD6331,ZymoMockD6331,pacbio,SRR13128013,446,446,                  Legionella pneumophila,Legionella pneumophila,species,0.0004330827588670988,fraction_reads,0.0,12,6
Centrifuge,unified,Centrifuge_unified,ZymoMockD6331,ZymoMockD6331,pacbio,SRR13128013,449,449,                  Legionella hackeliae,Legionella hackeliae,species,3.609022990559157e-05,fraction_reads,0.0,1,1
Centrifuge,unified,Centrifuge_unified,ZymoMockD6331,ZymoMockD6331,pacbio,SRR13128013,454,454,                  Legionella israelensis,Legionella israelensis,species,3.609022990559157e-05,fraction_reads,0.0,1,1
Centrifuge,unified,Centrifuge_unified,ZymoMockD6331,ZymoMockD6331,pacbio,SRR13128013,777,777,                  Coxiella burnetii,Coxiella burnetii,species,0.0007218045981118314,fraction_reads,0.0,20,20
Centrifuge,unified,Centrifuge_unified,ZymoMockD6331,ZymoMockD6331,pacbio,SRR13128013,2731756,2731756,                  Teredinibacter purpureus,Teredinibacter purpureus,species,0.001082706897167747,fraction_reads,0.0,30,30
Centrifuge,unified,Centrifuge_unified,ZymoMockD6331,ZymoMockD6331,pacbio,SRR13128013,155077,155077,                  Cellvibrio japonicus,Cellvibrio japonicus,species,0.0003969925289615073,fraction_reads,0.0,11,11
Centrifuge,unified,Centrifuge_unified,ZymoMockD6331,ZymoMockD6331,pacbio,SRR13128013,1435348,1435348,                  Simiduia litorea,Simiduia litorea,species,3.609022990559157e-05,fraction_reads,0.0,1,1
Centrifuge,unified,Centrifuge_unified,ZymoMockD6331,ZymoMockD6331,pacbio,SRR13128013,1769779,1769779,                  Microbulbifer aggregans,Microbulbifer aggregans,species,0.0001082706897167747,fraction_reads,0.0,3,3
Centrifuge,unified,Centrifuge_unified,ZymoMockD6331,ZymoMockD6331,pacbio,SRR13128013,3081201,3081201,                  Congregibacter brevis,Congregibacter brevis,species,3.609022990559157e-05,fraction_reads,0.0,1,1
Centrifuge,unified,Centrifuge_unified,ZymoMockD6331,ZymoMockD6331,pacbio,SRR13128013,1470434,1470434,                  Zhongshania aliphaticivorans,Zhongshania aliphaticivorans,species,3.609022990559157e-05,fraction_reads,0.0,1,1
Centrifuge,unified,Centrifuge_unified,ZymoMockD6331,ZymoMockD6331,pacbio,SRR13128013,3139307,3139307,                    Methylomonas sp. HYX-M1,Methylomonas sp. HYX-M1,species,0.0005413534485838734,fraction_reads,0.0,15,15
Centrifuge,unified,Centrifuge_unified,ZymoMockD6331,ZymoMockD6331,pacbio,SRR13128013,1808979,1808979,                  Candidatus Methylospira mobilis,Candidatus Methylospira mobilis,species,0.0002165413794335494,fraction_reads,0.0,6,6
Centrifuge,unified,Centrifuge_unified,ZymoMockD6331,ZymoMockD6331,pacbio,SRR13128013,271065,271065,                  Methylotuvimicrobium alcaliphilum,Methylotuvimicrobium alcaliphilum,species,0.0002165413794335494,fraction_reads,0.0,6,0
Centrifuge,unified,Centrifuge_unified,ZymoMockD6331,ZymoMockD6331,pacbio,SRR13128013,39775,39775,                  Methylomicrobium album,Methylomicrobium album,species,0.0001082706897167747,fraction_reads,0.0,3,0
Centrifuge,unified,Centrifuge_unified,ZymoMockD6331,ZymoMockD6331,pacbio,SRR13128013,1346287,1346287,                    Halomonas sp. A3H3,Halomonas sp. A3H3,species,3.609022990559157e-05,fraction_reads,0.0,1,1
Centrifuge,unified,Centrifuge_unified,ZymoMockD6331,ZymoMockD6331,pacbio,SRR13128013,1761789,1761789,                    Halomonas sp. hl-4,Halomonas sp. hl-4,species,3.609022990559157e-05,fraction_reads,0.0,1,1
Centrifuge,unified,Centrifuge_unified,ZymoMockD6331,ZymoMockD6331,pacbio,SRR13128013,2992143,2992143,                    Halomonas sp. BDJS001,Halomonas sp. BDJS001,species,3.609022990559157e-05,fraction_reads,0.0,1,1
Centrifuge,unified,Centrifuge_unified,ZymoMockD6331,ZymoMockD6331,pacbio,SRR13128013,3031727,3031727,                  Halomonas piscis,Halomonas piscis,species,7.218045981118314e-05,fraction_reads,0.0,2,2
Centrifuge,unified,Centrifuge_unified,ZymoMockD6331,ZymoMockD6331,pacbio,SRR13128013,3394854,3394854,                      Zymobacter sp. IVIA_12111.31 C1,Zymobacter sp. IVIA_12111.31 C1,species,3.609022990559157e-05,fraction_reads,0.0,1,1
Centrifuge,unified,Centrifuge_unified,ZymoMockD6331,ZymoMockD6331,pacbio,SRR13128013,376489,376489,                  Halotalea alkalilenta,Halotalea alkalilenta,species,3.609022990559157e-05,fraction_reads,0.0,1,1
Centrifuge,unified,Centrifuge_unified,ZymoMockD6331,ZymoMockD6331,pacbio,SRR13128013,3126101,3126101,                    Vreelandella sp. SM1641,Vreelandella sp. SM1641,species,3.609022990559157e-05,fraction_reads,0.0,1,1
Centrifuge,unified,Centrifuge_unified,ZymoMockD6331,ZymoMockD6331,pacbio,SRR13128013,1094342,1094342,                  Alloalcanivorax xenomutans,Alloalcanivorax xenomutans,species,0.00025263160933914095,fraction_reads,0.0,7,7
Centrifuge,unified,Centrifuge_unified,ZymoMockD6331,ZymoMockD6331,pacbio,SRR13128013,651666,651666,                  Neptuniibacter halophilus,Neptuniibacter halophilus,species,7.218045981118314e-05,fraction_reads,0.0,2,2
Centrifuge,unified,Centrifuge_unified,ZymoMockD6331,ZymoMockD6331,pacbio,SRR13128013,3398213,3398213,                    Neptuniibacter sp. QD57_21,Neptuniibacter sp. QD57_21,species,3.609022990559157e-05,fraction_reads,0.0,1,1
Centrifuge,unified,Centrifuge_unified,ZymoMockD6331,ZymoMockD6331,pacbio,SRR13128013,491950,491950,                  Marinomonas foliarum,Marinomonas foliarum,species,7.218045981118314e-05,fraction_reads,0.0,2,2
Centrifuge,unified,Centrifuge_unified,ZymoMockD6331,ZymoMockD6331,pacbio,SRR13128013,1144748,1144748,                  Kangiella sediminilitoris,Kangiella sediminilitoris,species,0.00014436091962236627,fraction_reads,0.0,4,4
Centrifuge,unified,Centrifuge_unified,ZymoMockD6331,ZymoMockD6331,pacbio,SRR13128013,412034,412034,                  Celerinatantimonas diazotrophica,Celerinatantimonas diazotrophica,species,7.218045981118314e-05,fraction_reads,0.0,2,2
Centrifuge,unified,Centrifuge_unified,ZymoMockD6331,ZymoMockD6331,pacbio,SRR13128013,186490,186490,                Candidatus Palibaumannia cicadellinicola,Candidatus Palibaumannia cicadellinicola,species,3.609022990559157e-05,fraction_reads,0.0,1,1
Centrifuge,unified,Centrifuge_unified,ZymoMockD6331,ZymoMockD6331,pacbio,SRR13128013,133539,133539,                  Nitrosococcus halophilus,Nitrosococcus halophilus,species,3.609022990559157e-05,fraction_reads,0.0,1,0
Centrifuge,unified,Centrifuge_unified,ZymoMockD6331,ZymoMockD6331,pacbio,SRR13128013,3065865,3065865,                  Candidatus Thiodiazotropha sp. CDECU1,Candidatus Thiodiazotropha sp. CDECU1,species,3.609022990559157e-05,fraction_reads,0.0,1,1
Centrifuge,unified,Centrifuge_unified,ZymoMockD6331,ZymoMockD6331,pacbio,SRR13128013,3025670,3025670,                    Novosphingobium sp. KACC 22771,Novosphingobium sp. KACC 22771,species,9.649697401467357,fraction_reads,9.65,267377,267377
Centrifuge,unified,Centrifuge_unified,ZymoMockD6331,ZymoMockD6331,pacbio,SRR13128013,2571749,2571749,                    Novosphingobium sp. EMRT-2,Novosphingobium sp. EMRT-2,species,3.609022990559157e-05,fraction_reads,0.0,1,1
Centrifuge,unified,Centrifuge_unified,ZymoMockD6331,ZymoMockD6331,pacbio,SRR13128013,3127640,3127640,                    Novosphingobium sp. BL-8H,Novosphingobium sp. BL-8H,species,3.609022990559157e-05,fraction_reads,0.0,1,1
Centrifuge,unified,Centrifuge_unified,ZymoMockD6331,ZymoMockD6331,pacbio,SRR13128013,158500,158500,                  Novosphingobium resinovorum,Novosphingobium resinovorum,species,3.609022990559157e-05,fraction_reads,0.0,1,1
Centrifuge,unified,Centrifuge_unified,ZymoMockD6331,ZymoMockD6331,pacbio,SRR13128013,13689,13689,                  Sphingomonas paucimobilis,Sphingomonas paucimobilis,species,0.0011548873569789302,fraction_reads,0.0,32,32
Centrifuge,unified,Centrifuge_unified,ZymoMockD6331,ZymoMockD6331,pacbio,SRR13128013,28213,28213,                  Sphingomonas parapaucimobilis,Sphingomonas parapaucimobilis,species,3.609022990559157e-05,fraction_reads,0.0,1,1
Centrifuge,unified,Centrifuge_unified,ZymoMockD6331,ZymoMockD6331,pacbio,SRR13128013,2698679,2698679,                  Sphingomonas changnyeongensis,Sphingomonas changnyeongensis,species,3.609022990559157e-05,fraction_reads,0.0,1,1
Centrifuge,unified,Centrifuge_unified,ZymoMockD6331,ZymoMockD6331,pacbio,SRR13128013,520734,520734,                    Sphingobium sp. RSMS,Sphingobium sp. RSMS,species,0.00028872183924473255,fraction_reads,0.0,8,8
Centrifuge,unified,Centrifuge_unified,ZymoMockD6331,ZymoMockD6331,pacbio,SRR13128013,2878545,2878545,                    Sphingobium sp. CFD-1,Sphingobium sp. CFD-1,species,0.0001082706897167747,fraction_reads,0.0,3,3
Centrifuge,unified,Centrifuge_unified,ZymoMockD6331,ZymoMockD6331,pacbio,SRR13128013,2072936,2072936,                    Sphingobium sp. SCG-1,Sphingobium sp. SCG-1,species,3.609022990559157e-05,fraction_reads,0.0,1,1
Centrifuge,unified,Centrifuge_unified,ZymoMockD6331,ZymoMockD6331,pacbio,SRR13128013,2905832,2905832,                    Sphingobium sp. TA15,Sphingobium sp. TA15,species,3.609022990559157e-05,fraction_reads,0.0,1,1
Centrifuge,unified,Centrifuge_unified,ZymoMockD6331,ZymoMockD6331,pacbio,SRR13128013,121428,121428,                  Sphingobium xenophagum,Sphingobium xenophagum,species,3.609022990559157e-05,fraction_reads,0.0,1,1
Centrifuge,unified,Centrifuge_unified,ZymoMockD6331,ZymoMockD6331,pacbio,SRR13128013,1550728,1550728,                  Blastomonas fulva,Blastomonas fulva,species,3.609022990559157e-05,fraction_reads,0.0,1,1
Centrifuge,unified,Centrifuge_unified,ZymoMockD6331,ZymoMockD6331,pacbio,SRR13128013,1842535,1842535,                    Blastomonas sp. RAC04,Blastomonas sp. RAC04,species,3.609022990559157e-05,fraction_reads,0.0,1,1
Centrifuge,unified,Centrifuge_unified,ZymoMockD6331,ZymoMockD6331,pacbio,SRR13128013,267128,267128,                  Sphingopyxis granuli,Sphingopyxis granuli,species,7.218045981118314e-05,fraction_reads,0.0,2,2
Centrifuge,unified,Centrifuge_unified,ZymoMockD6331,ZymoMockD6331,pacbio,SRR13128013,2584094,2584094,                    Sphingorhabdus sp. SMR4y,Sphingorhabdus sp. SMR4y,species,3.609022990559157e-05,fraction_reads,0.0,1,1
Centrifuge,unified,Centrifuge_unified,ZymoMockD6331,ZymoMockD6331,pacbio,SRR13128013,2711215,2711215,                  Sphingosinithalassobacter tenebrarum,Sphingosinithalassobacter tenebrarum,species,3.609022990559157e-05,fraction_reads,0.0,1,1
Centrifuge,unified,Centrifuge_unified,ZymoMockD6331,ZymoMockD6331,pacbio,SRR13128013,1348774,1348774,                  Croceicoccus naphthovorans,Croceicoccus naphthovorans,species,0.0005774436784894651,fraction_reads,0.0,16,16
Centrifuge,unified,Centrifuge_unified,ZymoMockD6331,ZymoMockD6331,pacbio,SRR13128013,450378,450378,                  Croceicoccus marinus,Croceicoccus marinus,species,3.609022990559157e-05,fraction_reads,0.0,1,1
Centrifuge,unified,Centrifuge_unified,ZymoMockD6331,ZymoMockD6331,pacbio,SRR13128013,2011159,2011159,                      Erythrobacter sp. KY5,Erythrobacter sp. KY5,species,0.0004330827588670988,fraction_reads,0.0,12,12
Centrifuge,unified,Centrifuge_unified,ZymoMockD6331,ZymoMockD6331,pacbio,SRR13128013,1922225,1922225,                      Erythrobacter sp. Alg231-14,Erythrobacter sp. Alg231-14,species,3.609022990559157e-05,fraction_reads,0.0,1,1
Centrifuge,unified,Centrifuge_unified,ZymoMockD6331,ZymoMockD6331,pacbio,SRR13128013,2547601,2547601,                      Porphyrobacter sp. YT40,Porphyrobacter sp. YT40,species,0.0001082706897167747,fraction_reads,0.0,3,3
Centrifuge,unified,Centrifuge_unified,ZymoMockD6331,ZymoMockD6331,pacbio,SRR13128013,502682,502682,                  Aurantiacibacter gangjinensis,Aurantiacibacter gangjinensis,species,0.0004691729887726904,fraction_reads,0.0,13,13
Centrifuge,unified,Centrifuge_unified,ZymoMockD6331,ZymoMockD6331,pacbio,SRR13128013,3113984,3113984,                    Qipengyuania sp. HL-TH1,Qipengyuania sp. HL-TH1,species,0.00028872183924473255,fraction_reads,0.0,8,8
Centrifuge,unified,Centrifuge_unified,ZymoMockD6331,ZymoMockD6331,pacbio,SRR13128013,543877,543877,                  Pelagerythrobacter marensis,Pelagerythrobacter marensis,species,0.00014436091962236627,fraction_reads,0.0,4,4
Centrifuge,unified,Centrifuge_unified,ZymoMockD6331,ZymoMockD6331,pacbio,SRR13128013,1267766,1267766,                  Croceibacterium atlanticum,Croceibacterium atlanticum,species,3.609022990559157e-05,fraction_reads,0.0,1,1
Centrifuge,unified,Centrifuge_unified,ZymoMockD6331,ZymoMockD6331,pacbio,SRR13128013,2835787,2835787,                  Polymorphobacter megasporae,Polymorphobacter megasporae,species,7.218045981118314e-05,fraction_reads,0.0,2,2
Centrifuge,unified,Centrifuge_unified,ZymoMockD6331,ZymoMockD6331,pacbio,SRR13128013,542,542,                  Zymomonas mobilis,Zymomonas mobilis,species,3.609022990559157e-05,fraction_reads,0.0,1,0
Centrifuge,unified,Centrifuge_unified,ZymoMockD6331,ZymoMockD6331,pacbio,SRR13128013,235,235,                    Brucella abortus,Brucella abortus,species,0.08026467131003565,fraction_reads,0.08,2224,2224
Centrifuge,unified,Centrifuge_unified,ZymoMockD6331,ZymoMockD6331,pacbio,SRR13128013,29459,29459,                    Brucella melitensis,Brucella melitensis,species,0.011476693109978118,fraction_reads,0.01,318,316
Centrifuge,unified,Centrifuge_unified,ZymoMockD6331,ZymoMockD6331,pacbio,SRR13128013,2975052,2975052,                      Brucella sp. 2716,Brucella sp. 2716,species,0.0009383459775453808,fraction_reads,0.0,26,26
Centrifuge,unified,Centrifuge_unified,ZymoMockD6331,ZymoMockD6331,pacbio,SRR13128013,2942452,2942452,                      Brucella sp. bbatCR03,Brucella sp. bbatCR03,species,0.0005052632186782819,fraction_reads,0.0,14,14
Centrifuge,unified,Centrifuge_unified,ZymoMockD6331,ZymoMockD6331,pacbio,SRR13128013,2975050,2975050,                      Brucella sp. 1315,Brucella sp. 1315,species,0.0003969925289615073,fraction_reads,0.0,11,11
Centrifuge,unified,Centrifuge_unified,ZymoMockD6331,ZymoMockD6331,pacbio,SRR13128013,2769351,2769351,                      Brucella sp. 6810,Brucella sp. 6810,species,0.00014436091962236627,fraction_reads,0.0,4,4
Centrifuge,unified,Centrifuge_unified,ZymoMockD6331,ZymoMockD6331,pacbio,SRR13128013,29461,29461,                    Brucella suis,Brucella suis,species,0.0001082706897167747,fraction_reads,0.0,3,3
Centrifuge,unified,Centrifuge_unified,ZymoMockD6331,ZymoMockD6331,pacbio,SRR13128013,529,529,                    Brucella anthropi,Brucella anthropi,species,7.218045981118314e-05,fraction_reads,0.0,2,2
Centrifuge,unified,Centrifuge_unified,ZymoMockD6331,ZymoMockD6331,pacbio,SRR13128013,36855,36855,                    Brucella canis,Brucella canis,species,3.609022990559157e-05,fraction_reads,0.0,1,1
Centrifuge,unified,Centrifuge_unified,ZymoMockD6331,ZymoMockD6331,pacbio,SRR13128013,227605,227605,                  Methylocella tundrae,Methylocella tundrae,species,0.035548876457007696,fraction_reads,0.04,985,985
Centrifuge,unified,Centrifuge_unified,ZymoMockD6331,ZymoMockD6331,pacbio,SRR13128013,2293567,2293567,                    Methylovirgula sp. 4M-Z18,Methylovirgula sp. 4M-Z18,species,7.218045981118314e-05,fraction_reads,0.0,2,2
Centrifuge,unified,Centrifuge_unified,ZymoMockD6331,ZymoMockD6331,pacbio,SRR13128013,3389872,3389872,                      Rhizobium sp. ZK1,Rhizobium sp. ZK1,species,0.0005052632186782819,fraction_reads,0.0,14,14
Centrifuge,unified,Centrifuge_unified,ZymoMockD6331,ZymoMockD6331,pacbio,SRR13128013,555321,555321,                      Rhizobium sp. T1473,Rhizobium sp. T1473,species,0.0002165413794335494,fraction_reads,0.0,6,6
Centrifuge,unified,Centrifuge_unified,ZymoMockD6331,ZymoMockD6331,pacbio,SRR13128013,3138255,3138255,                      Rhizobium sp. CB3060,Rhizobium sp. CB3060,species,0.0002165413794335494,fraction_reads,0.0,6,6
Centrifuge,unified,Centrifuge_unified,ZymoMockD6331,ZymoMockD6331,pacbio,SRR13128013,3045156,3045156,                      Rhizobium sp. BT03,Rhizobium sp. BT03,species,0.00018045114952795784,fraction_reads,0.0,5,5
Centrifuge,unified,Centrifuge_unified,ZymoMockD6331,ZymoMockD6331,pacbio,SRR13128013,2815360,2815360,                      Rhizobium sp. X9,Rhizobium sp. X9,species,0.00014436091962236627,fraction_reads,0.0,4,4
Centrifuge,unified,Centrifuge_unified,ZymoMockD6331,ZymoMockD6331,pacbio,SRR13128013,2048897,2048897,                      Rhizobium sp. NXC24,Rhizobium sp. NXC24,species,0.0001082706897167747,fraction_reads,0.0,3,3
Centrifuge,unified,Centrifuge_unified,ZymoMockD6331,ZymoMockD6331,pacbio,SRR13128013,2795216,2795216,                      Rhizobium sp. AB2/73,Rhizobium sp. AB2/73,species,0.0001082706897167747,fraction_reads,0.0,3,3
Centrifuge,unified,Centrifuge_unified,ZymoMockD6331,ZymoMockD6331,pacbio,SRR13128013,2731112,2731112,                      Rhizobium sp. NLR16a,Rhizobium sp. NLR16a,species,3.609022990559157e-05,fraction_reads,0.0,1,1
Centrifuge,unified,Centrifuge_unified,ZymoMockD6331,ZymoMockD6331,pacbio,SRR13128013,3045157,3045157,                      Rhizobium sp. BT04,Rhizobium sp. BT04,species,3.609022990559157e-05,fraction_reads,0.0,1,1
Centrifuge,unified,Centrifuge_unified,ZymoMockD6331,ZymoMockD6331,pacbio,SRR13128013,29449,29449,                    Rhizobium etli,Rhizobium etli,species,0.0006496241383006482,fraction_reads,0.0,18,0
Centrifuge,unified,Centrifuge_unified,ZymoMockD6331,ZymoMockD6331,pacbio,SRR13128013,384,384,                    Rhizobium leguminosarum,Rhizobium leguminosarum,species,0.0006135339083950566,fraction_reads,0.0,17,17
Centrifuge,unified,Centrifuge_unified,ZymoMockD6331,ZymoMockD6331,pacbio,SRR13128013,359,359,                    Rhizobium rhizogenes,Rhizobium rhizogenes,species,0.0003248120691503241,fraction_reads,0.0,9,9
Centrifuge,unified,Centrifuge_unified,ZymoMockD6331,ZymoMockD6331,pacbio,SRR13128013,3019934,3019934,                    Rhizobium beringeri,Rhizobium beringeri,species,7.218045981118314e-05,fraction_reads,0.0,2,2
Centrifuge,unified,Centrifuge_unified,ZymoMockD6331,ZymoMockD6331,pacbio,SRR13128013,1368430,1368430,                    Rhizobium rosettiformans,Rhizobium rosettiformans,species,3.609022990559157e-05,fraction_reads,0.0,1,1
Centrifuge,unified,Centrifuge_unified,ZymoMockD6331,ZymoMockD6331,pacbio,SRR13128013,2081791,2081791,                    Rhizobium ruizarguesonis,Rhizobium ruizarguesonis,species,3.609022990559157e-05,fraction_reads,0.0,1,1
Centrifuge,unified,Centrifuge_unified,ZymoMockD6331,ZymoMockD6331,pacbio,SRR13128013,1183400,1183400,                    Agrobacterium tumefaciens complex,Agrobacterium tumefaciens complex,species,0.001912782184996353,fraction_reads,0.0,53,0
Centrifuge,unified,Centrifuge_unified,ZymoMockD6331,ZymoMockD6331,pacbio,SRR13128013,358,358,                      Agrobacterium tumefaciens,Agrobacterium tumefaciens,species,0.0015879701158460291,fraction_reads,0.0,44,44
Centrifuge,unified,Centrifuge_unified,ZymoMockD6331,ZymoMockD6331,pacbio,SRR13128013,1176649,1176649,                      Agrobacterium fabrum,Agrobacterium fabrum,species,0.00025263160933914095,fraction_reads,0.0,7,7
Centrifuge,unified,Centrifuge_unified,ZymoMockD6331,ZymoMockD6331,pacbio,SRR13128013,362,362,                      Agrobacterium radiobacter,Agrobacterium radiobacter,species,7.218045981118314e-05,fraction_reads,0.0,2,2
Centrifuge,unified,Centrifuge_unified,ZymoMockD6331,ZymoMockD6331,pacbio,SRR13128013,373,373,                    Agrobacterium vitis,Agrobacterium vitis,species,0.0004330827588670988,fraction_reads,0.0,12,12
Centrifuge,unified,Centrifuge_unified,ZymoMockD6331,ZymoMockD6331,pacbio,SRR13128013,2792015,2792015,                    Agrobacterium leguminum,Agrobacterium leguminum,species,0.0003248120691503241,fraction_reads,0.0,9,9
Centrifuge,unified,Centrifuge_unified,ZymoMockD6331,ZymoMockD6331,pacbio,SRR13128013,648995,648995,                    Agrobacterium pusense,Agrobacterium pusense,species,0.0002165413794335494,fraction_reads,0.0,6,6
Centrifuge,unified,Centrifuge_unified,ZymoMockD6331,ZymoMockD6331,pacbio,SRR13128013,2735528,2735528,                    Agrobacterium vaccinii,Agrobacterium vaccinii,species,0.00018045114952795784,fraction_reads,0.0,5,5
Centrifuge,unified,Centrifuge_unified,ZymoMockD6331,ZymoMockD6331,pacbio,SRR13128013,28099,28099,                    Agrobacterium rubi,Agrobacterium rubi,species,3.609022990559157e-05,fraction_reads,0.0,1,1
Centrifuge,unified,Centrifuge_unified,ZymoMockD6331,ZymoMockD6331,pacbio,SRR13128013,2862866,2862866,                    Agrobacterium cucumeris,Agrobacterium cucumeris,species,3.609022990559157e-05,fraction_reads,0.0,1,1
Centrifuge,unified,Centrifuge_unified,ZymoMockD6331,ZymoMockD6331,pacbio,SRR13128013,379684,379684,                    Allorhizobium pseudoryzae,Allorhizobium pseudoryzae,species,0.0008661655177341976,fraction_reads,0.0,24,24
Centrifuge,unified,Centrifuge_unified,ZymoMockD6331,ZymoMockD6331,pacbio,SRR13128013,399,399,                    Neorhizobium galegae,Neorhizobium galegae,species,0.00028872183924473255,fraction_reads,0.0,8,0
Centrifuge,unified,Centrifuge_unified,ZymoMockD6331,ZymoMockD6331,pacbio,SRR13128013,1395951,1395951,                    Pararhizobium gei,Pararhizobium gei,species,0.00014436091962236627,fraction_reads,0.0,4,4
Centrifuge,unified,Centrifuge_unified,ZymoMockD6331,ZymoMockD6331,pacbio,SRR13128013,663276,663276,                    Sinorhizobium fredii group,Sinorhizobium fredii group,species,0.0027789477027305508,fraction_reads,0.0,77,0
Centrifuge,unified,Centrifuge_unified,ZymoMockD6331,ZymoMockD6331,pacbio,SRR13128013,380,380,                      Sinorhizobium fredii,Sinorhizobium fredii,species,0.0027789477027305508,fraction_reads,0.0,77,72
Centrifuge,unified,Centrifuge_unified,ZymoMockD6331,ZymoMockD6331,pacbio,SRR13128013,382,382,                    Sinorhizobium meliloti,Sinorhizobium meliloti,species,0.0018766919550907617,fraction_reads,0.0,52,7
Centrifuge,unified,Centrifuge_unified,ZymoMockD6331,ZymoMockD6331,pacbio,SRR13128013,110321,110321,                    Sinorhizobium medicae,Sinorhizobium medicae,species,0.0005413534485838734,fraction_reads,0.0,15,15
Centrifuge,unified,Centrifuge_unified,ZymoMockD6331,ZymoMockD6331,pacbio,SRR13128013,794846,794846,                      Sinorhizobium sp. CCBAU 05631,Sinorhizobium sp. CCBAU 05631,species,0.0001082706897167747,fraction_reads,0.0,3,3
Centrifuge,unified,Centrifuge_unified,ZymoMockD6331,ZymoMockD6331,pacbio,SRR13128013,2976821,2976821,                      Sinorhizobium sp. M103,Sinorhizobium sp. M103,species,3.609022990559157e-05,fraction_reads,0.0,1,1
Centrifuge,unified,Centrifuge_unified,ZymoMockD6331,ZymoMockD6331,pacbio,SRR13128013,352475,352475,                  Shinella zoogloeoides,Shinella zoogloeoides,species,0.004872181037254861,fraction_reads,0.0,135,135
Centrifuge,unified,Centrifuge_unified,ZymoMockD6331,ZymoMockD6331,pacbio,SRR13128013,879274,879274,                    Shinella sp. HZN7,Shinella sp. HZN7,species,3.609022990559157e-05,fraction_reads,0.0,1,1
Centrifuge,unified,Centrifuge_unified,ZymoMockD6331,ZymoMockD6331,pacbio,SRR13128013,2305987,2305987,                    Lentilitoribacter sp. Alg239-R112,Lentilitoribacter sp. Alg239-R112,species,0.0003609022990559157,fraction_reads,0.0,10,10
Centrifuge,unified,Centrifuge_unified,ZymoMockD6331,ZymoMockD6331,pacbio,SRR13128013,2267275,2267275,                  Bartonella krasnovii,Bartonella krasnovii,species,0.0016962408055628036,fraction_reads,0.0,47,47
Centrifuge,unified,Centrifuge_unified,ZymoMockD6331,ZymoMockD6331,pacbio,SRR13128013,803,803,                  Bartonella quintana,Bartonella quintana,species,0.0006135339083950566,fraction_reads,0.0,17,7
Centrifuge,unified,Centrifuge_unified,ZymoMockD6331,ZymoMockD6331,pacbio,SRR13128013,2133959,2133959,                  Bartonella kosoyi,Bartonella kosoyi,species,0.0003609022990559157,fraction_reads,0.0,10,10
Centrifuge,unified,Centrifuge_unified,ZymoMockD6331,ZymoMockD6331,pacbio,SRR13128013,38323,38323,                  Bartonella henselae,Bartonella henselae,species,0.00025263160933914095,fraction_reads,0.0,7,6
Centrifuge,unified,Centrifuge_unified,ZymoMockD6331,ZymoMockD6331,pacbio,SRR13128013,2759660,2759660,                    Bartonella sp. HY038,Bartonella sp. HY038,species,0.00014436091962236627,fraction_reads,0.0,4,4
Centrifuge,unified,Centrifuge_unified,ZymoMockD6331,ZymoMockD6331,pacbio,SRR13128013,2979331,2979331,                    Bartonella sp. HY406,Bartonella sp. HY406,species,3.609022990559157e-05,fraction_reads,0.0,1,1
Centrifuge,unified,Centrifuge_unified,ZymoMockD6331,ZymoMockD6331,pacbio,SRR13128013,3057550,3057550,                    Bartonella sp. TP,Bartonella sp. TP,species,3.609022990559157e-05,fraction_reads,0.0,1,1
Centrifuge,unified,Centrifuge_unified,ZymoMockD6331,ZymoMockD6331,pacbio,SRR13128013,33045,33045,                  Bartonella grahamii,Bartonella grahamii,species,0.00014436091962236627,fraction_reads,0.0,4,0
Centrifuge,unified,Centrifuge_unified,ZymoMockD6331,ZymoMockD6331,pacbio,SRR13128013,2782655,2782655,                    Bradyrhizobium sp. 187,Bradyrhizobium sp. 187,species,0.0003248120691503241,fraction_reads,0.0,9,9
Centrifuge,unified,Centrifuge_unified,ZymoMockD6331,ZymoMockD6331,pacbio,SRR13128013,578924,578924,                    Bradyrhizobium sp. STM 3562,Bradyrhizobium sp. STM 3562,species,0.0001082706897167747,fraction_reads,0.0,3,3
Centrifuge,unified,Centrifuge_unified,ZymoMockD6331,ZymoMockD6331,pacbio,SRR13128013,578928,578928,                    Bradyrhizobium sp. STM 3566,Bradyrhizobium sp. STM 3566,species,3.609022990559157e-05,fraction_reads,0.0,1,1
Centrifuge,unified,Centrifuge_unified,ZymoMockD6331,ZymoMockD6331,pacbio,SRR13128013,1355477,1355477,                  Bradyrhizobium diazoefficiens,Bradyrhizobium diazoefficiens,species,0.0003609022990559157,fraction_reads,0.0,10,10
Centrifuge,unified,Centrifuge_unified,ZymoMockD6331,ZymoMockD6331,pacbio,SRR13128013,244734,244734,                  Bradyrhizobium betae,Bradyrhizobium betae,species,7.218045981118314e-05,fraction_reads,0.0,2,2
Centrifuge,unified,Centrifuge_unified,ZymoMockD6331,ZymoMockD6331,pacbio,SRR13128013,375,375,                  Bradyrhizobium japonicum,Bradyrhizobium japonicum,species,3.609022990559157e-05,fraction_reads,0.0,1,1
Centrifuge,unified,Centrifuge_unified,ZymoMockD6331,ZymoMockD6331,pacbio,SRR13128013,1300039,1300039,                  Bradyrhizobium centrosematis,Bradyrhizobium centrosematis,species,3.609022990559157e-05,fraction_reads,0.0,1,1
Centrifuge,unified,Centrifuge_unified,ZymoMockD6331,ZymoMockD6331,pacbio,SRR13128013,2992140,2992140,                  Bradyrhizobium barranii,Bradyrhizobium barranii,species,3.609022990559157e-05,fraction_reads,0.0,1,0
Centrifuge,unified,Centrifuge_unified,ZymoMockD6331,ZymoMockD6331,pacbio,SRR13128013,708113,708113,                  Terrihabitans soli,Terrihabitans soli,species,0.0006857143682062398,fraction_reads,0.0,19,19
Centrifuge,unified,Centrifuge_unified,ZymoMockD6331,ZymoMockD6331,pacbio,SRR13128013,2712222,2712222,                    Nordella sp. HKS 07,Nordella sp. HKS 07,species,7.218045981118314e-05,fraction_reads,0.0,2,2
Centrifuge,unified,Centrifuge_unified,ZymoMockD6331,ZymoMockD6331,pacbio,SRR13128013,2709380,2709380,                    Starkeya sp. ORNL1,Starkeya sp. ORNL1,species,0.0004330827588670988,fraction_reads,0.0,12,12
Centrifuge,unified,Centrifuge_unified,ZymoMockD6331,ZymoMockD6331,pacbio,SRR13128013,2528964,2528964,                  Xanthobacter dioxanivorans,Xanthobacter dioxanivorans,species,0.0001082706897167747,fraction_reads,0.0,3,3
Centrifuge,unified,Centrifuge_unified,ZymoMockD6331,ZymoMockD6331,pacbio,SRR13128013,3039801,3039801,                    Ancylobacter sp. WKF20,Ancylobacter sp. WKF20,species,3.609022990559157e-05,fraction_reads,0.0,1,1
Centrifuge,unified,Centrifuge_unified,ZymoMockD6331,ZymoMockD6331,pacbio,SRR13128013,1882682,1882682,                  Microvirga ossetica,Microvirga ossetica,species,0.00025263160933914095,fraction_reads,0.0,7,7
Centrifuge,unified,Centrifuge_unified,ZymoMockD6331,ZymoMockD6331,pacbio,SRR13128013,864069,864069,                  Microvirga lotononidis,Microvirga lotononidis,species,3.609022990559157e-05,fraction_reads,0.0,1,1
Centrifuge,unified,Centrifuge_unified,ZymoMockD6331,ZymoMockD6331,pacbio,SRR13128013,570505,570505,                  Methylobacterium bullatum,Methylobacterium bullatum,species,7.218045981118314e-05,fraction_reads,0.0,2,2
Centrifuge,unified,Centrifuge_unified,ZymoMockD6331,ZymoMockD6331,pacbio,SRR13128013,2051553,2051553,                  Methylobacterium currus,Methylobacterium currus,species,3.609022990559157e-05,fraction_reads,0.0,1,1
Centrifuge,unified,Centrifuge_unified,ZymoMockD6331,ZymoMockD6331,pacbio,SRR13128013,2603276,2603276,                    Methylobacterium sp. WL1,Methylobacterium sp. WL1,species,3.609022990559157e-05,fraction_reads,0.0,1,1
Centrifuge,unified,Centrifuge_unified,ZymoMockD6331,ZymoMockD6331,pacbio,SRR13128013,3162530,3162530,                  Methyloraptor flagellatus,Methyloraptor flagellatus,species,0.00025263160933914095,fraction_reads,0.0,7,7
Centrifuge,unified,Centrifuge_unified,ZymoMockD6331,ZymoMockD6331,pacbio,SRR13128013,1867719,1867719,                  Phyllobacterium zundukense,Phyllobacterium zundukense,species,7.218045981118314e-05,fraction_reads,0.0,2,2
Centrifuge,unified,Centrifuge_unified,ZymoMockD6331,ZymoMockD6331,pacbio,SRR13128013,2718938,2718938,                    Phyllobacterium sp. 628,Phyllobacterium sp. 628,species,3.609022990559157e-05,fraction_reads,0.0,1,1
Centrifuge,unified,Centrifuge_unified,ZymoMockD6331,ZymoMockD6331,pacbio,SRR13128013,278153,278153,                    Mesorhizobium sp. WSM1497,Mesorhizobium sp. WSM1497,species,3.609022990559157e-05,fraction_reads,0.0,1,1
Centrifuge,unified,Centrifuge_unified,ZymoMockD6331,ZymoMockD6331,pacbio,SRR13128013,2483404,2483404,                    Mesorhizobium sp. NZP2077,Mesorhizobium sp. NZP2077,species,3.609022990559157e-05,fraction_reads,0.0,1,1
Centrifuge,unified,Centrifuge_unified,ZymoMockD6331,ZymoMockD6331,pacbio,SRR13128013,2654248,2654248,                    Mesorhizobium sp. INR15,Mesorhizobium sp. INR15,species,3.609022990559157e-05,fraction_reads,0.0,1,1
Centrifuge,unified,Centrifuge_unified,ZymoMockD6331,ZymoMockD6331,pacbio,SRR13128013,187304,187304,                  Roseibium aggregatum,Roseibium aggregatum,species,3.609022990559157e-05,fraction_reads,0.0,1,1
Centrifuge,unified,Centrifuge_unified,ZymoMockD6331,ZymoMockD6331,pacbio,SRR13128013,388408,388408,                  Roseibium alexandrii,Roseibium alexandrii,species,3.609022990559157e-05,fraction_reads,0.0,1,0
Centrifuge,unified,Centrifuge_unified,ZymoMockD6331,ZymoMockD6331,pacbio,SRR13128013,121719,121719,                  Pannonibacter phragmitetus,Pannonibacter phragmitetus,species,3.609022990559157e-05,fraction_reads,0.0,1,1
Centrifuge,unified,Centrifuge_unified,ZymoMockD6331,ZymoMockD6331,pacbio,SRR13128013,428,428,                  Methylosinus sporium,Methylosinus sporium,species,3.609022990559157e-05,fraction_reads,0.0,1,1
Centrifuge,unified,Centrifuge_unified,ZymoMockD6331,ZymoMockD6331,pacbio,SRR13128013,1002546,1002546,                    uncultured Cohaesibacter sp.,uncultured Cohaesibacter sp.,species,3.609022990559157e-05,fraction_reads,0.0,1,1
Centrifuge,unified,Centrifuge_unified,ZymoMockD6331,ZymoMockD6331,pacbio,SRR13128013,2928472,2928472,                    Acuticoccus sp. I52.16.1,Acuticoccus sp. I52.16.1,species,3.609022990559157e-05,fraction_reads,0.0,1,1
Centrifuge,unified,Centrifuge_unified,ZymoMockD6331,ZymoMockD6331,pacbio,SRR13128013,1922226,1922226,                    Anderseniella sp. Alg231-50,Anderseniella sp. Alg231-50,species,3.609022990559157e-05,fraction_reads,0.0,1,1
Centrifuge,unified,Centrifuge_unified,ZymoMockD6331,ZymoMockD6331,pacbio,SRR13128013,2969621,2969621,                    Bosea sp. NBC_00550,Bosea sp. NBC_00550,species,3.609022990559157e-05,fraction_reads,0.0,1,1
Centrifuge,unified,Centrifuge_unified,ZymoMockD6331,ZymoMockD6331,pacbio,SRR13128013,2930199,2930199,                  Leisingera thetidis,Leisingera thetidis,species,0.04338045634652106,fraction_reads,0.04,1202,1202
Centrifuge,unified,Centrifuge_unified,ZymoMockD6331,ZymoMockD6331,pacbio,SRR13128013,221822,221822,                  Phaeobacter inhibens,Phaeobacter inhibens,species,0.003320301151314424,fraction_reads,0.0,92,9
Centrifuge,unified,Centrifuge_unified,ZymoMockD6331,ZymoMockD6331,pacbio,SRR13128013,1844006,1844006,                  Phaeobacter porticola,Phaeobacter porticola,species,7.218045981118314e-05,fraction_reads,0.0,2,2
Centrifuge,unified,Centrifuge_unified,ZymoMockD6331,ZymoMockD6331,pacbio,SRR13128013,1775881,1775881,                  Sulfitobacter faviae,Sulfitobacter faviae,species,0.0005052632186782819,fraction_reads,0.0,14,14
Centrifuge,unified,Centrifuge_unified,ZymoMockD6331,ZymoMockD6331,pacbio,SRR13128013,60137,60137,                  Sulfitobacter pontiacus,Sulfitobacter pontiacus,species,0.0003248120691503241,fraction_reads,0.0,9,9
Centrifuge,unified,Centrifuge_unified,ZymoMockD6331,ZymoMockD6331,pacbio,SRR13128013,83219,83219,                  Sulfitobacter mediterraneus,Sulfitobacter mediterraneus,species,0.00018045114952795784,fraction_reads,0.0,5,5
Centrifuge,unified,Centrifuge_unified,ZymoMockD6331,ZymoMockD6331,pacbio,SRR13128013,1389005,1389005,                    Sulfitobacter sp. SK012,Sulfitobacter sp. SK012,species,3.609022990559157e-05,fraction_reads,0.0,1,1
Centrifuge,unified,Centrifuge_unified,ZymoMockD6331,ZymoMockD6331,pacbio,SRR13128013,2883127,2883127,                    Sulfitobacter sp. DSM 110093,Sulfitobacter sp. DSM 110093,species,3.609022990559157e-05,fraction_reads,0.0,1,1
Centrifuge,unified,Centrifuge_unified,ZymoMockD6331,ZymoMockD6331,pacbio,SRR13128013,92945,92945,                  Ketogulonicigenium vulgare,Ketogulonicigenium vulgare,species,0.0007218045981118314,fraction_reads,0.0,20,0
Centrifuge,unified,Centrifuge_unified,ZymoMockD6331,ZymoMockD6331,pacbio,SRR13128013,2588299,2588299,                    Roseivivax sp. THAF197b,Roseivivax sp. THAF197b,species,0.0002165413794335494,fraction_reads,0.0,6,6
Centrifuge,unified,Centrifuge_unified,ZymoMockD6331,ZymoMockD6331,pacbio,SRR13128013,2293862,2293862,                    Ruegeria sp. AD91A,Ruegeria sp. AD91A,species,0.00014436091962236627,fraction_reads,0.0,4,4
Centrifuge,unified,Centrifuge_unified,ZymoMockD6331,ZymoMockD6331,pacbio,SRR13128013,3079304,3079304,                    Palleronia sp. LCG004,Palleronia sp. LCG004,species,0.00014436091962236627,fraction_reads,0.0,4,4
Centrifuge,unified,Centrifuge_unified,ZymoMockD6331,ZymoMockD6331,pacbio,SRR13128013,1891787,1891787,                  Roseobacter ponti,Roseobacter ponti,species,0.0001082706897167747,fraction_reads,0.0,3,3
Centrifuge,unified,Centrifuge_unified,ZymoMockD6331,ZymoMockD6331,pacbio,SRR13128013,1250539,1250539,                  Salipiger abyssi,Salipiger abyssi,species,7.218045981118314e-05,fraction_reads,0.0,2,2
Centrifuge,unified,Centrifuge_unified,ZymoMockD6331,ZymoMockD6331,pacbio,SRR13128013,576131,576131,                  Lentibacter algarum,Lentibacter algarum,species,7.218045981118314e-05,fraction_reads,0.0,2,2
Centrifuge,unified,Centrifuge_unified,ZymoMockD6331,ZymoMockD6331,pacbio,SRR13128013,1402135,1402135,                  Pseudosulfitobacter pseudonitzschiae,Pseudosulfitobacter pseudonitzschiae,species,7.218045981118314e-05,fraction_reads,0.0,2,2
Centrifuge,unified,Centrifuge_unified,ZymoMockD6331,ZymoMockD6331,pacbio,SRR13128013,311180,311180,                  Alloyangia pacifica,Alloyangia pacifica,species,7.218045981118314e-05,fraction_reads,0.0,2,2
Centrifuge,unified,Centrifuge_unified,ZymoMockD6331,ZymoMockD6331,pacbio,SRR13128013,1943633,1943633,                  Ponticoccus alexandrii,Ponticoccus alexandrii,species,3.609022990559157e-05,fraction_reads,0.0,1,1
Centrifuge,unified,Centrifuge_unified,ZymoMockD6331,ZymoMockD6331,pacbio,SRR13128013,1579316,1579316,                  Falsihalocynthiibacter arcticus,Falsihalocynthiibacter arcticus,species,3.609022990559157e-05,fraction_reads,0.0,1,1
Centrifuge,unified,Centrifuge_unified,ZymoMockD6331,ZymoMockD6331,pacbio,SRR13128013,1263728,1263728,                    Paracoccus sp. TOH,Paracoccus sp. TOH,species,0.0025984965532025927,fraction_reads,0.0,72,72
Centrifuge,unified,Centrifuge_unified,ZymoMockD6331,ZymoMockD6331,pacbio,SRR13128013,3138066,3138066,                    Paracoccus sp. ME4,Paracoccus sp. ME4,species,3.609022990559157e-05,fraction_reads,0.0,1,1
Centrifuge,unified,Centrifuge_unified,ZymoMockD6331,ZymoMockD6331,pacbio,SRR13128013,59779,59779,                  Paracoccus marcusii,Paracoccus marcusii,species,0.0006496241383006482,fraction_reads,0.0,18,18
Centrifuge,unified,Centrifuge_unified,ZymoMockD6331,ZymoMockD6331,pacbio,SRR13128013,82367,82367,                  Paracoccus pantotrophus,Paracoccus pantotrophus,species,3.609022990559157e-05,fraction_reads,0.0,1,1
Centrifuge,unified,Centrifuge_unified,ZymoMockD6331,ZymoMockD6331,pacbio,SRR13128013,3387397,3387397,                    Rhodovulum sp. YEN HP10,Rhodovulum sp. YEN HP10,species,0.0009383459775453808,fraction_reads,0.0,26,26
Centrifuge,unified,Centrifuge_unified,ZymoMockD6331,ZymoMockD6331,pacbio,SRR13128013,379347,379347,                  Tritonibacter mobilis,Tritonibacter mobilis,species,0.0007218045981118314,fraction_reads,0.0,20,20
Centrifuge,unified,Centrifuge_unified,ZymoMockD6331,ZymoMockD6331,pacbio,SRR13128013,1915078,1915078,                  Thioclava nitratireducens,Thioclava nitratireducens,species,0.0001082706897167747,fraction_reads,0.0,3,3
Centrifuge,unified,Centrifuge_unified,ZymoMockD6331,ZymoMockD6331,pacbio,SRR13128013,3149044,3149044,                    Thioclava sp. 'Guangxiensis',Thioclava sp. 'Guangxiensis',species,0.0001082706897167747,fraction_reads,0.0,3,3
Centrifuge,unified,Centrifuge_unified,ZymoMockD6331,ZymoMockD6331,pacbio,SRR13128013,2579971,2579971,                  Paroceanicella profunda,Paroceanicella profunda,species,0.0001082706897167747,fraction_reads,0.0,3,3
Centrifuge,unified,Centrifuge_unified,ZymoMockD6331,ZymoMockD6331,pacbio,SRR13128013,245188,245188,                  Yoonia vestfoldensis,Yoonia vestfoldensis,species,7.218045981118314e-05,fraction_reads,0.0,2,2
Centrifuge,unified,Centrifuge_unified,ZymoMockD6331,ZymoMockD6331,pacbio,SRR13128013,195105,195105,                  Haematobacter massiliensis,Haematobacter massiliensis,species,3.609022990559157e-05,fraction_reads,0.0,1,1
Centrifuge,unified,Centrifuge_unified,ZymoMockD6331,ZymoMockD6331,pacbio,SRR13128013,2881234,2881234,                  Abyssibius alkaniclasticus,Abyssibius alkaniclasticus,species,3.609022990559157e-05,fraction_reads,0.0,1,1
Centrifuge,unified,Centrifuge_unified,ZymoMockD6331,ZymoMockD6331,pacbio,SRR13128013,2500548,2500548,                  Acetobacter oryzoeni,Acetobacter oryzoeni,species,0.03309474082342747,fraction_reads,0.03,917,917
Centrifuge,unified,Centrifuge_unified,ZymoMockD6331,ZymoMockD6331,pacbio,SRR13128013,438,438,                  Acetobacter pasteurianus,Acetobacter pasteurianus,species,7.218045981118314e-05,fraction_reads,0.0,2,0
Centrifuge,unified,Centrifuge_unified,ZymoMockD6331,ZymoMockD6331,pacbio,SRR13128013,431306,431306,                  Acetobacter ghanensis,Acetobacter ghanensis,species,3.609022990559157e-05,fraction_reads,0.0,1,1
Centrifuge,unified,Centrifuge_unified,ZymoMockD6331,ZymoMockD6331,pacbio,SRR13128013,2592655,2592655,                  Acetobacter vaccinii,Acetobacter vaccinii,species,3.609022990559157e-05,fraction_reads,0.0,1,1
Centrifuge,unified,Centrifuge_unified,ZymoMockD6331,ZymoMockD6331,pacbio,SRR13128013,3134142,3134142,                    Acetobacter sp. AC2005,Acetobacter sp. AC2005,species,3.609022990559157e-05,fraction_reads,0.0,1,1
Centrifuge,unified,Centrifuge_unified,ZymoMockD6331,ZymoMockD6331,pacbio,SRR13128013,28448,28448,                  Komagataeibacter xylinus,Komagataeibacter xylinus,species,0.0007939850579230146,fraction_reads,0.0,22,22
Centrifuge,unified,Centrifuge_unified,ZymoMockD6331,ZymoMockD6331,pacbio,SRR13128013,265960,265960,                  Komagataeibacter nataicola,Komagataeibacter nataicola,species,0.00028872183924473255,fraction_reads,0.0,8,8
Centrifuge,unified,Centrifuge_unified,ZymoMockD6331,ZymoMockD6331,pacbio,SRR13128013,65958,65958,                  Komagataeibacter oboediens,Komagataeibacter oboediens,species,0.00014436091962236627,fraction_reads,0.0,4,4
Centrifuge,unified,Centrifuge_unified,ZymoMockD6331,ZymoMockD6331,pacbio,SRR13128013,33995,33995,                  Komagataeibacter europaeus,Komagataeibacter europaeus,species,3.609022990559157e-05,fraction_reads,0.0,1,1
Centrifuge,unified,Centrifuge_unified,ZymoMockD6331,ZymoMockD6331,pacbio,SRR13128013,215221,215221,                  Komagataeibacter rhaeticus,Komagataeibacter rhaeticus,species,3.609022990559157e-05,fraction_reads,0.0,1,1
Centrifuge,unified,Centrifuge_unified,ZymoMockD6331,ZymoMockD6331,pacbio,SRR13128013,2697033,2697033,                  Aristophania vespae,Aristophania vespae,species,0.0005413534485838734,fraction_reads,0.0,15,15
Centrifuge,unified,Centrifuge_unified,ZymoMockD6331,ZymoMockD6331,pacbio,SRR13128013,2070537,2070537,                  Commensalibacter melissae,Commensalibacter melissae,species,0.0005052632186782819,fraction_reads,0.0,14,14
Centrifuge,unified,Centrifuge_unified,ZymoMockD6331,ZymoMockD6331,pacbio,SRR13128013,1484109,1484109,                  Lichenicola cladoniae,Lichenicola cladoniae,species,0.0004691729887726904,fraction_reads,0.0,13,13
Centrifuge,unified,Centrifuge_unified,ZymoMockD6331,ZymoMockD6331,pacbio,SRR13128013,442,442,                  Gluconobacter oxydans,Gluconobacter oxydans,species,0.00018045114952795784,fraction_reads,0.0,5,0
Centrifuge,unified,Centrifuge_unified,ZymoMockD6331,ZymoMockD6331,pacbio,SRR13128013,574987,574987,                  Gluconobacter sphaericus,Gluconobacter sphaericus,species,3.609022990559157e-05,fraction_reads,0.0,1,1
Centrifuge,unified,Centrifuge_unified,ZymoMockD6331,ZymoMockD6331,pacbio,SRR13128013,153496,153496,                  Kozakia baliensis,Kozakia baliensis,species,0.0001082706897167747,fraction_reads,0.0,3,3
Centrifuge,unified,Centrifuge_unified,ZymoMockD6331,ZymoMockD6331,pacbio,SRR13128013,1293412,1293412,                  Swingsia samuiensis,Swingsia samuiensis,species,3.609022990559157e-05,fraction_reads,0.0,1,1
Centrifuge,unified,Centrifuge_unified,ZymoMockD6331,ZymoMockD6331,pacbio,SRR13128013,2984322,2984322,                  Candidatus Kirkpatrickella diaphorinae,Candidatus Kirkpatrickella diaphorinae,species,3.609022990559157e-05,fraction_reads,0.0,1,1
Centrifuge,unified,Centrifuge_unified,ZymoMockD6331,ZymoMockD6331,pacbio,SRR13128013,2768162,2768162,                  Roseomonas haemaphysalidis,Roseomonas haemaphysalidis,species,0.00018045114952795784,fraction_reads,0.0,5,5
Centrifuge,unified,Centrifuge_unified,ZymoMockD6331,ZymoMockD6331,pacbio,SRR13128013,3133721,3133721,                    Sediminicoccus sp. KRV36,Sediminicoccus sp. KRV36,species,3.609022990559157e-05,fraction_reads,0.0,1,1
Centrifuge,unified,Centrifuge_unified,ZymoMockD6331,ZymoMockD6331,pacbio,SRR13128013,62140,62140,                  Acidiphilium multivorum,Acidiphilium multivorum,species,0.00014436091962236627,fraction_reads,0.0,4,4
Centrifuge,unified,Centrifuge_unified,ZymoMockD6331,ZymoMockD6331,pacbio,SRR13128013,588932,588932,                  Brevundimonas naejangsanensis,Brevundimonas naejangsanensis,species,0.0014796994261292544,fraction_reads,0.0,41,41
Centrifuge,unified,Centrifuge_unified,ZymoMockD6331,ZymoMockD6331,pacbio,SRR13128013,657642,657642,                  Brevundimonas olei,Brevundimonas olei,species,7.218045981118314e-05,fraction_reads,0.0,2,2
Centrifuge,unified,Centrifuge_unified,ZymoMockD6331,ZymoMockD6331,pacbio,SRR13128013,3132281,3132281,                    Brevundimonas sp. 3P6-tot-D,Brevundimonas sp. 3P6-tot-D,species,3.609022990559157e-05,fraction_reads,0.0,1,1
Centrifuge,unified,Centrifuge_unified,ZymoMockD6331,ZymoMockD6331,pacbio,SRR13128013,2774189,2774189,                  Brevundimonas pondensis,Brevundimonas pondensis,species,3.609022990559157e-05,fraction_reads,0.0,1,1
Centrifuge,unified,Centrifuge_unified,ZymoMockD6331,ZymoMockD6331,pacbio,SRR13128013,3015996,3015996,                    Caulobacter sp. NIBR2454,Caulobacter sp. NIBR2454,species,0.0004330827588670988,fraction_reads,0.0,12,12
Centrifuge,unified,Centrifuge_unified,ZymoMockD6331,ZymoMockD6331,pacbio,SRR13128013,1679497,1679497,                  Caulobacter flavus,Caulobacter flavus,species,0.0001082706897167747,fraction_reads,0.0,3,3
Centrifuge,unified,Centrifuge_unified,ZymoMockD6331,ZymoMockD6331,pacbio,SRR13128013,284016,284016,                  Phenylobacterium zucineum,Phenylobacterium zucineum,species,3.609022990559157e-05,fraction_reads,0.0,1,0
Centrifuge,unified,Centrifuge_unified,ZymoMockD6331,ZymoMockD6331,pacbio,SRR13128013,106178,106178,                  canis group,canis group,species,0.0012270678167901133,fraction_reads,0.0,34,0
Centrifuge,unified,Centrifuge_unified,ZymoMockD6331,ZymoMockD6331,pacbio,SRR13128013,779,779,                    Ehrlichia ruminantium,Ehrlichia ruminantium,species,0.0012270678167901133,fraction_reads,0.0,34,34
Centrifuge,unified,Centrifuge_unified,ZymoMockD6331,ZymoMockD6331,pacbio,SRR13128013,2883236,2883236,                      Wolbachia endosymbiont of Psylliodes chrysocephala,Wolbachia endosymbiont of Psylliodes chrysocephala,species,0.0003248120691503241,fraction_reads,0.0,9,9
Centrifuge,unified,Centrifuge_unified,ZymoMockD6331,ZymoMockD6331,pacbio,SRR13128013,955,955,                    Wolbachia pipientis,Wolbachia pipientis,species,3.609022990559157e-05,fraction_reads,0.0,1,1
Centrifuge,unified,Centrifuge_unified,ZymoMockD6331,ZymoMockD6331,pacbio,SRR13128013,2884482,2884482,                      Rickettsia endosymbiont of Ceutorhynchus assimilis,Rickettsia endosymbiont of Ceutorhynchus assimilis,species,0.00014436091962236627,fraction_reads,0.0,4,4
Centrifuge,unified,Centrifuge_unified,ZymoMockD6331,ZymoMockD6331,pacbio,SRR13128013,114277,114277,                    spotted fever group,spotted fever group,species,7.218045981118314e-05,fraction_reads,0.0,2,0
Centrifuge,unified,Centrifuge_unified,ZymoMockD6331,ZymoMockD6331,pacbio,SRR13128013,35788,35788,                      Rickettsia africae,Rickettsia africae,species,3.609022990559157e-05,fraction_reads,0.0,1,0
Centrifuge,unified,Centrifuge_unified,ZymoMockD6331,ZymoMockD6331,pacbio,SRR13128013,35789,35789,                      Rickettsia helvetica,Rickettsia helvetica,species,3.609022990559157e-05,fraction_reads,0.0,1,1
Centrifuge,unified,Centrifuge_unified,ZymoMockD6331,ZymoMockD6331,pacbio,SRR13128013,1129742,1129742,                    belli group,belli group,species,7.218045981118314e-05,fraction_reads,0.0,2,0
Centrifuge,unified,Centrifuge_unified,ZymoMockD6331,ZymoMockD6331,pacbio,SRR13128013,33990,33990,                      Rickettsia bellii,Rickettsia bellii,species,7.218045981118314e-05,fraction_reads,0.0,2,2
Centrifuge,unified,Centrifuge_unified,ZymoMockD6331,ZymoMockD6331,pacbio,SRR13128013,3077926,3077926,                      Candidatus Tisiphia endosymbiont of Nemotelus uliginosus,Candidatus Tisiphia endosymbiont of Nemotelus uliginosus,species,3.609022990559157e-05,fraction_reads,0.0,1,1
Centrifuge,unified,Centrifuge_unified,ZymoMockD6331,ZymoMockD6331,pacbio,SRR13128013,328839,328839,                  Azospirillum melinis,Azospirillum melinis,species,0.00018045114952795784,fraction_reads,0.0,5,5
Centrifuge,unified,Centrifuge_unified,ZymoMockD6331,ZymoMockD6331,pacbio,SRR13128013,137722,137722,                    Azospirillum sp. B510,Azospirillum sp. B510,species,7.218045981118314e-05,fraction_reads,0.0,2,2
Centrifuge,unified,Centrifuge_unified,ZymoMockD6331,ZymoMockD6331,pacbio,SRR13128013,652764,652764,                    Azospirillum sp. TSH100,Azospirillum sp. TSH100,species,7.218045981118314e-05,fraction_reads,0.0,2,2
Centrifuge,unified,Centrifuge_unified,ZymoMockD6331,ZymoMockD6331,pacbio,SRR13128013,709810,709810,                    Azospirillum sp. TSA2s,Azospirillum sp. TSA2s,species,3.609022990559157e-05,fraction_reads,0.0,1,1
Centrifuge,unified,Centrifuge_unified,ZymoMockD6331,ZymoMockD6331,pacbio,SRR13128013,1612173,1612173,                  Niveispirillum cyanobacteriorum,Niveispirillum cyanobacteriorum,species,0.0001082706897167747,fraction_reads,0.0,3,3
Centrifuge,unified,Centrifuge_unified,ZymoMockD6331,ZymoMockD6331,pacbio,SRR13128013,1085,1085,                  Rhodospirillum rubrum,Rhodospirillum rubrum,species,0.0001082706897167747,fraction_reads,0.0,3,0
Centrifuge,unified,Centrifuge_unified,ZymoMockD6331,ZymoMockD6331,pacbio,SRR13128013,1759059,1759059,                  Candidatus Viadribacter manganicus,Candidatus Viadribacter manganicus,species,0.00025263160933914095,fraction_reads,0.0,7,7
Centrifuge,unified,Centrifuge_unified,ZymoMockD6331,ZymoMockD6331,pacbio,SRR13128013,3024400,3024400,                  Gimibacter soli,Gimibacter soli,species,3.609022990559157e-05,fraction_reads,0.0,1,1
Centrifuge,unified,Centrifuge_unified,ZymoMockD6331,ZymoMockD6331,pacbio,SRR13128013,171437,171437,                  Tistrella mobilis,Tistrella mobilis,species,3.609022990559157e-05,fraction_reads,0.0,1,1
Centrifuge,unified,Centrifuge_unified,ZymoMockD6331,ZymoMockD6331,pacbio,SRR13128013,87882,87882,                  Burkholderia cepacia complex,Burkholderia cepacia complex,species,0.1074406144289461,fraction_reads,0.11,2977,0
Centrifuge,unified,Centrifuge_unified,ZymoMockD6331,ZymoMockD6331,pacbio,SRR13128013,95486,95486,                    Burkholderia cenocepacia,Burkholderia cenocepacia,species,0.10502256902527148,fraction_reads,0.11,2910,2910
Centrifuge,unified,Centrifuge_unified,ZymoMockD6331,ZymoMockD6331,pacbio,SRR13128013,488447,488447,                    Burkholderia contaminans,Burkholderia contaminans,species,0.0009744362074509723,fraction_reads,0.0,27,27
Centrifuge,unified,Centrifuge_unified,ZymoMockD6331,ZymoMockD6331,pacbio,SRR13128013,87883,87883,                    Burkholderia multivorans,Burkholderia multivorans,species,0.0006496241383006482,fraction_reads,0.0,18,17
Centrifuge,unified,Centrifuge_unified,ZymoMockD6331,ZymoMockD6331,pacbio,SRR13128013,152500,152500,                    Burkholderia dolosa,Burkholderia dolosa,species,0.00028872183924473255,fraction_reads,0.0,8,8
Centrifuge,unified,Centrifuge_unified,ZymoMockD6331,ZymoMockD6331,pacbio,SRR13128013,292,292,                    Burkholderia cepacia,Burkholderia cepacia,species,0.00018045114952795784,fraction_reads,0.0,5,5
Centrifuge,unified,Centrifuge_unified,ZymoMockD6331,ZymoMockD6331,pacbio,SRR13128013,60552,60552,                    Burkholderia vietnamiensis,Burkholderia vietnamiensis,species,0.00018045114952795784,fraction_reads,0.0,5,5
Centrifuge,unified,Centrifuge_unified,ZymoMockD6331,ZymoMockD6331,pacbio,SRR13128013,179879,179879,                    Burkholderia anthina,Burkholderia anthina,species,7.218045981118314e-05,fraction_reads,0.0,2,2
Centrifuge,unified,Centrifuge_unified,ZymoMockD6331,ZymoMockD6331,pacbio,SRR13128013,60550,60550,                    Burkholderia pyrrocinia,Burkholderia pyrrocinia,species,3.609022990559157e-05,fraction_reads,0.0,1,1
Centrifuge,unified,Centrifuge_unified,ZymoMockD6331,ZymoMockD6331,pacbio,SRR13128013,152480,152480,                    Burkholderia ambifaria,Burkholderia ambifaria,species,3.609022990559157e-05,fraction_reads,0.0,1,0
Centrifuge,unified,Centrifuge_unified,ZymoMockD6331,ZymoMockD6331,pacbio,SRR13128013,111527,111527,                  pseudomallei group,pseudomallei group,species,0.0047639103475380865,fraction_reads,0.0,132,0
Centrifuge,unified,Centrifuge_unified,ZymoMockD6331,ZymoMockD6331,pacbio,SRR13128013,28450,28450,                    Burkholderia pseudomallei,Burkholderia pseudomallei,species,0.004294737358765397,fraction_reads,0.0,119,72
Centrifuge,unified,Centrifuge_unified,ZymoMockD6331,ZymoMockD6331,pacbio,SRR13128013,57975,57975,                    Burkholderia thailandensis,Burkholderia thailandensis,species,0.0004691729887726904,fraction_reads,0.0,13,3
Centrifuge,unified,Centrifuge_unified,ZymoMockD6331,ZymoMockD6331,pacbio,SRR13128013,1705310,1705310,                    Burkholderia sp. IDO3,Burkholderia sp. IDO3,species,0.0005413534485838734,fraction_reads,0.0,15,15
Centrifuge,unified,Centrifuge_unified,ZymoMockD6331,ZymoMockD6331,pacbio,SRR13128013,337,337,                  Burkholderia glumae,Burkholderia glumae,species,0.0003969925289615073,fraction_reads,0.0,11,11
Centrifuge,unified,Centrifuge_unified,ZymoMockD6331,ZymoMockD6331,pacbio,SRR13128013,28095,28095,                  Burkholderia gladioli,Burkholderia gladioli,species,0.00014436091962236627,fraction_reads,0.0,4,4
Centrifuge,unified,Centrifuge_unified,ZymoMockD6331,ZymoMockD6331,pacbio,SRR13128013,3141544,3141544,                    Paraburkholderia sp. PREW-6R,Paraburkholderia sp. PREW-6R,species,0.0003609022990559157,fraction_reads,0.0,10,10
Centrifuge,unified,Centrifuge_unified,ZymoMockD6331,ZymoMockD6331,pacbio,SRR13128013,3080498,3080498,                    Paraburkholderia sp. 22B1P,Paraburkholderia sp. 22B1P,species,0.00018045114952795784,fraction_reads,0.0,5,5
Centrifuge,unified,Centrifuge_unified,ZymoMockD6331,ZymoMockD6331,pacbio,SRR13128013,252970,252970,                  Paraburkholderia phenoliruptrix,Paraburkholderia phenoliruptrix,species,0.0002165413794335494,fraction_reads,0.0,6,6
Centrifuge,unified,Centrifuge_unified,ZymoMockD6331,ZymoMockD6331,pacbio,SRR13128013,169427,169427,                  Paraburkholderia terricola,Paraburkholderia terricola,species,7.218045981118314e-05,fraction_reads,0.0,2,2
Centrifuge,unified,Centrifuge_unified,ZymoMockD6331,ZymoMockD6331,pacbio,SRR13128013,273251,273251,                  Paraburkholderia sabiae,Paraburkholderia sabiae,species,7.218045981118314e-05,fraction_reads,0.0,2,2
Centrifuge,unified,Centrifuge_unified,ZymoMockD6331,ZymoMockD6331,pacbio,SRR13128013,311230,311230,                  Paraburkholderia terrae,Paraburkholderia terrae,species,7.218045981118314e-05,fraction_reads,0.0,2,2
Centrifuge,unified,Centrifuge_unified,ZymoMockD6331,ZymoMockD6331,pacbio,SRR13128013,36873,36873,                  Paraburkholderia xenovorans,Paraburkholderia xenovorans,species,3.609022990559157e-05,fraction_reads,0.0,1,0
Centrifuge,unified,Centrifuge_unified,ZymoMockD6331,ZymoMockD6331,pacbio,SRR13128013,134536,134536,                  Paraburkholderia caledonica,Paraburkholderia caledonica,species,3.609022990559157e-05,fraction_reads,0.0,1,1
Centrifuge,unified,Centrifuge_unified,ZymoMockD6331,ZymoMockD6331,pacbio,SRR13128013,134537,134537,                  Paraburkholderia fungorum,Paraburkholderia fungorum,species,3.609022990559157e-05,fraction_reads,0.0,1,1
Centrifuge,unified,Centrifuge_unified,ZymoMockD6331,ZymoMockD6331,pacbio,SRR13128013,2152891,2152891,                  Paraburkholderia bonniea,Paraburkholderia bonniea,species,3.609022990559157e-05,fraction_reads,0.0,1,1
Centrifuge,unified,Centrifuge_unified,ZymoMockD6331,ZymoMockD6331,pacbio,SRR13128013,2211211,2211211,                  Paraburkholderia dokdonensis,Paraburkholderia dokdonensis,species,3.609022990559157e-05,fraction_reads,0.0,1,1
Centrifuge,unified,Centrifuge_unified,ZymoMockD6331,ZymoMockD6331,pacbio,SRR13128013,3116862,3116862,                  Ralstonia solanacearum species complex,Ralstonia solanacearum species complex,species,0.0005413534485838734,fraction_reads,0.0,15,0
Centrifuge,unified,Centrifuge_unified,ZymoMockD6331,ZymoMockD6331,pacbio,SRR13128013,1310165,1310165,                    Ralstonia pseudosolanacearum,Ralstonia pseudosolanacearum,species,0.0003609022990559157,fraction_reads,0.0,10,10
Centrifuge,unified,Centrifuge_unified,ZymoMockD6331,ZymoMockD6331,pacbio,SRR13128013,28097,28097,                    Ralstonia syzygii,Ralstonia syzygii,species,0.0001082706897167747,fraction_reads,0.0,3,0
Centrifuge,unified,Centrifuge_unified,ZymoMockD6331,ZymoMockD6331,pacbio,SRR13128013,305,305,                    Ralstonia solanacearum,Ralstonia solanacearum,species,7.218045981118314e-05,fraction_reads,0.0,2,2
Centrifuge,unified,Centrifuge_unified,ZymoMockD6331,ZymoMockD6331,pacbio,SRR13128013,3231757,3231757,                    Ralstonia sp. CP,Ralstonia sp. CP,species,0.0003609022990559157,fraction_reads,0.0,10,10
Centrifuge,unified,Centrifuge_unified,ZymoMockD6331,ZymoMockD6331,pacbio,SRR13128013,417203,417203,                  Mycetohabitans endofungorum,Mycetohabitans endofungorum,species,0.0005774436784894651,fraction_reads,0.0,16,16
Centrifuge,unified,Centrifuge_unified,ZymoMockD6331,ZymoMockD6331,pacbio,SRR13128013,2705547,2705547,                    Caballeronia sp. SBC2,Caballeronia sp. SBC2,species,0.0004691729887726904,fraction_reads,0.0,13,13
Centrifuge,unified,Centrifuge_unified,ZymoMockD6331,ZymoMockD6331,pacbio,SRR13128013,1353886,1353886,                  Caballeronia cordobensis,Caballeronia cordobensis,species,3.609022990559157e-05,fraction_reads,0.0,1,1
Centrifuge,unified,Centrifuge_unified,ZymoMockD6331,ZymoMockD6331,pacbio,SRR13128013,573737,573737,                  Pandoraea oxalativorans,Pandoraea oxalativorans,species,0.0003609022990559157,fraction_reads,0.0,10,10
Centrifuge,unified,Centrifuge_unified,ZymoMockD6331,ZymoMockD6331,pacbio,SRR13128013,106590,106590,                  Cupriavidus necator,Cupriavidus necator,species,7.218045981118314e-05,fraction_reads,0.0,2,2
Centrifuge,unified,Centrifuge_unified,ZymoMockD6331,ZymoMockD6331,pacbio,SRR13128013,119219,119219,                  Cupriavidus metallidurans,Cupriavidus metallidurans,species,3.609022990559157e-05,fraction_reads,0.0,1,1
Centrifuge,unified,Centrifuge_unified,ZymoMockD6331,ZymoMockD6331,pacbio,SRR13128013,1796606,1796606,                  Cupriavidus nantongensis,Cupriavidus nantongensis,species,3.609022990559157e-05,fraction_reads,0.0,1,1
Centrifuge,unified,Centrifuge_unified,ZymoMockD6331,ZymoMockD6331,pacbio,SRR13128013,520,520,                  Bordetella pertussis,Bordetella pertussis,species,0.0029954890821641,fraction_reads,0.0,83,83
Centrifuge,unified,Centrifuge_unified,ZymoMockD6331,ZymoMockD6331,pacbio,SRR13128013,519,519,                  Bordetella parapertussis,Bordetella parapertussis,species,0.0004330827588670988,fraction_reads,0.0,12,12
Centrifuge,unified,Centrifuge_unified,ZymoMockD6331,ZymoMockD6331,pacbio,SRR13128013,521,521,                  Bordetella avium,Bordetella avium,species,7.218045981118314e-05,fraction_reads,0.0,2,2
Centrifuge,unified,Centrifuge_unified,ZymoMockD6331,ZymoMockD6331,pacbio,SRR13128013,217204,217204,                  Achromobacter insolitus,Achromobacter insolitus,species,0.0002165413794335494,fraction_reads,0.0,6,6
Centrifuge,unified,Centrifuge_unified,ZymoMockD6331,ZymoMockD6331,pacbio,SRR13128013,85698,85698,                  Achromobacter xylosoxidans,Achromobacter xylosoxidans,species,0.00018045114952795784,fraction_reads,0.0,5,5
Centrifuge,unified,Centrifuge_unified,ZymoMockD6331,ZymoMockD6331,pacbio,SRR13128013,1940612,1940612,                  Pigmentiphaga aceris,Pigmentiphaga aceris,species,0.00028872183924473255,fraction_reads,0.0,8,8
Centrifuge,unified,Centrifuge_unified,ZymoMockD6331,ZymoMockD6331,pacbio,SRR13128013,2813780,2813780,                    Alcaligenes sp. SORT26,Alcaligenes sp. SORT26,species,0.0002165413794335494,fraction_reads,0.0,6,6
Centrifuge,unified,Centrifuge_unified,ZymoMockD6331,ZymoMockD6331,pacbio,SRR13128013,511,511,                  Alcaligenes faecalis,Alcaligenes faecalis,species,3.609022990559157e-05,fraction_reads,0.0,1,1
Centrifuge,unified,Centrifuge_unified,ZymoMockD6331,ZymoMockD6331,pacbio,SRR13128013,546114,546114,                  Castellaniella ginsengisoli,Castellaniella ginsengisoli,species,3.609022990559157e-05,fraction_reads,0.0,1,1
Centrifuge,unified,Centrifuge_unified,ZymoMockD6331,ZymoMockD6331,pacbio,SRR13128013,80869,80869,                  Paracidovorax citrulli,Paracidovorax citrulli,species,0.0005413534485838734,fraction_reads,0.0,15,15
Centrifuge,unified,Centrifuge_unified,ZymoMockD6331,ZymoMockD6331,pacbio,SRR13128013,434010,434010,                    Hydrogenophaga sp. PBL-H3,Hydrogenophaga sp. PBL-H3,species,0.0002165413794335494,fraction_reads,0.0,6,6
Centrifuge,unified,Centrifuge_unified,ZymoMockD6331,ZymoMockD6331,pacbio,SRR13128013,1844971,1844971,                    Curvibacter sp. AEP1-3,Curvibacter sp. AEP1-3,species,0.0002165413794335494,fraction_reads,0.0,6,6
Centrifuge,unified,Centrifuge_unified,ZymoMockD6331,ZymoMockD6331,pacbio,SRR13128013,47920,47920,                  Acidovorax delafieldii,Acidovorax delafieldii,species,0.00018045114952795784,fraction_reads,0.0,5,5
Centrifuge,unified,Centrifuge_unified,ZymoMockD6331,ZymoMockD6331,pacbio,SRR13128013,179636,179636,                  Alicycliphilus denitrificans,Alicycliphilus denitrificans,species,0.00014436091962236627,fraction_reads,0.0,4,0
Centrifuge,unified,Centrifuge_unified,ZymoMockD6331,ZymoMockD6331,pacbio,SRR13128013,225991,225991,                  Comamonas aquatica,Comamonas aquatica,species,7.218045981118314e-05,fraction_reads,0.0,2,2
Centrifuge,unified,Centrifuge_unified,ZymoMockD6331,ZymoMockD6331,pacbio,SRR13128013,2853257,2853257,                    Comamonas sp. Y33R10-2,Comamonas sp. Y33R10-2,species,3.609022990559157e-05,fraction_reads,0.0,1,1
Centrifuge,unified,Centrifuge_unified,ZymoMockD6331,ZymoMockD6331,pacbio,SRR13128013,2741720,2741720,                    Rhodoferax sp. BAB1,Rhodoferax sp. BAB1,species,3.609022990559157e-05,fraction_reads,0.0,1,1
Centrifuge,unified,Centrifuge_unified,ZymoMockD6331,ZymoMockD6331,pacbio,SRR13128013,964,964,                  Herbaspirillum seropedicae,Herbaspirillum seropedicae,species,0.00014436091962236627,fraction_reads,0.0,4,4
Centrifuge,unified,Centrifuge_unified,ZymoMockD6331,ZymoMockD6331,pacbio,SRR13128013,863372,863372,                  Herbaspirillum huttiense,Herbaspirillum huttiense,species,0.0001082706897167747,fraction_reads,0.0,3,3
Centrifuge,unified,Centrifuge_unified,ZymoMockD6331,ZymoMockD6331,pacbio,SRR13128013,2807626,2807626,                    Glaciimonas sp. PAMC28666,Glaciimonas sp. PAMC28666,species,0.00014436091962236627,fraction_reads,0.0,4,4
Centrifuge,unified,Centrifuge_unified,ZymoMockD6331,ZymoMockD6331,pacbio,SRR13128013,3002437,3002437,                    Janthinobacterium sp. SUN098,Janthinobacterium sp. SUN098,species,7.218045981118314e-05,fraction_reads,0.0,2,2
Centrifuge,unified,Centrifuge_unified,ZymoMockD6331,ZymoMockD6331,pacbio,SRR13128013,2751478,2751478,                  Janthinobacterium rivuli,Janthinobacterium rivuli,species,3.609022990559157e-05,fraction_reads,0.0,1,1
Centrifuge,unified,Centrifuge_unified,ZymoMockD6331,ZymoMockD6331,pacbio,SRR13128013,2943848,2943848,                      Duganella sp. BuS-21,Duganella sp. BuS-21,species,3.609022990559157e-05,fraction_reads,0.0,1,1
Centrifuge,unified,Centrifuge_unified,ZymoMockD6331,ZymoMockD6331,pacbio,SRR13128013,321984,321984,                    Pseudoduganella plicata,Pseudoduganella plicata,species,3.609022990559157e-05,fraction_reads,0.0,1,1
Centrifuge,unified,Centrifuge_unified,ZymoMockD6331,ZymoMockD6331,pacbio,SRR13128013,1296669,1296669,                  Aquabacterium olei,Aquabacterium olei,species,0.0003969925289615073,fraction_reads,0.0,11,11
Centrifuge,unified,Centrifuge_unified,ZymoMockD6331,ZymoMockD6331,pacbio,SRR13128013,1597781,1597781,                  Eleftheria terrae,Eleftheria terrae,species,0.0001082706897167747,fraction_reads,0.0,3,3
Centrifuge,unified,Centrifuge_unified,ZymoMockD6331,ZymoMockD6331,pacbio,SRR13128013,554131,554131,                    Thiomonas sp. CB2,Thiomonas sp. CB2,species,3.609022990559157e-05,fraction_reads,0.0,1,1
Centrifuge,unified,Centrifuge_unified,ZymoMockD6331,ZymoMockD6331,pacbio,SRR13128013,2082386,2082386,                    Methylibium sp. Pch-M,Methylibium sp. Pch-M,species,0.0003248120691503241,fraction_reads,0.0,9,9
Centrifuge,unified,Centrifuge_unified,ZymoMockD6331,ZymoMockD6331,pacbio,SRR13128013,1196083,1196083,                  Snodgrassella alvi,Snodgrassella alvi,species,0.014436091962236627,fraction_reads,0.01,400,400
Centrifuge,unified,Centrifuge_unified,ZymoMockD6331,ZymoMockD6331,pacbio,SRR13128013,1815583,1815583,                  Neisseria musculi,Neisseria musculi,species,0.0024541356335802266,fraction_reads,0.0,68,68
Centrifuge,unified,Centrifuge_unified,ZymoMockD6331,ZymoMockD6331,pacbio,SRR13128013,485,485,                  Neisseria gonorrhoeae,Neisseria gonorrhoeae,species,0.002165413794335494,fraction_reads,0.0,60,58
Centrifuge,unified,Centrifuge_unified,ZymoMockD6331,ZymoMockD6331,pacbio,SRR13128013,487,487,                  Neisseria meningitidis,Neisseria meningitidis,species,0.00028872183924473255,fraction_reads,0.0,8,8
Centrifuge,unified,Centrifuge_unified,ZymoMockD6331,ZymoMockD6331,pacbio,SRR13128013,72,72,                  Simonsiella muelleri,Simonsiella muelleri,species,0.0027428574728249593,fraction_reads,0.0,76,0
Centrifuge,unified,Centrifuge_unified,ZymoMockD6331,ZymoMockD6331,pacbio,SRR13128013,356302,356302,                  Chitinimonas koreensis,Chitinimonas koreensis,species,0.0005413534485838734,fraction_reads,0.0,15,15
Centrifuge,unified,Centrifuge_unified,ZymoMockD6331,ZymoMockD6331,pacbio,SRR13128013,2739434,2739434,                  Chitinibacter bivalviorum,Chitinibacter bivalviorum,species,0.00028872183924473255,fraction_reads,0.0,8,8
Centrifuge,unified,Centrifuge_unified,ZymoMockD6331,ZymoMockD6331,pacbio,SRR13128013,2059672,2059672,                    Chromobacterium sp. ATCC 53434,Chromobacterium sp. ATCC 53434,species,0.0007218045981118314,fraction_reads,0.0,20,20
Centrifuge,unified,Centrifuge_unified,ZymoMockD6331,ZymoMockD6331,pacbio,SRR13128013,536,536,                  Chromobacterium violaceum,Chromobacterium violaceum,species,7.218045981118314e-05,fraction_reads,0.0,2,2
Centrifuge,unified,Centrifuge_unified,ZymoMockD6331,ZymoMockD6331,pacbio,SRR13128013,453162,453162,                  Candidatus Nitrotoga arctica,Candidatus Nitrotoga arctica,species,0.0005413534485838734,fraction_reads,0.0,15,15
Centrifuge,unified,Centrifuge_unified,ZymoMockD6331,ZymoMockD6331,pacbio,SRR13128013,311182,311182,                  Denitratisoma oestradiolicum,Denitratisoma oestradiolicum,species,0.0001082706897167747,fraction_reads,0.0,3,3
Centrifuge,unified,Centrifuge_unified,ZymoMockD6331,ZymoMockD6331,pacbio,SRR13128013,748811,748811,                  Sulfuritalea hydrogenivorans,Sulfuritalea hydrogenivorans,species,3.609022990559157e-05,fraction_reads,0.0,1,0
Centrifuge,unified,Centrifuge_unified,ZymoMockD6331,ZymoMockD6331,pacbio,SRR13128013,2211108,2211108,                  Sulfuricystis multivorans,Sulfuricystis multivorans,species,3.609022990559157e-05,fraction_reads,0.0,1,1
Centrifuge,unified,Centrifuge_unified,ZymoMockD6331,ZymoMockD6331,pacbio,SRR13128013,2231055,2231055,                    Dechloromonas sp. HYN0024,Dechloromonas sp. HYN0024,species,0.00028872183924473255,fraction_reads,0.0,8,8
Centrifuge,unified,Centrifuge_unified,ZymoMockD6331,ZymoMockD6331,pacbio,SRR13128013,59405,59405,                  Thauera aromatica,Thauera aromatica,species,0.00018045114952795784,fraction_reads,0.0,5,0
Centrifuge,unified,Centrifuge_unified,ZymoMockD6331,ZymoMockD6331,pacbio,SRR13128013,198107,198107,                    Azoarcus sp. CIB,Azoarcus sp. CIB,species,3.609022990559157e-05,fraction_reads,0.0,1,1
Centrifuge,unified,Centrifuge_unified,ZymoMockD6331,ZymoMockD6331,pacbio,SRR13128013,59406,59406,                  Aromatoleum evansii,Aromatoleum evansii,species,3.609022990559157e-05,fraction_reads,0.0,1,1
Centrifuge,unified,Centrifuge_unified,ZymoMockD6331,ZymoMockD6331,pacbio,SRR13128013,551760,551760,                  Aromatoleum aromaticum,Aromatoleum aromaticum,species,3.609022990559157e-05,fraction_reads,0.0,1,0
Centrifuge,unified,Centrifuge_unified,ZymoMockD6331,ZymoMockD6331,pacbio,SRR13128013,2994951,2994951,                    Acidithiobacillus sp. AMEEHan,Acidithiobacillus sp. AMEEHan,species,0.0005052632186782819,fraction_reads,0.0,14,14
Centrifuge,unified,Centrifuge_unified,ZymoMockD6331,ZymoMockD6331,pacbio,SRR13128013,160808,160808,                  Acidithiobacillus ferrivorans,Acidithiobacillus ferrivorans,species,0.00014436091962236627,fraction_reads,0.0,4,4
Centrifuge,unified,Centrifuge_unified,ZymoMockD6331,ZymoMockD6331,pacbio,SRR13128013,33059,33059,                  Acidithiobacillus caldus,Acidithiobacillus caldus,species,7.218045981118314e-05,fraction_reads,0.0,2,2
Centrifuge,unified,Centrifuge_unified,ZymoMockD6331,ZymoMockD6331,pacbio,SRR13128013,28128,28128,                      Prevotella corporis,Prevotella corporis,species,4.03903807988428,fraction_reads,4.04,111915,111915
Centrifuge,unified,Centrifuge_unified,ZymoMockD6331,ZymoMockD6331,pacbio,SRR13128013,28131,28131,                      Prevotella intermedia,Prevotella intermedia,species,0.00025263160933914095,fraction_reads,0.0,7,7
Centrifuge,unified,Centrifuge_unified,ZymoMockD6331,ZymoMockD6331,pacbio,SRR13128013,28132,28132,                      Prevotella melaninogenica,Prevotella melaninogenica,species,7.218045981118314e-05,fraction_reads,0.0,2,2
Centrifuge,unified,Centrifuge_unified,ZymoMockD6331,ZymoMockD6331,pacbio,SRR13128013,589437,589437,                      Prevotella scopos,Prevotella scopos,species,3.609022990559157e-05,fraction_reads,0.0,1,0
Centrifuge,unified,Centrifuge_unified,ZymoMockD6331,ZymoMockD6331,pacbio,SRR13128013,165179,165179,                      Segatella copri,Segatella copri,species,0.00014436091962236627,fraction_reads,0.0,4,4
Centrifuge,unified,Centrifuge_unified,ZymoMockD6331,ZymoMockD6331,pacbio,SRR13128013,28127,28127,                      Hoylesella buccalis,Hoylesella buccalis,species,0.0001082706897167747,fraction_reads,0.0,3,3
Centrifuge,unified,Centrifuge_unified,ZymoMockD6331,ZymoMockD6331,pacbio,SRR13128013,817,817,                      Bacteroides fragilis,Bacteroides fragilis,species,3.6891793911794757,fraction_reads,3.69,102221,102218
Centrifuge,unified,Centrifuge_unified,ZymoMockD6331,ZymoMockD6331,pacbio,SRR13128013,820,820,                      Bacteroides uniformis,Bacteroides uniformis,species,0.0003969925289615073,fraction_reads,0.0,11,11
Centrifuge,unified,Centrifuge_unified,ZymoMockD6331,ZymoMockD6331,pacbio,SRR13128013,1796613,1796613,                      Bacteroides caecimuris,Bacteroides caecimuris,species,0.0001082706897167747,fraction_reads,0.0,3,3
Centrifuge,unified,Centrifuge_unified,ZymoMockD6331,ZymoMockD6331,pacbio,SRR13128013,818,818,                      Bacteroides thetaiotaomicron,Bacteroides thetaiotaomicron,species,7.218045981118314e-05,fraction_reads,0.0,2,2
Centrifuge,unified,Centrifuge_unified,ZymoMockD6331,ZymoMockD6331,pacbio,SRR13128013,2162637,2162637,                        Bacteroides sp. PHL 2737,Bacteroides sp. PHL 2737,species,3.609022990559157e-05,fraction_reads,0.0,1,1
Centrifuge,unified,Centrifuge_unified,ZymoMockD6331,ZymoMockD6331,pacbio,SRR13128013,2763023,2763023,                      Bacteroides hominis,Bacteroides hominis,species,3.609022990559157e-05,fraction_reads,0.0,1,1
Centrifuge,unified,Centrifuge_unified,ZymoMockD6331,ZymoMockD6331,pacbio,SRR13128013,821,821,                      Phocaeicola vulgatus,Phocaeicola vulgatus,species,0.00014436091962236627,fraction_reads,0.0,4,4
Centrifuge,unified,Centrifuge_unified,ZymoMockD6331,ZymoMockD6331,pacbio,SRR13128013,823,823,                      Parabacteroides distasonis,Parabacteroides distasonis,species,0.0007939850579230146,fraction_reads,0.0,22,1
Centrifuge,unified,Centrifuge_unified,ZymoMockD6331,ZymoMockD6331,pacbio,SRR13128013,46503,46503,                      Parabacteroides merdae,Parabacteroides merdae,species,3.609022990559157e-05,fraction_reads,0.0,1,1
Centrifuge,unified,Centrifuge_unified,ZymoMockD6331,ZymoMockD6331,pacbio,SRR13128013,45254,45254,                      Dysgonomonas capnocytophagoides,Dysgonomonas capnocytophagoides,species,0.0005413534485838734,fraction_reads,0.0,15,15
Centrifuge,unified,Centrifuge_unified,ZymoMockD6331,ZymoMockD6331,pacbio,SRR13128013,2585118,2585118,                      Alistipes communis,Alistipes communis,species,0.0001082706897167747,fraction_reads,0.0,3,3
Centrifuge,unified,Centrifuge_unified,ZymoMockD6331,ZymoMockD6331,pacbio,SRR13128013,1760811,1760811,                        uncultured Acetobacteroides sp.,uncultured Acetobacteroides sp.,species,3.609022990559157e-05,fraction_reads,0.0,1,1
Centrifuge,unified,Centrifuge_unified,ZymoMockD6331,ZymoMockD6331,pacbio,SRR13128013,2518971,2518971,                      Duncaniella dubosii,Duncaniella dubosii,species,3.609022990559157e-05,fraction_reads,0.0,1,1
Centrifuge,unified,Centrifuge_unified,ZymoMockD6331,ZymoMockD6331,pacbio,SRR13128013,570161,570161,                      Marinifilum fragile,Marinifilum fragile,species,7.218045981118314e-05,fraction_reads,0.0,2,2
Centrifuge,unified,Centrifuge_unified,ZymoMockD6331,ZymoMockD6331,pacbio,SRR13128013,2706887,2706887,                      Draconibacterium halophilum,Draconibacterium halophilum,species,3.609022990559157e-05,fraction_reads,0.0,1,1
Centrifuge,unified,Centrifuge_unified,ZymoMockD6331,ZymoMockD6331,pacbio,SRR13128013,1165090,1165090,                      Imtechella halotolerans,Imtechella halotolerans,species,5.263796121960436,fraction_reads,5.26,145851,145851
Centrifuge,unified,Centrifuge_unified,ZymoMockD6331,ZymoMockD6331,pacbio,SRR13128013,96345,96345,                      Flavobacterium psychrophilum,Flavobacterium psychrophilum,species,0.0005413534485838734,fraction_reads,0.0,15,15
Centrifuge,unified,Centrifuge_unified,ZymoMockD6331,ZymoMockD6331,pacbio,SRR13128013,2665645,2665645,                        Flavobacterium sp. SLB02,Flavobacterium sp. SLB02,species,0.0002165413794335494,fraction_reads,0.0,6,6
Centrifuge,unified,Centrifuge_unified,ZymoMockD6331,ZymoMockD6331,pacbio,SRR13128013,2986824,2986824,                        Flavobacterium sp. N1846,Flavobacterium sp. N1846,species,3.609022990559157e-05,fraction_reads,0.0,1,1
Centrifuge,unified,Centrifuge_unified,ZymoMockD6331,ZymoMockD6331,pacbio,SRR13128013,996,996,                      Flavobacterium columnare,Flavobacterium columnare,species,0.00018045114952795784,fraction_reads,0.0,5,5
Centrifuge,unified,Centrifuge_unified,ZymoMockD6331,ZymoMockD6331,pacbio,SRR13128013,2781243,2781243,                      Tenacibaculum finnmarkense,Tenacibaculum finnmarkense,species,0.0003609022990559157,fraction_reads,0.0,10,10
Centrifuge,unified,Centrifuge_unified,ZymoMockD6331,ZymoMockD6331,pacbio,SRR13128013,2686077,2686077,                      Winogradskyella forsetii,Winogradskyella forsetii,species,0.00025263160933914095,fraction_reads,0.0,7,7
Centrifuge,unified,Centrifuge_unified,ZymoMockD6331,ZymoMockD6331,pacbio,SRR13128013,754409,754409,                        Winogradskyella sp. PG-2,Winogradskyella sp. PG-2,species,7.218045981118314e-05,fraction_reads,0.0,2,2
Centrifuge,unified,Centrifuge_unified,ZymoMockD6331,ZymoMockD6331,pacbio,SRR13128013,2809707,2809707,                      Salinimicrobium tongyeongense,Salinimicrobium tongyeongense,species,0.0003248120691503241,fraction_reads,0.0,9,9
Centrifuge,unified,Centrifuge_unified,ZymoMockD6331,ZymoMockD6331,pacbio,SRR13128013,2282170,2282170,                        Kordia sp. SMS9,Kordia sp. SMS9,species,0.0001082706897167747,fraction_reads,0.0,3,3
Centrifuge,unified,Centrifuge_unified,ZymoMockD6331,ZymoMockD6331,pacbio,SRR13128013,616991,616991,                      Arenibacter algicola,Arenibacter algicola,species,7.218045981118314e-05,fraction_reads,0.0,2,2
Centrifuge,unified,Centrifuge_unified,ZymoMockD6331,ZymoMockD6331,pacbio,SRR13128013,3153519,3153519,                        Pontimicrobium sp. SW4,Pontimicrobium sp. SW4,species,7.218045981118314e-05,fraction_reads,0.0,2,2
Centrifuge,unified,Centrifuge_unified,ZymoMockD6331,ZymoMockD6331,pacbio,SRR13128013,327575,327575,                      Capnocytophaga leadbetteri,Capnocytophaga leadbetteri,species,3.609022990559157e-05,fraction_reads,0.0,1,1
Centrifuge,unified,Centrifuge_unified,ZymoMockD6331,ZymoMockD6331,pacbio,SRR13128013,2777186,2777186,                        Psychroflexus sp. ALD_RP9,Psychroflexus sp. ALD_RP9,species,3.609022990559157e-05,fraction_reads,0.0,1,1
Centrifuge,unified,Centrifuge_unified,ZymoMockD6331,ZymoMockD6331,pacbio,SRR13128013,573501,573501,                      Leeuwenhoekiella palythoae,Leeuwenhoekiella palythoae,species,3.609022990559157e-05,fraction_reads,0.0,1,1
Centrifuge,unified,Centrifuge_unified,ZymoMockD6331,ZymoMockD6331,pacbio,SRR13128013,2976768,2976768,                        Seonamhaeicola sp. MEBiC1930,Seonamhaeicola sp. MEBiC1930,species,3.609022990559157e-05,fraction_reads,0.0,1,1
Centrifuge,unified,Centrifuge_unified,ZymoMockD6331,ZymoMockD6331,pacbio,SRR13128013,1117645,1117645,                      Elizabethkingia anophelis,Elizabethkingia anophelis,species,0.0007939850579230146,fraction_reads,0.0,22,22
Centrifuge,unified,Centrifuge_unified,ZymoMockD6331,ZymoMockD6331,pacbio,SRR13128013,250,250,                        Chryseobacterium gleum,Chryseobacterium gleum,species,0.00014436091962236627,fraction_reads,0.0,4,4
Centrifuge,unified,Centrifuge_unified,ZymoMockD6331,ZymoMockD6331,pacbio,SRR13128013,2983606,2983606,                        Chryseobacterium fluminis,Chryseobacterium fluminis,species,3.609022990559157e-05,fraction_reads,0.0,1,1
Centrifuge,unified,Centrifuge_unified,ZymoMockD6331,ZymoMockD6331,pacbio,SRR13128013,247,247,                      Empedobacter brevis,Empedobacter brevis,species,7.218045981118314e-05,fraction_reads,0.0,2,2
Centrifuge,unified,Centrifuge_unified,ZymoMockD6331,ZymoMockD6331,pacbio,SRR13128013,1628248,1628248,                      Empedobacter stercoris,Empedobacter stercoris,species,7.218045981118314e-05,fraction_reads,0.0,2,2
Centrifuge,unified,Centrifuge_unified,ZymoMockD6331,ZymoMockD6331,pacbio,SRR13128013,34085,34085,                      Riemerella anatipestifer,Riemerella anatipestifer,species,0.0001082706897167747,fraction_reads,0.0,3,3
Centrifuge,unified,Centrifuge_unified,ZymoMockD6331,ZymoMockD6331,pacbio,SRR13128013,237258,237258,                      Cloacibacterium normanense,Cloacibacterium normanense,species,3.609022990559157e-05,fraction_reads,0.0,1,1
Centrifuge,unified,Centrifuge_unified,ZymoMockD6331,ZymoMockD6331,pacbio,SRR13128013,2004710,2004710,                      Cloacibacterium caeni,Cloacibacterium caeni,species,3.609022990559157e-05,fraction_reads,0.0,1,1
Centrifuge,unified,Centrifuge_unified,ZymoMockD6331,ZymoMockD6331,pacbio,SRR13128013,336810,336810,                      Candidatus Karelsulcia muelleri,Candidatus Karelsulcia muelleri,species,3.609022990559157e-05,fraction_reads,0.0,1,1
Centrifuge,unified,Centrifuge_unified,ZymoMockD6331,ZymoMockD6331,pacbio,SRR13128013,3127471,3127471,                        Bernardetia sp. Wsw4-3y2,Bernardetia sp. Wsw4-3y2,species,0.4633985519877958,fraction_reads,0.46,12840,12840
Centrifuge,unified,Centrifuge_unified,ZymoMockD6331,ZymoMockD6331,pacbio,SRR13128013,3093922,3093922,                        Hymenobacter sp. GOD-10R,Hymenobacter sp. GOD-10R,species,0.00025263160933914095,fraction_reads,0.0,7,7
Centrifuge,unified,Centrifuge_unified,ZymoMockD6331,ZymoMockD6331,pacbio,SRR13128013,2607656,2607656,                      Hymenobacter busanensis,Hymenobacter busanensis,species,0.0002165413794335494,fraction_reads,0.0,6,6
Centrifuge,unified,Centrifuge_unified,ZymoMockD6331,ZymoMockD6331,pacbio,SRR13128013,387638,387638,                      Persicobacter psychrovividus,Persicobacter psychrovividus,species,0.0003248120691503241,fraction_reads,0.0,9,9
Centrifuge,unified,Centrifuge_unified,ZymoMockD6331,ZymoMockD6331,pacbio,SRR13128013,1006,1006,                      Marivirga tractuosa,Marivirga tractuosa,species,0.00018045114952795784,fraction_reads,0.0,5,5
Centrifuge,unified,Centrifuge_unified,ZymoMockD6331,ZymoMockD6331,pacbio,SRR13128013,1191459,1191459,                        Flammeovirga sp. MY04,Flammeovirga sp. MY04,species,7.218045981118314e-05,fraction_reads,0.0,2,2
Centrifuge,unified,Centrifuge_unified,ZymoMockD6331,ZymoMockD6331,pacbio,SRR13128013,3051176,3051176,                        Chitinophaga sp. LS1,Chitinophaga sp. LS1,species,0.0027428574728249593,fraction_reads,0.0,76,76
Centrifuge,unified,Centrifuge_unified,ZymoMockD6331,ZymoMockD6331,pacbio,SRR13128013,3133966,3133966,                      Chitinophaga pollutisoli,Chitinophaga pollutisoli,species,0.0001082706897167747,fraction_reads,0.0,3,3
Centrifuge,unified,Centrifuge_unified,ZymoMockD6331,ZymoMockD6331,pacbio,SRR13128013,259,259,                      Sphingobacterium thalpophilum,Sphingobacterium thalpophilum,species,0.0001082706897167747,fraction_reads,0.0,3,3
Centrifuge,unified,Centrifuge_unified,ZymoMockD6331,ZymoMockD6331,pacbio,SRR13128013,336820,336820,                      Pedobacter roseus,Pedobacter roseus,species,0.0001082706897167747,fraction_reads,0.0,3,3
Centrifuge,unified,Centrifuge_unified,ZymoMockD6331,ZymoMockD6331,pacbio,SRR13128013,2027860,2027860,                      Mucilaginibacter rubeus,Mucilaginibacter rubeus,species,3.609022990559157e-05,fraction_reads,0.0,1,1
Centrifuge,unified,Centrifuge_unified,ZymoMockD6331,ZymoMockD6331,pacbio,SRR13128013,3377529,3377529,                    Fidelibacter multiformis,Fidelibacter multiformis,species,3.609022990559157e-05,fraction_reads,0.0,1,1
Centrifuge,unified,Centrifuge_unified,ZymoMockD6331,ZymoMockD6331,pacbio,SRR13128013,239935,239935,                    Akkermansia muciniphila,Akkermansia muciniphila,species,0.43167523990078077,fraction_reads,0.43,11961,11961
Centrifuge,unified,Centrifuge_unified,ZymoMockD6331,ZymoMockD6331,pacbio,SRR13128013,2927224,2927224,                    Akkermansia massiliensis,Akkermansia massiliensis,species,0.0002165413794335494,fraction_reads,0.0,6,6
Centrifuge,unified,Centrifuge_unified,ZymoMockD6331,ZymoMockD6331,pacbio,SRR13128013,2866311,2866311,                      Ruficoccus sp. ZRK36,Ruficoccus sp. ZRK36,species,7.218045981118314e-05,fraction_reads,0.0,2,2
Centrifuge,unified,Centrifuge_unified,ZymoMockD6331,ZymoMockD6331,pacbio,SRR13128013,1184151,1184151,                    Termitidicoccus mucosus,Termitidicoccus mucosus,species,3.609022990559157e-05,fraction_reads,0.0,1,1
Centrifuge,unified,Centrifuge_unified,ZymoMockD6331,ZymoMockD6331,pacbio,SRR13128013,83555,83555,                      Chlamydia abortus,Chlamydia abortus,species,0.0003609022990559157,fraction_reads,0.0,10,9
Centrifuge,unified,Centrifuge_unified,ZymoMockD6331,ZymoMockD6331,pacbio,SRR13128013,85991,85991,                      Chlamydia pecorum,Chlamydia pecorum,species,0.00018045114952795784,fraction_reads,0.0,5,5
Centrifuge,unified,Centrifuge_unified,ZymoMockD6331,ZymoMockD6331,pacbio,SRR13128013,813,813,                      Chlamydia trachomatis,Chlamydia trachomatis,species,0.00014436091962236627,fraction_reads,0.0,4,4
Centrifuge,unified,Centrifuge_unified,ZymoMockD6331,ZymoMockD6331,pacbio,SRR13128013,83559,83559,                      Chlamydia suis,Chlamydia suis,species,0.0001082706897167747,fraction_reads,0.0,3,3
Centrifuge,unified,Centrifuge_unified,ZymoMockD6331,ZymoMockD6331,pacbio,SRR13128013,83554,83554,                      Chlamydia psittaci,Chlamydia psittaci,species,7.218045981118314e-05,fraction_reads,0.0,2,2
Centrifuge,unified,Centrifuge_unified,ZymoMockD6331,ZymoMockD6331,pacbio,SRR13128013,83560,83560,                      Chlamydia muridarum,Chlamydia muridarum,species,3.609022990559157e-05,fraction_reads,0.0,1,0
Centrifuge,unified,Centrifuge_unified,ZymoMockD6331,ZymoMockD6331,pacbio,SRR13128013,389348,389348,                    Candidatus Protochlamydia naegleriophila,Candidatus Protochlamydia naegleriophila,species,3.609022990559157e-05,fraction_reads,0.0,1,1
Centrifuge,unified,Centrifuge_unified,ZymoMockD6331,ZymoMockD6331,pacbio,SRR13128013,3119568,3119568,                      Bremerella sp. TYQ1,Bremerella sp. TYQ1,species,0.00018045114952795784,fraction_reads,0.0,5,5
Centrifuge,unified,Centrifuge_unified,ZymoMockD6331,ZymoMockD6331,pacbio,SRR13128013,547188,547188,                    Phycisphaera mikurensis,Phycisphaera mikurensis,species,3.609022990559157e-05,fraction_reads,0.0,1,0
Centrifuge,unified,Centrifuge_unified,ZymoMockD6331,ZymoMockD6331,pacbio,SRR13128013,160,160,                  Treponema pallidum,Treponema pallidum,species,0.10689926098036223,fraction_reads,0.11,2962,0
Centrifuge,unified,Centrifuge_unified,ZymoMockD6331,ZymoMockD6331,pacbio,SRR13128013,162,162,                  Treponema phagedenis,Treponema phagedenis,species,0.0003969925289615073,fraction_reads,0.0,11,11
Centrifuge,unified,Centrifuge_unified,ZymoMockD6331,ZymoMockD6331,pacbio,SRR13128013,163,163,                  Treponema bryantii,Treponema bryantii,species,0.00025263160933914095,fraction_reads,0.0,7,7
Centrifuge,unified,Centrifuge_unified,ZymoMockD6331,ZymoMockD6331,pacbio,SRR13128013,58231,58231,                  Treponema medium,Treponema medium,species,3.609022990559157e-05,fraction_reads,0.0,1,1
Centrifuge,unified,Centrifuge_unified,ZymoMockD6331,ZymoMockD6331,pacbio,SRR13128013,29520,29520,                  Borrelia crocidurae,Borrelia crocidurae,species,0.0017323310354683953,fraction_reads,0.0,48,0
Centrifuge,unified,Centrifuge_unified,ZymoMockD6331,ZymoMockD6331,pacbio,SRR13128013,64897,64897,                  Borreliella bissettiae,Borreliella bissettiae,species,0.0003248120691503241,fraction_reads,0.0,9,0
Centrifuge,unified,Centrifuge_unified,ZymoMockD6331,ZymoMockD6331,pacbio,SRR13128013,173,173,                  Leptospira interrogans,Leptospira interrogans,species,0.010249625293188005,fraction_reads,0.01,284,205
Centrifuge,unified,Centrifuge_unified,ZymoMockD6331,ZymoMockD6331,pacbio,SRR13128013,174,174,                  Leptospira borgpetersenii,Leptospira borgpetersenii,species,0.003897744829803889,fraction_reads,0.0,108,3
Centrifuge,unified,Centrifuge_unified,ZymoMockD6331,ZymoMockD6331,pacbio,SRR13128013,3387407,3387407,                    Leptospira sp. 'Mane',Leptospira sp. 'Mane',species,0.0006496241383006482,fraction_reads,0.0,18,18
Centrifuge,unified,Centrifuge_unified,ZymoMockD6331,ZymoMockD6331,pacbio,SRR13128013,172,172,                  Leptospira biflexa,Leptospira biflexa,species,7.218045981118314e-05,fraction_reads,0.0,2,0
Centrifuge,unified,Centrifuge_unified,ZymoMockD6331,ZymoMockD6331,pacbio,SRR13128013,159,159,                  Brachyspira hyodysenteriae,Brachyspira hyodysenteriae,species,0.0001082706897167747,fraction_reads,0.0,3,0
Centrifuge,unified,Centrifuge_unified,ZymoMockD6331,ZymoMockD6331,pacbio,SRR13128013,197,197,                  Campylobacter jejuni,Campylobacter jejuni,species,0.00848120402781402,fraction_reads,0.01,235,231
Centrifuge,unified,Centrifuge_unified,ZymoMockD6331,ZymoMockD6331,pacbio,SRR13128013,195,195,                  Campylobacter coli,Campylobacter coli,species,0.0012992482766012964,fraction_reads,0.0,36,35
Centrifuge,unified,Centrifuge_unified,ZymoMockD6331,ZymoMockD6331,pacbio,SRR13128013,2267891,2267891,                  Campylobacter novaezeelandiae,Campylobacter novaezeelandiae,species,0.0003248120691503241,fraction_reads,0.0,9,9
Centrifuge,unified,Centrifuge_unified,ZymoMockD6331,ZymoMockD6331,pacbio,SRR13128013,1032242,1032242,                  Campylobacter molothri,Campylobacter molothri,species,0.0002165413794335494,fraction_reads,0.0,6,6
Centrifuge,unified,Centrifuge_unified,ZymoMockD6331,ZymoMockD6331,pacbio,SRR13128013,2517362,2517362,                    Campylobacter sp. CCUG 57310,Campylobacter sp. CCUG 57310,species,0.00018045114952795784,fraction_reads,0.0,5,5
Centrifuge,unified,Centrifuge_unified,ZymoMockD6331,ZymoMockD6331,pacbio,SRR13128013,1660080,1660080,                    Campylobacter sp. RM16192,Campylobacter sp. RM16192,species,3.609022990559157e-05,fraction_reads,0.0,1,1
Centrifuge,unified,Centrifuge_unified,ZymoMockD6331,ZymoMockD6331,pacbio,SRR13128013,206,206,                  Campylobacter sputorum,Campylobacter sputorum,species,0.00014436091962236627,fraction_reads,0.0,4,0
Centrifuge,unified,Centrifuge_unified,ZymoMockD6331,ZymoMockD6331,pacbio,SRR13128013,1032243,1032243,                  Campylobacter californiensis,Campylobacter californiensis,species,7.218045981118314e-05,fraction_reads,0.0,2,2
Centrifuge,unified,Centrifuge_unified,ZymoMockD6331,ZymoMockD6331,pacbio,SRR13128013,28080,28080,                  Campylobacter upsaliensis,Campylobacter upsaliensis,species,3.609022990559157e-05,fraction_reads,0.0,1,1
Centrifuge,unified,Centrifuge_unified,ZymoMockD6331,ZymoMockD6331,pacbio,SRR13128013,28898,28898,                  Campylobacter helveticus,Campylobacter helveticus,species,3.609022990559157e-05,fraction_reads,0.0,1,1
Centrifuge,unified,Centrifuge_unified,ZymoMockD6331,ZymoMockD6331,pacbio,SRR13128013,76517,76517,                  Campylobacter hominis,Campylobacter hominis,species,3.609022990559157e-05,fraction_reads,0.0,1,1
Centrifuge,unified,Centrifuge_unified,ZymoMockD6331,ZymoMockD6331,pacbio,SRR13128013,138563,138563,                  Helicobacter cetorum,Helicobacter cetorum,species,0.005016541956877228,fraction_reads,0.01,139,0
Centrifuge,unified,Centrifuge_unified,ZymoMockD6331,ZymoMockD6331,pacbio,SRR13128013,210,210,                  Helicobacter pylori,Helicobacter pylori,species,0.0022015040242410857,fraction_reads,0.0,61,32
Centrifuge,unified,Centrifuge_unified,ZymoMockD6331,ZymoMockD6331,pacbio,SRR13128013,213,213,                  Helicobacter cinaedi,Helicobacter cinaedi,species,0.0005413534485838734,fraction_reads,0.0,15,15
Centrifuge,unified,Centrifuge_unified,ZymoMockD6331,ZymoMockD6331,pacbio,SRR13128013,104628,104628,                  Helicobacter suis,Helicobacter suis,species,0.0004691729887726904,fraction_reads,0.0,13,13
Centrifuge,unified,Centrifuge_unified,ZymoMockD6331,ZymoMockD6331,pacbio,SRR13128013,135569,135569,                  Helicobacter apodemus,Helicobacter apodemus,species,7.218045981118314e-05,fraction_reads,0.0,2,2
Centrifuge,unified,Centrifuge_unified,ZymoMockD6331,ZymoMockD6331,pacbio,SRR13128013,202747,202747,                  Sulfurimonas autotrophica,Sulfurimonas autotrophica,species,0.0020210528747131276,fraction_reads,0.0,56,0
Centrifuge,unified,Centrifuge_unified,ZymoMockD6331,ZymoMockD6331,pacbio,SRR13128013,2672570,2672570,                  Sulfurimonas aquatica,Sulfurimonas aquatica,species,0.0004691729887726904,fraction_reads,0.0,13,13
Centrifuge,unified,Centrifuge_unified,ZymoMockD6331,ZymoMockD6331,pacbio,SRR13128013,148813,148813,                  Sulfuricurvum kujiense,Sulfuricurvum kujiense,species,3.609022990559157e-05,fraction_reads,0.0,1,0
Centrifuge,unified,Centrifuge_unified,ZymoMockD6331,ZymoMockD6331,pacbio,SRR13128013,255507,255507,                  Aliarcobacter cibarius,Aliarcobacter cibarius,species,0.0005052632186782819,fraction_reads,0.0,14,14
Centrifuge,unified,Centrifuge_unified,ZymoMockD6331,ZymoMockD6331,pacbio,SRR13128013,28198,28198,                  Aliarcobacter cryaerophilus,Aliarcobacter cryaerophilus,species,0.00028872183924473255,fraction_reads,0.0,8,5
Centrifuge,unified,Centrifuge_unified,ZymoMockD6331,ZymoMockD6331,pacbio,SRR13128013,505249,505249,                  Malaciobacter marinus,Malaciobacter marinus,species,3.609022990559157e-05,fraction_reads,0.0,1,1
Centrifuge,unified,Centrifuge_unified,ZymoMockD6331,ZymoMockD6331,pacbio,SRR13128013,2993563,2993563,                  Hydrogenimonas cancrithermarum,Hydrogenimonas cancrithermarum,species,3.609022990559157e-05,fraction_reads,0.0,1,1
Centrifuge,unified,Centrifuge_unified,ZymoMockD6331,ZymoMockD6331,pacbio,SRR13128013,3391146,3391146,                    Sulfurovum sp. CS9,Sulfurovum sp. CS9,species,3.609022990559157e-05,fraction_reads,0.0,1,1
Centrifuge,unified,Centrifuge_unified,ZymoMockD6331,ZymoMockD6331,pacbio,SRR13128013,2773299,2773299,                  Desulfolutivibrio sulfoxidireducens,Desulfolutivibrio sulfoxidireducens,species,0.0012992482766012964,fraction_reads,0.0,36,36
Centrifuge,unified,Centrifuge_unified,ZymoMockD6331,ZymoMockD6331,pacbio,SRR13128013,63561,63561,                  Desulfolutivibrio sulfodismutans,Desulfolutivibrio sulfodismutans,species,0.00018045114952795784,fraction_reads,0.0,5,0
Centrifuge,unified,Centrifuge_unified,ZymoMockD6331,ZymoMockD6331,pacbio,SRR13128013,631220,631220,                    Desulfovibrio sp. G11,Desulfovibrio sp. G11,species,0.00014436091962236627,fraction_reads,0.0,4,4
Centrifuge,unified,Centrifuge_unified,ZymoMockD6331,ZymoMockD6331,pacbio,SRR13128013,191026,191026,                  Maridesulfovibrio hydrothermalis,Maridesulfovibrio hydrothermalis,species,0.00014436091962236627,fraction_reads,0.0,4,0
Centrifuge,unified,Centrifuge_unified,ZymoMockD6331,ZymoMockD6331,pacbio,SRR13128013,881,881,                  Nitratidesulfovibrio vulgaris,Nitratidesulfovibrio vulgaris,species,0.0001082706897167747,fraction_reads,0.0,3,0
Centrifuge,unified,Centrifuge_unified,ZymoMockD6331,ZymoMockD6331,pacbio,SRR13128013,879,879,                  Megalodesulfovibrio gigas,Megalodesulfovibrio gigas,species,7.218045981118314e-05,fraction_reads,0.0,2,0
Centrifuge,unified,Centrifuge_unified,ZymoMockD6331,ZymoMockD6331,pacbio,SRR13128013,3126690,3126690,                  Pseudodesulfovibrio methanolicus,Pseudodesulfovibrio methanolicus,species,3.609022990559157e-05,fraction_reads,0.0,1,1
Centrifuge,unified,Centrifuge_unified,ZymoMockD6331,ZymoMockD6331,pacbio,SRR13128013,29542,29542,                  Syntrophotalea acetylenica,Syntrophotalea acetylenica,species,3.609022990559157e-05,fraction_reads,0.0,1,1
Centrifuge,unified,Centrifuge_unified,ZymoMockD6331,ZymoMockD6331,pacbio,SRR13128013,35554,35554,                  Geobacter sulfurreducens,Geobacter sulfurreducens,species,3.609022990559157e-05,fraction_reads,0.0,1,1
Centrifuge,unified,Centrifuge_unified,ZymoMockD6331,ZymoMockD6331,pacbio,SRR13128013,959,959,                  Bdellovibrio bacteriovorus,Bdellovibrio bacteriovorus,species,0.0004330827588670988,fraction_reads,0.0,12,12
Centrifuge,unified,Centrifuge_unified,ZymoMockD6331,ZymoMockD6331,pacbio,SRR13128013,97084,97084,                  Halobacteriovorax marinus,Halobacteriovorax marinus,species,0.0003248120691503241,fraction_reads,0.0,9,0
Centrifuge,unified,Centrifuge_unified,ZymoMockD6331,ZymoMockD6331,pacbio,SRR13128013,3035702,3035702,                  Edaphobacter paludis,Edaphobacter paludis,species,0.00025263160933914095,fraction_reads,0.0,7,7
Centrifuge,unified,Centrifuge_unified,ZymoMockD6331,ZymoMockD6331,pacbio,SRR13128013,2851959,2851959,                  Chloracidobacterium aggregatum,Chloracidobacterium aggregatum,species,3.609022990559157e-05,fraction_reads,0.0,1,0
Centrifuge,unified,Centrifuge_unified,ZymoMockD6331,ZymoMockD6331,pacbio,SRR13128013,64160,64160,                  Desulfurobacterium thermolithotrophum,Desulfurobacterium thermolithotrophum,species,3.609022990559157e-05,fraction_reads,0.0,1,1
Centrifuge,unified,Centrifuge_unified,ZymoMockD6331,ZymoMockD6331,pacbio,SRR13128013,3025672,3025672,                  Lacticaseibacillus pabuli,Lacticaseibacillus pabuli,species,18.34206536445899,fraction_reads,18.34,508228,508228
Centrifuge,unified,Centrifuge_unified,ZymoMockD6331,ZymoMockD6331,pacbio,SRR13128013,1597,1597,                  Lacticaseibacillus paracasei,Lacticaseibacillus paracasei,species,0.030099251741263367,fraction_reads,0.03,834,37
Centrifuge,unified,Centrifuge_unified,ZymoMockD6331,ZymoMockD6331,pacbio,SRR13128013,47715,47715,                  Lacticaseibacillus rhamnosus,Lacticaseibacillus rhamnosus,species,0.0010105264373565638,fraction_reads,0.0,28,28
Centrifuge,unified,Centrifuge_unified,ZymoMockD6331,ZymoMockD6331,pacbio,SRR13128013,57037,57037,                  Lacticaseibacillus zeae,Lacticaseibacillus zeae,species,0.00025263160933914095,fraction_reads,0.0,7,7
Centrifuge,unified,Centrifuge_unified,ZymoMockD6331,ZymoMockD6331,pacbio,SRR13128013,1582,1582,                  Lacticaseibacillus casei,Lacticaseibacillus casei,species,0.0001082706897167747,fraction_reads,0.0,3,0
Centrifuge,unified,Centrifuge_unified,ZymoMockD6331,ZymoMockD6331,pacbio,SRR13128013,1613,1613,                  Limosilactobacillus fermentum,Limosilactobacillus fermentum,species,0.30442108925366484,fraction_reads,0.3,8435,8435
Centrifuge,unified,Centrifuge_unified,ZymoMockD6331,ZymoMockD6331,pacbio,SRR13128013,1598,1598,                  Limosilactobacillus reuteri,Limosilactobacillus reuteri,species,0.0018045114952795784,fraction_reads,0.0,50,4
Centrifuge,unified,Centrifuge_unified,ZymoMockD6331,ZymoMockD6331,pacbio,SRR13128013,3142938,3142938,                  Limosilactobacillus allomucosae,Limosilactobacillus allomucosae,species,0.0007939850579230146,fraction_reads,0.0,22,22
Centrifuge,unified,Centrifuge_unified,ZymoMockD6331,ZymoMockD6331,pacbio,SRR13128013,227942,227942,                  Limosilactobacillus gastricus,Limosilactobacillus gastricus,species,0.0006857143682062398,fraction_reads,0.0,19,19
Centrifuge,unified,Centrifuge_unified,ZymoMockD6331,ZymoMockD6331,pacbio,SRR13128013,1632,1632,                  Limosilactobacillus oris,Limosilactobacillus oris,species,0.0004330827588670988,fraction_reads,0.0,12,12
Centrifuge,unified,Centrifuge_unified,ZymoMockD6331,ZymoMockD6331,pacbio,SRR13128013,97478,97478,                  Limosilactobacillus mucosae,Limosilactobacillus mucosae,species,3.609022990559157e-05,fraction_reads,0.0,1,1
Centrifuge,unified,Centrifuge_unified,ZymoMockD6331,ZymoMockD6331,pacbio,SRR13128013,1587,1587,                  Lactobacillus helveticus,Lactobacillus helveticus,species,0.006604512072723257,fraction_reads,0.01,183,183
Centrifuge,unified,Centrifuge_unified,ZymoMockD6331,ZymoMockD6331,pacbio,SRR13128013,1596,1596,                  Lactobacillus gasseri,Lactobacillus gasseri,species,0.0011909775868845216,fraction_reads,0.0,33,33
Centrifuge,unified,Centrifuge_unified,ZymoMockD6331,ZymoMockD6331,pacbio,SRR13128013,33959,33959,                  Lactobacillus johnsonii,Lactobacillus johnsonii,species,0.0007939850579230146,fraction_reads,0.0,22,22
Centrifuge,unified,Centrifuge_unified,ZymoMockD6331,ZymoMockD6331,pacbio,SRR13128013,267818,267818,                  Lactobacillus kefiranofaciens,Lactobacillus kefiranofaciens,species,0.0007939850579230146,fraction_reads,0.0,22,0
Centrifuge,unified,Centrifuge_unified,ZymoMockD6331,ZymoMockD6331,pacbio,SRR13128013,1584,1584,                  Lactobacillus delbrueckii,Lactobacillus delbrueckii,species,0.0006496241383006482,fraction_reads,0.0,18,0
Centrifuge,unified,Centrifuge_unified,ZymoMockD6331,ZymoMockD6331,pacbio,SRR13128013,47770,47770,                  Lactobacillus crispatus,Lactobacillus crispatus,species,0.0004330827588670988,fraction_reads,0.0,12,12
Centrifuge,unified,Centrifuge_unified,ZymoMockD6331,ZymoMockD6331,pacbio,SRR13128013,2099789,2099789,                    Lactobacillus sp. CBA3606,Lactobacillus sp. CBA3606,species,0.00014436091962236627,fraction_reads,0.0,4,4
Centrifuge,unified,Centrifuge_unified,ZymoMockD6331,ZymoMockD6331,pacbio,SRR13128013,2099788,2099788,                    Lactobacillus sp. CBA3605,Lactobacillus sp. CBA3605,species,3.609022990559157e-05,fraction_reads,0.0,1,1
Centrifuge,unified,Centrifuge_unified,ZymoMockD6331,ZymoMockD6331,pacbio,SRR13128013,2879107,2879107,                    Lactobacillus sp. IBH004,Lactobacillus sp. IBH004,species,3.609022990559157e-05,fraction_reads,0.0,1,1
Centrifuge,unified,Centrifuge_unified,ZymoMockD6331,ZymoMockD6331,pacbio,SRR13128013,508451,508451,                  Lactobacillus taiwanensis,Lactobacillus taiwanensis,species,7.218045981118314e-05,fraction_reads,0.0,2,2
Centrifuge,unified,Centrifuge_unified,ZymoMockD6331,ZymoMockD6331,pacbio,SRR13128013,1604,1604,                  Lactobacillus amylovorus,Lactobacillus amylovorus,species,3.609022990559157e-05,fraction_reads,0.0,1,1
Centrifuge,unified,Centrifuge_unified,ZymoMockD6331,ZymoMockD6331,pacbio,SRR13128013,83683,83683,                  Lactobacillus amylolyticus,Lactobacillus amylolyticus,species,3.609022990559157e-05,fraction_reads,0.0,1,1
Centrifuge,unified,Centrifuge_unified,ZymoMockD6331,ZymoMockD6331,pacbio,SRR13128013,151781,151781,                  Lactobacillus intestinalis,Lactobacillus intestinalis,species,3.609022990559157e-05,fraction_reads,0.0,1,1
Centrifuge,unified,Centrifuge_unified,ZymoMockD6331,ZymoMockD6331,pacbio,SRR13128013,1218494,1218494,                  Lactobacillus helsingborgensis,Lactobacillus helsingborgensis,species,3.609022990559157e-05,fraction_reads,0.0,1,1
Centrifuge,unified,Centrifuge_unified,ZymoMockD6331,ZymoMockD6331,pacbio,SRR13128013,1590,1590,                  Lactiplantibacillus plantarum,Lactiplantibacillus plantarum,species,0.008842106326869935,fraction_reads,0.01,245,241
Centrifuge,unified,Centrifuge_unified,ZymoMockD6331,ZymoMockD6331,pacbio,SRR13128013,1589,1589,                  Lactiplantibacillus pentosus,Lactiplantibacillus pentosus,species,7.218045981118314e-05,fraction_reads,0.0,2,2
Centrifuge,unified,Centrifuge_unified,ZymoMockD6331,ZymoMockD6331,pacbio,SRR13128013,83526,83526,                  Companilactobacillus paralimentarius,Companilactobacillus paralimentarius,species,0.005702256325083467,fraction_reads,0.01,158,158
Centrifuge,unified,Centrifuge_unified,ZymoMockD6331,ZymoMockD6331,pacbio,SRR13128013,938155,938155,                  Companilactobacillus futsaii,Companilactobacillus futsaii,species,0.0006857143682062398,fraction_reads,0.0,19,19
Centrifuge,unified,Centrifuge_unified,ZymoMockD6331,ZymoMockD6331,pacbio,SRR13128013,2714036,2714036,                  Companilactobacillus pabuli,Companilactobacillus pabuli,species,0.0001082706897167747,fraction_reads,0.0,3,3
Centrifuge,unified,Centrifuge_unified,ZymoMockD6331,ZymoMockD6331,pacbio,SRR13128013,1580,1580,                  Levilactobacillus brevis,Levilactobacillus brevis,species,0.0025624063232970013,fraction_reads,0.0,71,68
Centrifuge,unified,Centrifuge_unified,ZymoMockD6331,ZymoMockD6331,pacbio,SRR13128013,2292255,2292255,                  Levilactobacillus suantsaii,Levilactobacillus suantsaii,species,0.0002165413794335494,fraction_reads,0.0,6,6
Centrifuge,unified,Centrifuge_unified,ZymoMockD6331,ZymoMockD6331,pacbio,SRR13128013,3242691,3242691,                    Levilactobacillus sp. FUA 3915,Levilactobacillus sp. FUA 3915,species,0.0001082706897167747,fraction_reads,0.0,3,3
Centrifuge,unified,Centrifuge_unified,ZymoMockD6331,ZymoMockD6331,pacbio,SRR13128013,267363,267363,                  Levilactobacillus zymae,Levilactobacillus zymae,species,7.218045981118314e-05,fraction_reads,0.0,2,2
Centrifuge,unified,Centrifuge_unified,ZymoMockD6331,ZymoMockD6331,pacbio,SRR13128013,357278,357278,                  Levilactobacillus parabrevis,Levilactobacillus parabrevis,species,7.218045981118314e-05,fraction_reads,0.0,2,2
Centrifuge,unified,Centrifuge_unified,ZymoMockD6331,ZymoMockD6331,pacbio,SRR13128013,1599,1599,                  Latilactobacillus sakei,Latilactobacillus sakei,species,0.0024541356335802266,fraction_reads,0.0,68,68
Centrifuge,unified,Centrifuge_unified,ZymoMockD6331,ZymoMockD6331,pacbio,SRR13128013,28038,28038,                  Latilactobacillus curvatus,Latilactobacillus curvatus,species,0.00028872183924473255,fraction_reads,0.0,8,8
Centrifuge,unified,Centrifuge_unified,ZymoMockD6331,ZymoMockD6331,pacbio,SRR13128013,1624,1624,                  Ligilactobacillus salivarius,Ligilactobacillus salivarius,species,0.002418045403674635,fraction_reads,0.0,67,67
Centrifuge,unified,Centrifuge_unified,ZymoMockD6331,ZymoMockD6331,pacbio,SRR13128013,1622,1622,                  Ligilactobacillus murinus,Ligilactobacillus murinus,species,0.00014436091962236627,fraction_reads,0.0,4,4
Centrifuge,unified,Centrifuge_unified,ZymoMockD6331,ZymoMockD6331,pacbio,SRR13128013,1601,1601,                  Ligilactobacillus agilis,Ligilactobacillus agilis,species,3.609022990559157e-05,fraction_reads,0.0,1,1
Centrifuge,unified,Centrifuge_unified,ZymoMockD6331,ZymoMockD6331,pacbio,SRR13128013,228229,228229,                  Ligilactobacillus saerimneri,Ligilactobacillus saerimneri,species,3.609022990559157e-05,fraction_reads,0.0,1,1
Centrifuge,unified,Centrifuge_unified,ZymoMockD6331,ZymoMockD6331,pacbio,SRR13128013,1255,1255,                  Pediococcus pentosaceus,Pediococcus pentosaceus,species,0.001263158046695705,fraction_reads,0.0,35,35
Centrifuge,unified,Centrifuge_unified,ZymoMockD6331,ZymoMockD6331,pacbio,SRR13128013,1670797,1670797,                  Pediococcus acidilactici group,Pediococcus acidilactici group,species,0.0004691729887726904,fraction_reads,0.0,13,0
Centrifuge,unified,Centrifuge_unified,ZymoMockD6331,ZymoMockD6331,pacbio,SRR13128013,1254,1254,                    Pediococcus acidilactici,Pediococcus acidilactici,species,0.0004691729887726904,fraction_reads,0.0,13,13
Centrifuge,unified,Centrifuge_unified,ZymoMockD6331,ZymoMockD6331,pacbio,SRR13128013,1581,1581,                  Lentilactobacillus buchneri,Lentilactobacillus buchneri,species,0.0007578948280174229,fraction_reads,0.0,21,11
Centrifuge,unified,Centrifuge_unified,ZymoMockD6331,ZymoMockD6331,pacbio,SRR13128013,1583,1583,                  Weissella confusa,Weissella confusa,species,0.0005052632186782819,fraction_reads,0.0,14,14
Centrifuge,unified,Centrifuge_unified,ZymoMockD6331,ZymoMockD6331,pacbio,SRR13128013,137591,137591,                  Weissella cibaria,Weissella cibaria,species,7.218045981118314e-05,fraction_reads,0.0,2,2
Centrifuge,unified,Centrifuge_unified,ZymoMockD6331,ZymoMockD6331,pacbio,SRR13128013,1245,1245,                  Leuconostoc mesenteroides,Leuconostoc mesenteroides,species,0.0003248120691503241,fraction_reads,0.0,9,4
Centrifuge,unified,Centrifuge_unified,ZymoMockD6331,ZymoMockD6331,pacbio,SRR13128013,33964,33964,                  Leuconostoc citreum,Leuconostoc citreum,species,0.0001082706897167747,fraction_reads,0.0,3,0
Centrifuge,unified,Centrifuge_unified,ZymoMockD6331,ZymoMockD6331,pacbio,SRR13128013,231049,231049,                  Furfurilactobacillus rossiae,Furfurilactobacillus rossiae,species,0.00014436091962236627,fraction_reads,0.0,4,4
Centrifuge,unified,Centrifuge_unified,ZymoMockD6331,ZymoMockD6331,pacbio,SRR13128013,82688,82688,                  Liquorilactobacillus nagelii,Liquorilactobacillus nagelii,species,0.0001082706897167747,fraction_reads,0.0,3,0
Centrifuge,unified,Centrifuge_unified,ZymoMockD6331,ZymoMockD6331,pacbio,SRR13128013,1247,1247,                  Oenococcus oeni,Oenococcus oeni,species,7.218045981118314e-05,fraction_reads,0.0,2,2
Centrifuge,unified,Centrifuge_unified,ZymoMockD6331,ZymoMockD6331,pacbio,SRR13128013,1610,1610,                  Loigolactobacillus coryniformis,Loigolactobacillus coryniformis,species,3.609022990559157e-05,fraction_reads,0.0,1,0
Centrifuge,unified,Centrifuge_unified,ZymoMockD6331,ZymoMockD6331,pacbio,SRR13128013,1354,1354,                  Enterococcus hirae,Enterococcus hirae,species,0.021545867253638166,fraction_reads,0.02,597,597
Centrifuge,unified,Centrifuge_unified,ZymoMockD6331,ZymoMockD6331,pacbio,SRR13128013,1351,1351,                  Enterococcus faecalis,Enterococcus faecalis,species,0.007975940809135735,fraction_reads,0.01,221,202
Centrifuge,unified,Centrifuge_unified,ZymoMockD6331,ZymoMockD6331,pacbio,SRR13128013,1352,1352,                  Enterococcus faecium,Enterococcus faecium,species,0.0068210534521568065,fraction_reads,0.01,189,180
Centrifuge,unified,Centrifuge_unified,ZymoMockD6331,ZymoMockD6331,pacbio,SRR13128013,44008,44008,                  Enterococcus cecorum,Enterococcus cecorum,species,0.0012270678167901133,fraction_reads,0.0,34,34
Centrifuge,unified,Centrifuge_unified,ZymoMockD6331,ZymoMockD6331,pacbio,SRR13128013,37734,37734,                  Enterococcus casseliflavus,Enterococcus casseliflavus,species,0.0004691729887726904,fraction_reads,0.0,13,13
Centrifuge,unified,Centrifuge_unified,ZymoMockD6331,ZymoMockD6331,pacbio,SRR13128013,53346,53346,                  Enterococcus mundtii,Enterococcus mundtii,species,0.0003609022990559157,fraction_reads,0.0,10,10
Centrifuge,unified,Centrifuge_unified,ZymoMockD6331,ZymoMockD6331,pacbio,SRR13128013,357441,357441,                  Enterococcus lactis,Enterococcus lactis,species,0.00014436091962236627,fraction_reads,0.0,4,4
Centrifuge,unified,Centrifuge_unified,ZymoMockD6331,ZymoMockD6331,pacbio,SRR13128013,2005703,2005703,                  Enterococcus wangshanyuanii,Enterococcus wangshanyuanii,species,7.218045981118314e-05,fraction_reads,0.0,2,2
Centrifuge,unified,Centrifuge_unified,ZymoMockD6331,ZymoMockD6331,pacbio,SRR13128013,1353,1353,                  Enterococcus gallinarum,Enterococcus gallinarum,species,3.609022990559157e-05,fraction_reads,0.0,1,1
Centrifuge,unified,Centrifuge_unified,ZymoMockD6331,ZymoMockD6331,pacbio,SRR13128013,53345,53345,                  Enterococcus durans,Enterococcus durans,species,3.609022990559157e-05,fraction_reads,0.0,1,1
Centrifuge,unified,Centrifuge_unified,ZymoMockD6331,ZymoMockD6331,pacbio,SRR13128013,3044568,3044568,                    Enterococcus sp. ZQ21,Enterococcus sp. ZQ21,species,3.609022990559157e-05,fraction_reads,0.0,1,1
Centrifuge,unified,Centrifuge_unified,ZymoMockD6331,ZymoMockD6331,pacbio,SRR13128013,33970,33970,                  Melissococcus plutonius,Melissococcus plutonius,species,7.218045981118314e-05,fraction_reads,0.0,2,2
Centrifuge,unified,Centrifuge_unified,ZymoMockD6331,ZymoMockD6331,pacbio,SRR13128013,1917441,1917441,                  Streptococcus ruminantium,Streptococcus ruminantium,species,0.007073685061495947,fraction_reads,0.01,196,196
Centrifuge,unified,Centrifuge_unified,ZymoMockD6331,ZymoMockD6331,pacbio,SRR13128013,1302,1302,                  Streptococcus gordonii,Streptococcus gordonii,species,0.0047278201176324955,fraction_reads,0.0,131,131
Centrifuge,unified,Centrifuge_unified,ZymoMockD6331,ZymoMockD6331,pacbio,SRR13128013,1314,1314,                  Streptococcus pyogenes,Streptococcus pyogenes,species,0.0033924816111256073,fraction_reads,0.0,94,94
Centrifuge,unified,Centrifuge_unified,ZymoMockD6331,ZymoMockD6331,pacbio,SRR13128013,1313,1313,                  Streptococcus pneumoniae,Streptococcus pneumoniae,species,0.0024541356335802266,fraction_reads,0.0,68,57
Centrifuge,unified,Centrifuge_unified,ZymoMockD6331,ZymoMockD6331,pacbio,SRR13128013,1311,1311,                  Streptococcus agalactiae,Streptococcus agalactiae,species,0.001407518966318071,fraction_reads,0.0,39,17
Centrifuge,unified,Centrifuge_unified,ZymoMockD6331,ZymoMockD6331,pacbio,SRR13128013,1307,1307,                  Streptococcus suis,Streptococcus suis,species,0.001263158046695705,fraction_reads,0.0,35,35
Centrifuge,unified,Centrifuge_unified,ZymoMockD6331,ZymoMockD6331,pacbio,SRR13128013,1308,1308,                  Streptococcus thermophilus,Streptococcus thermophilus,species,0.0012270678167901133,fraction_reads,0.0,34,34
Centrifuge,unified,Centrifuge_unified,ZymoMockD6331,ZymoMockD6331,pacbio,SRR13128013,1304,1304,                  Streptococcus salivarius,Streptococcus salivarius,species,0.0006857143682062398,fraction_reads,0.0,19,19
Centrifuge,unified,Centrifuge_unified,ZymoMockD6331,ZymoMockD6331,pacbio,SRR13128013,257758,257758,                  Streptococcus pseudopneumoniae,Streptococcus pseudopneumoniae,species,0.0003969925289615073,fraction_reads,0.0,11,0
Centrifuge,unified,Centrifuge_unified,ZymoMockD6331,ZymoMockD6331,pacbio,SRR13128013,3028084,3028084,                  Streptococcus iners,Streptococcus iners,species,0.00025263160933914095,fraction_reads,0.0,7,0
Centrifuge,unified,Centrifuge_unified,ZymoMockD6331,ZymoMockD6331,pacbio,SRR13128013,1335,1335,                  Streptococcus equinus,Streptococcus equinus,species,0.00018045114952795784,fraction_reads,0.0,5,5
Centrifuge,unified,Centrifuge_unified,ZymoMockD6331,ZymoMockD6331,pacbio,SRR13128013,150055,150055,                  Streptococcus lutetiensis,Streptococcus lutetiensis,species,0.00014436091962236627,fraction_reads,0.0,4,4
Centrifuge,unified,Centrifuge_unified,ZymoMockD6331,ZymoMockD6331,pacbio,SRR13128013,1303,1303,                  Streptococcus oralis,Streptococcus oralis,species,0.0001082706897167747,fraction_reads,0.0,3,3
Centrifuge,unified,Centrifuge_unified,ZymoMockD6331,ZymoMockD6331,pacbio,SRR13128013,119603,119603,                  Streptococcus dysgalactiae group,Streptococcus dysgalactiae group,species,0.0001082706897167747,fraction_reads,0.0,3,0
Centrifuge,unified,Centrifuge_unified,ZymoMockD6331,ZymoMockD6331,pacbio,SRR13128013,1334,1334,                    Streptococcus dysgalactiae,Streptococcus dysgalactiae,species,0.0001082706897167747,fraction_reads,0.0,3,1
Centrifuge,unified,Centrifuge_unified,ZymoMockD6331,ZymoMockD6331,pacbio,SRR13128013,671232,671232,                  Streptococcus anginosus group,Streptococcus anginosus group,species,0.0001082706897167747,fraction_reads,0.0,3,0
Centrifuge,unified,Centrifuge_unified,ZymoMockD6331,ZymoMockD6331,pacbio,SRR13128013,1328,1328,                    Streptococcus anginosus,Streptococcus anginosus,species,7.218045981118314e-05,fraction_reads,0.0,2,2
Centrifuge,unified,Centrifuge_unified,ZymoMockD6331,ZymoMockD6331,pacbio,SRR13128013,76860,76860,                    Streptococcus constellatus,Streptococcus constellatus,species,3.609022990559157e-05,fraction_reads,0.0,1,0
Centrifuge,unified,Centrifuge_unified,ZymoMockD6331,ZymoMockD6331,pacbio,SRR13128013,2686210,2686210,                  Streptococcus ruminicola,Streptococcus ruminicola,species,7.218045981118314e-05,fraction_reads,0.0,2,2
Centrifuge,unified,Centrifuge_unified,ZymoMockD6331,ZymoMockD6331,pacbio,SRR13128013,1309,1309,                  Streptococcus mutans,Streptococcus mutans,species,3.609022990559157e-05,fraction_reads,0.0,1,1
Centrifuge,unified,Centrifuge_unified,ZymoMockD6331,ZymoMockD6331,pacbio,SRR13128013,1346,1346,                  Streptococcus iniae,Streptococcus iniae,species,3.609022990559157e-05,fraction_reads,0.0,1,1
Centrifuge,unified,Centrifuge_unified,ZymoMockD6331,ZymoMockD6331,pacbio,SRR13128013,82348,82348,                  Streptococcus pluranimalium,Streptococcus pluranimalium,species,3.609022990559157e-05,fraction_reads,0.0,1,1
Centrifuge,unified,Centrifuge_unified,ZymoMockD6331,ZymoMockD6331,pacbio,SRR13128013,315405,315405,                  Streptococcus gallolyticus,Streptococcus gallolyticus,species,3.609022990559157e-05,fraction_reads,0.0,1,0
Centrifuge,unified,Centrifuge_unified,ZymoMockD6331,ZymoMockD6331,pacbio,SRR13128013,3077584,3077584,                    Streptococcus sp. DTU_2020_1001019_1_SI_AUS_MUR_006,Streptococcus sp. DTU_2020_1001019_1_SI AUS_MUR_006,species,3.609022990559157e-05,fraction_reads,0.0,1,1
Centrifuge,unified,Centrifuge_unified,ZymoMockD6331,ZymoMockD6331,pacbio,SRR13128013,1358,1358,                  Lactococcus lactis,Lactococcus lactis,species,0.0033924816111256073,fraction_reads,0.0,94,7
Centrifuge,unified,Centrifuge_unified,ZymoMockD6331,ZymoMockD6331,pacbio,SRR13128013,1281486,1281486,                  Lactococcus formosensis,Lactococcus formosensis,species,0.0006857143682062398,fraction_reads,0.0,19,19
Centrifuge,unified,Centrifuge_unified,ZymoMockD6331,ZymoMockD6331,pacbio,SRR13128013,1363,1363,                  Lactococcus garvieae,Lactococcus garvieae,species,0.00028872183924473255,fraction_reads,0.0,8,8
Centrifuge,unified,Centrifuge_unified,ZymoMockD6331,ZymoMockD6331,pacbio,SRR13128013,1359,1359,                  Lactococcus cremoris,Lactococcus cremoris,species,0.00025263160933914095,fraction_reads,0.0,7,7
Centrifuge,unified,Centrifuge_unified,ZymoMockD6331,ZymoMockD6331,pacbio,SRR13128013,2751,2751,                  Carnobacterium maltaromaticum,Carnobacterium maltaromaticum,species,0.0006135339083950566,fraction_reads,0.0,17,17
Centrifuge,unified,Centrifuge_unified,ZymoMockD6331,ZymoMockD6331,pacbio,SRR13128013,29394,29394,                  Dolosigranulum pigrum,Dolosigranulum pigrum,species,0.0003969925289615073,fraction_reads,0.0,11,11
Centrifuge,unified,Centrifuge_unified,ZymoMockD6331,ZymoMockD6331,pacbio,SRR13128013,653685,653685,                  Bacillus subtilis group,Bacillus subtilis group,species,0.10624963684206157,fraction_reads,0.11,2944,0
Centrifuge,unified,Centrifuge_unified,ZymoMockD6331,ZymoMockD6331,pacbio,SRR13128013,1938374,1938374,                    Bacillus amyloliquefaciens group,Bacillus amyloliquefaciens group,species,0.09867068856188735,fraction_reads,0.1,2734,1
Centrifuge,unified,Centrifuge_unified,ZymoMockD6331,ZymoMockD6331,pacbio,SRR13128013,492670,492670,                      Bacillus velezensis,Bacillus velezensis,species,0.09776843281424756,fraction_reads,0.1,2709,2709
Centrifuge,unified,Centrifuge_unified,ZymoMockD6331,ZymoMockD6331,pacbio,SRR13128013,1390,1390,                      Bacillus amyloliquefaciens,Bacillus amyloliquefaciens,species,0.0004691729887726904,fraction_reads,0.0,13,8
Centrifuge,unified,Centrifuge_unified,ZymoMockD6331,ZymoMockD6331,pacbio,SRR13128013,659243,659243,                      Bacillus siamensis,Bacillus siamensis,species,0.0003969925289615073,fraction_reads,0.0,11,11
Centrifuge,unified,Centrifuge_unified,ZymoMockD6331,ZymoMockD6331,pacbio,SRR13128013,1423,1423,                    Bacillus subtilis,Bacillus subtilis,species,0.004294737358765397,fraction_reads,0.0,119,101
Centrifuge,unified,Centrifuge_unified,ZymoMockD6331,ZymoMockD6331,pacbio,SRR13128013,1402,1402,                    Bacillus licheniformis,Bacillus licheniformis,species,0.001912782184996353,fraction_reads,0.0,53,53
Centrifuge,unified,Centrifuge_unified,ZymoMockD6331,ZymoMockD6331,pacbio,SRR13128013,653388,653388,                    Bacillus mojavensis subgroup,Bacillus mojavensis subgroup,species,0.0007578948280174229,fraction_reads,0.0,21,0
Centrifuge,unified,Centrifuge_unified,ZymoMockD6331,ZymoMockD6331,pacbio,SRR13128013,260554,260554,                      Bacillus halotolerans,Bacillus halotolerans,species,0.0007578948280174229,fraction_reads,0.0,21,21
Centrifuge,unified,Centrifuge_unified,ZymoMockD6331,ZymoMockD6331,pacbio,SRR13128013,1452,1452,                    Bacillus atrophaeus,Bacillus atrophaeus,species,0.0003969925289615073,fraction_reads,0.0,11,11
Centrifuge,unified,Centrifuge_unified,ZymoMockD6331,ZymoMockD6331,pacbio,SRR13128013,96241,96241,                    Bacillus spizizenii,Bacillus spizizenii,species,0.0002165413794335494,fraction_reads,0.0,6,6
Centrifuge,unified,Centrifuge_unified,ZymoMockD6331,ZymoMockD6331,pacbio,SRR13128013,86661,86661,                  Bacillus cereus group,Bacillus cereus group,species,0.032517297144938,fraction_reads,0.03,901,0
Centrifuge,unified,Centrifuge_unified,ZymoMockD6331,ZymoMockD6331,pacbio,SRR13128013,1396,1396,                    Bacillus cereus,Bacillus cereus,species,0.028366920705794975,fraction_reads,0.03,786,707
Centrifuge,unified,Centrifuge_unified,ZymoMockD6331,ZymoMockD6331,pacbio,SRR13128013,1392,1392,                    Bacillus anthracis,Bacillus anthracis,species,0.0015879701158460291,fraction_reads,0.0,44,43
Centrifuge,unified,Centrifuge_unified,ZymoMockD6331,ZymoMockD6331,pacbio,SRR13128013,1428,1428,                    Bacillus thuringiensis,Bacillus thuringiensis,species,0.0009744362074509723,fraction_reads,0.0,27,22
Centrifuge,unified,Centrifuge_unified,ZymoMockD6331,ZymoMockD6331,pacbio,SRR13128013,580165,580165,                    Bacillus cytotoxicus,Bacillus cytotoxicus,species,0.0005774436784894651,fraction_reads,0.0,16,16
Centrifuge,unified,Centrifuge_unified,ZymoMockD6331,ZymoMockD6331,pacbio,SRR13128013,1405,1405,                    Bacillus mycoides,Bacillus mycoides,species,0.0005413534485838734,fraction_reads,0.0,15,15
Centrifuge,unified,Centrifuge_unified,ZymoMockD6331,ZymoMockD6331,pacbio,SRR13128013,1890302,1890302,                    Bacillus wiedmannii,Bacillus wiedmannii,species,0.00028872183924473255,fraction_reads,0.0,8,8
Centrifuge,unified,Centrifuge_unified,ZymoMockD6331,ZymoMockD6331,pacbio,SRR13128013,2026189,2026189,                    Bacillus albus,Bacillus albus,species,0.0001082706897167747,fraction_reads,0.0,3,3
Centrifuge,unified,Centrifuge_unified,ZymoMockD6331,ZymoMockD6331,pacbio,SRR13128013,2026186,2026186,                    Bacillus paranthracis,Bacillus paranthracis,species,7.218045981118314e-05,fraction_reads,0.0,2,2
Centrifuge,unified,Centrifuge_unified,ZymoMockD6331,ZymoMockD6331,pacbio,SRR13128013,1792192,1792192,                  Bacillus altitudinis complex,Bacillus altitudinis complex,species,0.002418045403674635,fraction_reads,0.0,67,0
Centrifuge,unified,Centrifuge_unified,ZymoMockD6331,ZymoMockD6331,pacbio,SRR13128013,293387,293387,                    Bacillus altitudinis,Bacillus altitudinis,species,0.002418045403674635,fraction_reads,0.0,67,67
Centrifuge,unified,Centrifuge_unified,ZymoMockD6331,ZymoMockD6331,pacbio,SRR13128013,561879,561879,                  Bacillus safensis,Bacillus safensis,species,0.001912782184996353,fraction_reads,0.0,53,53
Centrifuge,unified,Centrifuge_unified,ZymoMockD6331,ZymoMockD6331,pacbio,SRR13128013,2874284,2874284,                    Bacillus sp. CRB-7,Bacillus sp. CRB-7,species,0.0011548873569789302,fraction_reads,0.0,32,32
Centrifuge,unified,Centrifuge_unified,ZymoMockD6331,ZymoMockD6331,pacbio,SRR13128013,467262,467262,                    Bacillus sp. T3,Bacillus sp. T3,species,7.218045981118314e-05,fraction_reads,0.0,2,2
Centrifuge,unified,Centrifuge_unified,ZymoMockD6331,ZymoMockD6331,pacbio,SRR13128013,2682541,2682541,                    Bacillus sp. N1-1,Bacillus sp. N1-1,species,7.218045981118314e-05,fraction_reads,0.0,2,2
Centrifuge,unified,Centrifuge_unified,ZymoMockD6331,ZymoMockD6331,pacbio,SRR13128013,228104,228104,                    Bacillus sp. A1,Bacillus sp. A1,species,3.609022990559157e-05,fraction_reads,0.0,1,1
Centrifuge,unified,Centrifuge_unified,ZymoMockD6331,ZymoMockD6331,pacbio,SRR13128013,2582827,2582827,                    Bacillus sp. KBS0812,Bacillus sp. KBS0812,species,3.609022990559157e-05,fraction_reads,0.0,1,1
Centrifuge,unified,Centrifuge_unified,ZymoMockD6331,ZymoMockD6331,pacbio,SRR13128013,2665175,2665175,                    Bacillus sp. AM1(2019),Bacillus sp. AM1(2019),species,3.609022990559157e-05,fraction_reads,0.0,1,1
Centrifuge,unified,Centrifuge_unified,ZymoMockD6331,ZymoMockD6331,pacbio,SRR13128013,2921530,2921530,                    Bacillus sp. FSL M7-0307,Bacillus sp. FSL M7-0307,species,3.609022990559157e-05,fraction_reads,0.0,1,1
Centrifuge,unified,Centrifuge_unified,ZymoMockD6331,ZymoMockD6331,pacbio,SRR13128013,3139388,3139388,                    Bacillus sp. YBsi01,Bacillus sp. YBsi01,species,3.609022990559157e-05,fraction_reads,0.0,1,1
Centrifuge,unified,Centrifuge_unified,ZymoMockD6331,ZymoMockD6331,pacbio,SRR13128013,3229854,3229854,                  Bacillus maqinnsis,Bacillus maqinnsis,species,0.00018045114952795784,fraction_reads,0.0,5,5
Centrifuge,unified,Centrifuge_unified,ZymoMockD6331,ZymoMockD6331,pacbio,SRR13128013,1408,1408,                  Bacillus pumilus,Bacillus pumilus,species,0.00014436091962236627,fraction_reads,0.0,4,4
Centrifuge,unified,Centrifuge_unified,ZymoMockD6331,ZymoMockD6331,pacbio,SRR13128013,86664,86664,                  Priestia flexa,Priestia flexa,species,0.0011548873569789302,fraction_reads,0.0,32,32
Centrifuge,unified,Centrifuge_unified,ZymoMockD6331,ZymoMockD6331,pacbio,SRR13128013,1404,1404,                  Priestia megaterium,Priestia megaterium,species,0.0007578948280174229,fraction_reads,0.0,21,21
Centrifuge,unified,Centrifuge_unified,ZymoMockD6331,ZymoMockD6331,pacbio,SRR13128013,1402861,1402861,                  Priestia filamentosa,Priestia filamentosa,species,0.0007218045981118314,fraction_reads,0.0,20,20
Centrifuge,unified,Centrifuge_unified,ZymoMockD6331,ZymoMockD6331,pacbio,SRR13128013,412384,412384,                  Priestia aryabhattai,Priestia aryabhattai,species,0.0003248120691503241,fraction_reads,0.0,9,9
Centrifuge,unified,Centrifuge_unified,ZymoMockD6331,ZymoMockD6331,pacbio,SRR13128013,79885,79885,                  Alkalihalophilus pseudofirmus,Alkalihalophilus pseudofirmus,species,0.0003609022990559157,fraction_reads,0.0,10,0
Centrifuge,unified,Centrifuge_unified,ZymoMockD6331,ZymoMockD6331,pacbio,SRR13128013,189381,189381,                  Rossellomorea marisflavi,Rossellomorea marisflavi,species,0.00018045114952795784,fraction_reads,0.0,5,5
Centrifuge,unified,Centrifuge_unified,ZymoMockD6331,ZymoMockD6331,pacbio,SRR13128013,2419842,2419842,                    Virgibacillus sp. Bac332,Virgibacillus sp. Bac332,species,0.0001082706897167747,fraction_reads,0.0,3,3
Centrifuge,unified,Centrifuge_unified,ZymoMockD6331,ZymoMockD6331,pacbio,SRR13128013,1482,1482,                  Virgibacillus halodenitrificans,Virgibacillus halodenitrificans,species,3.609022990559157e-05,fraction_reads,0.0,1,1
Centrifuge,unified,Centrifuge_unified,ZymoMockD6331,ZymoMockD6331,pacbio,SRR13128013,1421,1421,                  Lysinibacillus sphaericus,Lysinibacillus sphaericus,species,0.0001082706897167747,fraction_reads,0.0,3,2
Centrifuge,unified,Centrifuge_unified,ZymoMockD6331,ZymoMockD6331,pacbio,SRR13128013,759811,759811,                  Lysinibacillus pakistanensis,Lysinibacillus pakistanensis,species,3.609022990559157e-05,fraction_reads,0.0,1,1
Centrifuge,unified,Centrifuge_unified,ZymoMockD6331,ZymoMockD6331,pacbio,SRR13128013,45668,45668,                  Halobacillus litoralis,Halobacillus litoralis,species,0.0001082706897167747,fraction_reads,0.0,3,3
Centrifuge,unified,Centrifuge_unified,ZymoMockD6331,ZymoMockD6331,pacbio,SRR13128013,859143,859143,                  Cytobacillus kochii,Cytobacillus kochii,species,7.218045981118314e-05,fraction_reads,0.0,2,2
Centrifuge,unified,Centrifuge_unified,ZymoMockD6331,ZymoMockD6331,pacbio,SRR13128013,2901381,2901381,                  Cytobacillus spongiae,Cytobacillus spongiae,species,3.609022990559157e-05,fraction_reads,0.0,1,1
Centrifuge,unified,Centrifuge_unified,ZymoMockD6331,ZymoMockD6331,pacbio,SRR13128013,228899,228899,                  Peribacillus asahii,Peribacillus asahii,species,7.218045981118314e-05,fraction_reads,0.0,2,2
Centrifuge,unified,Centrifuge_unified,ZymoMockD6331,ZymoMockD6331,pacbio,SRR13128013,265426,265426,                  Pontibacillus chungwhensis,Pontibacillus chungwhensis,species,3.609022990559157e-05,fraction_reads,0.0,1,1
Centrifuge,unified,Centrifuge_unified,ZymoMockD6331,ZymoMockD6331,pacbio,SRR13128013,129985,129985,                  Mesobacillus jeotgali,Mesobacillus jeotgali,species,3.609022990559157e-05,fraction_reads,0.0,1,1
Centrifuge,unified,Centrifuge_unified,ZymoMockD6331,ZymoMockD6331,pacbio,SRR13128013,1740721,1740721,                  Neobacillus cucumis,Neobacillus cucumis,species,3.609022990559157e-05,fraction_reads,0.0,1,1
Centrifuge,unified,Centrifuge_unified,ZymoMockD6331,ZymoMockD6331,pacbio,SRR13128013,79883,79883,                  Sutcliffiella horikoshii,Sutcliffiella horikoshii,species,3.609022990559157e-05,fraction_reads,0.0,1,1
Centrifuge,unified,Centrifuge_unified,ZymoMockD6331,ZymoMockD6331,pacbio,SRR13128013,2593652,2593652,                  Mangrovibacillus cuniculi,Mangrovibacillus cuniculi,species,3.609022990559157e-05,fraction_reads,0.0,1,1
Centrifuge,unified,Centrifuge_unified,ZymoMockD6331,ZymoMockD6331,pacbio,SRR13128013,2592382,2592382,                  Paenalkalicoccus suaedae,Paenalkalicoccus suaedae,species,3.609022990559157e-05,fraction_reads,0.0,1,1
Centrifuge,unified,Centrifuge_unified,ZymoMockD6331,ZymoMockD6331,pacbio,SRR13128013,1280,1280,                  Staphylococcus aureus,Staphylococcus aureus,species,0.05081504370707293,fraction_reads,0.05,1408,1381
Centrifuge,unified,Centrifuge_unified,ZymoMockD6331,ZymoMockD6331,pacbio,SRR13128013,29384,29384,                  Staphylococcus kloosii,Staphylococcus kloosii,species,0.003717293680275932,fraction_reads,0.0,103,103
Centrifuge,unified,Centrifuge_unified,ZymoMockD6331,ZymoMockD6331,pacbio,SRR13128013,1282,1282,                  Staphylococcus epidermidis,Staphylococcus epidermidis,species,0.0017323310354683953,fraction_reads,0.0,48,48
Centrifuge,unified,Centrifuge_unified,ZymoMockD6331,ZymoMockD6331,pacbio,SRR13128013,3239053,3239053,                  Staphylococcus cohnii species complex,Staphylococcus cohnii species complex,species,0.001660150575657212,fraction_reads,0.0,46,0
Centrifuge,unified,Centrifuge_unified,ZymoMockD6331,ZymoMockD6331,pacbio,SRR13128013,29382,29382,                    Staphylococcus cohnii,Staphylococcus cohnii,species,0.001660150575657212,fraction_reads,0.0,46,46
Centrifuge,unified,Centrifuge_unified,ZymoMockD6331,ZymoMockD6331,pacbio,SRR13128013,2815305,2815305,                  Staphylococcus intermedius group,Staphylococcus intermedius group,species,0.0011548873569789302,fraction_reads,0.0,32,0
Centrifuge,unified,Centrifuge_unified,ZymoMockD6331,ZymoMockD6331,pacbio,SRR13128013,283734,283734,                    Staphylococcus pseudintermedius,Staphylococcus pseudintermedius,species,0.0011548873569789302,fraction_reads,0.0,32,32
Centrifuge,unified,Centrifuge_unified,ZymoMockD6331,ZymoMockD6331,pacbio,SRR13128013,985002,985002,                  Staphylococcus argenteus,Staphylococcus argenteus,species,0.0008661655177341976,fraction_reads,0.0,24,24
Centrifuge,unified,Centrifuge_unified,ZymoMockD6331,ZymoMockD6331,pacbio,SRR13128013,28035,28035,                  Staphylococcus lugdunensis,Staphylococcus lugdunensis,species,0.0007939850579230146,fraction_reads,0.0,22,22
Centrifuge,unified,Centrifuge_unified,ZymoMockD6331,ZymoMockD6331,pacbio,SRR13128013,1290,1290,                  Staphylococcus hominis,Staphylococcus hominis,species,0.0006496241383006482,fraction_reads,0.0,18,18
Centrifuge,unified,Centrifuge_unified,ZymoMockD6331,ZymoMockD6331,pacbio,SRR13128013,1283,1283,                  Staphylococcus haemolyticus,Staphylococcus haemolyticus,species,0.0005052632186782819,fraction_reads,0.0,14,14
Centrifuge,unified,Centrifuge_unified,ZymoMockD6331,ZymoMockD6331,pacbio,SRR13128013,29388,29388,                  Staphylococcus capitis,Staphylococcus capitis,species,0.0003969925289615073,fraction_reads,0.0,11,11
Centrifuge,unified,Centrifuge_unified,ZymoMockD6331,ZymoMockD6331,pacbio,SRR13128013,1294,1294,                  Staphylococcus muscae,Staphylococcus muscae,species,0.00025263160933914095,fraction_reads,0.0,7,7
Centrifuge,unified,Centrifuge_unified,ZymoMockD6331,ZymoMockD6331,pacbio,SRR13128013,1288,1288,                  Staphylococcus xylosus,Staphylococcus xylosus,species,0.00018045114952795784,fraction_reads,0.0,5,5
Centrifuge,unified,Centrifuge_unified,ZymoMockD6331,ZymoMockD6331,pacbio,SRR13128013,2807625,2807625,                    Staphylococcus sp. SM3655,Staphylococcus sp. SM3655,species,0.0001082706897167747,fraction_reads,0.0,3,3
Centrifuge,unified,Centrifuge_unified,ZymoMockD6331,ZymoMockD6331,pacbio,SRR13128013,1292,1292,                  Staphylococcus warneri,Staphylococcus warneri,species,7.218045981118314e-05,fraction_reads,0.0,2,2
Centrifuge,unified,Centrifuge_unified,ZymoMockD6331,ZymoMockD6331,pacbio,SRR13128013,45972,45972,                  Staphylococcus pasteuri,Staphylococcus pasteuri,species,7.218045981118314e-05,fraction_reads,0.0,2,2
Centrifuge,unified,Centrifuge_unified,ZymoMockD6331,ZymoMockD6331,pacbio,SRR13128013,2892440,2892440,                  Staphylococcus ratti,Staphylococcus ratti,species,7.218045981118314e-05,fraction_reads,0.0,2,2
Centrifuge,unified,Centrifuge_unified,ZymoMockD6331,ZymoMockD6331,pacbio,SRR13128013,214473,214473,                  Staphylococcus nepalensis,Staphylococcus nepalensis,species,3.609022990559157e-05,fraction_reads,0.0,1,1
Centrifuge,unified,Centrifuge_unified,ZymoMockD6331,ZymoMockD6331,pacbio,SRR13128013,42858,42858,                  Mammaliicoccus lentus,Mammaliicoccus lentus,species,0.0027067672429193675,fraction_reads,0.0,75,75
Centrifuge,unified,Centrifuge_unified,ZymoMockD6331,ZymoMockD6331,pacbio,SRR13128013,71237,71237,                  Mammaliicoccus vitulinus,Mammaliicoccus vitulinus,species,0.00014436091962236627,fraction_reads,0.0,4,4
Centrifuge,unified,Centrifuge_unified,ZymoMockD6331,ZymoMockD6331,pacbio,SRR13128013,1296,1296,                  Mammaliicoccus sciuri,Mammaliicoccus sciuri,species,0.0001082706897167747,fraction_reads,0.0,3,3
Centrifuge,unified,Centrifuge_unified,ZymoMockD6331,ZymoMockD6331,pacbio,SRR13128013,1855823,1855823,                  Macrococcoides canis,Macrococcoides canis,species,0.00014436091962236627,fraction_reads,0.0,4,4
Centrifuge,unified,Centrifuge_unified,ZymoMockD6331,ZymoMockD6331,pacbio,SRR13128013,1903056,1903056,                  Macrococcoides bohemicum,Macrococcoides bohemicum,species,0.00014436091962236627,fraction_reads,0.0,4,4
Centrifuge,unified,Centrifuge_unified,ZymoMockD6331,ZymoMockD6331,pacbio,SRR13128013,1639,1639,                  Listeria monocytogenes,Listeria monocytogenes,species,0.015771430468743516,fraction_reads,0.02,437,284
Centrifuge,unified,Centrifuge_unified,ZymoMockD6331,ZymoMockD6331,pacbio,SRR13128013,1642,1642,                  Listeria innocua,Listeria innocua,species,3.609022990559157e-05,fraction_reads,0.0,1,1
Centrifuge,unified,Centrifuge_unified,ZymoMockD6331,ZymoMockD6331,pacbio,SRR13128013,1464,1464,                  Paenibacillus larvae,Paenibacillus larvae,species,0.00028872183924473255,fraction_reads,0.0,8,0
Centrifuge,unified,Centrifuge_unified,ZymoMockD6331,ZymoMockD6331,pacbio,SRR13128013,1566358,1566358,                    Paenibacillus sp. IHBB 10380,Paenibacillus sp. IHBB 10380,species,0.00018045114952795784,fraction_reads,0.0,5,5
Centrifuge,unified,Centrifuge_unified,ZymoMockD6331,ZymoMockD6331,pacbio,SRR13128013,1619311,1619311,                  Paenibacillus physcomitrellae,Paenibacillus physcomitrellae,species,7.218045981118314e-05,fraction_reads,0.0,2,2
Centrifuge,unified,Centrifuge_unified,ZymoMockD6331,ZymoMockD6331,pacbio,SRR13128013,2044880,2044880,                  Paenibacillus sonchi group,Paenibacillus sonchi group,species,7.218045981118314e-05,fraction_reads,0.0,2,0
Centrifuge,unified,Centrifuge_unified,ZymoMockD6331,ZymoMockD6331,pacbio,SRR13128013,373687,373687,                    Paenibacillus sonchi,Paenibacillus sonchi,species,7.218045981118314e-05,fraction_reads,0.0,2,2
Centrifuge,unified,Centrifuge_unified,ZymoMockD6331,ZymoMockD6331,pacbio,SRR13128013,1406,1406,                  Paenibacillus polymyxa,Paenibacillus polymyxa,species,3.609022990559157e-05,fraction_reads,0.0,1,1
Centrifuge,unified,Centrifuge_unified,ZymoMockD6331,ZymoMockD6331,pacbio,SRR13128013,59893,59893,                  Paenibacillus peoriae,Paenibacillus peoriae,species,3.609022990559157e-05,fraction_reads,0.0,1,1
Centrifuge,unified,Centrifuge_unified,ZymoMockD6331,ZymoMockD6331,pacbio,SRR13128013,128574,128574,                  Paenibacillus brasilensis,Paenibacillus brasilensis,species,3.609022990559157e-05,fraction_reads,0.0,1,1
Centrifuge,unified,Centrifuge_unified,ZymoMockD6331,ZymoMockD6331,pacbio,SRR13128013,1763538,1763538,                  Paenibacillus crassostreae,Paenibacillus crassostreae,species,3.609022990559157e-05,fraction_reads,0.0,1,1
Centrifuge,unified,Centrifuge_unified,ZymoMockD6331,ZymoMockD6331,pacbio,SRR13128013,3026433,3026433,                  Paenibacillus marchantiae,Paenibacillus marchantiae,species,3.609022990559157e-05,fraction_reads,0.0,1,1
Centrifuge,unified,Centrifuge_unified,ZymoMockD6331,ZymoMockD6331,pacbio,SRR13128013,2738867,2738867,                    Brevibacillus sp. DP1.3A,Brevibacillus sp. DP1.3A,species,0.00018045114952795784,fraction_reads,0.0,5,5
Centrifuge,unified,Centrifuge_unified,ZymoMockD6331,ZymoMockD6331,pacbio,SRR13128013,2796470,2796470,                  Brevibacillus composti,Brevibacillus composti,species,0.00018045114952795784,fraction_reads,0.0,5,5
Centrifuge,unified,Centrifuge_unified,ZymoMockD6331,ZymoMockD6331,pacbio,SRR13128013,1393,1393,                  Brevibacillus brevis,Brevibacillus brevis,species,7.218045981118314e-05,fraction_reads,0.0,2,2
Centrifuge,unified,Centrifuge_unified,ZymoMockD6331,ZymoMockD6331,pacbio,SRR13128013,1465,1465,                  Brevibacillus laterosporus,Brevibacillus laterosporus,species,7.218045981118314e-05,fraction_reads,0.0,2,2
Centrifuge,unified,Centrifuge_unified,ZymoMockD6331,ZymoMockD6331,pacbio,SRR13128013,192421,192421,                  Planococcus maritimus,Planococcus maritimus,species,0.00028872183924473255,fraction_reads,0.0,8,8
Centrifuge,unified,Centrifuge_unified,ZymoMockD6331,ZymoMockD6331,pacbio,SRR13128013,3058393,3058393,                  Planococcus shixiaomingii,Planococcus shixiaomingii,species,0.00028872183924473255,fraction_reads,0.0,8,8
Centrifuge,unified,Centrifuge_unified,ZymoMockD6331,ZymoMockD6331,pacbio,SRR13128013,459472,459472,                  Planococcus glaciei,Planococcus glaciei,species,3.609022990559157e-05,fraction_reads,0.0,1,1
Centrifuge,unified,Centrifuge_unified,ZymoMockD6331,ZymoMockD6331,pacbio,SRR13128013,1302659,1302659,                  Planococcus versutus,Planococcus versutus,species,3.609022990559157e-05,fraction_reads,0.0,1,1
Centrifuge,unified,Centrifuge_unified,ZymoMockD6331,ZymoMockD6331,pacbio,SRR13128013,1930546,1930546,                    Sporosarcina sp. P37,Sporosarcina sp. P37,species,0.0001082706897167747,fraction_reads,0.0,3,3
Centrifuge,unified,Centrifuge_unified,ZymoMockD6331,ZymoMockD6331,pacbio,SRR13128013,417367,417367,                  Paenisporosarcina antarctica,Paenisporosarcina antarctica,species,3.609022990559157e-05,fraction_reads,0.0,1,1
Centrifuge,unified,Centrifuge_unified,ZymoMockD6331,ZymoMockD6331,pacbio,SRR13128013,273528,273528,                    Exiguobacterium marinum,Exiguobacterium marinum,species,0.0005052632186782819,fraction_reads,0.0,14,14
Centrifuge,unified,Centrifuge_unified,ZymoMockD6331,ZymoMockD6331,pacbio,SRR13128013,1849031,1849031,                      Exiguobacterium sp. U13-1,Exiguobacterium sp. U13-1,species,0.0001082706897167747,fraction_reads,0.0,3,3
Centrifuge,unified,Centrifuge_unified,ZymoMockD6331,ZymoMockD6331,pacbio,SRR13128013,340145,340145,                    Exiguobacterium artemiae,Exiguobacterium artemiae,species,3.609022990559157e-05,fraction_reads,0.0,1,0
Centrifuge,unified,Centrifuge_unified,ZymoMockD6331,ZymoMockD6331,pacbio,SRR13128013,1422,1422,                  Geobacillus stearothermophilus,Geobacillus stearothermophilus,species,0.00014436091962236627,fraction_reads,0.0,4,0
Centrifuge,unified,Centrifuge_unified,ZymoMockD6331,ZymoMockD6331,pacbio,SRR13128013,33940,33940,                  Geobacillus thermodenitrificans,Geobacillus thermodenitrificans,species,0.00014436091962236627,fraction_reads,0.0,4,4
Centrifuge,unified,Centrifuge_unified,ZymoMockD6331,ZymoMockD6331,pacbio,SRR13128013,1505648,1505648,                  Geobacillus thermoleovorans group,Geobacillus thermoleovorans group,species,3.609022990559157e-05,fraction_reads,0.0,1,0
Centrifuge,unified,Centrifuge_unified,ZymoMockD6331,ZymoMockD6331,pacbio,SRR13128013,1462,1462,                    Geobacillus kaustophilus,Geobacillus kaustophilus,species,3.609022990559157e-05,fraction_reads,0.0,1,0
Centrifuge,unified,Centrifuge_unified,ZymoMockD6331,ZymoMockD6331,pacbio,SRR13128013,294699,294699,                  Anoxybacteroides amylolyticum,Anoxybacteroides amylolyticum,species,3.609022990559157e-05,fraction_reads,0.0,1,1
Centrifuge,unified,Centrifuge_unified,ZymoMockD6331,ZymoMockD6331,pacbio,SRR13128013,2665646,2665646,                    Alicyclobacillus sp. SO9,Alicyclobacillus sp. SO9,species,7.218045981118314e-05,fraction_reads,0.0,2,2
Centrifuge,unified,Centrifuge_unified,ZymoMockD6331,ZymoMockD6331,pacbio,SRR13128013,853,853,                  Faecalibacterium prausnitzii,Faecalibacterium prausnitzii,species,8.964957469468567,fraction_reads,8.96,248404,248404
Centrifuge,unified,Centrifuge_unified,ZymoMockD6331,ZymoMockD6331,pacbio,SRR13128013,3141185,3141185,                    Faecalibacterium sp. i25-0019-C1,Faecalibacterium sp. i25-0019-C1,species,0.0002165413794335494,fraction_reads,0.0,6,6
Centrifuge,unified,Centrifuge_unified,ZymoMockD6331,ZymoMockD6331,pacbio,SRR13128013,2929489,2929489,                    Faecalibacterium sp. IP-3-29,Faecalibacterium sp. IP-3-29,species,0.00018045114952795784,fraction_reads,0.0,5,5
Centrifuge,unified,Centrifuge_unified,ZymoMockD6331,ZymoMockD6331,pacbio,SRR13128013,2929492,2929492,                    Faecalibacterium sp. I3-3-33,Faecalibacterium sp. I3-3-33,species,3.609022990559157e-05,fraction_reads,0.0,1,1
Centrifuge,unified,Centrifuge_unified,ZymoMockD6331,ZymoMockD6331,pacbio,SRR13128013,2929495,2929495,                    Faecalibacterium sp. I4-3-84,Faecalibacterium sp. I4-3-84,species,3.609022990559157e-05,fraction_reads,0.0,1,1
Centrifuge,unified,Centrifuge_unified,ZymoMockD6331,ZymoMockD6331,pacbio,SRR13128013,411483,411483,                  Faecalibacterium duncaniae,Faecalibacterium duncaniae,species,3.609022990559157e-05,fraction_reads,0.0,1,1
Centrifuge,unified,Centrifuge_unified,ZymoMockD6331,ZymoMockD6331,pacbio,SRR13128013,3030638,3030638,                  Faecalibacterium taiwanense,Faecalibacterium taiwanense,species,3.609022990559157e-05,fraction_reads,0.0,1,1
Centrifuge,unified,Centrifuge_unified,ZymoMockD6331,ZymoMockD6331,pacbio,SRR13128013,1264,1264,                  Ruminococcus albus,Ruminococcus albus,species,0.0020571431046187195,fraction_reads,0.0,57,0
Centrifuge,unified,Centrifuge_unified,ZymoMockD6331,ZymoMockD6331,pacbio,SRR13128013,2714353,2714353,                  Vescimonas fastidiosa,Vescimonas fastidiosa,species,0.0003248120691503241,fraction_reads,0.0,9,9
Centrifuge,unified,Centrifuge_unified,ZymoMockD6331,ZymoMockD6331,pacbio,SRR13128013,292800,292800,                  Flavonifractor plautii,Flavonifractor plautii,species,7.218045981118314e-05,fraction_reads,0.0,2,2
Centrifuge,unified,Centrifuge_unified,ZymoMockD6331,ZymoMockD6331,pacbio,SRR13128013,1515,1515,                  Acetivibrio thermocellus,Acetivibrio thermocellus,species,3.609022990559157e-05,fraction_reads,0.0,1,1
Centrifuge,unified,Centrifuge_unified,ZymoMockD6331,ZymoMockD6331,pacbio,SRR13128013,253239,253239,                  Ethanoligenens harbinense,Ethanoligenens harbinense,species,3.609022990559157e-05,fraction_reads,0.0,1,0
Centrifuge,unified,Centrifuge_unified,ZymoMockD6331,ZymoMockD6331,pacbio,SRR13128013,36839,36839,                  Clostridium felsineum,Clostridium felsineum,species,0.030315793120696915,fraction_reads,0.03,840,840
Centrifuge,unified,Centrifuge_unified,ZymoMockD6331,ZymoMockD6331,pacbio,SRR13128013,1502,1502,                  Clostridium perfringens,Clostridium perfringens,species,0.004294737358765397,fraction_reads,0.0,119,119
Centrifuge,unified,Centrifuge_unified,ZymoMockD6331,ZymoMockD6331,pacbio,SRR13128013,1491,1491,                  Clostridium botulinum,Clostridium botulinum,species,0.0011548873569789302,fraction_reads,0.0,32,32
Centrifuge,unified,Centrifuge_unified,ZymoMockD6331,ZymoMockD6331,pacbio,SRR13128013,1519,1519,                  Clostridium tyrobutyricum,Clostridium tyrobutyricum,species,0.0007218045981118314,fraction_reads,0.0,20,20
Centrifuge,unified,Centrifuge_unified,ZymoMockD6331,ZymoMockD6331,pacbio,SRR13128013,1513,1513,                  Clostridium tetani,Clostridium tetani,species,0.0004691729887726904,fraction_reads,0.0,13,8
Centrifuge,unified,Centrifuge_unified,ZymoMockD6331,ZymoMockD6331,pacbio,SRR13128013,94869,94869,                  Clostridium gasigenes,Clostridium gasigenes,species,0.0004330827588670988,fraction_reads,0.0,12,12
Centrifuge,unified,Centrifuge_unified,ZymoMockD6331,ZymoMockD6331,pacbio,SRR13128013,394958,394958,                  Clostridium taeniosporum,Clostridium taeniosporum,species,0.0003248120691503241,fraction_reads,0.0,9,9
Centrifuge,unified,Centrifuge_unified,ZymoMockD6331,ZymoMockD6331,pacbio,SRR13128013,1492,1492,                  Clostridium butyricum,Clostridium butyricum,species,0.00025263160933914095,fraction_reads,0.0,7,7
Centrifuge,unified,Centrifuge_unified,ZymoMockD6331,ZymoMockD6331,pacbio,SRR13128013,411486,411486,                    Clostridium sp. M62/1,Clostridium sp. M62/1,species,0.00014436091962236627,fraction_reads,0.0,4,4
Centrifuge,unified,Centrifuge_unified,ZymoMockD6331,ZymoMockD6331,pacbio,SRR13128013,1501,1501,                  Clostridium pasteurianum,Clostridium pasteurianum,species,3.609022990559157e-05,fraction_reads,0.0,1,0
Centrifuge,unified,Centrifuge_unified,ZymoMockD6331,ZymoMockD6331,pacbio,SRR13128013,2507162,2507162,                    Caproiciproducens sp. NJN-50,Caproiciproducens sp. NJN-50,species,0.0004330827588670988,fraction_reads,0.0,12,12
Centrifuge,unified,Centrifuge_unified,ZymoMockD6331,ZymoMockD6331,pacbio,SRR13128013,2576756,2576756,                  Caproicibacter fermentans,Caproicibacter fermentans,species,0.0003248120691503241,fraction_reads,0.0,9,9
Centrifuge,unified,Centrifuge_unified,ZymoMockD6331,ZymoMockD6331,pacbio,SRR13128013,39490,39490,                  Eubacterium ramulus,Eubacterium ramulus,species,0.00014436091962236627,fraction_reads,0.0,4,4
Centrifuge,unified,Centrifuge_unified,ZymoMockD6331,ZymoMockD6331,pacbio,SRR13128013,58135,58135,                  Desulfofundulus kuznetsovii,Desulfofundulus kuznetsovii,species,0.0001082706897167747,fraction_reads,0.0,3,0
Centrifuge,unified,Centrifuge_unified,ZymoMockD6331,ZymoMockD6331,pacbio,SRR13128013,301301,301301,                  Roseburia hominis,Roseburia hominis,species,2.148740108119111,fraction_reads,2.15,59538,59538
Centrifuge,unified,Centrifuge_unified,ZymoMockD6331,ZymoMockD6331,pacbio,SRR13128013,29347,29347,                  [Clostridium] scindens,[Clostridium] scindens,species,0.0005774436784894651,fraction_reads,0.0,16,16
Centrifuge,unified,Centrifuge_unified,ZymoMockD6331,ZymoMockD6331,pacbio,SRR13128013,460384,460384,                  Enterocloster lavalensis,Enterocloster lavalensis,species,0.0001082706897167747,fraction_reads,0.0,3,3
Centrifuge,unified,Centrifuge_unified,ZymoMockD6331,ZymoMockD6331,pacbio,SRR13128013,208479,208479,                  Enterocloster bolteae,Enterocloster bolteae,species,7.218045981118314e-05,fraction_reads,0.0,2,2
Centrifuge,unified,Centrifuge_unified,ZymoMockD6331,ZymoMockD6331,pacbio,SRR13128013,39491,39491,                  Agathobacter rectalis,Agathobacter rectalis,species,7.218045981118314e-05,fraction_reads,0.0,2,2
Centrifuge,unified,Centrifuge_unified,ZymoMockD6331,ZymoMockD6331,pacbio,SRR13128013,39488,39488,                  Anaerobutyricum hallii,Anaerobutyricum hallii,species,7.218045981118314e-05,fraction_reads,0.0,2,2
Centrifuge,unified,Centrifuge_unified,ZymoMockD6331,ZymoMockD6331,pacbio,SRR13128013,185007,185007,                  Pseudobutyrivibrio xylanivorans,Pseudobutyrivibrio xylanivorans,species,3.609022990559157e-05,fraction_reads,0.0,1,1
Centrifuge,unified,Centrifuge_unified,ZymoMockD6331,ZymoMockD6331,pacbio,SRR13128013,33038,33038,                  Mediterraneibacter gnavus,Mediterraneibacter gnavus,species,3.609022990559157e-05,fraction_reads,0.0,1,1
Centrifuge,unified,Centrifuge_unified,ZymoMockD6331,ZymoMockD6331,pacbio,SRR13128013,29375,29375,                  Lacrimispora xylanolytica,Lacrimispora xylanolytica,species,3.609022990559157e-05,fraction_reads,0.0,1,1
Centrifuge,unified,Centrifuge_unified,ZymoMockD6331,ZymoMockD6331,pacbio,SRR13128013,1496,1496,                  Clostridioides difficile,Clostridioides difficile,species,0.1901233311426564,fraction_reads,0.19,5268,5020
Centrifuge,unified,Centrifuge_unified,ZymoMockD6331,ZymoMockD6331,pacbio,SRR13128013,1505,1505,                  Paraclostridium sordellii,Paraclostridium sordellii,species,0.0004691729887726904,fraction_reads,0.0,13,13
Centrifuge,unified,Centrifuge_unified,ZymoMockD6331,ZymoMockD6331,pacbio,SRR13128013,1490,1490,                  Paraclostridium bifermentans,Paraclostridium bifermentans,species,7.218045981118314e-05,fraction_reads,0.0,2,2
Centrifuge,unified,Centrifuge_unified,ZymoMockD6331,ZymoMockD6331,pacbio,SRR13128013,36841,36841,                  Terrisporobacter glycolicus,Terrisporobacter glycolicus,species,3.609022990559157e-05,fraction_reads,0.0,1,0
Centrifuge,unified,Centrifuge_unified,ZymoMockD6331,ZymoMockD6331,pacbio,SRR13128013,1734049,1734049,                  Serpentinicella alkaliphila,Serpentinicella alkaliphila,species,0.00018045114952795784,fraction_reads,0.0,5,5
Centrifuge,unified,Centrifuge_unified,ZymoMockD6331,ZymoMockD6331,pacbio,SRR13128013,2731219,2731219,                    Alkaliphilus sp. B6464,Alkaliphilus sp. B6464,species,7.218045981118314e-05,fraction_reads,0.0,2,2
Centrifuge,unified,Centrifuge_unified,ZymoMockD6331,ZymoMockD6331,pacbio,SRR13128013,55779,55779,                  Moorella glycerini,Moorella glycerini,species,7.218045981118314e-05,fraction_reads,0.0,2,2
Centrifuge,unified,Centrifuge_unified,ZymoMockD6331,ZymoMockD6331,pacbio,SRR13128013,423477,423477,                  Veillonella rogosae,Veillonella rogosae,species,7.8726144809160274,fraction_reads,7.87,218137,218137
Centrifuge,unified,Centrifuge_unified,ZymoMockD6331,ZymoMockD6331,pacbio,SRR13128013,29466,29466,                  Veillonella parvula,Veillonella parvula,species,3.609022990559157e-05,fraction_reads,0.0,1,1
Centrifuge,unified,Centrifuge_unified,ZymoMockD6331,ZymoMockD6331,pacbio,SRR13128013,2144175,2144175,                  Megasphaera stantonii,Megasphaera stantonii,species,0.0011909775868845216,fraction_reads,0.0,33,33
Centrifuge,unified,Centrifuge_unified,ZymoMockD6331,ZymoMockD6331,pacbio,SRR13128013,437897,437897,                  Megamonas funiformis,Megamonas funiformis,species,0.00018045114952795784,fraction_reads,0.0,5,5
Centrifuge,unified,Centrifuge_unified,ZymoMockD6331,ZymoMockD6331,pacbio,SRR13128013,55205,55205,                  Caldicellulosiruptor owensensis,Caldicellulosiruptor owensensis,species,0.0001082706897167747,fraction_reads,0.0,3,0
Centrifuge,unified,Centrifuge_unified,ZymoMockD6331,ZymoMockD6331,pacbio,SRR13128013,689904,689904,                  Tissierella carlieri,Tissierella carlieri,species,3.609022990559157e-05,fraction_reads,0.0,1,1
Centrifuge,unified,Centrifuge_unified,ZymoMockD6331,ZymoMockD6331,pacbio,SRR13128013,1680,1680,                  Bifidobacterium adolescentis,Bifidobacterium adolescentis,species,0.2451609317486835,fraction_reads,0.25,6793,6793
Centrifuge,unified,Centrifuge_unified,ZymoMockD6331,ZymoMockD6331,pacbio,SRR13128013,2985571,2985571,                    Bifidobacterium sp. KRGSERBCFTRI,Bifidobacterium sp. KRGSERBCFTRI,species,0.07698046038862681,fraction_reads,0.08,2133,2133
Centrifuge,unified,Centrifuge_unified,ZymoMockD6331,ZymoMockD6331,pacbio,SRR13128013,2983236,2983236,                    Bifidobacterium sp. ESL0800,Bifidobacterium sp. ESL0800,species,3.609022990559157e-05,fraction_reads,0.0,1,1
Centrifuge,unified,Centrifuge_unified,ZymoMockD6331,ZymoMockD6331,pacbio,SRR13128013,216816,216816,                  Bifidobacterium longum,Bifidobacterium longum,species,0.0010105264373565638,fraction_reads,0.0,28,12
Centrifuge,unified,Centrifuge_unified,ZymoMockD6331,ZymoMockD6331,pacbio,SRR13128013,28025,28025,                  Bifidobacterium animalis,Bifidobacterium animalis,species,0.0002165413794335494,fraction_reads,0.0,6,2
Centrifuge,unified,Centrifuge_unified,ZymoMockD6331,ZymoMockD6331,pacbio,SRR13128013,1685,1685,                  Bifidobacterium breve,Bifidobacterium breve,species,3.609022990559157e-05,fraction_reads,0.0,1,1
Centrifuge,unified,Centrifuge_unified,ZymoMockD6331,ZymoMockD6331,pacbio,SRR13128013,28026,28026,                  Bifidobacterium pseudocatenulatum,Bifidobacterium pseudocatenulatum,species,3.609022990559157e-05,fraction_reads,0.0,1,1
Centrifuge,unified,Centrifuge_unified,ZymoMockD6331,ZymoMockD6331,pacbio,SRR13128013,1454229,1454229,                  Bifidobacterium faecale,Bifidobacterium faecale,species,3.609022990559157e-05,fraction_reads,0.0,1,1
Centrifuge,unified,Centrifuge_unified,ZymoMockD6331,ZymoMockD6331,pacbio,SRR13128013,1725,1725,                  Corynebacterium xerosis,Corynebacterium xerosis,species,0.044896246002555915,fraction_reads,0.04,1244,1244
Centrifuge,unified,Centrifuge_unified,ZymoMockD6331,ZymoMockD6331,pacbio,SRR13128013,3391423,3391423,                    Corynebacterium sp. LaCa116,Corynebacterium sp. LaCa116,species,0.0013714287364124797,fraction_reads,0.0,38,38
Centrifuge,unified,Centrifuge_unified,ZymoMockD6331,ZymoMockD6331,pacbio,SRR13128013,3391431,3391431,                    Corynebacterium sp. LaCa97,Corynebacterium sp. LaCa97,species,0.00028872183924473255,fraction_reads,0.0,8,8
Centrifuge,unified,Centrifuge_unified,ZymoMockD6331,ZymoMockD6331,pacbio,SRR13128013,3391427,3391427,                    Corynebacterium sp. LaCa222,Corynebacterium sp. LaCa222,species,0.00014436091962236627,fraction_reads,0.0,4,4
Centrifuge,unified,Centrifuge_unified,ZymoMockD6331,ZymoMockD6331,pacbio,SRR13128013,3391430,3391430,                    Corynebacterium sp. LaCa78,Corynebacterium sp. LaCa78,species,0.00014436091962236627,fraction_reads,0.0,4,4
Centrifuge,unified,Centrifuge_unified,ZymoMockD6331,ZymoMockD6331,pacbio,SRR13128013,3391425,3391425,                    Corynebacterium sp. LaCa142,Corynebacterium sp. LaCa142,species,3.609022990559157e-05,fraction_reads,0.0,1,1
Centrifuge,unified,Centrifuge_unified,ZymoMockD6331,ZymoMockD6331,pacbio,SRR13128013,1717,1717,                  Corynebacterium diphtheriae,Corynebacterium diphtheriae,species,0.001407518966318071,fraction_reads,0.0,39,0
Centrifuge,unified,Centrifuge_unified,ZymoMockD6331,ZymoMockD6331,pacbio,SRR13128013,1719,1719,                  Corynebacterium pseudotuberculosis,Corynebacterium pseudotuberculosis,species,0.0009022557476397892,fraction_reads,0.0,25,25
Centrifuge,unified,Centrifuge_unified,ZymoMockD6331,ZymoMockD6331,pacbio,SRR13128013,43770,43770,                  Corynebacterium striatum,Corynebacterium striatum,species,0.0005413534485838734,fraction_reads,0.0,15,15
Centrifuge,unified,Centrifuge_unified,ZymoMockD6331,ZymoMockD6331,pacbio,SRR13128013,2320431,2320431,                  Corynebacterium silvaticum,Corynebacterium silvaticum,species,0.0002165413794335494,fraction_reads,0.0,6,6
Centrifuge,unified,Centrifuge_unified,ZymoMockD6331,ZymoMockD6331,pacbio,SRR13128013,53374,53374,                  Corynebacterium coyleae,Corynebacterium coyleae,species,0.00014436091962236627,fraction_reads,0.0,4,4
Centrifuge,unified,Centrifuge_unified,ZymoMockD6331,ZymoMockD6331,pacbio,SRR13128013,1718,1718,                  Corynebacterium glutamicum,Corynebacterium glutamicum,species,7.218045981118314e-05,fraction_reads,0.0,2,2
Centrifuge,unified,Centrifuge_unified,ZymoMockD6331,ZymoMockD6331,pacbio,SRR13128013,2488819,2488819,                  Corynebacterium endometrii,Corynebacterium endometrii,species,7.218045981118314e-05,fraction_reads,0.0,2,2
Centrifuge,unified,Centrifuge_unified,ZymoMockD6331,ZymoMockD6331,pacbio,SRR13128013,38284,38284,                  Corynebacterium accolens,Corynebacterium accolens,species,3.609022990559157e-05,fraction_reads,0.0,1,1
Centrifuge,unified,Centrifuge_unified,ZymoMockD6331,ZymoMockD6331,pacbio,SRR13128013,38304,38304,                  Corynebacterium tuberculostearicum,Corynebacterium tuberculostearicum,species,3.609022990559157e-05,fraction_reads,0.0,1,1
Centrifuge,unified,Centrifuge_unified,ZymoMockD6331,ZymoMockD6331,pacbio,SRR13128013,161895,161895,                  Corynebacterium phocae,Corynebacterium phocae,species,3.609022990559157e-05,fraction_reads,0.0,1,1
Centrifuge,unified,Centrifuge_unified,ZymoMockD6331,ZymoMockD6331,pacbio,SRR13128013,349751,349751,                  Corynebacterium marinum,Corynebacterium marinum,species,3.609022990559157e-05,fraction_reads,0.0,1,0
Centrifuge,unified,Centrifuge_unified,ZymoMockD6331,ZymoMockD6331,pacbio,SRR13128013,699041,699041,                  Corynebacterium hindlerae,Corynebacterium hindlerae,species,3.609022990559157e-05,fraction_reads,0.0,1,1
Centrifuge,unified,Centrifuge_unified,ZymoMockD6331,ZymoMockD6331,pacbio,SRR13128013,36809,36809,                  Mycobacteroides abscessus,Mycobacteroides abscessus,species,0.03977143335596191,fraction_reads,0.04,1102,1101
Centrifuge,unified,Centrifuge_unified,ZymoMockD6331,ZymoMockD6331,pacbio,SRR13128013,2908837,2908837,                    Mycolicibacterium sp. YH-1,Mycolicibacterium sp. YH-1,species,0.004475188508293354,fraction_reads,0.0,124,124
Centrifuge,unified,Centrifuge_unified,ZymoMockD6331,ZymoMockD6331,pacbio,SRR13128013,1772,1772,                  Mycolicibacterium smegmatis,Mycolicibacterium smegmatis,species,0.00018045114952795784,fraction_reads,0.0,5,5
Centrifuge,unified,Centrifuge_unified,ZymoMockD6331,ZymoMockD6331,pacbio,SRR13128013,53462,53462,                  Mycolicibacterium mageritense,Mycolicibacterium mageritense,species,7.218045981118314e-05,fraction_reads,0.0,2,2
Centrifuge,unified,Centrifuge_unified,ZymoMockD6331,ZymoMockD6331,pacbio,SRR13128013,77643,77643,                  Mycobacterium tuberculosis complex,Mycobacterium tuberculosis complex,species,0.001335338506506888,fraction_reads,0.0,37,0
Centrifuge,unified,Centrifuge_unified,ZymoMockD6331,ZymoMockD6331,pacbio,SRR13128013,1773,1773,                    Mycobacterium tuberculosis,Mycobacterium tuberculosis,species,0.0012992482766012964,fraction_reads,0.0,36,17
Centrifuge,unified,Centrifuge_unified,ZymoMockD6331,ZymoMockD6331,pacbio,SRR13128013,78331,78331,                    Mycobacterium canetti,Mycobacterium canetti,species,3.609022990559157e-05,fraction_reads,0.0,1,1
Centrifuge,unified,Centrifuge_unified,ZymoMockD6331,ZymoMockD6331,pacbio,SRR13128013,120793,120793,                  Mycobacterium avium complex (MAC),Mycobacterium avium complex (MAC),species,0.001082706897167747,fraction_reads,0.0,30,0
Centrifuge,unified,Centrifuge_unified,ZymoMockD6331,ZymoMockD6331,pacbio,SRR13128013,1764,1764,                    Mycobacterium avium,Mycobacterium avium,species,0.000830075287828606,fraction_reads,0.0,23,0
Centrifuge,unified,Centrifuge_unified,ZymoMockD6331,ZymoMockD6331,pacbio,SRR13128013,1767,1767,                    Mycobacterium intracellulare,Mycobacterium intracellulare,species,0.00025263160933914095,fraction_reads,0.0,7,0
Centrifuge,unified,Centrifuge_unified,ZymoMockD6331,ZymoMockD6331,pacbio,SRR13128013,2993898,2993898,                  Mycobacterium ulcerans group,Mycobacterium ulcerans group,species,7.218045981118314e-05,fraction_reads,0.0,2,0
Centrifuge,unified,Centrifuge_unified,ZymoMockD6331,ZymoMockD6331,pacbio,SRR13128013,1781,1781,                    Mycobacterium marinum,Mycobacterium marinum,species,3.609022990559157e-05,fraction_reads,0.0,1,1
Centrifuge,unified,Centrifuge_unified,ZymoMockD6331,ZymoMockD6331,pacbio,SRR13128013,1809,1809,                    Mycobacterium ulcerans,Mycobacterium ulcerans,species,3.609022990559157e-05,fraction_reads,0.0,1,0
Centrifuge,unified,Centrifuge_unified,ZymoMockD6331,ZymoMockD6331,pacbio,SRR13128013,3074148,3074148,                    Rhodococcus sp. SG20037,Rhodococcus sp. SG20037,species,0.0005052632186782819,fraction_reads,0.0,14,14
Centrifuge,unified,Centrifuge_unified,ZymoMockD6331,ZymoMockD6331,pacbio,SRR13128013,2942275,2942275,                    Rhodococcus sp. GA1,Rhodococcus sp. GA1,species,0.00014436091962236627,fraction_reads,0.0,4,4
Centrifuge,unified,Centrifuge_unified,ZymoMockD6331,ZymoMockD6331,pacbio,SRR13128013,2840174,2840174,                  Rhodococcus erythropolis group,Rhodococcus erythropolis group,species,0.0005413534485838734,fraction_reads,0.0,15,0
Centrifuge,unified,Centrifuge_unified,ZymoMockD6331,ZymoMockD6331,pacbio,SRR13128013,1833,1833,                    Rhodococcus erythropolis,Rhodococcus erythropolis,species,0.0005052632186782819,fraction_reads,0.0,14,14
Centrifuge,unified,Centrifuge_unified,ZymoMockD6331,ZymoMockD6331,pacbio,SRR13128013,334542,334542,                    Rhodococcus qingshengii,Rhodococcus qingshengii,species,3.609022990559157e-05,fraction_reads,0.0,1,1
Centrifuge,unified,Centrifuge_unified,ZymoMockD6331,ZymoMockD6331,pacbio,SRR13128013,1830,1830,                  Rhodococcus ruber,Rhodococcus ruber,species,3.609022990559157e-05,fraction_reads,0.0,1,1
Centrifuge,unified,Centrifuge_unified,ZymoMockD6331,ZymoMockD6331,pacbio,SRR13128013,103816,103816,                  Rhodococcus pyridinivorans,Rhodococcus pyridinivorans,species,3.609022990559157e-05,fraction_reads,0.0,1,1
Centrifuge,unified,Centrifuge_unified,ZymoMockD6331,ZymoMockD6331,pacbio,SRR13128013,191292,191292,                  Rhodococcus aetherivorans,Rhodococcus aetherivorans,species,3.609022990559157e-05,fraction_reads,0.0,1,1
Centrifuge,unified,Centrifuge_unified,ZymoMockD6331,ZymoMockD6331,pacbio,SRR13128013,43767,43767,                  Prescottella equi,Prescottella equi,species,0.0003248120691503241,fraction_reads,0.0,9,9
Centrifuge,unified,Centrifuge_unified,ZymoMockD6331,ZymoMockD6331,pacbio,SRR13128013,37329,37329,                  Nocardia farcinica,Nocardia farcinica,species,3.609022990559157e-05,fraction_reads,0.0,1,0
Centrifuge,unified,Centrifuge_unified,ZymoMockD6331,ZymoMockD6331,pacbio,SRR13128013,139021,139021,                  Dietzia psychralcaliphila,Dietzia psychralcaliphila,species,0.0007218045981118314,fraction_reads,0.0,20,20
Centrifuge,unified,Centrifuge_unified,ZymoMockD6331,ZymoMockD6331,pacbio,SRR13128013,2676309,2676309,                    Gordonia sp. 135,Gordonia sp. 135,species,0.00028872183924473255,fraction_reads,0.0,8,8
Centrifuge,unified,Centrifuge_unified,ZymoMockD6331,ZymoMockD6331,pacbio,SRR13128013,36822,36822,                  Gordonia rubripertincta,Gordonia rubripertincta,species,7.218045981118314e-05,fraction_reads,0.0,2,2
Centrifuge,unified,Centrifuge_unified,ZymoMockD6331,ZymoMockD6331,pacbio,SRR13128013,173559,173559,                  Gordonia sihwensis,Gordonia sihwensis,species,3.609022990559157e-05,fraction_reads,0.0,1,1
Centrifuge,unified,Centrifuge_unified,ZymoMockD6331,ZymoMockD6331,pacbio,SRR13128013,1528099,1528099,                  Lawsonella clevelandensis,Lawsonella clevelandensis,species,3.609022990559157e-05,fraction_reads,0.0,1,1
Centrifuge,unified,Centrifuge_unified,ZymoMockD6331,ZymoMockD6331,pacbio,SRR13128013,544580,544580,                  Actinomyces oris,Actinomyces oris,species,0.010754888511866288,fraction_reads,0.01,298,298
Centrifuge,unified,Centrifuge_unified,ZymoMockD6331,ZymoMockD6331,pacbio,SRR13128013,2722820,2722820,                  Actinomyces faecalis,Actinomyces faecalis,species,0.0001082706897167747,fraction_reads,0.0,3,3
Centrifuge,unified,Centrifuge_unified,ZymoMockD6331,ZymoMockD6331,pacbio,SRR13128013,2733571,2733571,                  Trueperella pecoris,Trueperella pecoris,species,3.609022990559157e-05,fraction_reads,0.0,1,1
Centrifuge,unified,Centrifuge_unified,ZymoMockD6331,ZymoMockD6331,pacbio,SRR13128013,477697,477697,                    Streptomyces sp. T12,Streptomyces sp. T12,species,0.007181955751212722,fraction_reads,0.01,199,199
Centrifuge,unified,Centrifuge_unified,ZymoMockD6331,ZymoMockD6331,pacbio,SRR13128013,2594460,2594460,                    Streptomyces sp. S1A1-8,Streptomyces sp. S1A1-8,species,0.00018045114952795784,fraction_reads,0.0,5,5
Centrifuge,unified,Centrifuge_unified,ZymoMockD6331,ZymoMockD6331,pacbio,SRR13128013,2931974,2931974,                    Streptomyces sp. 2P-4,Streptomyces sp. 2P-4,species,0.00018045114952795784,fraction_reads,0.0,5,5
Centrifuge,unified,Centrifuge_unified,ZymoMockD6331,ZymoMockD6331,pacbio,SRR13128013,2594458,2594458,                    Streptomyces sp. S1A1-3,Streptomyces sp. S1A1-3,species,0.0001082706897167747,fraction_reads,0.0,3,3
Centrifuge,unified,Centrifuge_unified,ZymoMockD6331,ZymoMockD6331,pacbio,SRR13128013,2903814,2903814,                    Streptomyces sp. NBC_01288,Streptomyces sp. NBC_01288,species,7.218045981118314e-05,fraction_reads,0.0,2,2
Centrifuge,unified,Centrifuge_unified,ZymoMockD6331,ZymoMockD6331,pacbio,SRR13128013,3020055,3020055,                    Streptomyces sp. HUAS 31,Streptomyces sp. HUAS 31,species,7.218045981118314e-05,fraction_reads,0.0,2,2
Centrifuge,unified,Centrifuge_unified,ZymoMockD6331,ZymoMockD6331,pacbio,SRR13128013,565560,565560,                    Streptomyces sp. SM17,Streptomyces sp. SM17,species,3.609022990559157e-05,fraction_reads,0.0,1,1
Centrifuge,unified,Centrifuge_unified,ZymoMockD6331,ZymoMockD6331,pacbio,SRR13128013,1577075,1577075,                    Streptomyces sp. PBH53,Streptomyces sp. PBH53,species,3.609022990559157e-05,fraction_reads,0.0,1,1
Centrifuge,unified,Centrifuge_unified,ZymoMockD6331,ZymoMockD6331,pacbio,SRR13128013,2594453,2594453,                    Streptomyces sp. RLB1-8,Streptomyces sp. RLB1-8,species,3.609022990559157e-05,fraction_reads,0.0,1,1
Centrifuge,unified,Centrifuge_unified,ZymoMockD6331,ZymoMockD6331,pacbio,SRR13128013,2594454,2594454,                    Streptomyces sp. RLB1-9,Streptomyces sp. RLB1-9,species,3.609022990559157e-05,fraction_reads,0.0,1,1
Centrifuge,unified,Centrifuge_unified,ZymoMockD6331,ZymoMockD6331,pacbio,SRR13128013,2742134,2742134,                    Streptomyces sp. NA03103,Streptomyces sp. NA03103,species,3.609022990559157e-05,fraction_reads,0.0,1,1
Centrifuge,unified,Centrifuge_unified,ZymoMockD6331,ZymoMockD6331,pacbio,SRR13128013,2903716,2903716,                    Streptomyces sp. NBC_01006,Streptomyces sp. NBC_01006,species,3.609022990559157e-05,fraction_reads,0.0,1,1
Centrifuge,unified,Centrifuge_unified,ZymoMockD6331,ZymoMockD6331,pacbio,SRR13128013,2903888,2903888,                    Streptomyces sp. NBC_01508,Streptomyces sp. NBC_01508,species,3.609022990559157e-05,fraction_reads,0.0,1,1
Centrifuge,unified,Centrifuge_unified,ZymoMockD6331,ZymoMockD6331,pacbio,SRR13128013,3062779,3062779,                    Streptomyces sp. XD-27,Streptomyces sp. XD-27,species,3.609022990559157e-05,fraction_reads,0.0,1,1
Centrifuge,unified,Centrifuge_unified,ZymoMockD6331,ZymoMockD6331,pacbio,SRR13128013,3239284,3239284,                    Streptomyces sp. RK9,Streptomyces sp. RK9,species,3.609022990559157e-05,fraction_reads,0.0,1,1
Centrifuge,unified,Centrifuge_unified,ZymoMockD6331,ZymoMockD6331,pacbio,SRR13128013,3377215,3377215,                    Streptomyces sp. AHU1,Streptomyces sp. AHU1,species,3.609022990559157e-05,fraction_reads,0.0,1,1
Centrifuge,unified,Centrifuge_unified,ZymoMockD6331,ZymoMockD6331,pacbio,SRR13128013,1901,1901,                  Streptomyces clavuligerus,Streptomyces clavuligerus,species,0.00028872183924473255,fraction_reads,0.0,8,8
Centrifuge,unified,Centrifuge_unified,ZymoMockD6331,ZymoMockD6331,pacbio,SRR13128013,35621,35621,                  Streptomyces mobaraensis,Streptomyces mobaraensis,species,0.00014436091962236627,fraction_reads,0.0,4,0
Centrifuge,unified,Centrifuge_unified,ZymoMockD6331,ZymoMockD6331,pacbio,SRR13128013,1893,1893,                  Streptomyces atratus,Streptomyces atratus,species,0.0001082706897167747,fraction_reads,0.0,3,3
Centrifuge,unified,Centrifuge_unified,ZymoMockD6331,ZymoMockD6331,pacbio,SRR13128013,2849069,2849069,                  Streptomyces diastaticus group,Streptomyces diastaticus group,species,7.218045981118314e-05,fraction_reads,0.0,2,0
Centrifuge,unified,Centrifuge_unified,ZymoMockD6331,ZymoMockD6331,pacbio,SRR13128013,53451,53451,                    Streptomyces rutgersensis,Streptomyces rutgersensis,species,7.218045981118314e-05,fraction_reads,0.0,2,2
Centrifuge,unified,Centrifuge_unified,ZymoMockD6331,ZymoMockD6331,pacbio,SRR13128013,36818,36818,                  Streptomyces subrutilus,Streptomyces subrutilus,species,3.609022990559157e-05,fraction_reads,0.0,1,1
Centrifuge,unified,Centrifuge_unified,ZymoMockD6331,ZymoMockD6331,pacbio,SRR13128013,42881,42881,                  Streptomyces chromofuscus,Streptomyces chromofuscus,species,3.609022990559157e-05,fraction_reads,0.0,1,1
Centrifuge,unified,Centrifuge_unified,ZymoMockD6331,ZymoMockD6331,pacbio,SRR13128013,68231,68231,                  Streptomyces longwoodensis,Streptomyces longwoodensis,species,3.609022990559157e-05,fraction_reads,0.0,1,1
Centrifuge,unified,Centrifuge_unified,ZymoMockD6331,ZymoMockD6331,pacbio,SRR13128013,68286,68286,                  Streptomyces zaomyceticus,Streptomyces zaomyceticus,species,3.609022990559157e-05,fraction_reads,0.0,1,1
Centrifuge,unified,Centrifuge_unified,ZymoMockD6331,ZymoMockD6331,pacbio,SRR13128013,1477431,1477431,                  Streptomyces albidoflavus group,Streptomyces albidoflavus group,species,3.609022990559157e-05,fraction_reads,0.0,1,0
Centrifuge,unified,Centrifuge_unified,ZymoMockD6331,ZymoMockD6331,pacbio,SRR13128013,1886,1886,                    Streptomyces albidoflavus,Streptomyces albidoflavus,species,3.609022990559157e-05,fraction_reads,0.0,1,1
Centrifuge,unified,Centrifuge_unified,ZymoMockD6331,ZymoMockD6331,pacbio,SRR13128013,3156397,3156397,                    Kitasatospora sp. HUAS MG31,Kitasatospora sp. HUAS MG31,species,0.00025263160933914095,fraction_reads,0.0,7,7
Centrifuge,unified,Centrifuge_unified,ZymoMockD6331,ZymoMockD6331,pacbio,SRR13128013,1935379,1935379,                  Leucobacter muris,Leucobacter muris,species,0.0004691729887726904,fraction_reads,0.0,13,13
Centrifuge,unified,Centrifuge_unified,ZymoMockD6331,ZymoMockD6331,pacbio,SRR13128013,232537,232537,                      Rhodoluna limnophila,Rhodoluna limnophila,species,0.0004691729887726904,fraction_reads,0.0,13,13
Centrifuge,unified,Centrifuge_unified,ZymoMockD6331,ZymoMockD6331,pacbio,SRR13128013,2175650,2175650,                    Curtobacterium sp. MCLR17_032,Curtobacterium sp. MCLR17_032,species,7.218045981118314e-05,fraction_reads,0.0,2,2
Centrifuge,unified,Centrifuge_unified,ZymoMockD6331,ZymoMockD6331,pacbio,SRR13128013,2175635,2175635,                    Curtobacterium sp. MCLR17_058,Curtobacterium sp. MCLR17_058,species,3.609022990559157e-05,fraction_reads,0.0,1,1
Centrifuge,unified,Centrifuge_unified,ZymoMockD6331,ZymoMockD6331,pacbio,SRR13128013,2175674,2175674,                    Curtobacterium sp. MCBD17_040,Curtobacterium sp. MCBD17_040,species,3.609022990559157e-05,fraction_reads,0.0,1,1
Centrifuge,unified,Centrifuge_unified,ZymoMockD6331,ZymoMockD6331,pacbio,SRR13128013,2795488,2795488,                    Curtobacterium sp. YC1,Curtobacterium sp. YC1,species,3.609022990559157e-05,fraction_reads,0.0,1,1
Centrifuge,unified,Centrifuge_unified,ZymoMockD6331,ZymoMockD6331,pacbio,SRR13128013,2035,2035,                  Curtobacterium flaccumfaciens,Curtobacterium flaccumfaciens,species,0.00014436091962236627,fraction_reads,0.0,4,0
Centrifuge,unified,Centrifuge_unified,ZymoMockD6331,ZymoMockD6331,pacbio,SRR13128013,2734618,2734618,                    Microbacterium sp. NIBRBAC000506063,Microbacterium sp. NIBRBAC000506063,species,0.0001082706897167747,fraction_reads,0.0,3,3
Centrifuge,unified,Centrifuge_unified,ZymoMockD6331,ZymoMockD6331,pacbio,SRR13128013,2925844,2925844,                    Microbacterium sp. H1-D42,Microbacterium sp. H1-D42,species,7.218045981118314e-05,fraction_reads,0.0,2,2
Centrifuge,unified,Centrifuge_unified,ZymoMockD6331,ZymoMockD6331,pacbio,SRR13128013,2875948,2875948,                    Microbacterium sp. cx-55,Microbacterium sp. cx-55,species,3.609022990559157e-05,fraction_reads,0.0,1,1
Centrifuge,unified,Centrifuge_unified,ZymoMockD6331,ZymoMockD6331,pacbio,SRR13128013,153731,153731,                  Microbacterium aerolatum,Microbacterium aerolatum,species,3.609022990559157e-05,fraction_reads,0.0,1,1
Centrifuge,unified,Centrifuge_unified,ZymoMockD6331,ZymoMockD6331,pacbio,SRR13128013,1874630,1874630,                  Clavibacter capsici,Clavibacter capsici,species,0.0001082706897167747,fraction_reads,0.0,3,3
Centrifuge,unified,Centrifuge_unified,ZymoMockD6331,ZymoMockD6331,pacbio,SRR13128013,2768071,2768071,                  Clavibacter zhangzhiyongii,Clavibacter zhangzhiyongii,species,7.218045981118314e-05,fraction_reads,0.0,2,2
Centrifuge,unified,Centrifuge_unified,ZymoMockD6331,ZymoMockD6331,pacbio,SRR13128013,2735133,2735133,                    Herbiconiux sp. SALV-R1,Herbiconiux sp. SALV-R1,species,0.00014436091962236627,fraction_reads,0.0,4,4
Centrifuge,unified,Centrifuge_unified,ZymoMockD6331,ZymoMockD6331,pacbio,SRR13128013,2905871,2905871,                    Herbiconiux sp. L3-i23,Herbiconiux sp. L3-i23,species,3.609022990559157e-05,fraction_reads,0.0,1,1
Centrifuge,unified,Centrifuge_unified,ZymoMockD6331,ZymoMockD6331,pacbio,SRR13128013,1798217,1798217,                    Leifsonia sp. 197AMF,Leifsonia sp. 197AMF,species,7.218045981118314e-05,fraction_reads,0.0,2,2
Centrifuge,unified,Centrifuge_unified,ZymoMockD6331,ZymoMockD6331,pacbio,SRR13128013,2596912,2596912,                    Glaciihabitans sp. INWT7,Glaciihabitans sp. INWT7,species,7.218045981118314e-05,fraction_reads,0.0,2,2
Centrifuge,unified,Centrifuge_unified,ZymoMockD6331,ZymoMockD6331,pacbio,SRR13128013,1619308,1619308,                  Cnuibacter physcomitrellae,Cnuibacter physcomitrellae,species,3.609022990559157e-05,fraction_reads,0.0,1,1
Centrifuge,unified,Centrifuge_unified,ZymoMockD6331,ZymoMockD6331,pacbio,SRR13128013,85336,85336,                  Rothia nasimurium,Rothia nasimurium,species,0.0005052632186782819,fraction_reads,0.0,14,14
Centrifuge,unified,Centrifuge_unified,ZymoMockD6331,ZymoMockD6331,pacbio,SRR13128013,169480,169480,                  Rothia amarae,Rothia amarae,species,0.00014436091962236627,fraction_reads,0.0,4,4
Centrifuge,unified,Centrifuge_unified,ZymoMockD6331,ZymoMockD6331,pacbio,SRR13128013,43675,43675,                  Rothia mucilaginosa,Rothia mucilaginosa,species,0.0001082706897167747,fraction_reads,0.0,3,3
Centrifuge,unified,Centrifuge_unified,ZymoMockD6331,ZymoMockD6331,pacbio,SRR13128013,1275,1275,                  Kocuria rosea,Kocuria rosea,species,0.00025263160933914095,fraction_reads,0.0,7,7
Centrifuge,unified,Centrifuge_unified,ZymoMockD6331,ZymoMockD6331,pacbio,SRR13128013,2711328,2711328,                    Kocuria sp. TGY1127_2,Kocuria sp. TGY1127_2,species,7.218045981118314e-05,fraction_reads,0.0,2,2
Centrifuge,unified,Centrifuge_unified,ZymoMockD6331,ZymoMockD6331,pacbio,SRR13128013,37929,37929,                  Glutamicibacter nicotianae,Glutamicibacter nicotianae,species,0.00028872183924473255,fraction_reads,0.0,8,8
Centrifuge,unified,Centrifuge_unified,ZymoMockD6331,ZymoMockD6331,pacbio,SRR13128013,1775880,1775880,                  Glutamicibacter mishrai,Glutamicibacter mishrai,species,3.609022990559157e-05,fraction_reads,0.0,1,1
Centrifuge,unified,Centrifuge_unified,ZymoMockD6331,ZymoMockD6331,pacbio,SRR13128013,1652545,1652545,                    Arthrobacter sp. YC-RL1,Arthrobacter sp. YC-RL1,species,3.609022990559157e-05,fraction_reads,0.0,1,1
Centrifuge,unified,Centrifuge_unified,ZymoMockD6331,ZymoMockD6331,pacbio,SRR13128013,2894192,2894192,                    Arthrobacter sp. zg-Y820,Arthrobacter sp. zg-Y820,species,3.609022990559157e-05,fraction_reads,0.0,1,1
Centrifuge,unified,Centrifuge_unified,ZymoMockD6331,ZymoMockD6331,pacbio,SRR13128013,37928,37928,                  Arthrobacter crystallopoietes,Arthrobacter crystallopoietes,species,3.609022990559157e-05,fraction_reads,0.0,1,1
Centrifuge,unified,Centrifuge_unified,ZymoMockD6331,ZymoMockD6331,pacbio,SRR13128013,1618207,1618207,                  Psychromicrobium lacuslunae,Psychromicrobium lacuslunae,species,7.218045981118314e-05,fraction_reads,0.0,2,2
Centrifuge,unified,Centrifuge_unified,ZymoMockD6331,ZymoMockD6331,pacbio,SRR13128013,1270,1270,                  Micrococcus luteus,Micrococcus luteus,species,3.609022990559157e-05,fraction_reads,0.0,1,1
Centrifuge,unified,Centrifuge_unified,ZymoMockD6331,ZymoMockD6331,pacbio,SRR13128013,29320,29320,                  Paenarthrobacter nicotinovorans,Paenarthrobacter nicotinovorans,species,3.609022990559157e-05,fraction_reads,0.0,1,1
Centrifuge,unified,Centrifuge_unified,ZymoMockD6331,ZymoMockD6331,pacbio,SRR13128013,2908651,2908651,                    Ornithinimicrobium sp. INDO-MA30-4,Ornithinimicrobium sp. INDO-MA30-4,species,0.0007578948280174229,fraction_reads,0.0,21,21
Centrifuge,unified,Centrifuge_unified,ZymoMockD6331,ZymoMockD6331,pacbio,SRR13128013,1652028,1652028,                  Brachybacterium huguangmaarense,Brachybacterium huguangmaarense,species,0.0004691729887726904,fraction_reads,0.0,13,13
Centrifuge,unified,Centrifuge_unified,ZymoMockD6331,ZymoMockD6331,pacbio,SRR13128013,1690220,1690220,                  Phycicoccus endophyticus,Phycicoccus endophyticus,species,0.00014436091962236627,fraction_reads,0.0,4,4
Centrifuge,unified,Centrifuge_unified,ZymoMockD6331,ZymoMockD6331,pacbio,SRR13128013,1076331,1076331,                  Arsenicicoccus dermatophilus,Arsenicicoccus dermatophilus,species,7.218045981118314e-05,fraction_reads,0.0,2,2
Centrifuge,unified,Centrifuge_unified,ZymoMockD6331,ZymoMockD6331,pacbio,SRR13128013,2770551,2770551,                    Yimella sp. cx-51,Yimella sp. cx-51,species,0.0001082706897167747,fraction_reads,0.0,3,3
Centrifuge,unified,Centrifuge_unified,ZymoMockD6331,ZymoMockD6331,pacbio,SRR13128013,1274,1274,                  Dermacoccus nishinomiyaensis,Dermacoccus nishinomiyaensis,species,3.609022990559157e-05,fraction_reads,0.0,1,1
Centrifuge,unified,Centrifuge_unified,ZymoMockD6331,ZymoMockD6331,pacbio,SRR13128013,1276,1276,                  Kytococcus sedentarius,Kytococcus sedentarius,species,0.00014436091962236627,fraction_reads,0.0,4,0
Centrifuge,unified,Centrifuge_unified,ZymoMockD6331,ZymoMockD6331,pacbio,SRR13128013,1138587,1138587,                  Paraoerskovia sediminicola,Paraoerskovia sediminicola,species,7.218045981118314e-05,fraction_reads,0.0,2,2
Centrifuge,unified,Centrifuge_unified,ZymoMockD6331,ZymoMockD6331,pacbio,SRR13128013,1744,1744,                  Propionibacterium freudenreichii,Propionibacterium freudenreichii,species,0.0007939850579230146,fraction_reads,0.0,22,22
Centrifuge,unified,Centrifuge_unified,ZymoMockD6331,ZymoMockD6331,pacbio,SRR13128013,3016342,3016342,                  Cutibacterium equinum,Cutibacterium equinum,species,0.00014436091962236627,fraction_reads,0.0,4,4
Centrifuge,unified,Centrifuge_unified,ZymoMockD6331,ZymoMockD6331,pacbio,SRR13128013,1747,1747,                  Cutibacterium acnes,Cutibacterium acnes,species,7.218045981118314e-05,fraction_reads,0.0,2,1
Centrifuge,unified,Centrifuge_unified,ZymoMockD6331,ZymoMockD6331,pacbio,SRR13128013,2559073,2559073,                  Cutibacterium modestum,Cutibacterium modestum,species,3.609022990559157e-05,fraction_reads,0.0,1,1
Centrifuge,unified,Centrifuge_unified,ZymoMockD6331,ZymoMockD6331,pacbio,SRR13128013,3052086,3052086,                    Propionimicrobium sp. PCR01-08-3,Propionimicrobium sp. PCR01-08-3,species,0.0001082706897167747,fraction_reads,0.0,3,3
Centrifuge,unified,Centrifuge_unified,ZymoMockD6331,ZymoMockD6331,pacbio,SRR13128013,2849501,2849501,                  Nocardioides panacis,Nocardioides panacis,species,0.0001082706897167747,fraction_reads,0.0,3,3
Centrifuge,unified,Centrifuge_unified,ZymoMockD6331,ZymoMockD6331,pacbio,SRR13128013,2663857,2663857,                  Nocardioides marmotae,Nocardioides marmotae,species,3.609022990559157e-05,fraction_reads,0.0,1,1
Centrifuge,unified,Centrifuge_unified,ZymoMockD6331,ZymoMockD6331,pacbio,SRR13128013,2685869,2685869,                  Nocardioides ochotonae,Nocardioides ochotonae,species,3.609022990559157e-05,fraction_reads,0.0,1,1
Centrifuge,unified,Centrifuge_unified,ZymoMockD6331,ZymoMockD6331,pacbio,SRR13128013,219314,219314,                  Aeromicrobium marinum,Aeromicrobium marinum,species,0.0001082706897167747,fraction_reads,0.0,3,0
Centrifuge,unified,Centrifuge_unified,ZymoMockD6331,ZymoMockD6331,pacbio,SRR13128013,1804986,1804986,                  Amycolatopsis albispora,Amycolatopsis albispora,species,0.0004691729887726904,fraction_reads,0.0,13,13
Centrifuge,unified,Centrifuge_unified,ZymoMockD6331,ZymoMockD6331,pacbio,SRR13128013,2652444,2652444,                    Amycolatopsis sp. GA6-003,Amycolatopsis sp. GA6-003,species,3.609022990559157e-05,fraction_reads,0.0,1,1
Centrifuge,unified,Centrifuge_unified,ZymoMockD6331,ZymoMockD6331,pacbio,SRR13128013,3075927,3075927,                    Umezawaea sp. Da 62-37,Umezawaea sp. Da 62-37,species,0.00014436091962236627,fraction_reads,0.0,4,4
Centrifuge,unified,Centrifuge_unified,ZymoMockD6331,ZymoMockD6331,pacbio,SRR13128013,2006,2006,                  Thermobispora bispora,Thermobispora bispora,species,0.0004330827588670988,fraction_reads,0.0,12,12
Centrifuge,unified,Centrifuge_unified,ZymoMockD6331,ZymoMockD6331,pacbio,SRR13128013,1003110,1003110,                  Micromonospora maris,Micromonospora maris,species,0.0003609022990559157,fraction_reads,0.0,10,10
Centrifuge,unified,Centrifuge_unified,ZymoMockD6331,ZymoMockD6331,pacbio,SRR13128013,1528104,1528104,                    Geodermatophilus sp. DSM 44513,Geodermatophilus sp. DSM 44513,species,0.00025263160933914095,fraction_reads,0.0,7,7
Centrifuge,unified,Centrifuge_unified,ZymoMockD6331,ZymoMockD6331,pacbio,SRR13128013,298653,298653,                    Parafrankia sp. EAN1pec,Parafrankia sp. EAN1pec,species,7.218045981118314e-05,fraction_reads,0.0,2,2
Centrifuge,unified,Centrifuge_unified,ZymoMockD6331,ZymoMockD6331,pacbio,SRR13128013,1902245,1902245,                  Nakamurella antarctica,Nakamurella antarctica,species,3.609022990559157e-05,fraction_reads,0.0,1,1
Centrifuge,unified,Centrifuge_unified,ZymoMockD6331,ZymoMockD6331,pacbio,SRR13128013,446660,446660,                  Adlercreutzia equolifaciens,Adlercreutzia equolifaciens,species,0.0002165413794335494,fraction_reads,0.0,6,0
Centrifuge,unified,Centrifuge_unified,ZymoMockD6331,ZymoMockD6331,pacbio,SRR13128013,1335613,1335613,                  Gordonibacter urolithinfaciens,Gordonibacter urolithinfaciens,species,3.609022990559157e-05,fraction_reads,0.0,1,1
Centrifuge,unified,Centrifuge_unified,ZymoMockD6331,ZymoMockD6331,pacbio,SRR13128013,2051957,2051957,                  Rubrobacter indicoceani,Rubrobacter indicoceani,species,0.00018045114952795784,fraction_reads,0.0,5,5
Centrifuge,unified,Centrifuge_unified,ZymoMockD6331,ZymoMockD6331,pacbio,SRR13128013,467976,467976,                  Iamia majanohamensis,Iamia majanohamensis,species,3.609022990559157e-05,fraction_reads,0.0,1,1
Centrifuge,unified,Centrifuge_unified,ZymoMockD6331,ZymoMockD6331,pacbio,SRR13128013,2886375,2886375,                    Spiroplasma endosymbiont of Phyllotreta cruciferae,Spiroplasma endosymbiont of Phyllotreta cruciferae,species,0.0089864672464923,fraction_reads,0.01,249,249
Centrifuge,unified,Centrifuge_unified,ZymoMockD6331,ZymoMockD6331,pacbio,SRR13128013,2792084,2792084,                    Spiroplasma endosymbiont of 'Nebria riversi',Spiroplasma endosymbiont of 'Nebria riversi',species,0.001407518966318071,fraction_reads,0.0,39,39
Centrifuge,unified,Centrifuge_unified,ZymoMockD6331,ZymoMockD6331,pacbio,SRR13128013,3066297,3066297,                    Spiroplasma endosymbiont of Lonchoptera lutea,Spiroplasma endosymbiont of Lonchoptera lutea,species,3.609022990559157e-05,fraction_reads,0.0,1,1
Centrifuge,unified,Centrifuge_unified,ZymoMockD6331,ZymoMockD6331,pacbio,SRR13128013,216937,216937,                  Spiroplasma floricola,Spiroplasma floricola,species,0.0008661655177341976,fraction_reads,0.0,24,0
Centrifuge,unified,Centrifuge_unified,ZymoMockD6331,ZymoMockD6331,pacbio,SRR13128013,2133,2133,                  Spiroplasma citri,Spiroplasma citri,species,0.00025263160933914095,fraction_reads,0.0,7,7
Centrifuge,unified,Centrifuge_unified,ZymoMockD6331,ZymoMockD6331,pacbio,SRR13128013,656088,656088,                  Mycoplasma mycoides group,Mycoplasma mycoides group,species,0.0001082706897167747,fraction_reads,0.0,3,0
Centrifuge,unified,Centrifuge_unified,ZymoMockD6331,ZymoMockD6331,pacbio,SRR13128013,2102,2102,                    Mycoplasma mycoides,Mycoplasma mycoides,species,0.0001082706897167747,fraction_reads,0.0,3,2
Centrifuge,unified,Centrifuge_unified,ZymoMockD6331,ZymoMockD6331,pacbio,SRR13128013,171284,171284,                Mycoplasmopsis cynos,Mycoplasmopsis cynos,species,0.0006135339083950566,fraction_reads,0.0,17,17
Centrifuge,unified,Centrifuge_unified,ZymoMockD6331,ZymoMockD6331,pacbio,SRR13128013,33923,33923,                Mycoplasmopsis felis,Mycoplasmopsis felis,species,3.609022990559157e-05,fraction_reads,0.0,1,1
Centrifuge,unified,Centrifuge_unified,ZymoMockD6331,ZymoMockD6331,pacbio,SRR13128013,2104,2104,                Mycoplasmoides pneumoniae,Mycoplasmoides pneumoniae,species,3.609022990559157e-05,fraction_reads,0.0,1,1
Centrifuge,unified,Centrifuge_unified,ZymoMockD6331,ZymoMockD6331,pacbio,SRR13128013,2116702,2116702,                      Synechocystis sp. IPPAS B-1465,Synechocystis sp. IPPAS B-1465,species,0.002165413794335494,fraction_reads,0.0,60,60
Centrifuge,unified,Centrifuge_unified,ZymoMockD6331,ZymoMockD6331,pacbio,SRR13128013,2732530,2732530,                      Synechocystis sp. PCC 7338,Synechocystis sp. PCC 7338,species,3.609022990559157e-05,fraction_reads,0.0,1,1
Centrifuge,unified,Centrifuge_unified,ZymoMockD6331,ZymoMockD6331,pacbio,SRR13128013,3074091,3074091,                      Thermosynechococcus sp. WL17,Thermosynechococcus sp. WL17,species,0.00025263160933914095,fraction_reads,0.0,7,7
Centrifuge,unified,Centrifuge_unified,ZymoMockD6331,ZymoMockD6331,pacbio,SRR13128013,3074089,3074089,                      Thermosynechococcus sp. WL11,Thermosynechococcus sp. WL11,species,0.0001082706897167747,fraction_reads,0.0,3,3
Centrifuge,unified,Centrifuge_unified,ZymoMockD6331,ZymoMockD6331,pacbio,SRR13128013,3074082,3074082,                      Thermosynechococcus sp. PP22,Thermosynechococcus sp. PP22,species,7.218045981118314e-05,fraction_reads,0.0,2,2
Centrifuge,unified,Centrifuge_unified,ZymoMockD6331,ZymoMockD6331,pacbio,SRR13128013,3074090,3074090,                      Thermosynechococcus sp. WL15,Thermosynechococcus sp. WL15,species,3.609022990559157e-05,fraction_reads,0.0,1,1
Centrifuge,unified,Centrifuge_unified,ZymoMockD6331,ZymoMockD6331,pacbio,SRR13128013,155978,155978,                    Acaryochloris marina,Acaryochloris marina,species,0.00018045114952795784,fraction_reads,0.0,5,0
Centrifuge,unified,Centrifuge_unified,ZymoMockD6331,ZymoMockD6331,pacbio,SRR13128013,32049,32049,                        Picosynechococcus sp. PCC 7002,Picosynechococcus sp. PCC 7002,species,0.00028872183924473255,fraction_reads,0.0,8,8
Centrifuge,unified,Centrifuge_unified,ZymoMockD6331,ZymoMockD6331,pacbio,SRR13128013,195248,195248,                        Picosynechococcus sp. PCC 8807,Picosynechococcus sp. PCC 8807,species,0.00028872183924473255,fraction_reads,0.0,8,8
Centrifuge,unified,Centrifuge_unified,ZymoMockD6331,ZymoMockD6331,pacbio,SRR13128013,1126,1126,                      Microcystis aeruginosa,Microcystis aeruginosa,species,3.609022990559157e-05,fraction_reads,0.0,1,0
Centrifuge,unified,Centrifuge_unified,ZymoMockD6331,ZymoMockD6331,pacbio,SRR13128013,1306274,1306274,                    Nostoc flagelliforme,Nostoc flagelliforme,species,7.218045981118314e-05,fraction_reads,0.0,2,0
Centrifuge,unified,Centrifuge_unified,ZymoMockD6331,ZymoMockD6331,pacbio,SRR13128013,3134896,3134896,                      Nostoc sp. UHCC 0302,Nostoc sp. UHCC 0302,species,3.609022990559157e-05,fraction_reads,0.0,1,1
Centrifuge,unified,Centrifuge_unified,ZymoMockD6331,ZymoMockD6331,pacbio,SRR13128013,137816,137816,                    Nodularia sphaerocarpa,Nodularia sphaerocarpa,species,0.0001082706897167747,fraction_reads,0.0,3,0
Centrifuge,unified,Centrifuge_unified,ZymoMockD6331,ZymoMockD6331,pacbio,SRR13128013,3398495,3398495,                    Bromeliae group (in: Brasilonema),Bromeliae group (in: Brasilonema),species,3.609022990559157e-05,fraction_reads,0.0,1,0
Centrifuge,unified,Centrifuge_unified,ZymoMockD6331,ZymoMockD6331,pacbio,SRR13128013,1397703,1397703,                      Brasilonema sennae,Brasilonema sennae,species,3.609022990559157e-05,fraction_reads,0.0,1,0
Centrifuge,unified,Centrifuge_unified,ZymoMockD6331,ZymoMockD6331,pacbio,SRR13128013,1184,1184,                      Leptolyngbya boryana,Leptolyngbya boryana,species,7.218045981118314e-05,fraction_reads,0.0,2,0
Centrifuge,unified,Centrifuge_unified,ZymoMockD6331,ZymoMockD6331,pacbio,SRR13128013,685565,685565,                      Pseudanabaena sp. ABRG5-3,Pseudanabaena sp. ABRG5-3,species,3.609022990559157e-05,fraction_reads,0.0,1,1
Centrifuge,unified,Centrifuge_unified,ZymoMockD6331,ZymoMockD6331,pacbio,SRR13128013,2219043,2219043,                  Capsulimonas corticalis,Capsulimonas corticalis,species,0.00018045114952795784,fraction_reads,0.0,5,5
Centrifuge,unified,Centrifuge_unified,ZymoMockD6331,ZymoMockD6331,pacbio,SRR13128013,851,851,                  Fusobacterium nucleatum,Fusobacterium nucleatum,species,1.966520537325779,fraction_reads,1.97,54489,54489
Centrifuge,unified,Centrifuge_unified,ZymoMockD6331,ZymoMockD6331,pacbio,SRR13128013,76857,76857,                  Fusobacterium polymorphum,Fusobacterium polymorphum,species,0.007037594831590356,fraction_reads,0.01,195,188
Centrifuge,unified,Centrifuge_unified,ZymoMockD6331,ZymoMockD6331,pacbio,SRR13128013,155615,155615,                  Fusobacterium vincentii,Fusobacterium vincentii,species,0.005918797704517018,fraction_reads,0.01,164,160
Centrifuge,unified,Centrifuge_unified,ZymoMockD6331,ZymoMockD6331,pacbio,SRR13128013,76859,76859,                  Fusobacterium animalis,Fusobacterium animalis,species,0.0028511281625417336,fraction_reads,0.0,79,79
Centrifuge,unified,Centrifuge_unified,ZymoMockD6331,ZymoMockD6331,pacbio,SRR13128013,850,850,                  Fusobacterium mortiferum,Fusobacterium mortiferum,species,0.0006857143682062398,fraction_reads,0.0,19,0
Centrifuge,unified,Centrifuge_unified,ZymoMockD6331,ZymoMockD6331,pacbio,SRR13128013,1583098,1583098,                  Fusobacterium hwasookii,Fusobacterium hwasookii,species,0.0005774436784894651,fraction_reads,0.0,16,16
Centrifuge,unified,Centrifuge_unified,ZymoMockD6331,ZymoMockD6331,pacbio,SRR13128013,188913,188913,                  Cetobacterium somerae,Cetobacterium somerae,species,0.0008661655177341976,fraction_reads,0.0,24,24
Centrifuge,unified,Centrifuge_unified,ZymoMockD6331,ZymoMockD6331,pacbio,SRR13128013,167642,167642,                  Ilyobacter polytropus,Ilyobacter polytropus,species,3.609022990559157e-05,fraction_reads,0.0,1,0
Centrifuge,unified,Centrifuge_unified,ZymoMockD6331,ZymoMockD6331,pacbio,SRR13128013,157688,157688,                  Leptotrichia hofstadii,Leptotrichia hofstadii,species,7.218045981118314e-05,fraction_reads,0.0,2,2
Centrifuge,unified,Centrifuge_unified,ZymoMockD6331,ZymoMockD6331,pacbio,SRR13128013,2996794,2996794,                  Haliovirga abyssi,Haliovirga abyssi,species,7.218045981118314e-05,fraction_reads,0.0,2,2
Centrifuge,unified,Centrifuge_unified,ZymoMockD6331,ZymoMockD6331,pacbio,SRR13128013,1184387,1184387,                  Mesotoga prima,Mesotoga prima,species,0.004944361497066045,fraction_reads,0.0,137,0
Centrifuge,unified,Centrifuge_unified,ZymoMockD6331,ZymoMockD6331,pacbio,SRR13128013,2336,2336,                  Thermotoga maritima,Thermotoga maritima,species,0.00014436091962236627,fraction_reads,0.0,4,0
Centrifuge,unified,Centrifuge_unified,ZymoMockD6331,ZymoMockD6331,pacbio,SRR13128013,2917691,2917691,                    Deinococcus sp. KNUC1210,Deinococcus sp. KNUC1210,species,0.0003248120691503241,fraction_reads,0.0,9,9
Centrifuge,unified,Centrifuge_unified,ZymoMockD6331,ZymoMockD6331,pacbio,SRR13128013,2652443,2652443,                    Deinococcus sp. AJ005,Deinococcus sp. AJ005,species,7.218045981118314e-05,fraction_reads,0.0,2,2
Centrifuge,unified,Centrifuge_unified,ZymoMockD6331,ZymoMockD6331,pacbio,SRR13128013,317577,317577,                  Deinococcus ficus,Deinococcus ficus,species,0.00018045114952795784,fraction_reads,0.0,5,5
Centrifuge,unified,Centrifuge_unified,ZymoMockD6331,ZymoMockD6331,pacbio,SRR13128013,32062,32062,                  Deinococcus radiophilus,Deinococcus radiophilus,species,3.609022990559157e-05,fraction_reads,0.0,1,1
Centrifuge,unified,Centrifuge_unified,ZymoMockD6331,ZymoMockD6331,pacbio,SRR13128013,328692,328692,                  Deinococcus aquaticus,Deinococcus aquaticus,species,3.609022990559157e-05,fraction_reads,0.0,1,1
Centrifuge,unified,Centrifuge_unified,ZymoMockD6331,ZymoMockD6331,pacbio,SRR13128013,980427,980427,                  Deinococcus wulumuqiensis,Deinococcus wulumuqiensis,species,3.609022990559157e-05,fraction_reads,0.0,1,0
Centrifuge,unified,Centrifuge_unified,ZymoMockD6331,ZymoMockD6331,pacbio,SRR13128013,274,274,                  Thermus thermophilus,Thermus thermophilus,species,0.00018045114952795784,fraction_reads,0.0,5,4
Centrifuge,unified,Centrifuge_unified,ZymoMockD6331,ZymoMockD6331,pacbio,SRR13128013,2355,2355,        unidentified bacterial endosymbiont,unidentified bacterial endosymbiont,species,0.0007218045981118314,fraction_reads,0.0,20,20
Centrifuge,unified,Centrifuge_unified,ZymoMockD6331,ZymoMockD6331,pacbio,SRR13128013,4932,4932,                          Saccharomyces cerevisiae,Saccharomyces cerevisiae,species,0.10516692994489384,fraction_reads,0.11,2914,0
Centrifuge,unified,Centrifuge_unified,ZymoMockD6331,ZymoMockD6331,pacbio,SRR13128013,1080349,1080349,                          Saccharomyces eubayanus,Saccharomyces eubayanus,species,0.013317294835163288,fraction_reads,0.01,369,369
Centrifuge,unified,Centrifuge_unified,ZymoMockD6331,ZymoMockD6331,pacbio,SRR13128013,27291,27291,                          Saccharomyces paradoxus,Saccharomyces paradoxus,species,0.0001082706897167747,fraction_reads,0.0,3,3
Centrifuge,unified,Centrifuge_unified,ZymoMockD6331,ZymoMockD6331,pacbio,SRR13128013,114524,114524,                          Saccharomyces kudriavzevii,Saccharomyces kudriavzevii,species,3.609022990559157e-05,fraction_reads,0.0,1,0
Centrifuge,unified,Centrifuge_unified,ZymoMockD6331,ZymoMockD6331,pacbio,SRR13128013,27288,27288,                          Naumovozyma castellii,Naumovozyma castellii,species,0.02306165690967301,fraction_reads,0.02,639,639
Centrifuge,unified,Centrifuge_unified,ZymoMockD6331,ZymoMockD6331,pacbio,SRR13128013,27289,27289,                          Naumovozyma dairenensis,Naumovozyma dairenensis,species,0.008914286786681117,fraction_reads,0.01,247,0
Centrifuge,unified,Centrifuge_unified,ZymoMockD6331,ZymoMockD6331,pacbio,SRR13128013,432096,432096,                          Kazachstania africana,Kazachstania africana,species,0.023603010358256883,fraction_reads,0.02,654,0
Centrifuge,unified,Centrifuge_unified,ZymoMockD6331,ZymoMockD6331,pacbio,SRR13128013,4950,4950,                          Torulaspora delbrueckii,Torulaspora delbrueckii,species,0.01725112989487277,fraction_reads,0.02,478,478
Centrifuge,unified,Centrifuge_unified,ZymoMockD6331,ZymoMockD6331,pacbio,SRR13128013,113608,113608,                          Tetrapisispora phaffii,Tetrapisispora phaffii,species,0.015590979319215556,fraction_reads,0.02,432,0
Centrifuge,unified,Centrifuge_unified,ZymoMockD6331,ZymoMockD6331,pacbio,SRR13128013,588726,588726,                          Huiozyma naganishii,Huiozyma naganishii,species,0.008228572418474878,fraction_reads,0.01,228,0
Centrifuge,unified,Centrifuge_unified,ZymoMockD6331,ZymoMockD6331,pacbio,SRR13128013,28985,28985,                          Kluyveromyces lactis,Kluyveromyces lactis,species,7.218045981118314e-05,fraction_reads,0.0,2,2
Centrifuge,unified,Centrifuge_unified,ZymoMockD6331,ZymoMockD6331,pacbio,SRR13128013,4911,4911,                          Kluyveromyces marxianus,Kluyveromyces marxianus,species,3.609022990559157e-05,fraction_reads,0.0,1,0
Centrifuge,unified,Centrifuge_unified,ZymoMockD6331,ZymoMockD6331,pacbio,SRR13128013,1071379,1071379,                          Henningerozyma blattae,Henningerozyma blattae,species,3.609022990559157e-05,fraction_reads,0.0,1,0
Centrifuge,unified,Centrifuge_unified,ZymoMockD6331,ZymoMockD6331,pacbio,SRR13128013,36035,36035,                          Saccharomycodes ludwigii,Saccharomycodes ludwigii,species,7.218045981118314e-05,fraction_reads,0.0,2,2
Centrifuge,unified,Centrifuge_unified,ZymoMockD6331,ZymoMockD6331,pacbio,SRR13128013,5476,5476,                            Candida albicans,Candida albicans,species,0.06940151210845258,fraction_reads,0.07,1923,0
Centrifuge,unified,Centrifuge_unified,ZymoMockD6331,ZymoMockD6331,pacbio,SRR13128013,273371,273371,                            Candida orthopsilosis,Candida orthopsilosis,species,0.004980451726971637,fraction_reads,0.0,138,0
Centrifuge,unified,Centrifuge_unified,ZymoMockD6331,ZymoMockD6331,pacbio,SRR13128013,42374,42374,                            Candida dubliniensis,Candida dubliniensis,species,3.609022990559157e-05,fraction_reads,0.0,1,0
Centrifuge,unified,Centrifuge_unified,ZymoMockD6331,ZymoMockD6331,pacbio,SRR13128013,1775926,1775926,                            Lodderomyces beijingensis,Lodderomyces beijingensis,species,7.218045981118314e-05,fraction_reads,0.0,2,2
Centrifuge,unified,Centrifuge_unified,ZymoMockD6331,ZymoMockD6331,pacbio,SRR13128013,36914,36914,                            Lodderomyces elongisporus,Lodderomyces elongisporus,species,3.609022990559157e-05,fraction_reads,0.0,1,1
Centrifuge,unified,Centrifuge_unified,ZymoMockD6331,ZymoMockD6331,pacbio,SRR13128013,4959,4959,                          Debaryomyces hansenii,Debaryomyces hansenii,species,7.218045981118314e-05,fraction_reads,0.0,2,2
Centrifuge,unified,Centrifuge_unified,ZymoMockD6331,ZymoMockD6331,pacbio,SRR13128013,498019,498019,                          Candidozyma auris,Candidozyma auris,species,3.609022990559157e-05,fraction_reads,0.0,1,1
Centrifuge,unified,Centrifuge_unified,ZymoMockD6331,ZymoMockD6331,pacbio,SRR13128013,5007,5007,                          Brettanomyces bruxellensis,Brettanomyces bruxellensis,species,0.00028872183924473255,fraction_reads,0.0,8,8
Centrifuge,unified,Centrifuge_unified,ZymoMockD6331,ZymoMockD6331,pacbio,SRR13128013,13502,13502,                          Brettanomyces nanus,Brettanomyces nanus,species,3.609022990559157e-05,fraction_reads,0.0,1,1
Centrifuge,unified,Centrifuge_unified,ZymoMockD6331,ZymoMockD6331,pacbio,SRR13128013,4909,4909,                          Pichia kudriavzevii,Pichia kudriavzevii,species,3.609022990559157e-05,fraction_reads,0.0,1,1
Centrifuge,unified,Centrifuge_unified,ZymoMockD6331,ZymoMockD6331,pacbio,SRR13128013,569360,569360,                                Fusarium sambucinum species complex,Fusarium sambucinum species complex,species,0.016493235066855346,fraction_reads,0.02,457,0
Centrifuge,unified,Centrifuge_unified,ZymoMockD6331,ZymoMockD6331,pacbio,SRR13128013,101028,101028,                                  Fusarium pseudograminearum,Fusarium pseudograminearum,species,0.016493235066855346,fraction_reads,0.02,457,0
Centrifuge,unified,Centrifuge_unified,ZymoMockD6331,ZymoMockD6331,pacbio,SRR13128013,1042133,1042133,                                Fusarium musae,Fusarium musae,species,7.218045981118314e-05,fraction_reads,0.0,2,2
Centrifuge,unified,Centrifuge_unified,ZymoMockD6331,ZymoMockD6331,pacbio,SRR13128013,171627,171627,                                Fusarium fujikuroi species complex,Fusarium fujikuroi species complex,species,3.609022990559157e-05,fraction_reads,0.0,1,0
Centrifuge,unified,Centrifuge_unified,ZymoMockD6331,ZymoMockD6331,pacbio,SRR13128013,117187,117187,                                  Fusarium verticillioides,Fusarium verticillioides,species,3.609022990559157e-05,fraction_reads,0.0,1,0
Centrifuge,unified,Centrifuge_unified,ZymoMockD6331,ZymoMockD6331,pacbio,SRR13128013,232080,232080,                                Fusarium solani species complex,Fusarium solani species complex,species,3.609022990559157e-05,fraction_reads,0.0,1,0
Centrifuge,unified,Centrifuge_unified,ZymoMockD6331,ZymoMockD6331,pacbio,SRR13128013,195108,195108,                                  Fusarium falciforme,Fusarium falciforme,species,3.609022990559157e-05,fraction_reads,0.0,1,1
Centrifuge,unified,Centrifuge_unified,ZymoMockD6331,ZymoMockD6331,pacbio,SRR13128013,1159556,1159556,                                Ustilaginoidea virens,Ustilaginoidea virens,species,0.008697745407247569,fraction_reads,0.01,241,241
Centrifuge,unified,Centrifuge_unified,ZymoMockD6331,ZymoMockD6331,pacbio,SRR13128013,280754,280754,                                Pochonia chlamydosporia,Pochonia chlamydosporia,species,7.218045981118314e-05,fraction_reads,0.0,2,0
Centrifuge,unified,Centrifuge_unified,ZymoMockD6331,ZymoMockD6331,pacbio,SRR13128013,2034170,2034170,                                Trichoderma breve,Trichoderma breve,species,3.609022990559157e-05,fraction_reads,0.0,1,1
Centrifuge,unified,Centrifuge_unified,ZymoMockD6331,ZymoMockD6331,pacbio,SRR13128013,145971,145971,                                  Colletotrichum lupini,Colletotrichum lupini,species,7.218045981118314e-05,fraction_reads,0.0,2,2
Centrifuge,unified,Centrifuge_unified,ZymoMockD6331,ZymoMockD6331,pacbio,SRR13128013,34406,34406,                                  Colletotrichum destructivum,Colletotrichum destructivum,species,3.609022990559157e-05,fraction_reads,0.0,1,1
Centrifuge,unified,Centrifuge_unified,ZymoMockD6331,ZymoMockD6331,pacbio,SRR13128013,80884,80884,                                  Colletotrichum higginsianum,Colletotrichum higginsianum,species,3.609022990559157e-05,fraction_reads,0.0,1,0
Centrifuge,unified,Centrifuge_unified,ZymoMockD6331,ZymoMockD6331,pacbio,SRR13128013,5141,5141,                                Neurospora crassa,Neurospora crassa,species,0.011584963799694892,fraction_reads,0.01,321,0
Centrifuge,unified,Centrifuge_unified,ZymoMockD6331,ZymoMockD6331,pacbio,SRR13128013,5147,5147,                                Sordaria macrospora,Sordaria macrospora,species,3.609022990559157e-05,fraction_reads,0.0,1,1
Centrifuge,unified,Centrifuge_unified,ZymoMockD6331,ZymoMockD6331,pacbio,SRR13128013,2093779,2093779,                                Podospora pseudocomata,Podospora pseudocomata,species,3.609022990559157e-05,fraction_reads,0.0,1,1
Centrifuge,unified,Centrifuge_unified,ZymoMockD6331,ZymoMockD6331,pacbio,SRR13128013,1578925,1578925,                                Pyricularia pennisetigena,Pyricularia pennisetigena,species,3.609022990559157e-05,fraction_reads,0.0,1,1
Centrifuge,unified,Centrifuge_unified,ZymoMockD6331,ZymoMockD6331,pacbio,SRR13128013,45151,45151,                                  Pyrenophora tritici-repentis,Pyrenophora tritici-repentis,species,0.0001082706897167747,fraction_reads,0.0,3,3
Centrifuge,unified,Centrifuge_unified,ZymoMockD6331,ZymoMockD6331,pacbio,SRR13128013,48095,48095,                                    Alternaria dauci,Alternaria dauci,species,7.218045981118314e-05,fraction_reads,0.0,2,2
Centrifuge,unified,Centrifuge_unified,ZymoMockD6331,ZymoMockD6331,pacbio,SRR13128013,5499,5499,                                Fulvia fulva,Fulvia fulva,species,7.218045981118314e-05,fraction_reads,0.0,2,2
Centrifuge,unified,Centrifuge_unified,ZymoMockD6331,ZymoMockD6331,pacbio,SRR13128013,1047171,1047171,                                Zymoseptoria tritici,Zymoseptoria tritici,species,3.609022990559157e-05,fraction_reads,0.0,1,0
Centrifuge,unified,Centrifuge_unified,ZymoMockD6331,ZymoMockD6331,pacbio,SRR13128013,162425,162425,                                Aspergillus nidulans,Aspergillus nidulans,species,3.609022990559157e-05,fraction_reads,0.0,1,0
Centrifuge,unified,Centrifuge_unified,ZymoMockD6331,ZymoMockD6331,pacbio,SRR13128013,182096,182096,                                Aspergillus chevalieri,Aspergillus chevalieri,species,3.609022990559157e-05,fraction_reads,0.0,1,1
Centrifuge,unified,Centrifuge_unified,ZymoMockD6331,ZymoMockD6331,pacbio,SRR13128013,69781,69781,                              Penicillium oxalicum,Penicillium oxalicum,species,3.609022990559157e-05,fraction_reads,0.0,1,1
Centrifuge,unified,Centrifuge_unified,ZymoMockD6331,ZymoMockD6331,pacbio,SRR13128013,2545709,2545709,                        Schizosaccharomyces osmophilus,Schizosaccharomyces osmophilus,species,7.218045981118314e-05,fraction_reads,0.0,2,2
Centrifuge,unified,Centrifuge_unified,ZymoMockD6331,ZymoMockD6331,pacbio,SRR13128013,1884637,1884637,                        Cryptococcus gattii species complex,Cryptococcus gattii species complex,species,0.06535940635902633,fraction_reads,0.07,1811,0
Centrifuge,unified,Centrifuge_unified,ZymoMockD6331,ZymoMockD6331,pacbio,SRR13128013,552467,552467,                          Cryptococcus bacillisporus,Cryptococcus bacillisporus,species,0.038544365539171795,fraction_reads,0.04,1068,0
Centrifuge,unified,Centrifuge_unified,ZymoMockD6331,ZymoMockD6331,pacbio,SRR13128013,1859121,1859121,                          Cryptococcus tetragattii,Cryptococcus tetragattii,species,0.014400001732331035,fraction_reads,0.01,399,0
Centrifuge,unified,Centrifuge_unified,ZymoMockD6331,ZymoMockD6331,pacbio,SRR13128013,37769,37769,                          Cryptococcus gattii,Cryptococcus gattii,species,0.012306768397806724,fraction_reads,0.01,341,0
Centrifuge,unified,Centrifuge_unified,ZymoMockD6331,ZymoMockD6331,pacbio,SRR13128013,1859122,1859122,                          Cryptococcus decagattii,Cryptococcus decagattii,species,7.218045981118314e-05,fraction_reads,0.0,2,2
Centrifuge,unified,Centrifuge_unified,ZymoMockD6331,ZymoMockD6331,pacbio,SRR13128013,1859096,1859096,                          Cryptococcus deuterogattii,Cryptococcus deuterogattii,species,3.609022990559157e-05,fraction_reads,0.0,1,0
Centrifuge,unified,Centrifuge_unified,ZymoMockD6331,ZymoMockD6331,pacbio,SRR13128013,1897064,1897064,                        Cryptococcus neoformans species complex,Cryptococcus neoformans species complex,species,0.028294740245983788,fraction_reads,0.03,784,0
Centrifuge,unified,Centrifuge_unified,ZymoMockD6331,ZymoMockD6331,pacbio,SRR13128013,5207,5207,                          Cryptococcus neoformans,Cryptococcus neoformans,species,0.028294740245983788,fraction_reads,0.03,784,0
Centrifuge,unified,Centrifuge_unified,ZymoMockD6331,ZymoMockD6331,pacbio,SRR13128013,4975,4975,                        Kwoniella dendrophila,Kwoniella dendrophila,species,7.218045981118314e-05,fraction_reads,0.0,2,0
Centrifuge,unified,Centrifuge_unified,ZymoMockD6331,ZymoMockD6331,pacbio,SRR13128013,324769,324769,                        Kwoniella bestiolae,Kwoniella bestiolae,species,3.609022990559157e-05,fraction_reads,0.0,1,0
Centrifuge,unified,Centrifuge_unified,ZymoMockD6331,ZymoMockD6331,pacbio,SRR13128013,27350,27350,                        Puccinia striiformis,Puccinia striiformis,species,3.609022990559157e-05,fraction_reads,0.0,1,0
Centrifuge,unified,Centrifuge_unified,ZymoMockD6331,ZymoMockD6331,pacbio,SRR13128013,208348,208348,                        Puccinia triticina,Puccinia triticina,species,3.609022990559157e-05,fraction_reads,0.0,1,1
Centrifuge,unified,Centrifuge_unified,ZymoMockD6331,ZymoMockD6331,pacbio,SRR13128013,280036,280036,                        Sporisorium graminicola,Sporisorium graminicola,species,3.609022990559157e-05,fraction_reads,0.0,1,1
Centrifuge,unified,Centrifuge_unified,ZymoMockD6331,ZymoMockD6331,pacbio,SRR13128013,223818,223818,                        Malassezia japonica,Malassezia japonica,species,3.609022990559157e-05,fraction_reads,0.0,1,1
Centrifuge,unified,Centrifuge_unified,ZymoMockD6331,ZymoMockD6331,pacbio,SRR13128013,588596,588596,                        Rhizophagus irregularis,Rhizophagus irregularis,species,0.00018045114952795784,fraction_reads,0.0,5,5
Centrifuge,unified,Centrifuge_unified,ZymoMockD6331,ZymoMockD6331,pacbio,SRR13128013,6039,6039,                    Vairimorpha necatrix,Vairimorpha necatrix,species,3.609022990559157e-05,fraction_reads,0.0,1,1
Centrifuge,unified,Centrifuge_unified,ZymoMockD6331,ZymoMockD6331,pacbio,SRR13128013,2173,2173,                    Methanobrevibacter smithii,Methanobrevibacter smithii,species,0.030857146569280788,fraction_reads,0.03,855,1
Centrifuge,unified,Centrifuge_unified,ZymoMockD6331,ZymoMockD6331,pacbio,SRR13128013,145263,145263,                    Methanothermobacter marburgensis,Methanothermobacter marburgensis,species,0.00014436091962236627,fraction_reads,0.0,4,4
Centrifuge,unified,Centrifuge_unified,ZymoMockD6331,ZymoMockD6331,pacbio,SRR13128013,1301915,1301915,                    Methanocaldococcus bathoardescens,Methanocaldococcus bathoardescens,species,3.609022990559157e-05,fraction_reads,0.0,1,1
Centrifuge,unified,Centrifuge_unified,ZymoMockD6331,ZymoMockD6331,pacbio,SRR13128013,183759,183759,                      uncultured Methanomethylovorans sp.,uncultured Methanomethylovorans sp.,species,0.00014436091962236627,fraction_reads,0.0,4,4
Centrifuge,unified,Centrifuge_unified,ZymoMockD6331,ZymoMockD6331,pacbio,SRR13128013,2844172,2844172,              Nesevirus nv2G7b,Nesevirus nv2G7b,species,7.218045981118314e-05,fraction_reads,0.0,2,0
Centrifuge,unified,Centrifuge_unified,ZymoMockD6331,ZymoMockD6331,pacbio,SRR13128013,570,570,                  Klebsiella,Klebsiella,genus,4.154454635122362,fraction_reads,4.15,115113,5
Centrifuge,unified,Centrifuge_unified,ZymoMockD6331,ZymoMockD6331,pacbio,SRR13128013,160674,160674,                  Raoultella,Raoultella,genus,0.0007578948280174229,fraction_reads,0.0,21,0
Centrifuge,unified,Centrifuge_unified,ZymoMockD6331,ZymoMockD6331,pacbio,SRR13128013,561,561,                Escherichia,Escherichia,genus,1.9140453430430489,fraction_reads,1.91,53035,37
Centrifuge,unified,Centrifuge_unified,ZymoMockD6331,ZymoMockD6331,pacbio,SRR13128013,590,590,                Salmonella,Salmonella,genus,0.05637293911253402,fraction_reads,0.06,1562,0
Centrifuge,unified,Centrifuge_unified,ZymoMockD6331,ZymoMockD6331,pacbio,SRR13128013,620,620,                Shigella,Shigella,genus,0.019705265528452996,fraction_reads,0.02,546,9
Centrifuge,unified,Centrifuge_unified,ZymoMockD6331,ZymoMockD6331,pacbio,SRR13128013,544,544,                Citrobacter,Citrobacter,genus,0.01219849770808995,fraction_reads,0.01,338,8
Centrifuge,unified,Centrifuge_unified,ZymoMockD6331,ZymoMockD6331,pacbio,SRR13128013,547,547,                Enterobacter,Enterobacter,genus,0.01172932471931726,fraction_reads,0.01,325,1
Centrifuge,unified,Centrifuge_unified,ZymoMockD6331,ZymoMockD6331,pacbio,SRR13128013,413496,413496,                Cronobacter,Cronobacter,genus,0.002165413794335494,fraction_reads,0.0,60,0
Centrifuge,unified,Centrifuge_unified,ZymoMockD6331,ZymoMockD6331,pacbio,SRR13128013,158483,158483,                Cedecea,Cedecea,genus,0.0011187971270733385,fraction_reads,0.0,31,0
Centrifuge,unified,Centrifuge_unified,ZymoMockD6331,ZymoMockD6331,pacbio,SRR13128013,447792,447792,                Phytobacter,Phytobacter,genus,0.0007218045981118314,fraction_reads,0.0,20,0
Centrifuge,unified,Centrifuge_unified,ZymoMockD6331,ZymoMockD6331,pacbio,SRR13128013,83654,83654,                Leclercia,Leclercia,genus,0.00028872183924473255,fraction_reads,0.0,8,0
Centrifuge,unified,Centrifuge_unified,ZymoMockD6331,ZymoMockD6331,pacbio,SRR13128013,1330547,1330547,                Kosakonia,Kosakonia,genus,0.0002165413794335494,fraction_reads,0.0,6,0
Centrifuge,unified,Centrifuge_unified,ZymoMockD6331,ZymoMockD6331,pacbio,SRR13128013,1903434,1903434,                Atlantibacter,Atlantibacter,genus,0.0001082706897167747,fraction_reads,0.0,3,0
Centrifuge,unified,Centrifuge_unified,ZymoMockD6331,ZymoMockD6331,pacbio,SRR13128013,82976,82976,                Buttiauxella,Buttiauxella,genus,7.218045981118314e-05,fraction_reads,0.0,2,0
Centrifuge,unified,Centrifuge_unified,ZymoMockD6331,ZymoMockD6331,pacbio,SRR13128013,2303321,2303321,                Superficieibacter,Superficieibacter,genus,7.218045981118314e-05,fraction_reads,0.0,2,0
Centrifuge,unified,Centrifuge_unified,ZymoMockD6331,ZymoMockD6331,pacbio,SRR13128013,158851,158851,                Trabulsiella,Trabulsiella,genus,3.609022990559157e-05,fraction_reads,0.0,1,0
Centrifuge,unified,Centrifuge_unified,ZymoMockD6331,ZymoMockD6331,pacbio,SRR13128013,158876,158876,                Yokenella,Yokenella,genus,3.609022990559157e-05,fraction_reads,0.0,1,0
Centrifuge,unified,Centrifuge_unified,ZymoMockD6331,ZymoMockD6331,pacbio,SRR13128013,1330545,1330545,                Lelliottia,Lelliottia,genus,3.609022990559157e-05,fraction_reads,0.0,1,1
Centrifuge,unified,Centrifuge_unified,ZymoMockD6331,ZymoMockD6331,pacbio,SRR13128013,1504576,1504576,                Pseudocitrobacter,Pseudocitrobacter,genus,3.609022990559157e-05,fraction_reads,0.0,1,0
Centrifuge,unified,Centrifuge_unified,ZymoMockD6331,ZymoMockD6331,pacbio,SRR13128013,1649295,1649295,                Franconibacter,Franconibacter,genus,3.609022990559157e-05,fraction_reads,0.0,1,0
Centrifuge,unified,Centrifuge_unified,ZymoMockD6331,ZymoMockD6331,pacbio,SRR13128013,1649298,1649298,                Siccibacter,Siccibacter,genus,3.609022990559157e-05,fraction_reads,0.0,1,0
Centrifuge,unified,Centrifuge_unified,ZymoMockD6331,ZymoMockD6331,pacbio,SRR13128013,2055880,2055880,                Pseudescherichia,Pseudescherichia,genus,3.609022990559157e-05,fraction_reads,0.0,1,0
Centrifuge,unified,Centrifuge_unified,ZymoMockD6331,ZymoMockD6331,pacbio,SRR13128013,629,629,                Yersinia,Yersinia,genus,0.03190376323654294,fraction_reads,0.03,884,0
Centrifuge,unified,Centrifuge_unified,ZymoMockD6331,ZymoMockD6331,pacbio,SRR13128013,613,613,                Serratia,Serratia,genus,0.004258647128859805,fraction_reads,0.0,118,0
Centrifuge,unified,Centrifuge_unified,ZymoMockD6331,ZymoMockD6331,pacbio,SRR13128013,34037,34037,                Rahnella,Rahnella,genus,0.00028872183924473255,fraction_reads,0.0,8,0
Centrifuge,unified,Centrifuge_unified,ZymoMockD6331,ZymoMockD6331,pacbio,SRR13128013,551,551,                Erwinia,Erwinia,genus,0.02880000346466207,fraction_reads,0.03,798,0
Centrifuge,unified,Centrifuge_unified,ZymoMockD6331,ZymoMockD6331,pacbio,SRR13128013,53335,53335,                Pantoea,Pantoea,genus,0.0031759402316920583,fraction_reads,0.0,88,0
Centrifuge,unified,Centrifuge_unified,ZymoMockD6331,ZymoMockD6331,pacbio,SRR13128013,32199,32199,                Buchnera,Buchnera,genus,7.218045981118314e-05,fraction_reads,0.0,2,0
Centrifuge,unified,Centrifuge_unified,ZymoMockD6331,ZymoMockD6331,pacbio,SRR13128013,82986,82986,                Tatumella,Tatumella,genus,3.609022990559157e-05,fraction_reads,0.0,1,0
Centrifuge,unified,Centrifuge_unified,ZymoMockD6331,ZymoMockD6331,pacbio,SRR13128013,3231896,3231896,                Paramixta,Paramixta,genus,3.609022990559157e-05,fraction_reads,0.0,1,0
Centrifuge,unified,Centrifuge_unified,ZymoMockD6331,ZymoMockD6331,pacbio,SRR13128013,586,586,                Providencia,Providencia,genus,0.0028511281625417336,fraction_reads,0.0,79,0
Centrifuge,unified,Centrifuge_unified,ZymoMockD6331,ZymoMockD6331,pacbio,SRR13128013,583,583,                Proteus,Proteus,genus,0.0025624063232970013,fraction_reads,0.0,71,0
Centrifuge,unified,Centrifuge_unified,ZymoMockD6331,ZymoMockD6331,pacbio,SRR13128013,581,581,                Morganella,Morganella,genus,0.0015879701158460291,fraction_reads,0.0,44,0
Centrifuge,unified,Centrifuge_unified,ZymoMockD6331,ZymoMockD6331,pacbio,SRR13128013,158848,158848,                Moellerella,Moellerella,genus,0.0006496241383006482,fraction_reads,0.0,18,0
Centrifuge,unified,Centrifuge_unified,ZymoMockD6331,ZymoMockD6331,pacbio,SRR13128013,626,626,                Xenorhabdus,Xenorhabdus,genus,0.0003248120691503241,fraction_reads,0.0,9,0
Centrifuge,unified,Centrifuge_unified,ZymoMockD6331,ZymoMockD6331,pacbio,SRR13128013,635,635,                Edwardsiella,Edwardsiella,genus,0.0027067672429193675,fraction_reads,0.0,75,0
Centrifuge,unified,Centrifuge_unified,ZymoMockD6331,ZymoMockD6331,pacbio,SRR13128013,568,568,                Hafnia,Hafnia,genus,7.218045981118314e-05,fraction_reads,0.0,2,0
Centrifuge,unified,Centrifuge_unified,ZymoMockD6331,ZymoMockD6331,pacbio,SRR13128013,82982,82982,                Obesumbacterium,Obesumbacterium,genus,3.609022990559157e-05,fraction_reads,0.0,1,0
Centrifuge,unified,Centrifuge_unified,ZymoMockD6331,ZymoMockD6331,pacbio,SRR13128013,204037,204037,                Dickeya,Dickeya,genus,0.0005413534485838734,fraction_reads,0.0,15,0
Centrifuge,unified,Centrifuge_unified,ZymoMockD6331,ZymoMockD6331,pacbio,SRR13128013,122277,122277,                Pectobacterium,Pectobacterium,genus,0.0005052632186782819,fraction_reads,0.0,14,0
Centrifuge,unified,Centrifuge_unified,ZymoMockD6331,ZymoMockD6331,pacbio,SRR13128013,71655,71655,                Brenneria,Brenneria,genus,3.609022990559157e-05,fraction_reads,0.0,1,0
Centrifuge,unified,Centrifuge_unified,ZymoMockD6331,ZymoMockD6331,pacbio,SRR13128013,84565,84565,                Sodalis,Sodalis,genus,3.609022990559157e-05,fraction_reads,0.0,1,0
Centrifuge,unified,Centrifuge_unified,ZymoMockD6331,ZymoMockD6331,pacbio,SRR13128013,2370,2370,                Xylella,Xylella,genus,6.375663924891901,fraction_reads,6.38,176659,0
Centrifuge,unified,Centrifuge_unified,ZymoMockD6331,ZymoMockD6331,pacbio,SRR13128013,338,338,                Xanthomonas,Xanthomonas,genus,0.012956392536107373,fraction_reads,0.01,359,0
Centrifuge,unified,Centrifuge_unified,ZymoMockD6331,ZymoMockD6331,pacbio,SRR13128013,40323,40323,                Stenotrophomonas,Stenotrophomonas,genus,0.001335338506506888,fraction_reads,0.0,37,0
Centrifuge,unified,Centrifuge_unified,ZymoMockD6331,ZymoMockD6331,pacbio,SRR13128013,83614,83614,                Luteimonas,Luteimonas,genus,0.0003609022990559157,fraction_reads,0.0,10,0
Centrifuge,unified,Centrifuge_unified,ZymoMockD6331,ZymoMockD6331,pacbio,SRR13128013,68,68,                Lysobacter,Lysobacter,genus,3.609022990559157e-05,fraction_reads,0.0,1,0
Centrifuge,unified,Centrifuge_unified,ZymoMockD6331,ZymoMockD6331,pacbio,SRR13128013,75309,75309,                Rhodanobacter,Rhodanobacter,genus,3.609022990559157e-05,fraction_reads,0.0,1,0
Centrifuge,unified,Centrifuge_unified,ZymoMockD6331,ZymoMockD6331,pacbio,SRR13128013,286,286,                Pseudomonas,Pseudomonas,genus,4.761384031444695,fraction_reads,4.76,131930,0
Centrifuge,unified,Centrifuge_unified,ZymoMockD6331,ZymoMockD6331,pacbio,SRR13128013,352,352,                  Azotobacter,Azotobacter,genus,7.218045981118314e-05,fraction_reads,0.0,2,0
Centrifuge,unified,Centrifuge_unified,ZymoMockD6331,ZymoMockD6331,pacbio,SRR13128013,3236656,3236656,                Metapseudomonas,Metapseudomonas,genus,7.218045981118314e-05,fraction_reads,0.0,2,0
Centrifuge,unified,Centrifuge_unified,ZymoMockD6331,ZymoMockD6331,pacbio,SRR13128013,2901164,2901164,                Stutzerimonas,Stutzerimonas,genus,3.609022990559157e-05,fraction_reads,0.0,1,0
Centrifuge,unified,Centrifuge_unified,ZymoMockD6331,ZymoMockD6331,pacbio,SRR13128013,2742,2742,                Marinobacter,Marinobacter,genus,0.0001082706897167747,fraction_reads,0.0,3,0
Centrifuge,unified,Centrifuge_unified,ZymoMockD6331,ZymoMockD6331,pacbio,SRR13128013,662,662,                Vibrio,Vibrio,genus,0.7208301619043803,fraction_reads,0.72,19973,1
Centrifuge,unified,Centrifuge_unified,ZymoMockD6331,ZymoMockD6331,pacbio,SRR13128013,657,657,                Photobacterium,Photobacterium,genus,0.0011187971270733385,fraction_reads,0.0,31,0
Centrifuge,unified,Centrifuge_unified,ZymoMockD6331,ZymoMockD6331,pacbio,SRR13128013,511678,511678,                Aliivibrio,Aliivibrio,genus,7.218045981118314e-05,fraction_reads,0.0,2,0
Centrifuge,unified,Centrifuge_unified,ZymoMockD6331,ZymoMockD6331,pacbio,SRR13128013,51366,51366,                Salinivibrio,Salinivibrio,genus,3.609022990559157e-05,fraction_reads,0.0,1,0
Centrifuge,unified,Centrifuge_unified,ZymoMockD6331,ZymoMockD6331,pacbio,SRR13128013,469,469,                Acinetobacter,Acinetobacter,genus,0.31311883466091245,fraction_reads,0.31,8676,1
Centrifuge,unified,Centrifuge_unified,ZymoMockD6331,ZymoMockD6331,pacbio,SRR13128013,497,497,                Psychrobacter,Psychrobacter,genus,0.0018045114952795784,fraction_reads,0.0,50,0
Centrifuge,unified,Centrifuge_unified,ZymoMockD6331,ZymoMockD6331,pacbio,SRR13128013,475,475,                Moraxella,Moraxella,genus,0.0005413534485838734,fraction_reads,0.0,15,0
Centrifuge,unified,Centrifuge_unified,ZymoMockD6331,ZymoMockD6331,pacbio,SRR13128013,2800384,2800384,                Pseudidiomarina,Pseudidiomarina,genus,0.05063459255754497,fraction_reads,0.05,1403,0
Centrifuge,unified,Centrifuge_unified,ZymoMockD6331,ZymoMockD6331,pacbio,SRR13128013,135575,135575,                Idiomarina,Idiomarina,genus,0.0001082706897167747,fraction_reads,0.0,3,0
Centrifuge,unified,Centrifuge_unified,ZymoMockD6331,ZymoMockD6331,pacbio,SRR13128013,22,22,                Shewanella,Shewanella,genus,0.013750377594030387,fraction_reads,0.01,381,0
Centrifuge,unified,Centrifuge_unified,ZymoMockD6331,ZymoMockD6331,pacbio,SRR13128013,53246,53246,                Pseudoalteromonas,Pseudoalteromonas,genus,0.008192482188569286,fraction_reads,0.01,227,20
Centrifuge,unified,Centrifuge_unified,ZymoMockD6331,ZymoMockD6331,pacbio,SRR13128013,261825,261825,                Agarivorans,Agarivorans,genus,0.0006857143682062398,fraction_reads,0.0,19,0
Centrifuge,unified,Centrifuge_unified,ZymoMockD6331,ZymoMockD6331,pacbio,SRR13128013,2894574,2894574,                Saccharobesus,Saccharobesus,genus,0.0002165413794335494,fraction_reads,0.0,6,0
Centrifuge,unified,Centrifuge_unified,ZymoMockD6331,ZymoMockD6331,pacbio,SRR13128013,226,226,                  Alteromonas,Alteromonas,genus,0.00014436091962236627,fraction_reads,0.0,4,0
Centrifuge,unified,Centrifuge_unified,ZymoMockD6331,ZymoMockD6331,pacbio,SRR13128013,28228,28228,                Colwellia,Colwellia,genus,7.218045981118314e-05,fraction_reads,0.0,2,0
Centrifuge,unified,Centrifuge_unified,ZymoMockD6331,ZymoMockD6331,pacbio,SRR13128013,137583,137583,                Thalassomonas,Thalassomonas,genus,3.609022990559157e-05,fraction_reads,0.0,1,0
Centrifuge,unified,Centrifuge_unified,ZymoMockD6331,ZymoMockD6331,pacbio,SRR13128013,642,642,                Aeromonas,Aeromonas,genus,0.018983460930341166,fraction_reads,0.02,526,0
Centrifuge,unified,Centrifuge_unified,ZymoMockD6331,ZymoMockD6331,pacbio,SRR13128013,2802288,2802288,                Dongshaea,Dongshaea,genus,0.00014436091962236627,fraction_reads,0.0,4,0
Centrifuge,unified,Centrifuge_unified,ZymoMockD6331,ZymoMockD6331,pacbio,SRR13128013,724,724,                Haemophilus,Haemophilus,genus,0.011187971270733385,fraction_reads,0.01,310,0
Centrifuge,unified,Centrifuge_unified,ZymoMockD6331,ZymoMockD6331,pacbio,SRR13128013,745,745,                Pasteurella,Pasteurella,genus,0.0014436091962236627,fraction_reads,0.0,40,0
Centrifuge,unified,Centrifuge_unified,ZymoMockD6331,ZymoMockD6331,pacbio,SRR13128013,75984,75984,                Mannheimia,Mannheimia,genus,0.0006857143682062398,fraction_reads,0.0,19,0
Centrifuge,unified,Centrifuge_unified,ZymoMockD6331,ZymoMockD6331,pacbio,SRR13128013,292486,292486,                Avibacterium,Avibacterium,genus,0.00025263160933914095,fraction_reads,0.0,7,0
Centrifuge,unified,Centrifuge_unified,ZymoMockD6331,ZymoMockD6331,pacbio,SRR13128013,713,713,                Actinobacillus,Actinobacillus,genus,0.0002165413794335494,fraction_reads,0.0,6,0
Centrifuge,unified,Centrifuge_unified,ZymoMockD6331,ZymoMockD6331,pacbio,SRR13128013,416916,416916,                Aggregatibacter,Aggregatibacter,genus,0.00014436091962236627,fraction_reads,0.0,4,0
Centrifuge,unified,Centrifuge_unified,ZymoMockD6331,ZymoMockD6331,pacbio,SRR13128013,2094023,2094023,                Glaesserella,Glaesserella,genus,0.00014436091962236627,fraction_reads,0.0,4,0
Centrifuge,unified,Centrifuge_unified,ZymoMockD6331,ZymoMockD6331,pacbio,SRR13128013,28884,28884,                Hydrogenovibrio,Hydrogenovibrio,genus,0.00808421149885251,fraction_reads,0.01,224,0
Centrifuge,unified,Centrifuge_unified,ZymoMockD6331,ZymoMockD6331,pacbio,SRR13128013,1237,1237,                Piscirickettsia,Piscirickettsia,genus,0.0007218045981118314,fraction_reads,0.0,20,0
Centrifuge,unified,Centrifuge_unified,ZymoMockD6331,ZymoMockD6331,pacbio,SRR13128013,40222,40222,                Methylophaga,Methylophaga,genus,0.0002165413794335494,fraction_reads,0.0,6,0
Centrifuge,unified,Centrifuge_unified,ZymoMockD6331,ZymoMockD6331,pacbio,SRR13128013,2039723,2039723,                Thiomicrorhabdus,Thiomicrorhabdus,genus,0.00018045114952795784,fraction_reads,0.0,5,0
Centrifuge,unified,Centrifuge_unified,ZymoMockD6331,ZymoMockD6331,pacbio,SRR13128013,1030,1030,                Thiothrix,Thiothrix,genus,0.0004330827588670988,fraction_reads,0.0,12,0
Centrifuge,unified,Centrifuge_unified,ZymoMockD6331,ZymoMockD6331,pacbio,SRR13128013,262,262,                Francisella,Francisella,genus,0.0002165413794335494,fraction_reads,0.0,6,0
Centrifuge,unified,Centrifuge_unified,ZymoMockD6331,ZymoMockD6331,pacbio,SRR13128013,445,445,                Legionella,Legionella,genus,0.0012270678167901133,fraction_reads,0.0,34,0
Centrifuge,unified,Centrifuge_unified,ZymoMockD6331,ZymoMockD6331,pacbio,SRR13128013,776,776,                Coxiella,Coxiella,genus,0.0007218045981118314,fraction_reads,0.0,20,0
Centrifuge,unified,Centrifuge_unified,ZymoMockD6331,ZymoMockD6331,pacbio,SRR13128013,2425,2425,                Teredinibacter,Teredinibacter,genus,0.001082706897167747,fraction_reads,0.0,30,0
Centrifuge,unified,Centrifuge_unified,ZymoMockD6331,ZymoMockD6331,pacbio,SRR13128013,10,10,                Cellvibrio,Cellvibrio,genus,0.0003969925289615073,fraction_reads,0.0,11,0
Centrifuge,unified,Centrifuge_unified,ZymoMockD6331,ZymoMockD6331,pacbio,SRR13128013,447467,447467,                Simiduia,Simiduia,genus,3.609022990559157e-05,fraction_reads,0.0,1,0
Centrifuge,unified,Centrifuge_unified,ZymoMockD6331,ZymoMockD6331,pacbio,SRR13128013,48073,48073,                Microbulbifer,Microbulbifer,genus,0.0001082706897167747,fraction_reads,0.0,3,0
Centrifuge,unified,Centrifuge_unified,ZymoMockD6331,ZymoMockD6331,pacbio,SRR13128013,393661,393661,                Congregibacter,Congregibacter,genus,3.609022990559157e-05,fraction_reads,0.0,1,0
Centrifuge,unified,Centrifuge_unified,ZymoMockD6331,ZymoMockD6331,pacbio,SRR13128013,1434050,1434050,                Zhongshania,Zhongshania,genus,3.609022990559157e-05,fraction_reads,0.0,1,0
Centrifuge,unified,Centrifuge_unified,ZymoMockD6331,ZymoMockD6331,pacbio,SRR13128013,416,416,                Methylomonas,Methylomonas,genus,0.0005413534485838734,fraction_reads,0.0,15,0
Centrifuge,unified,Centrifuge_unified,ZymoMockD6331,ZymoMockD6331,pacbio,SRR13128013,1808977,1808977,                Candidatus Methylospira,Candidatus Methylospira,genus,0.0002165413794335494,fraction_reads,0.0,6,0
Centrifuge,unified,Centrifuge_unified,ZymoMockD6331,ZymoMockD6331,pacbio,SRR13128013,2822410,2822410,                Methylotuvimicrobium,Methylotuvimicrobium,genus,0.0002165413794335494,fraction_reads,0.0,6,0
Centrifuge,unified,Centrifuge_unified,ZymoMockD6331,ZymoMockD6331,pacbio,SRR13128013,39773,39773,                Methylomicrobium,Methylomicrobium,genus,0.0001082706897167747,fraction_reads,0.0,3,0
Centrifuge,unified,Centrifuge_unified,ZymoMockD6331,ZymoMockD6331,pacbio,SRR13128013,2745,2745,                Halomonas,Halomonas,genus,0.00018045114952795784,fraction_reads,0.0,5,0
Centrifuge,unified,Centrifuge_unified,ZymoMockD6331,ZymoMockD6331,pacbio,SRR13128013,33073,33073,                  Zymobacter,Zymobacter,genus,3.609022990559157e-05,fraction_reads,0.0,1,0
Centrifuge,unified,Centrifuge_unified,ZymoMockD6331,ZymoMockD6331,pacbio,SRR13128013,376488,376488,                Halotalea,Halotalea,genus,3.609022990559157e-05,fraction_reads,0.0,1,0
Centrifuge,unified,Centrifuge_unified,ZymoMockD6331,ZymoMockD6331,pacbio,SRR13128013,3137766,3137766,                Vreelandella,Vreelandella,genus,3.609022990559157e-05,fraction_reads,0.0,1,0
Centrifuge,unified,Centrifuge_unified,ZymoMockD6331,ZymoMockD6331,pacbio,SRR13128013,3020832,3020832,                Alloalcanivorax,Alloalcanivorax,genus,0.00025263160933914095,fraction_reads,0.0,7,0
Centrifuge,unified,Centrifuge_unified,ZymoMockD6331,ZymoMockD6331,pacbio,SRR13128013,459520,459520,                Neptuniibacter,Neptuniibacter,genus,0.0001082706897167747,fraction_reads,0.0,3,0
Centrifuge,unified,Centrifuge_unified,ZymoMockD6331,ZymoMockD6331,pacbio,SRR13128013,28253,28253,                Marinomonas,Marinomonas,genus,7.218045981118314e-05,fraction_reads,0.0,2,0
Centrifuge,unified,Centrifuge_unified,ZymoMockD6331,ZymoMockD6331,pacbio,SRR13128013,261963,261963,                Kangiella,Kangiella,genus,0.00014436091962236627,fraction_reads,0.0,4,0
Centrifuge,unified,Centrifuge_unified,ZymoMockD6331,ZymoMockD6331,pacbio,SRR13128013,412033,412033,                Celerinatantimonas,Celerinatantimonas,genus,7.218045981118314e-05,fraction_reads,0.0,2,0
Centrifuge,unified,Centrifuge_unified,ZymoMockD6331,ZymoMockD6331,pacbio,SRR13128013,198346,198346,              Candidatus Palibaumannia,Candidatus Palibaumannia,genus,3.609022990559157e-05,fraction_reads,0.0,1,0
Centrifuge,unified,Centrifuge_unified,ZymoMockD6331,ZymoMockD6331,pacbio,SRR13128013,1227,1227,                Nitrosococcus,Nitrosococcus,genus,3.609022990559157e-05,fraction_reads,0.0,1,0
Centrifuge,unified,Centrifuge_unified,ZymoMockD6331,ZymoMockD6331,pacbio,SRR13128013,1913444,1913444,                Candidatus Thiodiazotropha,Candidatus Thiodiazotropha,genus,3.609022990559157e-05,fraction_reads,0.0,1,0
Centrifuge,unified,Centrifuge_unified,ZymoMockD6331,ZymoMockD6331,pacbio,SRR13128013,165696,165696,                Novosphingobium,Novosphingobium,genus,9.649805672157074,fraction_reads,9.65,267380,0
Centrifuge,unified,Centrifuge_unified,ZymoMockD6331,ZymoMockD6331,pacbio,SRR13128013,13687,13687,                Sphingomonas,Sphingomonas,genus,0.0012270678167901133,fraction_reads,0.0,34,0
Centrifuge,unified,Centrifuge_unified,ZymoMockD6331,ZymoMockD6331,pacbio,SRR13128013,165695,165695,                Sphingobium,Sphingobium,genus,0.0005052632186782819,fraction_reads,0.0,14,0
Centrifuge,unified,Centrifuge_unified,ZymoMockD6331,ZymoMockD6331,pacbio,SRR13128013,150203,150203,                Blastomonas,Blastomonas,genus,7.218045981118314e-05,fraction_reads,0.0,2,0
Centrifuge,unified,Centrifuge_unified,ZymoMockD6331,ZymoMockD6331,pacbio,SRR13128013,165697,165697,                Sphingopyxis,Sphingopyxis,genus,7.218045981118314e-05,fraction_reads,0.0,2,0
Centrifuge,unified,Centrifuge_unified,ZymoMockD6331,ZymoMockD6331,pacbio,SRR13128013,1434046,1434046,                Sphingorhabdus,Sphingorhabdus,genus,3.609022990559157e-05,fraction_reads,0.0,1,0
Centrifuge,unified,Centrifuge_unified,ZymoMockD6331,ZymoMockD6331,pacbio,SRR13128013,2676233,2676233,                Sphingosinithalassobacter,Sphingosinithalassobacter,genus,3.609022990559157e-05,fraction_reads,0.0,1,0
Centrifuge,unified,Centrifuge_unified,ZymoMockD6331,ZymoMockD6331,pacbio,SRR13128013,1295327,1295327,                Croceicoccus,Croceicoccus,genus,0.0006135339083950566,fraction_reads,0.0,17,0
Centrifuge,unified,Centrifuge_unified,ZymoMockD6331,ZymoMockD6331,pacbio,SRR13128013,1041,1041,                  Erythrobacter,Erythrobacter,genus,0.0004691729887726904,fraction_reads,0.0,13,0
Centrifuge,unified,Centrifuge_unified,ZymoMockD6331,ZymoMockD6331,pacbio,SRR13128013,1111,1111,                  Porphyrobacter,Porphyrobacter,genus,0.0001082706897167747,fraction_reads,0.0,3,0
Centrifuge,unified,Centrifuge_unified,ZymoMockD6331,ZymoMockD6331,pacbio,SRR13128013,2800681,2800681,                Aurantiacibacter,Aurantiacibacter,genus,0.0004691729887726904,fraction_reads,0.0,13,0
Centrifuge,unified,Centrifuge_unified,ZymoMockD6331,ZymoMockD6331,pacbio,SRR13128013,1855416,1855416,                Qipengyuania,Qipengyuania,genus,0.00028872183924473255,fraction_reads,0.0,8,0
Centrifuge,unified,Centrifuge_unified,ZymoMockD6331,ZymoMockD6331,pacbio,SRR13128013,2800685,2800685,                Pelagerythrobacter,Pelagerythrobacter,genus,0.00014436091962236627,fraction_reads,0.0,4,0
Centrifuge,unified,Centrifuge_unified,ZymoMockD6331,ZymoMockD6331,pacbio,SRR13128013,2676755,2676755,                Croceibacterium,Croceibacterium,genus,3.609022990559157e-05,fraction_reads,0.0,1,0
Centrifuge,unified,Centrifuge_unified,ZymoMockD6331,ZymoMockD6331,pacbio,SRR13128013,1508451,1508451,                Polymorphobacter,Polymorphobacter,genus,7.218045981118314e-05,fraction_reads,0.0,2,0
Centrifuge,unified,Centrifuge_unified,ZymoMockD6331,ZymoMockD6331,pacbio,SRR13128013,541,541,                Zymomonas,Zymomonas,genus,3.609022990559157e-05,fraction_reads,0.0,1,0
Centrifuge,unified,Centrifuge_unified,ZymoMockD6331,ZymoMockD6331,pacbio,SRR13128013,234,234,                  Brucella,Brucella,genus,0.09394286844425485,fraction_reads,0.09,2603,0
Centrifuge,unified,Centrifuge_unified,ZymoMockD6331,ZymoMockD6331,pacbio,SRR13128013,120652,120652,                Methylocella,Methylocella,genus,0.035548876457007696,fraction_reads,0.04,985,0
Centrifuge,unified,Centrifuge_unified,ZymoMockD6331,ZymoMockD6331,pacbio,SRR13128013,1156568,1156568,                Methylovirgula,Methylovirgula,genus,7.218045981118314e-05,fraction_reads,0.0,2,0
Centrifuge,unified,Centrifuge_unified,ZymoMockD6331,ZymoMockD6331,pacbio,SRR13128013,379,379,                  Rhizobium,Rhizobium,genus,0.003284210921408833,fraction_reads,0.0,91,0
Centrifuge,unified,Centrifuge_unified,ZymoMockD6331,ZymoMockD6331,pacbio,SRR13128013,357,357,                  Agrobacterium,Agrobacterium,genus,0.0031398500017864664,fraction_reads,0.0,87,0
Centrifuge,unified,Centrifuge_unified,ZymoMockD6331,ZymoMockD6331,pacbio,SRR13128013,78526,78526,                  Allorhizobium,Allorhizobium,genus,0.0008661655177341976,fraction_reads,0.0,24,0
Centrifuge,unified,Centrifuge_unified,ZymoMockD6331,ZymoMockD6331,pacbio,SRR13128013,1525371,1525371,                  Neorhizobium,Neorhizobium,genus,0.00028872183924473255,fraction_reads,0.0,8,0
Centrifuge,unified,Centrifuge_unified,ZymoMockD6331,ZymoMockD6331,pacbio,SRR13128013,1612611,1612611,                  Pararhizobium,Pararhizobium,genus,0.00014436091962236627,fraction_reads,0.0,4,0
Centrifuge,unified,Centrifuge_unified,ZymoMockD6331,ZymoMockD6331,pacbio,SRR13128013,28105,28105,                  Sinorhizobium,Sinorhizobium,genus,0.005341354026027552,fraction_reads,0.01,148,0
Centrifuge,unified,Centrifuge_unified,ZymoMockD6331,ZymoMockD6331,pacbio,SRR13128013,323620,323620,                Shinella,Shinella,genus,0.004908271267160453,fraction_reads,0.0,136,0
Centrifuge,unified,Centrifuge_unified,ZymoMockD6331,ZymoMockD6331,pacbio,SRR13128013,1649463,1649463,                Lentilitoribacter,Lentilitoribacter,genus,0.0003609022990559157,fraction_reads,0.0,10,0
Centrifuge,unified,Centrifuge_unified,ZymoMockD6331,ZymoMockD6331,pacbio,SRR13128013,773,773,                Bartonella,Bartonella,genus,0.003284210921408833,fraction_reads,0.0,91,0
Centrifuge,unified,Centrifuge_unified,ZymoMockD6331,ZymoMockD6331,pacbio,SRR13128013,374,374,                Bradyrhizobium,Bradyrhizobium,genus,0.0010105264373565638,fraction_reads,0.0,28,0
Centrifuge,unified,Centrifuge_unified,ZymoMockD6331,ZymoMockD6331,pacbio,SRR13128013,2874214,2874214,                Terrihabitans,Terrihabitans,genus,0.0006857143682062398,fraction_reads,0.0,19,0
Centrifuge,unified,Centrifuge_unified,ZymoMockD6331,ZymoMockD6331,pacbio,SRR13128013,169055,169055,                Nordella,Nordella,genus,7.218045981118314e-05,fraction_reads,0.0,2,0
Centrifuge,unified,Centrifuge_unified,ZymoMockD6331,ZymoMockD6331,pacbio,SRR13128013,152053,152053,                Starkeya,Starkeya,genus,0.0004330827588670988,fraction_reads,0.0,12,0
Centrifuge,unified,Centrifuge_unified,ZymoMockD6331,ZymoMockD6331,pacbio,SRR13128013,279,279,                Xanthobacter,Xanthobacter,genus,0.0001082706897167747,fraction_reads,0.0,3,0
Centrifuge,unified,Centrifuge_unified,ZymoMockD6331,ZymoMockD6331,pacbio,SRR13128013,99,99,                Ancylobacter,Ancylobacter,genus,3.609022990559157e-05,fraction_reads,0.0,1,0
Centrifuge,unified,Centrifuge_unified,ZymoMockD6331,ZymoMockD6331,pacbio,SRR13128013,186650,186650,                Microvirga,Microvirga,genus,0.00028872183924473255,fraction_reads,0.0,8,0
Centrifuge,unified,Centrifuge_unified,ZymoMockD6331,ZymoMockD6331,pacbio,SRR13128013,407,407,                Methylobacterium,Methylobacterium,genus,0.00014436091962236627,fraction_reads,0.0,4,0
Centrifuge,unified,Centrifuge_unified,ZymoMockD6331,ZymoMockD6331,pacbio,SRR13128013,3382645,3382645,                Methyloraptor,Methyloraptor,genus,0.00025263160933914095,fraction_reads,0.0,7,0
Centrifuge,unified,Centrifuge_unified,ZymoMockD6331,ZymoMockD6331,pacbio,SRR13128013,28100,28100,                Phyllobacterium,Phyllobacterium,genus,0.0001082706897167747,fraction_reads,0.0,3,0
Centrifuge,unified,Centrifuge_unified,ZymoMockD6331,ZymoMockD6331,pacbio,SRR13128013,68287,68287,                Mesorhizobium,Mesorhizobium,genus,0.0001082706897167747,fraction_reads,0.0,3,0
Centrifuge,unified,Centrifuge_unified,ZymoMockD6331,ZymoMockD6331,pacbio,SRR13128013,150830,150830,                Roseibium,Roseibium,genus,7.218045981118314e-05,fraction_reads,0.0,2,0
Centrifuge,unified,Centrifuge_unified,ZymoMockD6331,ZymoMockD6331,pacbio,SRR13128013,227873,227873,                Pannonibacter,Pannonibacter,genus,3.609022990559157e-05,fraction_reads,0.0,1,0
Centrifuge,unified,Centrifuge_unified,ZymoMockD6331,ZymoMockD6331,pacbio,SRR13128013,425,425,                Methylosinus,Methylosinus,genus,3.609022990559157e-05,fraction_reads,0.0,1,0
Centrifuge,unified,Centrifuge_unified,ZymoMockD6331,ZymoMockD6331,pacbio,SRR13128013,655352,655352,                Cohaesibacter,Cohaesibacter,genus,3.609022990559157e-05,fraction_reads,0.0,1,0
Centrifuge,unified,Centrifuge_unified,ZymoMockD6331,ZymoMockD6331,pacbio,SRR13128013,1904377,1904377,                Acuticoccus,Acuticoccus,genus,3.609022990559157e-05,fraction_reads,0.0,1,0
Centrifuge,unified,Centrifuge_unified,ZymoMockD6331,ZymoMockD6331,pacbio,SRR13128013,444432,444432,                Anderseniella,Anderseniella,genus,3.609022990559157e-05,fraction_reads,0.0,1,0
Centrifuge,unified,Centrifuge_unified,ZymoMockD6331,ZymoMockD6331,pacbio,SRR13128013,85413,85413,                Bosea,Bosea,genus,3.609022990559157e-05,fraction_reads,0.0,1,0
Centrifuge,unified,Centrifuge_unified,ZymoMockD6331,ZymoMockD6331,pacbio,SRR13128013,191028,191028,                Leisingera,Leisingera,genus,0.04338045634652106,fraction_reads,0.04,1202,0
Centrifuge,unified,Centrifuge_unified,ZymoMockD6331,ZymoMockD6331,pacbio,SRR13128013,302485,302485,                Phaeobacter,Phaeobacter,genus,0.0033924816111256073,fraction_reads,0.0,94,0
Centrifuge,unified,Centrifuge_unified,ZymoMockD6331,ZymoMockD6331,pacbio,SRR13128013,60136,60136,                Sulfitobacter,Sulfitobacter,genus,0.001082706897167747,fraction_reads,0.0,30,0
Centrifuge,unified,Centrifuge_unified,ZymoMockD6331,ZymoMockD6331,pacbio,SRR13128013,92944,92944,                Ketogulonicigenium,Ketogulonicigenium,genus,0.0007218045981118314,fraction_reads,0.0,20,0
Centrifuge,unified,Centrifuge_unified,ZymoMockD6331,ZymoMockD6331,pacbio,SRR13128013,93682,93682,                Roseivivax,Roseivivax,genus,0.0002165413794335494,fraction_reads,0.0,6,0
Centrifuge,unified,Centrifuge_unified,ZymoMockD6331,ZymoMockD6331,pacbio,SRR13128013,97050,97050,                Ruegeria,Ruegeria,genus,0.00014436091962236627,fraction_reads,0.0,4,0
Centrifuge,unified,Centrifuge_unified,ZymoMockD6331,ZymoMockD6331,pacbio,SRR13128013,315422,315422,                Palleronia,Palleronia,genus,0.00014436091962236627,fraction_reads,0.0,4,0
Centrifuge,unified,Centrifuge_unified,ZymoMockD6331,ZymoMockD6331,pacbio,SRR13128013,2433,2433,                Roseobacter,Roseobacter,genus,0.0001082706897167747,fraction_reads,0.0,3,0
Centrifuge,unified,Centrifuge_unified,ZymoMockD6331,ZymoMockD6331,pacbio,SRR13128013,263377,263377,                Salipiger,Salipiger,genus,7.218045981118314e-05,fraction_reads,0.0,2,0
Centrifuge,unified,Centrifuge_unified,ZymoMockD6331,ZymoMockD6331,pacbio,SRR13128013,1434014,1434014,                Lentibacter,Lentibacter,genus,7.218045981118314e-05,fraction_reads,0.0,2,0
Centrifuge,unified,Centrifuge_unified,ZymoMockD6331,ZymoMockD6331,pacbio,SRR13128013,2854186,2854186,                Pseudosulfitobacter,Pseudosulfitobacter,genus,7.218045981118314e-05,fraction_reads,0.0,2,0
Centrifuge,unified,Centrifuge_unified,ZymoMockD6331,ZymoMockD6331,pacbio,SRR13128013,2919626,2919626,                Alloyangia,Alloyangia,genus,7.218045981118314e-05,fraction_reads,0.0,2,0
Centrifuge,unified,Centrifuge_unified,ZymoMockD6331,ZymoMockD6331,pacbio,SRR13128013,983507,983507,                Ponticoccus,Ponticoccus,genus,3.609022990559157e-05,fraction_reads,0.0,1,0
Centrifuge,unified,Centrifuge_unified,ZymoMockD6331,ZymoMockD6331,pacbio,SRR13128013,2854182,2854182,                Falsihalocynthiibacter,Falsihalocynthiibacter,genus,3.609022990559157e-05,fraction_reads,0.0,1,0
Centrifuge,unified,Centrifuge_unified,ZymoMockD6331,ZymoMockD6331,pacbio,SRR13128013,265,265,                Paracoccus,Paracoccus,genus,0.003320301151314424,fraction_reads,0.0,92,0
Centrifuge,unified,Centrifuge_unified,ZymoMockD6331,ZymoMockD6331,pacbio,SRR13128013,34008,34008,                Rhodovulum,Rhodovulum,genus,0.0009383459775453808,fraction_reads,0.0,26,0
Centrifuge,unified,Centrifuge_unified,ZymoMockD6331,ZymoMockD6331,pacbio,SRR13128013,2083206,2083206,                Tritonibacter,Tritonibacter,genus,0.0007218045981118314,fraction_reads,0.0,20,0
Centrifuge,unified,Centrifuge_unified,ZymoMockD6331,ZymoMockD6331,pacbio,SRR13128013,285107,285107,                Thioclava,Thioclava,genus,0.0002165413794335494,fraction_reads,0.0,6,0
Centrifuge,unified,Centrifuge_unified,ZymoMockD6331,ZymoMockD6331,pacbio,SRR13128013,2683599,2683599,                Paroceanicella,Paroceanicella,genus,0.0001082706897167747,fraction_reads,0.0,3,0
Centrifuge,unified,Centrifuge_unified,ZymoMockD6331,ZymoMockD6331,pacbio,SRR13128013,2211641,2211641,                Yoonia,Yoonia,genus,7.218045981118314e-05,fraction_reads,0.0,2,0
Centrifuge,unified,Centrifuge_unified,ZymoMockD6331,ZymoMockD6331,pacbio,SRR13128013,366614,366614,                Haematobacter,Haematobacter,genus,3.609022990559157e-05,fraction_reads,0.0,1,0
Centrifuge,unified,Centrifuge_unified,ZymoMockD6331,ZymoMockD6331,pacbio,SRR13128013,3029205,3029205,                Abyssibius,Abyssibius,genus,3.609022990559157e-05,fraction_reads,0.0,1,0
Centrifuge,unified,Centrifuge_unified,ZymoMockD6331,ZymoMockD6331,pacbio,SRR13128013,434,434,                Acetobacter,Acetobacter,genus,0.03327519197295542,fraction_reads,0.03,922,0
Centrifuge,unified,Centrifuge_unified,ZymoMockD6331,ZymoMockD6331,pacbio,SRR13128013,1434011,1434011,                Komagataeibacter,Komagataeibacter,genus,0.0012992482766012964,fraction_reads,0.0,36,0
Centrifuge,unified,Centrifuge_unified,ZymoMockD6331,ZymoMockD6331,pacbio,SRR13128013,3027666,3027666,                Aristophania,Aristophania,genus,0.0005413534485838734,fraction_reads,0.0,15,0
Centrifuge,unified,Centrifuge_unified,ZymoMockD6331,ZymoMockD6331,pacbio,SRR13128013,1079922,1079922,                Commensalibacter,Commensalibacter,genus,0.0005052632186782819,fraction_reads,0.0,14,0
Centrifuge,unified,Centrifuge_unified,ZymoMockD6331,ZymoMockD6331,pacbio,SRR13128013,2804525,2804525,                Lichenicola,Lichenicola,genus,0.0004691729887726904,fraction_reads,0.0,13,0
Centrifuge,unified,Centrifuge_unified,ZymoMockD6331,ZymoMockD6331,pacbio,SRR13128013,441,441,                Gluconobacter,Gluconobacter,genus,0.0002165413794335494,fraction_reads,0.0,6,0
Centrifuge,unified,Centrifuge_unified,ZymoMockD6331,ZymoMockD6331,pacbio,SRR13128013,153497,153497,                Kozakia,Kozakia,genus,0.0001082706897167747,fraction_reads,0.0,3,0
Centrifuge,unified,Centrifuge_unified,ZymoMockD6331,ZymoMockD6331,pacbio,SRR13128013,1649499,1649499,                Swingsia,Swingsia,genus,3.609022990559157e-05,fraction_reads,0.0,1,0
Centrifuge,unified,Centrifuge_unified,ZymoMockD6331,ZymoMockD6331,pacbio,SRR13128013,3097638,3097638,                Candidatus Kirkpatrickella,Candidatus Kirkpatrickella,genus,3.609022990559157e-05,fraction_reads,0.0,1,0
Centrifuge,unified,Centrifuge_unified,ZymoMockD6331,ZymoMockD6331,pacbio,SRR13128013,125216,125216,                Roseomonas,Roseomonas,genus,0.00018045114952795784,fraction_reads,0.0,5,0
Centrifuge,unified,Centrifuge_unified,ZymoMockD6331,ZymoMockD6331,pacbio,SRR13128013,1706033,1706033,                Sediminicoccus,Sediminicoccus,genus,3.609022990559157e-05,fraction_reads,0.0,1,0
Centrifuge,unified,Centrifuge_unified,ZymoMockD6331,ZymoMockD6331,pacbio,SRR13128013,522,522,                Acidiphilium,Acidiphilium,genus,0.00014436091962236627,fraction_reads,0.0,4,0
Centrifuge,unified,Centrifuge_unified,ZymoMockD6331,ZymoMockD6331,pacbio,SRR13128013,41275,41275,                Brevundimonas,Brevundimonas,genus,0.0016240603457516206,fraction_reads,0.0,45,0
Centrifuge,unified,Centrifuge_unified,ZymoMockD6331,ZymoMockD6331,pacbio,SRR13128013,75,75,                Caulobacter,Caulobacter,genus,0.0005413534485838734,fraction_reads,0.0,15,0
Centrifuge,unified,Centrifuge_unified,ZymoMockD6331,ZymoMockD6331,pacbio,SRR13128013,20,20,                Phenylobacterium,Phenylobacterium,genus,3.609022990559157e-05,fraction_reads,0.0,1,0
Centrifuge,unified,Centrifuge_unified,ZymoMockD6331,ZymoMockD6331,pacbio,SRR13128013,943,943,                Ehrlichia,Ehrlichia,genus,0.0012270678167901133,fraction_reads,0.0,34,0
Centrifuge,unified,Centrifuge_unified,ZymoMockD6331,ZymoMockD6331,pacbio,SRR13128013,953,953,                  Wolbachia,Wolbachia,genus,0.0003609022990559157,fraction_reads,0.0,10,0
Centrifuge,unified,Centrifuge_unified,ZymoMockD6331,ZymoMockD6331,pacbio,SRR13128013,780,780,                  Rickettsia,Rickettsia,genus,0.00028872183924473255,fraction_reads,0.0,8,0
Centrifuge,unified,Centrifuge_unified,ZymoMockD6331,ZymoMockD6331,pacbio,SRR13128013,2996317,2996317,                  Candidatus Tisiphia,Candidatus Tisiphia,genus,3.609022990559157e-05,fraction_reads,0.0,1,0
Centrifuge,unified,Centrifuge_unified,ZymoMockD6331,ZymoMockD6331,pacbio,SRR13128013,191,191,                Azospirillum,Azospirillum,genus,0.0003609022990559157,fraction_reads,0.0,10,0
Centrifuge,unified,Centrifuge_unified,ZymoMockD6331,ZymoMockD6331,pacbio,SRR13128013,1543704,1543704,                Niveispirillum,Niveispirillum,genus,0.0001082706897167747,fraction_reads,0.0,3,0
Centrifuge,unified,Centrifuge_unified,ZymoMockD6331,ZymoMockD6331,pacbio,SRR13128013,1081,1081,                Rhodospirillum,Rhodospirillum,genus,0.0001082706897167747,fraction_reads,0.0,3,0
Centrifuge,unified,Centrifuge_unified,ZymoMockD6331,ZymoMockD6331,pacbio,SRR13128013,2892997,2892997,                Candidatus Viadribacter,Candidatus Viadribacter,genus,0.00025263160933914095,fraction_reads,0.0,7,0
Centrifuge,unified,Centrifuge_unified,ZymoMockD6331,ZymoMockD6331,pacbio,SRR13128013,3058346,3058346,                Gimibacter,Gimibacter,genus,3.609022990559157e-05,fraction_reads,0.0,1,0
Centrifuge,unified,Centrifuge_unified,ZymoMockD6331,ZymoMockD6331,pacbio,SRR13128013,171436,171436,                Tistrella,Tistrella,genus,3.609022990559157e-05,fraction_reads,0.0,1,0
Centrifuge,unified,Centrifuge_unified,ZymoMockD6331,ZymoMockD6331,pacbio,SRR13128013,32008,32008,                Burkholderia,Burkholderia,genus,0.11328723167365193,fraction_reads,0.11,3139,0
Centrifuge,unified,Centrifuge_unified,ZymoMockD6331,ZymoMockD6331,pacbio,SRR13128013,1822464,1822464,                Paraburkholderia,Paraburkholderia,genus,0.0011548873569789302,fraction_reads,0.0,32,0
Centrifuge,unified,Centrifuge_unified,ZymoMockD6331,ZymoMockD6331,pacbio,SRR13128013,48736,48736,                Ralstonia,Ralstonia,genus,0.0009022557476397892,fraction_reads,0.0,25,0
Centrifuge,unified,Centrifuge_unified,ZymoMockD6331,ZymoMockD6331,pacbio,SRR13128013,2571159,2571159,                Mycetohabitans,Mycetohabitans,genus,0.0005774436784894651,fraction_reads,0.0,16,0
Centrifuge,unified,Centrifuge_unified,ZymoMockD6331,ZymoMockD6331,pacbio,SRR13128013,1827195,1827195,                Caballeronia,Caballeronia,genus,0.0005052632186782819,fraction_reads,0.0,14,0
Centrifuge,unified,Centrifuge_unified,ZymoMockD6331,ZymoMockD6331,pacbio,SRR13128013,93217,93217,                Pandoraea,Pandoraea,genus,0.0003609022990559157,fraction_reads,0.0,10,0
Centrifuge,unified,Centrifuge_unified,ZymoMockD6331,ZymoMockD6331,pacbio,SRR13128013,106589,106589,                Cupriavidus,Cupriavidus,genus,0.00014436091962236627,fraction_reads,0.0,4,0
Centrifuge,unified,Centrifuge_unified,ZymoMockD6331,ZymoMockD6331,pacbio,SRR13128013,517,517,                Bordetella,Bordetella,genus,0.003500752300842382,fraction_reads,0.0,97,0
Centrifuge,unified,Centrifuge_unified,ZymoMockD6331,ZymoMockD6331,pacbio,SRR13128013,222,222,                Achromobacter,Achromobacter,genus,0.0003969925289615073,fraction_reads,0.0,11,0
Centrifuge,unified,Centrifuge_unified,ZymoMockD6331,ZymoMockD6331,pacbio,SRR13128013,152267,152267,                Pigmentiphaga,Pigmentiphaga,genus,0.00028872183924473255,fraction_reads,0.0,8,0
Centrifuge,unified,Centrifuge_unified,ZymoMockD6331,ZymoMockD6331,pacbio,SRR13128013,507,507,                Alcaligenes,Alcaligenes,genus,0.00025263160933914095,fraction_reads,0.0,7,0
Centrifuge,unified,Centrifuge_unified,ZymoMockD6331,ZymoMockD6331,pacbio,SRR13128013,359336,359336,                Castellaniella,Castellaniella,genus,3.609022990559157e-05,fraction_reads,0.0,1,0
Centrifuge,unified,Centrifuge_unified,ZymoMockD6331,ZymoMockD6331,pacbio,SRR13128013,3051137,3051137,                Paracidovorax,Paracidovorax,genus,0.0005413534485838734,fraction_reads,0.0,15,0
Centrifuge,unified,Centrifuge_unified,ZymoMockD6331,ZymoMockD6331,pacbio,SRR13128013,47420,47420,                Hydrogenophaga,Hydrogenophaga,genus,0.0002165413794335494,fraction_reads,0.0,6,0
Centrifuge,unified,Centrifuge_unified,ZymoMockD6331,ZymoMockD6331,pacbio,SRR13128013,281915,281915,                Curvibacter,Curvibacter,genus,0.0002165413794335494,fraction_reads,0.0,6,0
Centrifuge,unified,Centrifuge_unified,ZymoMockD6331,ZymoMockD6331,pacbio,SRR13128013,12916,12916,                Acidovorax,Acidovorax,genus,0.00018045114952795784,fraction_reads,0.0,5,0
Centrifuge,unified,Centrifuge_unified,ZymoMockD6331,ZymoMockD6331,pacbio,SRR13128013,201096,201096,                Alicycliphilus,Alicycliphilus,genus,0.00014436091962236627,fraction_reads,0.0,4,0
Centrifuge,unified,Centrifuge_unified,ZymoMockD6331,ZymoMockD6331,pacbio,SRR13128013,283,283,                Comamonas,Comamonas,genus,0.0001082706897167747,fraction_reads,0.0,3,0
Centrifuge,unified,Centrifuge_unified,ZymoMockD6331,ZymoMockD6331,pacbio,SRR13128013,28065,28065,                Rhodoferax,Rhodoferax,genus,3.609022990559157e-05,fraction_reads,0.0,1,0
Centrifuge,unified,Centrifuge_unified,ZymoMockD6331,ZymoMockD6331,pacbio,SRR13128013,963,963,                Herbaspirillum,Herbaspirillum,genus,0.00025263160933914095,fraction_reads,0.0,7,0
Centrifuge,unified,Centrifuge_unified,ZymoMockD6331,ZymoMockD6331,pacbio,SRR13128013,1229970,1229970,                Glaciimonas,Glaciimonas,genus,0.00014436091962236627,fraction_reads,0.0,4,0
Centrifuge,unified,Centrifuge_unified,ZymoMockD6331,ZymoMockD6331,pacbio,SRR13128013,29580,29580,                Janthinobacterium,Janthinobacterium,genus,0.0001082706897167747,fraction_reads,0.0,3,0
Centrifuge,unified,Centrifuge_unified,ZymoMockD6331,ZymoMockD6331,pacbio,SRR13128013,75654,75654,                  Duganella,Duganella,genus,3.609022990559157e-05,fraction_reads,0.0,1,0
Centrifuge,unified,Centrifuge_unified,ZymoMockD6331,ZymoMockD6331,pacbio,SRR13128013,1522432,1522432,                  Pseudoduganella,Pseudoduganella,genus,3.609022990559157e-05,fraction_reads,0.0,1,0
Centrifuge,unified,Centrifuge_unified,ZymoMockD6331,ZymoMockD6331,pacbio,SRR13128013,92793,92793,                Aquabacterium,Aquabacterium,genus,0.0003969925289615073,fraction_reads,0.0,11,0
Centrifuge,unified,Centrifuge_unified,ZymoMockD6331,ZymoMockD6331,pacbio,SRR13128013,1597779,1597779,                Eleftheria,Eleftheria,genus,0.0001082706897167747,fraction_reads,0.0,3,0
Centrifuge,unified,Centrifuge_unified,ZymoMockD6331,ZymoMockD6331,pacbio,SRR13128013,32012,32012,                Thiomonas,Thiomonas,genus,3.609022990559157e-05,fraction_reads,0.0,1,0
Centrifuge,unified,Centrifuge_unified,ZymoMockD6331,ZymoMockD6331,pacbio,SRR13128013,316612,316612,                Methylibium,Methylibium,genus,0.0003248120691503241,fraction_reads,0.0,9,0
Centrifuge,unified,Centrifuge_unified,ZymoMockD6331,ZymoMockD6331,pacbio,SRR13128013,1193515,1193515,                Snodgrassella,Snodgrassella,genus,0.014436091962236627,fraction_reads,0.01,400,0
Centrifuge,unified,Centrifuge_unified,ZymoMockD6331,ZymoMockD6331,pacbio,SRR13128013,482,482,                Neisseria,Neisseria,genus,0.004908271267160453,fraction_reads,0.0,136,0
Centrifuge,unified,Centrifuge_unified,ZymoMockD6331,ZymoMockD6331,pacbio,SRR13128013,71,71,                Simonsiella,Simonsiella,genus,0.0027428574728249593,fraction_reads,0.0,76,0
Centrifuge,unified,Centrifuge_unified,ZymoMockD6331,ZymoMockD6331,pacbio,SRR13128013,240411,240411,                Chitinimonas,Chitinimonas,genus,0.0005413534485838734,fraction_reads,0.0,15,0
Centrifuge,unified,Centrifuge_unified,ZymoMockD6331,ZymoMockD6331,pacbio,SRR13128013,230666,230666,                Chitinibacter,Chitinibacter,genus,0.00028872183924473255,fraction_reads,0.0,8,0
Centrifuge,unified,Centrifuge_unified,ZymoMockD6331,ZymoMockD6331,pacbio,SRR13128013,535,535,                Chromobacterium,Chromobacterium,genus,0.0007939850579230146,fraction_reads,0.0,22,0
Centrifuge,unified,Centrifuge_unified,ZymoMockD6331,ZymoMockD6331,pacbio,SRR13128013,453161,453161,                Candidatus Nitrotoga,Candidatus Nitrotoga,genus,0.0005413534485838734,fraction_reads,0.0,15,0
Centrifuge,unified,Centrifuge_unified,ZymoMockD6331,ZymoMockD6331,pacbio,SRR13128013,311181,311181,                Denitratisoma,Denitratisoma,genus,0.0001082706897167747,fraction_reads,0.0,3,0
Centrifuge,unified,Centrifuge_unified,ZymoMockD6331,ZymoMockD6331,pacbio,SRR13128013,1054211,1054211,                Sulfuritalea,Sulfuritalea,genus,3.609022990559157e-05,fraction_reads,0.0,1,0
Centrifuge,unified,Centrifuge_unified,ZymoMockD6331,ZymoMockD6331,pacbio,SRR13128013,3050898,3050898,                Sulfuricystis,Sulfuricystis,genus,3.609022990559157e-05,fraction_reads,0.0,1,0
Centrifuge,unified,Centrifuge_unified,ZymoMockD6331,ZymoMockD6331,pacbio,SRR13128013,73029,73029,                Dechloromonas,Dechloromonas,genus,0.00028872183924473255,fraction_reads,0.0,8,0
Centrifuge,unified,Centrifuge_unified,ZymoMockD6331,ZymoMockD6331,pacbio,SRR13128013,33057,33057,                Thauera,Thauera,genus,0.00018045114952795784,fraction_reads,0.0,5,0
Centrifuge,unified,Centrifuge_unified,ZymoMockD6331,ZymoMockD6331,pacbio,SRR13128013,12960,12960,                Azoarcus,Azoarcus,genus,3.609022990559157e-05,fraction_reads,0.0,1,0
Centrifuge,unified,Centrifuge_unified,ZymoMockD6331,ZymoMockD6331,pacbio,SRR13128013,551759,551759,                Aromatoleum,Aromatoleum,genus,7.218045981118314e-05,fraction_reads,0.0,2,0
Centrifuge,unified,Centrifuge_unified,ZymoMockD6331,ZymoMockD6331,pacbio,SRR13128013,119977,119977,                Acidithiobacillus,Acidithiobacillus,genus,0.0007218045981118314,fraction_reads,0.0,20,0
Centrifuge,unified,Centrifuge_unified,ZymoMockD6331,ZymoMockD6331,pacbio,SRR13128013,838,838,                    Prevotella,Prevotella,genus,4.039398982183337,fraction_reads,4.04,111925,0
Centrifuge,unified,Centrifuge_unified,ZymoMockD6331,ZymoMockD6331,pacbio,SRR13128013,2974251,2974251,                    Segatella,Segatella,genus,0.00014436091962236627,fraction_reads,0.0,4,0
Centrifuge,unified,Centrifuge_unified,ZymoMockD6331,ZymoMockD6331,pacbio,SRR13128013,2974257,2974257,                    Hoylesella,Hoylesella,genus,0.0001082706897167747,fraction_reads,0.0,3,0
Centrifuge,unified,Centrifuge_unified,ZymoMockD6331,ZymoMockD6331,pacbio,SRR13128013,816,816,                    Bacteroides,Bacteroides,genus,3.6914891658934335,fraction_reads,3.69,102285,46
Centrifuge,unified,Centrifuge_unified,ZymoMockD6331,ZymoMockD6331,pacbio,SRR13128013,909656,909656,                    Phocaeicola,Phocaeicola,genus,0.00014436091962236627,fraction_reads,0.0,4,0
Centrifuge,unified,Centrifuge_unified,ZymoMockD6331,ZymoMockD6331,pacbio,SRR13128013,375288,375288,                    Parabacteroides,Parabacteroides,genus,0.000830075287828606,fraction_reads,0.0,23,0
Centrifuge,unified,Centrifuge_unified,ZymoMockD6331,ZymoMockD6331,pacbio,SRR13128013,156973,156973,                    Dysgonomonas,Dysgonomonas,genus,0.0005413534485838734,fraction_reads,0.0,15,0
Centrifuge,unified,Centrifuge_unified,ZymoMockD6331,ZymoMockD6331,pacbio,SRR13128013,239759,239759,                    Alistipes,Alistipes,genus,0.0001082706897167747,fraction_reads,0.0,3,0
Centrifuge,unified,Centrifuge_unified,ZymoMockD6331,ZymoMockD6331,pacbio,SRR13128013,1647173,1647173,                    Acetobacteroides,Acetobacteroides,genus,3.609022990559157e-05,fraction_reads,0.0,1,0
Centrifuge,unified,Centrifuge_unified,ZymoMockD6331,ZymoMockD6331,pacbio,SRR13128013,2518495,2518495,                    Duncaniella,Duncaniella,genus,3.609022990559157e-05,fraction_reads,0.0,1,0
Centrifuge,unified,Centrifuge_unified,ZymoMockD6331,ZymoMockD6331,pacbio,SRR13128013,866673,866673,                    Marinifilum,Marinifilum,genus,7.218045981118314e-05,fraction_reads,0.0,2,0
Centrifuge,unified,Centrifuge_unified,ZymoMockD6331,ZymoMockD6331,pacbio,SRR13128013,1471399,1471399,                    Draconibacterium,Draconibacterium,genus,3.609022990559157e-05,fraction_reads,0.0,1,0
Centrifuge,unified,Centrifuge_unified,ZymoMockD6331,ZymoMockD6331,pacbio,SRR13128013,1165076,1165076,                    Imtechella,Imtechella,genus,5.263796121960436,fraction_reads,5.26,145851,0
Centrifuge,unified,Centrifuge_unified,ZymoMockD6331,ZymoMockD6331,pacbio,SRR13128013,237,237,                    Flavobacterium,Flavobacterium,genus,0.0009744362074509723,fraction_reads,0.0,27,0
Centrifuge,unified,Centrifuge_unified,ZymoMockD6331,ZymoMockD6331,pacbio,SRR13128013,104267,104267,                    Tenacibaculum,Tenacibaculum,genus,0.0003609022990559157,fraction_reads,0.0,10,0
Centrifuge,unified,Centrifuge_unified,ZymoMockD6331,ZymoMockD6331,pacbio,SRR13128013,286104,286104,                    Winogradskyella,Winogradskyella,genus,0.0003248120691503241,fraction_reads,0.0,9,0
Centrifuge,unified,Centrifuge_unified,ZymoMockD6331,ZymoMockD6331,pacbio,SRR13128013,561367,561367,                    Salinimicrobium,Salinimicrobium,genus,0.0003248120691503241,fraction_reads,0.0,9,0
Centrifuge,unified,Centrifuge_unified,ZymoMockD6331,ZymoMockD6331,pacbio,SRR13128013,221065,221065,                    Kordia,Kordia,genus,0.0001082706897167747,fraction_reads,0.0,3,0
Centrifuge,unified,Centrifuge_unified,ZymoMockD6331,ZymoMockD6331,pacbio,SRR13128013,178469,178469,                    Arenibacter,Arenibacter,genus,7.218045981118314e-05,fraction_reads,0.0,2,0
Centrifuge,unified,Centrifuge_unified,ZymoMockD6331,ZymoMockD6331,pacbio,SRR13128013,2918913,2918913,                    Pontimicrobium,Pontimicrobium,genus,7.218045981118314e-05,fraction_reads,0.0,2,0
Centrifuge,unified,Centrifuge_unified,ZymoMockD6331,ZymoMockD6331,pacbio,SRR13128013,1016,1016,                    Capnocytophaga,Capnocytophaga,genus,3.609022990559157e-05,fraction_reads,0.0,1,0
Centrifuge,unified,Centrifuge_unified,ZymoMockD6331,ZymoMockD6331,pacbio,SRR13128013,83612,83612,                    Psychroflexus,Psychroflexus,genus,3.609022990559157e-05,fraction_reads,0.0,1,0
Centrifuge,unified,Centrifuge_unified,ZymoMockD6331,ZymoMockD6331,pacbio,SRR13128013,283735,283735,                    Leeuwenhoekiella,Leeuwenhoekiella,genus,3.609022990559157e-05,fraction_reads,0.0,1,0
Centrifuge,unified,Centrifuge_unified,ZymoMockD6331,ZymoMockD6331,pacbio,SRR13128013,1649495,1649495,                    Seonamhaeicola,Seonamhaeicola,genus,3.609022990559157e-05,fraction_reads,0.0,1,0
Centrifuge,unified,Centrifuge_unified,ZymoMockD6331,ZymoMockD6331,pacbio,SRR13128013,308865,308865,                    Elizabethkingia,Elizabethkingia,genus,0.0007939850579230146,fraction_reads,0.0,22,0
Centrifuge,unified,Centrifuge_unified,ZymoMockD6331,ZymoMockD6331,pacbio,SRR13128013,59732,59732,                      Chryseobacterium,Chryseobacterium,genus,0.00018045114952795784,fraction_reads,0.0,5,0
Centrifuge,unified,Centrifuge_unified,ZymoMockD6331,ZymoMockD6331,pacbio,SRR13128013,59734,59734,                    Empedobacter,Empedobacter,genus,0.00014436091962236627,fraction_reads,0.0,4,0
Centrifuge,unified,Centrifuge_unified,ZymoMockD6331,ZymoMockD6331,pacbio,SRR13128013,34084,34084,                    Riemerella,Riemerella,genus,0.0001082706897167747,fraction_reads,0.0,3,0
Centrifuge,unified,Centrifuge_unified,ZymoMockD6331,ZymoMockD6331,pacbio,SRR13128013,501783,501783,                    Cloacibacterium,Cloacibacterium,genus,7.218045981118314e-05,fraction_reads,0.0,2,0
Centrifuge,unified,Centrifuge_unified,ZymoMockD6331,ZymoMockD6331,pacbio,SRR13128013,336809,336809,                    Candidatus Karelsulcia,Candidatus Karelsulcia,genus,3.609022990559157e-05,fraction_reads,0.0,1,0
Centrifuge,unified,Centrifuge_unified,ZymoMockD6331,ZymoMockD6331,pacbio,SRR13128013,1937972,1937972,                    Bernardetia,Bernardetia,genus,0.4633985519877958,fraction_reads,0.46,12840,0
Centrifuge,unified,Centrifuge_unified,ZymoMockD6331,ZymoMockD6331,pacbio,SRR13128013,89966,89966,                    Hymenobacter,Hymenobacter,genus,0.0004691729887726904,fraction_reads,0.0,13,0
Centrifuge,unified,Centrifuge_unified,ZymoMockD6331,ZymoMockD6331,pacbio,SRR13128013,59740,59740,                    Persicobacter,Persicobacter,genus,0.0003248120691503241,fraction_reads,0.0,9,0
Centrifuge,unified,Centrifuge_unified,ZymoMockD6331,ZymoMockD6331,pacbio,SRR13128013,869806,869806,                    Marivirga,Marivirga,genus,0.00018045114952795784,fraction_reads,0.0,5,0
Centrifuge,unified,Centrifuge_unified,ZymoMockD6331,ZymoMockD6331,pacbio,SRR13128013,59739,59739,                    Flammeovirga,Flammeovirga,genus,7.218045981118314e-05,fraction_reads,0.0,2,0
Centrifuge,unified,Centrifuge_unified,ZymoMockD6331,ZymoMockD6331,pacbio,SRR13128013,79328,79328,                    Chitinophaga,Chitinophaga,genus,0.0028511281625417336,fraction_reads,0.0,79,0
Centrifuge,unified,Centrifuge_unified,ZymoMockD6331,ZymoMockD6331,pacbio,SRR13128013,28453,28453,                    Sphingobacterium,Sphingobacterium,genus,0.0001082706897167747,fraction_reads,0.0,3,0
Centrifuge,unified,Centrifuge_unified,ZymoMockD6331,ZymoMockD6331,pacbio,SRR13128013,84567,84567,                    Pedobacter,Pedobacter,genus,0.0001082706897167747,fraction_reads,0.0,3,0
Centrifuge,unified,Centrifuge_unified,ZymoMockD6331,ZymoMockD6331,pacbio,SRR13128013,423349,423349,                    Mucilaginibacter,Mucilaginibacter,genus,3.609022990559157e-05,fraction_reads,0.0,1,0
Centrifuge,unified,Centrifuge_unified,ZymoMockD6331,ZymoMockD6331,pacbio,SRR13128013,3377528,3377528,                  Fidelibacter,Fidelibacter,genus,3.609022990559157e-05,fraction_reads,0.0,1,0
Centrifuge,unified,Centrifuge_unified,ZymoMockD6331,ZymoMockD6331,pacbio,SRR13128013,239934,239934,                  Akkermansia,Akkermansia,genus,0.43301057840728757,fraction_reads,0.43,11998,31
Centrifuge,unified,Centrifuge_unified,ZymoMockD6331,ZymoMockD6331,pacbio,SRR13128013,2175957,2175957,                  Ruficoccus,Ruficoccus,genus,7.218045981118314e-05,fraction_reads,0.0,2,0
Centrifuge,unified,Centrifuge_unified,ZymoMockD6331,ZymoMockD6331,pacbio,SRR13128013,3126963,3126963,                  Termitidicoccus,Termitidicoccus,genus,3.609022990559157e-05,fraction_reads,0.0,1,0
Centrifuge,unified,Centrifuge_unified,ZymoMockD6331,ZymoMockD6331,pacbio,SRR13128013,810,810,                    Chlamydia,Chlamydia,genus,0.0009022557476397892,fraction_reads,0.0,25,0
Centrifuge,unified,Centrifuge_unified,ZymoMockD6331,ZymoMockD6331,pacbio,SRR13128013,282132,282132,                  Candidatus Protochlamydia,Candidatus Protochlamydia,genus,3.609022990559157e-05,fraction_reads,0.0,1,0
Centrifuge,unified,Centrifuge_unified,ZymoMockD6331,ZymoMockD6331,pacbio,SRR13128013,2714594,2714594,                  Bremerella,Bremerella,genus,0.00018045114952795784,fraction_reads,0.0,5,0
Centrifuge,unified,Centrifuge_unified,ZymoMockD6331,ZymoMockD6331,pacbio,SRR13128013,666508,666508,                  Phycisphaera,Phycisphaera,genus,3.609022990559157e-05,fraction_reads,0.0,1,0
Centrifuge,unified,Centrifuge_unified,ZymoMockD6331,ZymoMockD6331,pacbio,SRR13128013,157,157,                Treponema,Treponema,genus,0.10758497534856847,fraction_reads,0.11,2981,0
Centrifuge,unified,Centrifuge_unified,ZymoMockD6331,ZymoMockD6331,pacbio,SRR13128013,138,138,                Borrelia,Borrelia,genus,0.0017323310354683953,fraction_reads,0.0,48,0
Centrifuge,unified,Centrifuge_unified,ZymoMockD6331,ZymoMockD6331,pacbio,SRR13128013,64895,64895,                Borreliella,Borreliella,genus,0.0003248120691503241,fraction_reads,0.0,9,0
Centrifuge,unified,Centrifuge_unified,ZymoMockD6331,ZymoMockD6331,pacbio,SRR13128013,171,171,                Leptospira,Leptospira,genus,0.014869174721103728,fraction_reads,0.01,412,0
Centrifuge,unified,Centrifuge_unified,ZymoMockD6331,ZymoMockD6331,pacbio,SRR13128013,29521,29521,                Brachyspira,Brachyspira,genus,0.0001082706897167747,fraction_reads,0.0,3,0
Centrifuge,unified,Centrifuge_unified,ZymoMockD6331,ZymoMockD6331,pacbio,SRR13128013,194,194,                Campylobacter,Campylobacter,genus,0.010863159201583062,fraction_reads,0.01,301,0
Centrifuge,unified,Centrifuge_unified,ZymoMockD6331,ZymoMockD6331,pacbio,SRR13128013,209,209,                Helicobacter,Helicobacter,genus,0.008300752878286062,fraction_reads,0.01,230,0
Centrifuge,unified,Centrifuge_unified,ZymoMockD6331,ZymoMockD6331,pacbio,SRR13128013,202746,202746,                Sulfurimonas,Sulfurimonas,genus,0.0024902258634858184,fraction_reads,0.0,69,0
Centrifuge,unified,Centrifuge_unified,ZymoMockD6331,ZymoMockD6331,pacbio,SRR13128013,286130,286130,                Sulfuricurvum,Sulfuricurvum,genus,3.609022990559157e-05,fraction_reads,0.0,1,0
Centrifuge,unified,Centrifuge_unified,ZymoMockD6331,ZymoMockD6331,pacbio,SRR13128013,2321111,2321111,                Aliarcobacter,Aliarcobacter,genus,0.0007939850579230146,fraction_reads,0.0,22,0
Centrifuge,unified,Centrifuge_unified,ZymoMockD6331,ZymoMockD6331,pacbio,SRR13128013,2321114,2321114,                Malaciobacter,Malaciobacter,genus,3.609022990559157e-05,fraction_reads,0.0,1,0
Centrifuge,unified,Centrifuge_unified,ZymoMockD6331,ZymoMockD6331,pacbio,SRR13128013,223785,223785,                Hydrogenimonas,Hydrogenimonas,genus,3.609022990559157e-05,fraction_reads,0.0,1,0
Centrifuge,unified,Centrifuge_unified,ZymoMockD6331,ZymoMockD6331,pacbio,SRR13128013,265570,265570,                Sulfurovum,Sulfurovum,genus,3.609022990559157e-05,fraction_reads,0.0,1,0
Centrifuge,unified,Centrifuge_unified,ZymoMockD6331,ZymoMockD6331,pacbio,SRR13128013,2773294,2773294,                Desulfolutivibrio,Desulfolutivibrio,genus,0.0014796994261292544,fraction_reads,0.0,41,0
Centrifuge,unified,Centrifuge_unified,ZymoMockD6331,ZymoMockD6331,pacbio,SRR13128013,872,872,                Desulfovibrio,Desulfovibrio,genus,0.00014436091962236627,fraction_reads,0.0,4,0
Centrifuge,unified,Centrifuge_unified,ZymoMockD6331,ZymoMockD6331,pacbio,SRR13128013,2794998,2794998,                Maridesulfovibrio,Maridesulfovibrio,genus,0.00014436091962236627,fraction_reads,0.0,4,0
Centrifuge,unified,Centrifuge_unified,ZymoMockD6331,ZymoMockD6331,pacbio,SRR13128013,2802295,2802295,                Nitratidesulfovibrio,Nitratidesulfovibrio,genus,0.0001082706897167747,fraction_reads,0.0,3,0
Centrifuge,unified,Centrifuge_unified,ZymoMockD6331,ZymoMockD6331,pacbio,SRR13128013,2910978,2910978,                Megalodesulfovibrio,Megalodesulfovibrio,genus,7.218045981118314e-05,fraction_reads,0.0,2,0
Centrifuge,unified,Centrifuge_unified,ZymoMockD6331,ZymoMockD6331,pacbio,SRR13128013,2035811,2035811,                Pseudodesulfovibrio,Pseudodesulfovibrio,genus,3.609022990559157e-05,fraction_reads,0.0,1,0
Centrifuge,unified,Centrifuge_unified,ZymoMockD6331,ZymoMockD6331,pacbio,SRR13128013,2812025,2812025,                Syntrophotalea,Syntrophotalea,genus,3.609022990559157e-05,fraction_reads,0.0,1,0
Centrifuge,unified,Centrifuge_unified,ZymoMockD6331,ZymoMockD6331,pacbio,SRR13128013,28231,28231,                Geobacter,Geobacter,genus,3.609022990559157e-05,fraction_reads,0.0,1,0
Centrifuge,unified,Centrifuge_unified,ZymoMockD6331,ZymoMockD6331,pacbio,SRR13128013,958,958,                Bdellovibrio,Bdellovibrio,genus,0.0004330827588670988,fraction_reads,0.0,12,0
Centrifuge,unified,Centrifuge_unified,ZymoMockD6331,ZymoMockD6331,pacbio,SRR13128013,1652133,1652133,                Halobacteriovorax,Halobacteriovorax,genus,0.0003248120691503241,fraction_reads,0.0,9,0
Centrifuge,unified,Centrifuge_unified,ZymoMockD6331,ZymoMockD6331,pacbio,SRR13128013,388463,388463,                Edaphobacter,Edaphobacter,genus,0.00025263160933914095,fraction_reads,0.0,7,0
Centrifuge,unified,Centrifuge_unified,ZymoMockD6331,ZymoMockD6331,pacbio,SRR13128013,458032,458032,                Chloracidobacterium,Chloracidobacterium,genus,3.609022990559157e-05,fraction_reads,0.0,1,0
Centrifuge,unified,Centrifuge_unified,ZymoMockD6331,ZymoMockD6331,pacbio,SRR13128013,64159,64159,                Desulfurobacterium,Desulfurobacterium,genus,3.609022990559157e-05,fraction_reads,0.0,1,0
Centrifuge,unified,Centrifuge_unified,ZymoMockD6331,ZymoMockD6331,pacbio,SRR13128013,2759736,2759736,                Lacticaseibacillus,Lacticaseibacillus,genus,18.373536044936667,fraction_reads,18.37,509100,0
Centrifuge,unified,Centrifuge_unified,ZymoMockD6331,ZymoMockD6331,pacbio,SRR13128013,2742598,2742598,                Limosilactobacillus,Limosilactobacillus,genus,0.308210563393752,fraction_reads,0.31,8540,1
Centrifuge,unified,Centrifuge_unified,ZymoMockD6331,ZymoMockD6331,pacbio,SRR13128013,1578,1578,                Lactobacillus,Lactobacillus,genus,0.010935339661394245,fraction_reads,0.01,303,1
Centrifuge,unified,Centrifuge_unified,ZymoMockD6331,ZymoMockD6331,pacbio,SRR13128013,2767842,2767842,                Lactiplantibacillus,Lactiplantibacillus,genus,0.008914286786681117,fraction_reads,0.01,247,0
Centrifuge,unified,Centrifuge_unified,ZymoMockD6331,ZymoMockD6331,pacbio,SRR13128013,2767879,2767879,                Companilactobacillus,Companilactobacillus,genus,0.006496241383006482,fraction_reads,0.01,180,0
Centrifuge,unified,Centrifuge_unified,ZymoMockD6331,ZymoMockD6331,pacbio,SRR13128013,2767886,2767886,                Levilactobacillus,Levilactobacillus,genus,0.0030315793120696917,fraction_reads,0.0,84,0
Centrifuge,unified,Centrifuge_unified,ZymoMockD6331,ZymoMockD6331,pacbio,SRR13128013,2767885,2767885,                Latilactobacillus,Latilactobacillus,genus,0.0027428574728249593,fraction_reads,0.0,76,0
Centrifuge,unified,Centrifuge_unified,ZymoMockD6331,ZymoMockD6331,pacbio,SRR13128013,2767887,2767887,                Ligilactobacillus,Ligilactobacillus,genus,0.0026345867831081846,fraction_reads,0.0,73,0
Centrifuge,unified,Centrifuge_unified,ZymoMockD6331,ZymoMockD6331,pacbio,SRR13128013,1253,1253,                Pediococcus,Pediococcus,genus,0.0017323310354683953,fraction_reads,0.0,48,0
Centrifuge,unified,Centrifuge_unified,ZymoMockD6331,ZymoMockD6331,pacbio,SRR13128013,2767893,2767893,                Lentilactobacillus,Lentilactobacillus,genus,0.0007578948280174229,fraction_reads,0.0,21,0
Centrifuge,unified,Centrifuge_unified,ZymoMockD6331,ZymoMockD6331,pacbio,SRR13128013,46255,46255,                Weissella,Weissella,genus,0.0005774436784894651,fraction_reads,0.0,16,0
Centrifuge,unified,Centrifuge_unified,ZymoMockD6331,ZymoMockD6331,pacbio,SRR13128013,1243,1243,                Leuconostoc,Leuconostoc,genus,0.0004330827588670988,fraction_reads,0.0,12,0
Centrifuge,unified,Centrifuge_unified,ZymoMockD6331,ZymoMockD6331,pacbio,SRR13128013,2767882,2767882,                Furfurilactobacillus,Furfurilactobacillus,genus,0.00014436091962236627,fraction_reads,0.0,4,0
Centrifuge,unified,Centrifuge_unified,ZymoMockD6331,ZymoMockD6331,pacbio,SRR13128013,2767888,2767888,                Liquorilactobacillus,Liquorilactobacillus,genus,0.0001082706897167747,fraction_reads,0.0,3,0
Centrifuge,unified,Centrifuge_unified,ZymoMockD6331,ZymoMockD6331,pacbio,SRR13128013,46254,46254,                Oenococcus,Oenococcus,genus,7.218045981118314e-05,fraction_reads,0.0,2,0
Centrifuge,unified,Centrifuge_unified,ZymoMockD6331,ZymoMockD6331,pacbio,SRR13128013,2767889,2767889,                Loigolactobacillus,Loigolactobacillus,genus,3.609022990559157e-05,fraction_reads,0.0,1,0
Centrifuge,unified,Centrifuge_unified,ZymoMockD6331,ZymoMockD6331,pacbio,SRR13128013,1350,1350,                Enterococcus,Enterococcus,genus,0.03872481668869975,fraction_reads,0.04,1073,0
Centrifuge,unified,Centrifuge_unified,ZymoMockD6331,ZymoMockD6331,pacbio,SRR13128013,33969,33969,                Melissococcus,Melissococcus,genus,7.218045981118314e-05,fraction_reads,0.0,2,0
Centrifuge,unified,Centrifuge_unified,ZymoMockD6331,ZymoMockD6331,pacbio,SRR13128013,1301,1301,                Streptococcus,Streptococcus,genus,0.023783461507784844,fraction_reads,0.02,659,0
Centrifuge,unified,Centrifuge_unified,ZymoMockD6331,ZymoMockD6331,pacbio,SRR13128013,1357,1357,                Lactococcus,Lactococcus,genus,0.004619549427915721,fraction_reads,0.0,128,0
Centrifuge,unified,Centrifuge_unified,ZymoMockD6331,ZymoMockD6331,pacbio,SRR13128013,2747,2747,                Carnobacterium,Carnobacterium,genus,0.0006135339083950566,fraction_reads,0.0,17,0
Centrifuge,unified,Centrifuge_unified,ZymoMockD6331,ZymoMockD6331,pacbio,SRR13128013,29393,29393,                Dolosigranulum,Dolosigranulum,genus,0.0003969925289615073,fraction_reads,0.0,11,0
Centrifuge,unified,Centrifuge_unified,ZymoMockD6331,ZymoMockD6331,pacbio,SRR13128013,1386,1386,                Bacillus,Bacillus,genus,0.14497445353076133,fraction_reads,0.14,4017,2
Centrifuge,unified,Centrifuge_unified,ZymoMockD6331,ZymoMockD6331,pacbio,SRR13128013,2800373,2800373,                Priestia,Priestia,genus,0.002959398852258509,fraction_reads,0.0,82,0
Centrifuge,unified,Centrifuge_unified,ZymoMockD6331,ZymoMockD6331,pacbio,SRR13128013,2893060,2893060,                Alkalihalophilus,Alkalihalophilus,genus,0.0003609022990559157,fraction_reads,0.0,10,0
Centrifuge,unified,Centrifuge_unified,ZymoMockD6331,ZymoMockD6331,pacbio,SRR13128013,2837508,2837508,                Rossellomorea,Rossellomorea,genus,0.00018045114952795784,fraction_reads,0.0,5,0
Centrifuge,unified,Centrifuge_unified,ZymoMockD6331,ZymoMockD6331,pacbio,SRR13128013,84406,84406,                Virgibacillus,Virgibacillus,genus,0.00014436091962236627,fraction_reads,0.0,4,0
Centrifuge,unified,Centrifuge_unified,ZymoMockD6331,ZymoMockD6331,pacbio,SRR13128013,400634,400634,                Lysinibacillus,Lysinibacillus,genus,0.00014436091962236627,fraction_reads,0.0,4,0
Centrifuge,unified,Centrifuge_unified,ZymoMockD6331,ZymoMockD6331,pacbio,SRR13128013,45667,45667,                Halobacillus,Halobacillus,genus,0.0001082706897167747,fraction_reads,0.0,3,0
Centrifuge,unified,Centrifuge_unified,ZymoMockD6331,ZymoMockD6331,pacbio,SRR13128013,2675230,2675230,                Cytobacillus,Cytobacillus,genus,0.0001082706897167747,fraction_reads,0.0,3,0
Centrifuge,unified,Centrifuge_unified,ZymoMockD6331,ZymoMockD6331,pacbio,SRR13128013,2675229,2675229,                Peribacillus,Peribacillus,genus,7.218045981118314e-05,fraction_reads,0.0,2,0
Centrifuge,unified,Centrifuge_unified,ZymoMockD6331,ZymoMockD6331,pacbio,SRR13128013,289201,289201,                Pontibacillus,Pontibacillus,genus,3.609022990559157e-05,fraction_reads,0.0,1,0
Centrifuge,unified,Centrifuge_unified,ZymoMockD6331,ZymoMockD6331,pacbio,SRR13128013,2675231,2675231,                Mesobacillus,Mesobacillus,genus,3.609022990559157e-05,fraction_reads,0.0,1,0
Centrifuge,unified,Centrifuge_unified,ZymoMockD6331,ZymoMockD6331,pacbio,SRR13128013,2675232,2675232,                Neobacillus,Neobacillus,genus,3.609022990559157e-05,fraction_reads,0.0,1,0
Centrifuge,unified,Centrifuge_unified,ZymoMockD6331,ZymoMockD6331,pacbio,SRR13128013,2837511,2837511,                Sutcliffiella,Sutcliffiella,genus,3.609022990559157e-05,fraction_reads,0.0,1,0
Centrifuge,unified,Centrifuge_unified,ZymoMockD6331,ZymoMockD6331,pacbio,SRR13128013,2920444,2920444,                Mangrovibacillus,Mangrovibacillus,genus,3.609022990559157e-05,fraction_reads,0.0,1,0
Centrifuge,unified,Centrifuge_unified,ZymoMockD6331,ZymoMockD6331,pacbio,SRR13128013,2944627,2944627,                Paenalkalicoccus,Paenalkalicoccus,genus,3.609022990559157e-05,fraction_reads,0.0,1,0
Centrifuge,unified,Centrifuge_unified,ZymoMockD6331,ZymoMockD6331,pacbio,SRR13128013,1279,1279,                Staphylococcus,Staphylococcus,genus,0.06319399256469084,fraction_reads,0.06,1751,3
Centrifuge,unified,Centrifuge_unified,ZymoMockD6331,ZymoMockD6331,pacbio,SRR13128013,2803850,2803850,                Mammaliicoccus,Mammaliicoccus,genus,0.002959398852258509,fraction_reads,0.0,82,0
Centrifuge,unified,Centrifuge_unified,ZymoMockD6331,ZymoMockD6331,pacbio,SRR13128013,3076173,3076173,                Macrococcoides,Macrococcoides,genus,0.00028872183924473255,fraction_reads,0.0,8,0
Centrifuge,unified,Centrifuge_unified,ZymoMockD6331,ZymoMockD6331,pacbio,SRR13128013,1637,1637,                Listeria,Listeria,genus,0.01580752069864911,fraction_reads,0.02,438,0
Centrifuge,unified,Centrifuge_unified,ZymoMockD6331,ZymoMockD6331,pacbio,SRR13128013,44249,44249,                Paenibacillus,Paenibacillus,genus,0.0007939850579230146,fraction_reads,0.0,22,0
Centrifuge,unified,Centrifuge_unified,ZymoMockD6331,ZymoMockD6331,pacbio,SRR13128013,55080,55080,                Brevibacillus,Brevibacillus,genus,0.0005052632186782819,fraction_reads,0.0,14,0
Centrifuge,unified,Centrifuge_unified,ZymoMockD6331,ZymoMockD6331,pacbio,SRR13128013,1372,1372,                Planococcus,Planococcus,genus,0.0006496241383006482,fraction_reads,0.0,18,0
Centrifuge,unified,Centrifuge_unified,ZymoMockD6331,ZymoMockD6331,pacbio,SRR13128013,1569,1569,                Sporosarcina,Sporosarcina,genus,0.0001082706897167747,fraction_reads,0.0,3,0
Centrifuge,unified,Centrifuge_unified,ZymoMockD6331,ZymoMockD6331,pacbio,SRR13128013,651660,651660,                Paenisporosarcina,Paenisporosarcina,genus,3.609022990559157e-05,fraction_reads,0.0,1,0
Centrifuge,unified,Centrifuge_unified,ZymoMockD6331,ZymoMockD6331,pacbio,SRR13128013,33986,33986,                  Exiguobacterium,Exiguobacterium,genus,0.0006496241383006482,fraction_reads,0.0,18,0
Centrifuge,unified,Centrifuge_unified,ZymoMockD6331,ZymoMockD6331,pacbio,SRR13128013,129337,129337,                Geobacillus,Geobacillus,genus,0.0003248120691503241,fraction_reads,0.0,9,0
Centrifuge,unified,Centrifuge_unified,ZymoMockD6331,ZymoMockD6331,pacbio,SRR13128013,3389905,3389905,                Anoxybacteroides,Anoxybacteroides,genus,3.609022990559157e-05,fraction_reads,0.0,1,0
Centrifuge,unified,Centrifuge_unified,ZymoMockD6331,ZymoMockD6331,pacbio,SRR13128013,29330,29330,                Alicyclobacillus,Alicyclobacillus,genus,7.218045981118314e-05,fraction_reads,0.0,2,0
Centrifuge,unified,Centrifuge_unified,ZymoMockD6331,ZymoMockD6331,pacbio,SRR13128013,216851,216851,                Faecalibacterium,Faecalibacterium,genus,8.966689800504037,fraction_reads,8.97,248452,16
Centrifuge,unified,Centrifuge_unified,ZymoMockD6331,ZymoMockD6331,pacbio,SRR13128013,1263,1263,                Ruminococcus,Ruminococcus,genus,0.0020571431046187195,fraction_reads,0.0,57,0
Centrifuge,unified,Centrifuge_unified,ZymoMockD6331,ZymoMockD6331,pacbio,SRR13128013,2892396,2892396,                Vescimonas,Vescimonas,genus,0.0003248120691503241,fraction_reads,0.0,9,0
Centrifuge,unified,Centrifuge_unified,ZymoMockD6331,ZymoMockD6331,pacbio,SRR13128013,946234,946234,                Flavonifractor,Flavonifractor,genus,7.218045981118314e-05,fraction_reads,0.0,2,0
Centrifuge,unified,Centrifuge_unified,ZymoMockD6331,ZymoMockD6331,pacbio,SRR13128013,35829,35829,                Acetivibrio,Acetivibrio,genus,3.609022990559157e-05,fraction_reads,0.0,1,0
Centrifuge,unified,Centrifuge_unified,ZymoMockD6331,ZymoMockD6331,pacbio,SRR13128013,253238,253238,                Ethanoligenens,Ethanoligenens,genus,3.609022990559157e-05,fraction_reads,0.0,1,0
Centrifuge,unified,Centrifuge_unified,ZymoMockD6331,ZymoMockD6331,pacbio,SRR13128013,1485,1485,                Clostridium,Clostridium,genus,0.03814737301021029,fraction_reads,0.04,1057,0
Centrifuge,unified,Centrifuge_unified,ZymoMockD6331,ZymoMockD6331,pacbio,SRR13128013,1738645,1738645,                Caproiciproducens,Caproiciproducens,genus,0.0004330827588670988,fraction_reads,0.0,12,0
Centrifuge,unified,Centrifuge_unified,ZymoMockD6331,ZymoMockD6331,pacbio,SRR13128013,2576755,2576755,                Caproicibacter,Caproicibacter,genus,0.0003248120691503241,fraction_reads,0.0,9,0
Centrifuge,unified,Centrifuge_unified,ZymoMockD6331,ZymoMockD6331,pacbio,SRR13128013,1730,1730,                Eubacterium,Eubacterium,genus,0.00014436091962236627,fraction_reads,0.0,4,0
Centrifuge,unified,Centrifuge_unified,ZymoMockD6331,ZymoMockD6331,pacbio,SRR13128013,2282741,2282741,                Desulfofundulus,Desulfofundulus,genus,0.0001082706897167747,fraction_reads,0.0,3,0
Centrifuge,unified,Centrifuge_unified,ZymoMockD6331,ZymoMockD6331,pacbio,SRR13128013,841,841,                Roseburia,Roseburia,genus,2.148740108119111,fraction_reads,2.15,59538,0
Centrifuge,unified,Centrifuge_unified,ZymoMockD6331,ZymoMockD6331,pacbio,SRR13128013,1506553,1506553,                Lachnoclostridium,Lachnoclostridium,genus,0.0005774436784894651,fraction_reads,0.0,16,0
Centrifuge,unified,Centrifuge_unified,ZymoMockD6331,ZymoMockD6331,pacbio,SRR13128013,2719313,2719313,                Enterocloster,Enterocloster,genus,0.00018045114952795784,fraction_reads,0.0,5,0
Centrifuge,unified,Centrifuge_unified,ZymoMockD6331,ZymoMockD6331,pacbio,SRR13128013,1766253,1766253,                Agathobacter,Agathobacter,genus,7.218045981118314e-05,fraction_reads,0.0,2,0
Centrifuge,unified,Centrifuge_unified,ZymoMockD6331,ZymoMockD6331,pacbio,SRR13128013,2569097,2569097,                Anaerobutyricum,Anaerobutyricum,genus,7.218045981118314e-05,fraction_reads,0.0,2,0
Centrifuge,unified,Centrifuge_unified,ZymoMockD6331,ZymoMockD6331,pacbio,SRR13128013,46205,46205,                Pseudobutyrivibrio,Pseudobutyrivibrio,genus,3.609022990559157e-05,fraction_reads,0.0,1,0
Centrifuge,unified,Centrifuge_unified,ZymoMockD6331,ZymoMockD6331,pacbio,SRR13128013,2316020,2316020,                Mediterraneibacter,Mediterraneibacter,genus,3.609022990559157e-05,fraction_reads,0.0,1,0
Centrifuge,unified,Centrifuge_unified,ZymoMockD6331,ZymoMockD6331,pacbio,SRR13128013,2719231,2719231,                Lacrimispora,Lacrimispora,genus,3.609022990559157e-05,fraction_reads,0.0,1,0
Centrifuge,unified,Centrifuge_unified,ZymoMockD6331,ZymoMockD6331,pacbio,SRR13128013,1870884,1870884,                Clostridioides,Clostridioides,genus,0.1901233311426564,fraction_reads,0.19,5268,0
Centrifuge,unified,Centrifuge_unified,ZymoMockD6331,ZymoMockD6331,pacbio,SRR13128013,1849822,1849822,                Paraclostridium,Paraclostridium,genus,0.0005413534485838734,fraction_reads,0.0,15,0
Centrifuge,unified,Centrifuge_unified,ZymoMockD6331,ZymoMockD6331,pacbio,SRR13128013,1505652,1505652,                Terrisporobacter,Terrisporobacter,genus,3.609022990559157e-05,fraction_reads,0.0,1,0
Centrifuge,unified,Centrifuge_unified,ZymoMockD6331,ZymoMockD6331,pacbio,SRR13128013,1890059,1890059,                Serpentinicella,Serpentinicella,genus,0.00018045114952795784,fraction_reads,0.0,5,0
Centrifuge,unified,Centrifuge_unified,ZymoMockD6331,ZymoMockD6331,pacbio,SRR13128013,114627,114627,                Alkaliphilus,Alkaliphilus,genus,7.218045981118314e-05,fraction_reads,0.0,2,0
Centrifuge,unified,Centrifuge_unified,ZymoMockD6331,ZymoMockD6331,pacbio,SRR13128013,44260,44260,                Moorella,Moorella,genus,7.218045981118314e-05,fraction_reads,0.0,2,0
Centrifuge,unified,Centrifuge_unified,ZymoMockD6331,ZymoMockD6331,pacbio,SRR13128013,29465,29465,                Veillonella,Veillonella,genus,7.872650571145934,fraction_reads,7.87,218138,0
Centrifuge,unified,Centrifuge_unified,ZymoMockD6331,ZymoMockD6331,pacbio,SRR13128013,906,906,                Megasphaera,Megasphaera,genus,0.0011909775868845216,fraction_reads,0.0,33,0
Centrifuge,unified,Centrifuge_unified,ZymoMockD6331,ZymoMockD6331,pacbio,SRR13128013,158846,158846,                Megamonas,Megamonas,genus,0.00018045114952795784,fraction_reads,0.0,5,0
Centrifuge,unified,Centrifuge_unified,ZymoMockD6331,ZymoMockD6331,pacbio,SRR13128013,44000,44000,                Caldicellulosiruptor,Caldicellulosiruptor,genus,0.0001082706897167747,fraction_reads,0.0,3,0
Centrifuge,unified,Centrifuge_unified,ZymoMockD6331,ZymoMockD6331,pacbio,SRR13128013,41273,41273,                Tissierella,Tissierella,genus,3.609022990559157e-05,fraction_reads,0.0,1,0
Centrifuge,unified,Centrifuge_unified,ZymoMockD6331,ZymoMockD6331,pacbio,SRR13128013,1678,1678,                Bifidobacterium,Bifidobacterium,genus,0.6232782704695664,fraction_reads,0.62,17270,8306
Centrifuge,unified,Centrifuge_unified,ZymoMockD6331,ZymoMockD6331,pacbio,SRR13128013,1716,1716,                Corynebacterium,Corynebacterium,genus,0.05041805117811143,fraction_reads,0.05,1397,0
Centrifuge,unified,Centrifuge_unified,ZymoMockD6331,ZymoMockD6331,pacbio,SRR13128013,670516,670516,                Mycobacteroides,Mycobacteroides,genus,0.03977143335596191,fraction_reads,0.04,1102,0
Centrifuge,unified,Centrifuge_unified,ZymoMockD6331,ZymoMockD6331,pacbio,SRR13128013,1866885,1866885,                Mycolicibacterium,Mycolicibacterium,genus,0.0047278201176324955,fraction_reads,0.0,131,0
Centrifuge,unified,Centrifuge_unified,ZymoMockD6331,ZymoMockD6331,pacbio,SRR13128013,1763,1763,                Mycobacterium,Mycobacterium,genus,0.0024902258634858184,fraction_reads,0.0,69,0
Centrifuge,unified,Centrifuge_unified,ZymoMockD6331,ZymoMockD6331,pacbio,SRR13128013,1827,1827,                Rhodococcus,Rhodococcus,genus,0.0012992482766012964,fraction_reads,0.0,36,0
Centrifuge,unified,Centrifuge_unified,ZymoMockD6331,ZymoMockD6331,pacbio,SRR13128013,2979332,2979332,                Prescottella,Prescottella,genus,0.0003248120691503241,fraction_reads,0.0,9,0
Centrifuge,unified,Centrifuge_unified,ZymoMockD6331,ZymoMockD6331,pacbio,SRR13128013,1817,1817,                Nocardia,Nocardia,genus,3.609022990559157e-05,fraction_reads,0.0,1,0
Centrifuge,unified,Centrifuge_unified,ZymoMockD6331,ZymoMockD6331,pacbio,SRR13128013,37914,37914,                Dietzia,Dietzia,genus,0.0007218045981118314,fraction_reads,0.0,20,0
Centrifuge,unified,Centrifuge_unified,ZymoMockD6331,ZymoMockD6331,pacbio,SRR13128013,2053,2053,                Gordonia,Gordonia,genus,0.0003969925289615073,fraction_reads,0.0,11,0
Centrifuge,unified,Centrifuge_unified,ZymoMockD6331,ZymoMockD6331,pacbio,SRR13128013,1847725,1847725,                Lawsonella,Lawsonella,genus,3.609022990559157e-05,fraction_reads,0.0,1,0
Centrifuge,unified,Centrifuge_unified,ZymoMockD6331,ZymoMockD6331,pacbio,SRR13128013,1654,1654,                Actinomyces,Actinomyces,genus,0.010863159201583062,fraction_reads,0.01,301,0
Centrifuge,unified,Centrifuge_unified,ZymoMockD6331,ZymoMockD6331,pacbio,SRR13128013,1069494,1069494,                Trueperella,Trueperella,genus,3.609022990559157e-05,fraction_reads,0.0,1,0
Centrifuge,unified,Centrifuge_unified,ZymoMockD6331,ZymoMockD6331,pacbio,SRR13128013,1883,1883,                Streptomyces,Streptomyces,genus,0.0089864672464923,fraction_reads,0.01,249,0
Centrifuge,unified,Centrifuge_unified,ZymoMockD6331,ZymoMockD6331,pacbio,SRR13128013,2063,2063,                Kitasatospora,Kitasatospora,genus,0.00025263160933914095,fraction_reads,0.0,7,0
Centrifuge,unified,Centrifuge_unified,ZymoMockD6331,ZymoMockD6331,pacbio,SRR13128013,55968,55968,                Leucobacter,Leucobacter,genus,0.0004691729887726904,fraction_reads,0.0,13,0
Centrifuge,unified,Centrifuge_unified,ZymoMockD6331,ZymoMockD6331,pacbio,SRR13128013,529883,529883,                    Rhodoluna,Rhodoluna,genus,0.0004691729887726904,fraction_reads,0.0,13,0
Centrifuge,unified,Centrifuge_unified,ZymoMockD6331,ZymoMockD6331,pacbio,SRR13128013,2034,2034,                Curtobacterium,Curtobacterium,genus,0.0003248120691503241,fraction_reads,0.0,9,0
Centrifuge,unified,Centrifuge_unified,ZymoMockD6331,ZymoMockD6331,pacbio,SRR13128013,33882,33882,                Microbacterium,Microbacterium,genus,0.00025263160933914095,fraction_reads,0.0,7,0
Centrifuge,unified,Centrifuge_unified,ZymoMockD6331,ZymoMockD6331,pacbio,SRR13128013,1573,1573,                Clavibacter,Clavibacter,genus,0.00018045114952795784,fraction_reads,0.0,5,0
Centrifuge,unified,Centrifuge_unified,ZymoMockD6331,ZymoMockD6331,pacbio,SRR13128013,881616,881616,                Herbiconiux,Herbiconiux,genus,0.00018045114952795784,fraction_reads,0.0,5,0
Centrifuge,unified,Centrifuge_unified,ZymoMockD6331,ZymoMockD6331,pacbio,SRR13128013,110932,110932,                Leifsonia,Leifsonia,genus,7.218045981118314e-05,fraction_reads,0.0,2,0
Centrifuge,unified,Centrifuge_unified,ZymoMockD6331,ZymoMockD6331,pacbio,SRR13128013,1649454,1649454,                Glaciihabitans,Glaciihabitans,genus,7.218045981118314e-05,fraction_reads,0.0,2,0
Centrifuge,unified,Centrifuge_unified,ZymoMockD6331,ZymoMockD6331,pacbio,SRR13128013,1759331,1759331,                Cnuibacter,Cnuibacter,genus,3.609022990559157e-05,fraction_reads,0.0,1,0
Centrifuge,unified,Centrifuge_unified,ZymoMockD6331,ZymoMockD6331,pacbio,SRR13128013,32207,32207,                Rothia,Rothia,genus,0.0007578948280174229,fraction_reads,0.0,21,0
Centrifuge,unified,Centrifuge_unified,ZymoMockD6331,ZymoMockD6331,pacbio,SRR13128013,57493,57493,                Kocuria,Kocuria,genus,0.0003248120691503241,fraction_reads,0.0,9,0
Centrifuge,unified,Centrifuge_unified,ZymoMockD6331,ZymoMockD6331,pacbio,SRR13128013,1742989,1742989,                Glutamicibacter,Glutamicibacter,genus,0.0003248120691503241,fraction_reads,0.0,9,0
Centrifuge,unified,Centrifuge_unified,ZymoMockD6331,ZymoMockD6331,pacbio,SRR13128013,1663,1663,                Arthrobacter,Arthrobacter,genus,0.0001082706897167747,fraction_reads,0.0,3,0
Centrifuge,unified,Centrifuge_unified,ZymoMockD6331,ZymoMockD6331,pacbio,SRR13128013,2078575,2078575,                Psychromicrobium,Psychromicrobium,genus,7.218045981118314e-05,fraction_reads,0.0,2,0
Centrifuge,unified,Centrifuge_unified,ZymoMockD6331,ZymoMockD6331,pacbio,SRR13128013,1269,1269,                Micrococcus,Micrococcus,genus,3.609022990559157e-05,fraction_reads,0.0,1,0
Centrifuge,unified,Centrifuge_unified,ZymoMockD6331,ZymoMockD6331,pacbio,SRR13128013,1742992,1742992,                Paenarthrobacter,Paenarthrobacter,genus,3.609022990559157e-05,fraction_reads,0.0,1,0
Centrifuge,unified,Centrifuge_unified,ZymoMockD6331,ZymoMockD6331,pacbio,SRR13128013,125287,125287,                Ornithinimicrobium,Ornithinimicrobium,genus,0.0007578948280174229,fraction_reads,0.0,21,0
Centrifuge,unified,Centrifuge_unified,ZymoMockD6331,ZymoMockD6331,pacbio,SRR13128013,43668,43668,                Brachybacterium,Brachybacterium,genus,0.0004691729887726904,fraction_reads,0.0,13,0
Centrifuge,unified,Centrifuge_unified,ZymoMockD6331,ZymoMockD6331,pacbio,SRR13128013,367298,367298,                Phycicoccus,Phycicoccus,genus,0.00014436091962236627,fraction_reads,0.0,4,0
Centrifuge,unified,Centrifuge_unified,ZymoMockD6331,ZymoMockD6331,pacbio,SRR13128013,267408,267408,                Arsenicicoccus,Arsenicicoccus,genus,7.218045981118314e-05,fraction_reads,0.0,2,0
Centrifuge,unified,Centrifuge_unified,ZymoMockD6331,ZymoMockD6331,pacbio,SRR13128013,908935,908935,                Yimella,Yimella,genus,0.0001082706897167747,fraction_reads,0.0,3,0
Centrifuge,unified,Centrifuge_unified,ZymoMockD6331,ZymoMockD6331,pacbio,SRR13128013,57495,57495,                Dermacoccus,Dermacoccus,genus,3.609022990559157e-05,fraction_reads,0.0,1,0
Centrifuge,unified,Centrifuge_unified,ZymoMockD6331,ZymoMockD6331,pacbio,SRR13128013,57499,57499,                Kytococcus,Kytococcus,genus,0.00014436091962236627,fraction_reads,0.0,4,0
Centrifuge,unified,Centrifuge_unified,ZymoMockD6331,ZymoMockD6331,pacbio,SRR13128013,665568,665568,                Paraoerskovia,Paraoerskovia,genus,7.218045981118314e-05,fraction_reads,0.0,2,0
Centrifuge,unified,Centrifuge_unified,ZymoMockD6331,ZymoMockD6331,pacbio,SRR13128013,1743,1743,                Propionibacterium,Propionibacterium,genus,0.0007939850579230146,fraction_reads,0.0,22,0
Centrifuge,unified,Centrifuge_unified,ZymoMockD6331,ZymoMockD6331,pacbio,SRR13128013,1912216,1912216,                Cutibacterium,Cutibacterium,genus,0.00025263160933914095,fraction_reads,0.0,7,0
Centrifuge,unified,Centrifuge_unified,ZymoMockD6331,ZymoMockD6331,pacbio,SRR13128013,203133,203133,                Propionimicrobium,Propionimicrobium,genus,0.0001082706897167747,fraction_reads,0.0,3,0
Centrifuge,unified,Centrifuge_unified,ZymoMockD6331,ZymoMockD6331,pacbio,SRR13128013,1839,1839,                Nocardioides,Nocardioides,genus,0.00018045114952795784,fraction_reads,0.0,5,0
Centrifuge,unified,Centrifuge_unified,ZymoMockD6331,ZymoMockD6331,pacbio,SRR13128013,2040,2040,                Aeromicrobium,Aeromicrobium,genus,0.0001082706897167747,fraction_reads,0.0,3,0
Centrifuge,unified,Centrifuge_unified,ZymoMockD6331,ZymoMockD6331,pacbio,SRR13128013,1813,1813,                Amycolatopsis,Amycolatopsis,genus,0.0005052632186782819,fraction_reads,0.0,14,0
Centrifuge,unified,Centrifuge_unified,ZymoMockD6331,ZymoMockD6331,pacbio,SRR13128013,583360,583360,                Umezawaea,Umezawaea,genus,0.00014436091962236627,fraction_reads,0.0,4,0
Centrifuge,unified,Centrifuge_unified,ZymoMockD6331,ZymoMockD6331,pacbio,SRR13128013,147067,147067,                Thermobispora,Thermobispora,genus,0.0004330827588670988,fraction_reads,0.0,12,0
Centrifuge,unified,Centrifuge_unified,ZymoMockD6331,ZymoMockD6331,pacbio,SRR13128013,1873,1873,                Micromonospora,Micromonospora,genus,0.0003609022990559157,fraction_reads,0.0,10,0
Centrifuge,unified,Centrifuge_unified,ZymoMockD6331,ZymoMockD6331,pacbio,SRR13128013,1860,1860,                Geodermatophilus,Geodermatophilus,genus,0.00025263160933914095,fraction_reads,0.0,7,0
Centrifuge,unified,Centrifuge_unified,ZymoMockD6331,ZymoMockD6331,pacbio,SRR13128013,2994362,2994362,                Parafrankia,Parafrankia,genus,7.218045981118314e-05,fraction_reads,0.0,2,0
Centrifuge,unified,Centrifuge_unified,ZymoMockD6331,ZymoMockD6331,pacbio,SRR13128013,53460,53460,                Nakamurella,Nakamurella,genus,3.609022990559157e-05,fraction_reads,0.0,1,0
Centrifuge,unified,Centrifuge_unified,ZymoMockD6331,ZymoMockD6331,pacbio,SRR13128013,447020,447020,                Adlercreutzia,Adlercreutzia,genus,0.0002165413794335494,fraction_reads,0.0,6,0
Centrifuge,unified,Centrifuge_unified,ZymoMockD6331,ZymoMockD6331,pacbio,SRR13128013,644652,644652,                Gordonibacter,Gordonibacter,genus,3.609022990559157e-05,fraction_reads,0.0,1,0
Centrifuge,unified,Centrifuge_unified,ZymoMockD6331,ZymoMockD6331,pacbio,SRR13128013,42255,42255,                Rubrobacter,Rubrobacter,genus,0.00018045114952795784,fraction_reads,0.0,5,0
Centrifuge,unified,Centrifuge_unified,ZymoMockD6331,ZymoMockD6331,pacbio,SRR13128013,467975,467975,                Iamia,Iamia,genus,3.609022990559157e-05,fraction_reads,0.0,1,0
Centrifuge,unified,Centrifuge_unified,ZymoMockD6331,ZymoMockD6331,pacbio,SRR13128013,2132,2132,                Spiroplasma,Spiroplasma,genus,0.011548873569789302,fraction_reads,0.01,320,0
Centrifuge,unified,Centrifuge_unified,ZymoMockD6331,ZymoMockD6331,pacbio,SRR13128013,2093,2093,                Mycoplasma,Mycoplasma,genus,0.0001082706897167747,fraction_reads,0.0,3,0
Centrifuge,unified,Centrifuge_unified,ZymoMockD6331,ZymoMockD6331,pacbio,SRR13128013,2767358,2767358,              Mycoplasmopsis,Mycoplasmopsis,genus,0.0006496241383006482,fraction_reads,0.0,18,0
Centrifuge,unified,Centrifuge_unified,ZymoMockD6331,ZymoMockD6331,pacbio,SRR13128013,2995234,2995234,              Mycoplasmoides,Mycoplasmoides,genus,3.609022990559157e-05,fraction_reads,0.0,1,0
Centrifuge,unified,Centrifuge_unified,ZymoMockD6331,ZymoMockD6331,pacbio,SRR13128013,1142,1142,                  Synechocystis,Synechocystis,genus,0.0022015040242410857,fraction_reads,0.0,61,0
Centrifuge,unified,Centrifuge_unified,ZymoMockD6331,ZymoMockD6331,pacbio,SRR13128013,146785,146785,                  Thermosynechococcus,Thermosynechococcus,genus,0.0004691729887726904,fraction_reads,0.0,13,0
Centrifuge,unified,Centrifuge_unified,ZymoMockD6331,ZymoMockD6331,pacbio,SRR13128013,155977,155977,                  Acaryochloris,Acaryochloris,genus,0.00018045114952795784,fraction_reads,0.0,5,0
Centrifuge,unified,Centrifuge_unified,ZymoMockD6331,ZymoMockD6331,pacbio,SRR13128013,3079908,3079908,                    Picosynechococcus,Picosynechococcus,genus,0.0005774436784894651,fraction_reads,0.0,16,0
Centrifuge,unified,Centrifuge_unified,ZymoMockD6331,ZymoMockD6331,pacbio,SRR13128013,1125,1125,                    Microcystis,Microcystis,genus,3.609022990559157e-05,fraction_reads,0.0,1,0
Centrifuge,unified,Centrifuge_unified,ZymoMockD6331,ZymoMockD6331,pacbio,SRR13128013,1177,1177,                  Nostoc,Nostoc,genus,0.0001082706897167747,fraction_reads,0.0,3,0
Centrifuge,unified,Centrifuge_unified,ZymoMockD6331,ZymoMockD6331,pacbio,SRR13128013,159191,159191,                  Nodularia,Nodularia,genus,0.0001082706897167747,fraction_reads,0.0,3,0
Centrifuge,unified,Centrifuge_unified,ZymoMockD6331,ZymoMockD6331,pacbio,SRR13128013,383614,383614,                  Brasilonema,Brasilonema,genus,3.609022990559157e-05,fraction_reads,0.0,1,0
Centrifuge,unified,Centrifuge_unified,ZymoMockD6331,ZymoMockD6331,pacbio,SRR13128013,47251,47251,                    Leptolyngbya,Leptolyngbya,genus,7.218045981118314e-05,fraction_reads,0.0,2,0
Centrifuge,unified,Centrifuge_unified,ZymoMockD6331,ZymoMockD6331,pacbio,SRR13128013,1152,1152,                  Pseudanabaena,Pseudanabaena,genus,3.609022990559157e-05,fraction_reads,0.0,1,0
Centrifuge,unified,Centrifuge_unified,ZymoMockD6331,ZymoMockD6331,pacbio,SRR13128013,2494209,2494209,                Capsulimonas,Capsulimonas,genus,0.00018045114952795784,fraction_reads,0.0,5,0
Centrifuge,unified,Centrifuge_unified,ZymoMockD6331,ZymoMockD6331,pacbio,SRR13128013,848,848,                Fusobacterium,Fusobacterium,genus,1.9856122689458369,fraction_reads,1.99,55018,56
Centrifuge,unified,Centrifuge_unified,ZymoMockD6331,ZymoMockD6331,pacbio,SRR13128013,180162,180162,                Cetobacterium,Cetobacterium,genus,0.0008661655177341976,fraction_reads,0.0,24,0
Centrifuge,unified,Centrifuge_unified,ZymoMockD6331,ZymoMockD6331,pacbio,SRR13128013,167639,167639,                Ilyobacter,Ilyobacter,genus,3.609022990559157e-05,fraction_reads,0.0,1,0
Centrifuge,unified,Centrifuge_unified,ZymoMockD6331,ZymoMockD6331,pacbio,SRR13128013,32067,32067,                Leptotrichia,Leptotrichia,genus,7.218045981118314e-05,fraction_reads,0.0,2,0
Centrifuge,unified,Centrifuge_unified,ZymoMockD6331,ZymoMockD6331,pacbio,SRR13128013,3072462,3072462,                Haliovirga,Haliovirga,genus,7.218045981118314e-05,fraction_reads,0.0,2,0
Centrifuge,unified,Centrifuge_unified,ZymoMockD6331,ZymoMockD6331,pacbio,SRR13128013,1184396,1184396,                Mesotoga,Mesotoga,genus,0.004944361497066045,fraction_reads,0.0,137,0
Centrifuge,unified,Centrifuge_unified,ZymoMockD6331,ZymoMockD6331,pacbio,SRR13128013,2335,2335,                Thermotoga,Thermotoga,genus,0.00014436091962236627,fraction_reads,0.0,4,0
Centrifuge,unified,Centrifuge_unified,ZymoMockD6331,ZymoMockD6331,pacbio,SRR13128013,1298,1298,                Deinococcus,Deinococcus,genus,0.0006857143682062398,fraction_reads,0.0,19,0
Centrifuge,unified,Centrifuge_unified,ZymoMockD6331,ZymoMockD6331,pacbio,SRR13128013,270,270,                Thermus,Thermus,genus,0.00018045114952795784,fraction_reads,0.0,5,0
Centrifuge,unified,Centrifuge_unified,ZymoMockD6331,ZymoMockD6331,pacbio,SRR13128013,4930,4930,                        Saccharomyces,Saccharomyces,genus,0.11862858569967948,fraction_reads,0.12,3287,0
Centrifuge,unified,Centrifuge_unified,ZymoMockD6331,ZymoMockD6331,pacbio,SRR13128013,278028,278028,                        Naumovozyma,Naumovozyma,genus,0.03197594369635413,fraction_reads,0.03,886,0
Centrifuge,unified,Centrifuge_unified,ZymoMockD6331,ZymoMockD6331,pacbio,SRR13128013,71245,71245,                        Kazachstania,Kazachstania,genus,0.023603010358256883,fraction_reads,0.02,654,0
Centrifuge,unified,Centrifuge_unified,ZymoMockD6331,ZymoMockD6331,pacbio,SRR13128013,4948,4948,                        Torulaspora,Torulaspora,genus,0.01725112989487277,fraction_reads,0.02,478,0
Centrifuge,unified,Centrifuge_unified,ZymoMockD6331,ZymoMockD6331,pacbio,SRR13128013,113604,113604,                        Tetrapisispora,Tetrapisispora,genus,0.015590979319215556,fraction_reads,0.02,432,0
Centrifuge,unified,Centrifuge_unified,ZymoMockD6331,ZymoMockD6331,pacbio,SRR13128013,3163251,3163251,                        Huiozyma,Huiozyma,genus,0.008228572418474878,fraction_reads,0.01,228,0
Centrifuge,unified,Centrifuge_unified,ZymoMockD6331,ZymoMockD6331,pacbio,SRR13128013,4910,4910,                        Kluyveromyces,Kluyveromyces,genus,0.0001082706897167747,fraction_reads,0.0,3,0
Centrifuge,unified,Centrifuge_unified,ZymoMockD6331,ZymoMockD6331,pacbio,SRR13128013,3163253,3163253,                        Henningerozyma,Henningerozyma,genus,3.609022990559157e-05,fraction_reads,0.0,1,0
Centrifuge,unified,Centrifuge_unified,ZymoMockD6331,ZymoMockD6331,pacbio,SRR13128013,36034,36034,                        Saccharomycodes,Saccharomycodes,genus,7.218045981118314e-05,fraction_reads,0.0,2,0
Centrifuge,unified,Centrifuge_unified,ZymoMockD6331,ZymoMockD6331,pacbio,SRR13128013,5475,5475,                          Candida,Candida,genus,0.07441805406532982,fraction_reads,0.07,2062,0
Centrifuge,unified,Centrifuge_unified,ZymoMockD6331,ZymoMockD6331,pacbio,SRR13128013,36913,36913,                          Lodderomyces,Lodderomyces,genus,0.0001082706897167747,fraction_reads,0.0,3,0
Centrifuge,unified,Centrifuge_unified,ZymoMockD6331,ZymoMockD6331,pacbio,SRR13128013,4958,4958,                        Debaryomyces,Debaryomyces,genus,7.218045981118314e-05,fraction_reads,0.0,2,0
Centrifuge,unified,Centrifuge_unified,ZymoMockD6331,ZymoMockD6331,pacbio,SRR13128013,3303203,3303203,                        Candidozyma,Candidozyma,genus,3.609022990559157e-05,fraction_reads,0.0,1,0
Centrifuge,unified,Centrifuge_unified,ZymoMockD6331,ZymoMockD6331,pacbio,SRR13128013,13366,13366,                        Brettanomyces,Brettanomyces,genus,0.0003248120691503241,fraction_reads,0.0,9,0
Centrifuge,unified,Centrifuge_unified,ZymoMockD6331,ZymoMockD6331,pacbio,SRR13128013,4919,4919,                        Pichia,Pichia,genus,3.609022990559157e-05,fraction_reads,0.0,1,0
Centrifuge,unified,Centrifuge_unified,ZymoMockD6331,ZymoMockD6331,pacbio,SRR13128013,5506,5506,                              Fusarium,Fusarium,genus,0.01663759598647771,fraction_reads,0.02,461,0
Centrifuge,unified,Centrifuge_unified,ZymoMockD6331,ZymoMockD6331,pacbio,SRR13128013,124426,124426,                              Ustilaginoidea,Ustilaginoidea,genus,0.008697745407247569,fraction_reads,0.01,241,0
Centrifuge,unified,Centrifuge_unified,ZymoMockD6331,ZymoMockD6331,pacbio,SRR13128013,243023,243023,                              Pochonia,Pochonia,genus,7.218045981118314e-05,fraction_reads,0.0,2,0
Centrifuge,unified,Centrifuge_unified,ZymoMockD6331,ZymoMockD6331,pacbio,SRR13128013,5543,5543,                              Trichoderma,Trichoderma,genus,3.609022990559157e-05,fraction_reads,0.0,1,0
Centrifuge,unified,Centrifuge_unified,ZymoMockD6331,ZymoMockD6331,pacbio,SRR13128013,5455,5455,                              Colletotrichum,Colletotrichum,genus,0.00014436091962236627,fraction_reads,0.0,4,0
Centrifuge,unified,Centrifuge_unified,ZymoMockD6331,ZymoMockD6331,pacbio,SRR13128013,5140,5140,                              Neurospora,Neurospora,genus,0.011584963799694892,fraction_reads,0.01,321,0
Centrifuge,unified,Centrifuge_unified,ZymoMockD6331,ZymoMockD6331,pacbio,SRR13128013,5146,5146,                              Sordaria,Sordaria,genus,3.609022990559157e-05,fraction_reads,0.0,1,0
Centrifuge,unified,Centrifuge_unified,ZymoMockD6331,ZymoMockD6331,pacbio,SRR13128013,5144,5144,                              Podospora,Podospora,genus,3.609022990559157e-05,fraction_reads,0.0,1,0
Centrifuge,unified,Centrifuge_unified,ZymoMockD6331,ZymoMockD6331,pacbio,SRR13128013,48558,48558,                              Pyricularia,Pyricularia,genus,3.609022990559157e-05,fraction_reads,0.0,1,0
Centrifuge,unified,Centrifuge_unified,ZymoMockD6331,ZymoMockD6331,pacbio,SRR13128013,5027,5027,                                Pyrenophora,Pyrenophora,genus,0.0001082706897167747,fraction_reads,0.0,3,0
Centrifuge,unified,Centrifuge_unified,ZymoMockD6331,ZymoMockD6331,pacbio,SRR13128013,5598,5598,                                Alternaria,Alternaria,genus,7.218045981118314e-05,fraction_reads,0.0,2,0
Centrifuge,unified,Centrifuge_unified,ZymoMockD6331,ZymoMockD6331,pacbio,SRR13128013,2897311,2897311,                              Fulvia,Fulvia,genus,7.218045981118314e-05,fraction_reads,0.0,2,0
Centrifuge,unified,Centrifuge_unified,ZymoMockD6331,ZymoMockD6331,pacbio,SRR13128013,1047167,1047167,                              Zymoseptoria,Zymoseptoria,genus,3.609022990559157e-05,fraction_reads,0.0,1,0
Centrifuge,unified,Centrifuge_unified,ZymoMockD6331,ZymoMockD6331,pacbio,SRR13128013,5052,5052,                            Aspergillus,Aspergillus,genus,7.218045981118314e-05,fraction_reads,0.0,2,0
Centrifuge,unified,Centrifuge_unified,ZymoMockD6331,ZymoMockD6331,pacbio,SRR13128013,5073,5073,                            Penicillium,Penicillium,genus,3.609022990559157e-05,fraction_reads,0.0,1,0
Centrifuge,unified,Centrifuge_unified,ZymoMockD6331,ZymoMockD6331,pacbio,SRR13128013,4895,4895,                      Schizosaccharomyces,Schizosaccharomyces,genus,7.218045981118314e-05,fraction_reads,0.0,2,0
Centrifuge,unified,Centrifuge_unified,ZymoMockD6331,ZymoMockD6331,pacbio,SRR13128013,5206,5206,                      Cryptococcus,Cryptococcus,genus,0.09365414660501012,fraction_reads,0.09,2595,0
Centrifuge,unified,Centrifuge_unified,ZymoMockD6331,ZymoMockD6331,pacbio,SRR13128013,490731,490731,                      Kwoniella,Kwoniella,genus,0.0001082706897167747,fraction_reads,0.0,3,0
Centrifuge,unified,Centrifuge_unified,ZymoMockD6331,ZymoMockD6331,pacbio,SRR13128013,5296,5296,                      Puccinia,Puccinia,genus,7.218045981118314e-05,fraction_reads,0.0,2,0
Centrifuge,unified,Centrifuge_unified,ZymoMockD6331,ZymoMockD6331,pacbio,SRR13128013,63265,63265,                      Sporisorium,Sporisorium,genus,3.609022990559157e-05,fraction_reads,0.0,1,0
Centrifuge,unified,Centrifuge_unified,ZymoMockD6331,ZymoMockD6331,pacbio,SRR13128013,55193,55193,                      Malassezia,Malassezia,genus,3.609022990559157e-05,fraction_reads,0.0,1,0
Centrifuge,unified,Centrifuge_unified,ZymoMockD6331,ZymoMockD6331,pacbio,SRR13128013,1129544,1129544,                      Rhizophagus,Rhizophagus,genus,0.00018045114952795784,fraction_reads,0.0,5,0
Centrifuge,unified,Centrifuge_unified,ZymoMockD6331,ZymoMockD6331,pacbio,SRR13128013,6038,6038,                  Vairimorpha,Vairimorpha,genus,3.609022990559157e-05,fraction_reads,0.0,1,0
Centrifuge,unified,Centrifuge_unified,ZymoMockD6331,ZymoMockD6331,pacbio,SRR13128013,2172,2172,                  Methanobrevibacter,Methanobrevibacter,genus,0.030857146569280788,fraction_reads,0.03,855,0
Centrifuge,unified,Centrifuge_unified,ZymoMockD6331,ZymoMockD6331,pacbio,SRR13128013,145260,145260,                  Methanothermobacter,Methanothermobacter,genus,0.00014436091962236627,fraction_reads,0.0,4,0
Centrifuge,unified,Centrifuge_unified,ZymoMockD6331,ZymoMockD6331,pacbio,SRR13128013,196118,196118,                  Methanocaldococcus,Methanocaldococcus,genus,3.609022990559157e-05,fraction_reads,0.0,1,0
Centrifuge,unified,Centrifuge_unified,ZymoMockD6331,ZymoMockD6331,pacbio,SRR13128013,101191,101191,                  Methanomethylovorans,Methanomethylovorans,genus,0.00014436091962236627,fraction_reads,0.0,4,0
Centrifuge,unified,Centrifuge_unified,ZymoMockD6331,ZymoMockD6331,pacbio,SRR13128013,2843429,2843429,            Nesevirus,Nesevirus,genus,7.218045981118314e-05,fraction_reads,0.0,2,0
