tool,db,tool_db,data_type,project,technology,sample,taxid_raw,taxid,name_raw,name,rank,value,value_type,abundance_raw,numReads,numDirectReads
Centrifuge,unified,Centrifuge_unified,ZymoMockD6331,ZymoMockD6331,ont,D6331_Qiagen,2371,2371,                  Xylella fastidiosa,Xylella fastidiosa,species,6.312748044702015,fraction_reads,6.31,19008,1
Centrifuge,unified,Centrifuge_unified,ZymoMockD6331,ZymoMockD6331,ont,D6331_Qiagen,1444770,1444770,                  Xylella taiwanensis,Xylella taiwanensis,species,0.0006642201225486126,fraction_reads,0.0,2,2
Centrifuge,unified,Centrifuge_unified,ZymoMockD6331,ZymoMockD6331,ont,D6331_Qiagen,643453,643453,                  Xanthomonas citri group,Xanthomonas citri group,species,0.008634861593131964,fraction_reads,0.01,26,0
Centrifuge,unified,Centrifuge_unified,ZymoMockD6331,ZymoMockD6331,ont,D6331_Qiagen,346,346,                    Xanthomonas citri,Xanthomonas citri,species,0.008634861593131964,fraction_reads,0.01,26,0
Centrifuge,unified,Centrifuge_unified,ZymoMockD6331,ZymoMockD6331,ont,D6331_Qiagen,339,339,                  Xanthomonas campestris,Xanthomonas campestris,species,0.0036532106740173693,fraction_reads,0.0,11,1
Centrifuge,unified,Centrifuge_unified,ZymoMockD6331,ZymoMockD6331,ont,D6331_Qiagen,3390202,3390202,                  Xanthomonas translucens group,Xanthomonas translucens group,species,0.0026568804901944505,fraction_reads,0.0,8,0
Centrifuge,unified,Centrifuge_unified,ZymoMockD6331,ZymoMockD6331,ont,D6331_Qiagen,3390026,3390026,                    Xanthomonas graminis,Xanthomonas graminis,species,0.0016605503063715317,fraction_reads,0.0,5,0
Centrifuge,unified,Centrifuge_unified,ZymoMockD6331,ZymoMockD6331,ont,D6331_Qiagen,3390025,3390025,                    Xanthomonas cerealis,Xanthomonas cerealis,species,0.0006642201225486126,fraction_reads,0.0,2,0
Centrifuge,unified,Centrifuge_unified,ZymoMockD6331,ZymoMockD6331,ont,D6331_Qiagen,343,343,                    Xanthomonas translucens,Xanthomonas translucens,species,0.0003321100612743063,fraction_reads,0.0,1,0
Centrifuge,unified,Centrifuge_unified,ZymoMockD6331,ZymoMockD6331,ont,D6331_Qiagen,347,347,                  Xanthomonas oryzae,Xanthomonas oryzae,species,0.001992660367645838,fraction_reads,0.0,6,0
Centrifuge,unified,Centrifuge_unified,ZymoMockD6331,ZymoMockD6331,ont,D6331_Qiagen,53413,53413,                  Xanthomonas axonopodis,Xanthomonas axonopodis,species,0.001992660367645838,fraction_reads,0.0,6,0
Centrifuge,unified,Centrifuge_unified,ZymoMockD6331,ZymoMockD6331,ont,D6331_Qiagen,48664,48664,                  Xanthomonas fragariae,Xanthomonas fragariae,species,0.0013284402450972252,fraction_reads,0.0,4,4
Centrifuge,unified,Centrifuge_unified,ZymoMockD6331,ZymoMockD6331,ont,D6331_Qiagen,56448,56448,                  Xanthomonas arboricola,Xanthomonas arboricola,species,0.0013284402450972252,fraction_reads,0.0,4,0
Centrifuge,unified,Centrifuge_unified,ZymoMockD6331,ZymoMockD6331,ont,D6331_Qiagen,56458,56458,                  Xanthomonas sacchari,Xanthomonas sacchari,species,0.0013284402450972252,fraction_reads,0.0,4,4
Centrifuge,unified,Centrifuge_unified,ZymoMockD6331,ZymoMockD6331,ont,D6331_Qiagen,1985254,1985254,                  Xanthomonas phaseoli,Xanthomonas phaseoli,species,0.0006642201225486126,fraction_reads,0.0,2,0
Centrifuge,unified,Centrifuge_unified,ZymoMockD6331,ZymoMockD6331,ont,D6331_Qiagen,3160841,3160841,                    Xanthomonas sp. DAR 35659,Xanthomonas sp. DAR 35659,species,0.0003321100612743063,fraction_reads,0.0,1,1
Centrifuge,unified,Centrifuge_unified,ZymoMockD6331,ZymoMockD6331,ont,D6331_Qiagen,3160842,3160842,                    Xanthomonas sp. DAR 80977,Xanthomonas sp. DAR 80977,species,0.0003321100612743063,fraction_reads,0.0,1,1
Centrifuge,unified,Centrifuge_unified,ZymoMockD6331,ZymoMockD6331,ont,D6331_Qiagen,2775159,2775159,                  Xanthomonas hydrangeae,Xanthomonas hydrangeae,species,0.0006642201225486126,fraction_reads,0.0,2,2
Centrifuge,unified,Centrifuge_unified,ZymoMockD6331,ZymoMockD6331,ont,D6331_Qiagen,456327,456327,                  Xanthomonas euvesicatoria,Xanthomonas euvesicatoria,species,0.0003321100612743063,fraction_reads,0.0,1,0
Centrifuge,unified,Centrifuge_unified,ZymoMockD6331,ZymoMockD6331,ont,D6331_Qiagen,3051119,3051119,                    Stenotrophomonas sp. 57,Stenotrophomonas sp. 57,species,0.005977981102937513,fraction_reads,0.01,18,18
Centrifuge,unified,Centrifuge_unified,ZymoMockD6331,ZymoMockD6331,ont,D6331_Qiagen,128780,128780,                  Stenotrophomonas acidaminiphila,Stenotrophomonas acidaminiphila,species,0.0029889905514687565,fraction_reads,0.0,9,9
Centrifuge,unified,Centrifuge_unified,ZymoMockD6331,ZymoMockD6331,ont,D6331_Qiagen,216778,216778,                  Stenotrophomonas rhizophila,Stenotrophomonas rhizophila,species,0.0003321100612743063,fraction_reads,0.0,1,1
Centrifuge,unified,Centrifuge_unified,ZymoMockD6331,ZymoMockD6331,ont,D6331_Qiagen,995085,995085,                  Stenotrophomonas maltophilia group,Stenotrophomonas maltophilia group,species,0.0003321100612743063,fraction_reads,0.0,1,0
Centrifuge,unified,Centrifuge_unified,ZymoMockD6331,ZymoMockD6331,ont,D6331_Qiagen,2871169,2871169,                    Stenotrophomonas forensis,Stenotrophomonas forensis,species,0.0003321100612743063,fraction_reads,0.0,1,1
Centrifuge,unified,Centrifuge_unified,ZymoMockD6331,ZymoMockD6331,ont,D6331_Qiagen,2904253,2904253,                    Lysobacter sp. 5GHs7-4,Lysobacter sp. 5GHs7-4,species,0.0003321100612743063,fraction_reads,0.0,1,1
Centrifuge,unified,Centrifuge_unified,ZymoMockD6331,ZymoMockD6331,ont,D6331_Qiagen,3140250,3140250,                    Lysobacter sp. FW306-1B-D06B,Lysobacter sp. FW306-1B-D06B,species,0.0003321100612743063,fraction_reads,0.0,1,1
Centrifuge,unified,Centrifuge_unified,ZymoMockD6331,ZymoMockD6331,ont,D6331_Qiagen,2006110,2006110,                  Luteimonas chenhongjianii,Luteimonas chenhongjianii,species,0.0003321100612743063,fraction_reads,0.0,1,1
Centrifuge,unified,Centrifuge_unified,ZymoMockD6331,ZymoMockD6331,ont,D6331_Qiagen,2508168,2508168,                    Luteimonas sp. YGD11-2,Luteimonas sp. YGD11-2,species,0.0003321100612743063,fraction_reads,0.0,1,1
Centrifuge,unified,Centrifuge_unified,ZymoMockD6331,ZymoMockD6331,ont,D6331_Qiagen,69284,69284,                  Pseudoxanthomonas japonensis,Pseudoxanthomonas japonensis,species,0.0003321100612743063,fraction_reads,0.0,1,1
Centrifuge,unified,Centrifuge_unified,ZymoMockD6331,ZymoMockD6331,ont,D6331_Qiagen,2021234,2021234,                  Ahniella affigens,Ahniella affigens,species,0.0003321100612743063,fraction_reads,0.0,1,1
Centrifuge,unified,Centrifuge_unified,ZymoMockD6331,ZymoMockD6331,ont,D6331_Qiagen,136842,136842,                  Pseudomonas chlororaphis group,Pseudomonas chlororaphis group,species,5.097225220438053,fraction_reads,5.1,15348,0
Centrifuge,unified,Centrifuge_unified,ZymoMockD6331,ZymoMockD6331,ont,D6331_Qiagen,587753,587753,                    Pseudomonas chlororaphis,Pseudomonas chlororaphis,species,5.097225220438053,fraction_reads,5.1,15348,15336
Centrifuge,unified,Centrifuge_unified,ZymoMockD6331,ZymoMockD6331,ont,D6331_Qiagen,136841,136841,                  Pseudomonas aeruginosa group,Pseudomonas aeruginosa group,species,0.03287889606615633,fraction_reads,0.03,99,0
Centrifuge,unified,Centrifuge_unified,ZymoMockD6331,ZymoMockD6331,ont,D6331_Qiagen,287,287,                    Pseudomonas aeruginosa,Pseudomonas aeruginosa,species,0.0315504558210591,fraction_reads,0.03,95,94
Centrifuge,unified,Centrifuge_unified,ZymoMockD6331,ZymoMockD6331,ont,D6331_Qiagen,53406,53406,                    Pseudomonas anguilliseptica,Pseudomonas anguilliseptica,species,0.0006642201225486126,fraction_reads,0.0,2,2
Centrifuge,unified,Centrifuge_unified,ZymoMockD6331,ZymoMockD6331,ont,D6331_Qiagen,53408,53408,                    Pseudomonas citronellolis,Pseudomonas citronellolis,species,0.0006642201225486126,fraction_reads,0.0,2,2
Centrifuge,unified,Centrifuge_unified,ZymoMockD6331,ZymoMockD6331,ont,D6331_Qiagen,136843,136843,                  Pseudomonas fluorescens group,Pseudomonas fluorescens group,species,0.005977981102937513,fraction_reads,0.01,18,0
Centrifuge,unified,Centrifuge_unified,ZymoMockD6331,ZymoMockD6331,ont,D6331_Qiagen,47878,47878,                    Pseudomonas azotoformans,Pseudomonas azotoformans,species,0.0036532106740173693,fraction_reads,0.0,11,11
Centrifuge,unified,Centrifuge_unified,ZymoMockD6331,ZymoMockD6331,ont,D6331_Qiagen,29442,29442,                    Pseudomonas tolaasii,Pseudomonas tolaasii,species,0.0006642201225486126,fraction_reads,0.0,2,2
Centrifuge,unified,Centrifuge_unified,ZymoMockD6331,ZymoMockD6331,ont,D6331_Qiagen,76760,76760,                    Pseudomonas rhodesiae,Pseudomonas rhodesiae,species,0.0006642201225486126,fraction_reads,0.0,2,2
Centrifuge,unified,Centrifuge_unified,ZymoMockD6331,ZymoMockD6331,ont,D6331_Qiagen,294,294,                    Pseudomonas fluorescens,Pseudomonas fluorescens,species,0.0003321100612743063,fraction_reads,0.0,1,1
Centrifuge,unified,Centrifuge_unified,ZymoMockD6331,ZymoMockD6331,ont,D6331_Qiagen,47879,47879,                    Pseudomonas corrugata,Pseudomonas corrugata,species,0.0003321100612743063,fraction_reads,0.0,1,1
Centrifuge,unified,Centrifuge_unified,ZymoMockD6331,ZymoMockD6331,ont,D6331_Qiagen,78543,78543,                    Pseudomonas migulae,Pseudomonas migulae,species,0.0003321100612743063,fraction_reads,0.0,1,1
Centrifuge,unified,Centrifuge_unified,ZymoMockD6331,ZymoMockD6331,ont,D6331_Qiagen,3087234,3087234,                    Pseudomonas sp. MUP55,Pseudomonas sp. MUP55,species,0.0016605503063715317,fraction_reads,0.0,5,5
Centrifuge,unified,Centrifuge_unified,ZymoMockD6331,ZymoMockD6331,ont,D6331_Qiagen,2479392,2479392,                    Pseudomonas sp. LTJR-52,Pseudomonas sp. LTJR-52,species,0.000996330183822919,fraction_reads,0.0,3,3
Centrifuge,unified,Centrifuge_unified,ZymoMockD6331,ZymoMockD6331,ont,D6331_Qiagen,3020907,3020907,                    Pseudomonas sp. JBR1,Pseudomonas sp. JBR1,species,0.0006642201225486126,fraction_reads,0.0,2,2
Centrifuge,unified,Centrifuge_unified,ZymoMockD6331,ZymoMockD6331,ont,D6331_Qiagen,3048620,3048620,                    Pseudomonas sp. CCI4.2,Pseudomonas sp. CCI4.2,species,0.0006642201225486126,fraction_reads,0.0,2,2
Centrifuge,unified,Centrifuge_unified,ZymoMockD6331,ZymoMockD6331,ont,D6331_Qiagen,3048627,3048627,                    Pseudomonas sp. MH10,Pseudomonas sp. MH10,species,0.0006642201225486126,fraction_reads,0.0,2,2
Centrifuge,unified,Centrifuge_unified,ZymoMockD6331,ZymoMockD6331,ont,D6331_Qiagen,2083055,2083055,                    Pseudomonas sp. LH1G9,Pseudomonas sp. LH1G9,species,0.0003321100612743063,fraction_reads,0.0,1,1
Centrifuge,unified,Centrifuge_unified,ZymoMockD6331,ZymoMockD6331,ont,D6331_Qiagen,2320270,2320270,                    Pseudomonas sp. DG56-2,Pseudomonas sp. DG56-2,species,0.0003321100612743063,fraction_reads,0.0,1,1
Centrifuge,unified,Centrifuge_unified,ZymoMockD6331,ZymoMockD6331,ont,D6331_Qiagen,2920387,2920387,                    Pseudomonas sp. LS.1a,Pseudomonas sp. LS.1a,species,0.0003321100612743063,fraction_reads,0.0,1,1
Centrifuge,unified,Centrifuge_unified,ZymoMockD6331,ZymoMockD6331,ont,D6331_Qiagen,3235112,3235112,                    Pseudomonas sp. B26140,Pseudomonas sp. B26140,species,0.0003321100612743063,fraction_reads,0.0,1,1
Centrifuge,unified,Centrifuge_unified,ZymoMockD6331,ZymoMockD6331,ont,D6331_Qiagen,2565368,2565368,                  Pseudomonas atacamensis,Pseudomonas atacamensis,species,0.005645871041663207,fraction_reads,0.01,17,17
Centrifuge,unified,Centrifuge_unified,ZymoMockD6331,ZymoMockD6331,ont,D6331_Qiagen,136845,136845,                  Pseudomonas putida group,Pseudomonas putida group,species,0.0026568804901944505,fraction_reads,0.0,8,0
Centrifuge,unified,Centrifuge_unified,ZymoMockD6331,ZymoMockD6331,ont,D6331_Qiagen,303,303,                    Pseudomonas putida,Pseudomonas putida,species,0.002324770428920144,fraction_reads,0.0,7,7
Centrifuge,unified,Centrifuge_unified,ZymoMockD6331,ZymoMockD6331,ont,D6331_Qiagen,47880,47880,                    Pseudomonas fulva,Pseudomonas fulva,species,0.0003321100612743063,fraction_reads,0.0,1,1
Centrifuge,unified,Centrifuge_unified,ZymoMockD6331,ZymoMockD6331,ont,D6331_Qiagen,136849,136849,                  Pseudomonas syringae group,Pseudomonas syringae group,species,0.000996330183822919,fraction_reads,0.0,3,0
Centrifuge,unified,Centrifuge_unified,ZymoMockD6331,ZymoMockD6331,ont,D6331_Qiagen,251698,251698,                    Pseudomonas syringae group genomosp. 2,Pseudomonas syringae group genomosp. 2,species,0.0003321100612743063,fraction_reads,0.0,1,0
Centrifuge,unified,Centrifuge_unified,ZymoMockD6331,ZymoMockD6331,ont,D6331_Qiagen,29438,29438,                      Pseudomonas savastanoi,Pseudomonas savastanoi,species,0.0003321100612743063,fraction_reads,0.0,1,1
Centrifuge,unified,Centrifuge_unified,ZymoMockD6331,ZymoMockD6331,ont,D6331_Qiagen,251701,251701,                    Pseudomonas syringae group genomosp. 3,Pseudomonas syringae group genomosp. 3,species,0.0003321100612743063,fraction_reads,0.0,1,0
Centrifuge,unified,Centrifuge_unified,ZymoMockD6331,ZymoMockD6331,ont,D6331_Qiagen,2995658,2995658,                    Pseudomonas lijiangensis,Pseudomonas lijiangensis,species,0.0003321100612743063,fraction_reads,0.0,1,1
Centrifuge,unified,Centrifuge_unified,ZymoMockD6331,ZymoMockD6331,ont,D6331_Qiagen,2219225,2219225,                  Pseudomonas asiatica,Pseudomonas asiatica,species,0.000996330183822919,fraction_reads,0.0,3,3
Centrifuge,unified,Centrifuge_unified,ZymoMockD6331,ZymoMockD6331,ont,D6331_Qiagen,2316085,2316085,                  Pseudomonas bubulae,Pseudomonas bubulae,species,0.0006642201225486126,fraction_reads,0.0,2,2
Centrifuge,unified,Centrifuge_unified,ZymoMockD6331,ZymoMockD6331,ont,D6331_Qiagen,47886,47886,                  Pseudomonas luteola,Pseudomonas luteola,species,0.0003321100612743063,fraction_reads,0.0,1,1
Centrifuge,unified,Centrifuge_unified,ZymoMockD6331,ZymoMockD6331,ont,D6331_Qiagen,289370,289370,                  Pseudomonas argentinensis,Pseudomonas argentinensis,species,0.0003321100612743063,fraction_reads,0.0,1,1
Centrifuge,unified,Centrifuge_unified,ZymoMockD6331,ZymoMockD6331,ont,D6331_Qiagen,2599595,2599595,                  Pseudomonas eucalypticola,Pseudomonas eucalypticola,species,0.0003321100612743063,fraction_reads,0.0,1,1
Centrifuge,unified,Centrifuge_unified,ZymoMockD6331,ZymoMockD6331,ont,D6331_Qiagen,2726956,2726956,                  Pseudomonas berkeleyensis,Pseudomonas berkeleyensis,species,0.0003321100612743063,fraction_reads,0.0,1,1
Centrifuge,unified,Centrifuge_unified,ZymoMockD6331,ZymoMockD6331,ont,D6331_Qiagen,353,353,                    Azotobacter chroococcum,Azotobacter chroococcum,species,0.0003321100612743063,fraction_reads,0.0,1,1
Centrifuge,unified,Centrifuge_unified,ZymoMockD6331,ZymoMockD6331,ont,D6331_Qiagen,136846,136846,                  Stutzerimonas stutzeri group,Stutzerimonas stutzeri group,species,0.0003321100612743063,fraction_reads,0.0,1,0
Centrifuge,unified,Centrifuge_unified,ZymoMockD6331,ZymoMockD6331,ont,D6331_Qiagen,578833,578833,                    Stutzerimonas stutzeri subgroup,Stutzerimonas stutzeri subgroup,species,0.0003321100612743063,fraction_reads,0.0,1,1
Centrifuge,unified,Centrifuge_unified,ZymoMockD6331,ZymoMockD6331,ont,D6331_Qiagen,319939,319939,                  Metapseudomonas otitidis,Metapseudomonas otitidis,species,0.0003321100612743063,fraction_reads,0.0,1,1
Centrifuge,unified,Centrifuge_unified,ZymoMockD6331,ZymoMockD6331,ont,D6331_Qiagen,3158548,3158548,                    Marinobacter sp. MMG032,Marinobacter sp. MMG032,species,0.0003321100612743063,fraction_reads,0.0,1,1
Centrifuge,unified,Centrifuge_unified,ZymoMockD6331,ZymoMockD6331,ont,D6331_Qiagen,562,562,                  Escherichia coli,Escherichia coli,species,2.590126367878315,fraction_reads,2.59,7799,7381
Centrifuge,unified,Centrifuge_unified,ZymoMockD6331,ZymoMockD6331,ont,D6331_Qiagen,564,564,                  Escherichia fergusonii,Escherichia fergusonii,species,0.021255043921555604,fraction_reads,0.02,64,63
Centrifuge,unified,Centrifuge_unified,ZymoMockD6331,ZymoMockD6331,ont,D6331_Qiagen,208962,208962,                  Escherichia albertii,Escherichia albertii,species,0.011955962205875026,fraction_reads,0.01,36,36
Centrifuge,unified,Centrifuge_unified,ZymoMockD6331,ZymoMockD6331,ont,D6331_Qiagen,2044467,2044467,                    Escherichia sp. E4742,Escherichia sp. E4742,species,0.0026568804901944505,fraction_reads,0.0,8,8
Centrifuge,unified,Centrifuge_unified,ZymoMockD6331,ZymoMockD6331,ont,D6331_Qiagen,1849427,1849427,                    Escherichia sp. F1,Escherichia sp. F1,species,0.0003321100612743063,fraction_reads,0.0,1,1
Centrifuge,unified,Centrifuge_unified,ZymoMockD6331,ZymoMockD6331,ont,D6331_Qiagen,2509662,2509662,                    Escherichia sp. HH091_1A,Escherichia sp. HH091_1A,species,0.0003321100612743063,fraction_reads,0.0,1,1
Centrifuge,unified,Centrifuge_unified,ZymoMockD6331,ZymoMockD6331,ont,D6331_Qiagen,1499973,1499973,                  Escherichia marmotae,Escherichia marmotae,species,0.001992660367645838,fraction_reads,0.0,6,6
Centrifuge,unified,Centrifuge_unified,ZymoMockD6331,ZymoMockD6331,ont,D6331_Qiagen,1134687,1134687,                    Klebsiella michiganensis,Klebsiella michiganensis,species,1.3460420783447633,fraction_reads,1.35,4053,4053
Centrifuge,unified,Centrifuge_unified,ZymoMockD6331,ZymoMockD6331,ont,D6331_Qiagen,3390273,3390273,                    Klebsiella pneumoniae complex,Klebsiella pneumoniae complex,species,0.2105577788479102,fraction_reads,0.21,634,7
Centrifuge,unified,Centrifuge_unified,ZymoMockD6331,ZymoMockD6331,ont,D6331_Qiagen,573,573,                      Klebsiella pneumoniae,Klebsiella pneumoniae,species,0.17568622241410803,fraction_reads,0.18,529,485
Centrifuge,unified,Centrifuge_unified,ZymoMockD6331,ZymoMockD6331,ont,D6331_Qiagen,1463165,1463165,                      Klebsiella quasipneumoniae,Klebsiella quasipneumoniae,species,0.02856146526959034,fraction_reads,0.03,86,82
Centrifuge,unified,Centrifuge_unified,ZymoMockD6331,ZymoMockD6331,ont,D6331_Qiagen,244366,244366,                      Klebsiella variicola,Klebsiella variicola,species,0.003985320735291676,fraction_reads,0.0,12,6
Centrifuge,unified,Centrifuge_unified,ZymoMockD6331,ZymoMockD6331,ont,D6331_Qiagen,571,571,                    Klebsiella oxytoca,Klebsiella oxytoca,species,0.002324770428920144,fraction_reads,0.0,7,7
Centrifuge,unified,Centrifuge_unified,ZymoMockD6331,ZymoMockD6331,ont,D6331_Qiagen,2675718,2675718,                      Klebsiella sp. WP7-S18-ESBL-04,Klebsiella sp. WP7-S18-ESBL-04,species,0.0006642201225486126,fraction_reads,0.0,2,2
Centrifuge,unified,Centrifuge_unified,ZymoMockD6331,ZymoMockD6331,ont,D6331_Qiagen,2742649,2742649,                      Klebsiella sp. RHBSTW-00464,Klebsiella sp. RHBSTW-00464,species,0.0006642201225486126,fraction_reads,0.0,2,2
Centrifuge,unified,Centrifuge_unified,ZymoMockD6331,ZymoMockD6331,ont,D6331_Qiagen,2829835,2829835,                      Klebsiella sp. P1954,Klebsiella sp. P1954,species,0.0006642201225486126,fraction_reads,0.0,2,2
Centrifuge,unified,Centrifuge_unified,ZymoMockD6331,ZymoMockD6331,ont,D6331_Qiagen,3233339,3233339,                      Klebsiella sp. Shm-1,Klebsiella sp. Shm-1,species,0.0003321100612743063,fraction_reads,0.0,1,1
Centrifuge,unified,Centrifuge_unified,ZymoMockD6331,ZymoMockD6331,ont,D6331_Qiagen,548,548,                    Klebsiella aerogenes,Klebsiella aerogenes,species,0.0013284402450972252,fraction_reads,0.0,4,4
Centrifuge,unified,Centrifuge_unified,ZymoMockD6331,ZymoMockD6331,ont,D6331_Qiagen,2058152,2058152,                    Klebsiella grimontii,Klebsiella grimontii,species,0.0003321100612743063,fraction_reads,0.0,1,1
Centrifuge,unified,Centrifuge_unified,ZymoMockD6331,ZymoMockD6331,ont,D6331_Qiagen,54291,54291,                    Raoultella ornithinolytica,Raoultella ornithinolytica,species,0.0026568804901944505,fraction_reads,0.0,8,8
Centrifuge,unified,Centrifuge_unified,ZymoMockD6331,ZymoMockD6331,ont,D6331_Qiagen,575,575,                    Raoultella planticola,Raoultella planticola,species,0.0006642201225486126,fraction_reads,0.0,2,2
Centrifuge,unified,Centrifuge_unified,ZymoMockD6331,ZymoMockD6331,ont,D6331_Qiagen,577,577,                    Raoultella terrigena,Raoultella terrigena,species,0.0003321100612743063,fraction_reads,0.0,1,1
Centrifuge,unified,Centrifuge_unified,ZymoMockD6331,ZymoMockD6331,ont,D6331_Qiagen,623,623,                  Shigella flexneri,Shigella flexneri,species,0.03952109729164245,fraction_reads,0.04,119,110
Centrifuge,unified,Centrifuge_unified,ZymoMockD6331,ZymoMockD6331,ont,D6331_Qiagen,622,622,                  Shigella dysenteriae,Shigella dysenteriae,species,0.03354311618870494,fraction_reads,0.03,101,99
Centrifuge,unified,Centrifuge_unified,ZymoMockD6331,ZymoMockD6331,ont,D6331_Qiagen,624,624,                  Shigella sonnei,Shigella sonnei,species,0.02690091496321881,fraction_reads,0.03,81,80
Centrifuge,unified,Centrifuge_unified,ZymoMockD6331,ZymoMockD6331,ont,D6331_Qiagen,621,621,                  Shigella boydii,Shigella boydii,species,0.011291742083326414,fraction_reads,0.01,34,31
Centrifuge,unified,Centrifuge_unified,ZymoMockD6331,ZymoMockD6331,ont,D6331_Qiagen,28901,28901,                  Salmonella enterica,Salmonella enterica,species,0.10793576991414955,fraction_reads,0.11,325,152
Centrifuge,unified,Centrifuge_unified,ZymoMockD6331,ZymoMockD6331,ont,D6331_Qiagen,1344959,1344959,                  Citrobacter freundii complex,Citrobacter freundii complex,species,0.04682751863967719,fraction_reads,0.05,141,0
Centrifuge,unified,Centrifuge_unified,ZymoMockD6331,ZymoMockD6331,ont,D6331_Qiagen,546,546,                    Citrobacter freundii,Citrobacter freundii,species,0.019594493615184075,fraction_reads,0.02,59,59
Centrifuge,unified,Centrifuge_unified,ZymoMockD6331,ZymoMockD6331,ont,D6331_Qiagen,1748967,1748967,                    Citrobacter cronae,Citrobacter cronae,species,0.009299081715680576,fraction_reads,0.01,28,28
Centrifuge,unified,Centrifuge_unified,ZymoMockD6331,ZymoMockD6331,ont,D6331_Qiagen,1639133,1639133,                    Citrobacter portucalensis,Citrobacter portucalensis,species,0.00896697165440627,fraction_reads,0.01,27,27
Centrifuge,unified,Centrifuge_unified,ZymoMockD6331,ZymoMockD6331,ont,D6331_Qiagen,57706,57706,                    Citrobacter braakii,Citrobacter braakii,species,0.005977981102937513,fraction_reads,0.01,18,18
Centrifuge,unified,Centrifuge_unified,ZymoMockD6331,ZymoMockD6331,ont,D6331_Qiagen,67827,67827,                    Citrobacter werkmanii,Citrobacter werkmanii,species,0.002324770428920144,fraction_reads,0.0,7,7
Centrifuge,unified,Centrifuge_unified,ZymoMockD6331,ZymoMockD6331,ont,D6331_Qiagen,2077148,2077148,                      Citrobacter freundii complex sp. CFNIH4,Citrobacter freundii complex sp. CFNIH4,species,0.0006642201225486126,fraction_reads,0.0,2,2
Centrifuge,unified,Centrifuge_unified,ZymoMockD6331,ZymoMockD6331,ont,D6331_Qiagen,35703,35703,                  Citrobacter amalonaticus,Citrobacter amalonaticus,species,0.003985320735291676,fraction_reads,0.0,12,11
Centrifuge,unified,Centrifuge_unified,ZymoMockD6331,ZymoMockD6331,ont,D6331_Qiagen,2769343,2769343,                    Citrobacter sp. C1,Citrobacter sp. C1,species,0.000996330183822919,fraction_reads,0.0,3,3
Centrifuge,unified,Centrifuge_unified,ZymoMockD6331,ZymoMockD6331,ont,D6331_Qiagen,2742625,2742625,                    Citrobacter sp. RHB35-C17,Citrobacter sp. RHB35-C17,species,0.0006642201225486126,fraction_reads,0.0,2,2
Centrifuge,unified,Centrifuge_unified,ZymoMockD6331,ZymoMockD6331,ont,D6331_Qiagen,2861802,2861802,                    Citrobacter sp. Colony219,Citrobacter sp. Colony219,species,0.0006642201225486126,fraction_reads,0.0,2,2
Centrifuge,unified,Centrifuge_unified,ZymoMockD6331,ZymoMockD6331,ont,D6331_Qiagen,1703250,1703250,                    Citrobacter sp. CRE-46,Citrobacter sp. CRE-46,species,0.0003321100612743063,fraction_reads,0.0,1,1
Centrifuge,unified,Centrifuge_unified,ZymoMockD6331,ZymoMockD6331,ont,D6331_Qiagen,2742624,2742624,                    Citrobacter sp. RHB25-C09,Citrobacter sp. RHB25-C09,species,0.0003321100612743063,fraction_reads,0.0,1,1
Centrifuge,unified,Centrifuge_unified,ZymoMockD6331,ZymoMockD6331,ont,D6331_Qiagen,2742659,2742659,                    Citrobacter sp. RHBSTW-00667,Citrobacter sp. RHBSTW-00667,species,0.0003321100612743063,fraction_reads,0.0,1,1
Centrifuge,unified,Centrifuge_unified,ZymoMockD6331,ZymoMockD6331,ont,D6331_Qiagen,2742663,2742663,                    Citrobacter sp. RHBSTW-00821,Citrobacter sp. RHBSTW-00821,species,0.0003321100612743063,fraction_reads,0.0,1,1
Centrifuge,unified,Centrifuge_unified,ZymoMockD6331,ZymoMockD6331,ont,D6331_Qiagen,2807631,2807631,                    Citrobacter sp. B72,Citrobacter sp. B72,species,0.0003321100612743063,fraction_reads,0.0,1,1
Centrifuge,unified,Centrifuge_unified,ZymoMockD6331,ZymoMockD6331,ont,D6331_Qiagen,545,545,                  Citrobacter koseri,Citrobacter koseri,species,0.0026568804901944505,fraction_reads,0.0,8,8
Centrifuge,unified,Centrifuge_unified,ZymoMockD6331,ZymoMockD6331,ont,D6331_Qiagen,2894201,2894201,                  Citrobacter meridianamericanus,Citrobacter meridianamericanus,species,0.0026568804901944505,fraction_reads,0.0,8,8
Centrifuge,unified,Centrifuge_unified,ZymoMockD6331,ZymoMockD6331,ont,D6331_Qiagen,67824,67824,                  Citrobacter farmeri,Citrobacter farmeri,species,0.000996330183822919,fraction_reads,0.0,3,3
Centrifuge,unified,Centrifuge_unified,ZymoMockD6331,ZymoMockD6331,ont,D6331_Qiagen,67825,67825,                  Citrobacter rodentium,Citrobacter rodentium,species,0.0003321100612743063,fraction_reads,0.0,1,0
Centrifuge,unified,Centrifuge_unified,ZymoMockD6331,ZymoMockD6331,ont,D6331_Qiagen,2562449,2562449,                  Citrobacter tructae,Citrobacter tructae,species,0.0003321100612743063,fraction_reads,0.0,1,1
Centrifuge,unified,Centrifuge_unified,ZymoMockD6331,ZymoMockD6331,ont,D6331_Qiagen,2971264,2971264,                  Citrobacter enshiensis,Citrobacter enshiensis,species,0.0003321100612743063,fraction_reads,0.0,1,1
Centrifuge,unified,Centrifuge_unified,ZymoMockD6331,ZymoMockD6331,ont,D6331_Qiagen,354276,354276,                  Enterobacter cloacae complex,Enterobacter cloacae complex,species,0.04882017900732303,fraction_reads,0.05,147,0
Centrifuge,unified,Centrifuge_unified,ZymoMockD6331,ZymoMockD6331,ont,D6331_Qiagen,158836,158836,                    Enterobacter hormaechei,Enterobacter hormaechei,species,0.031218345759784792,fraction_reads,0.03,94,76
Centrifuge,unified,Centrifuge_unified,ZymoMockD6331,ZymoMockD6331,ont,D6331_Qiagen,1812935,1812935,                    Enterobacter roggenkampii,Enterobacter roggenkampii,species,0.004649540857840288,fraction_reads,0.0,14,14
Centrifuge,unified,Centrifuge_unified,ZymoMockD6331,ZymoMockD6331,ont,D6331_Qiagen,61645,61645,                    Enterobacter asburiae,Enterobacter asburiae,species,0.0029889905514687565,fraction_reads,0.0,9,9
Centrifuge,unified,Centrifuge_unified,ZymoMockD6331,ZymoMockD6331,ont,D6331_Qiagen,208224,208224,                    Enterobacter kobei,Enterobacter kobei,species,0.0029889905514687565,fraction_reads,0.0,9,9
Centrifuge,unified,Centrifuge_unified,ZymoMockD6331,ZymoMockD6331,ont,D6331_Qiagen,299767,299767,                    Enterobacter ludwigii,Enterobacter ludwigii,species,0.0026568804901944505,fraction_reads,0.0,8,8
Centrifuge,unified,Centrifuge_unified,ZymoMockD6331,ZymoMockD6331,ont,D6331_Qiagen,550,550,                    Enterobacter cloacae,Enterobacter cloacae,species,0.0016605503063715317,fraction_reads,0.0,5,5
Centrifuge,unified,Centrifuge_unified,ZymoMockD6331,ZymoMockD6331,ont,D6331_Qiagen,3073865,3073865,                      Enterobacter cloacae complex sp. EB5,Enterobacter cloacae complex sp. EB5,species,0.0016605503063715317,fraction_reads,0.0,5,5
Centrifuge,unified,Centrifuge_unified,ZymoMockD6331,ZymoMockD6331,ont,D6331_Qiagen,69218,69218,                    Enterobacter cancerogenus,Enterobacter cancerogenus,species,0.0003321100612743063,fraction_reads,0.0,1,1
Centrifuge,unified,Centrifuge_unified,ZymoMockD6331,ZymoMockD6331,ont,D6331_Qiagen,2071710,2071710,                    Enterobacter sichuanensis,Enterobacter sichuanensis,species,0.0003321100612743063,fraction_reads,0.0,1,1
Centrifuge,unified,Centrifuge_unified,ZymoMockD6331,ZymoMockD6331,ont,D6331_Qiagen,2497875,2497875,                    Enterobacter chuandaensis,Enterobacter chuandaensis,species,0.0003321100612743063,fraction_reads,0.0,1,1
Centrifuge,unified,Centrifuge_unified,ZymoMockD6331,ZymoMockD6331,ont,D6331_Qiagen,2831890,2831890,                    Enterobacter sp. JBIWA003,Enterobacter sp. JBIWA003,species,0.0006642201225486126,fraction_reads,0.0,2,2
Centrifuge,unified,Centrifuge_unified,ZymoMockD6331,ZymoMockD6331,ont,D6331_Qiagen,2051905,2051905,                    Enterobacter sp. CRENT-193,Enterobacter sp. CRENT-193,species,0.0003321100612743063,fraction_reads,0.0,1,1
Centrifuge,unified,Centrifuge_unified,ZymoMockD6331,ZymoMockD6331,ont,D6331_Qiagen,2866201,2866201,                    Enterobacter sp. Colony194,Enterobacter sp. Colony194,species,0.0003321100612743063,fraction_reads,0.0,1,1
Centrifuge,unified,Centrifuge_unified,ZymoMockD6331,ZymoMockD6331,ont,D6331_Qiagen,2870346,2870346,                    Enterobacter sp. C2,Enterobacter sp. C2,species,0.0003321100612743063,fraction_reads,0.0,1,1
Centrifuge,unified,Centrifuge_unified,ZymoMockD6331,ZymoMockD6331,ont,D6331_Qiagen,2894203,2894203,                    Enterobacter sp. AN-K1,Enterobacter sp. AN-K1,species,0.0003321100612743063,fraction_reads,0.0,1,1
Centrifuge,unified,Centrifuge_unified,ZymoMockD6331,ZymoMockD6331,ont,D6331_Qiagen,2996112,2996112,                  Enterobacter pseudoroggenkampii,Enterobacter pseudoroggenkampii,species,0.001992660367645838,fraction_reads,0.0,6,6
Centrifuge,unified,Centrifuge_unified,ZymoMockD6331,ZymoMockD6331,ont,D6331_Qiagen,881260,881260,                  Enterobacter bugandensis,Enterobacter bugandensis,species,0.0006642201225486126,fraction_reads,0.0,2,2
Centrifuge,unified,Centrifuge_unified,ZymoMockD6331,ZymoMockD6331,ont,D6331_Qiagen,2494702,2494702,                  Enterobacter huaxiensis,Enterobacter huaxiensis,species,0.0006642201225486126,fraction_reads,0.0,2,2
Centrifuge,unified,Centrifuge_unified,ZymoMockD6331,ZymoMockD6331,ont,D6331_Qiagen,885040,885040,                  Enterobacter soli,Enterobacter soli,species,0.0003321100612743063,fraction_reads,0.0,1,1
Centrifuge,unified,Centrifuge_unified,ZymoMockD6331,ZymoMockD6331,ont,D6331_Qiagen,28141,28141,                  Cronobacter sakazakii,Cronobacter sakazakii,species,0.005977981102937513,fraction_reads,0.01,18,17
Centrifuge,unified,Centrifuge_unified,ZymoMockD6331,ZymoMockD6331,ont,D6331_Qiagen,413503,413503,                  Cronobacter malonaticus,Cronobacter malonaticus,species,0.002324770428920144,fraction_reads,0.0,7,6
Centrifuge,unified,Centrifuge_unified,ZymoMockD6331,ZymoMockD6331,ont,D6331_Qiagen,413497,413497,                  Cronobacter dublinensis,Cronobacter dublinensis,species,0.000996330183822919,fraction_reads,0.0,3,2
Centrifuge,unified,Centrifuge_unified,ZymoMockD6331,ZymoMockD6331,ont,D6331_Qiagen,1163710,1163710,                  Cronobacter condimenti,Cronobacter condimenti,species,0.0003321100612743063,fraction_reads,0.0,1,0
Centrifuge,unified,Centrifuge_unified,ZymoMockD6331,ZymoMockD6331,ont,D6331_Qiagen,83655,83655,                  Leclercia adecarboxylata,Leclercia adecarboxylata,species,0.003985320735291676,fraction_reads,0.0,12,12
Centrifuge,unified,Centrifuge_unified,ZymoMockD6331,ZymoMockD6331,ont,D6331_Qiagen,1920116,1920116,                    Leclercia sp. LSNIH3,Leclercia sp. LSNIH3,species,0.0006642201225486126,fraction_reads,0.0,2,2
Centrifuge,unified,Centrifuge_unified,ZymoMockD6331,ZymoMockD6331,ont,D6331_Qiagen,2815358,2815358,                  Leclercia pneumoniae,Leclercia pneumoniae,species,0.0003321100612743063,fraction_reads,0.0,1,1
Centrifuge,unified,Centrifuge_unified,ZymoMockD6331,ZymoMockD6331,ont,D6331_Qiagen,395631,395631,                  Phytobacter diazotrophicus,Phytobacter diazotrophicus,species,0.0006642201225486126,fraction_reads,0.0,2,2
Centrifuge,unified,Centrifuge_unified,ZymoMockD6331,ZymoMockD6331,ont,D6331_Qiagen,1972431,1972431,                  Phytobacter ursingii,Phytobacter ursingii,species,0.0003321100612743063,fraction_reads,0.0,1,1
Centrifuge,unified,Centrifuge_unified,ZymoMockD6331,ZymoMockD6331,ont,D6331_Qiagen,2067958,2067958,                    Kosakonia sp. MUSA4,Kosakonia sp. MUSA4,species,0.0006642201225486126,fraction_reads,0.0,2,2
Centrifuge,unified,Centrifuge_unified,ZymoMockD6331,ZymoMockD6331,ont,D6331_Qiagen,2725560,2725560,                    Kosakonia sp. SMBL-WEM22,Kosakonia sp. SMBL-WEM22,species,0.0003321100612743063,fraction_reads,0.0,1,1
Centrifuge,unified,Centrifuge_unified,ZymoMockD6331,ZymoMockD6331,ont,D6331_Qiagen,551989,551989,                  Kosakonia arachidis,Kosakonia arachidis,species,0.0003321100612743063,fraction_reads,0.0,1,1
Centrifuge,unified,Centrifuge_unified,ZymoMockD6331,ZymoMockD6331,ont,D6331_Qiagen,1646340,1646340,                  Kosakonia pseudosacchari,Kosakonia pseudosacchari,species,0.0003321100612743063,fraction_reads,0.0,1,1
Centrifuge,unified,Centrifuge_unified,ZymoMockD6331,ZymoMockD6331,ont,D6331_Qiagen,158823,158823,                  Cedecea lapagei,Cedecea lapagei,species,0.0006642201225486126,fraction_reads,0.0,2,2
Centrifuge,unified,Centrifuge_unified,ZymoMockD6331,ZymoMockD6331,ont,D6331_Qiagen,158822,158822,                  Cedecea neteri,Cedecea neteri,species,0.0003321100612743063,fraction_reads,0.0,1,1
Centrifuge,unified,Centrifuge_unified,ZymoMockD6331,ZymoMockD6331,ont,D6331_Qiagen,51288,51288,                  Kluyvera ascorbata,Kluyvera ascorbata,species,0.0003321100612743063,fraction_reads,0.0,1,1
Centrifuge,unified,Centrifuge_unified,ZymoMockD6331,ZymoMockD6331,ont,D6331_Qiagen,61648,61648,                  Kluyvera intermedia,Kluyvera intermedia,species,0.0003321100612743063,fraction_reads,0.0,1,1
Centrifuge,unified,Centrifuge_unified,ZymoMockD6331,ZymoMockD6331,ont,D6331_Qiagen,1398493,1398493,                  Pseudocitrobacter faecalis,Pseudocitrobacter faecalis,species,0.0006642201225486126,fraction_reads,0.0,2,2
Centrifuge,unified,Centrifuge_unified,ZymoMockD6331,ZymoMockD6331,ont,D6331_Qiagen,2047724,2047724,                  Franconibacter daqui,Franconibacter daqui,species,0.0006642201225486126,fraction_reads,0.0,2,2
Centrifuge,unified,Centrifuge_unified,ZymoMockD6331,ZymoMockD6331,ont,D6331_Qiagen,703,703,                  Plesiomonas shigelloides,Plesiomonas shigelloides,species,0.0003321100612743063,fraction_reads,0.0,1,1
Centrifuge,unified,Centrifuge_unified,ZymoMockD6331,ZymoMockD6331,ont,D6331_Qiagen,2864218,2864218,                    Candidatus Profftia sp. (ex Adelges kitamiensis),Candidatus Profftia sp. (ex Adelges kitamiensis),species,0.0003321100612743063,fraction_reads,0.0,1,1
Centrifuge,unified,Centrifuge_unified,ZymoMockD6331,ZymoMockD6331,ont,D6331_Qiagen,61647,61647,                  Pluralibacter gergoviae,Pluralibacter gergoviae,species,0.0003321100612743063,fraction_reads,0.0,1,1
Centrifuge,unified,Centrifuge_unified,ZymoMockD6331,ZymoMockD6331,ont,D6331_Qiagen,563,563,                  Shimwellia blattae,Shimwellia blattae,species,0.0003321100612743063,fraction_reads,0.0,1,1
Centrifuge,unified,Centrifuge_unified,ZymoMockD6331,ZymoMockD6331,ont,D6331_Qiagen,565,565,                  Atlantibacter hermannii,Atlantibacter hermannii,species,0.0003321100612743063,fraction_reads,0.0,1,1
Centrifuge,unified,Centrifuge_unified,ZymoMockD6331,ZymoMockD6331,ont,D6331_Qiagen,1649845,1649845,                  Yersinia pseudotuberculosis complex,Yersinia pseudotuberculosis complex,species,0.021587153982829912,fraction_reads,0.02,65,0
Centrifuge,unified,Centrifuge_unified,ZymoMockD6331,ZymoMockD6331,ont,D6331_Qiagen,633,633,                    Yersinia pseudotuberculosis,Yersinia pseudotuberculosis,species,0.013948622573520865,fraction_reads,0.01,42,42
Centrifuge,unified,Centrifuge_unified,ZymoMockD6331,ZymoMockD6331,ont,D6331_Qiagen,632,632,                    Yersinia pestis,Yersinia pestis,species,0.0076385314093090455,fraction_reads,0.01,23,8
Centrifuge,unified,Centrifuge_unified,ZymoMockD6331,ZymoMockD6331,ont,D6331_Qiagen,29486,29486,                  Yersinia ruckeri,Yersinia ruckeri,species,0.0029889905514687565,fraction_reads,0.0,9,9
Centrifuge,unified,Centrifuge_unified,ZymoMockD6331,ZymoMockD6331,ont,D6331_Qiagen,2339259,2339259,                  Yersinia hibernica,Yersinia hibernica,species,0.001992660367645838,fraction_reads,0.0,6,6
Centrifuge,unified,Centrifuge_unified,ZymoMockD6331,ZymoMockD6331,ont,D6331_Qiagen,630,630,                  Yersinia enterocolitica,Yersinia enterocolitica,species,0.0016605503063715317,fraction_reads,0.0,5,1
Centrifuge,unified,Centrifuge_unified,ZymoMockD6331,ZymoMockD6331,ont,D6331_Qiagen,33060,33060,                  Yersinia mollaretii,Yersinia mollaretii,species,0.0003321100612743063,fraction_reads,0.0,1,1
Centrifuge,unified,Centrifuge_unified,ZymoMockD6331,ZymoMockD6331,ont,D6331_Qiagen,1604335,1604335,                  Yersinia rochesterensis,Yersinia rochesterensis,species,0.0003321100612743063,fraction_reads,0.0,1,1
Centrifuge,unified,Centrifuge_unified,ZymoMockD6331,ZymoMockD6331,ont,D6331_Qiagen,615,615,                  Serratia marcescens,Serratia marcescens,species,0.01693761312498962,fraction_reads,0.02,51,50
Centrifuge,unified,Centrifuge_unified,ZymoMockD6331,ZymoMockD6331,ont,D6331_Qiagen,300181,300181,                  Serratia ureilytica,Serratia ureilytica,species,0.0013284402450972252,fraction_reads,0.0,4,4
Centrifuge,unified,Centrifuge_unified,ZymoMockD6331,ZymoMockD6331,ont,D6331_Qiagen,2033438,2033438,                    Serratia sp. MYb239,Serratia sp. MYb239,species,0.0003321100612743063,fraction_reads,0.0,1,1
Centrifuge,unified,Centrifuge_unified,ZymoMockD6331,ZymoMockD6331,ont,D6331_Qiagen,2697369,2697369,                    Serratia sp. NGAS9,Serratia sp. NGAS9,species,0.0003321100612743063,fraction_reads,0.0,1,1
Centrifuge,unified,Centrifuge_unified,ZymoMockD6331,ZymoMockD6331,ont,D6331_Qiagen,2831894,2831894,                    Serratia sp. JSRIV002,Serratia sp. JSRIV002,species,0.0003321100612743063,fraction_reads,0.0,1,1
Centrifuge,unified,Centrifuge_unified,ZymoMockD6331,ZymoMockD6331,ont,D6331_Qiagen,82995,82995,                  Serratia grimesii,Serratia grimesii,species,0.0006642201225486126,fraction_reads,0.0,2,2
Centrifuge,unified,Centrifuge_unified,ZymoMockD6331,ZymoMockD6331,ont,D6331_Qiagen,138074,138074,                  Serratia symbiotica,Serratia symbiotica,species,0.0006642201225486126,fraction_reads,0.0,2,2
Centrifuge,unified,Centrifuge_unified,ZymoMockD6331,ZymoMockD6331,ont,D6331_Qiagen,1510570,1510570,                  Rahnella victoriana,Rahnella victoriana,species,0.003985320735291676,fraction_reads,0.0,12,12
Centrifuge,unified,Centrifuge_unified,ZymoMockD6331,ZymoMockD6331,ont,D6331_Qiagen,1805933,1805933,                  Rahnella sikkimica,Rahnella sikkimica,species,0.0003321100612743063,fraction_reads,0.0,1,1
Centrifuge,unified,Centrifuge_unified,ZymoMockD6331,ZymoMockD6331,ont,D6331_Qiagen,1646377,1646377,                  Rouxiella badensis,Rouxiella badensis,species,0.000996330183822919,fraction_reads,0.0,3,3
Centrifuge,unified,Centrifuge_unified,ZymoMockD6331,ZymoMockD6331,ont,D6331_Qiagen,1922217,1922217,                  Candidatus Erwinia haradaeae,Candidatus Erwinia haradaeae,species,0.018266053370086844,fraction_reads,0.02,55,55
Centrifuge,unified,Centrifuge_unified,ZymoMockD6331,ZymoMockD6331,ont,D6331_Qiagen,65700,65700,                  Erwinia tracheiphila,Erwinia tracheiphila,species,0.008634861593131964,fraction_reads,0.01,26,26
Centrifuge,unified,Centrifuge_unified,ZymoMockD6331,ZymoMockD6331,ont,D6331_Qiagen,55211,55211,                  Erwinia persicina,Erwinia persicina,species,0.005313760980388901,fraction_reads,0.01,16,16
Centrifuge,unified,Centrifuge_unified,ZymoMockD6331,ZymoMockD6331,ont,D6331_Qiagen,552,552,                  Erwinia amylovora,Erwinia amylovora,species,0.001992660367645838,fraction_reads,0.0,6,5
Centrifuge,unified,Centrifuge_unified,ZymoMockD6331,ZymoMockD6331,ont,D6331_Qiagen,68334,68334,                  Erwinia aphidicola,Erwinia aphidicola,species,0.0003321100612743063,fraction_reads,0.0,1,1
Centrifuge,unified,Centrifuge_unified,ZymoMockD6331,ZymoMockD6331,ont,D6331_Qiagen,79967,79967,                  Erwinia pyrifoliae,Erwinia pyrifoliae,species,0.0003321100612743063,fraction_reads,0.0,1,0
Centrifuge,unified,Centrifuge_unified,ZymoMockD6331,ZymoMockD6331,ont,D6331_Qiagen,1324864,1324864,                  [Pantoea] beijingensis,[Pantoea] beijingensis,species,0.0003321100612743063,fraction_reads,0.0,1,1
Centrifuge,unified,Centrifuge_unified,ZymoMockD6331,ZymoMockD6331,ont,D6331_Qiagen,1654067,1654067,                  Pantoea agglomerans group,Pantoea agglomerans group,species,0.0033211006127430633,fraction_reads,0.0,10,0
Centrifuge,unified,Centrifuge_unified,ZymoMockD6331,ZymoMockD6331,ont,D6331_Qiagen,549,549,                    Pantoea agglomerans,Pantoea agglomerans,species,0.0033211006127430633,fraction_reads,0.0,10,10
Centrifuge,unified,Centrifuge_unified,ZymoMockD6331,ZymoMockD6331,ont,D6331_Qiagen,553,553,                  Pantoea ananatis,Pantoea ananatis,species,0.0026568804901944505,fraction_reads,0.0,8,8
Centrifuge,unified,Centrifuge_unified,ZymoMockD6331,ZymoMockD6331,ont,D6331_Qiagen,2576760,2576760,                    Pantoea sp. Nvir,Pantoea sp. Nvir,species,0.0006642201225486126,fraction_reads,0.0,2,2
Centrifuge,unified,Centrifuge_unified,ZymoMockD6331,ZymoMockD6331,ont,D6331_Qiagen,2768165,2768165,                    Pantoea sp. MT58,Pantoea sp. MT58,species,0.0006642201225486126,fraction_reads,0.0,2,2
Centrifuge,unified,Centrifuge_unified,ZymoMockD6331,ZymoMockD6331,ont,D6331_Qiagen,2675223,2675223,                    Pantoea sp. RSPAM1,Pantoea sp. RSPAM1,species,0.0003321100612743063,fraction_reads,0.0,1,1
Centrifuge,unified,Centrifuge_unified,ZymoMockD6331,ZymoMockD6331,ont,D6331_Qiagen,3019892,3019892,                    Pantoea sp. S18,Pantoea sp. S18,species,0.0003321100612743063,fraction_reads,0.0,1,1
Centrifuge,unified,Centrifuge_unified,ZymoMockD6331,ZymoMockD6331,ont,D6331_Qiagen,3028805,3028805,                    Pantoea sp. GABEPS69,Pantoea sp. GABEPS69,species,0.0003321100612743063,fraction_reads,0.0,1,1
Centrifuge,unified,Centrifuge_unified,ZymoMockD6331,ZymoMockD6331,ont,D6331_Qiagen,3141459,3141459,                    Pantoea sp. Ep11b,Pantoea sp. Ep11b,species,0.0003321100612743063,fraction_reads,0.0,1,1
Centrifuge,unified,Centrifuge_unified,ZymoMockD6331,ZymoMockD6331,ont,D6331_Qiagen,66269,66269,                  Pantoea stewartii,Pantoea stewartii,species,0.001992660367645838,fraction_reads,0.0,6,6
Centrifuge,unified,Centrifuge_unified,ZymoMockD6331,ZymoMockD6331,ont,D6331_Qiagen,470933,470933,                  Pantoea eucalypti,Pantoea eucalypti,species,0.000996330183822919,fraction_reads,0.0,3,3
Centrifuge,unified,Centrifuge_unified,ZymoMockD6331,ZymoMockD6331,ont,D6331_Qiagen,1891675,1891675,                  Pantoea alhagi,Pantoea alhagi,species,0.0006642201225486126,fraction_reads,0.0,2,2
Centrifuge,unified,Centrifuge_unified,ZymoMockD6331,ZymoMockD6331,ont,D6331_Qiagen,1235990,1235990,                  Candidatus Pantoea carbekii,Candidatus Pantoea carbekii,species,0.0003321100612743063,fraction_reads,0.0,1,1
Centrifuge,unified,Centrifuge_unified,ZymoMockD6331,ZymoMockD6331,ont,D6331_Qiagen,9,9,                  Buchnera aphidicola,Buchnera aphidicola,species,0.0006642201225486126,fraction_reads,0.0,2,0
Centrifuge,unified,Centrifuge_unified,ZymoMockD6331,ZymoMockD6331,ont,D6331_Qiagen,53336,53336,                  Tatumella citrea,Tatumella citrea,species,0.0003321100612743063,fraction_reads,0.0,1,1
Centrifuge,unified,Centrifuge_unified,ZymoMockD6331,ZymoMockD6331,ont,D6331_Qiagen,92490,92490,                  Winslowiella toletana,Winslowiella toletana,species,0.0003321100612743063,fraction_reads,0.0,1,1
Centrifuge,unified,Centrifuge_unified,ZymoMockD6331,ZymoMockD6331,ont,D6331_Qiagen,2740817,2740817,                  Paramixta manurensis,Paramixta manurensis,species,0.0003321100612743063,fraction_reads,0.0,1,1
Centrifuge,unified,Centrifuge_unified,ZymoMockD6331,ZymoMockD6331,ont,D6331_Qiagen,584,584,                  Proteus mirabilis,Proteus mirabilis,species,0.010959632022052107,fraction_reads,0.01,33,33
Centrifuge,unified,Centrifuge_unified,ZymoMockD6331,ZymoMockD6331,ont,D6331_Qiagen,1574161,1574161,                  Proteus terrae,Proteus terrae,species,0.0029889905514687565,fraction_reads,0.0,9,1
Centrifuge,unified,Centrifuge_unified,ZymoMockD6331,ZymoMockD6331,ont,D6331_Qiagen,585,585,                  Proteus vulgaris,Proteus vulgaris,species,0.000996330183822919,fraction_reads,0.0,3,3
Centrifuge,unified,Centrifuge_unified,ZymoMockD6331,ZymoMockD6331,ont,D6331_Qiagen,126385,126385,                  Providencia alcalifaciens,Providencia alcalifaciens,species,0.009631191776954883,fraction_reads,0.01,29,29
Centrifuge,unified,Centrifuge_unified,ZymoMockD6331,ZymoMockD6331,ont,D6331_Qiagen,587,587,                  Providencia rettgeri,Providencia rettgeri,species,0.0036532106740173693,fraction_reads,0.0,11,11
Centrifuge,unified,Centrifuge_unified,ZymoMockD6331,ZymoMockD6331,ont,D6331_Qiagen,588,588,                  Providencia stuartii,Providencia stuartii,species,0.0006642201225486126,fraction_reads,0.0,2,2
Centrifuge,unified,Centrifuge_unified,ZymoMockD6331,ZymoMockD6331,ont,D6331_Qiagen,158850,158850,                  Providencia rustigianii,Providencia rustigianii,species,0.0003321100612743063,fraction_reads,0.0,1,1
Centrifuge,unified,Centrifuge_unified,ZymoMockD6331,ZymoMockD6331,ont,D6331_Qiagen,2027290,2027290,                  Providencia huaxiensis,Providencia huaxiensis,species,0.0003321100612743063,fraction_reads,0.0,1,1
Centrifuge,unified,Centrifuge_unified,ZymoMockD6331,ZymoMockD6331,ont,D6331_Qiagen,582,582,                  Morganella morganii,Morganella morganii,species,0.004981650919114594,fraction_reads,0.0,15,15
Centrifuge,unified,Centrifuge_unified,ZymoMockD6331,ZymoMockD6331,ont,D6331_Qiagen,638,638,                  Arsenophonus nasoniae,Arsenophonus nasoniae,species,0.0003321100612743063,fraction_reads,0.0,1,1
Centrifuge,unified,Centrifuge_unified,ZymoMockD6331,ZymoMockD6331,ont,D6331_Qiagen,634121,634121,                    Arsenophonus symbiont of Ornithomya chloropus,Arsenophonus symbiont of Ornithomya chloropus,species,0.0003321100612743063,fraction_reads,0.0,1,1
Centrifuge,unified,Centrifuge_unified,ZymoMockD6331,ZymoMockD6331,ont,D6331_Qiagen,2879119,2879119,                  Arsenophonus apicola,Arsenophonus apicola,species,0.0003321100612743063,fraction_reads,0.0,1,1
Centrifuge,unified,Centrifuge_unified,ZymoMockD6331,ZymoMockD6331,ont,D6331_Qiagen,628,628,                  Xenorhabdus nematophila,Xenorhabdus nematophila,species,0.0003321100612743063,fraction_reads,0.0,1,0
Centrifuge,unified,Centrifuge_unified,ZymoMockD6331,ZymoMockD6331,ont,D6331_Qiagen,40576,40576,                  Xenorhabdus bovienii,Xenorhabdus bovienii,species,0.0003321100612743063,fraction_reads,0.0,1,1
Centrifuge,unified,Centrifuge_unified,ZymoMockD6331,ZymoMockD6331,ont,D6331_Qiagen,3130166,3130166,                    Xenorhabdus sp. TH1,Xenorhabdus sp. TH1,species,0.0003321100612743063,fraction_reads,0.0,1,1
Centrifuge,unified,Centrifuge_unified,ZymoMockD6331,ZymoMockD6331,ont,D6331_Qiagen,158849,158849,                  Moellerella wisconsensis,Moellerella wisconsensis,species,0.000996330183822919,fraction_reads,0.0,3,3
Centrifuge,unified,Centrifuge_unified,ZymoMockD6331,ZymoMockD6331,ont,D6331_Qiagen,636,636,                  Edwardsiella tarda,Edwardsiella tarda,species,0.007970641470583352,fraction_reads,0.01,24,23
Centrifuge,unified,Centrifuge_unified,ZymoMockD6331,ZymoMockD6331,ont,D6331_Qiagen,67780,67780,                  Edwardsiella ictaluri,Edwardsiella ictaluri,species,0.004317430796565982,fraction_reads,0.0,13,13
Centrifuge,unified,Centrifuge_unified,ZymoMockD6331,ZymoMockD6331,ont,D6331_Qiagen,546367,546367,                  Hafnia paralvei,Hafnia paralvei,species,0.0006642201225486126,fraction_reads,0.0,2,2
Centrifuge,unified,Centrifuge_unified,ZymoMockD6331,ZymoMockD6331,ont,D6331_Qiagen,82983,82983,                  Obesumbacterium proteus,Obesumbacterium proteus,species,0.0003321100612743063,fraction_reads,0.0,1,1
Centrifuge,unified,Centrifuge_unified,ZymoMockD6331,ZymoMockD6331,ont,D6331_Qiagen,1778540,1778540,                  Dickeya fangzhongdai,Dickeya fangzhongdai,species,0.0029889905514687565,fraction_reads,0.0,9,9
Centrifuge,unified,Centrifuge_unified,ZymoMockD6331,ZymoMockD6331,ont,D6331_Qiagen,69221,69221,                  Pectobacterium cacticida,Pectobacterium cacticida,species,0.0006642201225486126,fraction_reads,0.0,2,2
Centrifuge,unified,Centrifuge_unified,ZymoMockD6331,ZymoMockD6331,ont,D6331_Qiagen,2488639,2488639,                  Pectobacterium versatile,Pectobacterium versatile,species,0.0006642201225486126,fraction_reads,0.0,2,2
Centrifuge,unified,Centrifuge_unified,ZymoMockD6331,ZymoMockD6331,ont,D6331_Qiagen,2034769,2034769,                  Pectobacterium zantedeschiae,Pectobacterium zantedeschiae,species,0.0003321100612743063,fraction_reads,0.0,1,1
Centrifuge,unified,Centrifuge_unified,ZymoMockD6331,ZymoMockD6331,ont,D6331_Qiagen,1172565,1172565,                  Lonsdalea populi,Lonsdalea populi,species,0.0006642201225486126,fraction_reads,0.0,2,2
Centrifuge,unified,Centrifuge_unified,ZymoMockD6331,ZymoMockD6331,ont,D6331_Qiagen,69223,69223,                  Musicola paradisiaca,Musicola paradisiaca,species,0.0003321100612743063,fraction_reads,0.0,1,1
Centrifuge,unified,Centrifuge_unified,ZymoMockD6331,ZymoMockD6331,ont,D6331_Qiagen,1486991,1486991,                  Candidatus Sodalis pierantonius,Candidatus Sodalis pierantonius,species,0.0003321100612743063,fraction_reads,0.0,1,0
Centrifuge,unified,Centrifuge_unified,ZymoMockD6331,ZymoMockD6331,ont,D6331_Qiagen,1929246,1929246,                    Sodalis endosymbiont of Henestaris halophilus,Sodalis endosymbiont of Henestaris halophilus,species,0.0003321100612743063,fraction_reads,0.0,1,1
Centrifuge,unified,Centrifuge_unified,ZymoMockD6331,ZymoMockD6331,ont,D6331_Qiagen,2498113,2498113,                  Limnobaculum zhutongyuii,Limnobaculum zhutongyuii,species,0.0003321100612743063,fraction_reads,0.0,1,1
Centrifuge,unified,Centrifuge_unified,ZymoMockD6331,ZymoMockD6331,ont,D6331_Qiagen,717610,717610,                  Vibrio harveyi group,Vibrio harveyi group,species,0.405506384815928,fraction_reads,0.41,1221,0
Centrifuge,unified,Centrifuge_unified,ZymoMockD6331,ZymoMockD6331,ont,D6331_Qiagen,663,663,                    Vibrio alginolyticus,Vibrio alginolyticus,species,0.3689742780757543,fraction_reads,0.37,1111,1111
Centrifuge,unified,Centrifuge_unified,ZymoMockD6331,ZymoMockD6331,ont,D6331_Qiagen,670,670,                    Vibrio parahaemolyticus,Vibrio parahaemolyticus,species,0.023911924411750052,fraction_reads,0.02,72,71
Centrifuge,unified,Centrifuge_unified,ZymoMockD6331,ZymoMockD6331,ont,D6331_Qiagen,680,680,                    Vibrio campbellii,Vibrio campbellii,species,0.00631009116421182,fraction_reads,0.01,19,15
Centrifuge,unified,Centrifuge_unified,ZymoMockD6331,ZymoMockD6331,ont,D6331_Qiagen,669,669,                    Vibrio harveyi,Vibrio harveyi,species,0.004317430796565982,fraction_reads,0.0,13,13
Centrifuge,unified,Centrifuge_unified,ZymoMockD6331,ZymoMockD6331,ont,D6331_Qiagen,691,691,                    Vibrio natriegens,Vibrio natriegens,species,0.0006642201225486126,fraction_reads,0.0,2,2
Centrifuge,unified,Centrifuge_unified,ZymoMockD6331,ZymoMockD6331,ont,D6331_Qiagen,190895,190895,                    Vibrio rotiferianus,Vibrio rotiferianus,species,0.0006642201225486126,fraction_reads,0.0,2,2
Centrifuge,unified,Centrifuge_unified,ZymoMockD6331,ZymoMockD6331,ont,D6331_Qiagen,696485,696485,                    Vibrio owensii,Vibrio owensii,species,0.0006642201225486126,fraction_reads,0.0,2,2
Centrifuge,unified,Centrifuge_unified,ZymoMockD6331,ZymoMockD6331,ont,D6331_Qiagen,666,666,                  Vibrio cholerae,Vibrio cholerae,species,0.00896697165440627,fraction_reads,0.01,27,17
Centrifuge,unified,Centrifuge_unified,ZymoMockD6331,ZymoMockD6331,ont,D6331_Qiagen,672,672,                  Vibrio vulnificus,Vibrio vulnificus,species,0.007970641470583352,fraction_reads,0.01,24,19
Centrifuge,unified,Centrifuge_unified,ZymoMockD6331,ZymoMockD6331,ont,D6331_Qiagen,676,676,                  Vibrio fluvialis,Vibrio fluvialis,species,0.006974311286760433,fraction_reads,0.01,21,21
Centrifuge,unified,Centrifuge_unified,ZymoMockD6331,ZymoMockD6331,ont,D6331_Qiagen,55601,55601,                  Vibrio anguillarum,Vibrio anguillarum,species,0.004649540857840288,fraction_reads,0.0,14,13
Centrifuge,unified,Centrifuge_unified,ZymoMockD6331,ZymoMockD6331,ont,D6331_Qiagen,190893,190893,                  Vibrio coralliilyticus,Vibrio coralliilyticus,species,0.0029889905514687565,fraction_reads,0.0,9,9
Centrifuge,unified,Centrifuge_unified,ZymoMockD6331,ZymoMockD6331,ont,D6331_Qiagen,47951,47951,                  Vibrio cyclitrophicus,Vibrio cyclitrophicus,species,0.0026568804901944505,fraction_reads,0.0,8,2
Centrifuge,unified,Centrifuge_unified,ZymoMockD6331,ZymoMockD6331,ont,D6331_Qiagen,2163016,2163016,                    Vibrio sp. dhg,Vibrio sp. dhg,species,0.0006642201225486126,fraction_reads,0.0,2,2
Centrifuge,unified,Centrifuge_unified,ZymoMockD6331,ZymoMockD6331,ont,D6331_Qiagen,2785746,2785746,                    Vibrio sp. VB16,Vibrio sp. VB16,species,0.0006642201225486126,fraction_reads,0.0,2,2
Centrifuge,unified,Centrifuge_unified,ZymoMockD6331,ZymoMockD6331,ont,D6331_Qiagen,2751177,2751177,                    Vibrio sp. B1FIG11,Vibrio sp. B1FIG11,species,0.0003321100612743063,fraction_reads,0.0,1,1
Centrifuge,unified,Centrifuge_unified,ZymoMockD6331,ZymoMockD6331,ont,D6331_Qiagen,2751178,2751178,                    Vibrio sp. B1FLJ16,Vibrio sp. B1FLJ16,species,0.0003321100612743063,fraction_reads,0.0,1,1
Centrifuge,unified,Centrifuge_unified,ZymoMockD6331,ZymoMockD6331,ont,D6331_Qiagen,3035453,3035453,                    Vibrio sp. FE10,Vibrio sp. FE10,species,0.0003321100612743063,fraction_reads,0.0,1,1
Centrifuge,unified,Centrifuge_unified,ZymoMockD6331,ZymoMockD6331,ont,D6331_Qiagen,3065672,3065672,                    Vibrio sp. NH-UV-68,Vibrio sp. NH-UV-68,species,0.0003321100612743063,fraction_reads,0.0,1,1
Centrifuge,unified,Centrifuge_unified,ZymoMockD6331,ZymoMockD6331,ont,D6331_Qiagen,29494,29494,                  Vibrio furnissii,Vibrio furnissii,species,0.001992660367645838,fraction_reads,0.0,6,6
Centrifuge,unified,Centrifuge_unified,ZymoMockD6331,ZymoMockD6331,ont,D6331_Qiagen,184755,184755,                  Vibrio ruber,Vibrio ruber,species,0.0016605503063715317,fraction_reads,0.0,5,5
Centrifuge,unified,Centrifuge_unified,ZymoMockD6331,ZymoMockD6331,ont,D6331_Qiagen,28173,28173,                  Vibrio nigripulchritudo,Vibrio nigripulchritudo,species,0.0006642201225486126,fraction_reads,0.0,2,2
Centrifuge,unified,Centrifuge_unified,ZymoMockD6331,ZymoMockD6331,ont,D6331_Qiagen,114054,114054,                    uncultured Vibrio sp.,uncultured Vibrio sp.,species,0.0006642201225486126,fraction_reads,0.0,2,2
Centrifuge,unified,Centrifuge_unified,ZymoMockD6331,ZymoMockD6331,ont,D6331_Qiagen,1763883,1763883,                  Vibrio cidicii,Vibrio cidicii,species,0.0006642201225486126,fraction_reads,0.0,2,2
Centrifuge,unified,Centrifuge_unified,ZymoMockD6331,ZymoMockD6331,ont,D6331_Qiagen,1824638,1824638,                  Vibrio japonicus,Vibrio japonicus,species,0.0006642201225486126,fraction_reads,0.0,2,2
Centrifuge,unified,Centrifuge_unified,ZymoMockD6331,ZymoMockD6331,ont,D6331_Qiagen,1891919,1891919,                  Vibrio oreintalis group,Vibrio oreintalis group,species,0.0006642201225486126,fraction_reads,0.0,2,0
Centrifuge,unified,Centrifuge_unified,ZymoMockD6331,ZymoMockD6331,ont,D6331_Qiagen,300876,300876,                    Vibrio europaeus,Vibrio europaeus,species,0.0003321100612743063,fraction_reads,0.0,1,1
Centrifuge,unified,Centrifuge_unified,ZymoMockD6331,ZymoMockD6331,ont,D6331_Qiagen,379097,379097,                    Vibrio sinaloensis,Vibrio sinaloensis,species,0.0003321100612743063,fraction_reads,0.0,1,1
Centrifuge,unified,Centrifuge_unified,ZymoMockD6331,ZymoMockD6331,ont,D6331_Qiagen,2662262,2662262,                  Vibrio algicola,Vibrio algicola,species,0.0006642201225486126,fraction_reads,0.0,2,2
Centrifuge,unified,Centrifuge_unified,ZymoMockD6331,ZymoMockD6331,ont,D6331_Qiagen,675,675,                  Vibrio cincinnatiensis,Vibrio cincinnatiensis,species,0.0003321100612743063,fraction_reads,0.0,1,1
Centrifuge,unified,Centrifuge_unified,ZymoMockD6331,ZymoMockD6331,ont,D6331_Qiagen,29495,29495,                  Vibrio navarrensis,Vibrio navarrensis,species,0.0003321100612743063,fraction_reads,0.0,1,1
Centrifuge,unified,Centrifuge_unified,ZymoMockD6331,ZymoMockD6331,ont,D6331_Qiagen,29497,29497,                  Vibrio splendidus,Vibrio splendidus,species,0.0003321100612743063,fraction_reads,0.0,1,1
Centrifuge,unified,Centrifuge_unified,ZymoMockD6331,ZymoMockD6331,ont,D6331_Qiagen,104609,104609,                  Vibrio penaeicida,Vibrio penaeicida,species,0.0003321100612743063,fraction_reads,0.0,1,1
Centrifuge,unified,Centrifuge_unified,ZymoMockD6331,ZymoMockD6331,ont,D6331_Qiagen,136468,136468,                  Vibrio lentus,Vibrio lentus,species,0.0003321100612743063,fraction_reads,0.0,1,1
Centrifuge,unified,Centrifuge_unified,ZymoMockD6331,ZymoMockD6331,ont,D6331_Qiagen,170673,170673,                  Vibrio kanaloae,Vibrio kanaloae,species,0.0003321100612743063,fraction_reads,0.0,1,1
Centrifuge,unified,Centrifuge_unified,ZymoMockD6331,ZymoMockD6331,ont,D6331_Qiagen,198832,198832,                  Vibrio pomeroyi,Vibrio pomeroyi,species,0.0003321100612743063,fraction_reads,0.0,1,1
Centrifuge,unified,Centrifuge_unified,ZymoMockD6331,ZymoMockD6331,ont,D6331_Qiagen,693153,693153,                  Vibrio atlanticus,Vibrio atlanticus,species,0.0003321100612743063,fraction_reads,0.0,1,1
Centrifuge,unified,Centrifuge_unified,ZymoMockD6331,ZymoMockD6331,ont,D6331_Qiagen,1435069,1435069,                  Vibrio tritonius,Vibrio tritonius,species,0.0003321100612743063,fraction_reads,0.0,1,1
Centrifuge,unified,Centrifuge_unified,ZymoMockD6331,ZymoMockD6331,ont,D6331_Qiagen,2479546,2479546,                  Vibrio zhugei,Vibrio zhugei,species,0.0003321100612743063,fraction_reads,0.0,1,1
Centrifuge,unified,Centrifuge_unified,ZymoMockD6331,ZymoMockD6331,ont,D6331_Qiagen,2711221,2711221,                  Vibrio ziniensis,Vibrio ziniensis,species,0.0003321100612743063,fraction_reads,0.0,1,1
Centrifuge,unified,Centrifuge_unified,ZymoMockD6331,ZymoMockD6331,ont,D6331_Qiagen,38293,38293,                  Photobacterium damselae,Photobacterium damselae,species,0.004317430796565982,fraction_reads,0.0,13,11
Centrifuge,unified,Centrifuge_unified,ZymoMockD6331,ZymoMockD6331,ont,D6331_Qiagen,320778,320778,                  Photobacterium ganghwense,Photobacterium ganghwense,species,0.0003321100612743063,fraction_reads,0.0,1,1
Centrifuge,unified,Centrifuge_unified,ZymoMockD6331,ZymoMockD6331,ont,D6331_Qiagen,2907534,2907534,                    Photobacterium sp. TLY01,Photobacterium sp. TLY01,species,0.0003321100612743063,fraction_reads,0.0,1,1
Centrifuge,unified,Centrifuge_unified,ZymoMockD6331,ZymoMockD6331,ont,D6331_Qiagen,40269,40269,                  Aliivibrio salmonicida,Aliivibrio salmonicida,species,0.0006642201225486126,fraction_reads,0.0,2,2
Centrifuge,unified,Centrifuge_unified,ZymoMockD6331,ZymoMockD6331,ont,D6331_Qiagen,668,668,                  Aliivibrio fischeri,Aliivibrio fischeri,species,0.0003321100612743063,fraction_reads,0.0,1,0
Centrifuge,unified,Centrifuge_unified,ZymoMockD6331,ZymoMockD6331,ont,D6331_Qiagen,3241166,3241166,                    Enterovibrio sp. 27052020O,Enterovibrio sp. 27052020O,species,0.0003321100612743063,fraction_reads,0.0,1,1
Centrifuge,unified,Centrifuge_unified,ZymoMockD6331,ZymoMockD6331,ont,D6331_Qiagen,1755811,1755811,                  Paraphotobacterium marinum,Paraphotobacterium marinum,species,0.0003321100612743063,fraction_reads,0.0,1,1
Centrifuge,unified,Centrifuge_unified,ZymoMockD6331,ZymoMockD6331,ont,D6331_Qiagen,909768,909768,                  Acinetobacter calcoaceticus/baumannii complex,Acinetobacter calcoaceticus/baumannii complex,species,0.2424403447302436,fraction_reads,0.24,730,0
Centrifuge,unified,Centrifuge_unified,ZymoMockD6331,ZymoMockD6331,ont,D6331_Qiagen,470,470,                    Acinetobacter baumannii,Acinetobacter baumannii,species,0.22716328191162552,fraction_reads,0.23,684,678
Centrifuge,unified,Centrifuge_unified,ZymoMockD6331,ZymoMockD6331,ont,D6331_Qiagen,1530123,1530123,                    Acinetobacter seifertii,Acinetobacter seifertii,species,0.005977981102937513,fraction_reads,0.01,18,18
Centrifuge,unified,Centrifuge_unified,ZymoMockD6331,ZymoMockD6331,ont,D6331_Qiagen,106654,106654,                    Acinetobacter nosocomialis,Acinetobacter nosocomialis,species,0.004981650919114594,fraction_reads,0.0,15,15
Centrifuge,unified,Centrifuge_unified,ZymoMockD6331,ZymoMockD6331,ont,D6331_Qiagen,48296,48296,                    Acinetobacter pittii,Acinetobacter pittii,species,0.004317430796565982,fraction_reads,0.0,13,13
Centrifuge,unified,Centrifuge_unified,ZymoMockD6331,ZymoMockD6331,ont,D6331_Qiagen,2079596,2079596,                    Acinetobacter sp. SWBY1,Acinetobacter sp. SWBY1,species,0.0013284402450972252,fraction_reads,0.0,4,4
Centrifuge,unified,Centrifuge_unified,ZymoMockD6331,ZymoMockD6331,ont,D6331_Qiagen,2950076,2950076,                    Acinetobacter sp. C26M,Acinetobacter sp. C26M,species,0.0006642201225486126,fraction_reads,0.0,2,2
Centrifuge,unified,Centrifuge_unified,ZymoMockD6331,ZymoMockD6331,ont,D6331_Qiagen,3081771,3081771,                    Acinetobacter sp. 16,Acinetobacter sp. 16,species,0.0006642201225486126,fraction_reads,0.0,2,2
Centrifuge,unified,Centrifuge_unified,ZymoMockD6331,ZymoMockD6331,ont,D6331_Qiagen,2004644,2004644,                    Acinetobacter sp. WCHA45,Acinetobacter sp. WCHA45,species,0.0003321100612743063,fraction_reads,0.0,1,1
Centrifuge,unified,Centrifuge_unified,ZymoMockD6331,ZymoMockD6331,ont,D6331_Qiagen,2798861,2798861,                    Acinetobacter sp. CS-2,Acinetobacter sp. CS-2,species,0.0003321100612743063,fraction_reads,0.0,1,1
Centrifuge,unified,Centrifuge_unified,ZymoMockD6331,ZymoMockD6331,ont,D6331_Qiagen,2929512,2929512,                    Acinetobacter sp. YH16040_T,Acinetobacter sp. YH16040_T,species,0.0003321100612743063,fraction_reads,0.0,1,1
Centrifuge,unified,Centrifuge_unified,ZymoMockD6331,ZymoMockD6331,ont,D6331_Qiagen,2929514,2929514,                    Acinetobacter sp. YH16056_T,Acinetobacter sp. YH16056_T,species,0.0003321100612743063,fraction_reads,0.0,1,1
Centrifuge,unified,Centrifuge_unified,ZymoMockD6331,ZymoMockD6331,ont,D6331_Qiagen,3035288,3035288,                    Acinetobacter sp. ANC 7201,Acinetobacter sp. ANC 7201,species,0.0003321100612743063,fraction_reads,0.0,1,1
Centrifuge,unified,Centrifuge_unified,ZymoMockD6331,ZymoMockD6331,ont,D6331_Qiagen,40214,40214,                  Acinetobacter johnsonii,Acinetobacter johnsonii,species,0.000996330183822919,fraction_reads,0.0,3,3
Centrifuge,unified,Centrifuge_unified,ZymoMockD6331,ZymoMockD6331,ont,D6331_Qiagen,70346,70346,                  Acinetobacter variabilis,Acinetobacter variabilis,species,0.000996330183822919,fraction_reads,0.0,3,3
Centrifuge,unified,Centrifuge_unified,ZymoMockD6331,ZymoMockD6331,ont,D6331_Qiagen,29430,29430,                  Acinetobacter haemolyticus,Acinetobacter haemolyticus,species,0.0006642201225486126,fraction_reads,0.0,2,2
Centrifuge,unified,Centrifuge_unified,ZymoMockD6331,ZymoMockD6331,ont,D6331_Qiagen,40216,40216,                  Acinetobacter radioresistens,Acinetobacter radioresistens,species,0.0006642201225486126,fraction_reads,0.0,2,1
Centrifuge,unified,Centrifuge_unified,ZymoMockD6331,ZymoMockD6331,ont,D6331_Qiagen,756892,756892,                  Acinetobacter indicus,Acinetobacter indicus,species,0.0006642201225486126,fraction_reads,0.0,2,2
Centrifuge,unified,Centrifuge_unified,ZymoMockD6331,ZymoMockD6331,ont,D6331_Qiagen,3151487,3151487,                  Acinetobacter thermotolerans,Acinetobacter thermotolerans,species,0.0006642201225486126,fraction_reads,0.0,2,2
Centrifuge,unified,Centrifuge_unified,ZymoMockD6331,ZymoMockD6331,ont,D6331_Qiagen,106648,106648,                  Acinetobacter bereziniae,Acinetobacter bereziniae,species,0.0003321100612743063,fraction_reads,0.0,1,1
Centrifuge,unified,Centrifuge_unified,ZymoMockD6331,ZymoMockD6331,ont,D6331_Qiagen,106649,106649,                  Acinetobacter guillouiae,Acinetobacter guillouiae,species,0.0003321100612743063,fraction_reads,0.0,1,1
Centrifuge,unified,Centrifuge_unified,ZymoMockD6331,ZymoMockD6331,ont,D6331_Qiagen,202950,202950,                  Acinetobacter baylyi,Acinetobacter baylyi,species,0.0003321100612743063,fraction_reads,0.0,1,1
Centrifuge,unified,Centrifuge_unified,ZymoMockD6331,ZymoMockD6331,ont,D6331_Qiagen,2006115,2006115,                  Acinetobacter piscicola,Acinetobacter piscicola,species,0.0003321100612743063,fraction_reads,0.0,1,1
Centrifuge,unified,Centrifuge_unified,ZymoMockD6331,ZymoMockD6331,ont,D6331_Qiagen,256326,256326,                  Psychrobacter arenosus,Psychrobacter arenosus,species,0.006642201225486127,fraction_reads,0.01,20,20
Centrifuge,unified,Centrifuge_unified,ZymoMockD6331,ZymoMockD6331,ont,D6331_Qiagen,45610,45610,                  Psychrobacter urativorans,Psychrobacter urativorans,species,0.001992660367645838,fraction_reads,0.0,6,6
Centrifuge,unified,Centrifuge_unified,ZymoMockD6331,ZymoMockD6331,ont,D6331_Qiagen,571800,571800,                    Psychrobacter sp. G,Psychrobacter sp. G,species,0.0003321100612743063,fraction_reads,0.0,1,1
Centrifuge,unified,Centrifuge_unified,ZymoMockD6331,ZymoMockD6331,ont,D6331_Qiagen,386891,386891,                  Moraxella bovoculi,Moraxella bovoculi,species,0.000996330183822919,fraction_reads,0.0,3,3
Centrifuge,unified,Centrifuge_unified,ZymoMockD6331,ZymoMockD6331,ont,D6331_Qiagen,3076087,3076087,                    Moraxella sp. DOX410,Moraxella sp. DOX410,species,0.000996330183822919,fraction_reads,0.0,3,3
Centrifuge,unified,Centrifuge_unified,ZymoMockD6331,ZymoMockD6331,ont,D6331_Qiagen,38313,38313,                  Shewanella algae,Shewanella algae,species,0.03586788661762508,fraction_reads,0.04,108,108
Centrifuge,unified,Centrifuge_unified,ZymoMockD6331,ZymoMockD6331,ont,D6331_Qiagen,62322,62322,                  Shewanella baltica,Shewanella baltica,species,0.0006642201225486126,fraction_reads,0.0,2,0
Centrifuge,unified,Centrifuge_unified,ZymoMockD6331,ZymoMockD6331,ont,D6331_Qiagen,70864,70864,                  Shewanella pealeana,Shewanella pealeana,species,0.0003321100612743063,fraction_reads,0.0,1,0
Centrifuge,unified,Centrifuge_unified,ZymoMockD6331,ZymoMockD6331,ont,D6331_Qiagen,332186,332186,                  Shewanella xiamenensis,Shewanella xiamenensis,species,0.0003321100612743063,fraction_reads,0.0,1,1
Centrifuge,unified,Centrifuge_unified,ZymoMockD6331,ZymoMockD6331,ont,D6331_Qiagen,2018305,2018305,                  Shewanella bicestrii,Shewanella bicestrii,species,0.0003321100612743063,fraction_reads,0.0,1,1
Centrifuge,unified,Centrifuge_unified,ZymoMockD6331,ZymoMockD6331,ont,D6331_Qiagen,1940690,1940690,                  Pseudidiomarina andamanensis,Pseudidiomarina andamanensis,species,0.0209229338602813,fraction_reads,0.02,63,63
Centrifuge,unified,Centrifuge_unified,ZymoMockD6331,ZymoMockD6331,ont,D6331_Qiagen,234831,234831,                    Pseudoalteromonas sp. SM9913,Pseudoalteromonas sp. SM9913,species,0.004981650919114594,fraction_reads,0.0,15,15
Centrifuge,unified,Centrifuge_unified,ZymoMockD6331,ZymoMockD6331,ont,D6331_Qiagen,116092,116092,                    Pseudoalteromonas sp. A25,Pseudoalteromonas sp. A25,species,0.0003321100612743063,fraction_reads,0.0,1,1
Centrifuge,unified,Centrifuge_unified,ZymoMockD6331,ZymoMockD6331,ont,D6331_Qiagen,1709477,1709477,                    Pseudoalteromonas sp. R3,Pseudoalteromonas sp. R3,species,0.0003321100612743063,fraction_reads,0.0,1,1
Centrifuge,unified,Centrifuge_unified,ZymoMockD6331,ZymoMockD6331,ont,D6331_Qiagen,2589992,2589992,                    Pseudoalteromonas sp. Scap25,Pseudoalteromonas sp. Scap25,species,0.0003321100612743063,fraction_reads,0.0,1,1
Centrifuge,unified,Centrifuge_unified,ZymoMockD6331,ZymoMockD6331,ont,D6331_Qiagen,2822847,2822847,                    Pseudoalteromonas sp. SCSIO 43101,Pseudoalteromonas sp. SCSIO 43101,species,0.0003321100612743063,fraction_reads,0.0,1,1
Centrifuge,unified,Centrifuge_unified,ZymoMockD6331,ZymoMockD6331,ont,D6331_Qiagen,3112573,3112573,                    Pseudoalteromonas sp. CuT4-3,Pseudoalteromonas sp. CuT4-3,species,0.0003321100612743063,fraction_reads,0.0,1,1
Centrifuge,unified,Centrifuge_unified,ZymoMockD6331,ZymoMockD6331,ont,D6331_Qiagen,182141,182141,                  Pseudoalteromonas prydzensis,Pseudoalteromonas prydzensis,species,0.001992660367645838,fraction_reads,0.0,6,0
Centrifuge,unified,Centrifuge_unified,ZymoMockD6331,ZymoMockD6331,ont,D6331_Qiagen,43662,43662,                  Pseudoalteromonas piscicida,Pseudoalteromonas piscicida,species,0.0016605503063715317,fraction_reads,0.0,5,5
Centrifuge,unified,Centrifuge_unified,ZymoMockD6331,ZymoMockD6331,ont,D6331_Qiagen,43657,43657,                  Pseudoalteromonas luteoviolacea,Pseudoalteromonas luteoviolacea,species,0.000996330183822919,fraction_reads,0.0,3,3
Centrifuge,unified,Centrifuge_unified,ZymoMockD6331,ZymoMockD6331,ont,D6331_Qiagen,107327,107327,                  Pseudoalteromonas ulvae,Pseudoalteromonas ulvae,species,0.0003321100612743063,fraction_reads,0.0,1,0
Centrifuge,unified,Centrifuge_unified,ZymoMockD6331,ZymoMockD6331,ont,D6331_Qiagen,161398,161398,                  Pseudoalteromonas phenolica,Pseudoalteromonas phenolica,species,0.0003321100612743063,fraction_reads,0.0,1,0
Centrifuge,unified,Centrifuge_unified,ZymoMockD6331,ZymoMockD6331,ont,D6331_Qiagen,184924,184924,                  Pseudoalteromonas maricaloris,Pseudoalteromonas maricaloris,species,0.0003321100612743063,fraction_reads,0.0,1,1
Centrifuge,unified,Centrifuge_unified,ZymoMockD6331,ZymoMockD6331,ont,D6331_Qiagen,206042,206042,                  Pseudoalteromonas mariniglutinosa,Pseudoalteromonas mariniglutinosa,species,0.0003321100612743063,fraction_reads,0.0,1,0
Centrifuge,unified,Centrifuge_unified,ZymoMockD6331,ZymoMockD6331,ont,D6331_Qiagen,1563703,1563703,                  Agarivorans aestuarii,Agarivorans aestuarii,species,0.0003321100612743063,fraction_reads,0.0,1,1
Centrifuge,unified,Centrifuge_unified,ZymoMockD6331,ZymoMockD6331,ont,D6331_Qiagen,2652721,2652721,                    Agarivorans sp. B2Z047,Agarivorans sp. B2Z047,species,0.0003321100612743063,fraction_reads,0.0,1,1
Centrifuge,unified,Centrifuge_unified,ZymoMockD6331,ZymoMockD6331,ont,D6331_Qiagen,2172099,2172099,                  Saccharobesus litoralis,Saccharobesus litoralis,species,0.0006642201225486126,fraction_reads,0.0,2,2
Centrifuge,unified,Centrifuge_unified,ZymoMockD6331,ZymoMockD6331,ont,D6331_Qiagen,2689569,2689569,                    Colwellia sp. 20A7,Colwellia sp. 20A7,species,0.0003321100612743063,fraction_reads,0.0,1,1
Centrifuge,unified,Centrifuge_unified,ZymoMockD6331,ZymoMockD6331,ont,D6331_Qiagen,265883,265883,                  Hydrogenovibrio thermophilus,Hydrogenovibrio thermophilus,species,0.01893027349263546,fraction_reads,0.02,57,57
Centrifuge,unified,Centrifuge_unified,ZymoMockD6331,ZymoMockD6331,ont,D6331_Qiagen,1238,1238,                  Piscirickettsia salmonis,Piscirickettsia salmonis,species,0.0026568804901944505,fraction_reads,0.0,8,8
Centrifuge,unified,Centrifuge_unified,ZymoMockD6331,ZymoMockD6331,ont,D6331_Qiagen,45495,45495,                  Methylophaga marina,Methylophaga marina,species,0.0006642201225486126,fraction_reads,0.0,2,2
Centrifuge,unified,Centrifuge_unified,ZymoMockD6331,ZymoMockD6331,ont,D6331_Qiagen,2211106,2211106,                  Thiomicrorhabdus aquaedulcis,Thiomicrorhabdus aquaedulcis,species,0.0006642201225486126,fraction_reads,0.0,2,2
Centrifuge,unified,Centrifuge_unified,ZymoMockD6331,ZymoMockD6331,ont,D6331_Qiagen,3035472,3035472,                    Thiomicrospira sp. R3,Thiomicrospira sp. R3,species,0.0003321100612743063,fraction_reads,0.0,1,1
Centrifuge,unified,Centrifuge_unified,ZymoMockD6331,ZymoMockD6331,ont,D6331_Qiagen,263,263,                  Francisella tularensis,Francisella tularensis,species,0.0006642201225486126,fraction_reads,0.0,2,0
Centrifuge,unified,Centrifuge_unified,ZymoMockD6331,ZymoMockD6331,ont,D6331_Qiagen,28110,28110,                  Francisella philomiragia,Francisella philomiragia,species,0.0006642201225486126,fraction_reads,0.0,2,2
Centrifuge,unified,Centrifuge_unified,ZymoMockD6331,ZymoMockD6331,ont,D6331_Qiagen,299583,299583,                  Francisella orientalis,Francisella orientalis,species,0.0003321100612743063,fraction_reads,0.0,1,1
Centrifuge,unified,Centrifuge_unified,ZymoMockD6331,ZymoMockD6331,ont,D6331_Qiagen,525917,525917,                  Thiothrix lacustris,Thiothrix lacustris,species,0.0006642201225486126,fraction_reads,0.0,2,2
Centrifuge,unified,Centrifuge_unified,ZymoMockD6331,ZymoMockD6331,ont,D6331_Qiagen,2735563,2735563,                  Thiothrix subterranea,Thiothrix subterranea,species,0.0006642201225486126,fraction_reads,0.0,2,2
Centrifuge,unified,Centrifuge_unified,ZymoMockD6331,ZymoMockD6331,ont,D6331_Qiagen,727,727,                  Haemophilus influenzae,Haemophilus influenzae,species,0.010627521960777802,fraction_reads,0.01,32,32
Centrifuge,unified,Centrifuge_unified,ZymoMockD6331,ZymoMockD6331,ont,D6331_Qiagen,729,729,                  Haemophilus parainfluenzae,Haemophilus parainfluenzae,species,0.000996330183822919,fraction_reads,0.0,3,1
Centrifuge,unified,Centrifuge_unified,ZymoMockD6331,ZymoMockD6331,ont,D6331_Qiagen,735,735,                  Haemophilus parahaemolyticus,Haemophilus parahaemolyticus,species,0.000996330183822919,fraction_reads,0.0,3,3
Centrifuge,unified,Centrifuge_unified,ZymoMockD6331,ZymoMockD6331,ont,D6331_Qiagen,75985,75985,                  Mannheimia haemolytica,Mannheimia haemolytica,species,0.004317430796565982,fraction_reads,0.0,13,13
Centrifuge,unified,Centrifuge_unified,ZymoMockD6331,ZymoMockD6331,ont,D6331_Qiagen,85404,85404,                  Mannheimia varigena,Mannheimia varigena,species,0.0003321100612743063,fraction_reads,0.0,1,0
Centrifuge,unified,Centrifuge_unified,ZymoMockD6331,ZymoMockD6331,ont,D6331_Qiagen,747,747,                  Pasteurella multocida,Pasteurella multocida,species,0.0029889905514687565,fraction_reads,0.0,9,4
Centrifuge,unified,Centrifuge_unified,ZymoMockD6331,ZymoMockD6331,ont,D6331_Qiagen,753,753,                  Pasteurella canis,Pasteurella canis,species,0.0006642201225486126,fraction_reads,0.0,2,2
Centrifuge,unified,Centrifuge_unified,ZymoMockD6331,ZymoMockD6331,ont,D6331_Qiagen,714,714,                  Aggregatibacter actinomycetemcomitans,Aggregatibacter actinomycetemcomitans,species,0.0016605503063715317,fraction_reads,0.0,5,5
Centrifuge,unified,Centrifuge_unified,ZymoMockD6331,ZymoMockD6331,ont,D6331_Qiagen,738,738,                  Glaesserella parasuis,Glaesserella parasuis,species,0.0013284402450972252,fraction_reads,0.0,4,4
Centrifuge,unified,Centrifuge_unified,ZymoMockD6331,ZymoMockD6331,ont,D6331_Qiagen,715,715,                  Actinobacillus pleuropneumoniae,Actinobacillus pleuropneumoniae,species,0.0003321100612743063,fraction_reads,0.0,1,1
Centrifuge,unified,Centrifuge_unified,ZymoMockD6331,ZymoMockD6331,ont,D6331_Qiagen,750,750,                  Gallibacterium anatis,Gallibacterium anatis,species,0.0003321100612743063,fraction_reads,0.0,1,1
Centrifuge,unified,Centrifuge_unified,ZymoMockD6331,ZymoMockD6331,ont,D6331_Qiagen,47735,47735,                  Bibersteinia trehalosi,Bibersteinia trehalosi,species,0.0003321100612743063,fraction_reads,0.0,1,0
Centrifuge,unified,Centrifuge_unified,ZymoMockD6331,ZymoMockD6331,ont,D6331_Qiagen,644,644,                  Aeromonas hydrophila,Aeromonas hydrophila,species,0.004981650919114594,fraction_reads,0.0,15,15
Centrifuge,unified,Centrifuge_unified,ZymoMockD6331,ZymoMockD6331,ont,D6331_Qiagen,1920107,1920107,                    Aeromonas sp. ASNIH7,Aeromonas sp. ASNIH7,species,0.002324770428920144,fraction_reads,0.0,7,7
Centrifuge,unified,Centrifuge_unified,ZymoMockD6331,ZymoMockD6331,ont,D6331_Qiagen,2675707,2675707,                    Aeromonas sp. WP2-W18-CRE-05,Aeromonas sp. WP2-W18-CRE-05,species,0.0006642201225486126,fraction_reads,0.0,2,2
Centrifuge,unified,Centrifuge_unified,ZymoMockD6331,ZymoMockD6331,ont,D6331_Qiagen,2560029,2560029,                    Aeromonas sp. 2692-1,Aeromonas sp. 2692-1,species,0.0003321100612743063,fraction_reads,0.0,1,1
Centrifuge,unified,Centrifuge_unified,ZymoMockD6331,ZymoMockD6331,ont,D6331_Qiagen,2778051,2778051,                    Aeromonas sp. FDAARGOS 1402,Aeromonas sp. FDAARGOS 1402,species,0.0003321100612743063,fraction_reads,0.0,1,1
Centrifuge,unified,Centrifuge_unified,ZymoMockD6331,ZymoMockD6331,ont,D6331_Qiagen,2778064,2778064,                    Aeromonas sp. FDAARGOS 1415,Aeromonas sp. FDAARGOS 1415,species,0.0003321100612743063,fraction_reads,0.0,1,1
Centrifuge,unified,Centrifuge_unified,ZymoMockD6331,ZymoMockD6331,ont,D6331_Qiagen,2778065,2778065,                    Aeromonas sp. FDAARGOS 1416,Aeromonas sp. FDAARGOS 1416,species,0.0003321100612743063,fraction_reads,0.0,1,1
Centrifuge,unified,Centrifuge_unified,ZymoMockD6331,ZymoMockD6331,ont,D6331_Qiagen,2778066,2778066,                    Aeromonas sp. FDAARGOS 1417,Aeromonas sp. FDAARGOS 1417,species,0.0003321100612743063,fraction_reads,0.0,1,1
Centrifuge,unified,Centrifuge_unified,ZymoMockD6331,ZymoMockD6331,ont,D6331_Qiagen,648,648,                  Aeromonas caviae,Aeromonas caviae,species,0.0029889905514687565,fraction_reads,0.0,9,9
Centrifuge,unified,Centrifuge_unified,ZymoMockD6331,ZymoMockD6331,ont,D6331_Qiagen,654,654,                  Aeromonas veronii,Aeromonas veronii,species,0.002324770428920144,fraction_reads,0.0,7,7
Centrifuge,unified,Centrifuge_unified,ZymoMockD6331,ZymoMockD6331,ont,D6331_Qiagen,29489,29489,                  Aeromonas enteropelogenes,Aeromonas enteropelogenes,species,0.002324770428920144,fraction_reads,0.0,7,7
Centrifuge,unified,Centrifuge_unified,ZymoMockD6331,ZymoMockD6331,ont,D6331_Qiagen,645,645,                  Aeromonas salmonicida,Aeromonas salmonicida,species,0.001992660367645838,fraction_reads,0.0,6,1
Centrifuge,unified,Centrifuge_unified,ZymoMockD6331,ZymoMockD6331,ont,D6331_Qiagen,651,651,                  Aeromonas media,Aeromonas media,species,0.001992660367645838,fraction_reads,0.0,6,6
Centrifuge,unified,Centrifuge_unified,ZymoMockD6331,ZymoMockD6331,ont,D6331_Qiagen,196024,196024,                  Aeromonas dhakensis,Aeromonas dhakensis,species,0.0006642201225486126,fraction_reads,0.0,2,2
Centrifuge,unified,Centrifuge_unified,ZymoMockD6331,ZymoMockD6331,ont,D6331_Qiagen,1435348,1435348,                  Simiduia litorea,Simiduia litorea,species,0.014944952757343782,fraction_reads,0.01,45,45
Centrifuge,unified,Centrifuge_unified,ZymoMockD6331,ZymoMockD6331,ont,D6331_Qiagen,2731756,2731756,                  Teredinibacter purpureus,Teredinibacter purpureus,species,0.0033211006127430633,fraction_reads,0.0,10,10
Centrifuge,unified,Centrifuge_unified,ZymoMockD6331,ZymoMockD6331,ont,D6331_Qiagen,155077,155077,                  Cellvibrio japonicus,Cellvibrio japonicus,species,0.000996330183822919,fraction_reads,0.0,3,3
Centrifuge,unified,Centrifuge_unified,ZymoMockD6331,ZymoMockD6331,ont,D6331_Qiagen,1796469,1796469,                  Gilvimarinus japonicus,Gilvimarinus japonicus,species,0.0003321100612743063,fraction_reads,0.0,1,1
Centrifuge,unified,Centrifuge_unified,ZymoMockD6331,ZymoMockD6331,ont,D6331_Qiagen,446,446,                  Legionella pneumophila,Legionella pneumophila,species,0.002324770428920144,fraction_reads,0.0,7,3
Centrifuge,unified,Centrifuge_unified,ZymoMockD6331,ZymoMockD6331,ont,D6331_Qiagen,450,450,                  Legionella longbeachae,Legionella longbeachae,species,0.0006642201225486126,fraction_reads,0.0,2,2
Centrifuge,unified,Centrifuge_unified,ZymoMockD6331,ZymoMockD6331,ont,D6331_Qiagen,2662448,2662448,                    Legionella sp. MW5194,Legionella sp. MW5194,species,0.0003321100612743063,fraction_reads,0.0,1,1
Centrifuge,unified,Centrifuge_unified,ZymoMockD6331,ZymoMockD6331,ont,D6331_Qiagen,2746060,2746060,                    Legionella sp. PC1000,Legionella sp. PC1000,species,0.0003321100612743063,fraction_reads,0.0,1,1
Centrifuge,unified,Centrifuge_unified,ZymoMockD6331,ZymoMockD6331,ont,D6331_Qiagen,463,463,                  Fluoribacter dumoffii,Fluoribacter dumoffii,species,0.0003321100612743063,fraction_reads,0.0,1,0
Centrifuge,unified,Centrifuge_unified,ZymoMockD6331,ZymoMockD6331,ont,D6331_Qiagen,777,777,                  Coxiella burnetii,Coxiella burnetii,species,0.0016605503063715317,fraction_reads,0.0,5,3
Centrifuge,unified,Centrifuge_unified,ZymoMockD6331,ZymoMockD6331,ont,D6331_Qiagen,1930622,1930622,                  Halomonas alkalicola,Halomonas alkalicola,species,0.0006642201225486126,fraction_reads,0.0,2,2
Centrifuge,unified,Centrifuge_unified,ZymoMockD6331,ZymoMockD6331,ont,D6331_Qiagen,2730360,2730360,                    Halomonas sp. PGE1,Halomonas sp. PGE1,species,0.0003321100612743063,fraction_reads,0.0,1,1
Centrifuge,unified,Centrifuge_unified,ZymoMockD6331,ZymoMockD6331,ont,D6331_Qiagen,3394854,3394854,                      Zymobacter sp. IVIA_12111.31 C1,Zymobacter sp. IVIA_12111.31 C1,species,0.0003321100612743063,fraction_reads,0.0,1,1
Centrifuge,unified,Centrifuge_unified,ZymoMockD6331,ZymoMockD6331,ont,D6331_Qiagen,114186,114186,                    Candidatus Carsonella ruddii,Candidatus Carsonella ruddii,species,0.0003321100612743063,fraction_reads,0.0,1,0
Centrifuge,unified,Centrifuge_unified,ZymoMockD6331,ZymoMockD6331,ont,D6331_Qiagen,664683,664683,                  Vreelandella titanicae,Vreelandella titanicae,species,0.0003321100612743063,fraction_reads,0.0,1,1
Centrifuge,unified,Centrifuge_unified,ZymoMockD6331,ZymoMockD6331,ont,D6331_Qiagen,491950,491950,                  Marinomonas foliarum,Marinomonas foliarum,species,0.0013284402450972252,fraction_reads,0.0,4,4
Centrifuge,unified,Centrifuge_unified,ZymoMockD6331,ZymoMockD6331,ont,D6331_Qiagen,178399,178399,                  Marinomonas primoryensis,Marinomonas primoryensis,species,0.0003321100612743063,fraction_reads,0.0,1,1
Centrifuge,unified,Centrifuge_unified,ZymoMockD6331,ZymoMockD6331,ont,D6331_Qiagen,651666,651666,                  Neptuniibacter halophilus,Neptuniibacter halophilus,species,0.0003321100612743063,fraction_reads,0.0,1,1
Centrifuge,unified,Centrifuge_unified,ZymoMockD6331,ZymoMockD6331,ont,D6331_Qiagen,1872427,1872427,                    Alcanivorax sp.,Alcanivorax sp.,species,0.0003321100612743063,fraction_reads,0.0,1,1
Centrifuge,unified,Centrifuge_unified,ZymoMockD6331,ZymoMockD6331,ont,D6331_Qiagen,3015983,3015983,                    Hahella sp. HNIBRBA332,Hahella sp. HNIBRBA332,species,0.0003321100612743063,fraction_reads,0.0,1,1
Centrifuge,unified,Centrifuge_unified,ZymoMockD6331,ZymoMockD6331,ont,D6331_Qiagen,39775,39775,                  Methylomicrobium album,Methylomicrobium album,species,0.0006642201225486126,fraction_reads,0.0,2,0
Centrifuge,unified,Centrifuge_unified,ZymoMockD6331,ZymoMockD6331,ont,D6331_Qiagen,1808979,1808979,                  Candidatus Methylospira mobilis,Candidatus Methylospira mobilis,species,0.0006642201225486126,fraction_reads,0.0,2,2
Centrifuge,unified,Centrifuge_unified,ZymoMockD6331,ZymoMockD6331,ont,D6331_Qiagen,2839024,2839024,                    Methylobacter sp. S3L5C,Methylobacter sp. S3L5C,species,0.0003321100612743063,fraction_reads,0.0,1,1
Centrifuge,unified,Centrifuge_unified,ZymoMockD6331,ZymoMockD6331,ont,D6331_Qiagen,271065,271065,                  Methylotuvimicrobium alcaliphilum,Methylotuvimicrobium alcaliphilum,species,0.0003321100612743063,fraction_reads,0.0,1,0
Centrifuge,unified,Centrifuge_unified,ZymoMockD6331,ZymoMockD6331,ont,D6331_Qiagen,412034,412034,                  Celerinatantimonas diazotrophica,Celerinatantimonas diazotrophica,species,0.0006642201225486126,fraction_reads,0.0,2,2
Centrifuge,unified,Centrifuge_unified,ZymoMockD6331,ZymoMockD6331,ont,D6331_Qiagen,2738886,2738886,                  Candidatus Thiodubiliella endoseptemdiera,Candidatus Thiodubiliella endoseptemdiera,species,0.0003321100612743063,fraction_reads,0.0,1,1
Centrifuge,unified,Centrifuge_unified,ZymoMockD6331,ZymoMockD6331,ont,D6331_Qiagen,1076588,1076588,                  Thiolapillus brandeum,Thiolapillus brandeum,species,0.0003321100612743063,fraction_reads,0.0,1,1
Centrifuge,unified,Centrifuge_unified,ZymoMockD6331,ZymoMockD6331,ont,D6331_Qiagen,2866573,2866573,                    Cardiobacterium sp. Marseille-Q4385,Cardiobacterium sp. Marseille-Q4385,species,0.0003321100612743063,fraction_reads,0.0,1,1
Centrifuge,unified,Centrifuge_unified,ZymoMockD6331,ZymoMockD6331,ont,D6331_Qiagen,1635327,1635327,                  Zophobihabitans entericus,Zophobihabitans entericus,species,0.0003321100612743063,fraction_reads,0.0,1,1
Centrifuge,unified,Centrifuge_unified,ZymoMockD6331,ZymoMockD6331,ont,D6331_Qiagen,1144748,1144748,                  Kangiella sediminilitoris,Kangiella sediminilitoris,species,0.0003321100612743063,fraction_reads,0.0,1,1
Centrifuge,unified,Centrifuge_unified,ZymoMockD6331,ZymoMockD6331,ont,D6331_Qiagen,3025670,3025670,                    Novosphingobium sp. KACC 22771,Novosphingobium sp. KACC 22771,species,9.901529366832168,fraction_reads,9.9,29814,29814
Centrifuge,unified,Centrifuge_unified,ZymoMockD6331,ZymoMockD6331,ont,D6331_Qiagen,2571749,2571749,                    Novosphingobium sp. EMRT-2,Novosphingobium sp. EMRT-2,species,0.0003321100612743063,fraction_reads,0.0,1,1
Centrifuge,unified,Centrifuge_unified,ZymoMockD6331,ZymoMockD6331,ont,D6331_Qiagen,158500,158500,                  Novosphingobium resinovorum,Novosphingobium resinovorum,species,0.0003321100612743063,fraction_reads,0.0,1,1
Centrifuge,unified,Centrifuge_unified,ZymoMockD6331,ZymoMockD6331,ont,D6331_Qiagen,2896849,2896849,                  Novosphingobium kaempferiae,Novosphingobium kaempferiae,species,0.0003321100612743063,fraction_reads,0.0,1,1
Centrifuge,unified,Centrifuge_unified,ZymoMockD6331,ZymoMockD6331,ont,D6331_Qiagen,332055,332055,                  Sphingobium indicum,Sphingobium indicum,species,0.0026568804901944505,fraction_reads,0.0,8,0
Centrifuge,unified,Centrifuge_unified,ZymoMockD6331,ZymoMockD6331,ont,D6331_Qiagen,407020,407020,                    Sphingobium sp. MI1205,Sphingobium sp. MI1205,species,0.0003321100612743063,fraction_reads,0.0,1,1
Centrifuge,unified,Centrifuge_unified,ZymoMockD6331,ZymoMockD6331,ont,D6331_Qiagen,520734,520734,                    Sphingobium sp. RSMS,Sphingobium sp. RSMS,species,0.0003321100612743063,fraction_reads,0.0,1,1
Centrifuge,unified,Centrifuge_unified,ZymoMockD6331,ZymoMockD6331,ont,D6331_Qiagen,3024245,3024245,                    Sphingobium sp. YC-XJ3,Sphingobium sp. YC-XJ3,species,0.0003321100612743063,fraction_reads,0.0,1,1
Centrifuge,unified,Centrifuge_unified,ZymoMockD6331,ZymoMockD6331,ont,D6331_Qiagen,121428,121428,                  Sphingobium xenophagum,Sphingobium xenophagum,species,0.0006642201225486126,fraction_reads,0.0,2,2
Centrifuge,unified,Centrifuge_unified,ZymoMockD6331,ZymoMockD6331,ont,D6331_Qiagen,13689,13689,                  Sphingomonas paucimobilis,Sphingomonas paucimobilis,species,0.002324770428920144,fraction_reads,0.0,7,7
Centrifuge,unified,Centrifuge_unified,ZymoMockD6331,ZymoMockD6331,ont,D6331_Qiagen,2319844,2319844,                  Sphingomonas paeninsulae,Sphingomonas paeninsulae,species,0.000996330183822919,fraction_reads,0.0,3,3
Centrifuge,unified,Centrifuge_unified,ZymoMockD6331,ZymoMockD6331,ont,D6331_Qiagen,28213,28213,                  Sphingomonas parapaucimobilis,Sphingomonas parapaucimobilis,species,0.0003321100612743063,fraction_reads,0.0,1,1
Centrifuge,unified,Centrifuge_unified,ZymoMockD6331,ZymoMockD6331,ont,D6331_Qiagen,304378,304378,                    Sphingomonas sp. IC081,Sphingomonas sp. IC081,species,0.0003321100612743063,fraction_reads,0.0,1,1
Centrifuge,unified,Centrifuge_unified,ZymoMockD6331,ZymoMockD6331,ont,D6331_Qiagen,267128,267128,                  Sphingopyxis granuli,Sphingopyxis granuli,species,0.0006642201225486126,fraction_reads,0.0,2,2
Centrifuge,unified,Centrifuge_unified,ZymoMockD6331,ZymoMockD6331,ont,D6331_Qiagen,33050,33050,                  Sphingopyxis macrogoltabida,Sphingopyxis macrogoltabida,species,0.0003321100612743063,fraction_reads,0.0,1,1
Centrifuge,unified,Centrifuge_unified,ZymoMockD6331,ZymoMockD6331,ont,D6331_Qiagen,1909299,1909299,                    Blastomonas sp.,Blastomonas sp.,species,0.0003321100612743063,fraction_reads,0.0,1,1
Centrifuge,unified,Centrifuge_unified,ZymoMockD6331,ZymoMockD6331,ont,D6331_Qiagen,2907154,2907154,                      Erythrobacter sp. SDW2,Erythrobacter sp. SDW2,species,0.0006642201225486126,fraction_reads,0.0,2,2
Centrifuge,unified,Centrifuge_unified,ZymoMockD6331,ZymoMockD6331,ont,D6331_Qiagen,2011159,2011159,                      Erythrobacter sp. KY5,Erythrobacter sp. KY5,species,0.0003321100612743063,fraction_reads,0.0,1,1
Centrifuge,unified,Centrifuge_unified,ZymoMockD6331,ZymoMockD6331,ont,D6331_Qiagen,2182384,2182384,                    Erythrobacter aureus,Erythrobacter aureus,species,0.0003321100612743063,fraction_reads,0.0,1,1
Centrifuge,unified,Centrifuge_unified,ZymoMockD6331,ZymoMockD6331,ont,D6331_Qiagen,2547601,2547601,                      Porphyrobacter sp. YT40,Porphyrobacter sp. YT40,species,0.0006642201225486126,fraction_reads,0.0,2,2
Centrifuge,unified,Centrifuge_unified,ZymoMockD6331,ZymoMockD6331,ont,D6331_Qiagen,1348774,1348774,                  Croceicoccus naphthovorans,Croceicoccus naphthovorans,species,0.000996330183822919,fraction_reads,0.0,3,3
Centrifuge,unified,Centrifuge_unified,ZymoMockD6331,ZymoMockD6331,ont,D6331_Qiagen,450378,450378,                  Croceicoccus marinus,Croceicoccus marinus,species,0.0003321100612743063,fraction_reads,0.0,1,1
Centrifuge,unified,Centrifuge_unified,ZymoMockD6331,ZymoMockD6331,ont,D6331_Qiagen,225971,225971,                  Qipengyuania citrea,Qipengyuania citrea,species,0.0003321100612743063,fraction_reads,0.0,1,1
Centrifuge,unified,Centrifuge_unified,ZymoMockD6331,ZymoMockD6331,ont,D6331_Qiagen,3113984,3113984,                    Qipengyuania sp. HL-TH1,Qipengyuania sp. HL-TH1,species,0.0003321100612743063,fraction_reads,0.0,1,1
Centrifuge,unified,Centrifuge_unified,ZymoMockD6331,ZymoMockD6331,ont,D6331_Qiagen,543877,543877,                  Pelagerythrobacter marensis,Pelagerythrobacter marensis,species,0.0003321100612743063,fraction_reads,0.0,1,1
Centrifuge,unified,Centrifuge_unified,ZymoMockD6331,ZymoMockD6331,ont,D6331_Qiagen,2835787,2835787,                  Polymorphobacter megasporae,Polymorphobacter megasporae,species,0.0013284402450972252,fraction_reads,0.0,4,4
Centrifuge,unified,Centrifuge_unified,ZymoMockD6331,ZymoMockD6331,ont,D6331_Qiagen,542,542,                  Zymomonas mobilis,Zymomonas mobilis,species,0.0013284402450972252,fraction_reads,0.0,4,0
Centrifuge,unified,Centrifuge_unified,ZymoMockD6331,ZymoMockD6331,ont,D6331_Qiagen,235,235,                    Brucella abortus,Brucella abortus,species,0.06476146194848974,fraction_reads,0.06,195,195
Centrifuge,unified,Centrifuge_unified,ZymoMockD6331,ZymoMockD6331,ont,D6331_Qiagen,2986424,2986424,                      Brucella sp. MAB-22,Brucella sp. MAB-22,species,0.01726972318626393,fraction_reads,0.02,52,52
Centrifuge,unified,Centrifuge_unified,ZymoMockD6331,ZymoMockD6331,ont,D6331_Qiagen,2942452,2942452,                      Brucella sp. bbatCR03,Brucella sp. bbatCR03,species,0.002324770428920144,fraction_reads,0.0,7,7
Centrifuge,unified,Centrifuge_unified,ZymoMockD6331,ZymoMockD6331,ont,D6331_Qiagen,2975052,2975052,                      Brucella sp. 2716,Brucella sp. 2716,species,0.002324770428920144,fraction_reads,0.0,7,7
Centrifuge,unified,Centrifuge_unified,ZymoMockD6331,ZymoMockD6331,ont,D6331_Qiagen,2769351,2769351,                      Brucella sp. 6810,Brucella sp. 6810,species,0.000996330183822919,fraction_reads,0.0,3,3
Centrifuge,unified,Centrifuge_unified,ZymoMockD6331,ZymoMockD6331,ont,D6331_Qiagen,2975050,2975050,                      Brucella sp. 1315,Brucella sp. 1315,species,0.000996330183822919,fraction_reads,0.0,3,3
Centrifuge,unified,Centrifuge_unified,ZymoMockD6331,ZymoMockD6331,ont,D6331_Qiagen,29459,29459,                    Brucella melitensis,Brucella melitensis,species,0.014612842696069477,fraction_reads,0.01,44,43
Centrifuge,unified,Centrifuge_unified,ZymoMockD6331,ZymoMockD6331,ont,D6331_Qiagen,29461,29461,                    Brucella suis,Brucella suis,species,0.0013284402450972252,fraction_reads,0.0,4,3
Centrifuge,unified,Centrifuge_unified,ZymoMockD6331,ZymoMockD6331,ont,D6331_Qiagen,529,529,                    Brucella anthropi,Brucella anthropi,species,0.0006642201225486126,fraction_reads,0.0,2,2
Centrifuge,unified,Centrifuge_unified,ZymoMockD6331,ZymoMockD6331,ont,D6331_Qiagen,120577,120577,                    Brucella ceti,Brucella ceti,species,0.0003321100612743063,fraction_reads,0.0,1,1
Centrifuge,unified,Centrifuge_unified,ZymoMockD6331,ZymoMockD6331,ont,D6331_Qiagen,271865,271865,                    Ochrobactrum quorumnocens,Ochrobactrum quorumnocens,species,0.0006642201225486126,fraction_reads,0.0,2,2
Centrifuge,unified,Centrifuge_unified,ZymoMockD6331,ZymoMockD6331,ont,D6331_Qiagen,227605,227605,                  Methylocella tundrae,Methylocella tundrae,species,0.07140366317397585,fraction_reads,0.07,215,215
Centrifuge,unified,Centrifuge_unified,ZymoMockD6331,ZymoMockD6331,ont,D6331_Qiagen,2293567,2293567,                    Methylovirgula sp. 4M-Z18,Methylovirgula sp. 4M-Z18,species,0.003985320735291676,fraction_reads,0.0,12,12
Centrifuge,unified,Centrifuge_unified,ZymoMockD6331,ZymoMockD6331,ont,D6331_Qiagen,3389872,3389872,                      Rhizobium sp. ZK1,Rhizobium sp. ZK1,species,0.002324770428920144,fraction_reads,0.0,7,7
Centrifuge,unified,Centrifuge_unified,ZymoMockD6331,ZymoMockD6331,ont,D6331_Qiagen,2731112,2731112,                      Rhizobium sp. NLR16a,Rhizobium sp. NLR16a,species,0.0013284402450972252,fraction_reads,0.0,4,4
Centrifuge,unified,Centrifuge_unified,ZymoMockD6331,ZymoMockD6331,ont,D6331_Qiagen,1981173,1981173,                      Rhizobium sp. NXC14,Rhizobium sp. NXC14,species,0.0006642201225486126,fraction_reads,0.0,2,2
Centrifuge,unified,Centrifuge_unified,ZymoMockD6331,ZymoMockD6331,ont,D6331_Qiagen,3138255,3138255,                      Rhizobium sp. CB3060,Rhizobium sp. CB3060,species,0.0006642201225486126,fraction_reads,0.0,2,2
Centrifuge,unified,Centrifuge_unified,ZymoMockD6331,ZymoMockD6331,ont,D6331_Qiagen,2291939,2291939,                      Rhizobium sp. ZX09,Rhizobium sp. ZX09,species,0.0003321100612743063,fraction_reads,0.0,1,1
Centrifuge,unified,Centrifuge_unified,ZymoMockD6331,ZymoMockD6331,ont,D6331_Qiagen,2613770,2613770,                      Rhizobium sp. BG4,Rhizobium sp. BG4,species,0.0003321100612743063,fraction_reads,0.0,1,1
Centrifuge,unified,Centrifuge_unified,ZymoMockD6331,ZymoMockD6331,ont,D6331_Qiagen,2795216,2795216,                      Rhizobium sp. AB2/73,Rhizobium sp. AB2/73,species,0.0003321100612743063,fraction_reads,0.0,1,1
Centrifuge,unified,Centrifuge_unified,ZymoMockD6331,ZymoMockD6331,ont,D6331_Qiagen,3045156,3045156,                      Rhizobium sp. BT03,Rhizobium sp. BT03,species,0.0003321100612743063,fraction_reads,0.0,1,1
Centrifuge,unified,Centrifuge_unified,ZymoMockD6331,ZymoMockD6331,ont,D6331_Qiagen,384,384,                    Rhizobium leguminosarum,Rhizobium leguminosarum,species,0.0029889905514687565,fraction_reads,0.0,9,7
Centrifuge,unified,Centrifuge_unified,ZymoMockD6331,ZymoMockD6331,ont,D6331_Qiagen,359,359,                    Rhizobium rhizogenes,Rhizobium rhizogenes,species,0.0013284402450972252,fraction_reads,0.0,4,4
Centrifuge,unified,Centrifuge_unified,ZymoMockD6331,ZymoMockD6331,ont,D6331_Qiagen,29449,29449,                    Rhizobium etli,Rhizobium etli,species,0.0006642201225486126,fraction_reads,0.0,2,0
Centrifuge,unified,Centrifuge_unified,ZymoMockD6331,ZymoMockD6331,ont,D6331_Qiagen,3019934,3019934,                    Rhizobium beringeri,Rhizobium beringeri,species,0.0003321100612743063,fraction_reads,0.0,1,1
Centrifuge,unified,Centrifuge_unified,ZymoMockD6331,ZymoMockD6331,ont,D6331_Qiagen,1183400,1183400,                    Agrobacterium tumefaciens complex,Agrobacterium tumefaciens complex,species,0.008302751531857657,fraction_reads,0.01,25,0
Centrifuge,unified,Centrifuge_unified,ZymoMockD6331,ZymoMockD6331,ont,D6331_Qiagen,358,358,                      Agrobacterium tumefaciens,Agrobacterium tumefaciens,species,0.004649540857840288,fraction_reads,0.0,14,14
Centrifuge,unified,Centrifuge_unified,ZymoMockD6331,ZymoMockD6331,ont,D6331_Qiagen,1176649,1176649,                      Agrobacterium fabrum,Agrobacterium fabrum,species,0.0033211006127430633,fraction_reads,0.0,10,10
Centrifuge,unified,Centrifuge_unified,ZymoMockD6331,ZymoMockD6331,ont,D6331_Qiagen,362,362,                      Agrobacterium radiobacter,Agrobacterium radiobacter,species,0.0003321100612743063,fraction_reads,0.0,1,1
Centrifuge,unified,Centrifuge_unified,ZymoMockD6331,ZymoMockD6331,ont,D6331_Qiagen,373,373,                    Agrobacterium vitis,Agrobacterium vitis,species,0.000996330183822919,fraction_reads,0.0,3,3
Centrifuge,unified,Centrifuge_unified,ZymoMockD6331,ZymoMockD6331,ont,D6331_Qiagen,648995,648995,                    Agrobacterium pusense,Agrobacterium pusense,species,0.000996330183822919,fraction_reads,0.0,3,3
Centrifuge,unified,Centrifuge_unified,ZymoMockD6331,ZymoMockD6331,ont,D6331_Qiagen,2735528,2735528,                    Agrobacterium vaccinii,Agrobacterium vaccinii,species,0.0006642201225486126,fraction_reads,0.0,2,2
Centrifuge,unified,Centrifuge_unified,ZymoMockD6331,ZymoMockD6331,ont,D6331_Qiagen,2580515,2580515,                      Agrobacterium sp. T29,Agrobacterium sp. T29,species,0.0003321100612743063,fraction_reads,0.0,1,1
Centrifuge,unified,Centrifuge_unified,ZymoMockD6331,ZymoMockD6331,ont,D6331_Qiagen,379684,379684,                    Allorhizobium pseudoryzae,Allorhizobium pseudoryzae,species,0.0013284402450972252,fraction_reads,0.0,4,4
Centrifuge,unified,Centrifuge_unified,ZymoMockD6331,ZymoMockD6331,ont,D6331_Qiagen,399,399,                    Neorhizobium galegae,Neorhizobium galegae,species,0.0003321100612743063,fraction_reads,0.0,1,0
Centrifuge,unified,Centrifuge_unified,ZymoMockD6331,ZymoMockD6331,ont,D6331_Qiagen,382,382,                    Sinorhizobium meliloti,Sinorhizobium meliloti,species,0.004317430796565982,fraction_reads,0.0,13,9
Centrifuge,unified,Centrifuge_unified,ZymoMockD6331,ZymoMockD6331,ont,D6331_Qiagen,794846,794846,                      Sinorhizobium sp. CCBAU 05631,Sinorhizobium sp. CCBAU 05631,species,0.002324770428920144,fraction_reads,0.0,7,7
Centrifuge,unified,Centrifuge_unified,ZymoMockD6331,ZymoMockD6331,ont,D6331_Qiagen,2976820,2976820,                      Sinorhizobium sp. K101,Sinorhizobium sp. K101,species,0.0003321100612743063,fraction_reads,0.0,1,1
Centrifuge,unified,Centrifuge_unified,ZymoMockD6331,ZymoMockD6331,ont,D6331_Qiagen,663276,663276,                    Sinorhizobium fredii group,Sinorhizobium fredii group,species,0.0013284402450972252,fraction_reads,0.0,4,0
Centrifuge,unified,Centrifuge_unified,ZymoMockD6331,ZymoMockD6331,ont,D6331_Qiagen,380,380,                      Sinorhizobium fredii,Sinorhizobium fredii,species,0.0013284402450972252,fraction_reads,0.0,4,3
Centrifuge,unified,Centrifuge_unified,ZymoMockD6331,ZymoMockD6331,ont,D6331_Qiagen,110322,110322,                    Sinorhizobium terangae,Sinorhizobium terangae,species,0.0006642201225486126,fraction_reads,0.0,2,2
Centrifuge,unified,Centrifuge_unified,ZymoMockD6331,ZymoMockD6331,ont,D6331_Qiagen,110321,110321,                    Sinorhizobium medicae,Sinorhizobium medicae,species,0.0003321100612743063,fraction_reads,0.0,1,1
Centrifuge,unified,Centrifuge_unified,ZymoMockD6331,ZymoMockD6331,ont,D6331_Qiagen,375549,375549,                    Sinorhizobium mexicanum,Sinorhizobium mexicanum,species,0.0003321100612743063,fraction_reads,0.0,1,1
Centrifuge,unified,Centrifuge_unified,ZymoMockD6331,ZymoMockD6331,ont,D6331_Qiagen,106592,106592,                    Ensifer adhaerens,Ensifer adhaerens,species,0.0006642201225486126,fraction_reads,0.0,2,2
Centrifuge,unified,Centrifuge_unified,ZymoMockD6331,ZymoMockD6331,ont,D6331_Qiagen,352475,352475,                  Shinella zoogloeoides,Shinella zoogloeoides,species,0.007306421348034739,fraction_reads,0.01,22,22
Centrifuge,unified,Centrifuge_unified,ZymoMockD6331,ZymoMockD6331,ont,D6331_Qiagen,1967501,1967501,                  Shinella sumterensis,Shinella sumterensis,species,0.0003321100612743063,fraction_reads,0.0,1,1
Centrifuge,unified,Centrifuge_unified,ZymoMockD6331,ZymoMockD6331,ont,D6331_Qiagen,3118468,3118468,                    Shinella sp. WSD5-1,Shinella sp. WSD5-1,species,0.0003321100612743063,fraction_reads,0.0,1,1
Centrifuge,unified,Centrifuge_unified,ZymoMockD6331,ZymoMockD6331,ont,D6331_Qiagen,3028319,3028319,                    Georhizobium sp. MAB10,Georhizobium sp. MAB10,species,0.002324770428920144,fraction_reads,0.0,7,7
Centrifuge,unified,Centrifuge_unified,ZymoMockD6331,ZymoMockD6331,ont,D6331_Qiagen,2305987,2305987,                    Lentilitoribacter sp. Alg239-R112,Lentilitoribacter sp. Alg239-R112,species,0.0003321100612743063,fraction_reads,0.0,1,1
Centrifuge,unified,Centrifuge_unified,ZymoMockD6331,ZymoMockD6331,ont,D6331_Qiagen,803,803,                  Bartonella quintana,Bartonella quintana,species,0.0029889905514687565,fraction_reads,0.0,9,5
Centrifuge,unified,Centrifuge_unified,ZymoMockD6331,ZymoMockD6331,ont,D6331_Qiagen,38323,38323,                  Bartonella henselae,Bartonella henselae,species,0.0016605503063715317,fraction_reads,0.0,5,2
Centrifuge,unified,Centrifuge_unified,ZymoMockD6331,ZymoMockD6331,ont,D6331_Qiagen,2267275,2267275,                  Bartonella krasnovii,Bartonella krasnovii,species,0.0013284402450972252,fraction_reads,0.0,4,4
Centrifuge,unified,Centrifuge_unified,ZymoMockD6331,ZymoMockD6331,ont,D6331_Qiagen,2759660,2759660,                    Bartonella sp. HY038,Bartonella sp. HY038,species,0.0006642201225486126,fraction_reads,0.0,2,2
Centrifuge,unified,Centrifuge_unified,ZymoMockD6331,ZymoMockD6331,ont,D6331_Qiagen,56426,56426,                  Bartonella clarridgeiae,Bartonella clarridgeiae,species,0.0003321100612743063,fraction_reads,0.0,1,1
Centrifuge,unified,Centrifuge_unified,ZymoMockD6331,ZymoMockD6331,ont,D6331_Qiagen,2782655,2782655,                    Bradyrhizobium sp. 187,Bradyrhizobium sp. 187,species,0.001992660367645838,fraction_reads,0.0,6,6
Centrifuge,unified,Centrifuge_unified,ZymoMockD6331,ZymoMockD6331,ont,D6331_Qiagen,578924,578924,                    Bradyrhizobium sp. STM 3562,Bradyrhizobium sp. STM 3562,species,0.0006642201225486126,fraction_reads,0.0,2,2
Centrifuge,unified,Centrifuge_unified,ZymoMockD6331,ZymoMockD6331,ont,D6331_Qiagen,1300039,1300039,                  Bradyrhizobium centrosematis,Bradyrhizobium centrosematis,species,0.0006642201225486126,fraction_reads,0.0,2,2
Centrifuge,unified,Centrifuge_unified,ZymoMockD6331,ZymoMockD6331,ont,D6331_Qiagen,375,375,                  Bradyrhizobium japonicum,Bradyrhizobium japonicum,species,0.0003321100612743063,fraction_reads,0.0,1,1
Centrifuge,unified,Centrifuge_unified,ZymoMockD6331,ZymoMockD6331,ont,D6331_Qiagen,1355477,1355477,                  Bradyrhizobium diazoefficiens,Bradyrhizobium diazoefficiens,species,0.0003321100612743063,fraction_reads,0.0,1,1
Centrifuge,unified,Centrifuge_unified,ZymoMockD6331,ZymoMockD6331,ont,D6331_Qiagen,912,912,                  Nitrobacter hamburgensis,Nitrobacter hamburgensis,species,0.0003321100612743063,fraction_reads,0.0,1,0
Centrifuge,unified,Centrifuge_unified,ZymoMockD6331,ZymoMockD6331,ont,D6331_Qiagen,3034676,3034676,                    Rhodopseudomonas sp. BAL398,Rhodopseudomonas sp. BAL398,species,0.0003321100612743063,fraction_reads,0.0,1,1
Centrifuge,unified,Centrifuge_unified,ZymoMockD6331,ZymoMockD6331,ont,D6331_Qiagen,3076039,3076039,                    Tardiphaga sp. 709,Tardiphaga sp. 709,species,0.0003321100612743063,fraction_reads,0.0,1,1
Centrifuge,unified,Centrifuge_unified,ZymoMockD6331,ZymoMockD6331,ont,D6331_Qiagen,2709380,2709380,                    Starkeya sp. ORNL1,Starkeya sp. ORNL1,species,0.002324770428920144,fraction_reads,0.0,7,7
Centrifuge,unified,Centrifuge_unified,ZymoMockD6331,ZymoMockD6331,ont,D6331_Qiagen,2789216,2789216,                    Labrys sp. KNU-23,Labrys sp. KNU-23,species,0.0006642201225486126,fraction_reads,0.0,2,2
Centrifuge,unified,Centrifuge_unified,ZymoMockD6331,ZymoMockD6331,ont,D6331_Qiagen,3039801,3039801,                    Ancylobacter sp. WKF20,Ancylobacter sp. WKF20,species,0.0003321100612743063,fraction_reads,0.0,1,1
Centrifuge,unified,Centrifuge_unified,ZymoMockD6331,ZymoMockD6331,ont,D6331_Qiagen,1870862,1870862,                    Aminobacter sp. Y103A,Aminobacter sp. Y103A,species,0.0013284402450972252,fraction_reads,0.0,4,4
Centrifuge,unified,Centrifuge_unified,ZymoMockD6331,ZymoMockD6331,ont,D6331_Qiagen,2483404,2483404,                    Mesorhizobium sp. NZP2077,Mesorhizobium sp. NZP2077,species,0.0006642201225486126,fraction_reads,0.0,2,2
Centrifuge,unified,Centrifuge_unified,ZymoMockD6331,ZymoMockD6331,ont,D6331_Qiagen,2654248,2654248,                    Mesorhizobium sp. INR15,Mesorhizobium sp. INR15,species,0.0003321100612743063,fraction_reads,0.0,1,1
Centrifuge,unified,Centrifuge_unified,ZymoMockD6331,ZymoMockD6331,ont,D6331_Qiagen,555317,555317,                    Phyllobacterium sp. T1293,Phyllobacterium sp. T1293,species,0.0003321100612743063,fraction_reads,0.0,1,1
Centrifuge,unified,Centrifuge_unified,ZymoMockD6331,ZymoMockD6331,ont,D6331_Qiagen,270351,270351,                  Methylobacterium aquaticum,Methylobacterium aquaticum,species,0.0003321100612743063,fraction_reads,0.0,1,1
Centrifuge,unified,Centrifuge_unified,ZymoMockD6331,ZymoMockD6331,ont,D6331_Qiagen,2894310,2894310,                    Methylobacterium sp. NMS14P,Methylobacterium sp. NMS14P,species,0.0003321100612743063,fraction_reads,0.0,1,1
Centrifuge,unified,Centrifuge_unified,ZymoMockD6331,ZymoMockD6331,ont,D6331_Qiagen,3073270,3073270,                    Microvirga sp. M2,Microvirga sp. M2,species,0.0003321100612743063,fraction_reads,0.0,1,1
Centrifuge,unified,Centrifuge_unified,ZymoMockD6331,ZymoMockD6331,ont,D6331_Qiagen,3162530,3162530,                  Methyloraptor flagellatus,Methyloraptor flagellatus,species,0.0006642201225486126,fraction_reads,0.0,2,2
Centrifuge,unified,Centrifuge_unified,ZymoMockD6331,ZymoMockD6331,ont,D6331_Qiagen,388408,388408,                  Roseibium alexandrii,Roseibium alexandrii,species,0.0006642201225486126,fraction_reads,0.0,2,0
Centrifuge,unified,Centrifuge_unified,ZymoMockD6331,ZymoMockD6331,ont,D6331_Qiagen,428,428,                  Methylosinus sporium,Methylosinus sporium,species,0.0003321100612743063,fraction_reads,0.0,1,1
Centrifuge,unified,Centrifuge_unified,ZymoMockD6331,ZymoMockD6331,ont,D6331_Qiagen,531813,531813,                  Pelagibacterium halotolerans,Pelagibacterium halotolerans,species,0.0003321100612743063,fraction_reads,0.0,1,0
Centrifuge,unified,Centrifuge_unified,ZymoMockD6331,ZymoMockD6331,ont,D6331_Qiagen,1940610,1940610,                  Phreatobacter stygius,Phreatobacter stygius,species,0.0003321100612743063,fraction_reads,0.0,1,1
Centrifuge,unified,Centrifuge_unified,ZymoMockD6331,ZymoMockD6331,ont,D6331_Qiagen,3069264,3069264,                    Rhodoligotrophos sp. CJ14,Rhodoligotrophos sp. CJ14,species,0.0003321100612743063,fraction_reads,0.0,1,1
Centrifuge,unified,Centrifuge_unified,ZymoMockD6331,ZymoMockD6331,ont,D6331_Qiagen,3066369,3066369,                  Coralliovum pocilloporae,Coralliovum pocilloporae,species,0.0003321100612743063,fraction_reads,0.0,1,1
Centrifuge,unified,Centrifuge_unified,ZymoMockD6331,ZymoMockD6331,ont,D6331_Qiagen,2500548,2500548,                  Acetobacter oryzoeni,Acetobacter oryzoeni,species,0.06974311286760432,fraction_reads,0.07,210,210
Centrifuge,unified,Centrifuge_unified,ZymoMockD6331,ZymoMockD6331,ont,D6331_Qiagen,3134142,3134142,                    Acetobacter sp. AC2005,Acetobacter sp. AC2005,species,0.0013284402450972252,fraction_reads,0.0,4,4
Centrifuge,unified,Centrifuge_unified,ZymoMockD6331,ZymoMockD6331,ont,D6331_Qiagen,104102,104102,                  Acetobacter tropicalis,Acetobacter tropicalis,species,0.0003321100612743063,fraction_reads,0.0,1,1
Centrifuge,unified,Centrifuge_unified,ZymoMockD6331,ZymoMockD6331,ont,D6331_Qiagen,431306,431306,                  Acetobacter ghanensis,Acetobacter ghanensis,species,0.0003321100612743063,fraction_reads,0.0,1,1
Centrifuge,unified,Centrifuge_unified,ZymoMockD6331,ZymoMockD6331,ont,D6331_Qiagen,2592655,2592655,                  Acetobacter vaccinii,Acetobacter vaccinii,species,0.0003321100612743063,fraction_reads,0.0,1,1
Centrifuge,unified,Centrifuge_unified,ZymoMockD6331,ZymoMockD6331,ont,D6331_Qiagen,436,436,                  Novacetimonas hansenii,Novacetimonas hansenii,species,0.00631009116421182,fraction_reads,0.01,19,19
Centrifuge,unified,Centrifuge_unified,ZymoMockD6331,ZymoMockD6331,ont,D6331_Qiagen,265960,265960,                  Komagataeibacter nataicola,Komagataeibacter nataicola,species,0.0026568804901944505,fraction_reads,0.0,8,8
Centrifuge,unified,Centrifuge_unified,ZymoMockD6331,ZymoMockD6331,ont,D6331_Qiagen,28448,28448,                  Komagataeibacter xylinus,Komagataeibacter xylinus,species,0.0013284402450972252,fraction_reads,0.0,4,4
Centrifuge,unified,Centrifuge_unified,ZymoMockD6331,ZymoMockD6331,ont,D6331_Qiagen,33995,33995,                  Komagataeibacter europaeus,Komagataeibacter europaeus,species,0.0003321100612743063,fraction_reads,0.0,1,1
Centrifuge,unified,Centrifuge_unified,ZymoMockD6331,ZymoMockD6331,ont,D6331_Qiagen,1484109,1484109,                  Lichenicola cladoniae,Lichenicola cladoniae,species,0.0006642201225486126,fraction_reads,0.0,2,2
Centrifuge,unified,Centrifuge_unified,ZymoMockD6331,ZymoMockD6331,ont,D6331_Qiagen,574987,574987,                  Gluconobacter sphaericus,Gluconobacter sphaericus,species,0.0003321100612743063,fraction_reads,0.0,1,1
Centrifuge,unified,Centrifuge_unified,ZymoMockD6331,ZymoMockD6331,ont,D6331_Qiagen,2070537,2070537,                  Commensalibacter melissae,Commensalibacter melissae,species,0.0003321100612743063,fraction_reads,0.0,1,1
Centrifuge,unified,Centrifuge_unified,ZymoMockD6331,ZymoMockD6331,ont,D6331_Qiagen,2697033,2697033,                  Aristophania vespae,Aristophania vespae,species,0.0003321100612743063,fraction_reads,0.0,1,1
Centrifuge,unified,Centrifuge_unified,ZymoMockD6331,ZymoMockD6331,ont,D6331_Qiagen,2984322,2984322,                  Candidatus Kirkpatrickella diaphorinae,Candidatus Kirkpatrickella diaphorinae,species,0.0003321100612743063,fraction_reads,0.0,1,1
Centrifuge,unified,Centrifuge_unified,ZymoMockD6331,ZymoMockD6331,ont,D6331_Qiagen,62140,62140,                  Acidiphilium multivorum,Acidiphilium multivorum,species,0.001992660367645838,fraction_reads,0.0,6,2
Centrifuge,unified,Centrifuge_unified,ZymoMockD6331,ZymoMockD6331,ont,D6331_Qiagen,3040935,3040935,                  Acidisoma cladoniae,Acidisoma cladoniae,species,0.0003321100612743063,fraction_reads,0.0,1,1
Centrifuge,unified,Centrifuge_unified,ZymoMockD6331,ZymoMockD6331,ont,D6331_Qiagen,207340,207340,                  Roseomonas mucosa,Roseomonas mucosa,species,0.0006642201225486126,fraction_reads,0.0,2,2
Centrifuge,unified,Centrifuge_unified,ZymoMockD6331,ZymoMockD6331,ont,D6331_Qiagen,2768162,2768162,                  Roseomonas haemaphysalidis,Roseomonas haemaphysalidis,species,0.0006642201225486126,fraction_reads,0.0,2,2
Centrifuge,unified,Centrifuge_unified,ZymoMockD6331,ZymoMockD6331,ont,D6331_Qiagen,3133721,3133721,                    Sediminicoccus sp. KRV36,Sediminicoccus sp. KRV36,species,0.0003321100612743063,fraction_reads,0.0,1,1
Centrifuge,unified,Centrifuge_unified,ZymoMockD6331,ZymoMockD6331,ont,D6331_Qiagen,2867016,2867016,                    Leisingera sp. S132,Leisingera sp. S132,species,0.006974311286760433,fraction_reads,0.01,21,21
Centrifuge,unified,Centrifuge_unified,ZymoMockD6331,ZymoMockD6331,ont,D6331_Qiagen,2867015,2867015,                    Leisingera sp. M658,Leisingera sp. M658,species,0.0036532106740173693,fraction_reads,0.0,11,11
Centrifuge,unified,Centrifuge_unified,ZymoMockD6331,ZymoMockD6331,ont,D6331_Qiagen,1396826,1396826,                  Leisingera aquaemixtae,Leisingera aquaemixtae,species,0.0016605503063715317,fraction_reads,0.0,5,5
Centrifuge,unified,Centrifuge_unified,ZymoMockD6331,ZymoMockD6331,ont,D6331_Qiagen,2930199,2930199,                  Leisingera thetidis,Leisingera thetidis,species,0.0006642201225486126,fraction_reads,0.0,2,2
Centrifuge,unified,Centrifuge_unified,ZymoMockD6331,ZymoMockD6331,ont,D6331_Qiagen,1775881,1775881,                  Sulfitobacter faviae,Sulfitobacter faviae,species,0.002324770428920144,fraction_reads,0.0,7,7
Centrifuge,unified,Centrifuge_unified,ZymoMockD6331,ZymoMockD6331,ont,D6331_Qiagen,2867025,2867025,                    Sulfitobacter sp. W027,Sulfitobacter sp. W027,species,0.000996330183822919,fraction_reads,0.0,3,3
Centrifuge,unified,Centrifuge_unified,ZymoMockD6331,ZymoMockD6331,ont,D6331_Qiagen,1389005,1389005,                    Sulfitobacter sp. SK012,Sulfitobacter sp. SK012,species,0.0003321100612743063,fraction_reads,0.0,1,1
Centrifuge,unified,Centrifuge_unified,ZymoMockD6331,ZymoMockD6331,ont,D6331_Qiagen,60137,60137,                  Sulfitobacter pontiacus,Sulfitobacter pontiacus,species,0.000996330183822919,fraction_reads,0.0,3,3
Centrifuge,unified,Centrifuge_unified,ZymoMockD6331,ZymoMockD6331,ont,D6331_Qiagen,83219,83219,                  Sulfitobacter mediterraneus,Sulfitobacter mediterraneus,species,0.0006642201225486126,fraction_reads,0.0,2,2
Centrifuge,unified,Centrifuge_unified,ZymoMockD6331,ZymoMockD6331,ont,D6331_Qiagen,221822,221822,                  Phaeobacter inhibens,Phaeobacter inhibens,species,0.0036532106740173693,fraction_reads,0.0,11,1
Centrifuge,unified,Centrifuge_unified,ZymoMockD6331,ZymoMockD6331,ont,D6331_Qiagen,311180,311180,                  Alloyangia pacifica,Alloyangia pacifica,species,0.0013284402450972252,fraction_reads,0.0,4,4
Centrifuge,unified,Centrifuge_unified,ZymoMockD6331,ZymoMockD6331,ont,D6331_Qiagen,92945,92945,                  Ketogulonicigenium vulgare,Ketogulonicigenium vulgare,species,0.0006642201225486126,fraction_reads,0.0,2,0
Centrifuge,unified,Centrifuge_unified,ZymoMockD6331,ZymoMockD6331,ont,D6331_Qiagen,3079304,3079304,                    Palleronia sp. LCG004,Palleronia sp. LCG004,species,0.0006642201225486126,fraction_reads,0.0,2,2
Centrifuge,unified,Centrifuge_unified,ZymoMockD6331,ZymoMockD6331,ont,D6331_Qiagen,1402135,1402135,                  Pseudosulfitobacter pseudonitzschiae,Pseudosulfitobacter pseudonitzschiae,species,0.0003321100612743063,fraction_reads,0.0,1,1
Centrifuge,unified,Centrifuge_unified,ZymoMockD6331,ZymoMockD6331,ont,D6331_Qiagen,3350098,3350098,                    Pseudosulfitobacter sp. SM2401,Pseudosulfitobacter sp. SM2401,species,0.0003321100612743063,fraction_reads,0.0,1,1
Centrifuge,unified,Centrifuge_unified,ZymoMockD6331,ZymoMockD6331,ont,D6331_Qiagen,3048007,3048007,                    Sagittula sp. MA-2,Sagittula sp. MA-2,species,0.0003321100612743063,fraction_reads,0.0,1,1
Centrifuge,unified,Centrifuge_unified,ZymoMockD6331,ZymoMockD6331,ont,D6331_Qiagen,2588299,2588299,                    Roseivivax sp. THAF197b,Roseivivax sp. THAF197b,species,0.0003321100612743063,fraction_reads,0.0,1,1
Centrifuge,unified,Centrifuge_unified,ZymoMockD6331,ZymoMockD6331,ont,D6331_Qiagen,195913,195913,                  Loktanella salsilacus,Loktanella salsilacus,species,0.0003321100612743063,fraction_reads,0.0,1,1
Centrifuge,unified,Centrifuge_unified,ZymoMockD6331,ZymoMockD6331,ont,D6331_Qiagen,282199,282199,                  Nereida ignava,Nereida ignava,species,0.0003321100612743063,fraction_reads,0.0,1,1
Centrifuge,unified,Centrifuge_unified,ZymoMockD6331,ZymoMockD6331,ont,D6331_Qiagen,2017482,2017482,                    Thalassococcus sp. S3,Thalassococcus sp. S3,species,0.0003321100612743063,fraction_reads,0.0,1,1
Centrifuge,unified,Centrifuge_unified,ZymoMockD6331,ZymoMockD6331,ont,D6331_Qiagen,3349698,3349698,                    Falsihalocynthiibacter sp. SS001,Falsihalocynthiibacter sp. SS001,species,0.0003321100612743063,fraction_reads,0.0,1,1
Centrifuge,unified,Centrifuge_unified,ZymoMockD6331,ZymoMockD6331,ont,D6331_Qiagen,1263728,1263728,                    Paracoccus sp. TOH,Paracoccus sp. TOH,species,0.005313760980388901,fraction_reads,0.01,16,16
Centrifuge,unified,Centrifuge_unified,ZymoMockD6331,ZymoMockD6331,ont,D6331_Qiagen,82367,82367,                  Paracoccus pantotrophus,Paracoccus pantotrophus,species,0.0016605503063715317,fraction_reads,0.0,5,5
Centrifuge,unified,Centrifuge_unified,ZymoMockD6331,ZymoMockD6331,ont,D6331_Qiagen,59779,59779,                  Paracoccus marcusii,Paracoccus marcusii,species,0.000996330183822919,fraction_reads,0.0,3,3
Centrifuge,unified,Centrifuge_unified,ZymoMockD6331,ZymoMockD6331,ont,D6331_Qiagen,3387397,3387397,                    Rhodovulum sp. YEN HP10,Rhodovulum sp. YEN HP10,species,0.005313760980388901,fraction_reads,0.01,16,16
Centrifuge,unified,Centrifuge_unified,ZymoMockD6331,ZymoMockD6331,ont,D6331_Qiagen,3131928,3131928,                    Thioclava sp. GXIMD4215,Thioclava sp. GXIMD4215,species,0.0003321100612743063,fraction_reads,0.0,1,1
Centrifuge,unified,Centrifuge_unified,ZymoMockD6331,ZymoMockD6331,ont,D6331_Qiagen,3131929,3131929,                    Thioclava sp. GXIMD4216,Thioclava sp. GXIMD4216,species,0.0003321100612743063,fraction_reads,0.0,1,1
Centrifuge,unified,Centrifuge_unified,ZymoMockD6331,ZymoMockD6331,ont,D6331_Qiagen,3149044,3149044,                    Thioclava sp. 'Guangxiensis',Thioclava sp. 'Guangxiensis',species,0.0003321100612743063,fraction_reads,0.0,1,1
Centrifuge,unified,Centrifuge_unified,ZymoMockD6331,ZymoMockD6331,ont,D6331_Qiagen,1915078,1915078,                  Thioclava nitratireducens,Thioclava nitratireducens,species,0.0006642201225486126,fraction_reads,0.0,2,2
Centrifuge,unified,Centrifuge_unified,ZymoMockD6331,ZymoMockD6331,ont,D6331_Qiagen,379347,379347,                  Tritonibacter mobilis,Tritonibacter mobilis,species,0.0016605503063715317,fraction_reads,0.0,5,5
Centrifuge,unified,Centrifuge_unified,ZymoMockD6331,ZymoMockD6331,ont,D6331_Qiagen,564137,564137,                  Roseicitreum antarcticum,Roseicitreum antarcticum,species,0.0006642201225486126,fraction_reads,0.0,2,2
Centrifuge,unified,Centrifuge_unified,ZymoMockD6331,ZymoMockD6331,ont,D6331_Qiagen,245188,245188,                  Yoonia vestfoldensis,Yoonia vestfoldensis,species,0.0003321100612743063,fraction_reads,0.0,1,1
Centrifuge,unified,Centrifuge_unified,ZymoMockD6331,ZymoMockD6331,ont,D6331_Qiagen,2579971,2579971,                  Paroceanicella profunda,Paroceanicella profunda,species,0.0003321100612743063,fraction_reads,0.0,1,1
Centrifuge,unified,Centrifuge_unified,ZymoMockD6331,ZymoMockD6331,ont,D6331_Qiagen,2033869,2033869,                    Rhodobacter sp. CZR27,Rhodobacter sp. CZR27,species,0.0003321100612743063,fraction_reads,0.0,1,1
Centrifuge,unified,Centrifuge_unified,ZymoMockD6331,ZymoMockD6331,ont,D6331_Qiagen,2883236,2883236,                      Wolbachia endosymbiont of Psylliodes chrysocephala,Wolbachia endosymbiont of Psylliodes chrysocephala,species,0.003985320735291676,fraction_reads,0.0,12,12
Centrifuge,unified,Centrifuge_unified,ZymoMockD6331,ZymoMockD6331,ont,D6331_Qiagen,546165,546165,                      Wolbachia endosymbiont of Aedes aegypti,Wolbachia endosymbiont of Aedes aegypti,species,0.0003321100612743063,fraction_reads,0.0,1,1
Centrifuge,unified,Centrifuge_unified,ZymoMockD6331,ZymoMockD6331,ont,D6331_Qiagen,955,955,                    Wolbachia pipientis,Wolbachia pipientis,species,0.0003321100612743063,fraction_reads,0.0,1,1
Centrifuge,unified,Centrifuge_unified,ZymoMockD6331,ZymoMockD6331,ont,D6331_Qiagen,106178,106178,                  canis group,canis group,species,0.0003321100612743063,fraction_reads,0.0,1,0
Centrifuge,unified,Centrifuge_unified,ZymoMockD6331,ZymoMockD6331,ont,D6331_Qiagen,779,779,                    Ehrlichia ruminantium,Ehrlichia ruminantium,species,0.0003321100612743063,fraction_reads,0.0,1,1
Centrifuge,unified,Centrifuge_unified,ZymoMockD6331,ZymoMockD6331,ont,D6331_Qiagen,89586,89586,                  Neoehrlichia mikurensis,Neoehrlichia mikurensis,species,0.0003321100612743063,fraction_reads,0.0,1,1
Centrifuge,unified,Centrifuge_unified,ZymoMockD6331,ZymoMockD6331,ont,D6331_Qiagen,2884482,2884482,                      Rickettsia endosymbiont of Ceutorhynchus assimilis,Rickettsia endosymbiont of Ceutorhynchus assimilis,species,0.002324770428920144,fraction_reads,0.0,7,7
Centrifuge,unified,Centrifuge_unified,ZymoMockD6331,ZymoMockD6331,ont,D6331_Qiagen,114277,114277,                    spotted fever group,spotted fever group,species,0.000996330183822919,fraction_reads,0.0,3,0
Centrifuge,unified,Centrifuge_unified,ZymoMockD6331,ZymoMockD6331,ont,D6331_Qiagen,35789,35789,                      Rickettsia helvetica,Rickettsia helvetica,species,0.000996330183822919,fraction_reads,0.0,3,3
Centrifuge,unified,Centrifuge_unified,ZymoMockD6331,ZymoMockD6331,ont,D6331_Qiagen,1129742,1129742,                    belli group,belli group,species,0.0003321100612743063,fraction_reads,0.0,1,0
Centrifuge,unified,Centrifuge_unified,ZymoMockD6331,ZymoMockD6331,ont,D6331_Qiagen,33990,33990,                      Rickettsia bellii,Rickettsia bellii,species,0.0003321100612743063,fraction_reads,0.0,1,1
Centrifuge,unified,Centrifuge_unified,ZymoMockD6331,ZymoMockD6331,ont,D6331_Qiagen,588932,588932,                  Brevundimonas naejangsanensis,Brevundimonas naejangsanensis,species,0.002324770428920144,fraction_reads,0.0,7,7
Centrifuge,unified,Centrifuge_unified,ZymoMockD6331,ZymoMockD6331,ont,D6331_Qiagen,657642,657642,                  Brevundimonas olei,Brevundimonas olei,species,0.0006642201225486126,fraction_reads,0.0,2,2
Centrifuge,unified,Centrifuge_unified,ZymoMockD6331,ZymoMockD6331,ont,D6331_Qiagen,1679497,1679497,                  Caulobacter flavus,Caulobacter flavus,species,0.001992660367645838,fraction_reads,0.0,6,6
Centrifuge,unified,Centrifuge_unified,ZymoMockD6331,ZymoMockD6331,ont,D6331_Qiagen,652764,652764,                    Azospirillum sp. TSH100,Azospirillum sp. TSH100,species,0.000996330183822919,fraction_reads,0.0,3,3
Centrifuge,unified,Centrifuge_unified,ZymoMockD6331,ZymoMockD6331,ont,D6331_Qiagen,137722,137722,                    Azospirillum sp. B510,Azospirillum sp. B510,species,0.0003321100612743063,fraction_reads,0.0,1,1
Centrifuge,unified,Centrifuge_unified,ZymoMockD6331,ZymoMockD6331,ont,D6331_Qiagen,193,193,                  Azospirillum lipoferum,Azospirillum lipoferum,species,0.0006642201225486126,fraction_reads,0.0,2,0
Centrifuge,unified,Centrifuge_unified,ZymoMockD6331,ZymoMockD6331,ont,D6331_Qiagen,192,192,                  Azospirillum brasilense,Azospirillum brasilense,species,0.0003321100612743063,fraction_reads,0.0,1,1
Centrifuge,unified,Centrifuge_unified,ZymoMockD6331,ZymoMockD6331,ont,D6331_Qiagen,1226968,1226968,                  Azospirillum humicireducens,Azospirillum humicireducens,species,0.0003321100612743063,fraction_reads,0.0,1,1
Centrifuge,unified,Centrifuge_unified,ZymoMockD6331,ZymoMockD6331,ont,D6331_Qiagen,1612173,1612173,                  Niveispirillum cyanobacteriorum,Niveispirillum cyanobacteriorum,species,0.0006642201225486126,fraction_reads,0.0,2,2
Centrifuge,unified,Centrifuge_unified,ZymoMockD6331,ZymoMockD6331,ont,D6331_Qiagen,2775420,2775420,                  Skermanella cutis,Skermanella cutis,species,0.0003321100612743063,fraction_reads,0.0,1,1
Centrifuge,unified,Centrifuge_unified,ZymoMockD6331,ZymoMockD6331,ont,D6331_Qiagen,2220096,2220096,                  Indioceanicola profundi,Indioceanicola profundi,species,0.0003321100612743063,fraction_reads,0.0,1,1
Centrifuge,unified,Centrifuge_unified,ZymoMockD6331,ZymoMockD6331,ont,D6331_Qiagen,220697,220697,                  Thalassospira xiamenensis,Thalassospira xiamenensis,species,0.0003321100612743063,fraction_reads,0.0,1,0
Centrifuge,unified,Centrifuge_unified,ZymoMockD6331,ZymoMockD6331,ont,D6331_Qiagen,1759059,1759059,                  Candidatus Viadribacter manganicus,Candidatus Viadribacter manganicus,species,0.0036532106740173693,fraction_reads,0.0,11,11
Centrifuge,unified,Centrifuge_unified,ZymoMockD6331,ZymoMockD6331,ont,D6331_Qiagen,87882,87882,                  Burkholderia cepacia complex,Burkholderia cepacia complex,species,0.05048072931369456,fraction_reads,0.05,152,0
Centrifuge,unified,Centrifuge_unified,ZymoMockD6331,ZymoMockD6331,ont,D6331_Qiagen,95486,95486,                    Burkholderia cenocepacia,Burkholderia cenocepacia,species,0.038192657046545224,fraction_reads,0.04,115,114
Centrifuge,unified,Centrifuge_unified,ZymoMockD6331,ZymoMockD6331,ont,D6331_Qiagen,87883,87883,                    Burkholderia multivorans,Burkholderia multivorans,species,0.004649540857840288,fraction_reads,0.0,14,14
Centrifuge,unified,Centrifuge_unified,ZymoMockD6331,ZymoMockD6331,ont,D6331_Qiagen,488447,488447,                    Burkholderia contaminans,Burkholderia contaminans,species,0.0033211006127430633,fraction_reads,0.0,10,10
Centrifuge,unified,Centrifuge_unified,ZymoMockD6331,ZymoMockD6331,ont,D6331_Qiagen,292,292,                    Burkholderia cepacia,Burkholderia cepacia,species,0.0016605503063715317,fraction_reads,0.0,5,5
Centrifuge,unified,Centrifuge_unified,ZymoMockD6331,ZymoMockD6331,ont,D6331_Qiagen,152500,152500,                    Burkholderia dolosa,Burkholderia dolosa,species,0.000996330183822919,fraction_reads,0.0,3,3
Centrifuge,unified,Centrifuge_unified,ZymoMockD6331,ZymoMockD6331,ont,D6331_Qiagen,179879,179879,                    Burkholderia anthina,Burkholderia anthina,species,0.0006642201225486126,fraction_reads,0.0,2,2
Centrifuge,unified,Centrifuge_unified,ZymoMockD6331,ZymoMockD6331,ont,D6331_Qiagen,60552,60552,                    Burkholderia vietnamiensis,Burkholderia vietnamiensis,species,0.0003321100612743063,fraction_reads,0.0,1,1
Centrifuge,unified,Centrifuge_unified,ZymoMockD6331,ZymoMockD6331,ont,D6331_Qiagen,152480,152480,                    Burkholderia ambifaria,Burkholderia ambifaria,species,0.0003321100612743063,fraction_reads,0.0,1,0
Centrifuge,unified,Centrifuge_unified,ZymoMockD6331,ZymoMockD6331,ont,D6331_Qiagen,1503055,1503055,                    Burkholderia territorii,Burkholderia territorii,species,0.0003321100612743063,fraction_reads,0.0,1,1
Centrifuge,unified,Centrifuge_unified,ZymoMockD6331,ZymoMockD6331,ont,D6331_Qiagen,111527,111527,                  pseudomallei group,pseudomallei group,species,0.009299081715680576,fraction_reads,0.01,28,0
Centrifuge,unified,Centrifuge_unified,ZymoMockD6331,ZymoMockD6331,ont,D6331_Qiagen,28450,28450,                    Burkholderia pseudomallei,Burkholderia pseudomallei,species,0.007306421348034739,fraction_reads,0.01,22,20
Centrifuge,unified,Centrifuge_unified,ZymoMockD6331,ZymoMockD6331,ont,D6331_Qiagen,57975,57975,                    Burkholderia thailandensis,Burkholderia thailandensis,species,0.0016605503063715317,fraction_reads,0.0,5,2
Centrifuge,unified,Centrifuge_unified,ZymoMockD6331,ZymoMockD6331,ont,D6331_Qiagen,13373,13373,                    Burkholderia mallei,Burkholderia mallei,species,0.0003321100612743063,fraction_reads,0.0,1,1
Centrifuge,unified,Centrifuge_unified,ZymoMockD6331,ZymoMockD6331,ont,D6331_Qiagen,337,337,                  Burkholderia glumae,Burkholderia glumae,species,0.004317430796565982,fraction_reads,0.0,13,13
Centrifuge,unified,Centrifuge_unified,ZymoMockD6331,ZymoMockD6331,ont,D6331_Qiagen,2811789,2811789,                    Burkholderia sp. MS389,Burkholderia sp. MS389,species,0.000996330183822919,fraction_reads,0.0,3,3
Centrifuge,unified,Centrifuge_unified,ZymoMockD6331,ZymoMockD6331,ont,D6331_Qiagen,1494466,1494466,                    Burkholderia sp. FERM BP-3421,Burkholderia sp. FERM BP-3421,species,0.0003321100612743063,fraction_reads,0.0,1,1
Centrifuge,unified,Centrifuge_unified,ZymoMockD6331,ZymoMockD6331,ont,D6331_Qiagen,1705310,1705310,                    Burkholderia sp. IDO3,Burkholderia sp. IDO3,species,0.0003321100612743063,fraction_reads,0.0,1,1
Centrifuge,unified,Centrifuge_unified,ZymoMockD6331,ZymoMockD6331,ont,D6331_Qiagen,28095,28095,                  Burkholderia gladioli,Burkholderia gladioli,species,0.0003321100612743063,fraction_reads,0.0,1,1
Centrifuge,unified,Centrifuge_unified,ZymoMockD6331,ZymoMockD6331,ont,D6331_Qiagen,3080498,3080498,                    Paraburkholderia sp. 22B1P,Paraburkholderia sp. 22B1P,species,0.0026568804901944505,fraction_reads,0.0,8,8
Centrifuge,unified,Centrifuge_unified,ZymoMockD6331,ZymoMockD6331,ont,D6331_Qiagen,2880218,2880218,                    Paraburkholderia sp. D15,Paraburkholderia sp. D15,species,0.0003321100612743063,fraction_reads,0.0,1,1
Centrifuge,unified,Centrifuge_unified,ZymoMockD6331,ZymoMockD6331,ont,D6331_Qiagen,3141544,3141544,                    Paraburkholderia sp. PREW-6R,Paraburkholderia sp. PREW-6R,species,0.0003321100612743063,fraction_reads,0.0,1,1
Centrifuge,unified,Centrifuge_unified,ZymoMockD6331,ZymoMockD6331,ont,D6331_Qiagen,252970,252970,                  Paraburkholderia phenoliruptrix,Paraburkholderia phenoliruptrix,species,0.001992660367645838,fraction_reads,0.0,6,6
Centrifuge,unified,Centrifuge_unified,ZymoMockD6331,ZymoMockD6331,ont,D6331_Qiagen,2152891,2152891,                  Paraburkholderia bonniea,Paraburkholderia bonniea,species,0.000996330183822919,fraction_reads,0.0,3,3
Centrifuge,unified,Centrifuge_unified,ZymoMockD6331,ZymoMockD6331,ont,D6331_Qiagen,134537,134537,                  Paraburkholderia fungorum,Paraburkholderia fungorum,species,0.0006642201225486126,fraction_reads,0.0,2,2
Centrifuge,unified,Centrifuge_unified,ZymoMockD6331,ZymoMockD6331,ont,D6331_Qiagen,169427,169427,                  Paraburkholderia terricola,Paraburkholderia terricola,species,0.0006642201225486126,fraction_reads,0.0,2,2
Centrifuge,unified,Centrifuge_unified,ZymoMockD6331,ZymoMockD6331,ont,D6331_Qiagen,273251,273251,                  Paraburkholderia sabiae,Paraburkholderia sabiae,species,0.0006642201225486126,fraction_reads,0.0,2,2
Centrifuge,unified,Centrifuge_unified,ZymoMockD6331,ZymoMockD6331,ont,D6331_Qiagen,2026199,2026199,                  Paraburkholderia aromaticivorans,Paraburkholderia aromaticivorans,species,0.0006642201225486126,fraction_reads,0.0,2,2
Centrifuge,unified,Centrifuge_unified,ZymoMockD6331,ZymoMockD6331,ont,D6331_Qiagen,311230,311230,                  Paraburkholderia terrae,Paraburkholderia terrae,species,0.0003321100612743063,fraction_reads,0.0,1,1
Centrifuge,unified,Centrifuge_unified,ZymoMockD6331,ZymoMockD6331,ont,D6331_Qiagen,3116862,3116862,                  Ralstonia solanacearum species complex,Ralstonia solanacearum species complex,species,0.003985320735291676,fraction_reads,0.0,12,0
Centrifuge,unified,Centrifuge_unified,ZymoMockD6331,ZymoMockD6331,ont,D6331_Qiagen,1310165,1310165,                    Ralstonia pseudosolanacearum,Ralstonia pseudosolanacearum,species,0.001992660367645838,fraction_reads,0.0,6,6
Centrifuge,unified,Centrifuge_unified,ZymoMockD6331,ZymoMockD6331,ont,D6331_Qiagen,305,305,                    Ralstonia solanacearum,Ralstonia solanacearum,species,0.0016605503063715317,fraction_reads,0.0,5,4
Centrifuge,unified,Centrifuge_unified,ZymoMockD6331,ZymoMockD6331,ont,D6331_Qiagen,28097,28097,                    Ralstonia syzygii,Ralstonia syzygii,species,0.0003321100612743063,fraction_reads,0.0,1,0
Centrifuge,unified,Centrifuge_unified,ZymoMockD6331,ZymoMockD6331,ont,D6331_Qiagen,3231757,3231757,                    Ralstonia sp. CP,Ralstonia sp. CP,species,0.0003321100612743063,fraction_reads,0.0,1,1
Centrifuge,unified,Centrifuge_unified,ZymoMockD6331,ZymoMockD6331,ont,D6331_Qiagen,2705547,2705547,                    Caballeronia sp. SBC2,Caballeronia sp. SBC2,species,0.000996330183822919,fraction_reads,0.0,3,3
Centrifuge,unified,Centrifuge_unified,ZymoMockD6331,ZymoMockD6331,ont,D6331_Qiagen,758793,758793,                  Caballeronia insecticola,Caballeronia insecticola,species,0.0003321100612743063,fraction_reads,0.0,1,1
Centrifuge,unified,Centrifuge_unified,ZymoMockD6331,ZymoMockD6331,ont,D6331_Qiagen,871203,871203,                  Caballeronia zhejiangensis,Caballeronia zhejiangensis,species,0.0003321100612743063,fraction_reads,0.0,1,1
Centrifuge,unified,Centrifuge_unified,ZymoMockD6331,ZymoMockD6331,ont,D6331_Qiagen,417203,417203,                  Mycetohabitans endofungorum,Mycetohabitans endofungorum,species,0.0016605503063715317,fraction_reads,0.0,5,5
Centrifuge,unified,Centrifuge_unified,ZymoMockD6331,ZymoMockD6331,ont,D6331_Qiagen,164546,164546,                  Cupriavidus taiwanensis,Cupriavidus taiwanensis,species,0.0003321100612743063,fraction_reads,0.0,1,1
Centrifuge,unified,Centrifuge_unified,ZymoMockD6331,ZymoMockD6331,ont,D6331_Qiagen,367825,367825,                  Cupriavidus malaysiensis,Cupriavidus malaysiensis,species,0.0003321100612743063,fraction_reads,0.0,1,1
Centrifuge,unified,Centrifuge_unified,ZymoMockD6331,ZymoMockD6331,ont,D6331_Qiagen,3160989,3160989,                    Cupriavidus sp. DF5525,Cupriavidus sp. DF5525,species,0.0003321100612743063,fraction_reads,0.0,1,1
Centrifuge,unified,Centrifuge_unified,ZymoMockD6331,ZymoMockD6331,ont,D6331_Qiagen,1855883,1855883,                    Polynucleobacter sp. MWH-Braz-FAM2G,Polynucleobacter sp. MWH-Braz-FAM2G,species,0.0003321100612743063,fraction_reads,0.0,1,1
Centrifuge,unified,Centrifuge_unified,ZymoMockD6331,ZymoMockD6331,ont,D6331_Qiagen,520,520,                  Bordetella pertussis,Bordetella pertussis,species,0.0076385314093090455,fraction_reads,0.01,23,23
Centrifuge,unified,Centrifuge_unified,ZymoMockD6331,ZymoMockD6331,ont,D6331_Qiagen,2813780,2813780,                    Alcaligenes sp. SORT26,Alcaligenes sp. SORT26,species,0.0013284402450972252,fraction_reads,0.0,4,4
Centrifuge,unified,Centrifuge_unified,ZymoMockD6331,ZymoMockD6331,ont,D6331_Qiagen,511,511,                  Alcaligenes faecalis,Alcaligenes faecalis,species,0.0003321100612743063,fraction_reads,0.0,1,1
Centrifuge,unified,Centrifuge_unified,ZymoMockD6331,ZymoMockD6331,ont,D6331_Qiagen,85698,85698,                  Achromobacter xylosoxidans,Achromobacter xylosoxidans,species,0.0003321100612743063,fraction_reads,0.0,1,1
Centrifuge,unified,Centrifuge_unified,ZymoMockD6331,ZymoMockD6331,ont,D6331_Qiagen,217204,217204,                  Achromobacter insolitus,Achromobacter insolitus,species,0.0003321100612743063,fraction_reads,0.0,1,1
Centrifuge,unified,Centrifuge_unified,ZymoMockD6331,ZymoMockD6331,ont,D6331_Qiagen,29575,29575,                  Taylorella equigenitalis,Taylorella equigenitalis,species,0.0003321100612743063,fraction_reads,0.0,1,1
Centrifuge,unified,Centrifuge_unified,ZymoMockD6331,ZymoMockD6331,ont,D6331_Qiagen,546114,546114,                  Castellaniella ginsengisoli,Castellaniella ginsengisoli,species,0.0003321100612743063,fraction_reads,0.0,1,1
Centrifuge,unified,Centrifuge_unified,ZymoMockD6331,ZymoMockD6331,ont,D6331_Qiagen,47920,47920,                  Acidovorax delafieldii,Acidovorax delafieldii,species,0.002324770428920144,fraction_reads,0.0,7,7
Centrifuge,unified,Centrifuge_unified,ZymoMockD6331,ZymoMockD6331,ont,D6331_Qiagen,434010,434010,                    Hydrogenophaga sp. PBL-H3,Hydrogenophaga sp. PBL-H3,species,0.000996330183822919,fraction_reads,0.0,3,3
Centrifuge,unified,Centrifuge_unified,ZymoMockD6331,ZymoMockD6331,ont,D6331_Qiagen,285,285,                  Comamonas testosteroni,Comamonas testosteroni,species,0.0003321100612743063,fraction_reads,0.0,1,1
Centrifuge,unified,Centrifuge_unified,ZymoMockD6331,ZymoMockD6331,ont,D6331_Qiagen,225991,225991,                  Comamonas aquatica,Comamonas aquatica,species,0.0003321100612743063,fraction_reads,0.0,1,1
Centrifuge,unified,Centrifuge_unified,ZymoMockD6331,ZymoMockD6331,ont,D6331_Qiagen,2741720,2741720,                    Rhodoferax sp. BAB1,Rhodoferax sp. BAB1,species,0.0003321100612743063,fraction_reads,0.0,1,1
Centrifuge,unified,Centrifuge_unified,ZymoMockD6331,ZymoMockD6331,ont,D6331_Qiagen,179636,179636,                  Alicycliphilus denitrificans,Alicycliphilus denitrificans,species,0.0003321100612743063,fraction_reads,0.0,1,0
Centrifuge,unified,Centrifuge_unified,ZymoMockD6331,ZymoMockD6331,ont,D6331_Qiagen,2714924,2714924,                    Diaphorobacter sp. HDW4A,Diaphorobacter sp. HDW4A,species,0.0003321100612743063,fraction_reads,0.0,1,1
Centrifuge,unified,Centrifuge_unified,ZymoMockD6331,ZymoMockD6331,ont,D6331_Qiagen,80869,80869,                  Paracidovorax citrulli,Paracidovorax citrulli,species,0.0003321100612743063,fraction_reads,0.0,1,1
Centrifuge,unified,Centrifuge_unified,ZymoMockD6331,ZymoMockD6331,ont,D6331_Qiagen,863372,863372,                  Herbaspirillum huttiense,Herbaspirillum huttiense,species,0.000996330183822919,fraction_reads,0.0,3,3
Centrifuge,unified,Centrifuge_unified,ZymoMockD6331,ZymoMockD6331,ont,D6331_Qiagen,29581,29581,                  Janthinobacterium lividum,Janthinobacterium lividum,species,0.0006642201225486126,fraction_reads,0.0,2,2
Centrifuge,unified,Centrifuge_unified,ZymoMockD6331,ZymoMockD6331,ont,D6331_Qiagen,3002437,3002437,                    Janthinobacterium sp. SUN098,Janthinobacterium sp. SUN098,species,0.0003321100612743063,fraction_reads,0.0,1,1
Centrifuge,unified,Centrifuge_unified,ZymoMockD6331,ZymoMockD6331,ont,D6331_Qiagen,2807626,2807626,                    Glaciimonas sp. PAMC28666,Glaciimonas sp. PAMC28666,species,0.0006642201225486126,fraction_reads,0.0,2,2
Centrifuge,unified,Centrifuge_unified,ZymoMockD6331,ZymoMockD6331,ont,D6331_Qiagen,2683234,2683234,                    Massilia cellulosiltytica,Massilia cellulosiltytica,species,0.0003321100612743063,fraction_reads,0.0,1,1
Centrifuge,unified,Centrifuge_unified,ZymoMockD6331,ZymoMockD6331,ont,D6331_Qiagen,1296669,1296669,                  Aquabacterium olei,Aquabacterium olei,species,0.0016605503063715317,fraction_reads,0.0,5,5
Centrifuge,unified,Centrifuge_unified,ZymoMockD6331,ZymoMockD6331,ont,D6331_Qiagen,926,926,                  Thiomonas intermedia,Thiomonas intermedia,species,0.0003321100612743063,fraction_reads,0.0,1,1
Centrifuge,unified,Centrifuge_unified,ZymoMockD6331,ZymoMockD6331,ont,D6331_Qiagen,2493109,2493109,                    Thiomonas sp. Sup16B3,Thiomonas sp. Sup16B3,species,0.0003321100612743063,fraction_reads,0.0,1,1
Centrifuge,unified,Centrifuge_unified,ZymoMockD6331,ZymoMockD6331,ont,D6331_Qiagen,1597781,1597781,                  Eleftheria terrae,Eleftheria terrae,species,0.0003321100612743063,fraction_reads,0.0,1,1
Centrifuge,unified,Centrifuge_unified,ZymoMockD6331,ZymoMockD6331,ont,D6331_Qiagen,40545,40545,                  Sutterella wadsworthensis,Sutterella wadsworthensis,species,0.0003321100612743063,fraction_reads,0.0,1,1
Centrifuge,unified,Centrifuge_unified,ZymoMockD6331,ZymoMockD6331,ont,D6331_Qiagen,1796652,1796652,                  Turicimonas muris,Turicimonas muris,species,0.0003321100612743063,fraction_reads,0.0,1,1
Centrifuge,unified,Centrifuge_unified,ZymoMockD6331,ZymoMockD6331,ont,D6331_Qiagen,2082386,2082386,                    Methylibium sp. Pch-M,Methylibium sp. Pch-M,species,0.0003321100612743063,fraction_reads,0.0,1,1
Centrifuge,unified,Centrifuge_unified,ZymoMockD6331,ZymoMockD6331,ont,D6331_Qiagen,487,487,                  Neisseria meningitidis,Neisseria meningitidis,species,0.018598163431361153,fraction_reads,0.02,56,56
Centrifuge,unified,Centrifuge_unified,ZymoMockD6331,ZymoMockD6331,ont,D6331_Qiagen,485,485,                  Neisseria gonorrhoeae,Neisseria gonorrhoeae,species,0.005313760980388901,fraction_reads,0.01,16,16
Centrifuge,unified,Centrifuge_unified,ZymoMockD6331,ZymoMockD6331,ont,D6331_Qiagen,1815583,1815583,                  Neisseria musculi,Neisseria musculi,species,0.004649540857840288,fraction_reads,0.0,14,14
Centrifuge,unified,Centrifuge_unified,ZymoMockD6331,ZymoMockD6331,ont,D6331_Qiagen,495,495,                  Neisseria elongata,Neisseria elongata,species,0.0003321100612743063,fraction_reads,0.0,1,1
Centrifuge,unified,Centrifuge_unified,ZymoMockD6331,ZymoMockD6331,ont,D6331_Qiagen,2995413,2995413,                  Neisseria leonii,Neisseria leonii,species,0.0003321100612743063,fraction_reads,0.0,1,1
Centrifuge,unified,Centrifuge_unified,ZymoMockD6331,ZymoMockD6331,ont,D6331_Qiagen,1196083,1196083,                  Snodgrassella alvi,Snodgrassella alvi,species,0.0209229338602813,fraction_reads,0.02,63,63
Centrifuge,unified,Centrifuge_unified,ZymoMockD6331,ZymoMockD6331,ont,D6331_Qiagen,2946699,2946699,                  Snodgrassella communis,Snodgrassella communis,species,0.0003321100612743063,fraction_reads,0.0,1,1
Centrifuge,unified,Centrifuge_unified,ZymoMockD6331,ZymoMockD6331,ont,D6331_Qiagen,72,72,                  Simonsiella muelleri,Simonsiella muelleri,species,0.0033211006127430633,fraction_reads,0.0,10,0
Centrifuge,unified,Centrifuge_unified,ZymoMockD6331,ZymoMockD6331,ont,D6331_Qiagen,2739434,2739434,                  Chitinibacter bivalviorum,Chitinibacter bivalviorum,species,0.0016605503063715317,fraction_reads,0.0,5,5
Centrifuge,unified,Centrifuge_unified,ZymoMockD6331,ZymoMockD6331,ont,D6331_Qiagen,356302,356302,                  Chitinimonas koreensis,Chitinimonas koreensis,species,0.0016605503063715317,fraction_reads,0.0,5,5
Centrifuge,unified,Centrifuge_unified,ZymoMockD6331,ZymoMockD6331,ont,D6331_Qiagen,536,536,                  Chromobacterium violaceum,Chromobacterium violaceum,species,0.0013284402450972252,fraction_reads,0.0,4,4
Centrifuge,unified,Centrifuge_unified,ZymoMockD6331,ZymoMockD6331,ont,D6331_Qiagen,2877939,2877939,                    Vogesella sp. XCS3,Vogesella sp. XCS3,species,0.0003321100612743063,fraction_reads,0.0,1,1
Centrifuge,unified,Centrifuge_unified,ZymoMockD6331,ZymoMockD6331,ont,D6331_Qiagen,453162,453162,                  Candidatus Nitrotoga arctica,Candidatus Nitrotoga arctica,species,0.001992660367645838,fraction_reads,0.0,6,6
Centrifuge,unified,Centrifuge_unified,ZymoMockD6331,ZymoMockD6331,ont,D6331_Qiagen,311182,311182,                  Denitratisoma oestradiolicum,Denitratisoma oestradiolicum,species,0.000996330183822919,fraction_reads,0.0,3,3
Centrifuge,unified,Centrifuge_unified,ZymoMockD6331,ZymoMockD6331,ont,D6331_Qiagen,418699,418699,                  Azoarcus olearius,Azoarcus olearius,species,0.0003321100612743063,fraction_reads,0.0,1,1
Centrifuge,unified,Centrifuge_unified,ZymoMockD6331,ZymoMockD6331,ont,D6331_Qiagen,59405,59405,                  Thauera aromatica,Thauera aromatica,species,0.0003321100612743063,fraction_reads,0.0,1,0
Centrifuge,unified,Centrifuge_unified,ZymoMockD6331,ZymoMockD6331,ont,D6331_Qiagen,2231055,2231055,                    Dechloromonas sp. HYN0024,Dechloromonas sp. HYN0024,species,0.0006642201225486126,fraction_reads,0.0,2,2
Centrifuge,unified,Centrifuge_unified,ZymoMockD6331,ZymoMockD6331,ont,D6331_Qiagen,33059,33059,                  Acidithiobacillus caldus,Acidithiobacillus caldus,species,0.0003321100612743063,fraction_reads,0.0,1,1
Centrifuge,unified,Centrifuge_unified,ZymoMockD6331,ZymoMockD6331,ont,D6331_Qiagen,160808,160808,                  Acidithiobacillus ferrivorans,Acidithiobacillus ferrivorans,species,0.0003321100612743063,fraction_reads,0.0,1,1
Centrifuge,unified,Centrifuge_unified,ZymoMockD6331,ZymoMockD6331,ont,D6331_Qiagen,2994951,2994951,                    Acidithiobacillus sp. AMEEHan,Acidithiobacillus sp. AMEEHan,species,0.0003321100612743063,fraction_reads,0.0,1,1
Centrifuge,unified,Centrifuge_unified,ZymoMockD6331,ZymoMockD6331,ont,D6331_Qiagen,297,297,                  Hydrogenophilus thermoluteolus,Hydrogenophilus thermoluteolus,species,0.0003321100612743063,fraction_reads,0.0,1,1
Centrifuge,unified,Centrifuge_unified,ZymoMockD6331,ZymoMockD6331,ont,D6331_Qiagen,28128,28128,                      Prevotella corporis,Prevotella corporis,species,4.902276614470035,fraction_reads,4.9,14761,14761
Centrifuge,unified,Centrifuge_unified,ZymoMockD6331,ZymoMockD6331,ont,D6331_Qiagen,28131,28131,                      Prevotella intermedia,Prevotella intermedia,species,0.0006642201225486126,fraction_reads,0.0,2,2
Centrifuge,unified,Centrifuge_unified,ZymoMockD6331,ZymoMockD6331,ont,D6331_Qiagen,28132,28132,                      Prevotella melaninogenica,Prevotella melaninogenica,species,0.0006642201225486126,fraction_reads,0.0,2,2
Centrifuge,unified,Centrifuge_unified,ZymoMockD6331,ZymoMockD6331,ont,D6331_Qiagen,282402,282402,                      Prevotella multiformis,Prevotella multiformis,species,0.0003321100612743063,fraction_reads,0.0,1,1
Centrifuge,unified,Centrifuge_unified,ZymoMockD6331,ZymoMockD6331,ont,D6331_Qiagen,165179,165179,                      Segatella copri,Segatella copri,species,0.0016605503063715317,fraction_reads,0.0,5,1
Centrifuge,unified,Centrifuge_unified,ZymoMockD6331,ZymoMockD6331,ont,D6331_Qiagen,454154,454154,                      Paraprevotella clara,Paraprevotella clara,species,0.0003321100612743063,fraction_reads,0.0,1,1
Centrifuge,unified,Centrifuge_unified,ZymoMockD6331,ZymoMockD6331,ont,D6331_Qiagen,817,817,                      Bacteroides fragilis,Bacteroides fragilis,species,3.949784958735325,fraction_reads,3.95,11893,11886
Centrifuge,unified,Centrifuge_unified,ZymoMockD6331,ZymoMockD6331,ont,D6331_Qiagen,674529,674529,                      Bacteroides faecis,Bacteroides faecis,species,0.02789724514704173,fraction_reads,0.03,84,84
Centrifuge,unified,Centrifuge_unified,ZymoMockD6331,ZymoMockD6331,ont,D6331_Qiagen,46506,46506,                      Bacteroides stercoris,Bacteroides stercoris,species,0.01693761312498962,fraction_reads,0.02,51,45
Centrifuge,unified,Centrifuge_unified,ZymoMockD6331,ZymoMockD6331,ont,D6331_Qiagen,818,818,                      Bacteroides thetaiotaomicron,Bacteroides thetaiotaomicron,species,0.013284402450972253,fraction_reads,0.01,40,40
Centrifuge,unified,Centrifuge_unified,ZymoMockD6331,ZymoMockD6331,ont,D6331_Qiagen,820,820,                      Bacteroides uniformis,Bacteroides uniformis,species,0.011955962205875026,fraction_reads,0.01,36,34
Centrifuge,unified,Centrifuge_unified,ZymoMockD6331,ZymoMockD6331,ont,D6331_Qiagen,28116,28116,                      Bacteroides ovatus,Bacteroides ovatus,species,0.010295411899503495,fraction_reads,0.01,31,31
Centrifuge,unified,Centrifuge_unified,ZymoMockD6331,ZymoMockD6331,ont,D6331_Qiagen,371601,371601,                      Bacteroides xylanisolvens,Bacteroides xylanisolvens,species,0.003985320735291676,fraction_reads,0.0,12,12
Centrifuge,unified,Centrifuge_unified,ZymoMockD6331,ZymoMockD6331,ont,D6331_Qiagen,338188,338188,                      Bacteroides finegoldii,Bacteroides finegoldii,species,0.0016605503063715317,fraction_reads,0.0,5,5
Centrifuge,unified,Centrifuge_unified,ZymoMockD6331,ZymoMockD6331,ont,D6331_Qiagen,291644,291644,                      Bacteroides salyersiae,Bacteroides salyersiae,species,0.0013284402450972252,fraction_reads,0.0,4,4
Centrifuge,unified,Centrifuge_unified,ZymoMockD6331,ZymoMockD6331,ont,D6331_Qiagen,2847299,2847299,                        Bacteroides sp. DH3716P,Bacteroides sp. DH3716P,species,0.0006642201225486126,fraction_reads,0.0,2,2
Centrifuge,unified,Centrifuge_unified,ZymoMockD6331,ZymoMockD6331,ont,D6331_Qiagen,2755405,2755405,                        Bacteroides sp. CACC 737,Bacteroides sp. CACC 737,species,0.0003321100612743063,fraction_reads,0.0,1,1
Centrifuge,unified,Centrifuge_unified,ZymoMockD6331,ZymoMockD6331,ont,D6331_Qiagen,2792859,2792859,                      Bacteroides humanifaecis,Bacteroides humanifaecis,species,0.0006642201225486126,fraction_reads,0.0,2,2
Centrifuge,unified,Centrifuge_unified,ZymoMockD6331,ZymoMockD6331,ont,D6331_Qiagen,290053,290053,                      Bacteroides helcogenes,Bacteroides helcogenes,species,0.0003321100612743063,fraction_reads,0.0,1,0
Centrifuge,unified,Centrifuge_unified,ZymoMockD6331,ZymoMockD6331,ont,D6331_Qiagen,1796613,1796613,                      Bacteroides caecimuris,Bacteroides caecimuris,species,0.0003321100612743063,fraction_reads,0.0,1,1
Centrifuge,unified,Centrifuge_unified,ZymoMockD6331,ZymoMockD6331,ont,D6331_Qiagen,821,821,                      Phocaeicola vulgatus,Phocaeicola vulgatus,species,0.005313760980388901,fraction_reads,0.01,16,16
Centrifuge,unified,Centrifuge_unified,ZymoMockD6331,ZymoMockD6331,ont,D6331_Qiagen,376805,376805,                      Phocaeicola salanitronis,Phocaeicola salanitronis,species,0.0003321100612743063,fraction_reads,0.0,1,0
Centrifuge,unified,Centrifuge_unified,ZymoMockD6331,ZymoMockD6331,ont,D6331_Qiagen,3132707,3132707,                        Alistipes sp. i18-0019-D1,Alistipes sp. i18-0019-D1,species,0.007970641470583352,fraction_reads,0.01,24,24
Centrifuge,unified,Centrifuge_unified,ZymoMockD6331,ZymoMockD6331,ont,D6331_Qiagen,2585118,2585118,                      Alistipes communis,Alistipes communis,species,0.0036532106740173693,fraction_reads,0.0,11,11
Centrifuge,unified,Centrifuge_unified,ZymoMockD6331,ZymoMockD6331,ont,D6331_Qiagen,328813,328813,                      Alistipes onderdonkii,Alistipes onderdonkii,species,0.0033211006127430633,fraction_reads,0.0,10,1
Centrifuge,unified,Centrifuge_unified,ZymoMockD6331,ZymoMockD6331,ont,D6331_Qiagen,214856,214856,                      Alistipes finegoldii,Alistipes finegoldii,species,0.0029889905514687565,fraction_reads,0.0,9,0
Centrifuge,unified,Centrifuge_unified,ZymoMockD6331,ZymoMockD6331,ont,D6331_Qiagen,28117,28117,                      Alistipes putredinis,Alistipes putredinis,species,0.0013284402450972252,fraction_reads,0.0,4,4
Centrifuge,unified,Centrifuge_unified,ZymoMockD6331,ZymoMockD6331,ont,D6331_Qiagen,1288121,1288121,                      Alistipes senegalensis,Alistipes senegalensis,species,0.0003321100612743063,fraction_reads,0.0,1,1
Centrifuge,unified,Centrifuge_unified,ZymoMockD6331,ZymoMockD6331,ont,D6331_Qiagen,823,823,                      Parabacteroides distasonis,Parabacteroides distasonis,species,0.012952292389697945,fraction_reads,0.01,39,35
Centrifuge,unified,Centrifuge_unified,ZymoMockD6331,ZymoMockD6331,ont,D6331_Qiagen,46503,46503,                      Parabacteroides merdae,Parabacteroides merdae,species,0.0036532106740173693,fraction_reads,0.0,11,11
Centrifuge,unified,Centrifuge_unified,ZymoMockD6331,ZymoMockD6331,ont,D6331_Qiagen,1217282,1217282,                      Parabacteroides faecis,Parabacteroides faecis,species,0.0006642201225486126,fraction_reads,0.0,2,2
Centrifuge,unified,Centrifuge_unified,ZymoMockD6331,ZymoMockD6331,ont,D6331_Qiagen,328812,328812,                      Parabacteroides goldsteinii,Parabacteroides goldsteinii,species,0.0003321100612743063,fraction_reads,0.0,1,1
Centrifuge,unified,Centrifuge_unified,ZymoMockD6331,ZymoMockD6331,ont,D6331_Qiagen,387661,387661,                      Parabacteroides johnsonii,Parabacteroides johnsonii,species,0.0003321100612743063,fraction_reads,0.0,1,1
Centrifuge,unified,Centrifuge_unified,ZymoMockD6331,ZymoMockD6331,ont,D6331_Qiagen,45254,45254,                      Dysgonomonas capnocytophagoides,Dysgonomonas capnocytophagoides,species,0.0026568804901944505,fraction_reads,0.0,8,8
Centrifuge,unified,Centrifuge_unified,ZymoMockD6331,ZymoMockD6331,ont,D6331_Qiagen,28118,28118,                      Odoribacter splanchnicus,Odoribacter splanchnicus,species,0.000996330183822919,fraction_reads,0.0,3,2
Centrifuge,unified,Centrifuge_unified,ZymoMockD6331,ZymoMockD6331,ont,D6331_Qiagen,322095,322095,                      Porphyromonas somerae,Porphyromonas somerae,species,0.0003321100612743063,fraction_reads,0.0,1,1
Centrifuge,unified,Centrifuge_unified,ZymoMockD6331,ZymoMockD6331,ont,D6331_Qiagen,2706887,2706887,                      Draconibacterium halophilum,Draconibacterium halophilum,species,0.0006642201225486126,fraction_reads,0.0,2,2
Centrifuge,unified,Centrifuge_unified,ZymoMockD6331,ZymoMockD6331,ont,D6331_Qiagen,1165090,1165090,                      Imtechella halotolerans,Imtechella halotolerans,species,2.7850749738463327,fraction_reads,2.79,8386,8386
Centrifuge,unified,Centrifuge_unified,ZymoMockD6331,ZymoMockD6331,ont,D6331_Qiagen,2809707,2809707,                      Salinimicrobium tongyeongense,Salinimicrobium tongyeongense,species,0.007306421348034739,fraction_reads,0.01,22,22
Centrifuge,unified,Centrifuge_unified,ZymoMockD6331,ZymoMockD6331,ont,D6331_Qiagen,2665645,2665645,                        Flavobacterium sp. SLB02,Flavobacterium sp. SLB02,species,0.001992660367645838,fraction_reads,0.0,6,6
Centrifuge,unified,Centrifuge_unified,ZymoMockD6331,ZymoMockD6331,ont,D6331_Qiagen,2986839,2986839,                        Flavobacterium sp. N503310,Flavobacterium sp. N503310,species,0.0003321100612743063,fraction_reads,0.0,1,1
Centrifuge,unified,Centrifuge_unified,ZymoMockD6331,ZymoMockD6331,ont,D6331_Qiagen,996,996,                      Flavobacterium columnare,Flavobacterium columnare,species,0.0016605503063715317,fraction_reads,0.0,5,5
Centrifuge,unified,Centrifuge_unified,ZymoMockD6331,ZymoMockD6331,ont,D6331_Qiagen,96345,96345,                      Flavobacterium psychrophilum,Flavobacterium psychrophilum,species,0.0013284402450972252,fraction_reads,0.0,4,4
Centrifuge,unified,Centrifuge_unified,ZymoMockD6331,ZymoMockD6331,ont,D6331_Qiagen,2895947,2895947,                      Flavobacterium cyclinae,Flavobacterium cyclinae,species,0.0003321100612743063,fraction_reads,0.0,1,1
Centrifuge,unified,Centrifuge_unified,ZymoMockD6331,ZymoMockD6331,ont,D6331_Qiagen,2686077,2686077,                      Winogradskyella forsetii,Winogradskyella forsetii,species,0.002324770428920144,fraction_reads,0.0,7,7
Centrifuge,unified,Centrifuge_unified,ZymoMockD6331,ZymoMockD6331,ont,D6331_Qiagen,754409,754409,                        Winogradskyella sp. PG-2,Winogradskyella sp. PG-2,species,0.0003321100612743063,fraction_reads,0.0,1,1
Centrifuge,unified,Centrifuge_unified,ZymoMockD6331,ZymoMockD6331,ont,D6331_Qiagen,2781243,2781243,                      Tenacibaculum finnmarkense,Tenacibaculum finnmarkense,species,0.0006642201225486126,fraction_reads,0.0,2,2
Centrifuge,unified,Centrifuge_unified,ZymoMockD6331,ZymoMockD6331,ont,D6331_Qiagen,3153519,3153519,                        Pontimicrobium sp. SW4,Pontimicrobium sp. SW4,species,0.0006642201225486126,fraction_reads,0.0,2,2
Centrifuge,unified,Centrifuge_unified,ZymoMockD6331,ZymoMockD6331,ont,D6331_Qiagen,327575,327575,                      Capnocytophaga leadbetteri,Capnocytophaga leadbetteri,species,0.0003321100612743063,fraction_reads,0.0,1,1
Centrifuge,unified,Centrifuge_unified,ZymoMockD6331,ZymoMockD6331,ont,D6331_Qiagen,2562892,2562892,                      Myroides albus,Myroides albus,species,0.0003321100612743063,fraction_reads,0.0,1,1
Centrifuge,unified,Centrifuge_unified,ZymoMockD6331,ZymoMockD6331,ont,D6331_Qiagen,2777186,2777186,                        Psychroflexus sp. ALD_RP9,Psychroflexus sp. ALD_RP9,species,0.0003321100612743063,fraction_reads,0.0,1,1
Centrifuge,unified,Centrifuge_unified,ZymoMockD6331,ZymoMockD6331,ont,D6331_Qiagen,2282170,2282170,                        Kordia sp. SMS9,Kordia sp. SMS9,species,0.0003321100612743063,fraction_reads,0.0,1,1
Centrifuge,unified,Centrifuge_unified,ZymoMockD6331,ZymoMockD6331,ont,D6331_Qiagen,2905121,2905121,                        Flagellimonas sp. HMM57,Flagellimonas sp. HMM57,species,0.0003321100612743063,fraction_reads,0.0,1,1
Centrifuge,unified,Centrifuge_unified,ZymoMockD6331,ZymoMockD6331,ont,D6331_Qiagen,28251,28251,                      Ornithobacterium rhinotracheale,Ornithobacterium rhinotracheale,species,0.0029889905514687565,fraction_reads,0.0,9,0
Centrifuge,unified,Centrifuge_unified,ZymoMockD6331,ZymoMockD6331,ont,D6331_Qiagen,247,247,                      Empedobacter brevis,Empedobacter brevis,species,0.0016605503063715317,fraction_reads,0.0,5,5
Centrifuge,unified,Centrifuge_unified,ZymoMockD6331,ZymoMockD6331,ont,D6331_Qiagen,1628248,1628248,                      Empedobacter stercoris,Empedobacter stercoris,species,0.0003321100612743063,fraction_reads,0.0,1,1
Centrifuge,unified,Centrifuge_unified,ZymoMockD6331,ZymoMockD6331,ont,D6331_Qiagen,34085,34085,                      Riemerella anatipestifer,Riemerella anatipestifer,species,0.0013284402450972252,fraction_reads,0.0,4,4
Centrifuge,unified,Centrifuge_unified,ZymoMockD6331,ZymoMockD6331,ont,D6331_Qiagen,1117645,1117645,                      Elizabethkingia anophelis,Elizabethkingia anophelis,species,0.000996330183822919,fraction_reads,0.0,3,3
Centrifuge,unified,Centrifuge_unified,ZymoMockD6331,ZymoMockD6331,ont,D6331_Qiagen,250,250,                        Chryseobacterium gleum,Chryseobacterium gleum,species,0.000996330183822919,fraction_reads,0.0,3,3
Centrifuge,unified,Centrifuge_unified,ZymoMockD6331,ZymoMockD6331,ont,D6331_Qiagen,1653831,1653831,                      Blattabacterium cuenoti,Blattabacterium cuenoti,species,0.0003321100612743063,fraction_reads,0.0,1,1
Centrifuge,unified,Centrifuge_unified,ZymoMockD6331,ZymoMockD6331,ont,D6331_Qiagen,336810,336810,                      Candidatus Karelsulcia muelleri,Candidatus Karelsulcia muelleri,species,0.0003321100612743063,fraction_reads,0.0,1,1
Centrifuge,unified,Centrifuge_unified,ZymoMockD6331,ZymoMockD6331,ont,D6331_Qiagen,3127471,3127471,                        Bernardetia sp. Wsw4-3y2,Bernardetia sp. Wsw4-3y2,species,0.5180916955879179,fraction_reads,0.52,1560,1560
Centrifuge,unified,Centrifuge_unified,ZymoMockD6331,ZymoMockD6331,ont,D6331_Qiagen,2675877,2675877,                        Hymenobacter sp. BRD67,Hymenobacter sp. BRD67,species,0.0016605503063715317,fraction_reads,0.0,5,5
Centrifuge,unified,Centrifuge_unified,ZymoMockD6331,ZymoMockD6331,ont,D6331_Qiagen,3093922,3093922,                        Hymenobacter sp. GOD-10R,Hymenobacter sp. GOD-10R,species,0.000996330183822919,fraction_reads,0.0,3,3
Centrifuge,unified,Centrifuge_unified,ZymoMockD6331,ZymoMockD6331,ont,D6331_Qiagen,2714932,2714932,                        Hymenobacter sp. HDW8,Hymenobacter sp. HDW8,species,0.0003321100612743063,fraction_reads,0.0,1,1
Centrifuge,unified,Centrifuge_unified,ZymoMockD6331,ZymoMockD6331,ont,D6331_Qiagen,2607656,2607656,                      Hymenobacter busanensis,Hymenobacter busanensis,species,0.0006642201225486126,fraction_reads,0.0,2,2
Centrifuge,unified,Centrifuge_unified,ZymoMockD6331,ZymoMockD6331,ont,D6331_Qiagen,2761579,2761579,                      Hymenobacter sediminicola,Hymenobacter sediminicola,species,0.0003321100612743063,fraction_reads,0.0,1,1
Centrifuge,unified,Centrifuge_unified,ZymoMockD6331,ZymoMockD6331,ont,D6331_Qiagen,1191459,1191459,                        Flammeovirga sp. MY04,Flammeovirga sp. MY04,species,0.0026568804901944505,fraction_reads,0.0,8,8
Centrifuge,unified,Centrifuge_unified,ZymoMockD6331,ZymoMockD6331,ont,D6331_Qiagen,866807,866807,                      Aureibacter tunicatorum,Aureibacter tunicatorum,species,0.0006642201225486126,fraction_reads,0.0,2,2
Centrifuge,unified,Centrifuge_unified,ZymoMockD6331,ZymoMockD6331,ont,D6331_Qiagen,387638,387638,                      Persicobacter psychrovividus,Persicobacter psychrovividus,species,0.0003321100612743063,fraction_reads,0.0,1,1
Centrifuge,unified,Centrifuge_unified,ZymoMockD6331,ZymoMockD6331,ont,D6331_Qiagen,2728024,2728024,                      Spirosoma rhododendri,Spirosoma rhododendri,species,0.0003321100612743063,fraction_reads,0.0,1,1
Centrifuge,unified,Centrifuge_unified,ZymoMockD6331,ZymoMockD6331,ont,D6331_Qiagen,1006,1006,                      Marivirga tractuosa,Marivirga tractuosa,species,0.0003321100612743063,fraction_reads,0.0,1,1
Centrifuge,unified,Centrifuge_unified,ZymoMockD6331,ZymoMockD6331,ont,D6331_Qiagen,3051176,3051176,                        Chitinophaga sp. LS1,Chitinophaga sp. LS1,species,0.005977981102937513,fraction_reads,0.01,18,18
Centrifuge,unified,Centrifuge_unified,ZymoMockD6331,ZymoMockD6331,ont,D6331_Qiagen,1968839,1968839,                        Thermoflavifilum sp.,Thermoflavifilum sp.,species,0.0003321100612743063,fraction_reads,0.0,1,1
Centrifuge,unified,Centrifuge_unified,ZymoMockD6331,ZymoMockD6331,ont,D6331_Qiagen,258,258,                      Sphingobacterium spiritivorum,Sphingobacterium spiritivorum,species,0.0003321100612743063,fraction_reads,0.0,1,1
Centrifuge,unified,Centrifuge_unified,ZymoMockD6331,ZymoMockD6331,ont,D6331_Qiagen,259,259,                      Sphingobacterium thalpophilum,Sphingobacterium thalpophilum,species,0.0003321100612743063,fraction_reads,0.0,1,1
Centrifuge,unified,Centrifuge_unified,ZymoMockD6331,ZymoMockD6331,ont,D6331_Qiagen,2027860,2027860,                      Mucilaginibacter rubeus,Mucilaginibacter rubeus,species,0.0006642201225486126,fraction_reads,0.0,2,2
Centrifuge,unified,Centrifuge_unified,ZymoMockD6331,ZymoMockD6331,ont,D6331_Qiagen,336820,336820,                      Pedobacter roseus,Pedobacter roseus,species,0.0003321100612743063,fraction_reads,0.0,1,1
Centrifuge,unified,Centrifuge_unified,ZymoMockD6331,ZymoMockD6331,ont,D6331_Qiagen,833,833,                    Fibrobacter succinogenes,Fibrobacter succinogenes,species,0.0003321100612743063,fraction_reads,0.0,1,0
Centrifuge,unified,Centrifuge_unified,ZymoMockD6331,ZymoMockD6331,ont,D6331_Qiagen,160,160,                  Treponema pallidum,Treponema pallidum,species,0.4523339034556052,fraction_reads,0.45,1362,0
Centrifuge,unified,Centrifuge_unified,ZymoMockD6331,ZymoMockD6331,ont,D6331_Qiagen,163,163,                  Treponema bryantii,Treponema bryantii,species,0.0013284402450972252,fraction_reads,0.0,4,4
Centrifuge,unified,Centrifuge_unified,ZymoMockD6331,ZymoMockD6331,ont,D6331_Qiagen,162,162,                  Treponema phagedenis,Treponema phagedenis,species,0.0006642201225486126,fraction_reads,0.0,2,2
Centrifuge,unified,Centrifuge_unified,ZymoMockD6331,ZymoMockD6331,ont,D6331_Qiagen,58231,58231,                  Treponema medium,Treponema medium,species,0.0003321100612743063,fraction_reads,0.0,1,1
Centrifuge,unified,Centrifuge_unified,ZymoMockD6331,ZymoMockD6331,ont,D6331_Qiagen,29520,29520,                  Borrelia crocidurae,Borrelia crocidurae,species,0.000996330183822919,fraction_reads,0.0,3,0
Centrifuge,unified,Centrifuge_unified,ZymoMockD6331,ZymoMockD6331,ont,D6331_Qiagen,142,142,                  Borrelia turicatae,Borrelia turicatae,species,0.0006642201225486126,fraction_reads,0.0,2,2
Centrifuge,unified,Centrifuge_unified,ZymoMockD6331,ZymoMockD6331,ont,D6331_Qiagen,47466,47466,                  Borrelia miyamotoi,Borrelia miyamotoi,species,0.0003321100612743063,fraction_reads,0.0,1,1
Centrifuge,unified,Centrifuge_unified,ZymoMockD6331,ZymoMockD6331,ont,D6331_Qiagen,64897,64897,                  Borreliella bissettiae,Borreliella bissettiae,species,0.0016605503063715317,fraction_reads,0.0,5,0
Centrifuge,unified,Centrifuge_unified,ZymoMockD6331,ZymoMockD6331,ont,D6331_Qiagen,139,139,                  Borreliella burgdorferi,Borreliella burgdorferi,species,0.0003321100612743063,fraction_reads,0.0,1,1
Centrifuge,unified,Centrifuge_unified,ZymoMockD6331,ZymoMockD6331,ont,D6331_Qiagen,173,173,                  Leptospira interrogans,Leptospira interrogans,species,0.013948622573520865,fraction_reads,0.01,42,31
Centrifuge,unified,Centrifuge_unified,ZymoMockD6331,ZymoMockD6331,ont,D6331_Qiagen,174,174,                  Leptospira borgpetersenii,Leptospira borgpetersenii,species,0.004981650919114594,fraction_reads,0.0,15,5
Centrifuge,unified,Centrifuge_unified,ZymoMockD6331,ZymoMockD6331,ont,D6331_Qiagen,3387407,3387407,                    Leptospira sp. 'Mane',Leptospira sp. 'Mane',species,0.0026568804901944505,fraction_reads,0.0,8,8
Centrifuge,unified,Centrifuge_unified,ZymoMockD6331,ZymoMockD6331,ont,D6331_Qiagen,159,159,                  Brachyspira hyodysenteriae,Brachyspira hyodysenteriae,species,0.0006642201225486126,fraction_reads,0.0,2,0
Centrifuge,unified,Centrifuge_unified,ZymoMockD6331,ZymoMockD6331,ont,D6331_Qiagen,239935,239935,                    Akkermansia muciniphila,Akkermansia muciniphila,species,0.32812474053901464,fraction_reads,0.33,988,988
Centrifuge,unified,Centrifuge_unified,ZymoMockD6331,ZymoMockD6331,ont,D6331_Qiagen,3037987,3037987,                      Akkermansia sp. BCRC 18949,Akkermansia sp. BCRC 18949,species,0.002324770428920144,fraction_reads,0.0,7,7
Centrifuge,unified,Centrifuge_unified,ZymoMockD6331,ZymoMockD6331,ont,D6331_Qiagen,2927224,2927224,                    Akkermansia massiliensis,Akkermansia massiliensis,species,0.0006642201225486126,fraction_reads,0.0,2,2
Centrifuge,unified,Centrifuge_unified,ZymoMockD6331,ZymoMockD6331,ont,D6331_Qiagen,2707525,2707525,                    Sulfuriroseicoccus oceanibius,Sulfuriroseicoccus oceanibius,species,0.0003321100612743063,fraction_reads,0.0,1,1
Centrifuge,unified,Centrifuge_unified,ZymoMockD6331,ZymoMockD6331,ont,D6331_Qiagen,813,813,                      Chlamydia trachomatis,Chlamydia trachomatis,species,0.0013284402450972252,fraction_reads,0.0,4,4
Centrifuge,unified,Centrifuge_unified,ZymoMockD6331,ZymoMockD6331,ont,D6331_Qiagen,83555,83555,                      Chlamydia abortus,Chlamydia abortus,species,0.0013284402450972252,fraction_reads,0.0,4,2
Centrifuge,unified,Centrifuge_unified,ZymoMockD6331,ZymoMockD6331,ont,D6331_Qiagen,83554,83554,                      Chlamydia psittaci,Chlamydia psittaci,species,0.0003321100612743063,fraction_reads,0.0,1,1
Centrifuge,unified,Centrifuge_unified,ZymoMockD6331,ZymoMockD6331,ont,D6331_Qiagen,83559,83559,                      Chlamydia suis,Chlamydia suis,species,0.0003321100612743063,fraction_reads,0.0,1,1
Centrifuge,unified,Centrifuge_unified,ZymoMockD6331,ZymoMockD6331,ont,D6331_Qiagen,83560,83560,                      Chlamydia muridarum,Chlamydia muridarum,species,0.0003321100612743063,fraction_reads,0.0,1,0
Centrifuge,unified,Centrifuge_unified,ZymoMockD6331,ZymoMockD6331,ont,D6331_Qiagen,389348,389348,                    Candidatus Protochlamydia naegleriophila,Candidatus Protochlamydia naegleriophila,species,0.0003321100612743063,fraction_reads,0.0,1,1
Centrifuge,unified,Centrifuge_unified,ZymoMockD6331,ZymoMockD6331,ont,D6331_Qiagen,3119568,3119568,                      Bremerella sp. TYQ1,Bremerella sp. TYQ1,species,0.0029889905514687565,fraction_reads,0.0,9,9
Centrifuge,unified,Centrifuge_unified,ZymoMockD6331,ZymoMockD6331,ont,D6331_Qiagen,197,197,                  Campylobacter jejuni,Campylobacter jejuni,species,0.029225685392138954,fraction_reads,0.03,88,82
Centrifuge,unified,Centrifuge_unified,ZymoMockD6331,ZymoMockD6331,ont,D6331_Qiagen,195,195,                  Campylobacter coli,Campylobacter coli,species,0.006642201225486127,fraction_reads,0.01,20,16
Centrifuge,unified,Centrifuge_unified,ZymoMockD6331,ZymoMockD6331,ont,D6331_Qiagen,76517,76517,                  Campylobacter hominis,Campylobacter hominis,species,0.0016605503063715317,fraction_reads,0.0,5,5
Centrifuge,unified,Centrifuge_unified,ZymoMockD6331,ZymoMockD6331,ont,D6331_Qiagen,206,206,                  Campylobacter sputorum,Campylobacter sputorum,species,0.0013284402450972252,fraction_reads,0.0,4,0
Centrifuge,unified,Centrifuge_unified,ZymoMockD6331,ZymoMockD6331,ont,D6331_Qiagen,28080,28080,                  Campylobacter upsaliensis,Campylobacter upsaliensis,species,0.0013284402450972252,fraction_reads,0.0,4,4
Centrifuge,unified,Centrifuge_unified,ZymoMockD6331,ZymoMockD6331,ont,D6331_Qiagen,196,196,                  Campylobacter fetus,Campylobacter fetus,species,0.000996330183822919,fraction_reads,0.0,3,1
Centrifuge,unified,Centrifuge_unified,ZymoMockD6331,ZymoMockD6331,ont,D6331_Qiagen,199,199,                  Campylobacter concisus,Campylobacter concisus,species,0.0006642201225486126,fraction_reads,0.0,2,2
Centrifuge,unified,Centrifuge_unified,ZymoMockD6331,ZymoMockD6331,ont,D6331_Qiagen,200,200,                  Campylobacter curvus,Campylobacter curvus,species,0.0003321100612743063,fraction_reads,0.0,1,1
Centrifuge,unified,Centrifuge_unified,ZymoMockD6331,ZymoMockD6331,ont,D6331_Qiagen,201,201,                  Campylobacter lari,Campylobacter lari,species,0.0003321100612743063,fraction_reads,0.0,1,0
Centrifuge,unified,Centrifuge_unified,ZymoMockD6331,ZymoMockD6331,ont,D6331_Qiagen,1032242,1032242,                  Campylobacter molothri,Campylobacter molothri,species,0.0003321100612743063,fraction_reads,0.0,1,1
Centrifuge,unified,Centrifuge_unified,ZymoMockD6331,ZymoMockD6331,ont,D6331_Qiagen,2267891,2267891,                  Campylobacter novaezeelandiae,Campylobacter novaezeelandiae,species,0.0003321100612743063,fraction_reads,0.0,1,1
Centrifuge,unified,Centrifuge_unified,ZymoMockD6331,ZymoMockD6331,ont,D6331_Qiagen,210,210,                  Helicobacter pylori,Helicobacter pylori,species,0.004649540857840288,fraction_reads,0.0,14,8
Centrifuge,unified,Centrifuge_unified,ZymoMockD6331,ZymoMockD6331,ont,D6331_Qiagen,138563,138563,                  Helicobacter cetorum,Helicobacter cetorum,species,0.000996330183822919,fraction_reads,0.0,3,0
Centrifuge,unified,Centrifuge_unified,ZymoMockD6331,ZymoMockD6331,ont,D6331_Qiagen,213,213,                  Helicobacter cinaedi,Helicobacter cinaedi,species,0.0006642201225486126,fraction_reads,0.0,2,2
Centrifuge,unified,Centrifuge_unified,ZymoMockD6331,ZymoMockD6331,ont,D6331_Qiagen,3040201,3040201,                  Helicobacter felistomachi,Helicobacter felistomachi,species,0.0003321100612743063,fraction_reads,0.0,1,1
Centrifuge,unified,Centrifuge_unified,ZymoMockD6331,ZymoMockD6331,ont,D6331_Qiagen,28198,28198,                  Aliarcobacter cryaerophilus,Aliarcobacter cryaerophilus,species,0.0029889905514687565,fraction_reads,0.0,9,0
Centrifuge,unified,Centrifuge_unified,ZymoMockD6331,ZymoMockD6331,ont,D6331_Qiagen,255507,255507,                  Aliarcobacter cibarius,Aliarcobacter cibarius,species,0.0006642201225486126,fraction_reads,0.0,2,2
Centrifuge,unified,Centrifuge_unified,ZymoMockD6331,ZymoMockD6331,ont,D6331_Qiagen,28197,28197,                  Aliarcobacter butzleri,Aliarcobacter butzleri,species,0.0003321100612743063,fraction_reads,0.0,1,1
Centrifuge,unified,Centrifuge_unified,ZymoMockD6331,ZymoMockD6331,ont,D6331_Qiagen,2672570,2672570,                  Sulfurimonas aquatica,Sulfurimonas aquatica,species,0.0016605503063715317,fraction_reads,0.0,5,5
Centrifuge,unified,Centrifuge_unified,ZymoMockD6331,ZymoMockD6331,ont,D6331_Qiagen,206403,206403,                  Sulfurovum lithotrophicum,Sulfurovum lithotrophicum,species,0.0006642201225486126,fraction_reads,0.0,2,2
Centrifuge,unified,Centrifuge_unified,ZymoMockD6331,ZymoMockD6331,ont,D6331_Qiagen,3391146,3391146,                    Sulfurovum sp. CS9,Sulfurovum sp. CS9,species,0.0003321100612743063,fraction_reads,0.0,1,1
Centrifuge,unified,Centrifuge_unified,ZymoMockD6331,ZymoMockD6331,ont,D6331_Qiagen,2821543,2821543,                  Chloracidobacterium validum,Chloracidobacterium validum,species,0.001992660367645838,fraction_reads,0.0,6,6
Centrifuge,unified,Centrifuge_unified,ZymoMockD6331,ZymoMockD6331,ont,D6331_Qiagen,2851959,2851959,                  Chloracidobacterium aggregatum,Chloracidobacterium aggregatum,species,0.001992660367645838,fraction_reads,0.0,6,0
Centrifuge,unified,Centrifuge_unified,ZymoMockD6331,ZymoMockD6331,ont,D6331_Qiagen,3035702,3035702,                  Edaphobacter paludis,Edaphobacter paludis,species,0.000996330183822919,fraction_reads,0.0,3,3
Centrifuge,unified,Centrifuge_unified,ZymoMockD6331,ZymoMockD6331,ont,D6331_Qiagen,2773299,2773299,                  Desulfolutivibrio sulfoxidireducens,Desulfolutivibrio sulfoxidireducens,species,0.001992660367645838,fraction_reads,0.0,6,6
Centrifuge,unified,Centrifuge_unified,ZymoMockD6331,ZymoMockD6331,ont,D6331_Qiagen,3126690,3126690,                  Pseudodesulfovibrio methanolicus,Pseudodesulfovibrio methanolicus,species,0.0006642201225486126,fraction_reads,0.0,2,2
Centrifuge,unified,Centrifuge_unified,ZymoMockD6331,ZymoMockD6331,ont,D6331_Qiagen,231439,231439,                  Pseudodesulfovibrio portus,Pseudodesulfovibrio portus,species,0.0003321100612743063,fraction_reads,0.0,1,1
Centrifuge,unified,Centrifuge_unified,ZymoMockD6331,ZymoMockD6331,ont,D6331_Qiagen,876,876,                  Desulfovibrio desulfuricans,Desulfovibrio desulfuricans,species,0.0003321100612743063,fraction_reads,0.0,1,1
Centrifuge,unified,Centrifuge_unified,ZymoMockD6331,ZymoMockD6331,ont,D6331_Qiagen,631220,631220,                    Desulfovibrio sp. G11,Desulfovibrio sp. G11,species,0.0003321100612743063,fraction_reads,0.0,1,1
Centrifuge,unified,Centrifuge_unified,ZymoMockD6331,ZymoMockD6331,ont,D6331_Qiagen,191026,191026,                  Maridesulfovibrio hydrothermalis,Maridesulfovibrio hydrothermalis,species,0.0003321100612743063,fraction_reads,0.0,1,0
Centrifuge,unified,Centrifuge_unified,ZymoMockD6331,ZymoMockD6331,ont,D6331_Qiagen,29542,29542,                  Syntrophotalea acetylenica,Syntrophotalea acetylenica,species,0.0003321100612743063,fraction_reads,0.0,1,1
Centrifuge,unified,Centrifuge_unified,ZymoMockD6331,ZymoMockD6331,ont,D6331_Qiagen,35554,35554,                  Geobacter sulfurreducens,Geobacter sulfurreducens,species,0.0003321100612743063,fraction_reads,0.0,1,1
Centrifuge,unified,Centrifuge_unified,ZymoMockD6331,ZymoMockD6331,ont,D6331_Qiagen,959,959,                  Bdellovibrio bacteriovorus,Bdellovibrio bacteriovorus,species,0.0016605503063715317,fraction_reads,0.0,5,5
Centrifuge,unified,Centrifuge_unified,ZymoMockD6331,ZymoMockD6331,ont,D6331_Qiagen,349221,349221,                  Micavibrio aeruginosavorus,Micavibrio aeruginosavorus,species,0.0003321100612743063,fraction_reads,0.0,1,0
Centrifuge,unified,Centrifuge_unified,ZymoMockD6331,ZymoMockD6331,ont,D6331_Qiagen,97084,97084,                  Halobacteriovorax marinus,Halobacteriovorax marinus,species,0.0006642201225486126,fraction_reads,0.0,2,0
Centrifuge,unified,Centrifuge_unified,ZymoMockD6331,ZymoMockD6331,ont,D6331_Qiagen,64160,64160,                  Desulfurobacterium thermolithotrophum,Desulfurobacterium thermolithotrophum,species,0.0003321100612743063,fraction_reads,0.0,1,1
Centrifuge,unified,Centrifuge_unified,ZymoMockD6331,ZymoMockD6331,ont,D6331_Qiagen,3025672,3025672,                  Lacticaseibacillus pabuli,Lacticaseibacillus pabuli,species,17.002042476876834,fraction_reads,17.0,51194,51194
Centrifuge,unified,Centrifuge_unified,ZymoMockD6331,ZymoMockD6331,ont,D6331_Qiagen,1597,1597,                  Lacticaseibacillus paracasei,Lacticaseibacillus paracasei,species,0.02490825459557297,fraction_reads,0.02,75,29
Centrifuge,unified,Centrifuge_unified,ZymoMockD6331,ZymoMockD6331,ont,D6331_Qiagen,47715,47715,                  Lacticaseibacillus rhamnosus,Lacticaseibacillus rhamnosus,species,0.006642201225486127,fraction_reads,0.01,20,18
Centrifuge,unified,Centrifuge_unified,ZymoMockD6331,ZymoMockD6331,ont,D6331_Qiagen,1582,1582,                  Lacticaseibacillus casei,Lacticaseibacillus casei,species,0.0003321100612743063,fraction_reads,0.0,1,0
Centrifuge,unified,Centrifuge_unified,ZymoMockD6331,ZymoMockD6331,ont,D6331_Qiagen,57037,57037,                  Lacticaseibacillus zeae,Lacticaseibacillus zeae,species,0.0003321100612743063,fraction_reads,0.0,1,1
Centrifuge,unified,Centrifuge_unified,ZymoMockD6331,ZymoMockD6331,ont,D6331_Qiagen,1613,1613,                  Limosilactobacillus fermentum,Limosilactobacillus fermentum,species,1.2062237425482805,fraction_reads,1.21,3632,3626
Centrifuge,unified,Centrifuge_unified,ZymoMockD6331,ZymoMockD6331,ont,D6331_Qiagen,3142938,3142938,                  Limosilactobacillus allomucosae,Limosilactobacillus allomucosae,species,0.003985320735291676,fraction_reads,0.0,12,12
Centrifuge,unified,Centrifuge_unified,ZymoMockD6331,ZymoMockD6331,ont,D6331_Qiagen,1598,1598,                  Limosilactobacillus reuteri,Limosilactobacillus reuteri,species,0.0036532106740173693,fraction_reads,0.0,11,2
Centrifuge,unified,Centrifuge_unified,ZymoMockD6331,ZymoMockD6331,ont,D6331_Qiagen,1632,1632,                  Limosilactobacillus oris,Limosilactobacillus oris,species,0.0006642201225486126,fraction_reads,0.0,2,2
Centrifuge,unified,Centrifuge_unified,ZymoMockD6331,ZymoMockD6331,ont,D6331_Qiagen,97478,97478,                  Limosilactobacillus mucosae,Limosilactobacillus mucosae,species,0.0006642201225486126,fraction_reads,0.0,2,2
Centrifuge,unified,Centrifuge_unified,ZymoMockD6331,ZymoMockD6331,ont,D6331_Qiagen,227942,227942,                  Limosilactobacillus gastricus,Limosilactobacillus gastricus,species,0.0006642201225486126,fraction_reads,0.0,2,2
Centrifuge,unified,Centrifuge_unified,ZymoMockD6331,ZymoMockD6331,ont,D6331_Qiagen,1590,1590,                  Lactiplantibacillus plantarum,Lactiplantibacillus plantarum,species,0.03487155643380216,fraction_reads,0.03,105,103
Centrifuge,unified,Centrifuge_unified,ZymoMockD6331,ZymoMockD6331,ont,D6331_Qiagen,1589,1589,                  Lactiplantibacillus pentosus,Lactiplantibacillus pentosus,species,0.0013284402450972252,fraction_reads,0.0,4,4
Centrifuge,unified,Centrifuge_unified,ZymoMockD6331,ZymoMockD6331,ont,D6331_Qiagen,1587,1587,                  Lactobacillus helveticus,Lactobacillus helveticus,species,0.011291742083326414,fraction_reads,0.01,34,34
Centrifuge,unified,Centrifuge_unified,ZymoMockD6331,ZymoMockD6331,ont,D6331_Qiagen,33959,33959,                  Lactobacillus johnsonii,Lactobacillus johnsonii,species,0.0029889905514687565,fraction_reads,0.0,9,9
Centrifuge,unified,Centrifuge_unified,ZymoMockD6331,ZymoMockD6331,ont,D6331_Qiagen,1584,1584,                  Lactobacillus delbrueckii,Lactobacillus delbrueckii,species,0.0026568804901944505,fraction_reads,0.0,8,0
Centrifuge,unified,Centrifuge_unified,ZymoMockD6331,ZymoMockD6331,ont,D6331_Qiagen,1596,1596,                  Lactobacillus gasseri,Lactobacillus gasseri,species,0.0016605503063715317,fraction_reads,0.0,5,5
Centrifuge,unified,Centrifuge_unified,ZymoMockD6331,ZymoMockD6331,ont,D6331_Qiagen,2099789,2099789,                    Lactobacillus sp. CBA3606,Lactobacillus sp. CBA3606,species,0.0003321100612743063,fraction_reads,0.0,1,1
Centrifuge,unified,Centrifuge_unified,ZymoMockD6331,ZymoMockD6331,ont,D6331_Qiagen,2690380,2690380,                    Lactobacillus sp. JM1,Lactobacillus sp. JM1,species,0.0003321100612743063,fraction_reads,0.0,1,1
Centrifuge,unified,Centrifuge_unified,ZymoMockD6331,ZymoMockD6331,ont,D6331_Qiagen,2983211,2983211,                    Lactobacillus sp. ESL0681,Lactobacillus sp. ESL0681,species,0.0003321100612743063,fraction_reads,0.0,1,1
Centrifuge,unified,Centrifuge_unified,ZymoMockD6331,ZymoMockD6331,ont,D6331_Qiagen,3153753,3153753,                    Lactobacillus sp. JCM 1131,Lactobacillus sp. JCM 1131,species,0.0003321100612743063,fraction_reads,0.0,1,1
Centrifuge,unified,Centrifuge_unified,ZymoMockD6331,ZymoMockD6331,ont,D6331_Qiagen,47770,47770,                  Lactobacillus crispatus,Lactobacillus crispatus,species,0.0006642201225486126,fraction_reads,0.0,2,2
Centrifuge,unified,Centrifuge_unified,ZymoMockD6331,ZymoMockD6331,ont,D6331_Qiagen,1218494,1218494,                  Lactobacillus helsingborgensis,Lactobacillus helsingborgensis,species,0.0006642201225486126,fraction_reads,0.0,2,2
Centrifuge,unified,Centrifuge_unified,ZymoMockD6331,ZymoMockD6331,ont,D6331_Qiagen,83683,83683,                  Lactobacillus amylolyticus,Lactobacillus amylolyticus,species,0.0003321100612743063,fraction_reads,0.0,1,1
Centrifuge,unified,Centrifuge_unified,ZymoMockD6331,ZymoMockD6331,ont,D6331_Qiagen,267818,267818,                  Lactobacillus kefiranofaciens,Lactobacillus kefiranofaciens,species,0.0003321100612743063,fraction_reads,0.0,1,0
Centrifuge,unified,Centrifuge_unified,ZymoMockD6331,ZymoMockD6331,ont,D6331_Qiagen,508451,508451,                  Lactobacillus taiwanensis,Lactobacillus taiwanensis,species,0.0003321100612743063,fraction_reads,0.0,1,1
Centrifuge,unified,Centrifuge_unified,ZymoMockD6331,ZymoMockD6331,ont,D6331_Qiagen,1670797,1670797,                  Pediococcus acidilactici group,Pediococcus acidilactici group,species,0.012288072267149333,fraction_reads,0.01,37,0
Centrifuge,unified,Centrifuge_unified,ZymoMockD6331,ZymoMockD6331,ont,D6331_Qiagen,1254,1254,                    Pediococcus acidilactici,Pediococcus acidilactici,species,0.012288072267149333,fraction_reads,0.01,37,37
Centrifuge,unified,Centrifuge_unified,ZymoMockD6331,ZymoMockD6331,ont,D6331_Qiagen,1255,1255,                  Pediococcus pentosaceus,Pediococcus pentosaceus,species,0.007306421348034739,fraction_reads,0.01,22,22
Centrifuge,unified,Centrifuge_unified,ZymoMockD6331,ZymoMockD6331,ont,D6331_Qiagen,319653,319653,                  Pediococcus ethanolidurans,Pediococcus ethanolidurans,species,0.0003321100612743063,fraction_reads,0.0,1,1
Centrifuge,unified,Centrifuge_unified,ZymoMockD6331,ZymoMockD6331,ont,D6331_Qiagen,1245,1245,                  Leuconostoc mesenteroides,Leuconostoc mesenteroides,species,0.014612842696069477,fraction_reads,0.01,44,38
Centrifuge,unified,Centrifuge_unified,ZymoMockD6331,ZymoMockD6331,ont,D6331_Qiagen,33968,33968,                  Leuconostoc pseudomesenteroides,Leuconostoc pseudomesenteroides,species,0.0003321100612743063,fraction_reads,0.0,1,1
Centrifuge,unified,Centrifuge_unified,ZymoMockD6331,ZymoMockD6331,ont,D6331_Qiagen,83526,83526,                  Companilactobacillus paralimentarius,Companilactobacillus paralimentarius,species,0.009631191776954883,fraction_reads,0.01,29,29
Centrifuge,unified,Centrifuge_unified,ZymoMockD6331,ZymoMockD6331,ont,D6331_Qiagen,938155,938155,                  Companilactobacillus futsaii,Companilactobacillus futsaii,species,0.0029889905514687565,fraction_reads,0.0,9,9
Centrifuge,unified,Centrifuge_unified,ZymoMockD6331,ZymoMockD6331,ont,D6331_Qiagen,1580,1580,                  Levilactobacillus brevis,Levilactobacillus brevis,species,0.00896697165440627,fraction_reads,0.01,27,27
Centrifuge,unified,Centrifuge_unified,ZymoMockD6331,ZymoMockD6331,ont,D6331_Qiagen,3242691,3242691,                    Levilactobacillus sp. FUA 3915,Levilactobacillus sp. FUA 3915,species,0.0006642201225486126,fraction_reads,0.0,2,2
Centrifuge,unified,Centrifuge_unified,ZymoMockD6331,ZymoMockD6331,ont,D6331_Qiagen,267363,267363,                  Levilactobacillus zymae,Levilactobacillus zymae,species,0.0006642201225486126,fraction_reads,0.0,2,2
Centrifuge,unified,Centrifuge_unified,ZymoMockD6331,ZymoMockD6331,ont,D6331_Qiagen,357278,357278,                  Levilactobacillus parabrevis,Levilactobacillus parabrevis,species,0.0006642201225486126,fraction_reads,0.0,2,2
Centrifuge,unified,Centrifuge_unified,ZymoMockD6331,ZymoMockD6331,ont,D6331_Qiagen,2292255,2292255,                  Levilactobacillus suantsaii,Levilactobacillus suantsaii,species,0.0006642201225486126,fraction_reads,0.0,2,2
Centrifuge,unified,Centrifuge_unified,ZymoMockD6331,ZymoMockD6331,ont,D6331_Qiagen,1599,1599,                  Latilactobacillus sakei,Latilactobacillus sakei,species,0.009299081715680576,fraction_reads,0.01,28,28
Centrifuge,unified,Centrifuge_unified,ZymoMockD6331,ZymoMockD6331,ont,D6331_Qiagen,28038,28038,                  Latilactobacillus curvatus,Latilactobacillus curvatus,species,0.000996330183822919,fraction_reads,0.0,3,3
Centrifuge,unified,Centrifuge_unified,ZymoMockD6331,ZymoMockD6331,ont,D6331_Qiagen,1624,1624,                  Ligilactobacillus salivarius,Ligilactobacillus salivarius,species,0.0026568804901944505,fraction_reads,0.0,8,8
Centrifuge,unified,Centrifuge_unified,ZymoMockD6331,ZymoMockD6331,ont,D6331_Qiagen,228229,228229,                  Ligilactobacillus saerimneri,Ligilactobacillus saerimneri,species,0.000996330183822919,fraction_reads,0.0,3,3
Centrifuge,unified,Centrifuge_unified,ZymoMockD6331,ZymoMockD6331,ont,D6331_Qiagen,1581,1581,                  Lentilactobacillus buchneri,Lentilactobacillus buchneri,species,0.0026568804901944505,fraction_reads,0.0,8,3
Centrifuge,unified,Centrifuge_unified,ZymoMockD6331,ZymoMockD6331,ont,D6331_Qiagen,33962,33962,                  Lentilactobacillus kefiri,Lentilactobacillus kefiri,species,0.0003321100612743063,fraction_reads,0.0,1,1
Centrifuge,unified,Centrifuge_unified,ZymoMockD6331,ZymoMockD6331,ont,D6331_Qiagen,1750535,1750535,                  Fructilactobacillus ixorae,Fructilactobacillus ixorae,species,0.000996330183822919,fraction_reads,0.0,3,3
Centrifuge,unified,Centrifuge_unified,ZymoMockD6331,ZymoMockD6331,ont,D6331_Qiagen,1625,1625,                  Fructilactobacillus sanfranciscensis,Fructilactobacillus sanfranciscensis,species,0.0003321100612743063,fraction_reads,0.0,1,1
Centrifuge,unified,Centrifuge_unified,ZymoMockD6331,ZymoMockD6331,ont,D6331_Qiagen,2940299,2940299,                  Fructilactobacillus cliffordii,Fructilactobacillus cliffordii,species,0.0003321100612743063,fraction_reads,0.0,1,1
Centrifuge,unified,Centrifuge_unified,ZymoMockD6331,ZymoMockD6331,ont,D6331_Qiagen,1249,1249,                  Weissella paramesenteroides,Weissella paramesenteroides,species,0.0006642201225486126,fraction_reads,0.0,2,2
Centrifuge,unified,Centrifuge_unified,ZymoMockD6331,ZymoMockD6331,ont,D6331_Qiagen,1583,1583,                  Weissella confusa,Weissella confusa,species,0.0003321100612743063,fraction_reads,0.0,1,1
Centrifuge,unified,Centrifuge_unified,ZymoMockD6331,ZymoMockD6331,ont,D6331_Qiagen,1618,1618,                  Liquorilactobacillus mali,Liquorilactobacillus mali,species,0.0006642201225486126,fraction_reads,0.0,2,2
Centrifuge,unified,Centrifuge_unified,ZymoMockD6331,ZymoMockD6331,ont,D6331_Qiagen,3344667,3344667,                    Dellaglioa sp. P0083,Dellaglioa sp. P0083,species,0.0003321100612743063,fraction_reads,0.0,1,1
Centrifuge,unified,Centrifuge_unified,ZymoMockD6331,ZymoMockD6331,ont,D6331_Qiagen,231049,231049,                  Furfurilactobacillus rossiae,Furfurilactobacillus rossiae,species,0.0003321100612743063,fraction_reads,0.0,1,1
Centrifuge,unified,Centrifuge_unified,ZymoMockD6331,ZymoMockD6331,ont,D6331_Qiagen,152335,152335,                  Paucilactobacillus suebicus,Paucilactobacillus suebicus,species,0.0003321100612743063,fraction_reads,0.0,1,1
Centrifuge,unified,Centrifuge_unified,ZymoMockD6331,ZymoMockD6331,ont,D6331_Qiagen,1313,1313,                  Streptococcus pneumoniae,Streptococcus pneumoniae,species,0.02690091496321881,fraction_reads,0.03,81,29
Centrifuge,unified,Centrifuge_unified,ZymoMockD6331,ZymoMockD6331,ont,D6331_Qiagen,1314,1314,                  Streptococcus pyogenes,Streptococcus pyogenes,species,0.008634861593131964,fraction_reads,0.01,26,26
Centrifuge,unified,Centrifuge_unified,ZymoMockD6331,ZymoMockD6331,ont,D6331_Qiagen,197614,197614,                  Streptococcus pasteurianus,Streptococcus pasteurianus,species,0.0076385314093090455,fraction_reads,0.01,23,23
Centrifuge,unified,Centrifuge_unified,ZymoMockD6331,ZymoMockD6331,ont,D6331_Qiagen,1917441,1917441,                  Streptococcus ruminantium,Streptococcus ruminantium,species,0.004649540857840288,fraction_reads,0.0,14,14
Centrifuge,unified,Centrifuge_unified,ZymoMockD6331,ZymoMockD6331,ont,D6331_Qiagen,1308,1308,                  Streptococcus thermophilus,Streptococcus thermophilus,species,0.004317430796565982,fraction_reads,0.0,13,13
Centrifuge,unified,Centrifuge_unified,ZymoMockD6331,ZymoMockD6331,ont,D6331_Qiagen,1304,1304,                  Streptococcus salivarius,Streptococcus salivarius,species,0.0036532106740173693,fraction_reads,0.0,11,11
Centrifuge,unified,Centrifuge_unified,ZymoMockD6331,ZymoMockD6331,ont,D6331_Qiagen,119603,119603,                  Streptococcus dysgalactiae group,Streptococcus dysgalactiae group,species,0.0033211006127430633,fraction_reads,0.0,10,0
Centrifuge,unified,Centrifuge_unified,ZymoMockD6331,ZymoMockD6331,ont,D6331_Qiagen,1334,1334,                    Streptococcus dysgalactiae,Streptococcus dysgalactiae,species,0.0033211006127430633,fraction_reads,0.0,10,0
Centrifuge,unified,Centrifuge_unified,ZymoMockD6331,ZymoMockD6331,ont,D6331_Qiagen,1307,1307,                  Streptococcus suis,Streptococcus suis,species,0.0029889905514687565,fraction_reads,0.0,9,8
Centrifuge,unified,Centrifuge_unified,ZymoMockD6331,ZymoMockD6331,ont,D6331_Qiagen,1311,1311,                  Streptococcus agalactiae,Streptococcus agalactiae,species,0.0026568804901944505,fraction_reads,0.0,8,7
Centrifuge,unified,Centrifuge_unified,ZymoMockD6331,ZymoMockD6331,ont,D6331_Qiagen,315405,315405,                  Streptococcus gallolyticus,Streptococcus gallolyticus,species,0.0013284402450972252,fraction_reads,0.0,4,0
Centrifuge,unified,Centrifuge_unified,ZymoMockD6331,ZymoMockD6331,ont,D6331_Qiagen,1335,1335,                  Streptococcus equinus,Streptococcus equinus,species,0.000996330183822919,fraction_reads,0.0,3,3
Centrifuge,unified,Centrifuge_unified,ZymoMockD6331,ZymoMockD6331,ont,D6331_Qiagen,671232,671232,                  Streptococcus anginosus group,Streptococcus anginosus group,species,0.000996330183822919,fraction_reads,0.0,3,0
Centrifuge,unified,Centrifuge_unified,ZymoMockD6331,ZymoMockD6331,ont,D6331_Qiagen,1328,1328,                    Streptococcus anginosus,Streptococcus anginosus,species,0.0006642201225486126,fraction_reads,0.0,2,2
Centrifuge,unified,Centrifuge_unified,ZymoMockD6331,ZymoMockD6331,ont,D6331_Qiagen,76860,76860,                    Streptococcus constellatus,Streptococcus constellatus,species,0.0003321100612743063,fraction_reads,0.0,1,0
Centrifuge,unified,Centrifuge_unified,ZymoMockD6331,ZymoMockD6331,ont,D6331_Qiagen,257758,257758,                  Streptococcus pseudopneumoniae,Streptococcus pseudopneumoniae,species,0.0006642201225486126,fraction_reads,0.0,2,0
Centrifuge,unified,Centrifuge_unified,ZymoMockD6331,ZymoMockD6331,ont,D6331_Qiagen,1759399,1759399,                    Streptococcus sp. A12,Streptococcus sp. A12,species,0.0006642201225486126,fraction_reads,0.0,2,2
Centrifuge,unified,Centrifuge_unified,ZymoMockD6331,ZymoMockD6331,ont,D6331_Qiagen,1302,1302,                  Streptococcus gordonii,Streptococcus gordonii,species,0.0003321100612743063,fraction_reads,0.0,1,1
Centrifuge,unified,Centrifuge_unified,ZymoMockD6331,ZymoMockD6331,ont,D6331_Qiagen,1309,1309,                  Streptococcus mutans,Streptococcus mutans,species,0.0003321100612743063,fraction_reads,0.0,1,1
Centrifuge,unified,Centrifuge_unified,ZymoMockD6331,ZymoMockD6331,ont,D6331_Qiagen,1346,1346,                  Streptococcus iniae,Streptococcus iniae,species,0.0003321100612743063,fraction_reads,0.0,1,1
Centrifuge,unified,Centrifuge_unified,ZymoMockD6331,ZymoMockD6331,ont,D6331_Qiagen,150055,150055,                  Streptococcus lutetiensis,Streptococcus lutetiensis,species,0.0003321100612743063,fraction_reads,0.0,1,1
Centrifuge,unified,Centrifuge_unified,ZymoMockD6331,ZymoMockD6331,ont,D6331_Qiagen,2686210,2686210,                  Streptococcus ruminicola,Streptococcus ruminicola,species,0.0003321100612743063,fraction_reads,0.0,1,1
Centrifuge,unified,Centrifuge_unified,ZymoMockD6331,ZymoMockD6331,ont,D6331_Qiagen,3028084,3028084,                  Streptococcus iners,Streptococcus iners,species,0.0003321100612743063,fraction_reads,0.0,1,0
Centrifuge,unified,Centrifuge_unified,ZymoMockD6331,ZymoMockD6331,ont,D6331_Qiagen,1358,1358,                  Lactococcus lactis,Lactococcus lactis,species,0.015277062818618091,fraction_reads,0.02,46,11
Centrifuge,unified,Centrifuge_unified,ZymoMockD6331,ZymoMockD6331,ont,D6331_Qiagen,1281486,1281486,                  Lactococcus formosensis,Lactococcus formosensis,species,0.005977981102937513,fraction_reads,0.01,18,18
Centrifuge,unified,Centrifuge_unified,ZymoMockD6331,ZymoMockD6331,ont,D6331_Qiagen,1363,1363,                  Lactococcus garvieae,Lactococcus garvieae,species,0.001992660367645838,fraction_reads,0.0,6,6
Centrifuge,unified,Centrifuge_unified,ZymoMockD6331,ZymoMockD6331,ont,D6331_Qiagen,1359,1359,                  Lactococcus cremoris,Lactococcus cremoris,species,0.0003321100612743063,fraction_reads,0.0,1,1
Centrifuge,unified,Centrifuge_unified,ZymoMockD6331,ZymoMockD6331,ont,D6331_Qiagen,1364,1364,                  Lactococcus piscium,Lactococcus piscium,species,0.0003321100612743063,fraction_reads,0.0,1,0
Centrifuge,unified,Centrifuge_unified,ZymoMockD6331,ZymoMockD6331,ont,D6331_Qiagen,1354,1354,                  Enterococcus hirae,Enterococcus hirae,species,0.037528436923996614,fraction_reads,0.04,113,113
Centrifuge,unified,Centrifuge_unified,ZymoMockD6331,ZymoMockD6331,ont,D6331_Qiagen,1352,1352,                  Enterococcus faecium,Enterococcus faecium,species,0.02789724514704173,fraction_reads,0.03,84,83
Centrifuge,unified,Centrifuge_unified,ZymoMockD6331,ZymoMockD6331,ont,D6331_Qiagen,1351,1351,                  Enterococcus faecalis,Enterococcus faecalis,species,0.019594493615184075,fraction_reads,0.02,59,56
Centrifuge,unified,Centrifuge_unified,ZymoMockD6331,ZymoMockD6331,ont,D6331_Qiagen,37734,37734,                  Enterococcus casseliflavus,Enterococcus casseliflavus,species,0.002324770428920144,fraction_reads,0.0,7,7
Centrifuge,unified,Centrifuge_unified,ZymoMockD6331,ZymoMockD6331,ont,D6331_Qiagen,44008,44008,                  Enterococcus cecorum,Enterococcus cecorum,species,0.0016605503063715317,fraction_reads,0.0,5,5
Centrifuge,unified,Centrifuge_unified,ZymoMockD6331,ZymoMockD6331,ont,D6331_Qiagen,53346,53346,                  Enterococcus mundtii,Enterococcus mundtii,species,0.0016605503063715317,fraction_reads,0.0,5,5
Centrifuge,unified,Centrifuge_unified,ZymoMockD6331,ZymoMockD6331,ont,D6331_Qiagen,71452,71452,                  Enterococcus raffinosus,Enterococcus raffinosus,species,0.0006642201225486126,fraction_reads,0.0,2,2
Centrifuge,unified,Centrifuge_unified,ZymoMockD6331,ZymoMockD6331,ont,D6331_Qiagen,33945,33945,                  Enterococcus avium,Enterococcus avium,species,0.0003321100612743063,fraction_reads,0.0,1,1
Centrifuge,unified,Centrifuge_unified,ZymoMockD6331,ZymoMockD6331,ont,D6331_Qiagen,53345,53345,                  Enterococcus durans,Enterococcus durans,species,0.0003321100612743063,fraction_reads,0.0,1,1
Centrifuge,unified,Centrifuge_unified,ZymoMockD6331,ZymoMockD6331,ont,D6331_Qiagen,357441,357441,                  Enterococcus lactis,Enterococcus lactis,species,0.0003321100612743063,fraction_reads,0.0,1,1
Centrifuge,unified,Centrifuge_unified,ZymoMockD6331,ZymoMockD6331,ont,D6331_Qiagen,417368,417368,                  Enterococcus thailandicus,Enterococcus thailandicus,species,0.0003321100612743063,fraction_reads,0.0,1,1
Centrifuge,unified,Centrifuge_unified,ZymoMockD6331,ZymoMockD6331,ont,D6331_Qiagen,2005703,2005703,                  Enterococcus wangshanyuanii,Enterococcus wangshanyuanii,species,0.0003321100612743063,fraction_reads,0.0,1,1
Centrifuge,unified,Centrifuge_unified,ZymoMockD6331,ZymoMockD6331,ont,D6331_Qiagen,3044568,3044568,                    Enterococcus sp. ZQ21,Enterococcus sp. ZQ21,species,0.0003321100612743063,fraction_reads,0.0,1,1
Centrifuge,unified,Centrifuge_unified,ZymoMockD6331,ZymoMockD6331,ont,D6331_Qiagen,2925838,2925838,                    Vagococcus sp. CY52-2,Vagococcus sp. CY52-2,species,0.0006642201225486126,fraction_reads,0.0,2,2
Centrifuge,unified,Centrifuge_unified,ZymoMockD6331,ZymoMockD6331,ont,D6331_Qiagen,29394,29394,                  Dolosigranulum pigrum,Dolosigranulum pigrum,species,0.002324770428920144,fraction_reads,0.0,7,7
Centrifuge,unified,Centrifuge_unified,ZymoMockD6331,ZymoMockD6331,ont,D6331_Qiagen,2751,2751,                  Carnobacterium maltaromaticum,Carnobacterium maltaromaticum,species,0.0006642201225486126,fraction_reads,0.0,2,2
Centrifuge,unified,Centrifuge_unified,ZymoMockD6331,ZymoMockD6331,ont,D6331_Qiagen,189665,189665,                    uncultured Trichococcus sp.,uncultured Trichococcus sp.,species,0.0003321100612743063,fraction_reads,0.0,1,1
Centrifuge,unified,Centrifuge_unified,ZymoMockD6331,ZymoMockD6331,ont,D6331_Qiagen,708126,708126,                  Jeotgalibaca dankookensis,Jeotgalibaca dankookensis,species,0.0003321100612743063,fraction_reads,0.0,1,1
Centrifuge,unified,Centrifuge_unified,ZymoMockD6331,ZymoMockD6331,ont,D6331_Qiagen,653685,653685,                  Bacillus subtilis group,Bacillus subtilis group,species,0.13516879493864267,fraction_reads,0.14,407,0
Centrifuge,unified,Centrifuge_unified,ZymoMockD6331,ZymoMockD6331,ont,D6331_Qiagen,1938374,1938374,                    Bacillus amyloliquefaciens group,Bacillus amyloliquefaciens group,species,0.10395044917885787,fraction_reads,0.1,313,0
Centrifuge,unified,Centrifuge_unified,ZymoMockD6331,ZymoMockD6331,ont,D6331_Qiagen,492670,492670,                      Bacillus velezensis,Bacillus velezensis,species,0.10096145862738912,fraction_reads,0.1,304,304
Centrifuge,unified,Centrifuge_unified,ZymoMockD6331,ZymoMockD6331,ont,D6331_Qiagen,1390,1390,                      Bacillus amyloliquefaciens,Bacillus amyloliquefaciens,species,0.0016605503063715317,fraction_reads,0.0,5,4
Centrifuge,unified,Centrifuge_unified,ZymoMockD6331,ZymoMockD6331,ont,D6331_Qiagen,659243,659243,                      Bacillus siamensis,Bacillus siamensis,species,0.0013284402450972252,fraction_reads,0.0,4,4
Centrifuge,unified,Centrifuge_unified,ZymoMockD6331,ZymoMockD6331,ont,D6331_Qiagen,1423,1423,                    Bacillus subtilis,Bacillus subtilis,species,0.023911924411750052,fraction_reads,0.02,72,64
Centrifuge,unified,Centrifuge_unified,ZymoMockD6331,ZymoMockD6331,ont,D6331_Qiagen,1452,1452,                    Bacillus atrophaeus,Bacillus atrophaeus,species,0.004317430796565982,fraction_reads,0.0,13,13
Centrifuge,unified,Centrifuge_unified,ZymoMockD6331,ZymoMockD6331,ont,D6331_Qiagen,653388,653388,                    Bacillus mojavensis subgroup,Bacillus mojavensis subgroup,species,0.0013284402450972252,fraction_reads,0.0,4,0
Centrifuge,unified,Centrifuge_unified,ZymoMockD6331,ZymoMockD6331,ont,D6331_Qiagen,260554,260554,                      Bacillus halotolerans,Bacillus halotolerans,species,0.0013284402450972252,fraction_reads,0.0,4,4
Centrifuge,unified,Centrifuge_unified,ZymoMockD6331,ZymoMockD6331,ont,D6331_Qiagen,96241,96241,                    Bacillus spizizenii,Bacillus spizizenii,species,0.000996330183822919,fraction_reads,0.0,3,3
Centrifuge,unified,Centrifuge_unified,ZymoMockD6331,ZymoMockD6331,ont,D6331_Qiagen,1402,1402,                    Bacillus licheniformis,Bacillus licheniformis,species,0.0003321100612743063,fraction_reads,0.0,1,1
Centrifuge,unified,Centrifuge_unified,ZymoMockD6331,ZymoMockD6331,ont,D6331_Qiagen,119858,119858,                    Bacillus sonorensis,Bacillus sonorensis,species,0.0003321100612743063,fraction_reads,0.0,1,1
Centrifuge,unified,Centrifuge_unified,ZymoMockD6331,ZymoMockD6331,ont,D6331_Qiagen,86661,86661,                  Bacillus cereus group,Bacillus cereus group,species,0.06144036133574666,fraction_reads,0.06,185,0
Centrifuge,unified,Centrifuge_unified,ZymoMockD6331,ZymoMockD6331,ont,D6331_Qiagen,1396,1396,                    Bacillus cereus,Bacillus cereus,species,0.05014861925242025,fraction_reads,0.05,151,141
Centrifuge,unified,Centrifuge_unified,ZymoMockD6331,ZymoMockD6331,ont,D6331_Qiagen,1428,1428,                    Bacillus thuringiensis,Bacillus thuringiensis,species,0.005313760980388901,fraction_reads,0.01,16,14
Centrifuge,unified,Centrifuge_unified,ZymoMockD6331,ZymoMockD6331,ont,D6331_Qiagen,1392,1392,                    Bacillus anthracis,Bacillus anthracis,species,0.0026568804901944505,fraction_reads,0.0,8,8
Centrifuge,unified,Centrifuge_unified,ZymoMockD6331,ZymoMockD6331,ont,D6331_Qiagen,580165,580165,                    Bacillus cytotoxicus,Bacillus cytotoxicus,species,0.0016605503063715317,fraction_reads,0.0,5,5
Centrifuge,unified,Centrifuge_unified,ZymoMockD6331,ZymoMockD6331,ont,D6331_Qiagen,1405,1405,                    Bacillus mycoides,Bacillus mycoides,species,0.0003321100612743063,fraction_reads,0.0,1,1
Centrifuge,unified,Centrifuge_unified,ZymoMockD6331,ZymoMockD6331,ont,D6331_Qiagen,155322,155322,                    Bacillus toyonensis,Bacillus toyonensis,species,0.0003321100612743063,fraction_reads,0.0,1,0
Centrifuge,unified,Centrifuge_unified,ZymoMockD6331,ZymoMockD6331,ont,D6331_Qiagen,2026186,2026186,                    Bacillus paranthracis,Bacillus paranthracis,species,0.0003321100612743063,fraction_reads,0.0,1,1
Centrifuge,unified,Centrifuge_unified,ZymoMockD6331,ZymoMockD6331,ont,D6331_Qiagen,2026189,2026189,                    Bacillus albus,Bacillus albus,species,0.0003321100612743063,fraction_reads,0.0,1,1
Centrifuge,unified,Centrifuge_unified,ZymoMockD6331,ZymoMockD6331,ont,D6331_Qiagen,1839798,1839798,                      Bacillus sp. FDAARGOS_235,Bacillus sp. FDAARGOS_235,species,0.0003321100612743063,fraction_reads,0.0,1,1
Centrifuge,unified,Centrifuge_unified,ZymoMockD6331,ZymoMockD6331,ont,D6331_Qiagen,2874284,2874284,                    Bacillus sp. CRB-7,Bacillus sp. CRB-7,species,0.001992660367645838,fraction_reads,0.0,6,6
Centrifuge,unified,Centrifuge_unified,ZymoMockD6331,ZymoMockD6331,ont,D6331_Qiagen,2875710,2875710,                    Bacillus sp. PM8313,Bacillus sp. PM8313,species,0.0013284402450972252,fraction_reads,0.0,4,4
Centrifuge,unified,Centrifuge_unified,ZymoMockD6331,ZymoMockD6331,ont,D6331_Qiagen,2582827,2582827,                    Bacillus sp. KBS0812,Bacillus sp. KBS0812,species,0.0006642201225486126,fraction_reads,0.0,2,2
Centrifuge,unified,Centrifuge_unified,ZymoMockD6331,ZymoMockD6331,ont,D6331_Qiagen,3242682,3242682,                    Bacillus sp. RS11,Bacillus sp. RS11,species,0.0003321100612743063,fraction_reads,0.0,1,1
Centrifuge,unified,Centrifuge_unified,ZymoMockD6331,ZymoMockD6331,ont,D6331_Qiagen,1792192,1792192,                  Bacillus altitudinis complex,Bacillus altitudinis complex,species,0.004317430796565982,fraction_reads,0.0,13,0
Centrifuge,unified,Centrifuge_unified,ZymoMockD6331,ZymoMockD6331,ont,D6331_Qiagen,293387,293387,                    Bacillus altitudinis,Bacillus altitudinis,species,0.004317430796565982,fraction_reads,0.0,13,13
Centrifuge,unified,Centrifuge_unified,ZymoMockD6331,ZymoMockD6331,ont,D6331_Qiagen,561879,561879,                  Bacillus safensis,Bacillus safensis,species,0.0033211006127430633,fraction_reads,0.0,10,10
Centrifuge,unified,Centrifuge_unified,ZymoMockD6331,ZymoMockD6331,ont,D6331_Qiagen,1408,1408,                  Bacillus pumilus,Bacillus pumilus,species,0.0006642201225486126,fraction_reads,0.0,2,2
Centrifuge,unified,Centrifuge_unified,ZymoMockD6331,ZymoMockD6331,ont,D6331_Qiagen,1404,1404,                  Priestia megaterium,Priestia megaterium,species,0.004649540857840288,fraction_reads,0.0,14,14
Centrifuge,unified,Centrifuge_unified,ZymoMockD6331,ZymoMockD6331,ont,D6331_Qiagen,412384,412384,                  Priestia aryabhattai,Priestia aryabhattai,species,0.004317430796565982,fraction_reads,0.0,13,13
Centrifuge,unified,Centrifuge_unified,ZymoMockD6331,ZymoMockD6331,ont,D6331_Qiagen,86664,86664,                  Priestia flexa,Priestia flexa,species,0.0013284402450972252,fraction_reads,0.0,4,4
Centrifuge,unified,Centrifuge_unified,ZymoMockD6331,ZymoMockD6331,ont,D6331_Qiagen,1402861,1402861,                  Priestia filamentosa,Priestia filamentosa,species,0.0003321100612743063,fraction_reads,0.0,1,1
Centrifuge,unified,Centrifuge_unified,ZymoMockD6331,ZymoMockD6331,ont,D6331_Qiagen,45668,45668,                  Halobacillus litoralis,Halobacillus litoralis,species,0.000996330183822919,fraction_reads,0.0,3,3
Centrifuge,unified,Centrifuge_unified,ZymoMockD6331,ZymoMockD6331,ont,D6331_Qiagen,3052090,3052090,                    Halobacillus sp. ACCC02827,Halobacillus sp. ACCC02827,species,0.0006642201225486126,fraction_reads,0.0,2,2
Centrifuge,unified,Centrifuge_unified,ZymoMockD6331,ZymoMockD6331,ont,D6331_Qiagen,554880,554880,                  Halobacillus naozhouensis,Halobacillus naozhouensis,species,0.0003321100612743063,fraction_reads,0.0,1,1
Centrifuge,unified,Centrifuge_unified,ZymoMockD6331,ZymoMockD6331,ont,D6331_Qiagen,79885,79885,                  Alkalihalophilus pseudofirmus,Alkalihalophilus pseudofirmus,species,0.0016605503063715317,fraction_reads,0.0,5,0
Centrifuge,unified,Centrifuge_unified,ZymoMockD6331,ZymoMockD6331,ont,D6331_Qiagen,386490,386490,                  Terribacillus goriensis,Terribacillus goriensis,species,0.0003321100612743063,fraction_reads,0.0,1,1
Centrifuge,unified,Centrifuge_unified,ZymoMockD6331,ZymoMockD6331,ont,D6331_Qiagen,2850441,2850441,                    Terribacillus sp. DMT04,Terribacillus sp. DMT04,species,0.0003321100612743063,fraction_reads,0.0,1,1
Centrifuge,unified,Centrifuge_unified,ZymoMockD6331,ZymoMockD6331,ont,D6331_Qiagen,228899,228899,                  Peribacillus asahii,Peribacillus asahii,species,0.0006642201225486126,fraction_reads,0.0,2,2
Centrifuge,unified,Centrifuge_unified,ZymoMockD6331,ZymoMockD6331,ont,D6331_Qiagen,1482,1482,                  Virgibacillus halodenitrificans,Virgibacillus halodenitrificans,species,0.0003321100612743063,fraction_reads,0.0,1,1
Centrifuge,unified,Centrifuge_unified,ZymoMockD6331,ZymoMockD6331,ont,D6331_Qiagen,265426,265426,                  Pontibacillus chungwhensis,Pontibacillus chungwhensis,species,0.0003321100612743063,fraction_reads,0.0,1,1
Centrifuge,unified,Centrifuge_unified,ZymoMockD6331,ZymoMockD6331,ont,D6331_Qiagen,1421,1421,                  Lysinibacillus sphaericus,Lysinibacillus sphaericus,species,0.0003321100612743063,fraction_reads,0.0,1,1
Centrifuge,unified,Centrifuge_unified,ZymoMockD6331,ZymoMockD6331,ont,D6331_Qiagen,1740721,1740721,                  Neobacillus cucumis,Neobacillus cucumis,species,0.0003321100612743063,fraction_reads,0.0,1,1
Centrifuge,unified,Centrifuge_unified,ZymoMockD6331,ZymoMockD6331,ont,D6331_Qiagen,1398,1398,                  Heyndrickxia coagulans,Heyndrickxia coagulans,species,0.0003321100612743063,fraction_reads,0.0,1,1
Centrifuge,unified,Centrifuge_unified,ZymoMockD6331,ZymoMockD6331,ont,D6331_Qiagen,2912824,2912824,                    Niallia sp. Man26,Niallia sp. Man26,species,0.0003321100612743063,fraction_reads,0.0,1,1
Centrifuge,unified,Centrifuge_unified,ZymoMockD6331,ZymoMockD6331,ont,D6331_Qiagen,189381,189381,                  Rossellomorea marisflavi,Rossellomorea marisflavi,species,0.0003321100612743063,fraction_reads,0.0,1,1
Centrifuge,unified,Centrifuge_unified,ZymoMockD6331,ZymoMockD6331,ont,D6331_Qiagen,79883,79883,                  Sutcliffiella horikoshii,Sutcliffiella horikoshii,species,0.0003321100612743063,fraction_reads,0.0,1,1
Centrifuge,unified,Centrifuge_unified,ZymoMockD6331,ZymoMockD6331,ont,D6331_Qiagen,1280,1280,                  Staphylococcus aureus,Staphylococcus aureus,species,0.14646053702196907,fraction_reads,0.15,441,437
Centrifuge,unified,Centrifuge_unified,ZymoMockD6331,ZymoMockD6331,ont,D6331_Qiagen,29384,29384,                  Staphylococcus kloosii,Staphylococcus kloosii,species,0.009963301838229188,fraction_reads,0.01,30,30
Centrifuge,unified,Centrifuge_unified,ZymoMockD6331,ZymoMockD6331,ont,D6331_Qiagen,1282,1282,                  Staphylococcus epidermidis,Staphylococcus epidermidis,species,0.006974311286760433,fraction_reads,0.01,21,21
Centrifuge,unified,Centrifuge_unified,ZymoMockD6331,ZymoMockD6331,ont,D6331_Qiagen,3239053,3239053,                  Staphylococcus cohnii species complex,Staphylococcus cohnii species complex,species,0.006974311286760433,fraction_reads,0.01,21,0
Centrifuge,unified,Centrifuge_unified,ZymoMockD6331,ZymoMockD6331,ont,D6331_Qiagen,29382,29382,                    Staphylococcus cohnii,Staphylococcus cohnii,species,0.006974311286760433,fraction_reads,0.01,21,21
Centrifuge,unified,Centrifuge_unified,ZymoMockD6331,ZymoMockD6331,ont,D6331_Qiagen,2815305,2815305,                  Staphylococcus intermedius group,Staphylococcus intermedius group,species,0.00631009116421182,fraction_reads,0.01,19,0
Centrifuge,unified,Centrifuge_unified,ZymoMockD6331,ZymoMockD6331,ont,D6331_Qiagen,283734,283734,                    Staphylococcus pseudintermedius,Staphylococcus pseudintermedius,species,0.00631009116421182,fraction_reads,0.01,19,19
Centrifuge,unified,Centrifuge_unified,ZymoMockD6331,ZymoMockD6331,ont,D6331_Qiagen,985002,985002,                  Staphylococcus argenteus,Staphylococcus argenteus,species,0.0029889905514687565,fraction_reads,0.0,9,9
Centrifuge,unified,Centrifuge_unified,ZymoMockD6331,ZymoMockD6331,ont,D6331_Qiagen,1288,1288,                  Staphylococcus xylosus,Staphylococcus xylosus,species,0.002324770428920144,fraction_reads,0.0,7,7
Centrifuge,unified,Centrifuge_unified,ZymoMockD6331,ZymoMockD6331,ont,D6331_Qiagen,1283,1283,                  Staphylococcus haemolyticus,Staphylococcus haemolyticus,species,0.0016605503063715317,fraction_reads,0.0,5,5
Centrifuge,unified,Centrifuge_unified,ZymoMockD6331,ZymoMockD6331,ont,D6331_Qiagen,1286,1286,                  Staphylococcus simulans,Staphylococcus simulans,species,0.000996330183822919,fraction_reads,0.0,3,3
Centrifuge,unified,Centrifuge_unified,ZymoMockD6331,ZymoMockD6331,ont,D6331_Qiagen,1294,1294,                  Staphylococcus muscae,Staphylococcus muscae,species,0.000996330183822919,fraction_reads,0.0,3,3
Centrifuge,unified,Centrifuge_unified,ZymoMockD6331,ZymoMockD6331,ont,D6331_Qiagen,28035,28035,                  Staphylococcus lugdunensis,Staphylococcus lugdunensis,species,0.000996330183822919,fraction_reads,0.0,3,3
Centrifuge,unified,Centrifuge_unified,ZymoMockD6331,ZymoMockD6331,ont,D6331_Qiagen,29388,29388,                  Staphylococcus capitis,Staphylococcus capitis,species,0.000996330183822919,fraction_reads,0.0,3,3
Centrifuge,unified,Centrifuge_unified,ZymoMockD6331,ZymoMockD6331,ont,D6331_Qiagen,2807625,2807625,                    Staphylococcus sp. SM3655,Staphylococcus sp. SM3655,species,0.0006642201225486126,fraction_reads,0.0,2,2
Centrifuge,unified,Centrifuge_unified,ZymoMockD6331,ZymoMockD6331,ont,D6331_Qiagen,2989771,2989771,                    Staphylococcus sp. IVB6240,Staphylococcus sp. IVB6240,species,0.0003321100612743063,fraction_reads,0.0,1,1
Centrifuge,unified,Centrifuge_unified,ZymoMockD6331,ZymoMockD6331,ont,D6331_Qiagen,70255,70255,                  Staphylococcus condimenti,Staphylococcus condimenti,species,0.0006642201225486126,fraction_reads,0.0,2,2
Centrifuge,unified,Centrifuge_unified,ZymoMockD6331,ZymoMockD6331,ont,D6331_Qiagen,2892440,2892440,                  Staphylococcus ratti,Staphylococcus ratti,species,0.0006642201225486126,fraction_reads,0.0,2,2
Centrifuge,unified,Centrifuge_unified,ZymoMockD6331,ZymoMockD6331,ont,D6331_Qiagen,1290,1290,                  Staphylococcus hominis,Staphylococcus hominis,species,0.0003321100612743063,fraction_reads,0.0,1,1
Centrifuge,unified,Centrifuge_unified,ZymoMockD6331,ZymoMockD6331,ont,D6331_Qiagen,1292,1292,                  Staphylococcus warneri,Staphylococcus warneri,species,0.0003321100612743063,fraction_reads,0.0,1,1
Centrifuge,unified,Centrifuge_unified,ZymoMockD6331,ZymoMockD6331,ont,D6331_Qiagen,29378,29378,                  Staphylococcus arlettae,Staphylococcus arlettae,species,0.0003321100612743063,fraction_reads,0.0,1,1
Centrifuge,unified,Centrifuge_unified,ZymoMockD6331,ZymoMockD6331,ont,D6331_Qiagen,45972,45972,                  Staphylococcus pasteuri,Staphylococcus pasteuri,species,0.0003321100612743063,fraction_reads,0.0,1,1
Centrifuge,unified,Centrifuge_unified,ZymoMockD6331,ZymoMockD6331,ont,D6331_Qiagen,201828,201828,                  Staphylococcus casei,Staphylococcus casei,species,0.0003321100612743063,fraction_reads,0.0,1,1
Centrifuge,unified,Centrifuge_unified,ZymoMockD6331,ZymoMockD6331,ont,D6331_Qiagen,42858,42858,                  Mammaliicoccus lentus,Mammaliicoccus lentus,species,0.003985320735291676,fraction_reads,0.0,12,12
Centrifuge,unified,Centrifuge_unified,ZymoMockD6331,ZymoMockD6331,ont,D6331_Qiagen,1296,1296,                  Mammaliicoccus sciuri,Mammaliicoccus sciuri,species,0.000996330183822919,fraction_reads,0.0,3,3
Centrifuge,unified,Centrifuge_unified,ZymoMockD6331,ZymoMockD6331,ont,D6331_Qiagen,71237,71237,                  Mammaliicoccus vitulinus,Mammaliicoccus vitulinus,species,0.0006642201225486126,fraction_reads,0.0,2,2
Centrifuge,unified,Centrifuge_unified,ZymoMockD6331,ZymoMockD6331,ont,D6331_Qiagen,3385497,3385497,                    Salinicoccus sp. HZC-1,Salinicoccus sp. HZC-1,species,0.000996330183822919,fraction_reads,0.0,3,3
Centrifuge,unified,Centrifuge_unified,ZymoMockD6331,ZymoMockD6331,ont,D6331_Qiagen,1903056,1903056,                  Macrococcoides bohemicum,Macrococcoides bohemicum,species,0.0006642201225486126,fraction_reads,0.0,2,2
Centrifuge,unified,Centrifuge_unified,ZymoMockD6331,ZymoMockD6331,ont,D6331_Qiagen,1855823,1855823,                  Macrococcoides canis,Macrococcoides canis,species,0.0003321100612743063,fraction_reads,0.0,1,1
Centrifuge,unified,Centrifuge_unified,ZymoMockD6331,ZymoMockD6331,ont,D6331_Qiagen,1639,1639,                  Listeria monocytogenes,Listeria monocytogenes,species,0.030554125637236182,fraction_reads,0.03,92,76
Centrifuge,unified,Centrifuge_unified,ZymoMockD6331,ZymoMockD6331,ont,D6331_Qiagen,1642,1642,                  Listeria innocua,Listeria innocua,species,0.0006642201225486126,fraction_reads,0.0,2,2
Centrifuge,unified,Centrifuge_unified,ZymoMockD6331,ZymoMockD6331,ont,D6331_Qiagen,1638,1638,                  Listeria ivanovii,Listeria ivanovii,species,0.0003321100612743063,fraction_reads,0.0,1,1
Centrifuge,unified,Centrifuge_unified,ZymoMockD6331,ZymoMockD6331,ont,D6331_Qiagen,2756,2756,                  Brochothrix thermosphacta,Brochothrix thermosphacta,species,0.0003321100612743063,fraction_reads,0.0,1,1
Centrifuge,unified,Centrifuge_unified,ZymoMockD6331,ZymoMockD6331,ont,D6331_Qiagen,2866810,2866810,                    Paenibacillus sp. PSB04,Paenibacillus sp. PSB04,species,0.0006642201225486126,fraction_reads,0.0,2,2
Centrifuge,unified,Centrifuge_unified,ZymoMockD6331,ZymoMockD6331,ont,D6331_Qiagen,3163026,3163026,                    Paenibacillus sp. SI8,Paenibacillus sp. SI8,species,0.0006642201225486126,fraction_reads,0.0,2,2
Centrifuge,unified,Centrifuge_unified,ZymoMockD6331,ZymoMockD6331,ont,D6331_Qiagen,1536771,1536771,                    Paenibacillus sp. FSL R5-0912,Paenibacillus sp. FSL R5-0912,species,0.0003321100612743063,fraction_reads,0.0,1,1
Centrifuge,unified,Centrifuge_unified,ZymoMockD6331,ZymoMockD6331,ont,D6331_Qiagen,2282849,2282849,                    Paenibacillus sp. H1-7,Paenibacillus sp. H1-7,species,0.0003321100612743063,fraction_reads,0.0,1,1
Centrifuge,unified,Centrifuge_unified,ZymoMockD6331,ZymoMockD6331,ont,D6331_Qiagen,1464,1464,                  Paenibacillus larvae,Paenibacillus larvae,species,0.0016605503063715317,fraction_reads,0.0,5,0
Centrifuge,unified,Centrifuge_unified,ZymoMockD6331,ZymoMockD6331,ont,D6331_Qiagen,1763538,1763538,                  Paenibacillus crassostreae,Paenibacillus crassostreae,species,0.0006642201225486126,fraction_reads,0.0,2,2
Centrifuge,unified,Centrifuge_unified,ZymoMockD6331,ZymoMockD6331,ont,D6331_Qiagen,44251,44251,                  Paenibacillus durus,Paenibacillus durus,species,0.0003321100612743063,fraction_reads,0.0,1,1
Centrifuge,unified,Centrifuge_unified,ZymoMockD6331,ZymoMockD6331,ont,D6331_Qiagen,59893,59893,                  Paenibacillus peoriae,Paenibacillus peoriae,species,0.0003321100612743063,fraction_reads,0.0,1,1
Centrifuge,unified,Centrifuge_unified,ZymoMockD6331,ZymoMockD6331,ont,D6331_Qiagen,1619311,1619311,                  Paenibacillus physcomitrellae,Paenibacillus physcomitrellae,species,0.0003321100612743063,fraction_reads,0.0,1,1
Centrifuge,unified,Centrifuge_unified,ZymoMockD6331,ZymoMockD6331,ont,D6331_Qiagen,2044880,2044880,                  Paenibacillus sonchi group,Paenibacillus sonchi group,species,0.0003321100612743063,fraction_reads,0.0,1,0
Centrifuge,unified,Centrifuge_unified,ZymoMockD6331,ZymoMockD6331,ont,D6331_Qiagen,373687,373687,                    Paenibacillus sonchi,Paenibacillus sonchi,species,0.0003321100612743063,fraction_reads,0.0,1,1
Centrifuge,unified,Centrifuge_unified,ZymoMockD6331,ZymoMockD6331,ont,D6331_Qiagen,2565926,2565926,                  Paenibacillus algicola,Paenibacillus algicola,species,0.0003321100612743063,fraction_reads,0.0,1,1
Centrifuge,unified,Centrifuge_unified,ZymoMockD6331,ZymoMockD6331,ont,D6331_Qiagen,2796470,2796470,                  Brevibacillus composti,Brevibacillus composti,species,0.0016605503063715317,fraction_reads,0.0,5,5
Centrifuge,unified,Centrifuge_unified,ZymoMockD6331,ZymoMockD6331,ont,D6331_Qiagen,1393,1393,                  Brevibacillus brevis,Brevibacillus brevis,species,0.0006642201225486126,fraction_reads,0.0,2,2
Centrifuge,unified,Centrifuge_unified,ZymoMockD6331,ZymoMockD6331,ont,D6331_Qiagen,1465,1465,                  Brevibacillus laterosporus,Brevibacillus laterosporus,species,0.0006642201225486126,fraction_reads,0.0,2,2
Centrifuge,unified,Centrifuge_unified,ZymoMockD6331,ZymoMockD6331,ont,D6331_Qiagen,2738867,2738867,                    Brevibacillus sp. DP1.3A,Brevibacillus sp. DP1.3A,species,0.0003321100612743063,fraction_reads,0.0,1,1
Centrifuge,unified,Centrifuge_unified,ZymoMockD6331,ZymoMockD6331,ont,D6331_Qiagen,273528,273528,                    Exiguobacterium marinum,Exiguobacterium marinum,species,0.004317430796565982,fraction_reads,0.0,13,13
Centrifuge,unified,Centrifuge_unified,ZymoMockD6331,ZymoMockD6331,ont,D6331_Qiagen,2829816,2829816,                      Exiguobacterium sp. PFWT01,Exiguobacterium sp. PFWT01,species,0.0006642201225486126,fraction_reads,0.0,2,2
Centrifuge,unified,Centrifuge_unified,ZymoMockD6331,ZymoMockD6331,ont,D6331_Qiagen,1849031,1849031,                      Exiguobacterium sp. U13-1,Exiguobacterium sp. U13-1,species,0.0003321100612743063,fraction_reads,0.0,1,1
Centrifuge,unified,Centrifuge_unified,ZymoMockD6331,ZymoMockD6331,ont,D6331_Qiagen,340145,340145,                    Exiguobacterium artemiae,Exiguobacterium artemiae,species,0.0003321100612743063,fraction_reads,0.0,1,0
Centrifuge,unified,Centrifuge_unified,ZymoMockD6331,ZymoMockD6331,ont,D6331_Qiagen,3058393,3058393,                  Planococcus shixiaomingii,Planococcus shixiaomingii,species,0.0013284402450972252,fraction_reads,0.0,4,4
Centrifuge,unified,Centrifuge_unified,ZymoMockD6331,ZymoMockD6331,ont,D6331_Qiagen,192421,192421,                  Planococcus maritimus,Planococcus maritimus,species,0.0006642201225486126,fraction_reads,0.0,2,2
Centrifuge,unified,Centrifuge_unified,ZymoMockD6331,ZymoMockD6331,ont,D6331_Qiagen,459472,459472,                  Planococcus glaciei,Planococcus glaciei,species,0.0003321100612743063,fraction_reads,0.0,1,1
Centrifuge,unified,Centrifuge_unified,ZymoMockD6331,ZymoMockD6331,ont,D6331_Qiagen,1930546,1930546,                    Sporosarcina sp. P37,Sporosarcina sp. P37,species,0.0006642201225486126,fraction_reads,0.0,2,2
Centrifuge,unified,Centrifuge_unified,ZymoMockD6331,ZymoMockD6331,ont,D6331_Qiagen,1505648,1505648,                  Geobacillus thermoleovorans group,Geobacillus thermoleovorans group,species,0.0016605503063715317,fraction_reads,0.0,5,0
Centrifuge,unified,Centrifuge_unified,ZymoMockD6331,ZymoMockD6331,ont,D6331_Qiagen,1462,1462,                    Geobacillus kaustophilus,Geobacillus kaustophilus,species,0.0016605503063715317,fraction_reads,0.0,5,0
Centrifuge,unified,Centrifuge_unified,ZymoMockD6331,ZymoMockD6331,ont,D6331_Qiagen,1422,1422,                  Geobacillus stearothermophilus,Geobacillus stearothermophilus,species,0.0003321100612743063,fraction_reads,0.0,1,0
Centrifuge,unified,Centrifuge_unified,ZymoMockD6331,ZymoMockD6331,ont,D6331_Qiagen,81408,81408,                  Saccharococcus caldoxylosilyticus,Saccharococcus caldoxylosilyticus,species,0.0006642201225486126,fraction_reads,0.0,2,2
Centrifuge,unified,Centrifuge_unified,ZymoMockD6331,ZymoMockD6331,ont,D6331_Qiagen,2840371,2840371,                    Gemella sp. zg-570,Gemella sp. zg-570,species,0.0006642201225486126,fraction_reads,0.0,2,2
Centrifuge,unified,Centrifuge_unified,ZymoMockD6331,ZymoMockD6331,ont,D6331_Qiagen,2606450,2606450,                    Alicyclobacillus sp. TC,Alicyclobacillus sp. TC,species,0.0003321100612743063,fraction_reads,0.0,1,1
Centrifuge,unified,Centrifuge_unified,ZymoMockD6331,ZymoMockD6331,ont,D6331_Qiagen,423477,423477,                  Veillonella rogosae,Veillonella rogosae,species,8.723867089553478,fraction_reads,8.72,26268,26268
Centrifuge,unified,Centrifuge_unified,ZymoMockD6331,ZymoMockD6331,ont,D6331_Qiagen,29466,29466,                  Veillonella parvula,Veillonella parvula,species,0.002324770428920144,fraction_reads,0.0,7,7
Centrifuge,unified,Centrifuge_unified,ZymoMockD6331,ZymoMockD6331,ont,D6331_Qiagen,2682455,2682455,                  Veillonella orientalis,Veillonella orientalis,species,0.000996330183822919,fraction_reads,0.0,3,3
Centrifuge,unified,Centrifuge_unified,ZymoMockD6331,ZymoMockD6331,ont,D6331_Qiagen,2682456,2682456,                  Veillonella nakazawae,Veillonella nakazawae,species,0.0006642201225486126,fraction_reads,0.0,2,2
Centrifuge,unified,Centrifuge_unified,ZymoMockD6331,ZymoMockD6331,ont,D6331_Qiagen,69823,69823,                  Selenomonas sputigena,Selenomonas sputigena,species,0.000996330183822919,fraction_reads,0.0,3,2
Centrifuge,unified,Centrifuge_unified,ZymoMockD6331,ZymoMockD6331,ont,D6331_Qiagen,437897,437897,                  Megamonas funiformis,Megamonas funiformis,species,0.000996330183822919,fraction_reads,0.0,3,3
Centrifuge,unified,Centrifuge_unified,ZymoMockD6331,ZymoMockD6331,ont,D6331_Qiagen,853,853,                  Faecalibacterium prausnitzii,Faecalibacterium prausnitzii,species,5.116155493930688,fraction_reads,5.12,15405,15401
Centrifuge,unified,Centrifuge_unified,ZymoMockD6331,ZymoMockD6331,ont,D6331_Qiagen,2929493,2929493,                    Faecalibacterium sp. I3-3-89,Faecalibacterium sp. I3-3-89,species,0.0029889905514687565,fraction_reads,0.0,9,9
Centrifuge,unified,Centrifuge_unified,ZymoMockD6331,ZymoMockD6331,ont,D6331_Qiagen,2929489,2929489,                    Faecalibacterium sp. IP-3-29,Faecalibacterium sp. IP-3-29,species,0.0026568804901944505,fraction_reads,0.0,8,8
Centrifuge,unified,Centrifuge_unified,ZymoMockD6331,ZymoMockD6331,ont,D6331_Qiagen,2929494,2929494,                    Faecalibacterium sp. I4-1-79,Faecalibacterium sp. I4-1-79,species,0.0016605503063715317,fraction_reads,0.0,5,5
Centrifuge,unified,Centrifuge_unified,ZymoMockD6331,ZymoMockD6331,ont,D6331_Qiagen,3141185,3141185,                    Faecalibacterium sp. i25-0019-C1,Faecalibacterium sp. i25-0019-C1,species,0.0013284402450972252,fraction_reads,0.0,4,4
Centrifuge,unified,Centrifuge_unified,ZymoMockD6331,ZymoMockD6331,ont,D6331_Qiagen,2929492,2929492,                    Faecalibacterium sp. I3-3-33,Faecalibacterium sp. I3-3-33,species,0.0006642201225486126,fraction_reads,0.0,2,2
Centrifuge,unified,Centrifuge_unified,ZymoMockD6331,ZymoMockD6331,ont,D6331_Qiagen,3030638,3030638,                  Faecalibacterium taiwanense,Faecalibacterium taiwanense,species,0.001992660367645838,fraction_reads,0.0,6,6
Centrifuge,unified,Centrifuge_unified,ZymoMockD6331,ZymoMockD6331,ont,D6331_Qiagen,411483,411483,                  Faecalibacterium duncaniae,Faecalibacterium duncaniae,species,0.000996330183822919,fraction_reads,0.0,3,3
Centrifuge,unified,Centrifuge_unified,ZymoMockD6331,ZymoMockD6331,ont,D6331_Qiagen,1264,1264,                  Ruminococcus albus,Ruminococcus albus,species,0.001992660367645838,fraction_reads,0.0,6,0
Centrifuge,unified,Centrifuge_unified,ZymoMockD6331,ZymoMockD6331,ont,D6331_Qiagen,657323,657323,                    Ruminococcus sp. SR1/5,Ruminococcus sp. SR1/5,species,0.0003321100612743063,fraction_reads,0.0,1,1
Centrifuge,unified,Centrifuge_unified,ZymoMockD6331,ZymoMockD6331,ont,D6331_Qiagen,292800,292800,                  Flavonifractor plautii,Flavonifractor plautii,species,0.0013284402450972252,fraction_reads,0.0,4,4
Centrifuge,unified,Centrifuge_unified,ZymoMockD6331,ZymoMockD6331,ont,D6331_Qiagen,2108523,2108523,                  Lawsonibacter asaccharolyticus,Lawsonibacter asaccharolyticus,species,0.000996330183822919,fraction_reads,0.0,3,3
Centrifuge,unified,Centrifuge_unified,ZymoMockD6331,ZymoMockD6331,ont,D6331_Qiagen,2780922,2780922,                  Solibaculum mannosilyticum,Solibaculum mannosilyticum,species,0.0006642201225486126,fraction_reads,0.0,2,2
Centrifuge,unified,Centrifuge_unified,ZymoMockD6331,ZymoMockD6331,ont,D6331_Qiagen,3136601,3136601,                  Owariibacterium komagatae,Owariibacterium komagatae,species,0.0006642201225486126,fraction_reads,0.0,2,2
Centrifuge,unified,Centrifuge_unified,ZymoMockD6331,ZymoMockD6331,ont,D6331_Qiagen,2763056,2763056,                  Oscillibacter hominis,Oscillibacter hominis,species,0.0003321100612743063,fraction_reads,0.0,1,1
Centrifuge,unified,Centrifuge_unified,ZymoMockD6331,ZymoMockD6331,ont,D6331_Qiagen,1550024,1550024,                  Ruthenibacterium lactatiformans,Ruthenibacterium lactatiformans,species,0.0003321100612743063,fraction_reads,0.0,1,1
Centrifuge,unified,Centrifuge_unified,ZymoMockD6331,ZymoMockD6331,ont,D6331_Qiagen,2666138,2666138,                  Caproicibacterium lactatifermentans,Caproicibacterium lactatifermentans,species,0.0003321100612743063,fraction_reads,0.0,1,1
Centrifuge,unified,Centrifuge_unified,ZymoMockD6331,ZymoMockD6331,ont,D6331_Qiagen,2714353,2714353,                  Vescimonas fastidiosa,Vescimonas fastidiosa,species,0.0003321100612743063,fraction_reads,0.0,1,1
Centrifuge,unified,Centrifuge_unified,ZymoMockD6331,ZymoMockD6331,ont,D6331_Qiagen,1502,1502,                  Clostridium perfringens,Clostridium perfringens,species,0.01726972318626393,fraction_reads,0.02,52,50
Centrifuge,unified,Centrifuge_unified,ZymoMockD6331,ZymoMockD6331,ont,D6331_Qiagen,36839,36839,                  Clostridium felsineum,Clostridium felsineum,species,0.0076385314093090455,fraction_reads,0.01,23,23
Centrifuge,unified,Centrifuge_unified,ZymoMockD6331,ZymoMockD6331,ont,D6331_Qiagen,1519,1519,                  Clostridium tyrobutyricum,Clostridium tyrobutyricum,species,0.005977981102937513,fraction_reads,0.01,18,18
Centrifuge,unified,Centrifuge_unified,ZymoMockD6331,ZymoMockD6331,ont,D6331_Qiagen,1491,1491,                  Clostridium botulinum,Clostridium botulinum,species,0.004649540857840288,fraction_reads,0.0,14,12
Centrifuge,unified,Centrifuge_unified,ZymoMockD6331,ZymoMockD6331,ont,D6331_Qiagen,1492,1492,                  Clostridium butyricum,Clostridium butyricum,species,0.0029889905514687565,fraction_reads,0.0,9,9
Centrifuge,unified,Centrifuge_unified,ZymoMockD6331,ZymoMockD6331,ont,D6331_Qiagen,1522,1522,                  [Clostridium] innocuum,[Clostridium] innocuum,species,0.0013284402450972252,fraction_reads,0.0,4,4
Centrifuge,unified,Centrifuge_unified,ZymoMockD6331,ZymoMockD6331,ont,D6331_Qiagen,1513,1513,                  Clostridium tetani,Clostridium tetani,species,0.000996330183822919,fraction_reads,0.0,3,3
Centrifuge,unified,Centrifuge_unified,ZymoMockD6331,ZymoMockD6331,ont,D6331_Qiagen,1504,1504,                  Clostridium septicum,Clostridium septicum,species,0.0003321100612743063,fraction_reads,0.0,1,1
Centrifuge,unified,Centrifuge_unified,ZymoMockD6331,ZymoMockD6331,ont,D6331_Qiagen,1538,1538,                  Clostridium ljungdahlii,Clostridium ljungdahlii,species,0.0003321100612743063,fraction_reads,0.0,1,0
Centrifuge,unified,Centrifuge_unified,ZymoMockD6331,ZymoMockD6331,ont,D6331_Qiagen,46867,46867,                  Clostridium chauvoei,Clostridium chauvoei,species,0.0003321100612743063,fraction_reads,0.0,1,0
Centrifuge,unified,Centrifuge_unified,ZymoMockD6331,ZymoMockD6331,ont,D6331_Qiagen,94869,94869,                  Clostridium gasigenes,Clostridium gasigenes,species,0.0003321100612743063,fraction_reads,0.0,1,1
Centrifuge,unified,Centrifuge_unified,ZymoMockD6331,ZymoMockD6331,ont,D6331_Qiagen,394958,394958,                  Clostridium taeniosporum,Clostridium taeniosporum,species,0.0003321100612743063,fraction_reads,0.0,1,1
Centrifuge,unified,Centrifuge_unified,ZymoMockD6331,ZymoMockD6331,ont,D6331_Qiagen,1155388,1155388,                    Clostridium sp. C1,Clostridium sp. C1,species,0.0003321100612743063,fraction_reads,0.0,1,1
Centrifuge,unified,Centrifuge_unified,ZymoMockD6331,ZymoMockD6331,ont,D6331_Qiagen,341220,341220,                  Lactonifactor longoviformis,Lactonifactor longoviformis,species,0.0003321100612743063,fraction_reads,0.0,1,1
Centrifuge,unified,Centrifuge_unified,ZymoMockD6331,ZymoMockD6331,ont,D6331_Qiagen,2507162,2507162,                    Caproiciproducens sp. NJN-50,Caproiciproducens sp. NJN-50,species,0.0026568804901944505,fraction_reads,0.0,8,8
Centrifuge,unified,Centrifuge_unified,ZymoMockD6331,ZymoMockD6331,ont,D6331_Qiagen,2576756,2576756,                  Caproicibacter fermentans,Caproicibacter fermentans,species,0.0006642201225486126,fraction_reads,0.0,2,2
Centrifuge,unified,Centrifuge_unified,ZymoMockD6331,ZymoMockD6331,ont,D6331_Qiagen,1297617,1297617,                  Intestinimonas butyriciproducens,Intestinimonas butyriciproducens,species,0.001992660367645838,fraction_reads,0.0,6,6
Centrifuge,unified,Centrifuge_unified,ZymoMockD6331,ZymoMockD6331,ont,D6331_Qiagen,3079303,3079303,                    Intestinibacillus sp. NTUH-41-i26,Intestinibacillus sp. NTUH-41-i26,species,0.0003321100612743063,fraction_reads,0.0,1,1
Centrifuge,unified,Centrifuge_unified,ZymoMockD6331,ZymoMockD6331,ont,D6331_Qiagen,3079302,3079302,                    Agathobaculum sp. NTUH-O15-33,Agathobaculum sp. NTUH-O15-33,species,0.0003321100612743063,fraction_reads,0.0,1,1
Centrifuge,unified,Centrifuge_unified,ZymoMockD6331,ZymoMockD6331,ont,D6331_Qiagen,39496,39496,                  Eubacterium ventriosum,Eubacterium ventriosum,species,0.0003321100612743063,fraction_reads,0.0,1,1
Centrifuge,unified,Centrifuge_unified,ZymoMockD6331,ZymoMockD6331,ont,D6331_Qiagen,58135,58135,                  Desulfofundulus kuznetsovii,Desulfofundulus kuznetsovii,species,0.0003321100612743063,fraction_reads,0.0,1,0
Centrifuge,unified,Centrifuge_unified,ZymoMockD6331,ZymoMockD6331,ont,D6331_Qiagen,301301,301301,                  Roseburia hominis,Roseburia hominis,species,0.7273210341907308,fraction_reads,0.73,2190,2190
Centrifuge,unified,Centrifuge_unified,ZymoMockD6331,ZymoMockD6331,ont,D6331_Qiagen,166486,166486,                  Roseburia intestinalis,Roseburia intestinalis,species,0.0006642201225486126,fraction_reads,0.0,2,0
Centrifuge,unified,Centrifuge_unified,ZymoMockD6331,ZymoMockD6331,ont,D6331_Qiagen,33038,33038,                  Mediterraneibacter gnavus,Mediterraneibacter gnavus,species,0.00631009116421182,fraction_reads,0.01,19,19
Centrifuge,unified,Centrifuge_unified,ZymoMockD6331,ZymoMockD6331,ont,D6331_Qiagen,208479,208479,                  Enterocloster bolteae,Enterocloster bolteae,species,0.0029889905514687565,fraction_reads,0.0,9,9
Centrifuge,unified,Centrifuge_unified,ZymoMockD6331,ZymoMockD6331,ont,D6331_Qiagen,460384,460384,                  Enterocloster lavalensis,Enterocloster lavalensis,species,0.0003321100612743063,fraction_reads,0.0,1,1
Centrifuge,unified,Centrifuge_unified,ZymoMockD6331,ZymoMockD6331,ont,D6331_Qiagen,40520,40520,                  Blautia obeum,Blautia obeum,species,0.0003321100612743063,fraction_reads,0.0,1,0
Centrifuge,unified,Centrifuge_unified,ZymoMockD6331,ZymoMockD6331,ont,D6331_Qiagen,53443,53443,                  Blautia hydrogenotrophica,Blautia hydrogenotrophica,species,0.0003321100612743063,fraction_reads,0.0,1,0
Centrifuge,unified,Centrifuge_unified,ZymoMockD6331,ZymoMockD6331,ont,D6331_Qiagen,418240,418240,                  Blautia wexlerae,Blautia wexlerae,species,0.0003321100612743063,fraction_reads,0.0,1,1
Centrifuge,unified,Centrifuge_unified,ZymoMockD6331,ZymoMockD6331,ont,D6331_Qiagen,29347,29347,                  [Clostridium] scindens,[Clostridium] scindens,species,0.000996330183822919,fraction_reads,0.0,3,3
Centrifuge,unified,Centrifuge_unified,ZymoMockD6331,ZymoMockD6331,ont,D6331_Qiagen,649756,649756,                  Anaerostipes hadrus,Anaerostipes hadrus,species,0.0003321100612743063,fraction_reads,0.0,1,1
Centrifuge,unified,Centrifuge_unified,ZymoMockD6331,ZymoMockD6331,ont,D6331_Qiagen,1229621,1229621,                  Anaerostipes rhamnosivorans,Anaerostipes rhamnosivorans,species,0.0003321100612743063,fraction_reads,0.0,1,1
Centrifuge,unified,Centrifuge_unified,ZymoMockD6331,ZymoMockD6331,ont,D6331_Qiagen,2068655,2068655,                  Novisyntrophococcus fermenticellae,Novisyntrophococcus fermenticellae,species,0.0006642201225486126,fraction_reads,0.0,2,2
Centrifuge,unified,Centrifuge_unified,ZymoMockD6331,ZymoMockD6331,ont,D6331_Qiagen,185008,185008,                  Butyrivibrio hungatei,Butyrivibrio hungatei,species,0.0003321100612743063,fraction_reads,0.0,1,1
Centrifuge,unified,Centrifuge_unified,ZymoMockD6331,ZymoMockD6331,ont,D6331_Qiagen,410072,410072,                  Coprococcus comes,Coprococcus comes,species,0.0003321100612743063,fraction_reads,0.0,1,0
Centrifuge,unified,Centrifuge_unified,ZymoMockD6331,ZymoMockD6331,ont,D6331_Qiagen,88431,88431,                  Dorea longicatena,Dorea longicatena,species,0.0003321100612743063,fraction_reads,0.0,1,1
Centrifuge,unified,Centrifuge_unified,ZymoMockD6331,ZymoMockD6331,ont,D6331_Qiagen,39488,39488,                  Anaerobutyricum hallii,Anaerobutyricum hallii,species,0.0003321100612743063,fraction_reads,0.0,1,1
Centrifuge,unified,Centrifuge_unified,ZymoMockD6331,ZymoMockD6331,ont,D6331_Qiagen,3055805,3055805,                    Cellulosilyticum sp. ST5,Cellulosilyticum sp. ST5,species,0.0003321100612743063,fraction_reads,0.0,1,1
Centrifuge,unified,Centrifuge_unified,ZymoMockD6331,ZymoMockD6331,ont,D6331_Qiagen,1496,1496,                  Clostridioides difficile,Clostridioides difficile,species,0.11856329187492735,fraction_reads,0.12,357,326
Centrifuge,unified,Centrifuge_unified,ZymoMockD6331,ZymoMockD6331,ont,D6331_Qiagen,261299,261299,                  Intestinibacter bartlettii,Intestinibacter bartlettii,species,0.0013284402450972252,fraction_reads,0.0,4,4
Centrifuge,unified,Centrifuge_unified,ZymoMockD6331,ZymoMockD6331,ont,D6331_Qiagen,1490,1490,                  Paraclostridium bifermentans,Paraclostridium bifermentans,species,0.000996330183822919,fraction_reads,0.0,3,3
Centrifuge,unified,Centrifuge_unified,ZymoMockD6331,ZymoMockD6331,ont,D6331_Qiagen,1505,1505,                  Paraclostridium sordellii,Paraclostridium sordellii,species,0.0003321100612743063,fraction_reads,0.0,1,1
Centrifuge,unified,Centrifuge_unified,ZymoMockD6331,ZymoMockD6331,ont,D6331_Qiagen,1460447,1460447,                  Terrisporobacter petrolearius,Terrisporobacter petrolearius,species,0.0003321100612743063,fraction_reads,0.0,1,1
Centrifuge,unified,Centrifuge_unified,ZymoMockD6331,ZymoMockD6331,ont,D6331_Qiagen,2813371,2813371,                  Terrisporobacter hibernicus,Terrisporobacter hibernicus,species,0.0003321100612743063,fraction_reads,0.0,1,1
Centrifuge,unified,Centrifuge_unified,ZymoMockD6331,ZymoMockD6331,ont,D6331_Qiagen,3003601,3003601,                  Peptostreptococcus equinus,Peptostreptococcus equinus,species,0.0003321100612743063,fraction_reads,0.0,1,1
Centrifuge,unified,Centrifuge_unified,ZymoMockD6331,ZymoMockD6331,ont,D6331_Qiagen,2731219,2731219,                    Alkaliphilus sp. B6464,Alkaliphilus sp. B6464,species,0.000996330183822919,fraction_reads,0.0,3,3
Centrifuge,unified,Centrifuge_unified,ZymoMockD6331,ZymoMockD6331,ont,D6331_Qiagen,1734049,1734049,                  Serpentinicella alkaliphila,Serpentinicella alkaliphila,species,0.000996330183822919,fraction_reads,0.0,3,3
Centrifuge,unified,Centrifuge_unified,ZymoMockD6331,ZymoMockD6331,ont,D6331_Qiagen,86332,86332,                  Mogibacterium pumilum,Mogibacterium pumilum,species,0.0003321100612743063,fraction_reads,0.0,1,1
Centrifuge,unified,Centrifuge_unified,ZymoMockD6331,ZymoMockD6331,ont,D6331_Qiagen,1981510,1981510,                  Monoglobus pectinilyticus,Monoglobus pectinilyticus,species,0.0003321100612743063,fraction_reads,0.0,1,1
Centrifuge,unified,Centrifuge_unified,ZymoMockD6331,ZymoMockD6331,ont,D6331_Qiagen,689904,689904,                  Tissierella carlieri,Tissierella carlieri,species,0.0006642201225486126,fraction_reads,0.0,2,2
Centrifuge,unified,Centrifuge_unified,ZymoMockD6331,ZymoMockD6331,ont,D6331_Qiagen,2507161,2507161,                  Acidilutibacter cellobiosedens,Acidilutibacter cellobiosedens,species,0.0003321100612743063,fraction_reads,0.0,1,1
Centrifuge,unified,Centrifuge_unified,ZymoMockD6331,ZymoMockD6331,ont,D6331_Qiagen,1982626,1982626,                  Faecalibacillus intestinalis,Faecalibacillus intestinalis,species,0.0003321100612743063,fraction_reads,0.0,1,1
Centrifuge,unified,Centrifuge_unified,ZymoMockD6331,ZymoMockD6331,ont,D6331_Qiagen,36809,36809,                  Mycobacteroides abscessus,Mycobacteroides abscessus,species,0.10594310954650371,fraction_reads,0.11,319,319
Centrifuge,unified,Centrifuge_unified,ZymoMockD6331,ZymoMockD6331,ont,D6331_Qiagen,77643,77643,                  Mycobacterium tuberculosis complex,Mycobacterium tuberculosis complex,species,0.009963301838229188,fraction_reads,0.01,30,0
Centrifuge,unified,Centrifuge_unified,ZymoMockD6331,ZymoMockD6331,ont,D6331_Qiagen,1773,1773,                    Mycobacterium tuberculosis,Mycobacterium tuberculosis,species,0.00896697165440627,fraction_reads,0.01,27,17
Centrifuge,unified,Centrifuge_unified,ZymoMockD6331,ZymoMockD6331,ont,D6331_Qiagen,78331,78331,                    Mycobacterium canetti,Mycobacterium canetti,species,0.000996330183822919,fraction_reads,0.0,3,3
Centrifuge,unified,Centrifuge_unified,ZymoMockD6331,ZymoMockD6331,ont,D6331_Qiagen,120793,120793,                  Mycobacterium avium complex (MAC),Mycobacterium avium complex (MAC),species,0.005977981102937513,fraction_reads,0.01,18,0
Centrifuge,unified,Centrifuge_unified,ZymoMockD6331,ZymoMockD6331,ont,D6331_Qiagen,1764,1764,                    Mycobacterium avium,Mycobacterium avium,species,0.004649540857840288,fraction_reads,0.0,14,0
Centrifuge,unified,Centrifuge_unified,ZymoMockD6331,ZymoMockD6331,ont,D6331_Qiagen,1767,1767,                    Mycobacterium intracellulare,Mycobacterium intracellulare,species,0.0013284402450972252,fraction_reads,0.0,4,0
Centrifuge,unified,Centrifuge_unified,ZymoMockD6331,ZymoMockD6331,ont,D6331_Qiagen,386911,386911,                  Mycobacterium seoulense,Mycobacterium seoulense,species,0.0006642201225486126,fraction_reads,0.0,2,2
Centrifuge,unified,Centrifuge_unified,ZymoMockD6331,ZymoMockD6331,ont,D6331_Qiagen,480418,480418,                  Mycobacterium lepromatosis,Mycobacterium lepromatosis,species,0.0003321100612743063,fraction_reads,0.0,1,1
Centrifuge,unified,Centrifuge_unified,ZymoMockD6331,ZymoMockD6331,ont,D6331_Qiagen,2991729,2991729,                    Mycobacterium sp. Aquia_216,Mycobacterium sp. Aquia_216,species,0.0003321100612743063,fraction_reads,0.0,1,1
Centrifuge,unified,Centrifuge_unified,ZymoMockD6331,ZymoMockD6331,ont,D6331_Qiagen,2908837,2908837,                    Mycolicibacterium sp. YH-1,Mycolicibacterium sp. YH-1,species,0.009299081715680576,fraction_reads,0.01,28,28
Centrifuge,unified,Centrifuge_unified,ZymoMockD6331,ZymoMockD6331,ont,D6331_Qiagen,1772,1772,                  Mycolicibacterium smegmatis,Mycolicibacterium smegmatis,species,0.0003321100612743063,fraction_reads,0.0,1,1
Centrifuge,unified,Centrifuge_unified,ZymoMockD6331,ZymoMockD6331,ont,D6331_Qiagen,1069221,1069221,                  Mycolicibacillus parakoreensis,Mycolicibacillus parakoreensis,species,0.0003321100612743063,fraction_reads,0.0,1,1
Centrifuge,unified,Centrifuge_unified,ZymoMockD6331,ZymoMockD6331,ont,D6331_Qiagen,1725,1725,                  Corynebacterium xerosis,Corynebacterium xerosis,species,0.023579814350475747,fraction_reads,0.02,71,71
Centrifuge,unified,Centrifuge_unified,ZymoMockD6331,ZymoMockD6331,ont,D6331_Qiagen,53374,53374,                  Corynebacterium coyleae,Corynebacterium coyleae,species,0.013616512512246558,fraction_reads,0.01,41,41
Centrifuge,unified,Centrifuge_unified,ZymoMockD6331,ZymoMockD6331,ont,D6331_Qiagen,3391423,3391423,                    Corynebacterium sp. LaCa116,Corynebacterium sp. LaCa116,species,0.0026568804901944505,fraction_reads,0.0,8,8
Centrifuge,unified,Centrifuge_unified,ZymoMockD6331,ZymoMockD6331,ont,D6331_Qiagen,3391427,3391427,                    Corynebacterium sp. LaCa222,Corynebacterium sp. LaCa222,species,0.001992660367645838,fraction_reads,0.0,6,6
Centrifuge,unified,Centrifuge_unified,ZymoMockD6331,ZymoMockD6331,ont,D6331_Qiagen,3391431,3391431,                    Corynebacterium sp. LaCa97,Corynebacterium sp. LaCa97,species,0.0013284402450972252,fraction_reads,0.0,4,4
Centrifuge,unified,Centrifuge_unified,ZymoMockD6331,ZymoMockD6331,ont,D6331_Qiagen,3391430,3391430,                    Corynebacterium sp. LaCa78,Corynebacterium sp. LaCa78,species,0.000996330183822919,fraction_reads,0.0,3,3
Centrifuge,unified,Centrifuge_unified,ZymoMockD6331,ZymoMockD6331,ont,D6331_Qiagen,2778078,2778078,                    Corynebacterium sp. FDAARGOS 1242,Corynebacterium sp. FDAARGOS 1242,species,0.0003321100612743063,fraction_reads,0.0,1,1
Centrifuge,unified,Centrifuge_unified,ZymoMockD6331,ZymoMockD6331,ont,D6331_Qiagen,3081222,3081222,                    Corynebacterium sp. UMB2355A,Corynebacterium sp. UMB2355A,species,0.0003321100612743063,fraction_reads,0.0,1,1
Centrifuge,unified,Centrifuge_unified,ZymoMockD6331,ZymoMockD6331,ont,D6331_Qiagen,1719,1719,                  Corynebacterium pseudotuberculosis,Corynebacterium pseudotuberculosis,species,0.004649540857840288,fraction_reads,0.0,14,14
Centrifuge,unified,Centrifuge_unified,ZymoMockD6331,ZymoMockD6331,ont,D6331_Qiagen,43770,43770,                  Corynebacterium striatum,Corynebacterium striatum,species,0.000996330183822919,fraction_reads,0.0,3,3
Centrifuge,unified,Centrifuge_unified,ZymoMockD6331,ZymoMockD6331,ont,D6331_Qiagen,38284,38284,                  Corynebacterium accolens,Corynebacterium accolens,species,0.0006642201225486126,fraction_reads,0.0,2,2
Centrifuge,unified,Centrifuge_unified,ZymoMockD6331,ZymoMockD6331,ont,D6331_Qiagen,2320431,2320431,                  Corynebacterium silvaticum,Corynebacterium silvaticum,species,0.0006642201225486126,fraction_reads,0.0,2,2
Centrifuge,unified,Centrifuge_unified,ZymoMockD6331,ZymoMockD6331,ont,D6331_Qiagen,2488819,2488819,                  Corynebacterium endometrii,Corynebacterium endometrii,species,0.0006642201225486126,fraction_reads,0.0,2,2
Centrifuge,unified,Centrifuge_unified,ZymoMockD6331,ZymoMockD6331,ont,D6331_Qiagen,1717,1717,                  Corynebacterium diphtheriae,Corynebacterium diphtheriae,species,0.0003321100612743063,fraction_reads,0.0,1,0
Centrifuge,unified,Centrifuge_unified,ZymoMockD6331,ZymoMockD6331,ont,D6331_Qiagen,1718,1718,                  Corynebacterium glutamicum,Corynebacterium glutamicum,species,0.0003321100612743063,fraction_reads,0.0,1,1
Centrifuge,unified,Centrifuge_unified,ZymoMockD6331,ZymoMockD6331,ont,D6331_Qiagen,161895,161895,                  Corynebacterium phocae,Corynebacterium phocae,species,0.0003321100612743063,fraction_reads,0.0,1,1
Centrifuge,unified,Centrifuge_unified,ZymoMockD6331,ZymoMockD6331,ont,D6331_Qiagen,699041,699041,                  Corynebacterium hindlerae,Corynebacterium hindlerae,species,0.0003321100612743063,fraction_reads,0.0,1,1
Centrifuge,unified,Centrifuge_unified,ZymoMockD6331,ZymoMockD6331,ont,D6331_Qiagen,1652495,1652495,                  Corynebacterium crudilactis,Corynebacterium crudilactis,species,0.0003321100612743063,fraction_reads,0.0,1,1
Centrifuge,unified,Centrifuge_unified,ZymoMockD6331,ZymoMockD6331,ont,D6331_Qiagen,2684405,2684405,                  Corynebacterium poyangense,Corynebacterium poyangense,species,0.0003321100612743063,fraction_reads,0.0,1,1
Centrifuge,unified,Centrifuge_unified,ZymoMockD6331,ZymoMockD6331,ont,D6331_Qiagen,103816,103816,                  Rhodococcus pyridinivorans,Rhodococcus pyridinivorans,species,0.004981650919114594,fraction_reads,0.0,15,15
Centrifuge,unified,Centrifuge_unified,ZymoMockD6331,ZymoMockD6331,ont,D6331_Qiagen,3074148,3074148,                    Rhodococcus sp. SG20037,Rhodococcus sp. SG20037,species,0.0013284402450972252,fraction_reads,0.0,4,4
Centrifuge,unified,Centrifuge_unified,ZymoMockD6331,ZymoMockD6331,ont,D6331_Qiagen,2942275,2942275,                    Rhodococcus sp. GA1,Rhodococcus sp. GA1,species,0.000996330183822919,fraction_reads,0.0,3,3
Centrifuge,unified,Centrifuge_unified,ZymoMockD6331,ZymoMockD6331,ont,D6331_Qiagen,2840174,2840174,                  Rhodococcus erythropolis group,Rhodococcus erythropolis group,species,0.000996330183822919,fraction_reads,0.0,3,0
Centrifuge,unified,Centrifuge_unified,ZymoMockD6331,ZymoMockD6331,ont,D6331_Qiagen,334542,334542,                    Rhodococcus qingshengii,Rhodococcus qingshengii,species,0.000996330183822919,fraction_reads,0.0,3,3
Centrifuge,unified,Centrifuge_unified,ZymoMockD6331,ZymoMockD6331,ont,D6331_Qiagen,37329,37329,                  Nocardia farcinica,Nocardia farcinica,species,0.0013284402450972252,fraction_reads,0.0,4,1
Centrifuge,unified,Centrifuge_unified,ZymoMockD6331,ZymoMockD6331,ont,D6331_Qiagen,1823,1823,                  Nocardia otitidiscaviarum,Nocardia otitidiscaviarum,species,0.0003321100612743063,fraction_reads,0.0,1,1
Centrifuge,unified,Centrifuge_unified,ZymoMockD6331,ZymoMockD6331,ont,D6331_Qiagen,43767,43767,                  Prescottella equi,Prescottella equi,species,0.0006642201225486126,fraction_reads,0.0,2,2
Centrifuge,unified,Centrifuge_unified,ZymoMockD6331,ZymoMockD6331,ont,D6331_Qiagen,139021,139021,                  Dietzia psychralcaliphila,Dietzia psychralcaliphila,species,0.000996330183822919,fraction_reads,0.0,3,3
Centrifuge,unified,Centrifuge_unified,ZymoMockD6331,ZymoMockD6331,ont,D6331_Qiagen,322509,322509,                  Dietzia kunjamensis,Dietzia kunjamensis,species,0.000996330183822919,fraction_reads,0.0,3,3
Centrifuge,unified,Centrifuge_unified,ZymoMockD6331,ZymoMockD6331,ont,D6331_Qiagen,546160,546160,                  Dietzia lutea,Dietzia lutea,species,0.0003321100612743063,fraction_reads,0.0,1,1
Centrifuge,unified,Centrifuge_unified,ZymoMockD6331,ZymoMockD6331,ont,D6331_Qiagen,36822,36822,                  Gordonia rubripertincta,Gordonia rubripertincta,species,0.0006642201225486126,fraction_reads,0.0,2,2
Centrifuge,unified,Centrifuge_unified,ZymoMockD6331,ZymoMockD6331,ont,D6331_Qiagen,2676309,2676309,                    Gordonia sp. 135,Gordonia sp. 135,species,0.0006642201225486126,fraction_reads,0.0,2,2
Centrifuge,unified,Centrifuge_unified,ZymoMockD6331,ZymoMockD6331,ont,D6331_Qiagen,2054,2054,                  Gordonia bronchialis,Gordonia bronchialis,species,0.0003321100612743063,fraction_reads,0.0,1,0
Centrifuge,unified,Centrifuge_unified,ZymoMockD6331,ZymoMockD6331,ont,D6331_Qiagen,1701090,1701090,                  Gordonia hongkongensis,Gordonia hongkongensis,species,0.0003321100612743063,fraction_reads,0.0,1,1
Centrifuge,unified,Centrifuge_unified,ZymoMockD6331,ZymoMockD6331,ont,D6331_Qiagen,1680,1680,                  Bifidobacterium adolescentis,Bifidobacterium adolescentis,species,0.021919264044104214,fraction_reads,0.02,66,66
Centrifuge,unified,Centrifuge_unified,ZymoMockD6331,ZymoMockD6331,ont,D6331_Qiagen,216816,216816,                  Bifidobacterium longum,Bifidobacterium longum,species,0.009631191776954883,fraction_reads,0.01,29,22
Centrifuge,unified,Centrifuge_unified,ZymoMockD6331,ZymoMockD6331,ont,D6331_Qiagen,2985571,2985571,                    Bifidobacterium sp. KRGSERBCFTRI,Bifidobacterium sp. KRGSERBCFTRI,species,0.001992660367645838,fraction_reads,0.0,6,6
Centrifuge,unified,Centrifuge_unified,ZymoMockD6331,ZymoMockD6331,ont,D6331_Qiagen,2983230,2983230,                    Bifidobacterium sp. ESL0775,Bifidobacterium sp. ESL0775,species,0.0003321100612743063,fraction_reads,0.0,1,1
Centrifuge,unified,Centrifuge_unified,ZymoMockD6331,ZymoMockD6331,ont,D6331_Qiagen,1685,1685,                  Bifidobacterium breve,Bifidobacterium breve,species,0.000996330183822919,fraction_reads,0.0,3,3
Centrifuge,unified,Centrifuge_unified,ZymoMockD6331,ZymoMockD6331,ont,D6331_Qiagen,1454229,1454229,                  Bifidobacterium faecale,Bifidobacterium faecale,species,0.0003321100612743063,fraction_reads,0.0,1,1
Centrifuge,unified,Centrifuge_unified,ZymoMockD6331,ZymoMockD6331,ont,D6331_Qiagen,232537,232537,                      Rhodoluna limnophila,Rhodoluna limnophila,species,0.008302751531857657,fraction_reads,0.01,25,25
Centrifuge,unified,Centrifuge_unified,ZymoMockD6331,ZymoMockD6331,ont,D6331_Qiagen,2175635,2175635,                    Curtobacterium sp. MCLR17_058,Curtobacterium sp. MCLR17_058,species,0.0003321100612743063,fraction_reads,0.0,1,1
Centrifuge,unified,Centrifuge_unified,ZymoMockD6331,ZymoMockD6331,ont,D6331_Qiagen,2175650,2175650,                    Curtobacterium sp. MCLR17_032,Curtobacterium sp. MCLR17_032,species,0.0003321100612743063,fraction_reads,0.0,1,1
Centrifuge,unified,Centrifuge_unified,ZymoMockD6331,ZymoMockD6331,ont,D6331_Qiagen,2175660,2175660,                    Curtobacterium sp. MCJR17_043,Curtobacterium sp. MCJR17_043,species,0.0003321100612743063,fraction_reads,0.0,1,1
Centrifuge,unified,Centrifuge_unified,ZymoMockD6331,ZymoMockD6331,ont,D6331_Qiagen,2175674,2175674,                    Curtobacterium sp. MCBD17_040,Curtobacterium sp. MCBD17_040,species,0.0003321100612743063,fraction_reads,0.0,1,1
Centrifuge,unified,Centrifuge_unified,ZymoMockD6331,ZymoMockD6331,ont,D6331_Qiagen,2795488,2795488,                    Curtobacterium sp. YC1,Curtobacterium sp. YC1,species,0.0003321100612743063,fraction_reads,0.0,1,1
Centrifuge,unified,Centrifuge_unified,ZymoMockD6331,ZymoMockD6331,ont,D6331_Qiagen,2862880,2862880,                    Curtobacterium sp. TC1,Curtobacterium sp. TC1,species,0.0003321100612743063,fraction_reads,0.0,1,1
Centrifuge,unified,Centrifuge_unified,ZymoMockD6331,ZymoMockD6331,ont,D6331_Qiagen,2035,2035,                  Curtobacterium flaccumfaciens,Curtobacterium flaccumfaciens,species,0.0003321100612743063,fraction_reads,0.0,1,0
Centrifuge,unified,Centrifuge_unified,ZymoMockD6331,ZymoMockD6331,ont,D6331_Qiagen,159612,159612,                  Curtobacterium poinsettiae,Curtobacterium poinsettiae,species,0.0003321100612743063,fraction_reads,0.0,1,1
Centrifuge,unified,Centrifuge_unified,ZymoMockD6331,ZymoMockD6331,ont,D6331_Qiagen,2734618,2734618,                    Microbacterium sp. NIBRBAC000506063,Microbacterium sp. NIBRBAC000506063,species,0.0016605503063715317,fraction_reads,0.0,5,5
Centrifuge,unified,Centrifuge_unified,ZymoMockD6331,ZymoMockD6331,ont,D6331_Qiagen,2875948,2875948,                    Microbacterium sp. cx-55,Microbacterium sp. cx-55,species,0.0003321100612743063,fraction_reads,0.0,1,1
Centrifuge,unified,Centrifuge_unified,ZymoMockD6331,ZymoMockD6331,ont,D6331_Qiagen,1935379,1935379,                  Leucobacter muris,Leucobacter muris,species,0.0016605503063715317,fraction_reads,0.0,5,5
Centrifuge,unified,Centrifuge_unified,ZymoMockD6331,ZymoMockD6331,ont,D6331_Qiagen,2768071,2768071,                  Clavibacter zhangzhiyongii,Clavibacter zhangzhiyongii,species,0.000996330183822919,fraction_reads,0.0,3,3
Centrifuge,unified,Centrifuge_unified,ZymoMockD6331,ZymoMockD6331,ont,D6331_Qiagen,31963,31963,                  Clavibacter nebraskensis,Clavibacter nebraskensis,species,0.0003321100612743063,fraction_reads,0.0,1,1
Centrifuge,unified,Centrifuge_unified,ZymoMockD6331,ZymoMockD6331,ont,D6331_Qiagen,2781962,2781962,                  Agromyces archimandritae,Agromyces archimandritae,species,0.0003321100612743063,fraction_reads,0.0,1,1
Centrifuge,unified,Centrifuge_unified,ZymoMockD6331,ZymoMockD6331,ont,D6331_Qiagen,2846775,2846775,                    Subtercola sp. PAMC28395,Subtercola sp. PAMC28395,species,0.0003321100612743063,fraction_reads,0.0,1,1
Centrifuge,unified,Centrifuge_unified,ZymoMockD6331,ZymoMockD6331,ont,D6331_Qiagen,2735133,2735133,                    Herbiconiux sp. SALV-R1,Herbiconiux sp. SALV-R1,species,0.0003321100612743063,fraction_reads,0.0,1,1
Centrifuge,unified,Centrifuge_unified,ZymoMockD6331,ZymoMockD6331,ont,D6331_Qiagen,85336,85336,                  Rothia nasimurium,Rothia nasimurium,species,0.001992660367645838,fraction_reads,0.0,6,6
Centrifuge,unified,Centrifuge_unified,ZymoMockD6331,ZymoMockD6331,ont,D6331_Qiagen,169480,169480,                  Rothia amarae,Rothia amarae,species,0.0013284402450972252,fraction_reads,0.0,4,4
Centrifuge,unified,Centrifuge_unified,ZymoMockD6331,ZymoMockD6331,ont,D6331_Qiagen,43675,43675,                  Rothia mucilaginosa,Rothia mucilaginosa,species,0.0003321100612743063,fraction_reads,0.0,1,1
Centrifuge,unified,Centrifuge_unified,ZymoMockD6331,ZymoMockD6331,ont,D6331_Qiagen,1275,1275,                  Kocuria rosea,Kocuria rosea,species,0.001992660367645838,fraction_reads,0.0,6,6
Centrifuge,unified,Centrifuge_unified,ZymoMockD6331,ZymoMockD6331,ont,D6331_Qiagen,290399,290399,                    Arthrobacter sp. FB24,Arthrobacter sp. FB24,species,0.0003321100612743063,fraction_reads,0.0,1,1
Centrifuge,unified,Centrifuge_unified,ZymoMockD6331,ZymoMockD6331,ont,D6331_Qiagen,1704044,1704044,                    Arthrobacter sp. ERGS1:01,Arthrobacter sp. ERGS1:01,species,0.0003321100612743063,fraction_reads,0.0,1,1
Centrifuge,unified,Centrifuge_unified,ZymoMockD6331,ZymoMockD6331,ont,D6331_Qiagen,2894192,2894192,                    Arthrobacter sp. zg-Y820,Arthrobacter sp. zg-Y820,species,0.0003321100612743063,fraction_reads,0.0,1,1
Centrifuge,unified,Centrifuge_unified,ZymoMockD6331,ZymoMockD6331,ont,D6331_Qiagen,2735316,2735316,                    Paenarthrobacter sp. YJN-5,Paenarthrobacter sp. YJN-5,species,0.0006642201225486126,fraction_reads,0.0,2,2
Centrifuge,unified,Centrifuge_unified,ZymoMockD6331,ZymoMockD6331,ont,D6331_Qiagen,3111450,3111450,                    Pseudarthrobacter sp. LT1,Pseudarthrobacter sp. LT1,species,0.0003321100612743063,fraction_reads,0.0,1,1
Centrifuge,unified,Centrifuge_unified,ZymoMockD6331,ZymoMockD6331,ont,D6331_Qiagen,3162566,3162566,                    Pseudarthrobacter sp. WHRI 8279,Pseudarthrobacter sp. WHRI 8279,species,0.0003321100612743063,fraction_reads,0.0,1,1
Centrifuge,unified,Centrifuge_unified,ZymoMockD6331,ZymoMockD6331,ont,D6331_Qiagen,1933880,1933880,                  Glutamicibacter halophytocola,Glutamicibacter halophytocola,species,0.0003321100612743063,fraction_reads,0.0,1,1
Centrifuge,unified,Centrifuge_unified,ZymoMockD6331,ZymoMockD6331,ont,D6331_Qiagen,1274,1274,                  Dermacoccus nishinomiyaensis,Dermacoccus nishinomiyaensis,species,0.0016605503063715317,fraction_reads,0.0,5,5
Centrifuge,unified,Centrifuge_unified,ZymoMockD6331,ZymoMockD6331,ont,D6331_Qiagen,2770551,2770551,                    Yimella sp. cx-51,Yimella sp. cx-51,species,0.0003321100612743063,fraction_reads,0.0,1,1
Centrifuge,unified,Centrifuge_unified,ZymoMockD6331,ZymoMockD6331,ont,D6331_Qiagen,2908651,2908651,                    Ornithinimicrobium sp. INDO-MA30-4,Ornithinimicrobium sp. INDO-MA30-4,species,0.001992660367645838,fraction_reads,0.0,6,6
Centrifuge,unified,Centrifuge_unified,ZymoMockD6331,ZymoMockD6331,ont,D6331_Qiagen,1690220,1690220,                  Phycicoccus endophyticus,Phycicoccus endophyticus,species,0.0016605503063715317,fraction_reads,0.0,5,5
Centrifuge,unified,Centrifuge_unified,ZymoMockD6331,ZymoMockD6331,ont,D6331_Qiagen,1652028,1652028,                  Brachybacterium huguangmaarense,Brachybacterium huguangmaarense,species,0.0006642201225486126,fraction_reads,0.0,2,2
Centrifuge,unified,Centrifuge_unified,ZymoMockD6331,ZymoMockD6331,ont,D6331_Qiagen,1903186,1903186,                    Brachybacterium sp. P6-10-X1,Brachybacterium sp. P6-10-X1,species,0.0003321100612743063,fraction_reads,0.0,1,1
Centrifuge,unified,Centrifuge_unified,ZymoMockD6331,ZymoMockD6331,ont,D6331_Qiagen,1630135,1630135,                  Dermabacter vaginalis,Dermabacter vaginalis,species,0.0003321100612743063,fraction_reads,0.0,1,1
Centrifuge,unified,Centrifuge_unified,ZymoMockD6331,ZymoMockD6331,ont,D6331_Qiagen,76862,76862,                  Cellulomonas iranensis,Cellulomonas iranensis,species,0.0003321100612743063,fraction_reads,0.0,1,1
Centrifuge,unified,Centrifuge_unified,ZymoMockD6331,ZymoMockD6331,ont,D6331_Qiagen,2962632,2962632,                    Cellulomonas sp. NTE-D12,Cellulomonas sp. NTE-D12,species,0.0003321100612743063,fraction_reads,0.0,1,1
Centrifuge,unified,Centrifuge_unified,ZymoMockD6331,ZymoMockD6331,ont,D6331_Qiagen,477697,477697,                    Streptomyces sp. T12,Streptomyces sp. T12,species,0.0033211006127430633,fraction_reads,0.0,10,10
Centrifuge,unified,Centrifuge_unified,ZymoMockD6331,ZymoMockD6331,ont,D6331_Qiagen,2831149,2831149,                    Streptomyces sp. V17-9,Streptomyces sp. V17-9,species,0.002324770428920144,fraction_reads,0.0,7,7
Centrifuge,unified,Centrifuge_unified,ZymoMockD6331,ZymoMockD6331,ont,D6331_Qiagen,3239284,3239284,                    Streptomyces sp. RK9,Streptomyces sp. RK9,species,0.002324770428920144,fraction_reads,0.0,7,7
Centrifuge,unified,Centrifuge_unified,ZymoMockD6331,ZymoMockD6331,ont,D6331_Qiagen,565560,565560,                    Streptomyces sp. SM17,Streptomyces sp. SM17,species,0.0013284402450972252,fraction_reads,0.0,4,4
Centrifuge,unified,Centrifuge_unified,ZymoMockD6331,ZymoMockD6331,ont,D6331_Qiagen,2594460,2594460,                    Streptomyces sp. S1A1-8,Streptomyces sp. S1A1-8,species,0.000996330183822919,fraction_reads,0.0,3,3
Centrifuge,unified,Centrifuge_unified,ZymoMockD6331,ZymoMockD6331,ont,D6331_Qiagen,2594454,2594454,                    Streptomyces sp. RLB1-9,Streptomyces sp. RLB1-9,species,0.0006642201225486126,fraction_reads,0.0,2,2
Centrifuge,unified,Centrifuge_unified,ZymoMockD6331,ZymoMockD6331,ont,D6331_Qiagen,2594458,2594458,                    Streptomyces sp. S1A1-3,Streptomyces sp. S1A1-3,species,0.0006642201225486126,fraction_reads,0.0,2,2
Centrifuge,unified,Centrifuge_unified,ZymoMockD6331,ZymoMockD6331,ont,D6331_Qiagen,2903814,2903814,                    Streptomyces sp. NBC_01288,Streptomyces sp. NBC_01288,species,0.0003321100612743063,fraction_reads,0.0,1,1
Centrifuge,unified,Centrifuge_unified,ZymoMockD6331,ZymoMockD6331,ont,D6331_Qiagen,2903849,2903849,                    Streptomyces sp. NBC_01387,Streptomyces sp. NBC_01387,species,0.0003321100612743063,fraction_reads,0.0,1,1
Centrifuge,unified,Centrifuge_unified,ZymoMockD6331,ZymoMockD6331,ont,D6331_Qiagen,2903883,2903883,                    Streptomyces sp. NBC_01483,Streptomyces sp. NBC_01483,species,0.0003321100612743063,fraction_reads,0.0,1,1
Centrifuge,unified,Centrifuge_unified,ZymoMockD6331,ZymoMockD6331,ont,D6331_Qiagen,2975783,2975783,                    Streptomyces sp. NBC_00582,Streptomyces sp. NBC_00582,species,0.0003321100612743063,fraction_reads,0.0,1,1
Centrifuge,unified,Centrifuge_unified,ZymoMockD6331,ZymoMockD6331,ont,D6331_Qiagen,2975873,2975873,                    Streptomyces sp. NBC_01547,Streptomyces sp. NBC_01547,species,0.0003321100612743063,fraction_reads,0.0,1,1
Centrifuge,unified,Centrifuge_unified,ZymoMockD6331,ZymoMockD6331,ont,D6331_Qiagen,2975939,2975939,                    Streptomyces sp. NBC_01775,Streptomyces sp. NBC_01775,species,0.0003321100612743063,fraction_reads,0.0,1,1
Centrifuge,unified,Centrifuge_unified,ZymoMockD6331,ZymoMockD6331,ont,D6331_Qiagen,2996051,2996051,                    Streptomyces sp. NA13,Streptomyces sp. NA13,species,0.0003321100612743063,fraction_reads,0.0,1,1
Centrifuge,unified,Centrifuge_unified,ZymoMockD6331,ZymoMockD6331,ont,D6331_Qiagen,1901,1901,                  Streptomyces clavuligerus,Streptomyces clavuligerus,species,0.000996330183822919,fraction_reads,0.0,3,3
Centrifuge,unified,Centrifuge_unified,ZymoMockD6331,ZymoMockD6331,ont,D6331_Qiagen,2849069,2849069,                  Streptomyces diastaticus group,Streptomyces diastaticus group,species,0.000996330183822919,fraction_reads,0.0,3,0
Centrifuge,unified,Centrifuge_unified,ZymoMockD6331,ZymoMockD6331,ont,D6331_Qiagen,53451,53451,                    Streptomyces rutgersensis,Streptomyces rutgersensis,species,0.000996330183822919,fraction_reads,0.0,3,3
Centrifuge,unified,Centrifuge_unified,ZymoMockD6331,ZymoMockD6331,ont,D6331_Qiagen,1927,1927,                  Streptomyces rimosus,Streptomyces rimosus,species,0.0006642201225486126,fraction_reads,0.0,2,0
Centrifuge,unified,Centrifuge_unified,ZymoMockD6331,ZymoMockD6331,ont,D6331_Qiagen,285562,285562,                  Streptomyces coelicoflavus,Streptomyces coelicoflavus,species,0.0006642201225486126,fraction_reads,0.0,2,2
Centrifuge,unified,Centrifuge_unified,ZymoMockD6331,ZymoMockD6331,ont,D6331_Qiagen,1888,1888,                  Streptomyces albus,Streptomyces albus,species,0.0003321100612743063,fraction_reads,0.0,1,1
Centrifuge,unified,Centrifuge_unified,ZymoMockD6331,ZymoMockD6331,ont,D6331_Qiagen,1893,1893,                  Streptomyces atratus,Streptomyces atratus,species,0.0003321100612743063,fraction_reads,0.0,1,1
Centrifuge,unified,Centrifuge_unified,ZymoMockD6331,ZymoMockD6331,ont,D6331_Qiagen,35621,35621,                  Streptomyces mobaraensis,Streptomyces mobaraensis,species,0.0003321100612743063,fraction_reads,0.0,1,0
Centrifuge,unified,Centrifuge_unified,ZymoMockD6331,ZymoMockD6331,ont,D6331_Qiagen,42881,42881,                  Streptomyces chromofuscus,Streptomyces chromofuscus,species,0.0003321100612743063,fraction_reads,0.0,1,1
Centrifuge,unified,Centrifuge_unified,ZymoMockD6331,ZymoMockD6331,ont,D6331_Qiagen,58346,58346,                  Streptomyces platensis,Streptomyces platensis,species,0.0003321100612743063,fraction_reads,0.0,1,1
Centrifuge,unified,Centrifuge_unified,ZymoMockD6331,ZymoMockD6331,ont,D6331_Qiagen,68239,68239,                  Streptomyces mirabilis,Streptomyces mirabilis,species,0.0003321100612743063,fraction_reads,0.0,1,1
Centrifuge,unified,Centrifuge_unified,ZymoMockD6331,ZymoMockD6331,ont,D6331_Qiagen,629295,629295,                  Streptomyces griseus group,Streptomyces griseus group,species,0.0003321100612743063,fraction_reads,0.0,1,0
Centrifuge,unified,Centrifuge_unified,ZymoMockD6331,ZymoMockD6331,ont,D6331_Qiagen,1482561,1482561,                    Streptomyces anulatus subgroup,Streptomyces anulatus subgroup,species,0.0003321100612743063,fraction_reads,0.0,1,0
Centrifuge,unified,Centrifuge_unified,ZymoMockD6331,ZymoMockD6331,ont,D6331_Qiagen,1892,1892,                      Streptomyces anulatus,Streptomyces anulatus,species,0.0003321100612743063,fraction_reads,0.0,1,1
Centrifuge,unified,Centrifuge_unified,ZymoMockD6331,ZymoMockD6331,ont,D6331_Qiagen,2798799,2798799,                  Streptomyces poriferorum,Streptomyces poriferorum,species,0.0003321100612743063,fraction_reads,0.0,1,1
Centrifuge,unified,Centrifuge_unified,ZymoMockD6331,ZymoMockD6331,ont,D6331_Qiagen,544580,544580,                  Actinomyces oris,Actinomyces oris,species,0.010627521960777802,fraction_reads,0.01,32,32
Centrifuge,unified,Centrifuge_unified,ZymoMockD6331,ZymoMockD6331,ont,D6331_Qiagen,2722820,2722820,                  Actinomyces faecalis,Actinomyces faecalis,species,0.0006642201225486126,fraction_reads,0.0,2,2
Centrifuge,unified,Centrifuge_unified,ZymoMockD6331,ZymoMockD6331,ont,D6331_Qiagen,2758440,2758440,                  Changpingibacter yushuensis,Changpingibacter yushuensis,species,0.0006642201225486126,fraction_reads,0.0,2,2
Centrifuge,unified,Centrifuge_unified,ZymoMockD6331,ZymoMockD6331,ont,D6331_Qiagen,131112,131112,                  Arcanobacterium phocae,Arcanobacterium phocae,species,0.0003321100612743063,fraction_reads,0.0,1,1
Centrifuge,unified,Centrifuge_unified,ZymoMockD6331,ZymoMockD6331,ont,D6331_Qiagen,1661,1661,                  Trueperella pyogenes,Trueperella pyogenes,species,0.0003321100612743063,fraction_reads,0.0,1,1
Centrifuge,unified,Centrifuge_unified,ZymoMockD6331,ZymoMockD6331,ont,D6331_Qiagen,2758573,2758573,                  Flaviflexus equikiangi,Flaviflexus equikiangi,species,0.0003321100612743063,fraction_reads,0.0,1,1
Centrifuge,unified,Centrifuge_unified,ZymoMockD6331,ZymoMockD6331,ont,D6331_Qiagen,131110,131110,                  Schaalia radingae,Schaalia radingae,species,0.0003321100612743063,fraction_reads,0.0,1,1
Centrifuge,unified,Centrifuge_unified,ZymoMockD6331,ZymoMockD6331,ont,D6331_Qiagen,66228,66228,                  Gleimia europaea,Gleimia europaea,species,0.0003321100612743063,fraction_reads,0.0,1,1
Centrifuge,unified,Centrifuge_unified,ZymoMockD6331,ZymoMockD6331,ont,D6331_Qiagen,1747,1747,                  Cutibacterium acnes,Cutibacterium acnes,species,0.004649540857840288,fraction_reads,0.0,14,0
Centrifuge,unified,Centrifuge_unified,ZymoMockD6331,ZymoMockD6331,ont,D6331_Qiagen,2559073,2559073,                  Cutibacterium modestum,Cutibacterium modestum,species,0.0006642201225486126,fraction_reads,0.0,2,2
Centrifuge,unified,Centrifuge_unified,ZymoMockD6331,ZymoMockD6331,ont,D6331_Qiagen,3016342,3016342,                  Cutibacterium equinum,Cutibacterium equinum,species,0.0003321100612743063,fraction_reads,0.0,1,1
Centrifuge,unified,Centrifuge_unified,ZymoMockD6331,ZymoMockD6331,ont,D6331_Qiagen,3052086,3052086,                    Propionimicrobium sp. PCR01-08-3,Propionimicrobium sp. PCR01-08-3,species,0.0006642201225486126,fraction_reads,0.0,2,2
Centrifuge,unified,Centrifuge_unified,ZymoMockD6331,ZymoMockD6331,ont,D6331_Qiagen,1744,1744,                  Propionibacterium freudenreichii,Propionibacterium freudenreichii,species,0.0003321100612743063,fraction_reads,0.0,1,1
Centrifuge,unified,Centrifuge_unified,ZymoMockD6331,ZymoMockD6331,ont,D6331_Qiagen,1871034,1871034,                  Vaginimicrobium propionicum,Vaginimicrobium propionicum,species,0.0003321100612743063,fraction_reads,0.0,1,1
Centrifuge,unified,Centrifuge_unified,ZymoMockD6331,ZymoMockD6331,ont,D6331_Qiagen,2975999,2975999,                    Nocardioides sp. NBC_00163,Nocardioides sp. NBC_00163,species,0.0006642201225486126,fraction_reads,0.0,2,2
Centrifuge,unified,Centrifuge_unified,ZymoMockD6331,ZymoMockD6331,ont,D6331_Qiagen,2976000,2976000,                    Nocardioides sp. NBC_00368,Nocardioides sp. NBC_00368,species,0.0003321100612743063,fraction_reads,0.0,1,1
Centrifuge,unified,Centrifuge_unified,ZymoMockD6331,ZymoMockD6331,ont,D6331_Qiagen,2849501,2849501,                  Nocardioides panacis,Nocardioides panacis,species,0.0003321100612743063,fraction_reads,0.0,1,1
Centrifuge,unified,Centrifuge_unified,ZymoMockD6331,ZymoMockD6331,ont,D6331_Qiagen,2663859,2663859,                  Aeromicrobium senzhongii,Aeromicrobium senzhongii,species,0.0006642201225486126,fraction_reads,0.0,2,2
Centrifuge,unified,Centrifuge_unified,ZymoMockD6331,ZymoMockD6331,ont,D6331_Qiagen,219314,219314,                  Aeromicrobium marinum,Aeromicrobium marinum,species,0.0003321100612743063,fraction_reads,0.0,1,0
Centrifuge,unified,Centrifuge_unified,ZymoMockD6331,ZymoMockD6331,ont,D6331_Qiagen,2908642,2908642,                  Solicola gregarius,Solicola gregarius,species,0.0003321100612743063,fraction_reads,0.0,1,1
Centrifuge,unified,Centrifuge_unified,ZymoMockD6331,ZymoMockD6331,ont,D6331_Qiagen,1612552,1612552,                  Actinoalloteichus fjordicus,Actinoalloteichus fjordicus,species,0.0006642201225486126,fraction_reads,0.0,2,2
Centrifuge,unified,Centrifuge_unified,ZymoMockD6331,ZymoMockD6331,ont,D6331_Qiagen,3075927,3075927,                    Umezawaea sp. Da 62-37,Umezawaea sp. Da 62-37,species,0.0006642201225486126,fraction_reads,0.0,2,2
Centrifuge,unified,Centrifuge_unified,ZymoMockD6331,ZymoMockD6331,ont,D6331_Qiagen,2903558,2903558,                    Amycolatopsis sp. NBC_00438,Amycolatopsis sp. NBC_00438,species,0.0003321100612743063,fraction_reads,0.0,1,1
Centrifuge,unified,Centrifuge_unified,ZymoMockD6331,ZymoMockD6331,ont,D6331_Qiagen,2792008,2792008,                  Pseudonocardia abyssalis,Pseudonocardia abyssalis,species,0.0003321100612743063,fraction_reads,0.0,1,1
Centrifuge,unified,Centrifuge_unified,ZymoMockD6331,ZymoMockD6331,ont,D6331_Qiagen,1003110,1003110,                  Micromonospora maris,Micromonospora maris,species,0.000996330183822919,fraction_reads,0.0,3,3
Centrifuge,unified,Centrifuge_unified,ZymoMockD6331,ZymoMockD6331,ont,D6331_Qiagen,3016096,3016096,                    Micromonospora sp. WMMD712,Micromonospora sp. WMMD712,species,0.0003321100612743063,fraction_reads,0.0,1,1
Centrifuge,unified,Centrifuge_unified,ZymoMockD6331,ZymoMockD6331,ont,D6331_Qiagen,483545,483545,                  Thermobifida halotolerans,Thermobifida halotolerans,species,0.0003321100612743063,fraction_reads,0.0,1,1
Centrifuge,unified,Centrifuge_unified,ZymoMockD6331,ZymoMockD6331,ont,D6331_Qiagen,1528104,1528104,                    Geodermatophilus sp. DSM 44513,Geodermatophilus sp. DSM 44513,species,0.0003321100612743063,fraction_reads,0.0,1,1
Centrifuge,unified,Centrifuge_unified,ZymoMockD6331,ZymoMockD6331,ont,D6331_Qiagen,1902245,1902245,                  Nakamurella antarctica,Nakamurella antarctica,species,0.0003321100612743063,fraction_reads,0.0,1,1
Centrifuge,unified,Centrifuge_unified,ZymoMockD6331,ZymoMockD6331,ont,D6331_Qiagen,84112,84112,                  Eggerthella lenta,Eggerthella lenta,species,0.000996330183822919,fraction_reads,0.0,3,3
Centrifuge,unified,Centrifuge_unified,ZymoMockD6331,ZymoMockD6331,ont,D6331_Qiagen,446660,446660,                  Adlercreutzia equolifaciens,Adlercreutzia equolifaciens,species,0.0003321100612743063,fraction_reads,0.0,1,0
Centrifuge,unified,Centrifuge_unified,ZymoMockD6331,ZymoMockD6331,ont,D6331_Qiagen,74426,74426,                  Collinsella aerofaciens,Collinsella aerofaciens,species,0.0003321100612743063,fraction_reads,0.0,1,1
Centrifuge,unified,Centrifuge_unified,ZymoMockD6331,ZymoMockD6331,ont,D6331_Qiagen,1382,1382,                  Lancefieldella parvula,Lancefieldella parvula,species,0.0003321100612743063,fraction_reads,0.0,1,0
Centrifuge,unified,Centrifuge_unified,ZymoMockD6331,ZymoMockD6331,ont,D6331_Qiagen,2051957,2051957,                  Rubrobacter indicoceani,Rubrobacter indicoceani,species,0.0003321100612743063,fraction_reads,0.0,1,1
Centrifuge,unified,Centrifuge_unified,ZymoMockD6331,ZymoMockD6331,ont,D6331_Qiagen,2843216,2843216,                  Miltoncostaea oceani,Miltoncostaea oceani,species,0.0003321100612743063,fraction_reads,0.0,1,1
Centrifuge,unified,Centrifuge_unified,ZymoMockD6331,ZymoMockD6331,ont,D6331_Qiagen,2116702,2116702,                      Synechocystis sp. IPPAS B-1465,Synechocystis sp. IPPAS B-1465,species,0.004649540857840288,fraction_reads,0.0,14,14
Centrifuge,unified,Centrifuge_unified,ZymoMockD6331,ZymoMockD6331,ont,D6331_Qiagen,1148,1148,                      Synechocystis sp. PCC 6803,Synechocystis sp. PCC 6803,species,0.000996330183822919,fraction_reads,0.0,3,3
Centrifuge,unified,Centrifuge_unified,ZymoMockD6331,ZymoMockD6331,ont,D6331_Qiagen,2732530,2732530,                      Synechocystis sp. PCC 7338,Synechocystis sp. PCC 7338,species,0.0006642201225486126,fraction_reads,0.0,2,2
Centrifuge,unified,Centrifuge_unified,ZymoMockD6331,ZymoMockD6331,ont,D6331_Qiagen,64471,64471,                      Synechococcus sp. CC9311,Synechococcus sp. CC9311,species,0.0003321100612743063,fraction_reads,0.0,1,1
Centrifuge,unified,Centrifuge_unified,ZymoMockD6331,ZymoMockD6331,ont,D6331_Qiagen,221341,221341,                      Synechococcus sp. Minos11,Synechococcus sp. Minos11,species,0.0003321100612743063,fraction_reads,0.0,1,1
Centrifuge,unified,Centrifuge_unified,ZymoMockD6331,ZymoMockD6331,ont,D6331_Qiagen,1801628,1801628,                      Synechococcus sp. MIT S9504,Synechococcus sp. MIT S9504,species,0.0003321100612743063,fraction_reads,0.0,1,1
Centrifuge,unified,Centrifuge_unified,ZymoMockD6331,ZymoMockD6331,ont,D6331_Qiagen,32046,32046,                    Synechococcus elongatus,Synechococcus elongatus,species,0.0003321100612743063,fraction_reads,0.0,1,0
Centrifuge,unified,Centrifuge_unified,ZymoMockD6331,ZymoMockD6331,ont,D6331_Qiagen,1184,1184,                      Leptolyngbya boryana,Leptolyngbya boryana,species,0.0026568804901944505,fraction_reads,0.0,8,0
Centrifuge,unified,Centrifuge_unified,ZymoMockD6331,ZymoMockD6331,ont,D6331_Qiagen,3074082,3074082,                      Thermosynechococcus sp. PP22,Thermosynechococcus sp. PP22,species,0.0006642201225486126,fraction_reads,0.0,2,2
Centrifuge,unified,Centrifuge_unified,ZymoMockD6331,ZymoMockD6331,ont,D6331_Qiagen,3074090,3074090,                      Thermosynechococcus sp. WL15,Thermosynechococcus sp. WL15,species,0.0006642201225486126,fraction_reads,0.0,2,2
Centrifuge,unified,Centrifuge_unified,ZymoMockD6331,ZymoMockD6331,ont,D6331_Qiagen,155978,155978,                    Acaryochloris marina,Acaryochloris marina,species,0.0003321100612743063,fraction_reads,0.0,1,0
Centrifuge,unified,Centrifuge_unified,ZymoMockD6331,ZymoMockD6331,ont,D6331_Qiagen,32049,32049,                        Picosynechococcus sp. PCC 7002,Picosynechococcus sp. PCC 7002,species,0.0003321100612743063,fraction_reads,0.0,1,1
Centrifuge,unified,Centrifuge_unified,ZymoMockD6331,ZymoMockD6331,ont,D6331_Qiagen,195248,195248,                        Picosynechococcus sp. PCC 8807,Picosynechococcus sp. PCC 8807,species,0.0003321100612743063,fraction_reads,0.0,1,1
Centrifuge,unified,Centrifuge_unified,ZymoMockD6331,ZymoMockD6331,ont,D6331_Qiagen,1160,1160,                      Planktothrix agardhii,Planktothrix agardhii,species,0.0006642201225486126,fraction_reads,0.0,2,2
Centrifuge,unified,Centrifuge_unified,ZymoMockD6331,ZymoMockD6331,ont,D6331_Qiagen,46234,46234,                      Anabaena sp. 90,Anabaena sp. 90,species,0.0003321100612743063,fraction_reads,0.0,1,1
Centrifuge,unified,Centrifuge_unified,ZymoMockD6331,ZymoMockD6331,ont,D6331_Qiagen,3134896,3134896,                      Nostoc sp. UHCC 0302,Nostoc sp. UHCC 0302,species,0.0003321100612743063,fraction_reads,0.0,1,1
Centrifuge,unified,Centrifuge_unified,ZymoMockD6331,ZymoMockD6331,ont,D6331_Qiagen,137816,137816,                    Nodularia sphaerocarpa,Nodularia sphaerocarpa,species,0.0003321100612743063,fraction_reads,0.0,1,0
Centrifuge,unified,Centrifuge_unified,ZymoMockD6331,ZymoMockD6331,ont,D6331_Qiagen,2792084,2792084,                    Spiroplasma endosymbiont of 'Nebria riversi',Spiroplasma endosymbiont of 'Nebria riversi',species,0.005313760980388901,fraction_reads,0.01,16,16
Centrifuge,unified,Centrifuge_unified,ZymoMockD6331,ZymoMockD6331,ont,D6331_Qiagen,2133,2133,                  Spiroplasma citri,Spiroplasma citri,species,0.0016605503063715317,fraction_reads,0.0,5,5
Centrifuge,unified,Centrifuge_unified,ZymoMockD6331,ZymoMockD6331,ont,D6331_Qiagen,216937,216937,                  Spiroplasma floricola,Spiroplasma floricola,species,0.0006642201225486126,fraction_reads,0.0,2,0
Centrifuge,unified,Centrifuge_unified,ZymoMockD6331,ZymoMockD6331,ont,D6331_Qiagen,656088,656088,                  Mycoplasma mycoides group,Mycoplasma mycoides group,species,0.001992660367645838,fraction_reads,0.0,6,0
Centrifuge,unified,Centrifuge_unified,ZymoMockD6331,ZymoMockD6331,ont,D6331_Qiagen,2102,2102,                    Mycoplasma mycoides,Mycoplasma mycoides,species,0.001992660367645838,fraction_reads,0.0,6,3
Centrifuge,unified,Centrifuge_unified,ZymoMockD6331,ZymoMockD6331,ont,D6331_Qiagen,519450,519450,                  Mycoplasma anserisalpingitidis,Mycoplasma anserisalpingitidis,species,0.0003321100612743063,fraction_reads,0.0,1,1
Centrifuge,unified,Centrifuge_unified,ZymoMockD6331,ZymoMockD6331,ont,D6331_Qiagen,171284,171284,                Mycoplasmopsis cynos,Mycoplasmopsis cynos,species,0.002324770428920144,fraction_reads,0.0,7,7
Centrifuge,unified,Centrifuge_unified,ZymoMockD6331,ZymoMockD6331,ont,D6331_Qiagen,28903,28903,                Mycoplasmopsis bovis,Mycoplasmopsis bovis,species,0.0003321100612743063,fraction_reads,0.0,1,1
Centrifuge,unified,Centrifuge_unified,ZymoMockD6331,ZymoMockD6331,ont,D6331_Qiagen,2219043,2219043,                  Capsulimonas corticalis,Capsulimonas corticalis,species,0.0013284402450972252,fraction_reads,0.0,4,4
Centrifuge,unified,Centrifuge_unified,ZymoMockD6331,ZymoMockD6331,ont,D6331_Qiagen,3003348,3003348,                  Candidatus Chlorohelix allophototropha,Candidatus Chlorohelix allophototropha,species,0.0003321100612743063,fraction_reads,0.0,1,1
Centrifuge,unified,Centrifuge_unified,ZymoMockD6331,ZymoMockD6331,ont,D6331_Qiagen,851,851,                  Fusobacterium nucleatum,Fusobacterium nucleatum,species,1.8415502897660283,fraction_reads,1.84,5545,5545
Centrifuge,unified,Centrifuge_unified,ZymoMockD6331,ZymoMockD6331,ont,D6331_Qiagen,76859,76859,                  Fusobacterium animalis,Fusobacterium animalis,species,0.08136696501220504,fraction_reads,0.08,245,242
Centrifuge,unified,Centrifuge_unified,ZymoMockD6331,ZymoMockD6331,ont,D6331_Qiagen,155615,155615,                  Fusobacterium vincentii,Fusobacterium vincentii,species,0.0474917387622258,fraction_reads,0.05,143,138
Centrifuge,unified,Centrifuge_unified,ZymoMockD6331,ZymoMockD6331,ont,D6331_Qiagen,76857,76857,                  Fusobacterium polymorphum,Fusobacterium polymorphum,species,0.03653210674017369,fraction_reads,0.04,110,110
Centrifuge,unified,Centrifuge_unified,ZymoMockD6331,ZymoMockD6331,ont,D6331_Qiagen,850,850,                  Fusobacterium mortiferum,Fusobacterium mortiferum,species,0.002324770428920144,fraction_reads,0.0,7,0
Centrifuge,unified,Centrifuge_unified,ZymoMockD6331,ZymoMockD6331,ont,D6331_Qiagen,1583098,1583098,                  Fusobacterium hwasookii,Fusobacterium hwasookii,species,0.002324770428920144,fraction_reads,0.0,7,7
Centrifuge,unified,Centrifuge_unified,ZymoMockD6331,ZymoMockD6331,ont,D6331_Qiagen,188913,188913,                  Cetobacterium somerae,Cetobacterium somerae,species,0.0003321100612743063,fraction_reads,0.0,1,1
Centrifuge,unified,Centrifuge_unified,ZymoMockD6331,ZymoMockD6331,ont,D6331_Qiagen,157688,157688,                  Leptotrichia hofstadii,Leptotrichia hofstadii,species,0.0003321100612743063,fraction_reads,0.0,1,1
Centrifuge,unified,Centrifuge_unified,ZymoMockD6331,ZymoMockD6331,ont,D6331_Qiagen,2917691,2917691,                    Deinococcus sp. KNUC1210,Deinococcus sp. KNUC1210,species,0.001992660367645838,fraction_reads,0.0,6,6
Centrifuge,unified,Centrifuge_unified,ZymoMockD6331,ZymoMockD6331,ont,D6331_Qiagen,2939437,2939437,                    Deinococcus sp. QL22,Deinococcus sp. QL22,species,0.0003321100612743063,fraction_reads,0.0,1,1
Centrifuge,unified,Centrifuge_unified,ZymoMockD6331,ZymoMockD6331,ont,D6331_Qiagen,1299,1299,                  Deinococcus radiodurans,Deinococcus radiodurans,species,0.0016605503063715317,fraction_reads,0.0,5,0
Centrifuge,unified,Centrifuge_unified,ZymoMockD6331,ZymoMockD6331,ont,D6331_Qiagen,317577,317577,                  Deinococcus ficus,Deinococcus ficus,species,0.0013284402450972252,fraction_reads,0.0,4,4
Centrifuge,unified,Centrifuge_unified,ZymoMockD6331,ZymoMockD6331,ont,D6331_Qiagen,328692,328692,                  Deinococcus aquaticus,Deinococcus aquaticus,species,0.000996330183822919,fraction_reads,0.0,3,3
Centrifuge,unified,Centrifuge_unified,ZymoMockD6331,ZymoMockD6331,ont,D6331_Qiagen,980427,980427,                  Deinococcus wulumuqiensis,Deinococcus wulumuqiensis,species,0.000996330183822919,fraction_reads,0.0,3,0
Centrifuge,unified,Centrifuge_unified,ZymoMockD6331,ZymoMockD6331,ont,D6331_Qiagen,68909,68909,                  Deinococcus geothermalis,Deinococcus geothermalis,species,0.0003321100612743063,fraction_reads,0.0,1,0
Centrifuge,unified,Centrifuge_unified,ZymoMockD6331,ZymoMockD6331,ont,D6331_Qiagen,2489213,2489213,                  Deinococcus psychrotolerans,Deinococcus psychrotolerans,species,0.0003321100612743063,fraction_reads,0.0,1,1
Centrifuge,unified,Centrifuge_unified,ZymoMockD6331,ZymoMockD6331,ont,D6331_Qiagen,274,274,                  Thermus thermophilus,Thermus thermophilus,species,0.0036532106740173693,fraction_reads,0.0,11,11
Centrifuge,unified,Centrifuge_unified,ZymoMockD6331,ZymoMockD6331,ont,D6331_Qiagen,56956,56956,                  Thermus brockianus,Thermus brockianus,species,0.002324770428920144,fraction_reads,0.0,7,7
Centrifuge,unified,Centrifuge_unified,ZymoMockD6331,ZymoMockD6331,ont,D6331_Qiagen,1184387,1184387,                  Mesotoga prima,Mesotoga prima,species,0.0026568804901944505,fraction_reads,0.0,8,0
Centrifuge,unified,Centrifuge_unified,ZymoMockD6331,ZymoMockD6331,ont,D6331_Qiagen,2424,2424,                  Fervidobacterium nodosum,Fervidobacterium nodosum,species,0.0003321100612743063,fraction_reads,0.0,1,0
Centrifuge,unified,Centrifuge_unified,ZymoMockD6331,ZymoMockD6331,ont,D6331_Qiagen,93466,93466,                  Fervidobacterium pennivorans,Fervidobacterium pennivorans,species,0.0003321100612743063,fraction_reads,0.0,1,0
Centrifuge,unified,Centrifuge_unified,ZymoMockD6331,ZymoMockD6331,ont,D6331_Qiagen,2355,2355,        unidentified bacterial endosymbiont,unidentified bacterial endosymbiont,species,0.006974311286760433,fraction_reads,0.01,21,21
Centrifuge,unified,Centrifuge_unified,ZymoMockD6331,ZymoMockD6331,ont,D6331_Qiagen,4932,4932,                          Saccharomyces cerevisiae,Saccharomyces cerevisiae,species,0.18564952425233722,fraction_reads,0.19,559,0
Centrifuge,unified,Centrifuge_unified,ZymoMockD6331,ZymoMockD6331,ont,D6331_Qiagen,1080349,1080349,                          Saccharomyces eubayanus,Saccharomyces eubayanus,species,0.022583484166652828,fraction_reads,0.02,68,68
Centrifuge,unified,Centrifuge_unified,ZymoMockD6331,ZymoMockD6331,ont,D6331_Qiagen,27291,27291,                          Saccharomyces paradoxus,Saccharomyces paradoxus,species,0.0006642201225486126,fraction_reads,0.0,2,2
Centrifuge,unified,Centrifuge_unified,ZymoMockD6331,ZymoMockD6331,ont,D6331_Qiagen,114524,114524,                          Saccharomyces kudriavzevii,Saccharomyces kudriavzevii,species,0.0003321100612743063,fraction_reads,0.0,1,0
Centrifuge,unified,Centrifuge_unified,ZymoMockD6331,ZymoMockD6331,ont,D6331_Qiagen,27288,27288,                          Naumovozyma castellii,Naumovozyma castellii,species,0.038856877169093834,fraction_reads,0.04,117,117
Centrifuge,unified,Centrifuge_unified,ZymoMockD6331,ZymoMockD6331,ont,D6331_Qiagen,27289,27289,                          Naumovozyma dairenensis,Naumovozyma dairenensis,species,0.018598163431361153,fraction_reads,0.02,56,0
Centrifuge,unified,Centrifuge_unified,ZymoMockD6331,ZymoMockD6331,ont,D6331_Qiagen,432096,432096,                          Kazachstania africana,Kazachstania africana,species,0.04051742747546537,fraction_reads,0.04,122,0
Centrifuge,unified,Centrifuge_unified,ZymoMockD6331,ZymoMockD6331,ont,D6331_Qiagen,4950,4950,                          Torulaspora delbrueckii,Torulaspora delbrueckii,species,0.027233025024493117,fraction_reads,0.03,82,82
Centrifuge,unified,Centrifuge_unified,ZymoMockD6331,ZymoMockD6331,ont,D6331_Qiagen,113608,113608,                          Tetrapisispora phaffii,Tetrapisispora phaffii,species,0.021587153982829912,fraction_reads,0.02,65,0
Centrifuge,unified,Centrifuge_unified,ZymoMockD6331,ZymoMockD6331,ont,D6331_Qiagen,588726,588726,                          Huiozyma naganishii,Huiozyma naganishii,species,0.013284402450972253,fraction_reads,0.01,40,0
Centrifuge,unified,Centrifuge_unified,ZymoMockD6331,ZymoMockD6331,ont,D6331_Qiagen,1071379,1071379,                          Henningerozyma blattae,Henningerozyma blattae,species,0.0003321100612743063,fraction_reads,0.0,1,0
Centrifuge,unified,Centrifuge_unified,ZymoMockD6331,ZymoMockD6331,ont,D6331_Qiagen,5476,5476,                            Candida albicans,Candida albicans,species,0.11158898058816692,fraction_reads,0.11,336,0
Centrifuge,unified,Centrifuge_unified,ZymoMockD6331,ZymoMockD6331,ont,D6331_Qiagen,273371,273371,                            Candida orthopsilosis,Candida orthopsilosis,species,0.007970641470583352,fraction_reads,0.01,24,0
Centrifuge,unified,Centrifuge_unified,ZymoMockD6331,ZymoMockD6331,ont,D6331_Qiagen,36914,36914,                            Lodderomyces elongisporus,Lodderomyces elongisporus,species,0.0003321100612743063,fraction_reads,0.0,1,1
Centrifuge,unified,Centrifuge_unified,ZymoMockD6331,ZymoMockD6331,ont,D6331_Qiagen,4959,4959,                          Debaryomyces hansenii,Debaryomyces hansenii,species,0.000996330183822919,fraction_reads,0.0,3,2
Centrifuge,unified,Centrifuge_unified,ZymoMockD6331,ZymoMockD6331,ont,D6331_Qiagen,13502,13502,                          Brettanomyces nanus,Brettanomyces nanus,species,0.0003321100612743063,fraction_reads,0.0,1,1
Centrifuge,unified,Centrifuge_unified,ZymoMockD6331,ZymoMockD6331,ont,D6331_Qiagen,796027,796027,                          Sugiyamaella lignohabitans,Sugiyamaella lignohabitans,species,0.0003321100612743063,fraction_reads,0.0,1,1
Centrifuge,unified,Centrifuge_unified,ZymoMockD6331,ZymoMockD6331,ont,D6331_Qiagen,569360,569360,                                Fusarium sambucinum species complex,Fusarium sambucinum species complex,species,0.02789724514704173,fraction_reads,0.03,84,0
Centrifuge,unified,Centrifuge_unified,ZymoMockD6331,ZymoMockD6331,ont,D6331_Qiagen,101028,101028,                                  Fusarium pseudograminearum,Fusarium pseudograminearum,species,0.02789724514704173,fraction_reads,0.03,84,0
Centrifuge,unified,Centrifuge_unified,ZymoMockD6331,ZymoMockD6331,ont,D6331_Qiagen,171627,171627,                                Fusarium fujikuroi species complex,Fusarium fujikuroi species complex,species,0.0003321100612743063,fraction_reads,0.0,1,0
Centrifuge,unified,Centrifuge_unified,ZymoMockD6331,ZymoMockD6331,ont,D6331_Qiagen,5127,5127,                                  Fusarium fujikuroi,Fusarium fujikuroi,species,0.0003321100612743063,fraction_reads,0.0,1,0
Centrifuge,unified,Centrifuge_unified,ZymoMockD6331,ZymoMockD6331,ont,D6331_Qiagen,232080,232080,                                Fusarium solani species complex,Fusarium solani species complex,species,0.0003321100612743063,fraction_reads,0.0,1,0
Centrifuge,unified,Centrifuge_unified,ZymoMockD6331,ZymoMockD6331,ont,D6331_Qiagen,1328300,1328300,                                  Fusarium keratoplasticum,Fusarium keratoplasticum,species,0.0003321100612743063,fraction_reads,0.0,1,1
Centrifuge,unified,Centrifuge_unified,ZymoMockD6331,ZymoMockD6331,ont,D6331_Qiagen,1159556,1159556,                                Ustilaginoidea virens,Ustilaginoidea virens,species,0.014612842696069477,fraction_reads,0.01,44,44
Centrifuge,unified,Centrifuge_unified,ZymoMockD6331,ZymoMockD6331,ont,D6331_Qiagen,280754,280754,                                Pochonia chlamydosporia,Pochonia chlamydosporia,species,0.0003321100612743063,fraction_reads,0.0,1,0
Centrifuge,unified,Centrifuge_unified,ZymoMockD6331,ZymoMockD6331,ont,D6331_Qiagen,63577,63577,                                Trichoderma atroviride,Trichoderma atroviride,species,0.0013284402450972252,fraction_reads,0.0,4,4
Centrifuge,unified,Centrifuge_unified,ZymoMockD6331,ZymoMockD6331,ont,D6331_Qiagen,2231603,2231603,                                Akanthomyces muscarius,Akanthomyces muscarius,species,0.0003321100612743063,fraction_reads,0.0,1,1
Centrifuge,unified,Centrifuge_unified,ZymoMockD6331,ZymoMockD6331,ont,D6331_Qiagen,5141,5141,                                Neurospora crassa,Neurospora crassa,species,0.01262018232842364,fraction_reads,0.01,38,0
Centrifuge,unified,Centrifuge_unified,ZymoMockD6331,ZymoMockD6331,ont,D6331_Qiagen,78579,78579,                                Thermothelomyces thermophilus,Thermothelomyces thermophilus,species,0.0003321100612743063,fraction_reads,0.0,1,0
Centrifuge,unified,Centrifuge_unified,ZymoMockD6331,ZymoMockD6331,ont,D6331_Qiagen,2093777,2093777,                                Podospora bellae-mahoneyi,Podospora bellae-mahoneyi,species,0.0003321100612743063,fraction_reads,0.0,1,1
Centrifuge,unified,Centrifuge_unified,ZymoMockD6331,ZymoMockD6331,ont,D6331_Qiagen,1578925,1578925,                                Pyricularia pennisetigena,Pyricularia pennisetigena,species,0.000996330183822919,fraction_reads,0.0,3,3
Centrifuge,unified,Centrifuge_unified,ZymoMockD6331,ZymoMockD6331,ont,D6331_Qiagen,40559,40559,                              Botrytis cinerea,Botrytis cinerea,species,0.0006642201225486126,fraction_reads,0.0,2,0
Centrifuge,unified,Centrifuge_unified,ZymoMockD6331,ZymoMockD6331,ont,D6331_Qiagen,1220207,1220207,                              Aspergillus puulaauensis,Aspergillus puulaauensis,species,0.0003321100612743063,fraction_reads,0.0,1,1
Centrifuge,unified,Centrifuge_unified,ZymoMockD6331,ZymoMockD6331,ont,D6331_Qiagen,199306,199306,                              Coccidioides posadasii,Coccidioides posadasii,species,0.0003321100612743063,fraction_reads,0.0,1,0
Centrifuge,unified,Centrifuge_unified,ZymoMockD6331,ZymoMockD6331,ont,D6331_Qiagen,1047171,1047171,                                Zymoseptoria tritici,Zymoseptoria tritici,species,0.0003321100612743063,fraction_reads,0.0,1,0
Centrifuge,unified,Centrifuge_unified,ZymoMockD6331,ZymoMockD6331,ont,D6331_Qiagen,4896,4896,                        Schizosaccharomyces pombe,Schizosaccharomyces pombe,species,0.0003321100612743063,fraction_reads,0.0,1,1
Centrifuge,unified,Centrifuge_unified,ZymoMockD6331,ZymoMockD6331,ont,D6331_Qiagen,1884637,1884637,                        Cryptococcus gattii species complex,Cryptococcus gattii species complex,species,0.10494677936268078,fraction_reads,0.1,316,0
Centrifuge,unified,Centrifuge_unified,ZymoMockD6331,ZymoMockD6331,ont,D6331_Qiagen,552467,552467,                          Cryptococcus bacillisporus,Cryptococcus bacillisporus,species,0.05679082047790638,fraction_reads,0.06,171,0
Centrifuge,unified,Centrifuge_unified,ZymoMockD6331,ZymoMockD6331,ont,D6331_Qiagen,1859121,1859121,                          Cryptococcus tetragattii,Cryptococcus tetragattii,species,0.03321100612743063,fraction_reads,0.03,100,0
Centrifuge,unified,Centrifuge_unified,ZymoMockD6331,ZymoMockD6331,ont,D6331_Qiagen,37769,37769,                          Cryptococcus gattii,Cryptococcus gattii,species,0.014944952757343782,fraction_reads,0.01,45,0
Centrifuge,unified,Centrifuge_unified,ZymoMockD6331,ZymoMockD6331,ont,D6331_Qiagen,1897064,1897064,                        Cryptococcus neoformans species complex,Cryptococcus neoformans species complex,species,0.0474917387622258,fraction_reads,0.05,143,0
Centrifuge,unified,Centrifuge_unified,ZymoMockD6331,ZymoMockD6331,ont,D6331_Qiagen,5207,5207,                          Cryptococcus neoformans,Cryptococcus neoformans,species,0.0474917387622258,fraction_reads,0.05,143,0
Centrifuge,unified,Centrifuge_unified,ZymoMockD6331,ZymoMockD6331,ont,D6331_Qiagen,1651941,1651941,                        Kwoniella newhampshirensis,Kwoniella newhampshirensis,species,0.0003321100612743063,fraction_reads,0.0,1,1
Centrifuge,unified,Centrifuge_unified,ZymoMockD6331,ZymoMockD6331,ont,D6331_Qiagen,279322,279322,                        Cutaneotrichosporon cavernicola,Cutaneotrichosporon cavernicola,species,0.0003321100612743063,fraction_reads,0.0,1,1
Centrifuge,unified,Centrifuge_unified,ZymoMockD6331,ZymoMockD6331,ont,D6331_Qiagen,181762,181762,                            Psilocybe cubensis,Psilocybe cubensis,species,0.0003321100612743063,fraction_reads,0.0,1,1
Centrifuge,unified,Centrifuge_unified,ZymoMockD6331,ZymoMockD6331,ont,D6331_Qiagen,27350,27350,                        Puccinia striiformis,Puccinia striiformis,species,0.0016605503063715317,fraction_reads,0.0,5,0
Centrifuge,unified,Centrifuge_unified,ZymoMockD6331,ZymoMockD6331,ont,D6331_Qiagen,208348,208348,                        Puccinia triticina,Puccinia triticina,species,0.000996330183822919,fraction_reads,0.0,3,3
Centrifuge,unified,Centrifuge_unified,ZymoMockD6331,ZymoMockD6331,ont,D6331_Qiagen,223818,223818,                        Malassezia japonica,Malassezia japonica,species,0.0003321100612743063,fraction_reads,0.0,1,1
Centrifuge,unified,Centrifuge_unified,ZymoMockD6331,ZymoMockD6331,ont,D6331_Qiagen,588596,588596,                        Rhizophagus irregularis,Rhizophagus irregularis,species,0.0006642201225486126,fraction_reads,0.0,2,2
Centrifuge,unified,Centrifuge_unified,ZymoMockD6331,ZymoMockD6331,ont,D6331_Qiagen,2173,2173,                    Methanobrevibacter smithii,Methanobrevibacter smithii,species,0.02490825459557297,fraction_reads,0.02,75,1
Centrifuge,unified,Centrifuge_unified,ZymoMockD6331,ZymoMockD6331,ont,D6331_Qiagen,2203,2203,                    Methanospirillum hungatei,Methanospirillum hungatei,species,0.0003321100612743063,fraction_reads,0.0,1,0
Centrifuge,unified,Centrifuge_unified,ZymoMockD6331,ZymoMockD6331,ont,D6331_Qiagen,1005933,1005933,                      uncultured Methanoregula sp.,uncultured Methanoregula sp.,species,0.0003321100612743063,fraction_reads,0.0,1,1
Centrifuge,unified,Centrifuge_unified,ZymoMockD6331,ZymoMockD6331,ont,D6331_Qiagen,183759,183759,                      uncultured Methanomethylovorans sp.,uncultured Methanomethylovorans sp.,species,0.0003321100612743063,fraction_reads,0.0,1,1
Centrifuge,unified,Centrifuge_unified,ZymoMockD6331,ZymoMockD6331,ont,D6331_Qiagen,3034020,3034020,                    Halomontanus rarus,Halomontanus rarus,species,0.0003321100612743063,fraction_reads,0.0,1,1
Centrifuge,unified,Centrifuge_unified,ZymoMockD6331,ZymoMockD6331,ont,D6331_Qiagen,3034023,3034023,                    Halosegnis marinus,Halosegnis marinus,species,0.0003321100612743063,fraction_reads,0.0,1,1
Centrifuge,unified,Centrifuge_unified,ZymoMockD6331,ZymoMockD6331,ont,D6331_Qiagen,2955382,2955382,                    Aurodevirus hiberniae,Aurodevirus hiberniae,species,0.0003321100612743063,fraction_reads,0.0,1,0
Centrifuge,unified,Centrifuge_unified,ZymoMockD6331,ZymoMockD6331,ont,D6331_Qiagen,1982228,1982228,              Steinhofvirus sv8324,Steinhofvirus sv8324,species,0.0003321100612743063,fraction_reads,0.0,1,0
Centrifuge,unified,Centrifuge_unified,ZymoMockD6331,ZymoMockD6331,ont,D6331_Qiagen,10679,10679,                Peduovirus P2,Peduovirus P2,species,0.0003321100612743063,fraction_reads,0.0,1,1
Centrifuge,unified,Centrifuge_unified,ZymoMockD6331,ZymoMockD6331,ont,D6331_Qiagen,1985327,1985327,                  Jiaodavirus pko111,Jiaodavirus pko111,species,0.0003321100612743063,fraction_reads,0.0,1,0
Centrifuge,unified,Centrifuge_unified,ZymoMockD6331,ZymoMockD6331,ont,D6331_Qiagen,2370,2370,                Xylella,Xylella,genus,6.313412264824563,fraction_reads,6.31,19010,0
Centrifuge,unified,Centrifuge_unified,ZymoMockD6331,ZymoMockD6331,ont,D6331_Qiagen,338,338,                Xanthomonas,Xanthomonas,genus,0.02524036465684728,fraction_reads,0.03,76,0
Centrifuge,unified,Centrifuge_unified,ZymoMockD6331,ZymoMockD6331,ont,D6331_Qiagen,40323,40323,                Stenotrophomonas,Stenotrophomonas,genus,0.009631191776954883,fraction_reads,0.01,29,0
Centrifuge,unified,Centrifuge_unified,ZymoMockD6331,ZymoMockD6331,ont,D6331_Qiagen,68,68,                Lysobacter,Lysobacter,genus,0.0006642201225486126,fraction_reads,0.0,2,0
Centrifuge,unified,Centrifuge_unified,ZymoMockD6331,ZymoMockD6331,ont,D6331_Qiagen,83614,83614,                Luteimonas,Luteimonas,genus,0.0006642201225486126,fraction_reads,0.0,2,0
Centrifuge,unified,Centrifuge_unified,ZymoMockD6331,ZymoMockD6331,ont,D6331_Qiagen,83618,83618,                Pseudoxanthomonas,Pseudoxanthomonas,genus,0.0003321100612743063,fraction_reads,0.0,1,0
Centrifuge,unified,Centrifuge_unified,ZymoMockD6331,ZymoMockD6331,ont,D6331_Qiagen,2233801,2233801,                Ahniella,Ahniella,genus,0.0003321100612743063,fraction_reads,0.0,1,0
Centrifuge,unified,Centrifuge_unified,ZymoMockD6331,ZymoMockD6331,ont,D6331_Qiagen,286,286,                Pseudomonas,Pseudomonas,genus,5.154680261038508,fraction_reads,5.15,15521,1
Centrifuge,unified,Centrifuge_unified,ZymoMockD6331,ZymoMockD6331,ont,D6331_Qiagen,352,352,                  Azotobacter,Azotobacter,genus,0.0003321100612743063,fraction_reads,0.0,1,0
Centrifuge,unified,Centrifuge_unified,ZymoMockD6331,ZymoMockD6331,ont,D6331_Qiagen,2901164,2901164,                Stutzerimonas,Stutzerimonas,genus,0.0003321100612743063,fraction_reads,0.0,1,0
Centrifuge,unified,Centrifuge_unified,ZymoMockD6331,ZymoMockD6331,ont,D6331_Qiagen,3236656,3236656,                Metapseudomonas,Metapseudomonas,genus,0.0003321100612743063,fraction_reads,0.0,1,0
Centrifuge,unified,Centrifuge_unified,ZymoMockD6331,ZymoMockD6331,ont,D6331_Qiagen,2742,2742,                Marinobacter,Marinobacter,genus,0.0003321100612743063,fraction_reads,0.0,1,0
Centrifuge,unified,Centrifuge_unified,ZymoMockD6331,ZymoMockD6331,ont,D6331_Qiagen,561,561,                Escherichia,Escherichia,genus,2.6419355374371065,fraction_reads,2.64,7955,38
Centrifuge,unified,Centrifuge_unified,ZymoMockD6331,ZymoMockD6331,ont,D6331_Qiagen,570,570,                  Klebsiella,Klebsiella,genus,1.5649026087245312,fraction_reads,1.56,4712,6
Centrifuge,unified,Centrifuge_unified,ZymoMockD6331,ZymoMockD6331,ont,D6331_Qiagen,160674,160674,                  Raoultella,Raoultella,genus,0.004317430796565982,fraction_reads,0.0,13,2
Centrifuge,unified,Centrifuge_unified,ZymoMockD6331,ZymoMockD6331,ont,D6331_Qiagen,620,620,                Shigella,Shigella,genus,0.11557430132345861,fraction_reads,0.12,348,13
Centrifuge,unified,Centrifuge_unified,ZymoMockD6331,ZymoMockD6331,ont,D6331_Qiagen,590,590,                Salmonella,Salmonella,genus,0.10826787997542386,fraction_reads,0.11,326,1
Centrifuge,unified,Centrifuge_unified,ZymoMockD6331,ZymoMockD6331,ont,D6331_Qiagen,544,544,                Citrobacter,Citrobacter,genus,0.0631009116421182,fraction_reads,0.06,190,3
Centrifuge,unified,Centrifuge_unified,ZymoMockD6331,ZymoMockD6331,ont,D6331_Qiagen,547,547,                Enterobacter,Enterobacter,genus,0.055130270171534844,fraction_reads,0.06,166,2
Centrifuge,unified,Centrifuge_unified,ZymoMockD6331,ZymoMockD6331,ont,D6331_Qiagen,413496,413496,                Cronobacter,Cronobacter,genus,0.009631191776954883,fraction_reads,0.01,29,0
Centrifuge,unified,Centrifuge_unified,ZymoMockD6331,ZymoMockD6331,ont,D6331_Qiagen,83654,83654,                Leclercia,Leclercia,genus,0.004981650919114594,fraction_reads,0.0,15,0
Centrifuge,unified,Centrifuge_unified,ZymoMockD6331,ZymoMockD6331,ont,D6331_Qiagen,447792,447792,                Phytobacter,Phytobacter,genus,0.004317430796565982,fraction_reads,0.0,13,10
Centrifuge,unified,Centrifuge_unified,ZymoMockD6331,ZymoMockD6331,ont,D6331_Qiagen,1330547,1330547,                Kosakonia,Kosakonia,genus,0.0016605503063715317,fraction_reads,0.0,5,0
Centrifuge,unified,Centrifuge_unified,ZymoMockD6331,ZymoMockD6331,ont,D6331_Qiagen,158483,158483,                Cedecea,Cedecea,genus,0.000996330183822919,fraction_reads,0.0,3,0
Centrifuge,unified,Centrifuge_unified,ZymoMockD6331,ZymoMockD6331,ont,D6331_Qiagen,579,579,                Kluyvera,Kluyvera,genus,0.0006642201225486126,fraction_reads,0.0,2,0
Centrifuge,unified,Centrifuge_unified,ZymoMockD6331,ZymoMockD6331,ont,D6331_Qiagen,1504576,1504576,                Pseudocitrobacter,Pseudocitrobacter,genus,0.0006642201225486126,fraction_reads,0.0,2,0
Centrifuge,unified,Centrifuge_unified,ZymoMockD6331,ZymoMockD6331,ont,D6331_Qiagen,1649295,1649295,                Franconibacter,Franconibacter,genus,0.0006642201225486126,fraction_reads,0.0,2,0
Centrifuge,unified,Centrifuge_unified,ZymoMockD6331,ZymoMockD6331,ont,D6331_Qiagen,702,702,                Plesiomonas,Plesiomonas,genus,0.0003321100612743063,fraction_reads,0.0,1,0
Centrifuge,unified,Centrifuge_unified,ZymoMockD6331,ZymoMockD6331,ont,D6331_Qiagen,1177214,1177214,                Candidatus Profftia,Candidatus Profftia,genus,0.0003321100612743063,fraction_reads,0.0,1,0
Centrifuge,unified,Centrifuge_unified,ZymoMockD6331,ZymoMockD6331,ont,D6331_Qiagen,1330546,1330546,                Pluralibacter,Pluralibacter,genus,0.0003321100612743063,fraction_reads,0.0,1,0
Centrifuge,unified,Centrifuge_unified,ZymoMockD6331,ZymoMockD6331,ont,D6331_Qiagen,1335483,1335483,                Shimwellia,Shimwellia,genus,0.0003321100612743063,fraction_reads,0.0,1,0
Centrifuge,unified,Centrifuge_unified,ZymoMockD6331,ZymoMockD6331,ont,D6331_Qiagen,1903434,1903434,                Atlantibacter,Atlantibacter,genus,0.0003321100612743063,fraction_reads,0.0,1,0
Centrifuge,unified,Centrifuge_unified,ZymoMockD6331,ZymoMockD6331,ont,D6331_Qiagen,629,629,                Yersinia,Yersinia,genus,0.028893575330864653,fraction_reads,0.03,87,0
Centrifuge,unified,Centrifuge_unified,ZymoMockD6331,ZymoMockD6331,ont,D6331_Qiagen,613,613,                Serratia,Serratia,genus,0.0209229338602813,fraction_reads,0.02,63,1
Centrifuge,unified,Centrifuge_unified,ZymoMockD6331,ZymoMockD6331,ont,D6331_Qiagen,34037,34037,                Rahnella,Rahnella,genus,0.004317430796565982,fraction_reads,0.0,13,0
Centrifuge,unified,Centrifuge_unified,ZymoMockD6331,ZymoMockD6331,ont,D6331_Qiagen,1565532,1565532,                Rouxiella,Rouxiella,genus,0.000996330183822919,fraction_reads,0.0,3,0
Centrifuge,unified,Centrifuge_unified,ZymoMockD6331,ZymoMockD6331,ont,D6331_Qiagen,551,551,                Erwinia,Erwinia,genus,0.03520366649507647,fraction_reads,0.04,106,0
Centrifuge,unified,Centrifuge_unified,ZymoMockD6331,ZymoMockD6331,ont,D6331_Qiagen,53335,53335,                Pantoea,Pantoea,genus,0.01262018232842364,fraction_reads,0.01,38,0
Centrifuge,unified,Centrifuge_unified,ZymoMockD6331,ZymoMockD6331,ont,D6331_Qiagen,32199,32199,                Buchnera,Buchnera,genus,0.0006642201225486126,fraction_reads,0.0,2,0
Centrifuge,unified,Centrifuge_unified,ZymoMockD6331,ZymoMockD6331,ont,D6331_Qiagen,82986,82986,                Tatumella,Tatumella,genus,0.0003321100612743063,fraction_reads,0.0,1,0
Centrifuge,unified,Centrifuge_unified,ZymoMockD6331,ZymoMockD6331,ont,D6331_Qiagen,2997349,2997349,                Winslowiella,Winslowiella,genus,0.0003321100612743063,fraction_reads,0.0,1,0
Centrifuge,unified,Centrifuge_unified,ZymoMockD6331,ZymoMockD6331,ont,D6331_Qiagen,3231896,3231896,                Paramixta,Paramixta,genus,0.0003321100612743063,fraction_reads,0.0,1,0
Centrifuge,unified,Centrifuge_unified,ZymoMockD6331,ZymoMockD6331,ont,D6331_Qiagen,583,583,                Proteus,Proteus,genus,0.014944952757343782,fraction_reads,0.01,45,0
Centrifuge,unified,Centrifuge_unified,ZymoMockD6331,ZymoMockD6331,ont,D6331_Qiagen,586,586,                Providencia,Providencia,genus,0.014612842696069477,fraction_reads,0.01,44,0
Centrifuge,unified,Centrifuge_unified,ZymoMockD6331,ZymoMockD6331,ont,D6331_Qiagen,581,581,                Morganella,Morganella,genus,0.004981650919114594,fraction_reads,0.0,15,0
Centrifuge,unified,Centrifuge_unified,ZymoMockD6331,ZymoMockD6331,ont,D6331_Qiagen,637,637,                Arsenophonus,Arsenophonus,genus,0.0013284402450972252,fraction_reads,0.0,4,1
Centrifuge,unified,Centrifuge_unified,ZymoMockD6331,ZymoMockD6331,ont,D6331_Qiagen,626,626,                Xenorhabdus,Xenorhabdus,genus,0.000996330183822919,fraction_reads,0.0,3,0
Centrifuge,unified,Centrifuge_unified,ZymoMockD6331,ZymoMockD6331,ont,D6331_Qiagen,158848,158848,                Moellerella,Moellerella,genus,0.000996330183822919,fraction_reads,0.0,3,0
Centrifuge,unified,Centrifuge_unified,ZymoMockD6331,ZymoMockD6331,ont,D6331_Qiagen,635,635,                Edwardsiella,Edwardsiella,genus,0.012288072267149333,fraction_reads,0.01,37,0
Centrifuge,unified,Centrifuge_unified,ZymoMockD6331,ZymoMockD6331,ont,D6331_Qiagen,568,568,                Hafnia,Hafnia,genus,0.0006642201225486126,fraction_reads,0.0,2,0
Centrifuge,unified,Centrifuge_unified,ZymoMockD6331,ZymoMockD6331,ont,D6331_Qiagen,82982,82982,                Obesumbacterium,Obesumbacterium,genus,0.0003321100612743063,fraction_reads,0.0,1,0
Centrifuge,unified,Centrifuge_unified,ZymoMockD6331,ZymoMockD6331,ont,D6331_Qiagen,204037,204037,                Dickeya,Dickeya,genus,0.0033211006127430633,fraction_reads,0.0,10,0
Centrifuge,unified,Centrifuge_unified,ZymoMockD6331,ZymoMockD6331,ont,D6331_Qiagen,122277,122277,                Pectobacterium,Pectobacterium,genus,0.0016605503063715317,fraction_reads,0.0,5,0
Centrifuge,unified,Centrifuge_unified,ZymoMockD6331,ZymoMockD6331,ont,D6331_Qiagen,1082702,1082702,                Lonsdalea,Lonsdalea,genus,0.0006642201225486126,fraction_reads,0.0,2,0
Centrifuge,unified,Centrifuge_unified,ZymoMockD6331,ZymoMockD6331,ont,D6331_Qiagen,2884243,2884243,                Musicola,Musicola,genus,0.0003321100612743063,fraction_reads,0.0,1,0
Centrifuge,unified,Centrifuge_unified,ZymoMockD6331,ZymoMockD6331,ont,D6331_Qiagen,84565,84565,                Sodalis,Sodalis,genus,0.0006642201225486126,fraction_reads,0.0,2,0
Centrifuge,unified,Centrifuge_unified,ZymoMockD6331,ZymoMockD6331,ont,D6331_Qiagen,2172100,2172100,                Limnobaculum,Limnobaculum,genus,0.0003321100612743063,fraction_reads,0.0,1,0
Centrifuge,unified,Centrifuge_unified,ZymoMockD6331,ZymoMockD6331,ont,D6331_Qiagen,662,662,                Vibrio,Vibrio,genus,0.45366234370070246,fraction_reads,0.45,1366,0
Centrifuge,unified,Centrifuge_unified,ZymoMockD6331,ZymoMockD6331,ont,D6331_Qiagen,657,657,                Photobacterium,Photobacterium,genus,0.004981650919114594,fraction_reads,0.0,15,0
Centrifuge,unified,Centrifuge_unified,ZymoMockD6331,ZymoMockD6331,ont,D6331_Qiagen,511678,511678,                Aliivibrio,Aliivibrio,genus,0.000996330183822919,fraction_reads,0.0,3,0
Centrifuge,unified,Centrifuge_unified,ZymoMockD6331,ZymoMockD6331,ont,D6331_Qiagen,188143,188143,                Enterovibrio,Enterovibrio,genus,0.0003321100612743063,fraction_reads,0.0,1,0
Centrifuge,unified,Centrifuge_unified,ZymoMockD6331,ZymoMockD6331,ont,D6331_Qiagen,2042066,2042066,                Paraphotobacterium,Paraphotobacterium,genus,0.0003321100612743063,fraction_reads,0.0,1,0
Centrifuge,unified,Centrifuge_unified,ZymoMockD6331,ZymoMockD6331,ont,D6331_Qiagen,469,469,                Acinetobacter,Acinetobacter,genus,0.2527357566297471,fraction_reads,0.25,761,0
Centrifuge,unified,Centrifuge_unified,ZymoMockD6331,ZymoMockD6331,ont,D6331_Qiagen,497,497,                Psychrobacter,Psychrobacter,genus,0.00896697165440627,fraction_reads,0.01,27,0
Centrifuge,unified,Centrifuge_unified,ZymoMockD6331,ZymoMockD6331,ont,D6331_Qiagen,475,475,                Moraxella,Moraxella,genus,0.001992660367645838,fraction_reads,0.0,6,0
Centrifuge,unified,Centrifuge_unified,ZymoMockD6331,ZymoMockD6331,ont,D6331_Qiagen,22,22,                Shewanella,Shewanella,genus,0.037528436923996614,fraction_reads,0.04,113,0
Centrifuge,unified,Centrifuge_unified,ZymoMockD6331,ZymoMockD6331,ont,D6331_Qiagen,2800384,2800384,                Pseudidiomarina,Pseudidiomarina,genus,0.0209229338602813,fraction_reads,0.02,63,0
Centrifuge,unified,Centrifuge_unified,ZymoMockD6331,ZymoMockD6331,ont,D6331_Qiagen,53246,53246,                Pseudoalteromonas,Pseudoalteromonas,genus,0.015277062818618091,fraction_reads,0.02,46,8
Centrifuge,unified,Centrifuge_unified,ZymoMockD6331,ZymoMockD6331,ont,D6331_Qiagen,261825,261825,                Agarivorans,Agarivorans,genus,0.0006642201225486126,fraction_reads,0.0,2,0
Centrifuge,unified,Centrifuge_unified,ZymoMockD6331,ZymoMockD6331,ont,D6331_Qiagen,2894574,2894574,                Saccharobesus,Saccharobesus,genus,0.0006642201225486126,fraction_reads,0.0,2,0
Centrifuge,unified,Centrifuge_unified,ZymoMockD6331,ZymoMockD6331,ont,D6331_Qiagen,28228,28228,                Colwellia,Colwellia,genus,0.0003321100612743063,fraction_reads,0.0,1,0
Centrifuge,unified,Centrifuge_unified,ZymoMockD6331,ZymoMockD6331,ont,D6331_Qiagen,28884,28884,                Hydrogenovibrio,Hydrogenovibrio,genus,0.01893027349263546,fraction_reads,0.02,57,0
Centrifuge,unified,Centrifuge_unified,ZymoMockD6331,ZymoMockD6331,ont,D6331_Qiagen,1237,1237,                Piscirickettsia,Piscirickettsia,genus,0.0026568804901944505,fraction_reads,0.0,8,0
Centrifuge,unified,Centrifuge_unified,ZymoMockD6331,ZymoMockD6331,ont,D6331_Qiagen,40222,40222,                Methylophaga,Methylophaga,genus,0.0006642201225486126,fraction_reads,0.0,2,0
Centrifuge,unified,Centrifuge_unified,ZymoMockD6331,ZymoMockD6331,ont,D6331_Qiagen,2039723,2039723,                Thiomicrorhabdus,Thiomicrorhabdus,genus,0.0006642201225486126,fraction_reads,0.0,2,0
Centrifuge,unified,Centrifuge_unified,ZymoMockD6331,ZymoMockD6331,ont,D6331_Qiagen,933,933,                Thiomicrospira,Thiomicrospira,genus,0.0003321100612743063,fraction_reads,0.0,1,0
Centrifuge,unified,Centrifuge_unified,ZymoMockD6331,ZymoMockD6331,ont,D6331_Qiagen,262,262,                Francisella,Francisella,genus,0.0016605503063715317,fraction_reads,0.0,5,0
Centrifuge,unified,Centrifuge_unified,ZymoMockD6331,ZymoMockD6331,ont,D6331_Qiagen,1030,1030,                Thiothrix,Thiothrix,genus,0.0013284402450972252,fraction_reads,0.0,4,0
Centrifuge,unified,Centrifuge_unified,ZymoMockD6331,ZymoMockD6331,ont,D6331_Qiagen,724,724,                Haemophilus,Haemophilus,genus,0.01262018232842364,fraction_reads,0.01,38,0
Centrifuge,unified,Centrifuge_unified,ZymoMockD6331,ZymoMockD6331,ont,D6331_Qiagen,75984,75984,                Mannheimia,Mannheimia,genus,0.004649540857840288,fraction_reads,0.0,14,0
Centrifuge,unified,Centrifuge_unified,ZymoMockD6331,ZymoMockD6331,ont,D6331_Qiagen,745,745,                Pasteurella,Pasteurella,genus,0.0036532106740173693,fraction_reads,0.0,11,0
Centrifuge,unified,Centrifuge_unified,ZymoMockD6331,ZymoMockD6331,ont,D6331_Qiagen,416916,416916,                Aggregatibacter,Aggregatibacter,genus,0.0016605503063715317,fraction_reads,0.0,5,0
Centrifuge,unified,Centrifuge_unified,ZymoMockD6331,ZymoMockD6331,ont,D6331_Qiagen,2094023,2094023,                Glaesserella,Glaesserella,genus,0.0013284402450972252,fraction_reads,0.0,4,0
Centrifuge,unified,Centrifuge_unified,ZymoMockD6331,ZymoMockD6331,ont,D6331_Qiagen,713,713,                Actinobacillus,Actinobacillus,genus,0.0003321100612743063,fraction_reads,0.0,1,0
Centrifuge,unified,Centrifuge_unified,ZymoMockD6331,ZymoMockD6331,ont,D6331_Qiagen,155493,155493,                Gallibacterium,Gallibacterium,genus,0.0003321100612743063,fraction_reads,0.0,1,0
Centrifuge,unified,Centrifuge_unified,ZymoMockD6331,ZymoMockD6331,ont,D6331_Qiagen,476528,476528,                Bibersteinia,Bibersteinia,genus,0.0003321100612743063,fraction_reads,0.0,1,0
Centrifuge,unified,Centrifuge_unified,ZymoMockD6331,ZymoMockD6331,ont,D6331_Qiagen,642,642,                Aeromonas,Aeromonas,genus,0.021919264044104214,fraction_reads,0.02,66,0
Centrifuge,unified,Centrifuge_unified,ZymoMockD6331,ZymoMockD6331,ont,D6331_Qiagen,447467,447467,                Simiduia,Simiduia,genus,0.014944952757343782,fraction_reads,0.01,45,0
Centrifuge,unified,Centrifuge_unified,ZymoMockD6331,ZymoMockD6331,ont,D6331_Qiagen,2425,2425,                Teredinibacter,Teredinibacter,genus,0.0033211006127430633,fraction_reads,0.0,10,0
Centrifuge,unified,Centrifuge_unified,ZymoMockD6331,ZymoMockD6331,ont,D6331_Qiagen,10,10,                Cellvibrio,Cellvibrio,genus,0.000996330183822919,fraction_reads,0.0,3,0
Centrifuge,unified,Centrifuge_unified,ZymoMockD6331,ZymoMockD6331,ont,D6331_Qiagen,940550,940550,                Gilvimarinus,Gilvimarinus,genus,0.0003321100612743063,fraction_reads,0.0,1,0
Centrifuge,unified,Centrifuge_unified,ZymoMockD6331,ZymoMockD6331,ont,D6331_Qiagen,445,445,                Legionella,Legionella,genus,0.0036532106740173693,fraction_reads,0.0,11,0
Centrifuge,unified,Centrifuge_unified,ZymoMockD6331,ZymoMockD6331,ont,D6331_Qiagen,461,461,                Fluoribacter,Fluoribacter,genus,0.0003321100612743063,fraction_reads,0.0,1,0
Centrifuge,unified,Centrifuge_unified,ZymoMockD6331,ZymoMockD6331,ont,D6331_Qiagen,776,776,                Coxiella,Coxiella,genus,0.0016605503063715317,fraction_reads,0.0,5,0
Centrifuge,unified,Centrifuge_unified,ZymoMockD6331,ZymoMockD6331,ont,D6331_Qiagen,2745,2745,                Halomonas,Halomonas,genus,0.000996330183822919,fraction_reads,0.0,3,0
Centrifuge,unified,Centrifuge_unified,ZymoMockD6331,ZymoMockD6331,ont,D6331_Qiagen,33073,33073,                  Zymobacter,Zymobacter,genus,0.0003321100612743063,fraction_reads,0.0,1,0
Centrifuge,unified,Centrifuge_unified,ZymoMockD6331,ZymoMockD6331,ont,D6331_Qiagen,114185,114185,                  Candidatus Carsonella,Candidatus Carsonella,genus,0.0003321100612743063,fraction_reads,0.0,1,0
Centrifuge,unified,Centrifuge_unified,ZymoMockD6331,ZymoMockD6331,ont,D6331_Qiagen,3137766,3137766,                Vreelandella,Vreelandella,genus,0.0003321100612743063,fraction_reads,0.0,1,0
Centrifuge,unified,Centrifuge_unified,ZymoMockD6331,ZymoMockD6331,ont,D6331_Qiagen,28253,28253,                Marinomonas,Marinomonas,genus,0.0016605503063715317,fraction_reads,0.0,5,0
Centrifuge,unified,Centrifuge_unified,ZymoMockD6331,ZymoMockD6331,ont,D6331_Qiagen,459520,459520,                Neptuniibacter,Neptuniibacter,genus,0.0003321100612743063,fraction_reads,0.0,1,0
Centrifuge,unified,Centrifuge_unified,ZymoMockD6331,ZymoMockD6331,ont,D6331_Qiagen,59753,59753,                Alcanivorax,Alcanivorax,genus,0.0003321100612743063,fraction_reads,0.0,1,0
Centrifuge,unified,Centrifuge_unified,ZymoMockD6331,ZymoMockD6331,ont,D6331_Qiagen,158481,158481,                Hahella,Hahella,genus,0.0003321100612743063,fraction_reads,0.0,1,0
Centrifuge,unified,Centrifuge_unified,ZymoMockD6331,ZymoMockD6331,ont,D6331_Qiagen,39773,39773,                Methylomicrobium,Methylomicrobium,genus,0.0006642201225486126,fraction_reads,0.0,2,0
Centrifuge,unified,Centrifuge_unified,ZymoMockD6331,ZymoMockD6331,ont,D6331_Qiagen,1808977,1808977,                Candidatus Methylospira,Candidatus Methylospira,genus,0.0006642201225486126,fraction_reads,0.0,2,0
Centrifuge,unified,Centrifuge_unified,ZymoMockD6331,ZymoMockD6331,ont,D6331_Qiagen,429,429,                Methylobacter,Methylobacter,genus,0.0003321100612743063,fraction_reads,0.0,1,0
Centrifuge,unified,Centrifuge_unified,ZymoMockD6331,ZymoMockD6331,ont,D6331_Qiagen,2822410,2822410,                Methylotuvimicrobium,Methylotuvimicrobium,genus,0.0003321100612743063,fraction_reads,0.0,1,0
Centrifuge,unified,Centrifuge_unified,ZymoMockD6331,ZymoMockD6331,ont,D6331_Qiagen,412033,412033,                Celerinatantimonas,Celerinatantimonas,genus,0.0006642201225486126,fraction_reads,0.0,2,0
Centrifuge,unified,Centrifuge_unified,ZymoMockD6331,ZymoMockD6331,ont,D6331_Qiagen,2738885,2738885,                Candidatus Thiodubiliella,Candidatus Thiodubiliella,genus,0.0003321100612743063,fraction_reads,0.0,1,0
Centrifuge,unified,Centrifuge_unified,ZymoMockD6331,ZymoMockD6331,ont,D6331_Qiagen,1608298,1608298,                Thiolapillus,Thiolapillus,genus,0.0003321100612743063,fraction_reads,0.0,1,0
Centrifuge,unified,Centrifuge_unified,ZymoMockD6331,ZymoMockD6331,ont,D6331_Qiagen,2717,2717,                Cardiobacterium,Cardiobacterium,genus,0.0003321100612743063,fraction_reads,0.0,1,0
Centrifuge,unified,Centrifuge_unified,ZymoMockD6331,ZymoMockD6331,ont,D6331_Qiagen,2894762,2894762,                Zophobihabitans,Zophobihabitans,genus,0.0003321100612743063,fraction_reads,0.0,1,0
Centrifuge,unified,Centrifuge_unified,ZymoMockD6331,ZymoMockD6331,ont,D6331_Qiagen,261963,261963,                Kangiella,Kangiella,genus,0.0003321100612743063,fraction_reads,0.0,1,0
Centrifuge,unified,Centrifuge_unified,ZymoMockD6331,ZymoMockD6331,ont,D6331_Qiagen,165696,165696,                Novosphingobium,Novosphingobium,genus,9.902525697015992,fraction_reads,9.9,29817,0
Centrifuge,unified,Centrifuge_unified,ZymoMockD6331,ZymoMockD6331,ont,D6331_Qiagen,165695,165695,                Sphingobium,Sphingobium,genus,0.004317430796565982,fraction_reads,0.0,13,0
Centrifuge,unified,Centrifuge_unified,ZymoMockD6331,ZymoMockD6331,ont,D6331_Qiagen,13687,13687,                Sphingomonas,Sphingomonas,genus,0.003985320735291676,fraction_reads,0.0,12,0
Centrifuge,unified,Centrifuge_unified,ZymoMockD6331,ZymoMockD6331,ont,D6331_Qiagen,165697,165697,                Sphingopyxis,Sphingopyxis,genus,0.000996330183822919,fraction_reads,0.0,3,0
Centrifuge,unified,Centrifuge_unified,ZymoMockD6331,ZymoMockD6331,ont,D6331_Qiagen,150203,150203,                Blastomonas,Blastomonas,genus,0.0003321100612743063,fraction_reads,0.0,1,0
Centrifuge,unified,Centrifuge_unified,ZymoMockD6331,ZymoMockD6331,ont,D6331_Qiagen,1041,1041,                  Erythrobacter,Erythrobacter,genus,0.0013284402450972252,fraction_reads,0.0,4,0
Centrifuge,unified,Centrifuge_unified,ZymoMockD6331,ZymoMockD6331,ont,D6331_Qiagen,1111,1111,                  Porphyrobacter,Porphyrobacter,genus,0.0006642201225486126,fraction_reads,0.0,2,0
Centrifuge,unified,Centrifuge_unified,ZymoMockD6331,ZymoMockD6331,ont,D6331_Qiagen,1295327,1295327,                Croceicoccus,Croceicoccus,genus,0.0013284402450972252,fraction_reads,0.0,4,0
Centrifuge,unified,Centrifuge_unified,ZymoMockD6331,ZymoMockD6331,ont,D6331_Qiagen,1855416,1855416,                Qipengyuania,Qipengyuania,genus,0.0006642201225486126,fraction_reads,0.0,2,0
Centrifuge,unified,Centrifuge_unified,ZymoMockD6331,ZymoMockD6331,ont,D6331_Qiagen,2800685,2800685,                Pelagerythrobacter,Pelagerythrobacter,genus,0.0003321100612743063,fraction_reads,0.0,1,0
Centrifuge,unified,Centrifuge_unified,ZymoMockD6331,ZymoMockD6331,ont,D6331_Qiagen,1508451,1508451,                Polymorphobacter,Polymorphobacter,genus,0.0013284402450972252,fraction_reads,0.0,4,0
Centrifuge,unified,Centrifuge_unified,ZymoMockD6331,ZymoMockD6331,ont,D6331_Qiagen,541,541,                Zymomonas,Zymomonas,genus,0.0013284402450972252,fraction_reads,0.0,4,0
Centrifuge,unified,Centrifuge_unified,ZymoMockD6331,ZymoMockD6331,ont,D6331_Qiagen,234,234,                  Brucella,Brucella,genus,0.10561099948522941,fraction_reads,0.11,318,0
Centrifuge,unified,Centrifuge_unified,ZymoMockD6331,ZymoMockD6331,ont,D6331_Qiagen,528,528,                  Ochrobactrum,Ochrobactrum,genus,0.0006642201225486126,fraction_reads,0.0,2,0
Centrifuge,unified,Centrifuge_unified,ZymoMockD6331,ZymoMockD6331,ont,D6331_Qiagen,120652,120652,                Methylocella,Methylocella,genus,0.07140366317397585,fraction_reads,0.07,215,0
Centrifuge,unified,Centrifuge_unified,ZymoMockD6331,ZymoMockD6331,ont,D6331_Qiagen,1156568,1156568,                Methylovirgula,Methylovirgula,genus,0.003985320735291676,fraction_reads,0.0,12,0
Centrifuge,unified,Centrifuge_unified,ZymoMockD6331,ZymoMockD6331,ont,D6331_Qiagen,379,379,                  Rhizobium,Rhizobium,genus,0.01162385214460072,fraction_reads,0.01,35,0
Centrifuge,unified,Centrifuge_unified,ZymoMockD6331,ZymoMockD6331,ont,D6331_Qiagen,357,357,                  Agrobacterium,Agrobacterium,genus,0.011291742083326414,fraction_reads,0.01,34,0
Centrifuge,unified,Centrifuge_unified,ZymoMockD6331,ZymoMockD6331,ont,D6331_Qiagen,78526,78526,                  Allorhizobium,Allorhizobium,genus,0.0013284402450972252,fraction_reads,0.0,4,0
Centrifuge,unified,Centrifuge_unified,ZymoMockD6331,ZymoMockD6331,ont,D6331_Qiagen,1525371,1525371,                  Neorhizobium,Neorhizobium,genus,0.0003321100612743063,fraction_reads,0.0,1,0
Centrifuge,unified,Centrifuge_unified,ZymoMockD6331,ZymoMockD6331,ont,D6331_Qiagen,28105,28105,                  Sinorhizobium,Sinorhizobium,genus,0.009631191776954883,fraction_reads,0.01,29,0
Centrifuge,unified,Centrifuge_unified,ZymoMockD6331,ZymoMockD6331,ont,D6331_Qiagen,106591,106591,                  Ensifer,Ensifer,genus,0.0006642201225486126,fraction_reads,0.0,2,0
Centrifuge,unified,Centrifuge_unified,ZymoMockD6331,ZymoMockD6331,ont,D6331_Qiagen,323620,323620,                Shinella,Shinella,genus,0.007970641470583352,fraction_reads,0.01,24,0
Centrifuge,unified,Centrifuge_unified,ZymoMockD6331,ZymoMockD6331,ont,D6331_Qiagen,2661800,2661800,                Georhizobium,Georhizobium,genus,0.002324770428920144,fraction_reads,0.0,7,0
Centrifuge,unified,Centrifuge_unified,ZymoMockD6331,ZymoMockD6331,ont,D6331_Qiagen,1649463,1649463,                Lentilitoribacter,Lentilitoribacter,genus,0.0003321100612743063,fraction_reads,0.0,1,0
Centrifuge,unified,Centrifuge_unified,ZymoMockD6331,ZymoMockD6331,ont,D6331_Qiagen,773,773,                Bartonella,Bartonella,genus,0.006974311286760433,fraction_reads,0.01,21,0
Centrifuge,unified,Centrifuge_unified,ZymoMockD6331,ZymoMockD6331,ont,D6331_Qiagen,374,374,                Bradyrhizobium,Bradyrhizobium,genus,0.003985320735291676,fraction_reads,0.0,12,0
Centrifuge,unified,Centrifuge_unified,ZymoMockD6331,ZymoMockD6331,ont,D6331_Qiagen,911,911,                Nitrobacter,Nitrobacter,genus,0.0003321100612743063,fraction_reads,0.0,1,0
Centrifuge,unified,Centrifuge_unified,ZymoMockD6331,ZymoMockD6331,ont,D6331_Qiagen,1073,1073,                Rhodopseudomonas,Rhodopseudomonas,genus,0.0003321100612743063,fraction_reads,0.0,1,0
Centrifuge,unified,Centrifuge_unified,ZymoMockD6331,ZymoMockD6331,ont,D6331_Qiagen,1395974,1395974,                Tardiphaga,Tardiphaga,genus,0.0003321100612743063,fraction_reads,0.0,1,0
Centrifuge,unified,Centrifuge_unified,ZymoMockD6331,ZymoMockD6331,ont,D6331_Qiagen,152053,152053,                Starkeya,Starkeya,genus,0.002324770428920144,fraction_reads,0.0,7,0
Centrifuge,unified,Centrifuge_unified,ZymoMockD6331,ZymoMockD6331,ont,D6331_Qiagen,204476,204476,                Labrys,Labrys,genus,0.0006642201225486126,fraction_reads,0.0,2,0
Centrifuge,unified,Centrifuge_unified,ZymoMockD6331,ZymoMockD6331,ont,D6331_Qiagen,99,99,                Ancylobacter,Ancylobacter,genus,0.0003321100612743063,fraction_reads,0.0,1,0
Centrifuge,unified,Centrifuge_unified,ZymoMockD6331,ZymoMockD6331,ont,D6331_Qiagen,31988,31988,                Aminobacter,Aminobacter,genus,0.0013284402450972252,fraction_reads,0.0,4,0
Centrifuge,unified,Centrifuge_unified,ZymoMockD6331,ZymoMockD6331,ont,D6331_Qiagen,68287,68287,                Mesorhizobium,Mesorhizobium,genus,0.000996330183822919,fraction_reads,0.0,3,0
Centrifuge,unified,Centrifuge_unified,ZymoMockD6331,ZymoMockD6331,ont,D6331_Qiagen,28100,28100,                Phyllobacterium,Phyllobacterium,genus,0.0003321100612743063,fraction_reads,0.0,1,0
Centrifuge,unified,Centrifuge_unified,ZymoMockD6331,ZymoMockD6331,ont,D6331_Qiagen,407,407,                Methylobacterium,Methylobacterium,genus,0.0006642201225486126,fraction_reads,0.0,2,0
Centrifuge,unified,Centrifuge_unified,ZymoMockD6331,ZymoMockD6331,ont,D6331_Qiagen,186650,186650,                Microvirga,Microvirga,genus,0.0003321100612743063,fraction_reads,0.0,1,0
Centrifuge,unified,Centrifuge_unified,ZymoMockD6331,ZymoMockD6331,ont,D6331_Qiagen,3382645,3382645,                Methyloraptor,Methyloraptor,genus,0.0006642201225486126,fraction_reads,0.0,2,0
Centrifuge,unified,Centrifuge_unified,ZymoMockD6331,ZymoMockD6331,ont,D6331_Qiagen,150830,150830,                Roseibium,Roseibium,genus,0.0006642201225486126,fraction_reads,0.0,2,0
Centrifuge,unified,Centrifuge_unified,ZymoMockD6331,ZymoMockD6331,ont,D6331_Qiagen,425,425,                Methylosinus,Methylosinus,genus,0.0003321100612743063,fraction_reads,0.0,1,0
Centrifuge,unified,Centrifuge_unified,ZymoMockD6331,ZymoMockD6331,ont,D6331_Qiagen,1082930,1082930,                Pelagibacterium,Pelagibacterium,genus,0.0003321100612743063,fraction_reads,0.0,1,0
Centrifuge,unified,Centrifuge_unified,ZymoMockD6331,ZymoMockD6331,ont,D6331_Qiagen,1632780,1632780,                Phreatobacter,Phreatobacter,genus,0.0003321100612743063,fraction_reads,0.0,1,0
Centrifuge,unified,Centrifuge_unified,ZymoMockD6331,ZymoMockD6331,ont,D6331_Qiagen,987053,987053,                Rhodoligotrophos,Rhodoligotrophos,genus,0.0003321100612743063,fraction_reads,0.0,1,0
Centrifuge,unified,Centrifuge_unified,ZymoMockD6331,ZymoMockD6331,ont,D6331_Qiagen,3228940,3228940,                Coralliovum,Coralliovum,genus,0.0003321100612743063,fraction_reads,0.0,1,0
Centrifuge,unified,Centrifuge_unified,ZymoMockD6331,ZymoMockD6331,ont,D6331_Qiagen,434,434,                Acetobacter,Acetobacter,genus,0.07206788329652447,fraction_reads,0.07,217,0
Centrifuge,unified,Centrifuge_unified,ZymoMockD6331,ZymoMockD6331,ont,D6331_Qiagen,2919364,2919364,                Novacetimonas,Novacetimonas,genus,0.00631009116421182,fraction_reads,0.01,19,0
Centrifuge,unified,Centrifuge_unified,ZymoMockD6331,ZymoMockD6331,ont,D6331_Qiagen,1434011,1434011,                Komagataeibacter,Komagataeibacter,genus,0.004317430796565982,fraction_reads,0.0,13,0
Centrifuge,unified,Centrifuge_unified,ZymoMockD6331,ZymoMockD6331,ont,D6331_Qiagen,2804525,2804525,                Lichenicola,Lichenicola,genus,0.0006642201225486126,fraction_reads,0.0,2,0
Centrifuge,unified,Centrifuge_unified,ZymoMockD6331,ZymoMockD6331,ont,D6331_Qiagen,441,441,                Gluconobacter,Gluconobacter,genus,0.0003321100612743063,fraction_reads,0.0,1,0
Centrifuge,unified,Centrifuge_unified,ZymoMockD6331,ZymoMockD6331,ont,D6331_Qiagen,1079922,1079922,                Commensalibacter,Commensalibacter,genus,0.0003321100612743063,fraction_reads,0.0,1,0
Centrifuge,unified,Centrifuge_unified,ZymoMockD6331,ZymoMockD6331,ont,D6331_Qiagen,3027666,3027666,                Aristophania,Aristophania,genus,0.0003321100612743063,fraction_reads,0.0,1,0
Centrifuge,unified,Centrifuge_unified,ZymoMockD6331,ZymoMockD6331,ont,D6331_Qiagen,3097638,3097638,                Candidatus Kirkpatrickella,Candidatus Kirkpatrickella,genus,0.0003321100612743063,fraction_reads,0.0,1,0
Centrifuge,unified,Centrifuge_unified,ZymoMockD6331,ZymoMockD6331,ont,D6331_Qiagen,522,522,                Acidiphilium,Acidiphilium,genus,0.001992660367645838,fraction_reads,0.0,6,0
Centrifuge,unified,Centrifuge_unified,ZymoMockD6331,ZymoMockD6331,ont,D6331_Qiagen,512381,512381,                Acidisoma,Acidisoma,genus,0.0003321100612743063,fraction_reads,0.0,1,0
Centrifuge,unified,Centrifuge_unified,ZymoMockD6331,ZymoMockD6331,ont,D6331_Qiagen,125216,125216,                Roseomonas,Roseomonas,genus,0.0013284402450972252,fraction_reads,0.0,4,0
Centrifuge,unified,Centrifuge_unified,ZymoMockD6331,ZymoMockD6331,ont,D6331_Qiagen,1706033,1706033,                Sediminicoccus,Sediminicoccus,genus,0.0003321100612743063,fraction_reads,0.0,1,0
Centrifuge,unified,Centrifuge_unified,ZymoMockD6331,ZymoMockD6331,ont,D6331_Qiagen,191028,191028,                Leisingera,Leisingera,genus,0.012952292389697945,fraction_reads,0.01,39,0
Centrifuge,unified,Centrifuge_unified,ZymoMockD6331,ZymoMockD6331,ont,D6331_Qiagen,60136,60136,                Sulfitobacter,Sulfitobacter,genus,0.005313760980388901,fraction_reads,0.01,16,0
Centrifuge,unified,Centrifuge_unified,ZymoMockD6331,ZymoMockD6331,ont,D6331_Qiagen,302485,302485,                Phaeobacter,Phaeobacter,genus,0.0036532106740173693,fraction_reads,0.0,11,0
Centrifuge,unified,Centrifuge_unified,ZymoMockD6331,ZymoMockD6331,ont,D6331_Qiagen,2919626,2919626,                Alloyangia,Alloyangia,genus,0.0013284402450972252,fraction_reads,0.0,4,0
Centrifuge,unified,Centrifuge_unified,ZymoMockD6331,ZymoMockD6331,ont,D6331_Qiagen,92944,92944,                Ketogulonicigenium,Ketogulonicigenium,genus,0.0006642201225486126,fraction_reads,0.0,2,0
Centrifuge,unified,Centrifuge_unified,ZymoMockD6331,ZymoMockD6331,ont,D6331_Qiagen,315422,315422,                Palleronia,Palleronia,genus,0.0006642201225486126,fraction_reads,0.0,2,0
Centrifuge,unified,Centrifuge_unified,ZymoMockD6331,ZymoMockD6331,ont,D6331_Qiagen,2854186,2854186,                Pseudosulfitobacter,Pseudosulfitobacter,genus,0.0006642201225486126,fraction_reads,0.0,2,0
Centrifuge,unified,Centrifuge_unified,ZymoMockD6331,ZymoMockD6331,ont,D6331_Qiagen,58842,58842,                Sagittula,Sagittula,genus,0.0003321100612743063,fraction_reads,0.0,1,0
Centrifuge,unified,Centrifuge_unified,ZymoMockD6331,ZymoMockD6331,ont,D6331_Qiagen,93682,93682,                Roseivivax,Roseivivax,genus,0.0003321100612743063,fraction_reads,0.0,1,0
Centrifuge,unified,Centrifuge_unified,ZymoMockD6331,ZymoMockD6331,ont,D6331_Qiagen,245186,245186,                Loktanella,Loktanella,genus,0.0003321100612743063,fraction_reads,0.0,1,0
Centrifuge,unified,Centrifuge_unified,ZymoMockD6331,ZymoMockD6331,ont,D6331_Qiagen,282198,282198,                Nereida,Nereida,genus,0.0003321100612743063,fraction_reads,0.0,1,0
Centrifuge,unified,Centrifuge_unified,ZymoMockD6331,ZymoMockD6331,ont,D6331_Qiagen,436357,436357,                Thalassococcus,Thalassococcus,genus,0.0003321100612743063,fraction_reads,0.0,1,0
Centrifuge,unified,Centrifuge_unified,ZymoMockD6331,ZymoMockD6331,ont,D6331_Qiagen,2854182,2854182,                Falsihalocynthiibacter,Falsihalocynthiibacter,genus,0.0003321100612743063,fraction_reads,0.0,1,0
Centrifuge,unified,Centrifuge_unified,ZymoMockD6331,ZymoMockD6331,ont,D6331_Qiagen,265,265,                Paracoccus,Paracoccus,genus,0.007970641470583352,fraction_reads,0.01,24,0
Centrifuge,unified,Centrifuge_unified,ZymoMockD6331,ZymoMockD6331,ont,D6331_Qiagen,34008,34008,                Rhodovulum,Rhodovulum,genus,0.005313760980388901,fraction_reads,0.01,16,0
Centrifuge,unified,Centrifuge_unified,ZymoMockD6331,ZymoMockD6331,ont,D6331_Qiagen,285107,285107,                Thioclava,Thioclava,genus,0.0016605503063715317,fraction_reads,0.0,5,0
Centrifuge,unified,Centrifuge_unified,ZymoMockD6331,ZymoMockD6331,ont,D6331_Qiagen,2083206,2083206,                Tritonibacter,Tritonibacter,genus,0.0016605503063715317,fraction_reads,0.0,5,0
Centrifuge,unified,Centrifuge_unified,ZymoMockD6331,ZymoMockD6331,ont,D6331_Qiagen,1209946,1209946,                Roseicitreum,Roseicitreum,genus,0.0006642201225486126,fraction_reads,0.0,2,0
Centrifuge,unified,Centrifuge_unified,ZymoMockD6331,ZymoMockD6331,ont,D6331_Qiagen,2211641,2211641,                Yoonia,Yoonia,genus,0.0003321100612743063,fraction_reads,0.0,1,0
Centrifuge,unified,Centrifuge_unified,ZymoMockD6331,ZymoMockD6331,ont,D6331_Qiagen,2683599,2683599,                Paroceanicella,Paroceanicella,genus,0.0003321100612743063,fraction_reads,0.0,1,0
Centrifuge,unified,Centrifuge_unified,ZymoMockD6331,ZymoMockD6331,ont,D6331_Qiagen,1060,1060,                Rhodobacter,Rhodobacter,genus,0.0003321100612743063,fraction_reads,0.0,1,0
Centrifuge,unified,Centrifuge_unified,ZymoMockD6331,ZymoMockD6331,ont,D6331_Qiagen,953,953,                  Wolbachia,Wolbachia,genus,0.004649540857840288,fraction_reads,0.0,14,0
Centrifuge,unified,Centrifuge_unified,ZymoMockD6331,ZymoMockD6331,ont,D6331_Qiagen,943,943,                Ehrlichia,Ehrlichia,genus,0.0003321100612743063,fraction_reads,0.0,1,0
Centrifuge,unified,Centrifuge_unified,ZymoMockD6331,ZymoMockD6331,ont,D6331_Qiagen,467749,467749,                Candidatus Neoehrlichia,Candidatus Neoehrlichia,genus,0.0003321100612743063,fraction_reads,0.0,1,0
Centrifuge,unified,Centrifuge_unified,ZymoMockD6331,ZymoMockD6331,ont,D6331_Qiagen,780,780,                  Rickettsia,Rickettsia,genus,0.0036532106740173693,fraction_reads,0.0,11,0
Centrifuge,unified,Centrifuge_unified,ZymoMockD6331,ZymoMockD6331,ont,D6331_Qiagen,41275,41275,                Brevundimonas,Brevundimonas,genus,0.0029889905514687565,fraction_reads,0.0,9,0
Centrifuge,unified,Centrifuge_unified,ZymoMockD6331,ZymoMockD6331,ont,D6331_Qiagen,75,75,                Caulobacter,Caulobacter,genus,0.001992660367645838,fraction_reads,0.0,6,0
Centrifuge,unified,Centrifuge_unified,ZymoMockD6331,ZymoMockD6331,ont,D6331_Qiagen,191,191,                Azospirillum,Azospirillum,genus,0.0026568804901944505,fraction_reads,0.0,8,0
Centrifuge,unified,Centrifuge_unified,ZymoMockD6331,ZymoMockD6331,ont,D6331_Qiagen,1543704,1543704,                Niveispirillum,Niveispirillum,genus,0.0006642201225486126,fraction_reads,0.0,2,0
Centrifuge,unified,Centrifuge_unified,ZymoMockD6331,ZymoMockD6331,ont,D6331_Qiagen,204447,204447,                Skermanella,Skermanella,genus,0.0003321100612743063,fraction_reads,0.0,1,0
Centrifuge,unified,Centrifuge_unified,ZymoMockD6331,ZymoMockD6331,ont,D6331_Qiagen,2478349,2478349,                Indioceanicola,Indioceanicola,genus,0.0003321100612743063,fraction_reads,0.0,1,0
Centrifuge,unified,Centrifuge_unified,ZymoMockD6331,ZymoMockD6331,ont,D6331_Qiagen,168934,168934,                Thalassospira,Thalassospira,genus,0.0003321100612743063,fraction_reads,0.0,1,0
Centrifuge,unified,Centrifuge_unified,ZymoMockD6331,ZymoMockD6331,ont,D6331_Qiagen,2892997,2892997,                Candidatus Viadribacter,Candidatus Viadribacter,genus,0.0036532106740173693,fraction_reads,0.0,11,0
Centrifuge,unified,Centrifuge_unified,ZymoMockD6331,ZymoMockD6331,ont,D6331_Qiagen,32008,32008,                Burkholderia,Burkholderia,genus,0.06608990219358696,fraction_reads,0.07,199,0
Centrifuge,unified,Centrifuge_unified,ZymoMockD6331,ZymoMockD6331,ont,D6331_Qiagen,1822464,1822464,                Paraburkholderia,Paraburkholderia,genus,0.009299081715680576,fraction_reads,0.01,28,0
Centrifuge,unified,Centrifuge_unified,ZymoMockD6331,ZymoMockD6331,ont,D6331_Qiagen,48736,48736,                Ralstonia,Ralstonia,genus,0.004317430796565982,fraction_reads,0.0,13,0
Centrifuge,unified,Centrifuge_unified,ZymoMockD6331,ZymoMockD6331,ont,D6331_Qiagen,1827195,1827195,                Caballeronia,Caballeronia,genus,0.0016605503063715317,fraction_reads,0.0,5,0
Centrifuge,unified,Centrifuge_unified,ZymoMockD6331,ZymoMockD6331,ont,D6331_Qiagen,2571159,2571159,                Mycetohabitans,Mycetohabitans,genus,0.0016605503063715317,fraction_reads,0.0,5,0
Centrifuge,unified,Centrifuge_unified,ZymoMockD6331,ZymoMockD6331,ont,D6331_Qiagen,106589,106589,                Cupriavidus,Cupriavidus,genus,0.000996330183822919,fraction_reads,0.0,3,0
Centrifuge,unified,Centrifuge_unified,ZymoMockD6331,ZymoMockD6331,ont,D6331_Qiagen,44013,44013,                Polynucleobacter,Polynucleobacter,genus,0.0003321100612743063,fraction_reads,0.0,1,0
Centrifuge,unified,Centrifuge_unified,ZymoMockD6331,ZymoMockD6331,ont,D6331_Qiagen,517,517,                Bordetella,Bordetella,genus,0.0076385314093090455,fraction_reads,0.01,23,0
Centrifuge,unified,Centrifuge_unified,ZymoMockD6331,ZymoMockD6331,ont,D6331_Qiagen,507,507,                Alcaligenes,Alcaligenes,genus,0.0016605503063715317,fraction_reads,0.0,5,0
Centrifuge,unified,Centrifuge_unified,ZymoMockD6331,ZymoMockD6331,ont,D6331_Qiagen,222,222,                Achromobacter,Achromobacter,genus,0.0006642201225486126,fraction_reads,0.0,2,0
Centrifuge,unified,Centrifuge_unified,ZymoMockD6331,ZymoMockD6331,ont,D6331_Qiagen,29574,29574,                Taylorella,Taylorella,genus,0.0003321100612743063,fraction_reads,0.0,1,0
Centrifuge,unified,Centrifuge_unified,ZymoMockD6331,ZymoMockD6331,ont,D6331_Qiagen,359336,359336,                Castellaniella,Castellaniella,genus,0.0003321100612743063,fraction_reads,0.0,1,0
Centrifuge,unified,Centrifuge_unified,ZymoMockD6331,ZymoMockD6331,ont,D6331_Qiagen,12916,12916,                Acidovorax,Acidovorax,genus,0.002324770428920144,fraction_reads,0.0,7,0
Centrifuge,unified,Centrifuge_unified,ZymoMockD6331,ZymoMockD6331,ont,D6331_Qiagen,47420,47420,                Hydrogenophaga,Hydrogenophaga,genus,0.000996330183822919,fraction_reads,0.0,3,0
Centrifuge,unified,Centrifuge_unified,ZymoMockD6331,ZymoMockD6331,ont,D6331_Qiagen,283,283,                Comamonas,Comamonas,genus,0.0006642201225486126,fraction_reads,0.0,2,0
Centrifuge,unified,Centrifuge_unified,ZymoMockD6331,ZymoMockD6331,ont,D6331_Qiagen,28065,28065,                Rhodoferax,Rhodoferax,genus,0.0003321100612743063,fraction_reads,0.0,1,0
Centrifuge,unified,Centrifuge_unified,ZymoMockD6331,ZymoMockD6331,ont,D6331_Qiagen,201096,201096,                Alicycliphilus,Alicycliphilus,genus,0.0003321100612743063,fraction_reads,0.0,1,0
Centrifuge,unified,Centrifuge_unified,ZymoMockD6331,ZymoMockD6331,ont,D6331_Qiagen,238749,238749,                Diaphorobacter,Diaphorobacter,genus,0.0003321100612743063,fraction_reads,0.0,1,0
Centrifuge,unified,Centrifuge_unified,ZymoMockD6331,ZymoMockD6331,ont,D6331_Qiagen,3051137,3051137,                Paracidovorax,Paracidovorax,genus,0.0003321100612743063,fraction_reads,0.0,1,0
Centrifuge,unified,Centrifuge_unified,ZymoMockD6331,ZymoMockD6331,ont,D6331_Qiagen,963,963,                Herbaspirillum,Herbaspirillum,genus,0.000996330183822919,fraction_reads,0.0,3,0
Centrifuge,unified,Centrifuge_unified,ZymoMockD6331,ZymoMockD6331,ont,D6331_Qiagen,29580,29580,                Janthinobacterium,Janthinobacterium,genus,0.000996330183822919,fraction_reads,0.0,3,0
Centrifuge,unified,Centrifuge_unified,ZymoMockD6331,ZymoMockD6331,ont,D6331_Qiagen,1229970,1229970,                Glaciimonas,Glaciimonas,genus,0.0006642201225486126,fraction_reads,0.0,2,0
Centrifuge,unified,Centrifuge_unified,ZymoMockD6331,ZymoMockD6331,ont,D6331_Qiagen,149698,149698,                  Massilia,Massilia,genus,0.0003321100612743063,fraction_reads,0.0,1,0
Centrifuge,unified,Centrifuge_unified,ZymoMockD6331,ZymoMockD6331,ont,D6331_Qiagen,92793,92793,                Aquabacterium,Aquabacterium,genus,0.0016605503063715317,fraction_reads,0.0,5,0
Centrifuge,unified,Centrifuge_unified,ZymoMockD6331,ZymoMockD6331,ont,D6331_Qiagen,32012,32012,                Thiomonas,Thiomonas,genus,0.0006642201225486126,fraction_reads,0.0,2,0
Centrifuge,unified,Centrifuge_unified,ZymoMockD6331,ZymoMockD6331,ont,D6331_Qiagen,1597779,1597779,                Eleftheria,Eleftheria,genus,0.0003321100612743063,fraction_reads,0.0,1,0
Centrifuge,unified,Centrifuge_unified,ZymoMockD6331,ZymoMockD6331,ont,D6331_Qiagen,40544,40544,                Sutterella,Sutterella,genus,0.0003321100612743063,fraction_reads,0.0,1,0
Centrifuge,unified,Centrifuge_unified,ZymoMockD6331,ZymoMockD6331,ont,D6331_Qiagen,1918598,1918598,                Turicimonas,Turicimonas,genus,0.0003321100612743063,fraction_reads,0.0,1,0
Centrifuge,unified,Centrifuge_unified,ZymoMockD6331,ZymoMockD6331,ont,D6331_Qiagen,316612,316612,                Methylibium,Methylibium,genus,0.0003321100612743063,fraction_reads,0.0,1,0
Centrifuge,unified,Centrifuge_unified,ZymoMockD6331,ZymoMockD6331,ont,D6331_Qiagen,482,482,                Neisseria,Neisseria,genus,0.029225685392138954,fraction_reads,0.03,88,0
Centrifuge,unified,Centrifuge_unified,ZymoMockD6331,ZymoMockD6331,ont,D6331_Qiagen,1193515,1193515,                Snodgrassella,Snodgrassella,genus,0.021255043921555604,fraction_reads,0.02,64,0
Centrifuge,unified,Centrifuge_unified,ZymoMockD6331,ZymoMockD6331,ont,D6331_Qiagen,71,71,                Simonsiella,Simonsiella,genus,0.0033211006127430633,fraction_reads,0.0,10,0
Centrifuge,unified,Centrifuge_unified,ZymoMockD6331,ZymoMockD6331,ont,D6331_Qiagen,230666,230666,                Chitinibacter,Chitinibacter,genus,0.0016605503063715317,fraction_reads,0.0,5,0
Centrifuge,unified,Centrifuge_unified,ZymoMockD6331,ZymoMockD6331,ont,D6331_Qiagen,240411,240411,                Chitinimonas,Chitinimonas,genus,0.0016605503063715317,fraction_reads,0.0,5,0
Centrifuge,unified,Centrifuge_unified,ZymoMockD6331,ZymoMockD6331,ont,D6331_Qiagen,535,535,                Chromobacterium,Chromobacterium,genus,0.0013284402450972252,fraction_reads,0.0,4,0
Centrifuge,unified,Centrifuge_unified,ZymoMockD6331,ZymoMockD6331,ont,D6331_Qiagen,57739,57739,                Vogesella,Vogesella,genus,0.0003321100612743063,fraction_reads,0.0,1,0
Centrifuge,unified,Centrifuge_unified,ZymoMockD6331,ZymoMockD6331,ont,D6331_Qiagen,453161,453161,                Candidatus Nitrotoga,Candidatus Nitrotoga,genus,0.001992660367645838,fraction_reads,0.0,6,0
Centrifuge,unified,Centrifuge_unified,ZymoMockD6331,ZymoMockD6331,ont,D6331_Qiagen,311181,311181,                Denitratisoma,Denitratisoma,genus,0.000996330183822919,fraction_reads,0.0,3,0
Centrifuge,unified,Centrifuge_unified,ZymoMockD6331,ZymoMockD6331,ont,D6331_Qiagen,12960,12960,                Azoarcus,Azoarcus,genus,0.0003321100612743063,fraction_reads,0.0,1,0
Centrifuge,unified,Centrifuge_unified,ZymoMockD6331,ZymoMockD6331,ont,D6331_Qiagen,33057,33057,                Thauera,Thauera,genus,0.0003321100612743063,fraction_reads,0.0,1,0
Centrifuge,unified,Centrifuge_unified,ZymoMockD6331,ZymoMockD6331,ont,D6331_Qiagen,73029,73029,                Dechloromonas,Dechloromonas,genus,0.0006642201225486126,fraction_reads,0.0,2,0
Centrifuge,unified,Centrifuge_unified,ZymoMockD6331,ZymoMockD6331,ont,D6331_Qiagen,119977,119977,                Acidithiobacillus,Acidithiobacillus,genus,0.000996330183822919,fraction_reads,0.0,3,0
Centrifuge,unified,Centrifuge_unified,ZymoMockD6331,ZymoMockD6331,ont,D6331_Qiagen,70774,70774,                Hydrogenophilus,Hydrogenophilus,genus,0.0003321100612743063,fraction_reads,0.0,1,0
Centrifuge,unified,Centrifuge_unified,ZymoMockD6331,ZymoMockD6331,ont,D6331_Qiagen,838,838,                    Prevotella,Prevotella,genus,4.906594045266601,fraction_reads,4.91,14774,8
Centrifuge,unified,Centrifuge_unified,ZymoMockD6331,ZymoMockD6331,ont,D6331_Qiagen,2974251,2974251,                    Segatella,Segatella,genus,0.0016605503063715317,fraction_reads,0.0,5,0
Centrifuge,unified,Centrifuge_unified,ZymoMockD6331,ZymoMockD6331,ont,D6331_Qiagen,577309,577309,                    Paraprevotella,Paraprevotella,genus,0.0003321100612743063,fraction_reads,0.0,1,0
Centrifuge,unified,Centrifuge_unified,ZymoMockD6331,ZymoMockD6331,ont,D6331_Qiagen,816,816,                    Bacteroides,Bacteroides,genus,4.053403297852908,fraction_reads,4.05,12205,42
Centrifuge,unified,Centrifuge_unified,ZymoMockD6331,ZymoMockD6331,ont,D6331_Qiagen,909656,909656,                    Phocaeicola,Phocaeicola,genus,0.005645871041663207,fraction_reads,0.01,17,0
Centrifuge,unified,Centrifuge_unified,ZymoMockD6331,ZymoMockD6331,ont,D6331_Qiagen,239759,239759,                    Alistipes,Alistipes,genus,0.019594493615184075,fraction_reads,0.02,59,0
Centrifuge,unified,Centrifuge_unified,ZymoMockD6331,ZymoMockD6331,ont,D6331_Qiagen,375288,375288,                    Parabacteroides,Parabacteroides,genus,0.01793394330881254,fraction_reads,0.02,54,0
Centrifuge,unified,Centrifuge_unified,ZymoMockD6331,ZymoMockD6331,ont,D6331_Qiagen,156973,156973,                    Dysgonomonas,Dysgonomonas,genus,0.0026568804901944505,fraction_reads,0.0,8,0
Centrifuge,unified,Centrifuge_unified,ZymoMockD6331,ZymoMockD6331,ont,D6331_Qiagen,283168,283168,                    Odoribacter,Odoribacter,genus,0.000996330183822919,fraction_reads,0.0,3,0
Centrifuge,unified,Centrifuge_unified,ZymoMockD6331,ZymoMockD6331,ont,D6331_Qiagen,836,836,                    Porphyromonas,Porphyromonas,genus,0.0003321100612743063,fraction_reads,0.0,1,0
Centrifuge,unified,Centrifuge_unified,ZymoMockD6331,ZymoMockD6331,ont,D6331_Qiagen,1471399,1471399,                    Draconibacterium,Draconibacterium,genus,0.0006642201225486126,fraction_reads,0.0,2,0
Centrifuge,unified,Centrifuge_unified,ZymoMockD6331,ZymoMockD6331,ont,D6331_Qiagen,1165076,1165076,                    Imtechella,Imtechella,genus,2.7850749738463327,fraction_reads,2.79,8386,0
Centrifuge,unified,Centrifuge_unified,ZymoMockD6331,ZymoMockD6331,ont,D6331_Qiagen,561367,561367,                    Salinimicrobium,Salinimicrobium,genus,0.007306421348034739,fraction_reads,0.01,22,0
Centrifuge,unified,Centrifuge_unified,ZymoMockD6331,ZymoMockD6331,ont,D6331_Qiagen,237,237,                    Flavobacterium,Flavobacterium,genus,0.005645871041663207,fraction_reads,0.01,17,0
Centrifuge,unified,Centrifuge_unified,ZymoMockD6331,ZymoMockD6331,ont,D6331_Qiagen,286104,286104,                    Winogradskyella,Winogradskyella,genus,0.0026568804901944505,fraction_reads,0.0,8,0
Centrifuge,unified,Centrifuge_unified,ZymoMockD6331,ZymoMockD6331,ont,D6331_Qiagen,104267,104267,                    Tenacibaculum,Tenacibaculum,genus,0.0006642201225486126,fraction_reads,0.0,2,0
Centrifuge,unified,Centrifuge_unified,ZymoMockD6331,ZymoMockD6331,ont,D6331_Qiagen,2918913,2918913,                    Pontimicrobium,Pontimicrobium,genus,0.0006642201225486126,fraction_reads,0.0,2,0
Centrifuge,unified,Centrifuge_unified,ZymoMockD6331,ZymoMockD6331,ont,D6331_Qiagen,1016,1016,                    Capnocytophaga,Capnocytophaga,genus,0.0003321100612743063,fraction_reads,0.0,1,0
Centrifuge,unified,Centrifuge_unified,ZymoMockD6331,ZymoMockD6331,ont,D6331_Qiagen,76831,76831,                    Myroides,Myroides,genus,0.0003321100612743063,fraction_reads,0.0,1,0
Centrifuge,unified,Centrifuge_unified,ZymoMockD6331,ZymoMockD6331,ont,D6331_Qiagen,83612,83612,                    Psychroflexus,Psychroflexus,genus,0.0003321100612743063,fraction_reads,0.0,1,0
Centrifuge,unified,Centrifuge_unified,ZymoMockD6331,ZymoMockD6331,ont,D6331_Qiagen,221065,221065,                    Kordia,Kordia,genus,0.0003321100612743063,fraction_reads,0.0,1,0
Centrifuge,unified,Centrifuge_unified,ZymoMockD6331,ZymoMockD6331,ont,D6331_Qiagen,444459,444459,                    Flagellimonas,Flagellimonas,genus,0.0003321100612743063,fraction_reads,0.0,1,0
Centrifuge,unified,Centrifuge_unified,ZymoMockD6331,ZymoMockD6331,ont,D6331_Qiagen,28250,28250,                    Ornithobacterium,Ornithobacterium,genus,0.0029889905514687565,fraction_reads,0.0,9,0
Centrifuge,unified,Centrifuge_unified,ZymoMockD6331,ZymoMockD6331,ont,D6331_Qiagen,59734,59734,                    Empedobacter,Empedobacter,genus,0.001992660367645838,fraction_reads,0.0,6,0
Centrifuge,unified,Centrifuge_unified,ZymoMockD6331,ZymoMockD6331,ont,D6331_Qiagen,34084,34084,                    Riemerella,Riemerella,genus,0.0013284402450972252,fraction_reads,0.0,4,0
Centrifuge,unified,Centrifuge_unified,ZymoMockD6331,ZymoMockD6331,ont,D6331_Qiagen,308865,308865,                    Elizabethkingia,Elizabethkingia,genus,0.000996330183822919,fraction_reads,0.0,3,0
Centrifuge,unified,Centrifuge_unified,ZymoMockD6331,ZymoMockD6331,ont,D6331_Qiagen,59732,59732,                      Chryseobacterium,Chryseobacterium,genus,0.000996330183822919,fraction_reads,0.0,3,0
Centrifuge,unified,Centrifuge_unified,ZymoMockD6331,ZymoMockD6331,ont,D6331_Qiagen,34098,34098,                    Blattabacterium,Blattabacterium,genus,0.0003321100612743063,fraction_reads,0.0,1,0
Centrifuge,unified,Centrifuge_unified,ZymoMockD6331,ZymoMockD6331,ont,D6331_Qiagen,336809,336809,                    Candidatus Karelsulcia,Candidatus Karelsulcia,genus,0.0003321100612743063,fraction_reads,0.0,1,0
Centrifuge,unified,Centrifuge_unified,ZymoMockD6331,ZymoMockD6331,ont,D6331_Qiagen,1937972,1937972,                    Bernardetia,Bernardetia,genus,0.5180916955879179,fraction_reads,0.52,1560,0
Centrifuge,unified,Centrifuge_unified,ZymoMockD6331,ZymoMockD6331,ont,D6331_Qiagen,89966,89966,                    Hymenobacter,Hymenobacter,genus,0.003985320735291676,fraction_reads,0.0,12,0
Centrifuge,unified,Centrifuge_unified,ZymoMockD6331,ZymoMockD6331,ont,D6331_Qiagen,59739,59739,                    Flammeovirga,Flammeovirga,genus,0.0026568804901944505,fraction_reads,0.0,8,0
Centrifuge,unified,Centrifuge_unified,ZymoMockD6331,ZymoMockD6331,ont,D6331_Qiagen,1097443,1097443,                    Aureibacter,Aureibacter,genus,0.0006642201225486126,fraction_reads,0.0,2,0
Centrifuge,unified,Centrifuge_unified,ZymoMockD6331,ZymoMockD6331,ont,D6331_Qiagen,59740,59740,                    Persicobacter,Persicobacter,genus,0.0003321100612743063,fraction_reads,0.0,1,0
Centrifuge,unified,Centrifuge_unified,ZymoMockD6331,ZymoMockD6331,ont,D6331_Qiagen,107,107,                    Spirosoma,Spirosoma,genus,0.0003321100612743063,fraction_reads,0.0,1,0
Centrifuge,unified,Centrifuge_unified,ZymoMockD6331,ZymoMockD6331,ont,D6331_Qiagen,869806,869806,                    Marivirga,Marivirga,genus,0.0003321100612743063,fraction_reads,0.0,1,0
Centrifuge,unified,Centrifuge_unified,ZymoMockD6331,ZymoMockD6331,ont,D6331_Qiagen,79328,79328,                    Chitinophaga,Chitinophaga,genus,0.005977981102937513,fraction_reads,0.01,18,0
Centrifuge,unified,Centrifuge_unified,ZymoMockD6331,ZymoMockD6331,ont,D6331_Qiagen,1649506,1649506,                    Thermoflavifilum,Thermoflavifilum,genus,0.0003321100612743063,fraction_reads,0.0,1,0
Centrifuge,unified,Centrifuge_unified,ZymoMockD6331,ZymoMockD6331,ont,D6331_Qiagen,28453,28453,                    Sphingobacterium,Sphingobacterium,genus,0.0006642201225486126,fraction_reads,0.0,2,0
Centrifuge,unified,Centrifuge_unified,ZymoMockD6331,ZymoMockD6331,ont,D6331_Qiagen,423349,423349,                    Mucilaginibacter,Mucilaginibacter,genus,0.0006642201225486126,fraction_reads,0.0,2,0
Centrifuge,unified,Centrifuge_unified,ZymoMockD6331,ZymoMockD6331,ont,D6331_Qiagen,84567,84567,                    Pedobacter,Pedobacter,genus,0.0003321100612743063,fraction_reads,0.0,1,0
Centrifuge,unified,Centrifuge_unified,ZymoMockD6331,ZymoMockD6331,ont,D6331_Qiagen,832,832,                  Fibrobacter,Fibrobacter,genus,0.0003321100612743063,fraction_reads,0.0,1,0
Centrifuge,unified,Centrifuge_unified,ZymoMockD6331,ZymoMockD6331,ont,D6331_Qiagen,157,157,                Treponema,Treponema,genus,0.4546586738845253,fraction_reads,0.45,1369,0
Centrifuge,unified,Centrifuge_unified,ZymoMockD6331,ZymoMockD6331,ont,D6331_Qiagen,138,138,                Borrelia,Borrelia,genus,0.001992660367645838,fraction_reads,0.0,6,0
Centrifuge,unified,Centrifuge_unified,ZymoMockD6331,ZymoMockD6331,ont,D6331_Qiagen,64895,64895,                Borreliella,Borreliella,genus,0.001992660367645838,fraction_reads,0.0,6,0
Centrifuge,unified,Centrifuge_unified,ZymoMockD6331,ZymoMockD6331,ont,D6331_Qiagen,171,171,                Leptospira,Leptospira,genus,0.021587153982829912,fraction_reads,0.02,65,0
Centrifuge,unified,Centrifuge_unified,ZymoMockD6331,ZymoMockD6331,ont,D6331_Qiagen,29521,29521,                Brachyspira,Brachyspira,genus,0.0006642201225486126,fraction_reads,0.0,2,0
Centrifuge,unified,Centrifuge_unified,ZymoMockD6331,ZymoMockD6331,ont,D6331_Qiagen,239934,239934,                  Akkermansia,Akkermansia,genus,0.3327742813968549,fraction_reads,0.33,1002,5
Centrifuge,unified,Centrifuge_unified,ZymoMockD6331,ZymoMockD6331,ont,D6331_Qiagen,2911469,2911469,                  Sulfuriroseicoccus,Sulfuriroseicoccus,genus,0.0003321100612743063,fraction_reads,0.0,1,0
Centrifuge,unified,Centrifuge_unified,ZymoMockD6331,ZymoMockD6331,ont,D6331_Qiagen,810,810,                    Chlamydia,Chlamydia,genus,0.0036532106740173693,fraction_reads,0.0,11,0
Centrifuge,unified,Centrifuge_unified,ZymoMockD6331,ZymoMockD6331,ont,D6331_Qiagen,282132,282132,                  Candidatus Protochlamydia,Candidatus Protochlamydia,genus,0.0003321100612743063,fraction_reads,0.0,1,0
Centrifuge,unified,Centrifuge_unified,ZymoMockD6331,ZymoMockD6331,ont,D6331_Qiagen,2714594,2714594,                  Bremerella,Bremerella,genus,0.0029889905514687565,fraction_reads,0.0,9,0
Centrifuge,unified,Centrifuge_unified,ZymoMockD6331,ZymoMockD6331,ont,D6331_Qiagen,194,194,                Campylobacter,Campylobacter,genus,0.04350641802693413,fraction_reads,0.04,131,1
Centrifuge,unified,Centrifuge_unified,ZymoMockD6331,ZymoMockD6331,ont,D6331_Qiagen,209,209,                Helicobacter,Helicobacter,genus,0.006642201225486127,fraction_reads,0.01,20,0
Centrifuge,unified,Centrifuge_unified,ZymoMockD6331,ZymoMockD6331,ont,D6331_Qiagen,2321111,2321111,                Aliarcobacter,Aliarcobacter,genus,0.003985320735291676,fraction_reads,0.0,12,0
Centrifuge,unified,Centrifuge_unified,ZymoMockD6331,ZymoMockD6331,ont,D6331_Qiagen,202746,202746,                Sulfurimonas,Sulfurimonas,genus,0.0016605503063715317,fraction_reads,0.0,5,0
Centrifuge,unified,Centrifuge_unified,ZymoMockD6331,ZymoMockD6331,ont,D6331_Qiagen,265570,265570,                Sulfurovum,Sulfurovum,genus,0.000996330183822919,fraction_reads,0.0,3,0
Centrifuge,unified,Centrifuge_unified,ZymoMockD6331,ZymoMockD6331,ont,D6331_Qiagen,458032,458032,                Chloracidobacterium,Chloracidobacterium,genus,0.003985320735291676,fraction_reads,0.0,12,0
Centrifuge,unified,Centrifuge_unified,ZymoMockD6331,ZymoMockD6331,ont,D6331_Qiagen,388463,388463,                Edaphobacter,Edaphobacter,genus,0.000996330183822919,fraction_reads,0.0,3,0
Centrifuge,unified,Centrifuge_unified,ZymoMockD6331,ZymoMockD6331,ont,D6331_Qiagen,2773294,2773294,                Desulfolutivibrio,Desulfolutivibrio,genus,0.001992660367645838,fraction_reads,0.0,6,0
Centrifuge,unified,Centrifuge_unified,ZymoMockD6331,ZymoMockD6331,ont,D6331_Qiagen,2035811,2035811,                Pseudodesulfovibrio,Pseudodesulfovibrio,genus,0.000996330183822919,fraction_reads,0.0,3,0
Centrifuge,unified,Centrifuge_unified,ZymoMockD6331,ZymoMockD6331,ont,D6331_Qiagen,872,872,                Desulfovibrio,Desulfovibrio,genus,0.0006642201225486126,fraction_reads,0.0,2,0
Centrifuge,unified,Centrifuge_unified,ZymoMockD6331,ZymoMockD6331,ont,D6331_Qiagen,2794998,2794998,                Maridesulfovibrio,Maridesulfovibrio,genus,0.0003321100612743063,fraction_reads,0.0,1,0
Centrifuge,unified,Centrifuge_unified,ZymoMockD6331,ZymoMockD6331,ont,D6331_Qiagen,2812025,2812025,                Syntrophotalea,Syntrophotalea,genus,0.0003321100612743063,fraction_reads,0.0,1,0
Centrifuge,unified,Centrifuge_unified,ZymoMockD6331,ZymoMockD6331,ont,D6331_Qiagen,28231,28231,                Geobacter,Geobacter,genus,0.0003321100612743063,fraction_reads,0.0,1,0
Centrifuge,unified,Centrifuge_unified,ZymoMockD6331,ZymoMockD6331,ont,D6331_Qiagen,958,958,                Bdellovibrio,Bdellovibrio,genus,0.0016605503063715317,fraction_reads,0.0,5,0
Centrifuge,unified,Centrifuge_unified,ZymoMockD6331,ZymoMockD6331,ont,D6331_Qiagen,213485,213485,                Micavibrio,Micavibrio,genus,0.0003321100612743063,fraction_reads,0.0,1,0
Centrifuge,unified,Centrifuge_unified,ZymoMockD6331,ZymoMockD6331,ont,D6331_Qiagen,1652133,1652133,                Halobacteriovorax,Halobacteriovorax,genus,0.0006642201225486126,fraction_reads,0.0,2,0
Centrifuge,unified,Centrifuge_unified,ZymoMockD6331,ZymoMockD6331,ont,D6331_Qiagen,64159,64159,                Desulfurobacterium,Desulfurobacterium,genus,0.0003321100612743063,fraction_reads,0.0,1,0
Centrifuge,unified,Centrifuge_unified,ZymoMockD6331,ZymoMockD6331,ont,D6331_Qiagen,2759736,2759736,                Lacticaseibacillus,Lacticaseibacillus,genus,17.034257152820445,fraction_reads,17.03,51291,0
Centrifuge,unified,Centrifuge_unified,ZymoMockD6331,ZymoMockD6331,ont,D6331_Qiagen,2742598,2742598,                Limosilactobacillus,Limosilactobacillus,genus,1.2158549343252354,fraction_reads,1.22,3661,0
Centrifuge,unified,Centrifuge_unified,ZymoMockD6331,ZymoMockD6331,ont,D6331_Qiagen,2767842,2767842,                Lactiplantibacillus,Lactiplantibacillus,genus,0.036199996678899386,fraction_reads,0.04,109,0
Centrifuge,unified,Centrifuge_unified,ZymoMockD6331,ZymoMockD6331,ont,D6331_Qiagen,1578,1578,                Lactobacillus,Lactobacillus,genus,0.022251374105378523,fraction_reads,0.02,67,0
Centrifuge,unified,Centrifuge_unified,ZymoMockD6331,ZymoMockD6331,ont,D6331_Qiagen,1253,1253,                Pediococcus,Pediococcus,genus,0.019926603676458376,fraction_reads,0.02,60,0
Centrifuge,unified,Centrifuge_unified,ZymoMockD6331,ZymoMockD6331,ont,D6331_Qiagen,1243,1243,                Leuconostoc,Leuconostoc,genus,0.014944952757343782,fraction_reads,0.01,45,0
Centrifuge,unified,Centrifuge_unified,ZymoMockD6331,ZymoMockD6331,ont,D6331_Qiagen,2767879,2767879,                Companilactobacillus,Companilactobacillus,genus,0.01262018232842364,fraction_reads,0.01,38,0
Centrifuge,unified,Centrifuge_unified,ZymoMockD6331,ZymoMockD6331,ont,D6331_Qiagen,2767886,2767886,                Levilactobacillus,Levilactobacillus,genus,0.011955962205875026,fraction_reads,0.01,36,0
Centrifuge,unified,Centrifuge_unified,ZymoMockD6331,ZymoMockD6331,ont,D6331_Qiagen,2767885,2767885,                Latilactobacillus,Latilactobacillus,genus,0.010295411899503495,fraction_reads,0.01,31,0
Centrifuge,unified,Centrifuge_unified,ZymoMockD6331,ZymoMockD6331,ont,D6331_Qiagen,2767887,2767887,                Ligilactobacillus,Ligilactobacillus,genus,0.0036532106740173693,fraction_reads,0.0,11,0
Centrifuge,unified,Centrifuge_unified,ZymoMockD6331,ZymoMockD6331,ont,D6331_Qiagen,2767893,2767893,                Lentilactobacillus,Lentilactobacillus,genus,0.0029889905514687565,fraction_reads,0.0,9,0
Centrifuge,unified,Centrifuge_unified,ZymoMockD6331,ZymoMockD6331,ont,D6331_Qiagen,2767881,2767881,                Fructilactobacillus,Fructilactobacillus,genus,0.0016605503063715317,fraction_reads,0.0,5,0
Centrifuge,unified,Centrifuge_unified,ZymoMockD6331,ZymoMockD6331,ont,D6331_Qiagen,46255,46255,                Weissella,Weissella,genus,0.000996330183822919,fraction_reads,0.0,3,0
Centrifuge,unified,Centrifuge_unified,ZymoMockD6331,ZymoMockD6331,ont,D6331_Qiagen,2767888,2767888,                Liquorilactobacillus,Liquorilactobacillus,genus,0.0006642201225486126,fraction_reads,0.0,2,0
Centrifuge,unified,Centrifuge_unified,ZymoMockD6331,ZymoMockD6331,ont,D6331_Qiagen,2767880,2767880,                Dellaglioa,Dellaglioa,genus,0.0003321100612743063,fraction_reads,0.0,1,0
Centrifuge,unified,Centrifuge_unified,ZymoMockD6331,ZymoMockD6331,ont,D6331_Qiagen,2767882,2767882,                Furfurilactobacillus,Furfurilactobacillus,genus,0.0003321100612743063,fraction_reads,0.0,1,0
Centrifuge,unified,Centrifuge_unified,ZymoMockD6331,ZymoMockD6331,ont,D6331_Qiagen,2767890,2767890,                Paucilactobacillus,Paucilactobacillus,genus,0.0003321100612743063,fraction_reads,0.0,1,0
Centrifuge,unified,Centrifuge_unified,ZymoMockD6331,ZymoMockD6331,ont,D6331_Qiagen,1301,1301,                Streptococcus,Streptococcus,genus,0.07173577323525016,fraction_reads,0.07,216,1
Centrifuge,unified,Centrifuge_unified,ZymoMockD6331,ZymoMockD6331,ont,D6331_Qiagen,1357,1357,                Lactococcus,Lactococcus,genus,0.023911924411750052,fraction_reads,0.02,72,0
Centrifuge,unified,Centrifuge_unified,ZymoMockD6331,ZymoMockD6331,ont,D6331_Qiagen,1350,1350,                Enterococcus,Enterococcus,genus,0.09365503727935438,fraction_reads,0.09,282,1
Centrifuge,unified,Centrifuge_unified,ZymoMockD6331,ZymoMockD6331,ont,D6331_Qiagen,2737,2737,                Vagococcus,Vagococcus,genus,0.0006642201225486126,fraction_reads,0.0,2,0
Centrifuge,unified,Centrifuge_unified,ZymoMockD6331,ZymoMockD6331,ont,D6331_Qiagen,29393,29393,                Dolosigranulum,Dolosigranulum,genus,0.002324770428920144,fraction_reads,0.0,7,0
Centrifuge,unified,Centrifuge_unified,ZymoMockD6331,ZymoMockD6331,ont,D6331_Qiagen,2747,2747,                Carnobacterium,Carnobacterium,genus,0.0006642201225486126,fraction_reads,0.0,2,0
Centrifuge,unified,Centrifuge_unified,ZymoMockD6331,ZymoMockD6331,ont,D6331_Qiagen,82802,82802,                Trichococcus,Trichococcus,genus,0.0003321100612743063,fraction_reads,0.0,1,0
Centrifuge,unified,Centrifuge_unified,ZymoMockD6331,ZymoMockD6331,ont,D6331_Qiagen,1470540,1470540,                Jeotgalibaca,Jeotgalibaca,genus,0.0003321100612743063,fraction_reads,0.0,1,0
Centrifuge,unified,Centrifuge_unified,ZymoMockD6331,ZymoMockD6331,ont,D6331_Qiagen,1386,1386,                Bacillus,Bacillus,genus,0.20989355872536156,fraction_reads,0.21,632,2
Centrifuge,unified,Centrifuge_unified,ZymoMockD6331,ZymoMockD6331,ont,D6331_Qiagen,2800373,2800373,                Priestia,Priestia,genus,0.010627521960777802,fraction_reads,0.01,32,0
Centrifuge,unified,Centrifuge_unified,ZymoMockD6331,ZymoMockD6331,ont,D6331_Qiagen,45667,45667,                Halobacillus,Halobacillus,genus,0.001992660367645838,fraction_reads,0.0,6,0
Centrifuge,unified,Centrifuge_unified,ZymoMockD6331,ZymoMockD6331,ont,D6331_Qiagen,2893060,2893060,                Alkalihalophilus,Alkalihalophilus,genus,0.0016605503063715317,fraction_reads,0.0,5,0
Centrifuge,unified,Centrifuge_unified,ZymoMockD6331,ZymoMockD6331,ont,D6331_Qiagen,459532,459532,                Terribacillus,Terribacillus,genus,0.0006642201225486126,fraction_reads,0.0,2,0
Centrifuge,unified,Centrifuge_unified,ZymoMockD6331,ZymoMockD6331,ont,D6331_Qiagen,2675229,2675229,                Peribacillus,Peribacillus,genus,0.0006642201225486126,fraction_reads,0.0,2,0
Centrifuge,unified,Centrifuge_unified,ZymoMockD6331,ZymoMockD6331,ont,D6331_Qiagen,84406,84406,                Virgibacillus,Virgibacillus,genus,0.0003321100612743063,fraction_reads,0.0,1,0
Centrifuge,unified,Centrifuge_unified,ZymoMockD6331,ZymoMockD6331,ont,D6331_Qiagen,289201,289201,                Pontibacillus,Pontibacillus,genus,0.0003321100612743063,fraction_reads,0.0,1,0
Centrifuge,unified,Centrifuge_unified,ZymoMockD6331,ZymoMockD6331,ont,D6331_Qiagen,400634,400634,                Lysinibacillus,Lysinibacillus,genus,0.0003321100612743063,fraction_reads,0.0,1,0
Centrifuge,unified,Centrifuge_unified,ZymoMockD6331,ZymoMockD6331,ont,D6331_Qiagen,2675232,2675232,                Neobacillus,Neobacillus,genus,0.0003321100612743063,fraction_reads,0.0,1,0
Centrifuge,unified,Centrifuge_unified,ZymoMockD6331,ZymoMockD6331,ont,D6331_Qiagen,2837504,2837504,                Heyndrickxia,Heyndrickxia,genus,0.0003321100612743063,fraction_reads,0.0,1,0
Centrifuge,unified,Centrifuge_unified,ZymoMockD6331,ZymoMockD6331,ont,D6331_Qiagen,2837506,2837506,                Niallia,Niallia,genus,0.0003321100612743063,fraction_reads,0.0,1,0
Centrifuge,unified,Centrifuge_unified,ZymoMockD6331,ZymoMockD6331,ont,D6331_Qiagen,2837508,2837508,                Rossellomorea,Rossellomorea,genus,0.0003321100612743063,fraction_reads,0.0,1,0
Centrifuge,unified,Centrifuge_unified,ZymoMockD6331,ZymoMockD6331,ont,D6331_Qiagen,2837511,2837511,                Sutcliffiella,Sutcliffiella,genus,0.0003321100612743063,fraction_reads,0.0,1,0
Centrifuge,unified,Centrifuge_unified,ZymoMockD6331,ZymoMockD6331,ont,D6331_Qiagen,1279,1279,                Staphylococcus,Staphylococcus,genus,0.19195961541654905,fraction_reads,0.19,578,1
Centrifuge,unified,Centrifuge_unified,ZymoMockD6331,ZymoMockD6331,ont,D6331_Qiagen,2803850,2803850,                Mammaliicoccus,Mammaliicoccus,genus,0.005645871041663207,fraction_reads,0.01,17,0
Centrifuge,unified,Centrifuge_unified,ZymoMockD6331,ZymoMockD6331,ont,D6331_Qiagen,45669,45669,                Salinicoccus,Salinicoccus,genus,0.000996330183822919,fraction_reads,0.0,3,0
Centrifuge,unified,Centrifuge_unified,ZymoMockD6331,ZymoMockD6331,ont,D6331_Qiagen,3076173,3076173,                Macrococcoides,Macrococcoides,genus,0.000996330183822919,fraction_reads,0.0,3,0
Centrifuge,unified,Centrifuge_unified,ZymoMockD6331,ZymoMockD6331,ont,D6331_Qiagen,1637,1637,                Listeria,Listeria,genus,0.0315504558210591,fraction_reads,0.03,95,0
Centrifuge,unified,Centrifuge_unified,ZymoMockD6331,ZymoMockD6331,ont,D6331_Qiagen,2755,2755,                Brochothrix,Brochothrix,genus,0.0003321100612743063,fraction_reads,0.0,1,0
Centrifuge,unified,Centrifuge_unified,ZymoMockD6331,ZymoMockD6331,ont,D6331_Qiagen,44249,44249,                Paenibacillus,Paenibacillus,genus,0.005977981102937513,fraction_reads,0.01,18,0
Centrifuge,unified,Centrifuge_unified,ZymoMockD6331,ZymoMockD6331,ont,D6331_Qiagen,55080,55080,                Brevibacillus,Brevibacillus,genus,0.0033211006127430633,fraction_reads,0.0,10,0
Centrifuge,unified,Centrifuge_unified,ZymoMockD6331,ZymoMockD6331,ont,D6331_Qiagen,33986,33986,                  Exiguobacterium,Exiguobacterium,genus,0.005645871041663207,fraction_reads,0.01,17,0
Centrifuge,unified,Centrifuge_unified,ZymoMockD6331,ZymoMockD6331,ont,D6331_Qiagen,1372,1372,                Planococcus,Planococcus,genus,0.002324770428920144,fraction_reads,0.0,7,0
Centrifuge,unified,Centrifuge_unified,ZymoMockD6331,ZymoMockD6331,ont,D6331_Qiagen,1569,1569,                Sporosarcina,Sporosarcina,genus,0.0006642201225486126,fraction_reads,0.0,2,0
Centrifuge,unified,Centrifuge_unified,ZymoMockD6331,ZymoMockD6331,ont,D6331_Qiagen,129337,129337,                Geobacillus,Geobacillus,genus,0.001992660367645838,fraction_reads,0.0,6,0
Centrifuge,unified,Centrifuge_unified,ZymoMockD6331,ZymoMockD6331,ont,D6331_Qiagen,29395,29395,                Saccharococcus,Saccharococcus,genus,0.0006642201225486126,fraction_reads,0.0,2,0
Centrifuge,unified,Centrifuge_unified,ZymoMockD6331,ZymoMockD6331,ont,D6331_Qiagen,1378,1378,                Gemella,Gemella,genus,0.0006642201225486126,fraction_reads,0.0,2,0
Centrifuge,unified,Centrifuge_unified,ZymoMockD6331,ZymoMockD6331,ont,D6331_Qiagen,29330,29330,                Alicyclobacillus,Alicyclobacillus,genus,0.0003321100612743063,fraction_reads,0.0,1,0
Centrifuge,unified,Centrifuge_unified,ZymoMockD6331,ZymoMockD6331,ont,D6331_Qiagen,29465,29465,                Veillonella,Veillonella,genus,8.731837731024061,fraction_reads,8.73,26292,12
Centrifuge,unified,Centrifuge_unified,ZymoMockD6331,ZymoMockD6331,ont,D6331_Qiagen,970,970,                Selenomonas,Selenomonas,genus,0.000996330183822919,fraction_reads,0.0,3,0
Centrifuge,unified,Centrifuge_unified,ZymoMockD6331,ZymoMockD6331,ont,D6331_Qiagen,158846,158846,                Megamonas,Megamonas,genus,0.000996330183822919,fraction_reads,0.0,3,0
Centrifuge,unified,Centrifuge_unified,ZymoMockD6331,ZymoMockD6331,ont,D6331_Qiagen,216851,216851,                Faecalibacterium,Faecalibacterium,genus,5.139071088158616,fraction_reads,5.14,15474,25
Centrifuge,unified,Centrifuge_unified,ZymoMockD6331,ZymoMockD6331,ont,D6331_Qiagen,1263,1263,                Ruminococcus,Ruminococcus,genus,0.002324770428920144,fraction_reads,0.0,7,0
Centrifuge,unified,Centrifuge_unified,ZymoMockD6331,ZymoMockD6331,ont,D6331_Qiagen,946234,946234,                Flavonifractor,Flavonifractor,genus,0.0013284402450972252,fraction_reads,0.0,4,0
Centrifuge,unified,Centrifuge_unified,ZymoMockD6331,ZymoMockD6331,ont,D6331_Qiagen,2172004,2172004,                Lawsonibacter,Lawsonibacter,genus,0.000996330183822919,fraction_reads,0.0,3,0
Centrifuge,unified,Centrifuge_unified,ZymoMockD6331,ZymoMockD6331,ont,D6331_Qiagen,2842531,2842531,                Solibaculum,Solibaculum,genus,0.0006642201225486126,fraction_reads,0.0,2,0
Centrifuge,unified,Centrifuge_unified,ZymoMockD6331,ZymoMockD6331,ont,D6331_Qiagen,3393728,3393728,                Owariibacterium,Owariibacterium,genus,0.0006642201225486126,fraction_reads,0.0,2,0
Centrifuge,unified,Centrifuge_unified,ZymoMockD6331,ZymoMockD6331,ont,D6331_Qiagen,459786,459786,                Oscillibacter,Oscillibacter,genus,0.0003321100612743063,fraction_reads,0.0,1,0
Centrifuge,unified,Centrifuge_unified,ZymoMockD6331,ZymoMockD6331,ont,D6331_Qiagen,1905344,1905344,                Ruthenibacterium,Ruthenibacterium,genus,0.0003321100612743063,fraction_reads,0.0,1,0
Centrifuge,unified,Centrifuge_unified,ZymoMockD6331,ZymoMockD6331,ont,D6331_Qiagen,2834348,2834348,                Caproicibacterium,Caproicibacterium,genus,0.0003321100612743063,fraction_reads,0.0,1,0
Centrifuge,unified,Centrifuge_unified,ZymoMockD6331,ZymoMockD6331,ont,D6331_Qiagen,2892396,2892396,                Vescimonas,Vescimonas,genus,0.0003321100612743063,fraction_reads,0.0,1,0
Centrifuge,unified,Centrifuge_unified,ZymoMockD6331,ZymoMockD6331,ont,D6331_Qiagen,1485,1485,                Clostridium,Clostridium,genus,0.04350641802693413,fraction_reads,0.04,131,2
Centrifuge,unified,Centrifuge_unified,ZymoMockD6331,ZymoMockD6331,ont,D6331_Qiagen,420345,420345,                Lactonifactor,Lactonifactor,genus,0.0003321100612743063,fraction_reads,0.0,1,0
Centrifuge,unified,Centrifuge_unified,ZymoMockD6331,ZymoMockD6331,ont,D6331_Qiagen,1738645,1738645,                Caproiciproducens,Caproiciproducens,genus,0.0026568804901944505,fraction_reads,0.0,8,0
Centrifuge,unified,Centrifuge_unified,ZymoMockD6331,ZymoMockD6331,ont,D6331_Qiagen,2576755,2576755,                Caproicibacter,Caproicibacter,genus,0.0006642201225486126,fraction_reads,0.0,2,0
Centrifuge,unified,Centrifuge_unified,ZymoMockD6331,ZymoMockD6331,ont,D6331_Qiagen,1392389,1392389,                Intestinimonas,Intestinimonas,genus,0.001992660367645838,fraction_reads,0.0,6,0
Centrifuge,unified,Centrifuge_unified,ZymoMockD6331,ZymoMockD6331,ont,D6331_Qiagen,1928820,1928820,                Intestinibacillus,Intestinibacillus,genus,0.0003321100612743063,fraction_reads,0.0,1,0
Centrifuge,unified,Centrifuge_unified,ZymoMockD6331,ZymoMockD6331,ont,D6331_Qiagen,2048137,2048137,                Agathobaculum,Agathobaculum,genus,0.0003321100612743063,fraction_reads,0.0,1,0
Centrifuge,unified,Centrifuge_unified,ZymoMockD6331,ZymoMockD6331,ont,D6331_Qiagen,1730,1730,                Eubacterium,Eubacterium,genus,0.0003321100612743063,fraction_reads,0.0,1,0
Centrifuge,unified,Centrifuge_unified,ZymoMockD6331,ZymoMockD6331,ont,D6331_Qiagen,2282741,2282741,                Desulfofundulus,Desulfofundulus,genus,0.0003321100612743063,fraction_reads,0.0,1,0
Centrifuge,unified,Centrifuge_unified,ZymoMockD6331,ZymoMockD6331,ont,D6331_Qiagen,841,841,                Roseburia,Roseburia,genus,0.7279852543132794,fraction_reads,0.73,2192,0
Centrifuge,unified,Centrifuge_unified,ZymoMockD6331,ZymoMockD6331,ont,D6331_Qiagen,2316020,2316020,                Mediterraneibacter,Mediterraneibacter,genus,0.00631009116421182,fraction_reads,0.01,19,0
Centrifuge,unified,Centrifuge_unified,ZymoMockD6331,ZymoMockD6331,ont,D6331_Qiagen,2719313,2719313,                Enterocloster,Enterocloster,genus,0.0033211006127430633,fraction_reads,0.0,10,0
Centrifuge,unified,Centrifuge_unified,ZymoMockD6331,ZymoMockD6331,ont,D6331_Qiagen,572511,572511,                Blautia,Blautia,genus,0.000996330183822919,fraction_reads,0.0,3,0
Centrifuge,unified,Centrifuge_unified,ZymoMockD6331,ZymoMockD6331,ont,D6331_Qiagen,1506553,1506553,                Lachnoclostridium,Lachnoclostridium,genus,0.000996330183822919,fraction_reads,0.0,3,0
Centrifuge,unified,Centrifuge_unified,ZymoMockD6331,ZymoMockD6331,ont,D6331_Qiagen,207244,207244,                Anaerostipes,Anaerostipes,genus,0.0006642201225486126,fraction_reads,0.0,2,0
Centrifuge,unified,Centrifuge_unified,ZymoMockD6331,ZymoMockD6331,ont,D6331_Qiagen,2888809,2888809,                Novisyntrophococcus,Novisyntrophococcus,genus,0.0006642201225486126,fraction_reads,0.0,2,0
Centrifuge,unified,Centrifuge_unified,ZymoMockD6331,ZymoMockD6331,ont,D6331_Qiagen,830,830,                Butyrivibrio,Butyrivibrio,genus,0.0003321100612743063,fraction_reads,0.0,1,0
Centrifuge,unified,Centrifuge_unified,ZymoMockD6331,ZymoMockD6331,ont,D6331_Qiagen,33042,33042,                Coprococcus,Coprococcus,genus,0.0003321100612743063,fraction_reads,0.0,1,0
Centrifuge,unified,Centrifuge_unified,ZymoMockD6331,ZymoMockD6331,ont,D6331_Qiagen,189330,189330,                Dorea,Dorea,genus,0.0003321100612743063,fraction_reads,0.0,1,0
Centrifuge,unified,Centrifuge_unified,ZymoMockD6331,ZymoMockD6331,ont,D6331_Qiagen,2569097,2569097,                Anaerobutyricum,Anaerobutyricum,genus,0.0003321100612743063,fraction_reads,0.0,1,0
Centrifuge,unified,Centrifuge_unified,ZymoMockD6331,ZymoMockD6331,ont,D6331_Qiagen,698776,698776,                Cellulosilyticum,Cellulosilyticum,genus,0.0006642201225486126,fraction_reads,0.0,2,1
Centrifuge,unified,Centrifuge_unified,ZymoMockD6331,ZymoMockD6331,ont,D6331_Qiagen,1870884,1870884,                Clostridioides,Clostridioides,genus,0.11856329187492735,fraction_reads,0.12,357,0
Centrifuge,unified,Centrifuge_unified,ZymoMockD6331,ZymoMockD6331,ont,D6331_Qiagen,1505657,1505657,                Intestinibacter,Intestinibacter,genus,0.0013284402450972252,fraction_reads,0.0,4,0
Centrifuge,unified,Centrifuge_unified,ZymoMockD6331,ZymoMockD6331,ont,D6331_Qiagen,1849822,1849822,                Paraclostridium,Paraclostridium,genus,0.0013284402450972252,fraction_reads,0.0,4,0
Centrifuge,unified,Centrifuge_unified,ZymoMockD6331,ZymoMockD6331,ont,D6331_Qiagen,1505652,1505652,                Terrisporobacter,Terrisporobacter,genus,0.0006642201225486126,fraction_reads,0.0,2,0
Centrifuge,unified,Centrifuge_unified,ZymoMockD6331,ZymoMockD6331,ont,D6331_Qiagen,1257,1257,                Peptostreptococcus,Peptostreptococcus,genus,0.0003321100612743063,fraction_reads,0.0,1,0
Centrifuge,unified,Centrifuge_unified,ZymoMockD6331,ZymoMockD6331,ont,D6331_Qiagen,114627,114627,                Alkaliphilus,Alkaliphilus,genus,0.000996330183822919,fraction_reads,0.0,3,0
Centrifuge,unified,Centrifuge_unified,ZymoMockD6331,ZymoMockD6331,ont,D6331_Qiagen,1890059,1890059,                Serpentinicella,Serpentinicella,genus,0.000996330183822919,fraction_reads,0.0,3,0
Centrifuge,unified,Centrifuge_unified,ZymoMockD6331,ZymoMockD6331,ont,D6331_Qiagen,86331,86331,                Mogibacterium,Mogibacterium,genus,0.0003321100612743063,fraction_reads,0.0,1,0
Centrifuge,unified,Centrifuge_unified,ZymoMockD6331,ZymoMockD6331,ont,D6331_Qiagen,2039302,2039302,                Monoglobus,Monoglobus,genus,0.0003321100612743063,fraction_reads,0.0,1,0
Centrifuge,unified,Centrifuge_unified,ZymoMockD6331,ZymoMockD6331,ont,D6331_Qiagen,41273,41273,                Tissierella,Tissierella,genus,0.0006642201225486126,fraction_reads,0.0,2,0
Centrifuge,unified,Centrifuge_unified,ZymoMockD6331,ZymoMockD6331,ont,D6331_Qiagen,2992720,2992720,                Acidilutibacter,Acidilutibacter,genus,0.0003321100612743063,fraction_reads,0.0,1,0
Centrifuge,unified,Centrifuge_unified,ZymoMockD6331,ZymoMockD6331,ont,D6331_Qiagen,2678885,2678885,                Faecalibacillus,Faecalibacillus,genus,0.0003321100612743063,fraction_reads,0.0,1,0
Centrifuge,unified,Centrifuge_unified,ZymoMockD6331,ZymoMockD6331,ont,D6331_Qiagen,670516,670516,                Mycobacteroides,Mycobacteroides,genus,0.10594310954650371,fraction_reads,0.11,319,0
Centrifuge,unified,Centrifuge_unified,ZymoMockD6331,ZymoMockD6331,ont,D6331_Qiagen,1763,1763,                Mycobacterium,Mycobacterium,genus,0.01726972318626393,fraction_reads,0.02,52,0
Centrifuge,unified,Centrifuge_unified,ZymoMockD6331,ZymoMockD6331,ont,D6331_Qiagen,1866885,1866885,                Mycolicibacterium,Mycolicibacterium,genus,0.009631191776954883,fraction_reads,0.01,29,0
Centrifuge,unified,Centrifuge_unified,ZymoMockD6331,ZymoMockD6331,ont,D6331_Qiagen,2126281,2126281,                Mycolicibacillus,Mycolicibacillus,genus,0.0003321100612743063,fraction_reads,0.0,1,0
Centrifuge,unified,Centrifuge_unified,ZymoMockD6331,ZymoMockD6331,ont,D6331_Qiagen,1716,1716,                Corynebacterium,Corynebacterium,genus,0.05479816011026054,fraction_reads,0.05,165,0
Centrifuge,unified,Centrifuge_unified,ZymoMockD6331,ZymoMockD6331,ont,D6331_Qiagen,1827,1827,                Rhodococcus,Rhodococcus,genus,0.008302751531857657,fraction_reads,0.01,25,0
Centrifuge,unified,Centrifuge_unified,ZymoMockD6331,ZymoMockD6331,ont,D6331_Qiagen,1817,1817,                Nocardia,Nocardia,genus,0.0016605503063715317,fraction_reads,0.0,5,0
Centrifuge,unified,Centrifuge_unified,ZymoMockD6331,ZymoMockD6331,ont,D6331_Qiagen,2979332,2979332,                Prescottella,Prescottella,genus,0.0006642201225486126,fraction_reads,0.0,2,0
Centrifuge,unified,Centrifuge_unified,ZymoMockD6331,ZymoMockD6331,ont,D6331_Qiagen,37914,37914,                Dietzia,Dietzia,genus,0.002324770428920144,fraction_reads,0.0,7,0
Centrifuge,unified,Centrifuge_unified,ZymoMockD6331,ZymoMockD6331,ont,D6331_Qiagen,2053,2053,                Gordonia,Gordonia,genus,0.001992660367645838,fraction_reads,0.0,6,0
Centrifuge,unified,Centrifuge_unified,ZymoMockD6331,ZymoMockD6331,ont,D6331_Qiagen,1678,1678,                Bifidobacterium,Bifidobacterium,genus,0.07472476378671893,fraction_reads,0.07,225,119
Centrifuge,unified,Centrifuge_unified,ZymoMockD6331,ZymoMockD6331,ont,D6331_Qiagen,529883,529883,                    Rhodoluna,Rhodoluna,genus,0.008302751531857657,fraction_reads,0.01,25,0
Centrifuge,unified,Centrifuge_unified,ZymoMockD6331,ZymoMockD6331,ont,D6331_Qiagen,2034,2034,                Curtobacterium,Curtobacterium,genus,0.0026568804901944505,fraction_reads,0.0,8,0
Centrifuge,unified,Centrifuge_unified,ZymoMockD6331,ZymoMockD6331,ont,D6331_Qiagen,33882,33882,                Microbacterium,Microbacterium,genus,0.001992660367645838,fraction_reads,0.0,6,0
Centrifuge,unified,Centrifuge_unified,ZymoMockD6331,ZymoMockD6331,ont,D6331_Qiagen,55968,55968,                Leucobacter,Leucobacter,genus,0.0016605503063715317,fraction_reads,0.0,5,0
Centrifuge,unified,Centrifuge_unified,ZymoMockD6331,ZymoMockD6331,ont,D6331_Qiagen,1573,1573,                Clavibacter,Clavibacter,genus,0.0013284402450972252,fraction_reads,0.0,4,0
Centrifuge,unified,Centrifuge_unified,ZymoMockD6331,ZymoMockD6331,ont,D6331_Qiagen,33877,33877,                Agromyces,Agromyces,genus,0.0003321100612743063,fraction_reads,0.0,1,0
Centrifuge,unified,Centrifuge_unified,ZymoMockD6331,ZymoMockD6331,ont,D6331_Qiagen,120212,120212,                Subtercola,Subtercola,genus,0.0003321100612743063,fraction_reads,0.0,1,0
Centrifuge,unified,Centrifuge_unified,ZymoMockD6331,ZymoMockD6331,ont,D6331_Qiagen,881616,881616,                Herbiconiux,Herbiconiux,genus,0.0003321100612743063,fraction_reads,0.0,1,0
Centrifuge,unified,Centrifuge_unified,ZymoMockD6331,ZymoMockD6331,ont,D6331_Qiagen,32207,32207,                Rothia,Rothia,genus,0.0036532106740173693,fraction_reads,0.0,11,0
Centrifuge,unified,Centrifuge_unified,ZymoMockD6331,ZymoMockD6331,ont,D6331_Qiagen,57493,57493,                Kocuria,Kocuria,genus,0.001992660367645838,fraction_reads,0.0,6,0
Centrifuge,unified,Centrifuge_unified,ZymoMockD6331,ZymoMockD6331,ont,D6331_Qiagen,1663,1663,                Arthrobacter,Arthrobacter,genus,0.000996330183822919,fraction_reads,0.0,3,0
Centrifuge,unified,Centrifuge_unified,ZymoMockD6331,ZymoMockD6331,ont,D6331_Qiagen,1742992,1742992,                Paenarthrobacter,Paenarthrobacter,genus,0.0006642201225486126,fraction_reads,0.0,2,0
Centrifuge,unified,Centrifuge_unified,ZymoMockD6331,ZymoMockD6331,ont,D6331_Qiagen,1742993,1742993,                Pseudarthrobacter,Pseudarthrobacter,genus,0.0006642201225486126,fraction_reads,0.0,2,0
Centrifuge,unified,Centrifuge_unified,ZymoMockD6331,ZymoMockD6331,ont,D6331_Qiagen,1742989,1742989,                Glutamicibacter,Glutamicibacter,genus,0.0003321100612743063,fraction_reads,0.0,1,0
Centrifuge,unified,Centrifuge_unified,ZymoMockD6331,ZymoMockD6331,ont,D6331_Qiagen,57495,57495,                Dermacoccus,Dermacoccus,genus,0.0016605503063715317,fraction_reads,0.0,5,0
Centrifuge,unified,Centrifuge_unified,ZymoMockD6331,ZymoMockD6331,ont,D6331_Qiagen,908935,908935,                Yimella,Yimella,genus,0.0003321100612743063,fraction_reads,0.0,1,0
Centrifuge,unified,Centrifuge_unified,ZymoMockD6331,ZymoMockD6331,ont,D6331_Qiagen,125287,125287,                Ornithinimicrobium,Ornithinimicrobium,genus,0.001992660367645838,fraction_reads,0.0,6,0
Centrifuge,unified,Centrifuge_unified,ZymoMockD6331,ZymoMockD6331,ont,D6331_Qiagen,367298,367298,                Phycicoccus,Phycicoccus,genus,0.0016605503063715317,fraction_reads,0.0,5,0
Centrifuge,unified,Centrifuge_unified,ZymoMockD6331,ZymoMockD6331,ont,D6331_Qiagen,43668,43668,                Brachybacterium,Brachybacterium,genus,0.000996330183822919,fraction_reads,0.0,3,0
Centrifuge,unified,Centrifuge_unified,ZymoMockD6331,ZymoMockD6331,ont,D6331_Qiagen,36739,36739,                Dermabacter,Dermabacter,genus,0.0003321100612743063,fraction_reads,0.0,1,0
Centrifuge,unified,Centrifuge_unified,ZymoMockD6331,ZymoMockD6331,ont,D6331_Qiagen,1707,1707,                Cellulomonas,Cellulomonas,genus,0.0006642201225486126,fraction_reads,0.0,2,0
Centrifuge,unified,Centrifuge_unified,ZymoMockD6331,ZymoMockD6331,ont,D6331_Qiagen,1883,1883,                Streptomyces,Streptomyces,genus,0.0209229338602813,fraction_reads,0.02,63,2
Centrifuge,unified,Centrifuge_unified,ZymoMockD6331,ZymoMockD6331,ont,D6331_Qiagen,1654,1654,                Actinomyces,Actinomyces,genus,0.011291742083326414,fraction_reads,0.01,34,0
Centrifuge,unified,Centrifuge_unified,ZymoMockD6331,ZymoMockD6331,ont,D6331_Qiagen,2912996,2912996,                Changpingibacter,Changpingibacter,genus,0.0006642201225486126,fraction_reads,0.0,2,0
Centrifuge,unified,Centrifuge_unified,ZymoMockD6331,ZymoMockD6331,ont,D6331_Qiagen,28263,28263,                Arcanobacterium,Arcanobacterium,genus,0.0003321100612743063,fraction_reads,0.0,1,0
Centrifuge,unified,Centrifuge_unified,ZymoMockD6331,ZymoMockD6331,ont,D6331_Qiagen,1069494,1069494,                Trueperella,Trueperella,genus,0.0003321100612743063,fraction_reads,0.0,1,0
Centrifuge,unified,Centrifuge_unified,ZymoMockD6331,ZymoMockD6331,ont,D6331_Qiagen,1522056,1522056,                Flaviflexus,Flaviflexus,genus,0.0003321100612743063,fraction_reads,0.0,1,0
Centrifuge,unified,Centrifuge_unified,ZymoMockD6331,ZymoMockD6331,ont,D6331_Qiagen,2529408,2529408,                Schaalia,Schaalia,genus,0.0003321100612743063,fraction_reads,0.0,1,0
Centrifuge,unified,Centrifuge_unified,ZymoMockD6331,ZymoMockD6331,ont,D6331_Qiagen,2692113,2692113,                Gleimia,Gleimia,genus,0.0003321100612743063,fraction_reads,0.0,1,0
Centrifuge,unified,Centrifuge_unified,ZymoMockD6331,ZymoMockD6331,ont,D6331_Qiagen,1912216,1912216,                Cutibacterium,Cutibacterium,genus,0.005645871041663207,fraction_reads,0.01,17,0
Centrifuge,unified,Centrifuge_unified,ZymoMockD6331,ZymoMockD6331,ont,D6331_Qiagen,203133,203133,                Propionimicrobium,Propionimicrobium,genus,0.0006642201225486126,fraction_reads,0.0,2,0
Centrifuge,unified,Centrifuge_unified,ZymoMockD6331,ZymoMockD6331,ont,D6331_Qiagen,1743,1743,                Propionibacterium,Propionibacterium,genus,0.0003321100612743063,fraction_reads,0.0,1,0
Centrifuge,unified,Centrifuge_unified,ZymoMockD6331,ZymoMockD6331,ont,D6331_Qiagen,2919589,2919589,                Vaginimicrobium,Vaginimicrobium,genus,0.0003321100612743063,fraction_reads,0.0,1,0
Centrifuge,unified,Centrifuge_unified,ZymoMockD6331,ZymoMockD6331,ont,D6331_Qiagen,1839,1839,                Nocardioides,Nocardioides,genus,0.0013284402450972252,fraction_reads,0.0,4,0
Centrifuge,unified,Centrifuge_unified,ZymoMockD6331,ZymoMockD6331,ont,D6331_Qiagen,2040,2040,                Aeromicrobium,Aeromicrobium,genus,0.000996330183822919,fraction_reads,0.0,3,0
Centrifuge,unified,Centrifuge_unified,ZymoMockD6331,ZymoMockD6331,ont,D6331_Qiagen,3024237,3024237,                Solicola,Solicola,genus,0.0003321100612743063,fraction_reads,0.0,1,0
Centrifuge,unified,Centrifuge_unified,ZymoMockD6331,ZymoMockD6331,ont,D6331_Qiagen,65496,65496,                Actinoalloteichus,Actinoalloteichus,genus,0.0006642201225486126,fraction_reads,0.0,2,0
Centrifuge,unified,Centrifuge_unified,ZymoMockD6331,ZymoMockD6331,ont,D6331_Qiagen,583360,583360,                Umezawaea,Umezawaea,genus,0.0006642201225486126,fraction_reads,0.0,2,0
Centrifuge,unified,Centrifuge_unified,ZymoMockD6331,ZymoMockD6331,ont,D6331_Qiagen,1813,1813,                Amycolatopsis,Amycolatopsis,genus,0.0003321100612743063,fraction_reads,0.0,1,0
Centrifuge,unified,Centrifuge_unified,ZymoMockD6331,ZymoMockD6331,ont,D6331_Qiagen,1847,1847,                Pseudonocardia,Pseudonocardia,genus,0.0003321100612743063,fraction_reads,0.0,1,0
Centrifuge,unified,Centrifuge_unified,ZymoMockD6331,ZymoMockD6331,ont,D6331_Qiagen,1873,1873,                Micromonospora,Micromonospora,genus,0.0013284402450972252,fraction_reads,0.0,4,0
Centrifuge,unified,Centrifuge_unified,ZymoMockD6331,ZymoMockD6331,ont,D6331_Qiagen,83677,83677,                Thermobifida,Thermobifida,genus,0.0003321100612743063,fraction_reads,0.0,1,0
Centrifuge,unified,Centrifuge_unified,ZymoMockD6331,ZymoMockD6331,ont,D6331_Qiagen,1860,1860,                Geodermatophilus,Geodermatophilus,genus,0.0003321100612743063,fraction_reads,0.0,1,0
Centrifuge,unified,Centrifuge_unified,ZymoMockD6331,ZymoMockD6331,ont,D6331_Qiagen,53460,53460,                Nakamurella,Nakamurella,genus,0.0003321100612743063,fraction_reads,0.0,1,0
Centrifuge,unified,Centrifuge_unified,ZymoMockD6331,ZymoMockD6331,ont,D6331_Qiagen,84111,84111,                Eggerthella,Eggerthella,genus,0.000996330183822919,fraction_reads,0.0,3,0
Centrifuge,unified,Centrifuge_unified,ZymoMockD6331,ZymoMockD6331,ont,D6331_Qiagen,447020,447020,                Adlercreutzia,Adlercreutzia,genus,0.0003321100612743063,fraction_reads,0.0,1,0
Centrifuge,unified,Centrifuge_unified,ZymoMockD6331,ZymoMockD6331,ont,D6331_Qiagen,102106,102106,                Collinsella,Collinsella,genus,0.0003321100612743063,fraction_reads,0.0,1,0
Centrifuge,unified,Centrifuge_unified,ZymoMockD6331,ZymoMockD6331,ont,D6331_Qiagen,2767353,2767353,                Lancefieldella,Lancefieldella,genus,0.0003321100612743063,fraction_reads,0.0,1,0
Centrifuge,unified,Centrifuge_unified,ZymoMockD6331,ZymoMockD6331,ont,D6331_Qiagen,42255,42255,                Rubrobacter,Rubrobacter,genus,0.0003321100612743063,fraction_reads,0.0,1,0
Centrifuge,unified,Centrifuge_unified,ZymoMockD6331,ZymoMockD6331,ont,D6331_Qiagen,2843200,2843200,                Miltoncostaea,Miltoncostaea,genus,0.0003321100612743063,fraction_reads,0.0,1,0
Centrifuge,unified,Centrifuge_unified,ZymoMockD6331,ZymoMockD6331,ont,D6331_Qiagen,1142,1142,                  Synechocystis,Synechocystis,genus,0.00631009116421182,fraction_reads,0.01,19,0
Centrifuge,unified,Centrifuge_unified,ZymoMockD6331,ZymoMockD6331,ont,D6331_Qiagen,1129,1129,                  Synechococcus,Synechococcus,genus,0.0013284402450972252,fraction_reads,0.0,4,0
Centrifuge,unified,Centrifuge_unified,ZymoMockD6331,ZymoMockD6331,ont,D6331_Qiagen,47251,47251,                    Leptolyngbya,Leptolyngbya,genus,0.0026568804901944505,fraction_reads,0.0,8,0
Centrifuge,unified,Centrifuge_unified,ZymoMockD6331,ZymoMockD6331,ont,D6331_Qiagen,146785,146785,                  Thermosynechococcus,Thermosynechococcus,genus,0.0013284402450972252,fraction_reads,0.0,4,0
Centrifuge,unified,Centrifuge_unified,ZymoMockD6331,ZymoMockD6331,ont,D6331_Qiagen,155977,155977,                  Acaryochloris,Acaryochloris,genus,0.0003321100612743063,fraction_reads,0.0,1,0
Centrifuge,unified,Centrifuge_unified,ZymoMockD6331,ZymoMockD6331,ont,D6331_Qiagen,3079908,3079908,                    Picosynechococcus,Picosynechococcus,genus,0.0006642201225486126,fraction_reads,0.0,2,0
Centrifuge,unified,Centrifuge_unified,ZymoMockD6331,ZymoMockD6331,ont,D6331_Qiagen,54304,54304,                    Planktothrix,Planktothrix,genus,0.0006642201225486126,fraction_reads,0.0,2,0
Centrifuge,unified,Centrifuge_unified,ZymoMockD6331,ZymoMockD6331,ont,D6331_Qiagen,1163,1163,                  Anabaena,Anabaena,genus,0.0003321100612743063,fraction_reads,0.0,1,0
Centrifuge,unified,Centrifuge_unified,ZymoMockD6331,ZymoMockD6331,ont,D6331_Qiagen,1177,1177,                  Nostoc,Nostoc,genus,0.0003321100612743063,fraction_reads,0.0,1,0
Centrifuge,unified,Centrifuge_unified,ZymoMockD6331,ZymoMockD6331,ont,D6331_Qiagen,159191,159191,                  Nodularia,Nodularia,genus,0.0003321100612743063,fraction_reads,0.0,1,0
Centrifuge,unified,Centrifuge_unified,ZymoMockD6331,ZymoMockD6331,ont,D6331_Qiagen,2132,2132,                Spiroplasma,Spiroplasma,genus,0.0076385314093090455,fraction_reads,0.01,23,0
Centrifuge,unified,Centrifuge_unified,ZymoMockD6331,ZymoMockD6331,ont,D6331_Qiagen,2093,2093,                Mycoplasma,Mycoplasma,genus,0.002324770428920144,fraction_reads,0.0,7,0
Centrifuge,unified,Centrifuge_unified,ZymoMockD6331,ZymoMockD6331,ont,D6331_Qiagen,2767358,2767358,              Mycoplasmopsis,Mycoplasmopsis,genus,0.0026568804901944505,fraction_reads,0.0,8,0
Centrifuge,unified,Centrifuge_unified,ZymoMockD6331,ZymoMockD6331,ont,D6331_Qiagen,2494209,2494209,                Capsulimonas,Capsulimonas,genus,0.0013284402450972252,fraction_reads,0.0,4,0
Centrifuge,unified,Centrifuge_unified,ZymoMockD6331,ZymoMockD6331,ont,D6331_Qiagen,3139173,3139173,                Candidatus Chlorohelix,Candidatus Chlorohelix,genus,0.0003321100612743063,fraction_reads,0.0,1,0
Centrifuge,unified,Centrifuge_unified,ZymoMockD6331,ZymoMockD6331,ont,D6331_Qiagen,848,848,                Fusobacterium,Fusobacterium,genus,2.066720911310008,fraction_reads,2.07,6223,166
Centrifuge,unified,Centrifuge_unified,ZymoMockD6331,ZymoMockD6331,ont,D6331_Qiagen,180162,180162,                Cetobacterium,Cetobacterium,genus,0.0003321100612743063,fraction_reads,0.0,1,0
Centrifuge,unified,Centrifuge_unified,ZymoMockD6331,ZymoMockD6331,ont,D6331_Qiagen,32067,32067,                Leptotrichia,Leptotrichia,genus,0.0003321100612743063,fraction_reads,0.0,1,0
Centrifuge,unified,Centrifuge_unified,ZymoMockD6331,ZymoMockD6331,ont,D6331_Qiagen,1298,1298,                Deinococcus,Deinococcus,genus,0.007970641470583352,fraction_reads,0.01,24,0
Centrifuge,unified,Centrifuge_unified,ZymoMockD6331,ZymoMockD6331,ont,D6331_Qiagen,270,270,                Thermus,Thermus,genus,0.005977981102937513,fraction_reads,0.01,18,0
Centrifuge,unified,Centrifuge_unified,ZymoMockD6331,ZymoMockD6331,ont,D6331_Qiagen,1184396,1184396,                Mesotoga,Mesotoga,genus,0.0026568804901944505,fraction_reads,0.0,8,0
Centrifuge,unified,Centrifuge_unified,ZymoMockD6331,ZymoMockD6331,ont,D6331_Qiagen,2422,2422,                Fervidobacterium,Fervidobacterium,genus,0.0006642201225486126,fraction_reads,0.0,2,0
Centrifuge,unified,Centrifuge_unified,ZymoMockD6331,ZymoMockD6331,ont,D6331_Qiagen,4930,4930,                        Saccharomyces,Saccharomyces,genus,0.20922933860281298,fraction_reads,0.21,630,0
Centrifuge,unified,Centrifuge_unified,ZymoMockD6331,ZymoMockD6331,ont,D6331_Qiagen,278028,278028,                        Naumovozyma,Naumovozyma,genus,0.05745504060045499,fraction_reads,0.06,173,0
Centrifuge,unified,Centrifuge_unified,ZymoMockD6331,ZymoMockD6331,ont,D6331_Qiagen,71245,71245,                        Kazachstania,Kazachstania,genus,0.04051742747546537,fraction_reads,0.04,122,0
Centrifuge,unified,Centrifuge_unified,ZymoMockD6331,ZymoMockD6331,ont,D6331_Qiagen,4948,4948,                        Torulaspora,Torulaspora,genus,0.027233025024493117,fraction_reads,0.03,82,0
Centrifuge,unified,Centrifuge_unified,ZymoMockD6331,ZymoMockD6331,ont,D6331_Qiagen,113604,113604,                        Tetrapisispora,Tetrapisispora,genus,0.021587153982829912,fraction_reads,0.02,65,0
Centrifuge,unified,Centrifuge_unified,ZymoMockD6331,ZymoMockD6331,ont,D6331_Qiagen,3163251,3163251,                        Huiozyma,Huiozyma,genus,0.013284402450972253,fraction_reads,0.01,40,0
Centrifuge,unified,Centrifuge_unified,ZymoMockD6331,ZymoMockD6331,ont,D6331_Qiagen,3163253,3163253,                        Henningerozyma,Henningerozyma,genus,0.0003321100612743063,fraction_reads,0.0,1,0
Centrifuge,unified,Centrifuge_unified,ZymoMockD6331,ZymoMockD6331,ont,D6331_Qiagen,5475,5475,                          Candida,Candida,genus,0.11955962205875026,fraction_reads,0.12,360,0
Centrifuge,unified,Centrifuge_unified,ZymoMockD6331,ZymoMockD6331,ont,D6331_Qiagen,36913,36913,                          Lodderomyces,Lodderomyces,genus,0.0003321100612743063,fraction_reads,0.0,1,0
Centrifuge,unified,Centrifuge_unified,ZymoMockD6331,ZymoMockD6331,ont,D6331_Qiagen,4958,4958,                        Debaryomyces,Debaryomyces,genus,0.000996330183822919,fraction_reads,0.0,3,0
Centrifuge,unified,Centrifuge_unified,ZymoMockD6331,ZymoMockD6331,ont,D6331_Qiagen,13366,13366,                        Brettanomyces,Brettanomyces,genus,0.0003321100612743063,fraction_reads,0.0,1,0
Centrifuge,unified,Centrifuge_unified,ZymoMockD6331,ZymoMockD6331,ont,D6331_Qiagen,410829,410829,                        Sugiyamaella,Sugiyamaella,genus,0.0003321100612743063,fraction_reads,0.0,1,0
Centrifuge,unified,Centrifuge_unified,ZymoMockD6331,ZymoMockD6331,ont,D6331_Qiagen,5506,5506,                              Fusarium,Fusarium,genus,0.02856146526959034,fraction_reads,0.03,86,0
Centrifuge,unified,Centrifuge_unified,ZymoMockD6331,ZymoMockD6331,ont,D6331_Qiagen,124426,124426,                              Ustilaginoidea,Ustilaginoidea,genus,0.014612842696069477,fraction_reads,0.01,44,0
Centrifuge,unified,Centrifuge_unified,ZymoMockD6331,ZymoMockD6331,ont,D6331_Qiagen,243023,243023,                              Pochonia,Pochonia,genus,0.0003321100612743063,fraction_reads,0.0,1,0
Centrifuge,unified,Centrifuge_unified,ZymoMockD6331,ZymoMockD6331,ont,D6331_Qiagen,5543,5543,                              Trichoderma,Trichoderma,genus,0.0013284402450972252,fraction_reads,0.0,4,0
Centrifuge,unified,Centrifuge_unified,ZymoMockD6331,ZymoMockD6331,ont,D6331_Qiagen,150366,150366,                              Akanthomyces,Akanthomyces,genus,0.0003321100612743063,fraction_reads,0.0,1,0
Centrifuge,unified,Centrifuge_unified,ZymoMockD6331,ZymoMockD6331,ont,D6331_Qiagen,5140,5140,                              Neurospora,Neurospora,genus,0.01262018232842364,fraction_reads,0.01,38,0
Centrifuge,unified,Centrifuge_unified,ZymoMockD6331,ZymoMockD6331,ont,D6331_Qiagen,1920207,1920207,                              Thermothelomyces,Thermothelomyces,genus,0.0003321100612743063,fraction_reads,0.0,1,0
Centrifuge,unified,Centrifuge_unified,ZymoMockD6331,ZymoMockD6331,ont,D6331_Qiagen,5144,5144,                              Podospora,Podospora,genus,0.0003321100612743063,fraction_reads,0.0,1,0
Centrifuge,unified,Centrifuge_unified,ZymoMockD6331,ZymoMockD6331,ont,D6331_Qiagen,48558,48558,                              Pyricularia,Pyricularia,genus,0.000996330183822919,fraction_reads,0.0,3,0
Centrifuge,unified,Centrifuge_unified,ZymoMockD6331,ZymoMockD6331,ont,D6331_Qiagen,33196,33196,                            Botrytis,Botrytis,genus,0.0006642201225486126,fraction_reads,0.0,2,0
Centrifuge,unified,Centrifuge_unified,ZymoMockD6331,ZymoMockD6331,ont,D6331_Qiagen,5052,5052,                            Aspergillus,Aspergillus,genus,0.0003321100612743063,fraction_reads,0.0,1,0
Centrifuge,unified,Centrifuge_unified,ZymoMockD6331,ZymoMockD6331,ont,D6331_Qiagen,5500,5500,                            Coccidioides,Coccidioides,genus,0.0003321100612743063,fraction_reads,0.0,1,0
Centrifuge,unified,Centrifuge_unified,ZymoMockD6331,ZymoMockD6331,ont,D6331_Qiagen,1047167,1047167,                              Zymoseptoria,Zymoseptoria,genus,0.0003321100612743063,fraction_reads,0.0,1,0
Centrifuge,unified,Centrifuge_unified,ZymoMockD6331,ZymoMockD6331,ont,D6331_Qiagen,4895,4895,                      Schizosaccharomyces,Schizosaccharomyces,genus,0.0003321100612743063,fraction_reads,0.0,1,0
Centrifuge,unified,Centrifuge_unified,ZymoMockD6331,ZymoMockD6331,ont,D6331_Qiagen,5206,5206,                      Cryptococcus,Cryptococcus,genus,0.1524385181249066,fraction_reads,0.15,459,0
Centrifuge,unified,Centrifuge_unified,ZymoMockD6331,ZymoMockD6331,ont,D6331_Qiagen,490731,490731,                      Kwoniella,Kwoniella,genus,0.0003321100612743063,fraction_reads,0.0,1,0
Centrifuge,unified,Centrifuge_unified,ZymoMockD6331,ZymoMockD6331,ont,D6331_Qiagen,1838142,1838142,                      Cutaneotrichosporon,Cutaneotrichosporon,genus,0.0003321100612743063,fraction_reads,0.0,1,0
Centrifuge,unified,Centrifuge_unified,ZymoMockD6331,ZymoMockD6331,ont,D6331_Qiagen,71950,71950,                          Psilocybe,Psilocybe,genus,0.0003321100612743063,fraction_reads,0.0,1,0
Centrifuge,unified,Centrifuge_unified,ZymoMockD6331,ZymoMockD6331,ont,D6331_Qiagen,5296,5296,                      Puccinia,Puccinia,genus,0.0029889905514687565,fraction_reads,0.0,9,1
Centrifuge,unified,Centrifuge_unified,ZymoMockD6331,ZymoMockD6331,ont,D6331_Qiagen,55193,55193,                      Malassezia,Malassezia,genus,0.0003321100612743063,fraction_reads,0.0,1,0
Centrifuge,unified,Centrifuge_unified,ZymoMockD6331,ZymoMockD6331,ont,D6331_Qiagen,1129544,1129544,                      Rhizophagus,Rhizophagus,genus,0.0006642201225486126,fraction_reads,0.0,2,0
Centrifuge,unified,Centrifuge_unified,ZymoMockD6331,ZymoMockD6331,ont,D6331_Qiagen,2172,2172,                  Methanobrevibacter,Methanobrevibacter,genus,0.02490825459557297,fraction_reads,0.02,75,0
Centrifuge,unified,Centrifuge_unified,ZymoMockD6331,ZymoMockD6331,ont,D6331_Qiagen,145260,145260,                  Methanothermobacter,Methanothermobacter,genus,0.0003321100612743063,fraction_reads,0.0,1,1
Centrifuge,unified,Centrifuge_unified,ZymoMockD6331,ZymoMockD6331,ont,D6331_Qiagen,2202,2202,                  Methanospirillum,Methanospirillum,genus,0.0003321100612743063,fraction_reads,0.0,1,0
Centrifuge,unified,Centrifuge_unified,ZymoMockD6331,ZymoMockD6331,ont,D6331_Qiagen,395331,395331,                  Methanoregula,Methanoregula,genus,0.0003321100612743063,fraction_reads,0.0,1,0
Centrifuge,unified,Centrifuge_unified,ZymoMockD6331,ZymoMockD6331,ont,D6331_Qiagen,101191,101191,                  Methanomethylovorans,Methanomethylovorans,genus,0.0003321100612743063,fraction_reads,0.0,1,0
Centrifuge,unified,Centrifuge_unified,ZymoMockD6331,ZymoMockD6331,ont,D6331_Qiagen,3125902,3125902,                  Halomontanus,Halomontanus,genus,0.0003321100612743063,fraction_reads,0.0,1,0
Centrifuge,unified,Centrifuge_unified,ZymoMockD6331,ZymoMockD6331,ont,D6331_Qiagen,2841540,2841540,                  Halosegnis,Halosegnis,genus,0.0003321100612743063,fraction_reads,0.0,1,0
Centrifuge,unified,Centrifuge_unified,ZymoMockD6331,ZymoMockD6331,ont,D6331_Qiagen,2946811,2946811,                  Aurodevirus,Aurodevirus,genus,0.0003321100612743063,fraction_reads,0.0,1,0
Centrifuge,unified,Centrifuge_unified,ZymoMockD6331,ZymoMockD6331,ont,D6331_Qiagen,1982227,1982227,            Steinhofvirus,Steinhofvirus,genus,0.0003321100612743063,fraction_reads,0.0,1,0
Centrifuge,unified,Centrifuge_unified,ZymoMockD6331,ZymoMockD6331,ont,D6331_Qiagen,2946834,2946834,                Bosavirus,Bosavirus,genus,0.0003321100612743063,fraction_reads,0.0,1,0
Centrifuge,unified,Centrifuge_unified,ZymoMockD6331,ZymoMockD6331,ont,D6331_Qiagen,140410,140410,              Peduovirus,Peduovirus,genus,0.0003321100612743063,fraction_reads,0.0,1,0
Centrifuge,unified,Centrifuge_unified,ZymoMockD6331,ZymoMockD6331,ont,D6331_Qiagen,1985325,1985325,                Jiaodavirus,Jiaodavirus,genus,0.0003321100612743063,fraction_reads,0.0,1,0
