tool,db,tool_db,data_type,project,technology,sample,taxid_raw,taxid,name_raw,name,rank,value,value_type,abundance_raw,numReads,numDirectReads,norm_abund,classified_fraction
Kraken2,default,Kraken2_default,ZymoMockD6331,ZymoMockD6331,pacbio,SRR13128013,853,853,                  Faecalibacterium prausnitzii,Faecalibacterium prausnitzii,species,19.49771061626594,abund,19.5,540249,527530,19.895244576625466,0.9800186442127693
Kraken2,default,Kraken2_default,ZymoMockD6331,ZymoMockD6331,pacbio,SRR13128013,2929495,2929495,                    Faecalibacterium sp. I4-3-84,Faecalibacterium sp. I4-3-84,species,0.004619549427915721,abund,0.0,128,128,0.004713736269401811,0.9800186442127693
Kraken2,default,Kraken2_default,ZymoMockD6331,ZymoMockD6331,pacbio,SRR13128013,2929494,2929494,                    Faecalibacterium sp. I4-1-79,Faecalibacterium sp. I4-1-79,species,0.0007578948280174229,abund,0.0,21,21,0.0007733473566987346,0.9800186442127693
Kraken2,default,Kraken2_default,ZymoMockD6331,ZymoMockD6331,pacbio,SRR13128013,2929489,2929489,                    Faecalibacterium sp. IP-3-29,Faecalibacterium sp. IP-3-29,species,0.0003609022990559157,abund,0.0,10,10,0.00036826064604701653,0.9800186442127693
Kraken2,default,Kraken2_default,ZymoMockD6331,ZymoMockD6331,pacbio,SRR13128013,2929492,2929492,                    Faecalibacterium sp. I3-3-33,Faecalibacterium sp. I3-3-33,species,0.0003248120691503241,abund,0.0,9,9,0.00033143458144231484,0.9800186442127693
Kraken2,default,Kraken2_default,ZymoMockD6331,ZymoMockD6331,pacbio,SRR13128013,3141184,3141184,                    Faecalibacterium sp. i21-0019-B1,Faecalibacterium sp. i21-0019-B1,species,0.00025263160933914095,abund,0.0,7,7,0.00025778245223291157,0.9800186442127693
Kraken2,default,Kraken2_default,ZymoMockD6331,ZymoMockD6331,pacbio,SRR13128013,2929488,2929488,                    Faecalibacterium sp. IP-1-18,Faecalibacterium sp. IP-1-18,species,7.218045981118314e-05,abund,0.0,2,2,7.36521292094033e-05,0.9800186442127693
Kraken2,default,Kraken2_default,ZymoMockD6331,ZymoMockD6331,pacbio,SRR13128013,2929490,2929490,                    Faecalibacterium sp. I2-3-92,Faecalibacterium sp. I2-3-92,species,7.218045981118314e-05,abund,0.0,2,2,7.36521292094033e-05,0.9800186442127693
Kraken2,default,Kraken2_default,ZymoMockD6331,ZymoMockD6331,pacbio,SRR13128013,3030638,3030638,                  Faecalibacterium taiwanense,Faecalibacterium taiwanense,species,0.0009022557476397892,abund,0.0,25,25,0.0009206516151175414,0.9800186442127693
Kraken2,default,Kraken2_default,ZymoMockD6331,ZymoMockD6331,pacbio,SRR13128013,411483,411483,                  Faecalibacterium duncaniae,Faecalibacterium duncaniae,species,0.0005413534485838734,abund,0.0,15,15,0.0005523909690705247,0.9800186442127693
Kraken2,default,Kraken2_default,ZymoMockD6331,ZymoMockD6331,pacbio,SRR13128013,2714353,2714353,                  Vescimonas fastidiosa,Vescimonas fastidiosa,species,0.00025263160933914095,abund,0.0,7,7,0.00025778245223291157,0.9800186442127693
Kraken2,default,Kraken2_default,ZymoMockD6331,ZymoMockD6331,pacbio,SRR13128013,2488810,2488810,                  Ruminiclostridium herbifermentans,Ruminiclostridium herbifermentans,species,0.00014436091962236627,abund,0.0,4,4,0.0001473042584188066,0.9800186442127693
Kraken2,default,Kraken2_default,ZymoMockD6331,ZymoMockD6331,pacbio,SRR13128013,292800,292800,                  Flavonifractor plautii,Flavonifractor plautii,species,3.609022990559157e-05,abund,0.0,1,1,3.682606460470165e-05,0.9800186442127693
Kraken2,default,Kraken2_default,ZymoMockD6331,ZymoMockD6331,pacbio,SRR13128013,2780922,2780922,                  Solibaculum mannosilyticum,Solibaculum mannosilyticum,species,3.609022990559157e-05,abund,0.0,1,1,3.682606460470165e-05,0.9800186442127693
Kraken2,default,Kraken2_default,ZymoMockD6331,ZymoMockD6331,pacbio,SRR13128013,3376682,3376682,                    Clostridium sp. MB05,Clostridium sp. MB05,species,0.0002165413794335494,abund,0.0,6,6,0.0002209563876282099,0.9800186442127693
Kraken2,default,Kraken2_default,ZymoMockD6331,ZymoMockD6331,pacbio,SRR13128013,3070996,3070996,                    Clostridium sp. MB40-C1,Clostridium sp. MB40-C1,species,0.0001082706897167747,abund,0.0,3,3,0.00011047819381410495,0.9800186442127693
Kraken2,default,Kraken2_default,ZymoMockD6331,ZymoMockD6331,pacbio,SRR13128013,3238594,3238594,                    Clostridium sp. HCS.1,Clostridium sp. HCS.1,species,7.218045981118314e-05,abund,0.0,2,2,7.36521292094033e-05,0.9800186442127693
Kraken2,default,Kraken2_default,ZymoMockD6331,ZymoMockD6331,pacbio,SRR13128013,2483110,2483110,                    Clostridium sp. JN-1,Clostridium sp. JN-1,species,3.609022990559157e-05,abund,0.0,1,1,3.682606460470165e-05,0.9800186442127693
Kraken2,default,Kraken2_default,ZymoMockD6331,ZymoMockD6331,pacbio,SRR13128013,1491,1491,                  Clostridium botulinum,Clostridium botulinum,species,0.0002165413794335494,abund,0.0,6,3,0.0002209563876282099,0.9800186442127693
Kraken2,default,Kraken2_default,ZymoMockD6331,ZymoMockD6331,pacbio,SRR13128013,1493,1493,                  Clostridium cellulovorans,Clostridium cellulovorans,species,0.00018045114952795784,abund,0.0,5,0,0.00018413032302350827,0.9800186442127693
Kraken2,default,Kraken2_default,ZymoMockD6331,ZymoMockD6331,pacbio,SRR13128013,1502,1502,                  Clostridium perfringens,Clostridium perfringens,species,0.00018045114952795784,abund,0.0,5,4,0.00018413032302350827,0.9800186442127693
Kraken2,default,Kraken2_default,ZymoMockD6331,ZymoMockD6331,pacbio,SRR13128013,1492,1492,                  Clostridium butyricum,Clostridium butyricum,species,0.00014436091962236627,abund,0.0,4,4,0.0001473042584188066,0.9800186442127693
Kraken2,default,Kraken2_default,ZymoMockD6331,ZymoMockD6331,pacbio,SRR13128013,360422,360422,                  Clostridium tagluense,Clostridium tagluense,species,0.0001082706897167747,abund,0.0,3,3,0.00011047819381410495,0.9800186442127693
Kraken2,default,Kraken2_default,ZymoMockD6331,ZymoMockD6331,pacbio,SRR13128013,1522,1522,                  [Clostridium] innocuum,[Clostridium] innocuum,species,0.0001082706897167747,abund,0.0,3,3,0.00011047819381410495,0.9800186442127693
Kraken2,default,Kraken2_default,ZymoMockD6331,ZymoMockD6331,pacbio,SRR13128013,1519,1519,                  Clostridium tyrobutyricum,Clostridium tyrobutyricum,species,0.0001082706897167747,abund,0.0,3,3,0.00011047819381410495,0.9800186442127693
Kraken2,default,Kraken2_default,ZymoMockD6331,ZymoMockD6331,pacbio,SRR13128013,36845,36845,                  Clostridium intestinale,Clostridium intestinale,species,7.218045981118314e-05,abund,0.0,2,2,7.36521292094033e-05,0.9800186442127693
Kraken2,default,Kraken2_default,ZymoMockD6331,ZymoMockD6331,pacbio,SRR13128013,238834,238834,                  Clostridium estertheticum,Clostridium estertheticum,species,7.218045981118314e-05,abund,0.0,2,2,7.36521292094033e-05,0.9800186442127693
Kraken2,default,Kraken2_default,ZymoMockD6331,ZymoMockD6331,pacbio,SRR13128013,169679,169679,                  Clostridium saccharobutylicum,Clostridium saccharobutylicum,species,7.218045981118314e-05,abund,0.0,2,2,7.36521292094033e-05,0.9800186442127693
Kraken2,default,Kraken2_default,ZymoMockD6331,ZymoMockD6331,pacbio,SRR13128013,394958,394958,                  Clostridium taeniosporum,Clostridium taeniosporum,species,3.609022990559157e-05,abund,0.0,1,1,3.682606460470165e-05,0.9800186442127693
Kraken2,default,Kraken2_default,ZymoMockD6331,ZymoMockD6331,pacbio,SRR13128013,94869,94869,                  Clostridium gasigenes,Clostridium gasigenes,species,3.609022990559157e-05,abund,0.0,1,1,3.682606460470165e-05,0.9800186442127693
Kraken2,default,Kraken2_default,ZymoMockD6331,ZymoMockD6331,pacbio,SRR13128013,36745,36745,                  Clostridium saccharoperbutylacetonicum,Clostridium saccharoperbutylacetonicum,species,3.609022990559157e-05,abund,0.0,1,0,3.682606460470165e-05,0.9800186442127693
Kraken2,default,Kraken2_default,ZymoMockD6331,ZymoMockD6331,pacbio,SRR13128013,1561,1561,                  Clostridium baratii,Clostridium baratii,species,3.609022990559157e-05,abund,0.0,1,0,3.682606460470165e-05,0.9800186442127693
Kraken2,default,Kraken2_default,ZymoMockD6331,ZymoMockD6331,pacbio,SRR13128013,1542,1542,                  Clostridium novyi,Clostridium novyi,species,3.609022990559157e-05,abund,0.0,1,1,3.682606460470165e-05,0.9800186442127693
Kraken2,default,Kraken2_default,ZymoMockD6331,ZymoMockD6331,pacbio,SRR13128013,1716543,1716543,                  Clostridium thermarum,Clostridium thermarum,species,3.609022990559157e-05,abund,0.0,1,1,3.682606460470165e-05,0.9800186442127693
Kraken2,default,Kraken2_default,ZymoMockD6331,ZymoMockD6331,pacbio,SRR13128013,1488,1488,                  Clostridium acetobutylicum,Clostridium acetobutylicum,species,3.609022990559157e-05,abund,0.0,1,1,3.682606460470165e-05,0.9800186442127693
Kraken2,default,Kraken2_default,ZymoMockD6331,ZymoMockD6331,pacbio,SRR13128013,1498,1498,                  Hathewaya histolytica,Hathewaya histolytica,species,0.00018045114952795784,abund,0.0,5,5,0.00018413032302350827,0.9800186442127693
Kraken2,default,Kraken2_default,ZymoMockD6331,ZymoMockD6331,pacbio,SRR13128013,2855394,2855394,                  Crassaminicella indica,Crassaminicella indica,species,0.0001082706897167747,abund,0.0,3,3,0.00011047819381410495,0.9800186442127693
Kraken2,default,Kraken2_default,ZymoMockD6331,ZymoMockD6331,pacbio,SRR13128013,3023090,3023090,                    Caloramator sp. mosi_1,Caloramator sp. mosi_1,species,3.609022990559157e-05,abund,0.0,1,1,3.682606460470165e-05,0.9800186442127693
Kraken2,default,Kraken2_default,ZymoMockD6331,ZymoMockD6331,pacbio,SRR13128013,2811778,2811778,                  Fenollaria sporofastidiosus,Fenollaria sporofastidiosus,species,0.0001082706897167747,abund,0.0,3,3,0.00011047819381410495,0.9800186442127693
Kraken2,default,Kraken2_default,ZymoMockD6331,ZymoMockD6331,pacbio,SRR13128013,3050072,3050072,                    Proteiniborus sp. MB09-C3,Proteiniborus sp. MB09-C3,species,3.609022990559157e-05,abund,0.0,1,1,3.682606460470165e-05,0.9800186442127693
Kraken2,default,Kraken2_default,ZymoMockD6331,ZymoMockD6331,pacbio,SRR13128013,2086584,2086584,                  Massilistercora timonensis,Massilistercora timonensis,species,3.609022990559157e-05,abund,0.0,1,1,3.682606460470165e-05,0.9800186442127693
Kraken2,default,Kraken2_default,ZymoMockD6331,ZymoMockD6331,pacbio,SRR13128013,3115649,3115649,                  Desulfosporosinus paludis,Desulfosporosinus paludis,species,0.00014436091962236627,abund,0.0,4,4,0.0001473042584188066,0.9800186442127693
Kraken2,default,Kraken2_default,ZymoMockD6331,ZymoMockD6331,pacbio,SRR13128013,339862,339862,                  Desulfosporosinus youngiae,Desulfosporosinus youngiae,species,3.609022990559157e-05,abund,0.0,1,0,3.682606460470165e-05,0.9800186442127693
Kraken2,default,Kraken2_default,ZymoMockD6331,ZymoMockD6331,pacbio,SRR13128013,2041044,2041044,                  Eubacterium maltosivorans,Eubacterium maltosivorans,species,3.609022990559157e-05,abund,0.0,1,1,3.682606460470165e-05,0.9800186442127693
Kraken2,default,Kraken2_default,ZymoMockD6331,ZymoMockD6331,pacbio,SRR13128013,2815577,2815577,                  Alkalibacter rhizosphaerae,Alkalibacter rhizosphaerae,species,3.609022990559157e-05,abund,0.0,1,1,3.682606460470165e-05,0.9800186442127693
Kraken2,default,Kraken2_default,ZymoMockD6331,ZymoMockD6331,pacbio,SRR13128013,1565,1565,                  Desulfotomaculum nigrificans,Desulfotomaculum nigrificans,species,0.0001082706897167747,abund,0.0,3,0,0.00011047819381410495,0.9800186442127693
Kraken2,default,Kraken2_default,ZymoMockD6331,ZymoMockD6331,pacbio,SRR13128013,2507162,2507162,                    Caproiciproducens sp. NJN-50,Caproiciproducens sp. NJN-50,species,7.218045981118314e-05,abund,0.0,2,2,7.36521292094033e-05,0.9800186442127693
Kraken2,default,Kraken2_default,ZymoMockD6331,ZymoMockD6331,pacbio,SRR13128013,1564,1564,                  Desulforamulus ruminis,Desulforamulus ruminis,species,7.218045981118314e-05,abund,0.0,2,0,7.36521292094033e-05,0.9800186442127693
Kraken2,default,Kraken2_default,ZymoMockD6331,ZymoMockD6331,pacbio,SRR13128013,301301,301301,                  Roseburia hominis,Roseburia hominis,species,5.783567613060765,abund,5.78,160253,160253,5.901487331097254,0.9800186442127693
Kraken2,default,Kraken2_default,ZymoMockD6331,ZymoMockD6331,pacbio,SRR13128013,166486,166486,                  Roseburia intestinalis,Roseburia intestinalis,species,0.0003609022990559157,abund,0.0,10,10,0.00036826064604701653,0.9800186442127693
Kraken2,default,Kraken2_default,ZymoMockD6331,ZymoMockD6331,pacbio,SRR13128013,301302,301302,                  Roseburia faecis,Roseburia faecis,species,3.609022990559157e-05,abund,0.0,1,1,3.682606460470165e-05,0.9800186442127693
Kraken2,default,Kraken2_default,ZymoMockD6331,ZymoMockD6331,pacbio,SRR13128013,39491,39491,                  Agathobacter rectalis,Agathobacter rectalis,species,0.0025984965532025927,abund,0.0,72,72,0.0026514766515385187,0.9800186442127693
Kraken2,default,Kraken2_default,ZymoMockD6331,ZymoMockD6331,pacbio,SRR13128013,1531,1531,                  Enterocloster clostridioformis,Enterocloster clostridioformis,species,0.0009383459775453808,abund,0.0,26,26,0.0009574776797222431,0.9800186442127693
Kraken2,default,Kraken2_default,ZymoMockD6331,ZymoMockD6331,pacbio,SRR13128013,460384,460384,                  Enterocloster lavalensis,Enterocloster lavalensis,species,0.0002165413794335494,abund,0.0,6,6,0.0002209563876282099,0.9800186442127693
Kraken2,default,Kraken2_default,ZymoMockD6331,ZymoMockD6331,pacbio,SRR13128013,3123317,3123317,                    Kineothrix sp. IPX-CK,Kineothrix sp. IPX-CK,species,0.0007218045981118314,abund,0.0,20,20,0.0007365212920940331,0.9800186442127693
Kraken2,default,Kraken2_default,ZymoMockD6331,ZymoMockD6331,pacbio,SRR13128013,1532,1532,                  Blautia coccoides,Blautia coccoides,species,0.00014436091962236627,abund,0.0,4,4,0.0001473042584188066,0.9800186442127693
Kraken2,default,Kraken2_default,ZymoMockD6331,ZymoMockD6331,pacbio,SRR13128013,40520,40520,                  Blautia obeum,Blautia obeum,species,0.00014436091962236627,abund,0.0,4,1,0.0001473042584188066,0.9800186442127693
Kraken2,default,Kraken2_default,ZymoMockD6331,ZymoMockD6331,pacbio,SRR13128013,33035,33035,                  Blautia producta,Blautia producta,species,7.218045981118314e-05,abund,0.0,2,2,7.36521292094033e-05,0.9800186442127693
Kraken2,default,Kraken2_default,ZymoMockD6331,ZymoMockD6331,pacbio,SRR13128013,1796616,1796616,                  Blautia pseudococcoides,Blautia pseudococcoides,species,7.218045981118314e-05,abund,0.0,2,2,7.36521292094033e-05,0.9800186442127693
Kraken2,default,Kraken2_default,ZymoMockD6331,ZymoMockD6331,pacbio,SRR13128013,418240,418240,                  Blautia wexlerae,Blautia wexlerae,species,3.609022990559157e-05,abund,0.0,1,0,3.682606460470165e-05,0.9800186442127693
Kraken2,default,Kraken2_default,ZymoMockD6331,ZymoMockD6331,pacbio,SRR13128013,1912897,1912897,                  Blautia argi,Blautia argi,species,3.609022990559157e-05,abund,0.0,1,1,3.682606460470165e-05,0.9800186442127693
Kraken2,default,Kraken2_default,ZymoMockD6331,ZymoMockD6331,pacbio,SRR13128013,33038,33038,                  Mediterraneibacter gnavus,Mediterraneibacter gnavus,species,0.0003969925289615073,abund,0.0,11,10,0.0004050867106517182,0.9800186442127693
Kraken2,default,Kraken2_default,ZymoMockD6331,ZymoMockD6331,pacbio,SRR13128013,33039,33039,                  [Ruminococcus] torques,[Ruminococcus] torques,species,3.609022990559157e-05,abund,0.0,1,1,3.682606460470165e-05,0.9800186442127693
Kraken2,default,Kraken2_default,ZymoMockD6331,ZymoMockD6331,pacbio,SRR13128013,649756,649756,                  Anaerostipes hadrus,Anaerostipes hadrus,species,0.0001082706897167747,abund,0.0,3,3,0.00011047819381410495,0.9800186442127693
Kraken2,default,Kraken2_default,ZymoMockD6331,ZymoMockD6331,pacbio,SRR13128013,3036926,3036926,                    Anaerostipes sp. PC18,Anaerostipes sp. PC18,species,0.0001082706897167747,abund,0.0,3,3,0.00011047819381410495,0.9800186442127693
Kraken2,default,Kraken2_default,ZymoMockD6331,ZymoMockD6331,pacbio,SRR13128013,45851,45851,                  Eshraghiella crossota,Eshraghiella crossota,species,0.00018045114952795784,abund,0.0,5,5,0.00018413032302350827,0.9800186442127693
Kraken2,default,Kraken2_default,ZymoMockD6331,ZymoMockD6331,pacbio,SRR13128013,2696063,2696063,                  Anaerocolumna sedimenticola,Anaerocolumna sedimenticola,species,0.0001082706897167747,abund,0.0,3,3,0.00011047819381410495,0.9800186442127693
Kraken2,default,Kraken2_default,ZymoMockD6331,ZymoMockD6331,pacbio,SRR13128013,433286,433286,                  Anaerocolumna cellulosilytica,Anaerocolumna cellulosilytica,species,7.218045981118314e-05,abund,0.0,2,2,7.36521292094033e-05,0.9800186442127693
Kraken2,default,Kraken2_default,ZymoMockD6331,ZymoMockD6331,pacbio,SRR13128013,2763667,2763667,                  Wansuia hejianensis,Wansuia hejianensis,species,7.218045981118314e-05,abund,0.0,2,2,7.36521292094033e-05,0.9800186442127693
Kraken2,default,Kraken2_default,ZymoMockD6331,ZymoMockD6331,pacbio,SRR13128013,2763670,2763670,                  Wujia chipingensis,Wujia chipingensis,species,7.218045981118314e-05,abund,0.0,2,2,7.36521292094033e-05,0.9800186442127693
Kraken2,default,Kraken2_default,ZymoMockD6331,ZymoMockD6331,pacbio,SRR13128013,2068655,2068655,                  Novisyntrophococcus fermenticellae,Novisyntrophococcus fermenticellae,species,7.218045981118314e-05,abund,0.0,2,2,7.36521292094033e-05,0.9800186442127693
Kraken2,default,Kraken2_default,ZymoMockD6331,ZymoMockD6331,pacbio,SRR13128013,39486,39486,                  Dorea formicigenerans,Dorea formicigenerans,species,3.609022990559157e-05,abund,0.0,1,1,3.682606460470165e-05,0.9800186442127693
Kraken2,default,Kraken2_default,ZymoMockD6331,ZymoMockD6331,pacbio,SRR13128013,88431,88431,                  Dorea longicatena,Dorea longicatena,species,3.609022990559157e-05,abund,0.0,1,1,3.682606460470165e-05,0.9800186442127693
Kraken2,default,Kraken2_default,ZymoMockD6331,ZymoMockD6331,pacbio,SRR13128013,831,831,                  Butyrivibrio fibrisolvens,Butyrivibrio fibrisolvens,species,3.609022990559157e-05,abund,0.0,1,1,3.682606460470165e-05,0.9800186442127693
Kraken2,default,Kraken2_default,ZymoMockD6331,ZymoMockD6331,pacbio,SRR13128013,3028070,3028070,                  Claveliimonas bilis,Claveliimonas bilis,species,3.609022990559157e-05,abund,0.0,1,1,3.682606460470165e-05,0.9800186442127693
Kraken2,default,Kraken2_default,ZymoMockD6331,ZymoMockD6331,pacbio,SRR13128013,2785025,2785025,                  Anaeromicropila herbilytica,Anaeromicropila herbilytica,species,3.609022990559157e-05,abund,0.0,1,1,3.682606460470165e-05,0.9800186442127693
Kraken2,default,Kraken2_default,ZymoMockD6331,ZymoMockD6331,pacbio,SRR13128013,2763669,2763669,                  Qiania dongpingensis,Qiania dongpingensis,species,3.609022990559157e-05,abund,0.0,1,1,3.682606460470165e-05,0.9800186442127693
Kraken2,default,Kraken2_default,ZymoMockD6331,ZymoMockD6331,pacbio,SRR13128013,29370,29370,                  Lacrimispora sphenoides,Lacrimispora sphenoides,species,3.609022990559157e-05,abund,0.0,1,0,3.682606460470165e-05,0.9800186442127693
Kraken2,default,Kraken2_default,ZymoMockD6331,ZymoMockD6331,pacbio,SRR13128013,751585,751585,                    Coprococcus sp. ART55/1,Coprococcus sp. ART55/1,species,3.609022990559157e-05,abund,0.0,1,1,3.682606460470165e-05,0.9800186442127693
Kraken2,default,Kraken2_default,ZymoMockD6331,ZymoMockD6331,pacbio,SRR13128013,1496,1496,                  Clostridioides difficile,Clostridioides difficile,species,2.6940634819925995,abund,2.69,74648,58377,2.7489920706117688,0.9800186442127693
Kraken2,default,Kraken2_default,ZymoMockD6331,ZymoMockD6331,pacbio,SRR13128013,2770780,2770780,                    Clostridioides sp. ES-S-0054-01,Clostridioides sp. ES-S-0054-01,species,3.609022990559157e-05,abund,0.0,1,1,3.682606460470165e-05,0.9800186442127693
Kraken2,default,Kraken2_default,ZymoMockD6331,ZymoMockD6331,pacbio,SRR13128013,2708053,2708053,                    Romboutsia sp. 13368,Romboutsia sp. 13368,species,3.609022990559157e-05,abund,0.0,1,1,3.682606460470165e-05,0.9800186442127693
Kraken2,default,Kraken2_default,ZymoMockD6331,ZymoMockD6331,pacbio,SRR13128013,2724150,2724150,                    Romboutsia sp. CE17,Romboutsia sp. CE17,species,3.609022990559157e-05,abund,0.0,1,1,3.682606460470165e-05,0.9800186442127693
Kraken2,default,Kraken2_default,ZymoMockD6331,ZymoMockD6331,pacbio,SRR13128013,1541,1541,                  Terrisporobacter mayombei,Terrisporobacter mayombei,species,0.0001082706897167747,abund,0.0,3,3,0.00011047819381410495,0.9800186442127693
Kraken2,default,Kraken2_default,ZymoMockD6331,ZymoMockD6331,pacbio,SRR13128013,3003601,3003601,                  Peptostreptococcus equinus,Peptostreptococcus equinus,species,3.609022990559157e-05,abund,0.0,1,1,3.682606460470165e-05,0.9800186442127693
Kraken2,default,Kraken2_default,ZymoMockD6331,ZymoMockD6331,pacbio,SRR13128013,1490,1490,                  Paraclostridium bifermentans,Paraclostridium bifermentans,species,3.609022990559157e-05,abund,0.0,1,1,3.682606460470165e-05,0.9800186442127693
Kraken2,default,Kraken2_default,ZymoMockD6331,ZymoMockD6331,pacbio,SRR13128013,1424294,1424294,                  Geosporobacter ferrireducens,Geosporobacter ferrireducens,species,3.609022990559157e-05,abund,0.0,1,1,3.682606460470165e-05,0.9800186442127693
Kraken2,default,Kraken2_default,ZymoMockD6331,ZymoMockD6331,pacbio,SRR13128013,1731,1731,                  Peptoclostridium acidaminophilum,Peptoclostridium acidaminophilum,species,3.609022990559157e-05,abund,0.0,1,0,3.682606460470165e-05,0.9800186442127693
Kraken2,default,Kraken2_default,ZymoMockD6331,ZymoMockD6331,pacbio,SRR13128013,29329,29329,                  Thermoanaerobacterium xylanolyticum,Thermoanaerobacterium xylanolyticum,species,7.218045981118314e-05,abund,0.0,2,0,7.36521292094033e-05,0.9800186442127693
Kraken2,default,Kraken2_default,ZymoMockD6331,ZymoMockD6331,pacbio,SRR13128013,583357,583357,                  Thermoanaerobacter mathranii,Thermoanaerobacter mathranii,species,3.609022990559157e-05,abund,0.0,1,0,3.682606460470165e-05,0.9800186442127693
Kraken2,default,Kraken2_default,ZymoMockD6331,ZymoMockD6331,pacbio,SRR13128013,2382161,2382161,                    Halocella sp. SP3-1,Halocella sp. SP3-1,species,3.609022990559157e-05,abund,0.0,1,1,3.682606460470165e-05,0.9800186442127693
Kraken2,default,Kraken2_default,ZymoMockD6331,ZymoMockD6331,pacbio,SRR13128013,28187,28187,                  Acetohalobium arabaticum,Acetohalobium arabaticum,species,3.609022990559157e-05,abund,0.0,1,0,3.682606460470165e-05,0.9800186442127693
Kraken2,default,Kraken2_default,ZymoMockD6331,ZymoMockD6331,pacbio,SRR13128013,423477,423477,                  Veillonella rogosae,Veillonella rogosae,species,16.784050139434605,abund,16.78,465058,465058,17.12625595293334,0.9800186442127693
Kraken2,default,Kraken2_default,ZymoMockD6331,ZymoMockD6331,pacbio,SRR13128013,2144175,2144175,                  Megasphaera stantonii,Megasphaera stantonii,species,3.609022990559157e-05,abund,0.0,1,1,3.682606460470165e-05,0.9800186442127693
Kraken2,default,Kraken2_default,ZymoMockD6331,ZymoMockD6331,pacbio,SRR13128013,158847,158847,                  Megamonas hypermegale,Megamonas hypermegale,species,7.218045981118314e-05,abund,0.0,2,2,7.36521292094033e-05,0.9800186442127693
Kraken2,default,Kraken2_default,ZymoMockD6331,ZymoMockD6331,pacbio,SRR13128013,1613,1613,                  Limosilactobacillus fermentum,Limosilactobacillus fermentum,species,1.0558557661179868,abund,1.06,29256,28635,1.0773833460751516,0.9800186442127693
Kraken2,default,Kraken2_default,ZymoMockD6331,ZymoMockD6331,pacbio,SRR13128013,1598,1598,                  Limosilactobacillus reuteri,Limosilactobacillus reuteri,species,3.609022990559157e-05,abund,0.0,1,1,3.682606460470165e-05,0.9800186442127693
Kraken2,default,Kraken2_default,ZymoMockD6331,ZymoMockD6331,pacbio,SRR13128013,1584,1584,                  Lactobacillus delbrueckii,Lactobacillus delbrueckii,species,0.0002165413794335494,abund,0.0,6,6,0.0002209563876282099,0.9800186442127693
Kraken2,default,Kraken2_default,ZymoMockD6331,ZymoMockD6331,pacbio,SRR13128013,1587,1587,                  Lactobacillus helveticus,Lactobacillus helveticus,species,0.00014436091962236627,abund,0.0,4,4,0.0001473042584188066,0.9800186442127693
Kraken2,default,Kraken2_default,ZymoMockD6331,ZymoMockD6331,pacbio,SRR13128013,1600,1600,                  Lactobacillus acetotolerans,Lactobacillus acetotolerans,species,0.0001082706897167747,abund,0.0,3,3,0.00011047819381410495,0.9800186442127693
Kraken2,default,Kraken2_default,ZymoMockD6331,ZymoMockD6331,pacbio,SRR13128013,508451,508451,                  Lactobacillus taiwanensis,Lactobacillus taiwanensis,species,3.609022990559157e-05,abund,0.0,1,1,3.682606460470165e-05,0.9800186442127693
Kraken2,default,Kraken2_default,ZymoMockD6331,ZymoMockD6331,pacbio,SRR13128013,1511761,1511761,                  Leuconostoc suionicum,Leuconostoc suionicum,species,7.218045981118314e-05,abund,0.0,2,2,7.36521292094033e-05,0.9800186442127693
Kraken2,default,Kraken2_default,ZymoMockD6331,ZymoMockD6331,pacbio,SRR13128013,1583,1583,                  Weissella confusa,Weissella confusa,species,3.609022990559157e-05,abund,0.0,1,1,3.682606460470165e-05,0.9800186442127693
Kraken2,default,Kraken2_default,ZymoMockD6331,ZymoMockD6331,pacbio,SRR13128013,942150,942150,                  Lactiplantibacillus xiangfangensis,Lactiplantibacillus xiangfangensis,species,3.609022990559157e-05,abund,0.0,1,1,3.682606460470165e-05,0.9800186442127693
Kraken2,default,Kraken2_default,ZymoMockD6331,ZymoMockD6331,pacbio,SRR13128013,1602,1602,                  Companilactobacillus alimentarius,Companilactobacillus alimentarius,species,3.609022990559157e-05,abund,0.0,1,0,3.682606460470165e-05,0.9800186442127693
Kraken2,default,Kraken2_default,ZymoMockD6331,ZymoMockD6331,pacbio,SRR13128013,1338,1338,                    Streptococcus intermedius,Streptococcus intermedius,species,0.005088722416688411,abund,0.01,141,0,0.005192475109262932,0.9800186442127693
Kraken2,default,Kraken2_default,ZymoMockD6331,ZymoMockD6331,pacbio,SRR13128013,1328,1328,                    Streptococcus anginosus,Streptococcus anginosus,species,0.0010105264373565638,abund,0.0,28,28,0.0010311298089316463,0.9800186442127693
Kraken2,default,Kraken2_default,ZymoMockD6331,ZymoMockD6331,pacbio,SRR13128013,1336,1336,                    Streptococcus equi,Streptococcus equi,species,0.00025263160933914095,abund,0.0,7,0,0.00025778245223291157,0.9800186442127693
Kraken2,default,Kraken2_default,ZymoMockD6331,ZymoMockD6331,pacbio,SRR13128013,1314,1314,                  Streptococcus pyogenes,Streptococcus pyogenes,species,0.00014436091962236627,abund,0.0,4,4,0.0001473042584188066,0.9800186442127693
Kraken2,default,Kraken2_default,ZymoMockD6331,ZymoMockD6331,pacbio,SRR13128013,3028082,3028082,                  Streptococcus suivaginalis,Streptococcus suivaginalis,species,7.218045981118314e-05,abund,0.0,2,2,7.36521292094033e-05,0.9800186442127693
Kraken2,default,Kraken2_default,ZymoMockD6331,ZymoMockD6331,pacbio,SRR13128013,1349,1349,                  Streptococcus uberis,Streptococcus uberis,species,3.609022990559157e-05,abund,0.0,1,1,3.682606460470165e-05,0.9800186442127693
Kraken2,default,Kraken2_default,ZymoMockD6331,ZymoMockD6331,pacbio,SRR13128013,1156431,1156431,                  Streptococcus ilei,Streptococcus ilei,species,3.609022990559157e-05,abund,0.0,1,1,3.682606460470165e-05,0.9800186442127693
Kraken2,default,Kraken2_default,ZymoMockD6331,ZymoMockD6331,pacbio,SRR13128013,1940789,1940789,                  Lactococcus petauri,Lactococcus petauri,species,7.218045981118314e-05,abund,0.0,2,2,7.36521292094033e-05,0.9800186442127693
Kraken2,default,Kraken2_default,ZymoMockD6331,ZymoMockD6331,pacbio,SRR13128013,1358,1358,                  Lactococcus lactis,Lactococcus lactis,species,3.609022990559157e-05,abund,0.0,1,1,3.682606460470165e-05,0.9800186442127693
Kraken2,default,Kraken2_default,ZymoMockD6331,ZymoMockD6331,pacbio,SRR13128013,1281486,1281486,                  Lactococcus formosensis,Lactococcus formosensis,species,3.609022990559157e-05,abund,0.0,1,1,3.682606460470165e-05,0.9800186442127693
Kraken2,default,Kraken2_default,ZymoMockD6331,ZymoMockD6331,pacbio,SRR13128013,1352,1352,                  Enterococcus faecium,Enterococcus faecium,species,0.003103759771880875,abund,0.0,86,86,0.0031670415560043426,0.9800186442127693
Kraken2,default,Kraken2_default,ZymoMockD6331,ZymoMockD6331,pacbio,SRR13128013,1351,1351,                  Enterococcus faecalis,Enterococcus faecalis,species,0.000830075287828606,abund,0.0,23,20,0.000846999485908138,0.9800186442127693
Kraken2,default,Kraken2_default,ZymoMockD6331,ZymoMockD6331,pacbio,SRR13128013,160453,160453,                  Enterococcus gilvus,Enterococcus gilvus,species,0.00018045114952795784,abund,0.0,5,5,0.00018413032302350827,0.9800186442127693
Kraken2,default,Kraken2_default,ZymoMockD6331,ZymoMockD6331,pacbio,SRR13128013,2230878,2230878,                  Candidatus Enterococcus mangumiae,Candidatus Enterococcus mangumiae,species,3.609022990559157e-05,abund,0.0,1,1,3.682606460470165e-05,0.9800186442127693
Kraken2,default,Kraken2_default,ZymoMockD6331,ZymoMockD6331,pacbio,SRR13128013,1834167,1834167,                  Candidatus Enterococcus lemimoniae,Candidatus Enterococcus lemimoniae,species,3.609022990559157e-05,abund,0.0,1,1,3.682606460470165e-05,0.9800186442127693
Kraken2,default,Kraken2_default,ZymoMockD6331,ZymoMockD6331,pacbio,SRR13128013,81947,81947,                  Vagococcus lutrae,Vagococcus lutrae,species,7.218045981118314e-05,abund,0.0,2,2,7.36521292094033e-05,0.9800186442127693
Kraken2,default,Kraken2_default,ZymoMockD6331,ZymoMockD6331,pacbio,SRR13128013,2738,2738,                  Vagococcus fluvialis,Vagococcus fluvialis,species,3.609022990559157e-05,abund,0.0,1,1,3.682606460470165e-05,0.9800186442127693
Kraken2,default,Kraken2_default,ZymoMockD6331,ZymoMockD6331,pacbio,SRR13128013,51669,51669,                  Tetragenococcus halophilus,Tetragenococcus halophilus,species,3.609022990559157e-05,abund,0.0,1,1,3.682606460470165e-05,0.9800186442127693
Kraken2,default,Kraken2_default,ZymoMockD6331,ZymoMockD6331,pacbio,SRR13128013,208596,208596,                    Carnobacterium sp. 17-4,Carnobacterium sp. 17-4,species,0.00014436091962236627,abund,0.0,4,4,0.0001473042584188066,0.9800186442127693
Kraken2,default,Kraken2_default,ZymoMockD6331,ZymoMockD6331,pacbio,SRR13128013,2751,2751,                  Carnobacterium maltaromaticum,Carnobacterium maltaromaticum,species,0.0001082706897167747,abund,0.0,3,3,0.00011047819381410495,0.9800186442127693
Kraken2,default,Kraken2_default,ZymoMockD6331,ZymoMockD6331,pacbio,SRR13128013,2748,2748,                  Carnobacterium divergens,Carnobacterium divergens,species,3.609022990559157e-05,abund,0.0,1,1,3.682606460470165e-05,0.9800186442127693
Kraken2,default,Kraken2_default,ZymoMockD6331,ZymoMockD6331,pacbio,SRR13128013,147709,147709,                  Carnobacterium inhibens,Carnobacterium inhibens,species,3.609022990559157e-05,abund,0.0,1,0,3.682606460470165e-05,0.9800186442127693
Kraken2,default,Kraken2_default,ZymoMockD6331,ZymoMockD6331,pacbio,SRR13128013,2496265,2496265,                  Jeotgalibaca ciconiae,Jeotgalibaca ciconiae,species,3.609022990559157e-05,abund,0.0,1,1,3.682606460470165e-05,0.9800186442127693
Kraken2,default,Kraken2_default,ZymoMockD6331,ZymoMockD6331,pacbio,SRR13128013,2908211,2908211,                    Jeotgalibaca sp. MA1X17-3,Jeotgalibaca sp. MA1X17-3,species,3.609022990559157e-05,abund,0.0,1,1,3.682606460470165e-05,0.9800186442127693
Kraken2,default,Kraken2_default,ZymoMockD6331,ZymoMockD6331,pacbio,SRR13128013,2976812,2976812,                    Aerococcus sp. Group 1,Aerococcus sp. Group 1,species,3.609022990559157e-05,abund,0.0,1,1,3.682606460470165e-05,0.9800186442127693
Kraken2,default,Kraken2_default,ZymoMockD6331,ZymoMockD6331,pacbio,SRR13128013,1405,1405,                    Bacillus mycoides,Bacillus mycoides,species,0.0012270678167901133,abund,0.0,34,34,0.0012520861965598562,0.9800186442127693
Kraken2,default,Kraken2_default,ZymoMockD6331,ZymoMockD6331,pacbio,SRR13128013,1890302,1890302,                    Bacillus wiedmannii,Bacillus wiedmannii,species,0.0001082706897167747,abund,0.0,3,3,0.00011047819381410495,0.9800186442127693
Kraken2,default,Kraken2_default,ZymoMockD6331,ZymoMockD6331,pacbio,SRR13128013,155322,155322,                    Bacillus toyonensis,Bacillus toyonensis,species,0.0001082706897167747,abund,0.0,3,3,0.00011047819381410495,0.9800186442127693
Kraken2,default,Kraken2_default,ZymoMockD6331,ZymoMockD6331,pacbio,SRR13128013,1396,1396,                    Bacillus cereus,Bacillus cereus,species,7.218045981118314e-05,abund,0.0,2,1,7.36521292094033e-05,0.9800186442127693
Kraken2,default,Kraken2_default,ZymoMockD6331,ZymoMockD6331,pacbio,SRR13128013,1428,1428,                    Bacillus thuringiensis,Bacillus thuringiensis,species,3.609022990559157e-05,abund,0.0,1,1,3.682606460470165e-05,0.9800186442127693
Kraken2,default,Kraken2_default,ZymoMockD6331,ZymoMockD6331,pacbio,SRR13128013,2026186,2026186,                    Bacillus paranthracis,Bacillus paranthracis,species,3.609022990559157e-05,abund,0.0,1,1,3.682606460470165e-05,0.9800186442127693
Kraken2,default,Kraken2_default,ZymoMockD6331,ZymoMockD6331,pacbio,SRR13128013,1408,1408,                  Bacillus pumilus,Bacillus pumilus,species,0.0012992482766012964,abund,0.0,36,36,0.0013257383257692594,0.9800186442127693
Kraken2,default,Kraken2_default,ZymoMockD6331,ZymoMockD6331,pacbio,SRR13128013,1423,1423,                    Bacillus subtilis,Bacillus subtilis,species,0.0007939850579230146,abund,0.0,22,22,0.0008101734213034364,0.9800186442127693
Kraken2,default,Kraken2_default,ZymoMockD6331,ZymoMockD6331,pacbio,SRR13128013,96241,96241,                    Bacillus spizizenii,Bacillus spizizenii,species,3.609022990559157e-05,abund,0.0,1,1,3.682606460470165e-05,0.9800186442127693
Kraken2,default,Kraken2_default,ZymoMockD6331,ZymoMockD6331,pacbio,SRR13128013,1581038,1581038,                    Bacillus sp. FJAT-22090,Bacillus sp. FJAT-22090,species,7.218045981118314e-05,abund,0.0,2,2,7.36521292094033e-05,0.9800186442127693
Kraken2,default,Kraken2_default,ZymoMockD6331,ZymoMockD6331,pacbio,SRR13128013,2587848,2587848,                    Bacillus sp. THAF10,Bacillus sp. THAF10,species,3.609022990559157e-05,abund,0.0,1,1,3.682606460470165e-05,0.9800186442127693
Kraken2,default,Kraken2_default,ZymoMockD6331,ZymoMockD6331,pacbio,SRR13128013,3052091,3052091,                    Bacillus sp. DX3.1,Bacillus sp. DX3.1,species,3.609022990559157e-05,abund,0.0,1,1,3.682606460470165e-05,0.9800186442127693
Kraken2,default,Kraken2_default,ZymoMockD6331,ZymoMockD6331,pacbio,SRR13128013,467262,467262,                    Bacillus sp. T3,Bacillus sp. T3,species,3.609022990559157e-05,abund,0.0,1,1,3.682606460470165e-05,0.9800186442127693
Kraken2,default,Kraken2_default,ZymoMockD6331,ZymoMockD6331,pacbio,SRR13128013,1441095,1441095,                  Bacillus gobiensis,Bacillus gobiensis,species,0.0001082706897167747,abund,0.0,3,3,0.00011047819381410495,0.9800186442127693
Kraken2,default,Kraken2_default,ZymoMockD6331,ZymoMockD6331,pacbio,SRR13128013,2819290,2819290,                  Bacillus arachidis,Bacillus arachidis,species,7.218045981118314e-05,abund,0.0,2,2,7.36521292094033e-05,0.9800186442127693
Kraken2,default,Kraken2_default,ZymoMockD6331,ZymoMockD6331,pacbio,SRR13128013,1471,1471,                  Bacillus methanolicus,Bacillus methanolicus,species,7.218045981118314e-05,abund,0.0,2,2,7.36521292094033e-05,0.9800186442127693
Kraken2,default,Kraken2_default,ZymoMockD6331,ZymoMockD6331,pacbio,SRR13128013,2942278,2942278,                    Virgibacillus sp. CBA3643,Virgibacillus sp. CBA3643,species,0.00014436091962236627,abund,0.0,4,4,0.0001473042584188066,0.9800186442127693
Kraken2,default,Kraken2_default,ZymoMockD6331,ZymoMockD6331,pacbio,SRR13128013,2831673,2831673,                    Virgibacillus sp. NKC19-16,Virgibacillus sp. NKC19-16,species,0.0001082706897167747,abund,0.0,3,3,0.00011047819381410495,0.9800186442127693
Kraken2,default,Kraken2_default,ZymoMockD6331,ZymoMockD6331,pacbio,SRR13128013,2419841,2419841,                    Virgibacillus sp. Bac330,Virgibacillus sp. Bac330,species,3.609022990559157e-05,abund,0.0,1,1,3.682606460470165e-05,0.9800186442127693
Kraken2,default,Kraken2_default,ZymoMockD6331,ZymoMockD6331,pacbio,SRR13128013,302167,302167,                  Virgibacillus dokdonensis,Virgibacillus dokdonensis,species,3.609022990559157e-05,abund,0.0,1,1,3.682606460470165e-05,0.9800186442127693
Kraken2,default,Kraken2_default,ZymoMockD6331,ZymoMockD6331,pacbio,SRR13128013,746691,746691,                  Oceanobacillus kimchii,Oceanobacillus kimchii,species,0.00028872183924473255,abund,0.0,8,6,0.0002946085168376132,0.9800186442127693
Kraken2,default,Kraken2_default,ZymoMockD6331,ZymoMockD6331,pacbio,SRR13128013,182710,182710,                  Oceanobacillus iheyensis,Oceanobacillus iheyensis,species,0.0001082706897167747,abund,0.0,3,0,0.00011047819381410495,0.9800186442127693
Kraken2,default,Kraken2_default,ZymoMockD6331,ZymoMockD6331,pacbio,SRR13128013,2954748,2954748,                    Oceanobacillus sp. FSL K6-2867,Oceanobacillus sp. FSL K6-2867,species,0.0001082706897167747,abund,0.0,3,3,0.00011047819381410495,0.9800186442127693
Kraken2,default,Kraken2_default,ZymoMockD6331,ZymoMockD6331,pacbio,SRR13128013,2052660,2052660,                  Oceanobacillus zhaokaii,Oceanobacillus zhaokaii,species,7.218045981118314e-05,abund,0.0,2,2,7.36521292094033e-05,0.9800186442127693
Kraken2,default,Kraken2_default,ZymoMockD6331,ZymoMockD6331,pacbio,SRR13128013,228899,228899,                  Peribacillus asahii,Peribacillus asahii,species,0.00018045114952795784,abund,0.0,5,5,0.00018413032302350827,0.9800186442127693
Kraken2,default,Kraken2_default,ZymoMockD6331,ZymoMockD6331,pacbio,SRR13128013,2921364,2921364,                    Peribacillus sp. FSL E2-0218,Peribacillus sp. FSL E2-0218,species,0.0001082706897167747,abund,0.0,3,3,0.00011047819381410495,0.9800186442127693
Kraken2,default,Kraken2_default,ZymoMockD6331,ZymoMockD6331,pacbio,SRR13128013,1407,1407,                  Peribacillus psychrosaccharolyticus,Peribacillus psychrosaccharolyticus,species,3.609022990559157e-05,abund,0.0,1,1,3.682606460470165e-05,0.9800186442127693
Kraken2,default,Kraken2_default,ZymoMockD6331,ZymoMockD6331,pacbio,SRR13128013,1478,1478,                  Peribacillus simplex,Peribacillus simplex,species,3.609022990559157e-05,abund,0.0,1,1,3.682606460470165e-05,0.9800186442127693
Kraken2,default,Kraken2_default,ZymoMockD6331,ZymoMockD6331,pacbio,SRR13128013,3047871,3047871,                    Neobacillus sp. DY30,Neobacillus sp. DY30,species,0.00018045114952795784,abund,0.0,5,5,0.00018413032302350827,0.9800186442127693
Kraken2,default,Kraken2_default,ZymoMockD6331,ZymoMockD6331,pacbio,SRR13128013,2954672,2954672,                    Neobacillus sp. FSL H8-0543,Neobacillus sp. FSL H8-0543,species,3.609022990559157e-05,abund,0.0,1,1,3.682606460470165e-05,0.9800186442127693
Kraken2,default,Kraken2_default,ZymoMockD6331,ZymoMockD6331,pacbio,SRR13128013,3115292,3115292,                    Neobacillus sp. SCS-31,Neobacillus sp. SCS-31,species,3.609022990559157e-05,abund,0.0,1,1,3.682606460470165e-05,0.9800186442127693
Kraken2,default,Kraken2_default,ZymoMockD6331,ZymoMockD6331,pacbio,SRR13128013,86664,86664,                  Priestia flexa,Priestia flexa,species,0.0001082706897167747,abund,0.0,3,3,0.00011047819381410495,0.9800186442127693
Kraken2,default,Kraken2_default,ZymoMockD6331,ZymoMockD6331,pacbio,SRR13128013,1404,1404,                  Priestia megaterium,Priestia megaterium,species,7.218045981118314e-05,abund,0.0,2,2,7.36521292094033e-05,0.9800186442127693
Kraken2,default,Kraken2_default,ZymoMockD6331,ZymoMockD6331,pacbio,SRR13128013,759811,759811,                  Lysinibacillus pakistanensis,Lysinibacillus pakistanensis,species,0.0001082706897167747,abund,0.0,3,3,0.00011047819381410495,0.9800186442127693
Kraken2,default,Kraken2_default,ZymoMockD6331,ZymoMockD6331,pacbio,SRR13128013,28031,28031,                  Lysinibacillus fusiformis,Lysinibacillus fusiformis,species,3.609022990559157e-05,abund,0.0,1,1,3.682606460470165e-05,0.9800186442127693
Kraken2,default,Kraken2_default,ZymoMockD6331,ZymoMockD6331,pacbio,SRR13128013,2070463,2070463,                    Lysinibacillus sp. SGAir0095,Lysinibacillus sp. SGAir0095,species,3.609022990559157e-05,abund,0.0,1,1,3.682606460470165e-05,0.9800186442127693
Kraken2,default,Kraken2_default,ZymoMockD6331,ZymoMockD6331,pacbio,SRR13128013,554880,554880,                  Halobacillus naozhouensis,Halobacillus naozhouensis,species,0.00014436091962236627,abund,0.0,4,4,0.0001473042584188066,0.9800186442127693
Kraken2,default,Kraken2_default,ZymoMockD6331,ZymoMockD6331,pacbio,SRR13128013,45668,45668,                  Halobacillus litoralis,Halobacillus litoralis,species,7.218045981118314e-05,abund,0.0,2,2,7.36521292094033e-05,0.9800186442127693
Kraken2,default,Kraken2_default,ZymoMockD6331,ZymoMockD6331,pacbio,SRR13128013,1397,1397,                  Niallia circulans,Niallia circulans,species,0.00014436091962236627,abund,0.0,4,4,0.0001473042584188066,0.9800186442127693
Kraken2,default,Kraken2_default,ZymoMockD6331,ZymoMockD6331,pacbio,SRR13128013,2912824,2912824,                    Niallia sp. Man26,Niallia sp. Man26,species,3.609022990559157e-05,abund,0.0,1,1,3.682606460470165e-05,0.9800186442127693
Kraken2,default,Kraken2_default,ZymoMockD6331,ZymoMockD6331,pacbio,SRR13128013,2932256,2932256,                  Gracilibacillus caseinilyticus,Gracilibacillus caseinilyticus,species,0.00014436091962236627,abund,0.0,4,4,0.0001473042584188066,0.9800186442127693
Kraken2,default,Kraken2_default,ZymoMockD6331,ZymoMockD6331,pacbio,SRR13128013,1535204,1535204,                  Metabacillus endolithicus,Metabacillus endolithicus,species,7.218045981118314e-05,abund,0.0,2,2,7.36521292094033e-05,0.9800186442127693
Kraken2,default,Kraken2_default,ZymoMockD6331,ZymoMockD6331,pacbio,SRR13128013,2567941,2567941,                  Metabacillus sediminilitoris,Metabacillus sediminilitoris,species,3.609022990559157e-05,abund,0.0,1,1,3.682606460470165e-05,0.9800186442127693
Kraken2,default,Kraken2_default,ZymoMockD6331,ZymoMockD6331,pacbio,SRR13128013,2829187,2829187,                    Psychrobacillus sp. INOP01,Psychrobacillus sp. INOP01,species,0.0001082706897167747,abund,0.0,3,3,0.00011047819381410495,0.9800186442127693
Kraken2,default,Kraken2_default,ZymoMockD6331,ZymoMockD6331,pacbio,SRR13128013,3382641,3382641,                    Pseudalkalibacillus sp. A8,Pseudalkalibacillus sp. A8,species,0.0001082706897167747,abund,0.0,3,3,0.00011047819381410495,0.9800186442127693
Kraken2,default,Kraken2_default,ZymoMockD6331,ZymoMockD6331,pacbio,SRR13128013,79883,79883,                  Sutcliffiella horikoshii,Sutcliffiella horikoshii,species,3.609022990559157e-05,abund,0.0,1,1,3.682606460470165e-05,0.9800186442127693
Kraken2,default,Kraken2_default,ZymoMockD6331,ZymoMockD6331,pacbio,SRR13128013,2991053,2991053,                    Fictibacillus sp. KU28468,Fictibacillus sp. KU28468,species,3.609022990559157e-05,abund,0.0,1,1,3.682606460470165e-05,0.9800186442127693
Kraken2,default,Kraken2_default,ZymoMockD6331,ZymoMockD6331,pacbio,SRR13128013,33936,33936,                  Aeribacillus pallidus,Aeribacillus pallidus,species,3.609022990559157e-05,abund,0.0,1,1,3.682606460470165e-05,0.9800186442127693
Kraken2,default,Kraken2_default,ZymoMockD6331,ZymoMockD6331,pacbio,SRR13128013,2980026,2980026,                  Fervidibacillus albus,Fervidibacillus albus,species,3.609022990559157e-05,abund,0.0,1,1,3.682606460470165e-05,0.9800186442127693
Kraken2,default,Kraken2_default,ZymoMockD6331,ZymoMockD6331,pacbio,SRR13128013,79885,79885,                  Alkalihalophilus pseudofirmus,Alkalihalophilus pseudofirmus,species,3.609022990559157e-05,abund,0.0,1,0,3.682606460470165e-05,0.9800186442127693
Kraken2,default,Kraken2_default,ZymoMockD6331,ZymoMockD6331,pacbio,SRR13128013,2518176,2518176,                    Lentibacillus sp. CBA3610,Lentibacillus sp. CBA3610,species,3.609022990559157e-05,abund,0.0,1,1,3.682606460470165e-05,0.9800186442127693
Kraken2,default,Kraken2_default,ZymoMockD6331,ZymoMockD6331,pacbio,SRR13128013,2777185,2777185,                    Pontibacillus sp. ALD_SL1,Pontibacillus sp. ALD_SL1,species,3.609022990559157e-05,abund,0.0,1,1,3.682606460470165e-05,0.9800186442127693
Kraken2,default,Kraken2_default,ZymoMockD6331,ZymoMockD6331,pacbio,SRR13128013,1280,1280,                  Staphylococcus aureus,Staphylococcus aureus,species,0.00014436091962236627,abund,0.0,4,4,0.0001473042584188066,0.9800186442127693
Kraken2,default,Kraken2_default,ZymoMockD6331,ZymoMockD6331,pacbio,SRR13128013,1282,1282,                  Staphylococcus epidermidis,Staphylococcus epidermidis,species,0.0001082706897167747,abund,0.0,3,3,0.00011047819381410495,0.9800186442127693
Kraken2,default,Kraken2_default,ZymoMockD6331,ZymoMockD6331,pacbio,SRR13128013,33028,33028,                  Staphylococcus saccharolyticus,Staphylococcus saccharolyticus,species,7.218045981118314e-05,abund,0.0,2,2,7.36521292094033e-05,0.9800186442127693
Kraken2,default,Kraken2_default,ZymoMockD6331,ZymoMockD6331,pacbio,SRR13128013,29384,29384,                  Staphylococcus kloosii,Staphylococcus kloosii,species,7.218045981118314e-05,abund,0.0,2,2,7.36521292094033e-05,0.9800186442127693
Kraken2,default,Kraken2_default,ZymoMockD6331,ZymoMockD6331,pacbio,SRR13128013,53344,53344,                    Staphylococcus delphini,Staphylococcus delphini,species,7.218045981118314e-05,abund,0.0,2,2,7.36521292094033e-05,0.9800186442127693
Kraken2,default,Kraken2_default,ZymoMockD6331,ZymoMockD6331,pacbio,SRR13128013,2044912,2044912,                  Staphylococcus debuckii,Staphylococcus debuckii,species,7.218045981118314e-05,abund,0.0,2,2,7.36521292094033e-05,0.9800186442127693
Kraken2,default,Kraken2_default,ZymoMockD6331,ZymoMockD6331,pacbio,SRR13128013,1281,1281,                  Staphylococcus carnosus,Staphylococcus carnosus,species,3.609022990559157e-05,abund,0.0,1,1,3.682606460470165e-05,0.9800186442127693
Kraken2,default,Kraken2_default,ZymoMockD6331,ZymoMockD6331,pacbio,SRR13128013,46127,46127,                  Staphylococcus felis,Staphylococcus felis,species,3.609022990559157e-05,abund,0.0,1,1,3.682606460470165e-05,0.9800186442127693
Kraken2,default,Kraken2_default,ZymoMockD6331,ZymoMockD6331,pacbio,SRR13128013,28035,28035,                  Staphylococcus lugdunensis,Staphylococcus lugdunensis,species,3.609022990559157e-05,abund,0.0,1,1,3.682606460470165e-05,0.9800186442127693
Kraken2,default,Kraken2_default,ZymoMockD6331,ZymoMockD6331,pacbio,SRR13128013,2781774,2781774,                  Staphylococcus lloydii,Staphylococcus lloydii,species,3.609022990559157e-05,abund,0.0,1,1,3.682606460470165e-05,0.9800186442127693
Kraken2,default,Kraken2_default,ZymoMockD6331,ZymoMockD6331,pacbio,SRR13128013,1283,1283,                  Staphylococcus haemolyticus,Staphylococcus haemolyticus,species,3.609022990559157e-05,abund,0.0,1,1,3.682606460470165e-05,0.9800186442127693
Kraken2,default,Kraken2_default,ZymoMockD6331,ZymoMockD6331,pacbio,SRR13128013,42858,42858,                  Mammaliicoccus lentus,Mammaliicoccus lentus,species,0.0003969925289615073,abund,0.0,11,11,0.0004050867106517182,0.9800186442127693
Kraken2,default,Kraken2_default,ZymoMockD6331,ZymoMockD6331,pacbio,SRR13128013,69968,69968,                  Macrococcus bovicus,Macrococcus bovicus,species,3.609022990559157e-05,abund,0.0,1,1,3.682606460470165e-05,0.9800186442127693
Kraken2,default,Kraken2_default,ZymoMockD6331,ZymoMockD6331,pacbio,SRR13128013,2875764,2875764,                  Macrococcus armenti,Macrococcus armenti,species,3.609022990559157e-05,abund,0.0,1,1,3.682606460470165e-05,0.9800186442127693
Kraken2,default,Kraken2_default,ZymoMockD6331,ZymoMockD6331,pacbio,SRR13128013,1903056,1903056,                  Macrococcoides bohemicum,Macrococcoides bohemicum,species,7.218045981118314e-05,abund,0.0,2,2,7.36521292094033e-05,0.9800186442127693
Kraken2,default,Kraken2_default,ZymoMockD6331,ZymoMockD6331,pacbio,SRR13128013,946435,946435,                    Jeotgalicoccus sp. ATCC 8456,Jeotgalicoccus sp. ATCC 8456,species,3.609022990559157e-05,abund,0.0,1,1,3.682606460470165e-05,0.9800186442127693
Kraken2,default,Kraken2_default,ZymoMockD6331,ZymoMockD6331,pacbio,SRR13128013,2823905,2823905,                    Paenibacillus sp. S25,Paenibacillus sp. S25,species,3.609022990559157e-05,abund,0.0,1,1,3.682606460470165e-05,0.9800186442127693
Kraken2,default,Kraken2_default,ZymoMockD6331,ZymoMockD6331,pacbio,SRR13128013,2954686,2954686,                    Paenibacillus sp. FSL L8-0436,Paenibacillus sp. FSL L8-0436,species,3.609022990559157e-05,abund,0.0,1,1,3.682606460470165e-05,0.9800186442127693
Kraken2,default,Kraken2_default,ZymoMockD6331,ZymoMockD6331,pacbio,SRR13128013,2777983,2777983,                    Paenibacillus sp. JNUCC-31,Paenibacillus sp. JNUCC-31,species,3.609022990559157e-05,abund,0.0,1,1,3.682606460470165e-05,0.9800186442127693
Kraken2,default,Kraken2_default,ZymoMockD6331,ZymoMockD6331,pacbio,SRR13128013,2895946,2895946,                    Paenibacillus sp. MMS20-IR301,Paenibacillus sp. MMS20-IR301,species,3.609022990559157e-05,abund,0.0,1,1,3.682606460470165e-05,0.9800186442127693
Kraken2,default,Kraken2_default,ZymoMockD6331,ZymoMockD6331,pacbio,SRR13128013,1406,1406,                  Paenibacillus polymyxa,Paenibacillus polymyxa,species,0.0001082706897167747,abund,0.0,3,0,0.00011047819381410495,0.9800186442127693
Kraken2,default,Kraken2_default,ZymoMockD6331,ZymoMockD6331,pacbio,SRR13128013,130049,130049,                  Paenibacillus dendritiformis,Paenibacillus dendritiformis,species,7.218045981118314e-05,abund,0.0,2,2,7.36521292094033e-05,0.9800186442127693
Kraken2,default,Kraken2_default,ZymoMockD6331,ZymoMockD6331,pacbio,SRR13128013,1472,1472,                  Paenibacillus pabuli,Paenibacillus pabuli,species,3.609022990559157e-05,abund,0.0,1,1,3.682606460470165e-05,0.9800186442127693
Kraken2,default,Kraken2_default,ZymoMockD6331,ZymoMockD6331,pacbio,SRR13128013,2912268,2912268,                  Paenibacillus melissococcoides,Paenibacillus melissococcoides,species,3.609022990559157e-05,abund,0.0,1,1,3.682606460470165e-05,0.9800186442127693
Kraken2,default,Kraken2_default,ZymoMockD6331,ZymoMockD6331,pacbio,SRR13128013,116718,116718,                  Paenibacillus azoreducens,Paenibacillus azoreducens,species,3.609022990559157e-05,abund,0.0,1,1,3.682606460470165e-05,0.9800186442127693
Kraken2,default,Kraken2_default,ZymoMockD6331,ZymoMockD6331,pacbio,SRR13128013,1401,1401,                  Paenibacillus lautus,Paenibacillus lautus,species,3.609022990559157e-05,abund,0.0,1,1,3.682606460470165e-05,0.9800186442127693
Kraken2,default,Kraken2_default,ZymoMockD6331,ZymoMockD6331,pacbio,SRR13128013,54910,54910,                  Brevibacillus centrosporus,Brevibacillus centrosporus,species,0.0001082706897167747,abund,0.0,3,3,0.00011047819381410495,0.9800186442127693
Kraken2,default,Kraken2_default,ZymoMockD6331,ZymoMockD6331,pacbio,SRR13128013,1465,1465,                  Brevibacillus laterosporus,Brevibacillus laterosporus,species,3.609022990559157e-05,abund,0.0,1,1,3.682606460470165e-05,0.9800186442127693
Kraken2,default,Kraken2_default,ZymoMockD6331,ZymoMockD6331,pacbio,SRR13128013,3022697,3022697,                      Aneurinibacillus sp. Ricciae_BoGa-3,Aneurinibacillus sp. Ricciae_BoGa-3,species,3.609022990559157e-05,abund,0.0,1,1,3.682606460470165e-05,0.9800186442127693
Kraken2,default,Kraken2_default,ZymoMockD6331,ZymoMockD6331,pacbio,SRR13128013,1202712,1202712,                  Ureibacillus chungkukjangi,Ureibacillus chungkukjangi,species,0.0001082706897167747,abund,0.0,3,3,0.00011047819381410495,0.9800186442127693
Kraken2,default,Kraken2_default,ZymoMockD6331,ZymoMockD6331,pacbio,SRR13128013,2954684,2954684,                    Ureibacillus sp. FSL K6-8385,Ureibacillus sp. FSL K6-8385,species,7.218045981118314e-05,abund,0.0,2,2,7.36521292094033e-05,0.9800186442127693
Kraken2,default,Kraken2_default,ZymoMockD6331,ZymoMockD6331,pacbio,SRR13128013,298596,298596,                  Sporosarcina ureilytica,Sporosarcina ureilytica,species,7.218045981118314e-05,abund,0.0,2,2,7.36521292094033e-05,0.9800186442127693
Kraken2,default,Kraken2_default,ZymoMockD6331,ZymoMockD6331,pacbio,SRR13128013,1508404,1508404,                  Jeotgalibacillus malaysiensis,Jeotgalibacillus malaysiensis,species,3.609022990559157e-05,abund,0.0,1,1,3.682606460470165e-05,0.9800186442127693
Kraken2,default,Kraken2_default,ZymoMockD6331,ZymoMockD6331,pacbio,SRR13128013,2901836,2901836,                  Fodinisporobacter ferrooxydans,Fodinisporobacter ferrooxydans,species,0.0001082706897167747,abund,0.0,3,3,0.00011047819381410495,0.9800186442127693
Kraken2,default,Kraken2_default,ZymoMockD6331,ZymoMockD6331,pacbio,SRR13128013,392011,392011,                  Alicyclobacillus fastidiosus,Alicyclobacillus fastidiosus,species,7.218045981118314e-05,abund,0.0,2,2,7.36521292094033e-05,0.9800186442127693
Kraken2,default,Kraken2_default,ZymoMockD6331,ZymoMockD6331,pacbio,SRR13128013,3160863,3160863,                    Sporolactobacillus sp. Y61,Sporolactobacillus sp. Y61,species,0.00018045114952795784,abund,0.0,5,5,0.00018413032302350827,0.9800186442127693
Kraken2,default,Kraken2_default,ZymoMockD6331,ZymoMockD6331,pacbio,SRR13128013,1426,1426,                  Parageobacillus thermoglucosidasius,Parageobacillus thermoglucosidasius,species,3.609022990559157e-05,abund,0.0,1,1,3.682606460470165e-05,0.9800186442127693
Kraken2,default,Kraken2_default,ZymoMockD6331,ZymoMockD6331,pacbio,SRR13128013,247480,247480,                  Thermaerobacillus caldiproteolyticus,Thermaerobacillus caldiproteolyticus,species,3.609022990559157e-05,abund,0.0,1,1,3.682606460470165e-05,0.9800186442127693
Kraken2,default,Kraken2_default,ZymoMockD6331,ZymoMockD6331,pacbio,SRR13128013,2756,2756,                  Brochothrix thermosphacta,Brochothrix thermosphacta,species,7.218045981118314e-05,abund,0.0,2,2,7.36521292094033e-05,0.9800186442127693
Kraken2,default,Kraken2_default,ZymoMockD6331,ZymoMockD6331,pacbio,SRR13128013,1638,1638,                  Listeria ivanovii,Listeria ivanovii,species,3.609022990559157e-05,abund,0.0,1,0,3.682606460470165e-05,0.9800186442127693
Kraken2,default,Kraken2_default,ZymoMockD6331,ZymoMockD6331,pacbio,SRR13128013,1785995,1785995,                    Gemella sp. oral taxon 928,Gemella sp. oral taxon 928,species,7.218045981118314e-05,abund,0.0,2,2,7.36521292094033e-05,0.9800186442127693
Kraken2,default,Kraken2_default,ZymoMockD6331,ZymoMockD6331,pacbio,SRR13128013,1125966,1125966,                  Polycladomyces abyssicola,Polycladomyces abyssicola,species,3.609022990559157e-05,abund,0.0,1,1,3.682606460470165e-05,0.9800186442127693
Kraken2,default,Kraken2_default,ZymoMockD6331,ZymoMockD6331,pacbio,SRR13128013,2735868,2735868,                      Exiguobacterium sp. Helios,Exiguobacterium sp. Helios,species,3.609022990559157e-05,abund,0.0,1,1,3.682606460470165e-05,0.9800186442127693
Kraken2,default,Kraken2_default,ZymoMockD6331,ZymoMockD6331,pacbio,SRR13128013,2834459,2834459,                  Allobaculum mucilyticum,Allobaculum mucilyticum,species,0.0003248120691503241,abund,0.0,9,9,0.00033143458144231484,0.9800186442127693
Kraken2,default,Kraken2_default,ZymoMockD6331,ZymoMockD6331,pacbio,SRR13128013,2764325,2764325,                  [Eubacterium] hominis,[Eubacterium] hominis,species,3.609022990559157e-05,abund,0.0,1,1,3.682606460470165e-05,0.9800186442127693
Kraken2,default,Kraken2_default,ZymoMockD6331,ZymoMockD6331,pacbio,SRR13128013,1547,1547,                  Thomasclavelia ramosa,Thomasclavelia ramosa,species,7.218045981118314e-05,abund,0.0,2,2,7.36521292094033e-05,0.9800186442127693
Kraken2,default,Kraken2_default,ZymoMockD6331,ZymoMockD6331,pacbio,SRR13128013,29348,29348,                  Thomasclavelia spiroformis,Thomasclavelia spiroformis,species,3.609022990559157e-05,abund,0.0,1,0,3.682606460470165e-05,0.9800186442127693
Kraken2,default,Kraken2_default,ZymoMockD6331,ZymoMockD6331,pacbio,SRR13128013,3036303,3036303,                  Peptoniphilus genitalis,Peptoniphilus genitalis,species,7.218045981118314e-05,abund,0.0,2,2,7.36521292094033e-05,0.9800186442127693
Kraken2,default,Kraken2_default,ZymoMockD6331,ZymoMockD6331,pacbio,SRR13128013,54005,54005,                  Peptoniphilus harei,Peptoniphilus harei,species,3.609022990559157e-05,abund,0.0,1,1,3.682606460470165e-05,0.9800186442127693
Kraken2,default,Kraken2_default,ZymoMockD6331,ZymoMockD6331,pacbio,SRR13128013,1287640,1287640,                  Anaerococcus obesiensis,Anaerococcus obesiensis,species,3.609022990559157e-05,abund,0.0,1,1,3.682606460470165e-05,0.9800186442127693
Kraken2,default,Kraken2_default,ZymoMockD6331,ZymoMockD6331,pacbio,SRR13128013,3109366,3109366,                  Sedimentibacter sp. MB31-C6,Sedimentibacter sp. MB31-C6,species,7.218045981118314e-05,abund,0.0,2,2,7.36521292094033e-05,0.9800186442127693
Kraken2,default,Kraken2_default,ZymoMockD6331,ZymoMockD6331,pacbio,SRR13128013,29324,29324,                  Caldicellulosiruptor naganoensis,Caldicellulosiruptor naganoensis,species,7.218045981118314e-05,abund,0.0,2,2,7.36521292094033e-05,0.9800186442127693
Kraken2,default,Kraken2_default,ZymoMockD6331,ZymoMockD6331,pacbio,SRR13128013,55205,55205,                  Caldicellulosiruptor owensensis,Caldicellulosiruptor owensensis,species,3.609022990559157e-05,abund,0.0,1,0,3.682606460470165e-05,0.9800186442127693
Kraken2,default,Kraken2_default,ZymoMockD6331,ZymoMockD6331,pacbio,SRR13128013,1680,1680,                  Bifidobacterium adolescentis,Bifidobacterium adolescentis,species,1.244499397834514,abund,1.24,34483,34483,1.2698731857639272,0.9800186442127693
Kraken2,default,Kraken2_default,ZymoMockD6331,ZymoMockD6331,pacbio,SRR13128013,2985571,2985571,                    Bifidobacterium sp. KRGSERBCFTRI,Bifidobacterium sp. KRGSERBCFTRI,species,0.043524817266143434,abund,0.04,1206,1206,0.04441223391327019,0.9800186442127693
Kraken2,default,Kraken2_default,ZymoMockD6331,ZymoMockD6331,pacbio,SRR13128013,2983233,2983233,                    Bifidobacterium sp. ESL0790,Bifidobacterium sp. ESL0790,species,0.0006135339083950566,abund,0.0,17,17,0.0006260430982799281,0.9800186442127693
Kraken2,default,Kraken2_default,ZymoMockD6331,ZymoMockD6331,pacbio,SRR13128013,2983236,2983236,                    Bifidobacterium sp. ESL0800,Bifidobacterium sp. ESL0800,species,0.0005774436784894651,abund,0.0,16,16,0.0005892170336752264,0.9800186442127693
Kraken2,default,Kraken2_default,ZymoMockD6331,ZymoMockD6331,pacbio,SRR13128013,2983212,2983212,                    Bifidobacterium sp. ESL0682,Bifidobacterium sp. ESL0682,species,0.0005052632186782819,abund,0.0,14,14,0.0005155649044658231,0.9800186442127693
Kraken2,default,Kraken2_default,ZymoMockD6331,ZymoMockD6331,pacbio,SRR13128013,2983214,2983214,                    Bifidobacterium sp. ESL0690,Bifidobacterium sp. ESL0690,species,0.0004691729887726904,abund,0.0,13,13,0.00047873883986112155,0.9800186442127693
Kraken2,default,Kraken2_default,ZymoMockD6331,ZymoMockD6331,pacbio,SRR13128013,2983230,2983230,                    Bifidobacterium sp. ESL0775,Bifidobacterium sp. ESL0775,species,0.0004330827588670988,abund,0.0,12,12,0.0004419127752564198,0.9800186442127693
Kraken2,default,Kraken2_default,ZymoMockD6331,ZymoMockD6331,pacbio,SRR13128013,2983222,2983222,                    Bifidobacterium sp. ESL0732,Bifidobacterium sp. ESL0732,species,0.0003609022990559157,abund,0.0,10,10,0.00036826064604701653,0.9800186442127693
Kraken2,default,Kraken2_default,ZymoMockD6331,ZymoMockD6331,pacbio,SRR13128013,2983229,2983229,                    Bifidobacterium sp. ESL0769,Bifidobacterium sp. ESL0769,species,0.0003609022990559157,abund,0.0,10,10,0.00036826064604701653,0.9800186442127693
Kraken2,default,Kraken2_default,ZymoMockD6331,ZymoMockD6331,pacbio,SRR13128013,2983220,2983220,                    Bifidobacterium sp. ESL0728,Bifidobacterium sp. ESL0728,species,0.00028872183924473255,abund,0.0,8,8,0.0002946085168376132,0.9800186442127693
Kraken2,default,Kraken2_default,ZymoMockD6331,ZymoMockD6331,pacbio,SRR13128013,2983228,2983228,                    Bifidobacterium sp. ESL0764,Bifidobacterium sp. ESL0764,species,0.00014436091962236627,abund,0.0,4,4,0.0001473042584188066,0.9800186442127693
Kraken2,default,Kraken2_default,ZymoMockD6331,ZymoMockD6331,pacbio,SRR13128013,2983219,2983219,                    Bifidobacterium sp. ESL0704,Bifidobacterium sp. ESL0704,species,7.218045981118314e-05,abund,0.0,2,2,7.36521292094033e-05,0.9800186442127693
Kraken2,default,Kraken2_default,ZymoMockD6331,ZymoMockD6331,pacbio,SRR13128013,2983235,2983235,                    Bifidobacterium sp. ESL0798,Bifidobacterium sp. ESL0798,species,3.609022990559157e-05,abund,0.0,1,1,3.682606460470165e-05,0.9800186442127693
Kraken2,default,Kraken2_default,ZymoMockD6331,ZymoMockD6331,pacbio,SRR13128013,216816,216816,                  Bifidobacterium longum,Bifidobacterium longum,species,0.02789774771702228,abund,0.03,773,694,0.028466547939434376,0.9800186442127693
Kraken2,default,Kraken2_default,ZymoMockD6331,ZymoMockD6331,pacbio,SRR13128013,28026,28026,                  Bifidobacterium pseudocatenulatum,Bifidobacterium pseudocatenulatum,species,0.016601505756572123,abund,0.02,460,450,0.016939989718162764,0.9800186442127693
Kraken2,default,Kraken2_default,ZymoMockD6331,ZymoMockD6331,pacbio,SRR13128013,1686,1686,                  Bifidobacterium catenulatum,Bifidobacterium catenulatum,species,0.016060152307988247,abund,0.02,445,161,0.016387598749092236,0.9800186442127693
Kraken2,default,Kraken2_default,ZymoMockD6331,ZymoMockD6331,pacbio,SRR13128013,1689,1689,                  Bifidobacterium dentium,Bifidobacterium dentium,species,0.006640602302628848,abund,0.01,184,184,0.006775995887265104,0.9800186442127693
Kraken2,default,Kraken2_default,ZymoMockD6331,ZymoMockD6331,pacbio,SRR13128013,1683,1683,                  Bifidobacterium angulatum,Bifidobacterium angulatum,species,0.005485714945649919,abund,0.01,152,80,0.005597561819914652,0.9800186442127693
Kraken2,default,Kraken2_default,ZymoMockD6331,ZymoMockD6331,pacbio,SRR13128013,1685,1685,                  Bifidobacterium breve,Bifidobacterium breve,species,0.002670677013013776,abund,0.0,74,69,0.0027251287807479223,0.9800186442127693
Kraken2,default,Kraken2_default,ZymoMockD6331,ZymoMockD6331,pacbio,SRR13128013,158787,158787,                  Bifidobacterium scardovii,Bifidobacterium scardovii,species,0.0019488724149019445,abund,0.0,54,0,0.0019886074886538894,0.9800186442127693
Kraken2,default,Kraken2_default,ZymoMockD6331,ZymoMockD6331,pacbio,SRR13128013,78448,78448,                  Bifidobacterium pullorum,Bifidobacterium pullorum,species,0.00184060172518517,abund,0.0,51,0,0.0018781292948397844,0.9800186442127693
Kraken2,default,Kraken2_default,ZymoMockD6331,ZymoMockD6331,pacbio,SRR13128013,1694,1694,                  Bifidobacterium pseudolongum,Bifidobacterium pseudolongum,species,0.0014796994261292544,abund,0.0,41,36,0.0015098686487927681,0.9800186442127693
Kraken2,default,Kraken2_default,ZymoMockD6331,ZymoMockD6331,pacbio,SRR13128013,33905,33905,                  Bifidobacterium thermophilum,Bifidobacterium thermophilum,species,0.0014796994261292544,abund,0.0,41,41,0.0015098686487927681,0.9800186442127693
Kraken2,default,Kraken2_default,ZymoMockD6331,ZymoMockD6331,pacbio,SRR13128013,1684,1684,                  Bifidobacterium asteroides,Bifidobacterium asteroides,species,0.0012992482766012964,abund,0.0,36,36,0.0013257383257692594,0.9800186442127693
Kraken2,default,Kraken2_default,ZymoMockD6331,ZymoMockD6331,pacbio,SRR13128013,35760,35760,                  Bifidobacterium choerinum,Bifidobacterium choerinum,species,0.0011909775868845216,abund,0.0,33,33,0.0012152601319551544,0.9800186442127693
Kraken2,default,Kraken2_default,ZymoMockD6331,ZymoMockD6331,pacbio,SRR13128013,1603886,1603886,                  Bifidobacterium lemurum,Bifidobacterium lemurum,species,0.0009383459775453808,abund,0.0,26,26,0.0009574776797222431,0.9800186442127693
Kraken2,default,Kraken2_default,ZymoMockD6331,ZymoMockD6331,pacbio,SRR13128013,1681,1681,                  Bifidobacterium bifidum,Bifidobacterium bifidum,species,0.0009022557476397892,abund,0.0,25,22,0.0009206516151175414,0.9800186442127693
Kraken2,default,Kraken2_default,ZymoMockD6331,ZymoMockD6331,pacbio,SRR13128013,1765219,1765219,                  Bifidobacterium eulemuris,Bifidobacterium eulemuris,species,0.0007939850579230146,abund,0.0,22,22,0.0008101734213034364,0.9800186442127693
Kraken2,default,Kraken2_default,ZymoMockD6331,ZymoMockD6331,pacbio,SRR13128013,77635,77635,                  Bifidobacterium subtile,Bifidobacterium subtile,species,0.0006496241383006482,abund,0.0,18,18,0.0006628691628846297,0.9800186442127693
Kraken2,default,Kraken2_default,ZymoMockD6331,ZymoMockD6331,pacbio,SRR13128013,28025,28025,                  Bifidobacterium animalis,Bifidobacterium animalis,species,0.0005774436784894651,abund,0.0,16,10,0.0005892170336752264,0.9800186442127693
Kraken2,default,Kraken2_default,ZymoMockD6331,ZymoMockD6331,pacbio,SRR13128013,3059038,3059038,                  Bifidobacterium aquikefiricola,Bifidobacterium aquikefiricola,species,0.0005052632186782819,abund,0.0,14,14,0.0005155649044658231,0.9800186442127693
Kraken2,default,Kraken2_default,ZymoMockD6331,ZymoMockD6331,pacbio,SRR13128013,2020965,2020965,                  Bifidobacterium imperatoris,Bifidobacterium imperatoris,species,0.0004691729887726904,abund,0.0,13,13,0.00047873883986112155,0.9800186442127693
Kraken2,default,Kraken2_default,ZymoMockD6331,ZymoMockD6331,pacbio,SRR13128013,3059035,3059035,                  Bifidobacterium fermentum,Bifidobacterium fermentum,species,0.0004330827588670988,abund,0.0,12,12,0.0004419127752564198,0.9800186442127693
Kraken2,default,Kraken2_default,ZymoMockD6331,ZymoMockD6331,pacbio,SRR13128013,762210,762210,                  Bifidobacterium saguini,Bifidobacterium saguini,species,0.0003969925289615073,abund,0.0,11,11,0.0004050867106517182,0.9800186442127693
Kraken2,default,Kraken2_default,ZymoMockD6331,ZymoMockD6331,pacbio,SRR13128013,327277,327277,                  Bifidobacterium crudilactis,Bifidobacterium crudilactis,species,0.00028872183924473255,abund,0.0,8,8,0.0002946085168376132,0.9800186442127693
Kraken2,default,Kraken2_default,ZymoMockD6331,ZymoMockD6331,pacbio,SRR13128013,638619,638619,                  Bifidobacterium actinocoloniiforme,Bifidobacterium actinocoloniiforme,species,0.00025263160933914095,abund,0.0,7,0,0.00025778245223291157,0.9800186442127693
Kraken2,default,Kraken2_default,ZymoMockD6331,ZymoMockD6331,pacbio,SRR13128013,1687,1687,                  Bifidobacterium coryneforme,Bifidobacterium coryneforme,species,0.00025263160933914095,abund,0.0,7,7,0.00025778245223291157,0.9800186442127693
Kraken2,default,Kraken2_default,ZymoMockD6331,ZymoMockD6331,pacbio,SRR13128013,544580,544580,                  Actinomyces oris,Actinomyces oris,species,0.0014796994261292544,abund,0.0,41,41,0.0015098686487927681,0.9800186442127693
Kraken2,default,Kraken2_default,ZymoMockD6331,ZymoMockD6331,pacbio,SRR13128013,1503041,1503041,                  Arcanobacterium pinnipediorum,Arcanobacterium pinnipediorum,species,3.609022990559157e-05,abund,0.0,1,1,3.682606460470165e-05,0.9800186442127693
Kraken2,default,Kraken2_default,ZymoMockD6331,ZymoMockD6331,pacbio,SRR13128013,131111,131111,                  Schaalia turicensis,Schaalia turicensis,species,3.609022990559157e-05,abund,0.0,1,1,3.682606460470165e-05,0.9800186442127693
Kraken2,default,Kraken2_default,ZymoMockD6331,ZymoMockD6331,pacbio,SRR13128013,2779671,2779671,                    Streptomyces sp. EAS-AB2608,Streptomyces sp. EAS-AB2608,species,7.218045981118314e-05,abund,0.0,2,2,7.36521292094033e-05,0.9800186442127693
Kraken2,default,Kraken2_default,ZymoMockD6331,ZymoMockD6331,pacbio,SRR13128013,2975699,2975699,                    Streptomyces sp. NBC_00280,Streptomyces sp. NBC_00280,species,7.218045981118314e-05,abund,0.0,2,2,7.36521292094033e-05,0.9800186442127693
Kraken2,default,Kraken2_default,ZymoMockD6331,ZymoMockD6331,pacbio,SRR13128013,1882757,1882757,                    Streptomyces sp. 3214.6,Streptomyces sp. 3214.6,species,3.609022990559157e-05,abund,0.0,1,1,3.682606460470165e-05,0.9800186442127693
Kraken2,default,Kraken2_default,ZymoMockD6331,ZymoMockD6331,pacbio,SRR13128013,2791991,2791991,                    Streptomyces sp. MUM 178J,Streptomyces sp. MUM 178J,species,3.609022990559157e-05,abund,0.0,1,1,3.682606460470165e-05,0.9800186442127693
Kraken2,default,Kraken2_default,ZymoMockD6331,ZymoMockD6331,pacbio,SRR13128013,58343,58343,                    Streptomyces canus,Streptomyces canus,species,3.609022990559157e-05,abund,0.0,1,1,3.682606460470165e-05,0.9800186442127693
Kraken2,default,Kraken2_default,ZymoMockD6331,ZymoMockD6331,pacbio,SRR13128013,1893,1893,                  Streptomyces atratus,Streptomyces atratus,species,3.609022990559157e-05,abund,0.0,1,1,3.682606460470165e-05,0.9800186442127693
Kraken2,default,Kraken2_default,ZymoMockD6331,ZymoMockD6331,pacbio,SRR13128013,83380,83380,                    Streptomyces althioticus,Streptomyces althioticus,species,3.609022990559157e-05,abund,0.0,1,1,3.682606460470165e-05,0.9800186442127693
Kraken2,default,Kraken2_default,ZymoMockD6331,ZymoMockD6331,pacbio,SRR13128013,38300,38300,                  Streptomyces pristinaespiralis,Streptomyces pristinaespiralis,species,3.609022990559157e-05,abund,0.0,1,1,3.682606460470165e-05,0.9800186442127693
Kraken2,default,Kraken2_default,ZymoMockD6331,ZymoMockD6331,pacbio,SRR13128013,161879,161879,                  Corynebacterium kroppenstedtii,Corynebacterium kroppenstedtii,species,7.218045981118314e-05,abund,0.0,2,0,7.36521292094033e-05,0.9800186442127693
Kraken2,default,Kraken2_default,ZymoMockD6331,ZymoMockD6331,pacbio,SRR13128013,227319,227319,                  Corynebacterium ciconiae,Corynebacterium ciconiae,species,7.218045981118314e-05,abund,0.0,2,0,7.36521292094033e-05,0.9800186442127693
Kraken2,default,Kraken2_default,ZymoMockD6331,ZymoMockD6331,pacbio,SRR13128013,61592,61592,                  Corynebacterium durum,Corynebacterium durum,species,3.609022990559157e-05,abund,0.0,1,1,3.682606460470165e-05,0.9800186442127693
Kraken2,default,Kraken2_default,ZymoMockD6331,ZymoMockD6331,pacbio,SRR13128013,28028,28028,                  Corynebacterium flavescens,Corynebacterium flavescens,species,3.609022990559157e-05,abund,0.0,1,1,3.682606460470165e-05,0.9800186442127693
Kraken2,default,Kraken2_default,ZymoMockD6331,ZymoMockD6331,pacbio,SRR13128013,2320431,2320431,                  Corynebacterium silvaticum,Corynebacterium silvaticum,species,3.609022990559157e-05,abund,0.0,1,1,3.682606460470165e-05,0.9800186442127693
Kraken2,default,Kraken2_default,ZymoMockD6331,ZymoMockD6331,pacbio,SRR13128013,2507582,2507582,                    Rhodococcus sp. ABRD24,Rhodococcus sp. ABRD24,species,0.00014436091962236627,abund,0.0,4,4,0.0001473042584188066,0.9800186442127693
Kraken2,default,Kraken2_default,ZymoMockD6331,ZymoMockD6331,pacbio,SRR13128013,2991729,2991729,                    Mycobacterium sp. Aquia_216,Mycobacterium sp. Aquia_216,species,7.218045981118314e-05,abund,0.0,2,2,7.36521292094033e-05,0.9800186442127693
Kraken2,default,Kraken2_default,ZymoMockD6331,ZymoMockD6331,pacbio,SRR13128013,44010,44010,                  Mycobacterium conspicuum,Mycobacterium conspicuum,species,3.609022990559157e-05,abund,0.0,1,1,3.682606460470165e-05,0.9800186442127693
Kraken2,default,Kraken2_default,ZymoMockD6331,ZymoMockD6331,pacbio,SRR13128013,1249101,1249101,                  Mycolicibacterium celeriflavum,Mycolicibacterium celeriflavum,species,3.609022990559157e-05,abund,0.0,1,1,3.682606460470165e-05,0.9800186442127693
Kraken2,default,Kraken2_default,ZymoMockD6331,ZymoMockD6331,pacbio,SRR13128013,2935861,2935861,                    Gordonia sp. PP30,Gordonia sp. PP30,species,3.609022990559157e-05,abund,0.0,1,1,3.682606460470165e-05,0.9800186442127693
Kraken2,default,Kraken2_default,ZymoMockD6331,ZymoMockD6331,pacbio,SRR13128013,499555,499555,                  Dietzia timorensis,Dietzia timorensis,species,3.609022990559157e-05,abund,0.0,1,1,3.682606460470165e-05,0.9800186442127693
Kraken2,default,Kraken2_default,ZymoMockD6331,ZymoMockD6331,pacbio,SRR13128013,3061627,3061627,                    Micromonospora sp. NBRC 110009,Micromonospora sp. NBRC 110009,species,0.00018045114952795784,abund,0.0,5,5,0.00018413032302350827,0.9800186442127693
Kraken2,default,Kraken2_default,ZymoMockD6331,ZymoMockD6331,pacbio,SRR13128013,3016096,3016096,                    Micromonospora sp. WMMD712,Micromonospora sp. WMMD712,species,3.609022990559157e-05,abund,0.0,1,1,3.682606460470165e-05,0.9800186442127693
Kraken2,default,Kraken2_default,ZymoMockD6331,ZymoMockD6331,pacbio,SRR13128013,1003110,1003110,                  Micromonospora maris,Micromonospora maris,species,3.609022990559157e-05,abund,0.0,1,0,3.682606460470165e-05,0.9800186442127693
Kraken2,default,Kraken2_default,ZymoMockD6331,ZymoMockD6331,pacbio,SRR13128013,3088255,3088255,                    Longispora sp. K20-0274,Longispora sp. K20-0274,species,3.609022990559157e-05,abund,0.0,1,1,3.682606460470165e-05,0.9800186442127693
Kraken2,default,Kraken2_default,ZymoMockD6331,ZymoMockD6331,pacbio,SRR13128013,2024580,2024580,                    Plantactinospora sp. KBS50,Plantactinospora sp. KBS50,species,3.609022990559157e-05,abund,0.0,1,1,3.682606460470165e-05,0.9800186442127693
Kraken2,default,Kraken2_default,ZymoMockD6331,ZymoMockD6331,pacbio,SRR13128013,358099,358099,                  Brevibacterium oceani,Brevibacterium oceani,species,7.218045981118314e-05,abund,0.0,2,2,7.36521292094033e-05,0.9800186442127693
Kraken2,default,Kraken2_default,ZymoMockD6331,ZymoMockD6331,pacbio,SRR13128013,1646,1646,                  Renibacterium salmoninarum,Renibacterium salmoninarum,species,3.609022990559157e-05,abund,0.0,1,1,3.682606460470165e-05,0.9800186442127693
Kraken2,default,Kraken2_default,ZymoMockD6331,ZymoMockD6331,pacbio,SRR13128013,2810516,2810516,                    Rothia sp. ZJ932,Rothia sp. ZJ932,species,3.609022990559157e-05,abund,0.0,1,1,3.682606460470165e-05,0.9800186442127693
Kraken2,default,Kraken2_default,ZymoMockD6331,ZymoMockD6331,pacbio,SRR13128013,2875948,2875948,                    Microbacterium sp. cx-55,Microbacterium sp. cx-55,species,3.609022990559157e-05,abund,0.0,1,1,3.682606460470165e-05,0.9800186442127693
Kraken2,default,Kraken2_default,ZymoMockD6331,ZymoMockD6331,pacbio,SRR13128013,93944,93944,                  Nonomuraea gerenzanensis,Nonomuraea gerenzanensis,species,7.218045981118314e-05,abund,0.0,2,2,7.36521292094033e-05,0.9800186442127693
Kraken2,default,Kraken2_default,ZymoMockD6331,ZymoMockD6331,pacbio,SRR13128013,2202249,2202249,                    Streptosporangium sp. 'caverna',Streptosporangium sp. 'caverna',species,3.609022990559157e-05,abund,0.0,1,1,3.682606460470165e-05,0.9800186442127693
Kraken2,default,Kraken2_default,ZymoMockD6331,ZymoMockD6331,pacbio,SRR13128013,129921,129921,                    Amycolatopsis keratiniphila,Amycolatopsis keratiniphila,species,7.218045981118314e-05,abund,0.0,2,2,7.36521292094033e-05,0.9800186442127693
Kraken2,default,Kraken2_default,ZymoMockD6331,ZymoMockD6331,pacbio,SRR13128013,3101276,3101276,                    Candidatus Poriferisocius sp.,Candidatus Poriferisocius sp.,species,3.609022990559157e-05,abund,0.0,1,1,3.682606460470165e-05,0.9800186442127693
Kraken2,default,Kraken2_default,ZymoMockD6331,ZymoMockD6331,pacbio,SRR13128013,2886375,2886375,                    Spiroplasma endosymbiont of Phyllotreta cruciferae,Spiroplasma endosymbiont of Phyllotreta cruciferae,species,0.00184060172518517,abund,0.0,51,51,0.0018781292948397844,0.9800186442127693
Kraken2,default,Kraken2_default,ZymoMockD6331,ZymoMockD6331,pacbio,SRR13128013,3066291,3066291,                    Spiroplasma endosymbiont of Atherix ibis,Spiroplasma endosymbiont of Atherix ibis,species,3.609022990559157e-05,abund,0.0,1,1,3.682606460470165e-05,0.9800186442127693
Kraken2,default,Kraken2_default,ZymoMockD6331,ZymoMockD6331,pacbio,SRR13128013,3066322,3066322,                    Spiroplasma endosymbiont of Diplazon laetatorius,Spiroplasma endosymbiont of Diplazon laetatorius,species,3.609022990559157e-05,abund,0.0,1,1,3.682606460470165e-05,0.9800186442127693
Kraken2,default,Kraken2_default,ZymoMockD6331,ZymoMockD6331,pacbio,SRR13128013,2141,2141,                  Spiroplasma ixodetis,Spiroplasma ixodetis,species,3.609022990559157e-05,abund,0.0,1,0,3.682606460470165e-05,0.9800186442127693
Kraken2,default,Kraken2_default,ZymoMockD6331,ZymoMockD6331,pacbio,SRR13128013,3398776,3398776,                    Mycoplasma sp. 005V,Mycoplasma sp. 005V,species,7.218045981118314e-05,abund,0.0,2,2,7.36521292094033e-05,0.9800186442127693
Kraken2,default,Kraken2_default,ZymoMockD6331,ZymoMockD6331,pacbio,SRR13128013,984991,984991,                  Mycoplasma parvum,Mycoplasma parvum,species,7.218045981118314e-05,abund,0.0,2,0,7.36521292094033e-05,0.9800186442127693
Kraken2,default,Kraken2_default,ZymoMockD6331,ZymoMockD6331,pacbio,SRR13128013,264636,264636,                  Acholeplasma hippikon,Acholeplasma hippikon,species,3.609022990559157e-05,abund,0.0,1,1,3.682606460470165e-05,0.9800186442127693
Kraken2,default,Kraken2_default,ZymoMockD6331,ZymoMockD6331,pacbio,SRR13128013,114885,114885,                Mycoplasmopsis maculosa,Mycoplasmopsis maculosa,species,7.218045981118314e-05,abund,0.0,2,2,7.36521292094033e-05,0.9800186442127693
Kraken2,default,Kraken2_default,ZymoMockD6331,ZymoMockD6331,pacbio,SRR13128013,2109,2109,                Mycoplasmopsis synoviae,Mycoplasmopsis synoviae,species,3.609022990559157e-05,abund,0.0,1,1,3.682606460470165e-05,0.9800186442127693
Kraken2,default,Kraken2_default,ZymoMockD6331,ZymoMockD6331,pacbio,SRR13128013,92406,92406,                Metamycoplasma spumans,Metamycoplasma spumans,species,3.609022990559157e-05,abund,0.0,1,1,3.682606460470165e-05,0.9800186442127693
Kraken2,default,Kraken2_default,ZymoMockD6331,ZymoMockD6331,pacbio,SRR13128013,2099,2099,                Mesomycoplasma hyopneumoniae,Mesomycoplasma hyopneumoniae,species,3.609022990559157e-05,abund,0.0,1,1,3.682606460470165e-05,0.9800186442127693
Kraken2,default,Kraken2_default,ZymoMockD6331,ZymoMockD6331,pacbio,SRR13128013,2097,2097,                Mycoplasmoides genitalium,Mycoplasmoides genitalium,species,7.218045981118314e-05,abund,0.0,2,2,7.36521292094033e-05,0.9800186442127693
Kraken2,default,Kraken2_default,ZymoMockD6331,ZymoMockD6331,pacbio,SRR13128013,3242468,3242468,                    Candidatus Izemoplasma sp. B36,Candidatus Izemoplasma sp. B36,species,3.609022990559157e-05,abund,0.0,1,1,3.682606460470165e-05,0.9800186442127693
Kraken2,default,Kraken2_default,ZymoMockD6331,ZymoMockD6331,pacbio,SRR13128013,317936,317936,                      Nostoc sp. PCC 7107,Nostoc sp. PCC 7107,species,7.218045981118314e-05,abund,0.0,2,2,7.36521292094033e-05,0.9800186442127693
Kraken2,default,Kraken2_default,ZymoMockD6331,ZymoMockD6331,pacbio,SRR13128013,76335,76335,                      Nostoc sp. ATCC 53789,Nostoc sp. ATCC 53789,species,3.609022990559157e-05,abund,0.0,1,1,3.682606460470165e-05,0.9800186442127693
Kraken2,default,Kraken2_default,ZymoMockD6331,ZymoMockD6331,pacbio,SRR13128013,2764711,2764711,                      Nostoc sp. MS1,Nostoc sp. MS1,species,3.609022990559157e-05,abund,0.0,1,1,3.682606460470165e-05,0.9800186442127693
Kraken2,default,Kraken2_default,ZymoMockD6331,ZymoMockD6331,pacbio,SRR13128013,2576904,2576904,                      Nostoc sp. TCL26-01,Nostoc sp. TCL26-01,species,3.609022990559157e-05,abund,0.0,1,1,3.682606460470165e-05,0.9800186442127693
Kraken2,default,Kraken2_default,ZymoMockD6331,ZymoMockD6331,pacbio,SRR13128013,224012,224012,                    Nostoc piscinale,Nostoc piscinale,species,3.609022990559157e-05,abund,0.0,1,0,3.682606460470165e-05,0.9800186442127693
Kraken2,default,Kraken2_default,ZymoMockD6331,ZymoMockD6331,pacbio,SRR13128013,1165,1165,                    Anabaena cylindrica,Anabaena cylindrica,species,0.0001082706897167747,abund,0.0,3,0,0.00011047819381410495,0.9800186442127693
Kraken2,default,Kraken2_default,ZymoMockD6331,ZymoMockD6331,pacbio,SRR13128013,984207,984207,                    Sphaerospermopsis torques-reginae,Sphaerospermopsis torques-reginae,species,3.609022990559157e-05,abund,0.0,1,0,3.682606460470165e-05,0.9800186442127693
Kraken2,default,Kraken2_default,ZymoMockD6331,ZymoMockD6331,pacbio,SRR13128013,70799,70799,                    Nodularia spumigena,Nodularia spumigena,species,3.609022990559157e-05,abund,0.0,1,0,3.682606460470165e-05,0.9800186442127693
Kraken2,default,Kraken2_default,ZymoMockD6331,ZymoMockD6331,pacbio,SRR13128013,3082546,3082546,                      Synechococcus sp. MIT S9452,Synechococcus sp. MIT S9452,species,3.609022990559157e-05,abund,0.0,1,1,3.682606460470165e-05,0.9800186442127693
Kraken2,default,Kraken2_default,ZymoMockD6331,ZymoMockD6331,pacbio,SRR13128013,232348,232348,                      Synechococcus sp. CB0101,Synechococcus sp. CB0101,species,3.609022990559157e-05,abund,0.0,1,1,3.682606460470165e-05,0.9800186442127693
Kraken2,default,Kraken2_default,ZymoMockD6331,ZymoMockD6331,pacbio,SRR13128013,1173263,1173263,                      Synechococcus sp. PCC 7502,Synechococcus sp. PCC 7502,species,3.609022990559157e-05,abund,0.0,1,1,3.682606460470165e-05,0.9800186442127693
Kraken2,default,Kraken2_default,ZymoMockD6331,ZymoMockD6331,pacbio,SRR13128013,1219,1219,                    Prochlorococcus marinus,Prochlorococcus marinus,species,3.609022990559157e-05,abund,0.0,1,0,3.682606460470165e-05,0.9800186442127693
Kraken2,default,Kraken2_default,ZymoMockD6331,ZymoMockD6331,pacbio,SRR13128013,2546360,2546360,                      Crocosphaera subtropica,Crocosphaera subtropica,species,0.0001082706897167747,abund,0.0,3,0,0.00011047819381410495,0.9800186442127693
Kraken2,default,Kraken2_default,ZymoMockD6331,ZymoMockD6331,pacbio,SRR13128013,1173026,1173026,                        Gloeocapsa sp. PCC 7428,Gloeocapsa sp. PCC 7428,species,3.609022990559157e-05,abund,0.0,1,1,3.682606460470165e-05,0.9800186442127693
Kraken2,default,Kraken2_default,ZymoMockD6331,ZymoMockD6331,pacbio,SRR13128013,2874213,2874213,                      Oxynema aestuarii,Oxynema aestuarii,species,7.218045981118314e-05,abund,0.0,2,0,7.36521292094033e-05,0.9800186442127693
Kraken2,default,Kraken2_default,ZymoMockD6331,ZymoMockD6331,pacbio,SRR13128013,1206,1206,                      Trichodesmium erythraeum,Trichodesmium erythraeum,species,3.609022990559157e-05,abund,0.0,1,0,3.682606460470165e-05,0.9800186442127693
Kraken2,default,Kraken2_default,ZymoMockD6331,ZymoMockD6331,pacbio,SRR13128013,310037,310037,                      Acaryochloris sp. CCMEE 5410,Acaryochloris sp. CCMEE 5410,species,0.0001082706897167747,abund,0.0,3,3,0.00011047819381410495,0.9800186442127693
Kraken2,default,Kraken2_default,ZymoMockD6331,ZymoMockD6331,pacbio,SRR13128013,2931930,2931930,                    Kovacikia minuta,Kovacikia minuta,species,3.609022990559157e-05,abund,0.0,1,0,3.682606460470165e-05,0.9800186442127693
Kraken2,default,Kraken2_default,ZymoMockD6331,ZymoMockD6331,pacbio,SRR13128013,1080068,1080068,                        Leptolyngbya sp. O-77,Leptolyngbya sp. O-77,species,3.609022990559157e-05,abund,0.0,1,1,3.682606460470165e-05,0.9800186442127693
Kraken2,default,Kraken2_default,ZymoMockD6331,ZymoMockD6331,pacbio,SRR13128013,1155739,1155739,                    Moorena producens,Moorena producens,species,3.609022990559157e-05,abund,0.0,1,0,3.682606460470165e-05,0.9800186442127693
Kraken2,default,Kraken2_default,ZymoMockD6331,ZymoMockD6331,pacbio,SRR13128013,3241576,3241576,                    Candidatus Leptofilum sp.,Candidatus Leptofilum sp.,species,0.00028872183924473255,abund,0.0,8,8,0.0002946085168376132,0.9800186442127693
Kraken2,default,Kraken2_default,ZymoMockD6331,ZymoMockD6331,pacbio,SRR13128013,2509675,2509675,                  Ktedonosporobacter rubrisoli,Ktedonosporobacter rubrisoli,species,3.609022990559157e-05,abund,0.0,1,1,3.682606460470165e-05,0.9800186442127693
Kraken2,default,Kraken2_default,ZymoMockD6331,ZymoMockD6331,pacbio,SRR13128013,133453,133453,                  Caldilinea aerophila,Caldilinea aerophila,species,3.609022990559157e-05,abund,0.0,1,0,3.682606460470165e-05,0.9800186442127693
Kraken2,default,Kraken2_default,ZymoMockD6331,ZymoMockD6331,pacbio,SRR13128013,817,817,                      Bacteroides fragilis,Bacteroides fragilis,species,19.676393344528524,abund,19.68,545200,522590,20.077570422483344,0.9800186442127693
Kraken2,default,Kraken2_default,ZymoMockD6331,ZymoMockD6331,pacbio,SRR13128013,2847299,2847299,                        Bacteroides sp. DH3716P,Bacteroides sp. DH3716P,species,0.012739851156673825,abund,0.01,353,353,0.012999600805459685,0.9800186442127693
Kraken2,default,Kraken2_default,ZymoMockD6331,ZymoMockD6331,pacbio,SRR13128013,2763022,2763022,                        Bacteroides sp. M10,Bacteroides sp. M10,species,0.0001082706897167747,abund,0.0,3,3,0.00011047819381410495,0.9800186442127693
Kraken2,default,Kraken2_default,ZymoMockD6331,ZymoMockD6331,pacbio,SRR13128013,818,818,                      Bacteroides thetaiotaomicron,Bacteroides thetaiotaomicron,species,0.0012270678167901133,abund,0.0,34,34,0.0012520861965598562,0.9800186442127693
Kraken2,default,Kraken2_default,ZymoMockD6331,ZymoMockD6331,pacbio,SRR13128013,820,820,                      Bacteroides uniformis,Bacteroides uniformis,species,0.0011909775868845216,abund,0.0,33,33,0.0012152601319551544,0.9800186442127693
Kraken2,default,Kraken2_default,ZymoMockD6331,ZymoMockD6331,pacbio,SRR13128013,291644,291644,                      Bacteroides salyersiae,Bacteroides salyersiae,species,0.000830075287828606,abund,0.0,23,23,0.000846999485908138,0.9800186442127693
Kraken2,default,Kraken2_default,ZymoMockD6331,ZymoMockD6331,pacbio,SRR13128013,371601,371601,                      Bacteroides xylanisolvens,Bacteroides xylanisolvens,species,0.0003969925289615073,abund,0.0,11,11,0.0004050867106517182,0.9800186442127693
Kraken2,default,Kraken2_default,ZymoMockD6331,ZymoMockD6331,pacbio,SRR13128013,291645,291645,                      Bacteroides nordii,Bacteroides nordii,species,0.0003248120691503241,abund,0.0,9,9,0.00033143458144231484,0.9800186442127693
Kraken2,default,Kraken2_default,ZymoMockD6331,ZymoMockD6331,pacbio,SRR13128013,674529,674529,                      Bacteroides faecis,Bacteroides faecis,species,0.00028872183924473255,abund,0.0,8,8,0.0002946085168376132,0.9800186442127693
Kraken2,default,Kraken2_default,ZymoMockD6331,ZymoMockD6331,pacbio,SRR13128013,47678,47678,                      Bacteroides caccae,Bacteroides caccae,species,0.0002165413794335494,abund,0.0,6,6,0.0002209563876282099,0.9800186442127693
Kraken2,default,Kraken2_default,ZymoMockD6331,ZymoMockD6331,pacbio,SRR13128013,2763023,2763023,                      Bacteroides hominis,Bacteroides hominis,species,0.00018045114952795784,abund,0.0,5,5,0.00018413032302350827,0.9800186442127693
Kraken2,default,Kraken2_default,ZymoMockD6331,ZymoMockD6331,pacbio,SRR13128013,2650157,2650157,                      Bacteroides zhangwenhongii,Bacteroides zhangwenhongii,species,0.00018045114952795784,abund,0.0,5,5,0.00018413032302350827,0.9800186442127693
Kraken2,default,Kraken2_default,ZymoMockD6331,ZymoMockD6331,pacbio,SRR13128013,329854,329854,                      Bacteroides intestinalis,Bacteroides intestinalis,species,0.00014436091962236627,abund,0.0,4,4,0.0001473042584188066,0.9800186442127693
Kraken2,default,Kraken2_default,ZymoMockD6331,ZymoMockD6331,pacbio,SRR13128013,246787,246787,                      Bacteroides cellulosilyticus,Bacteroides cellulosilyticus,species,0.0001082706897167747,abund,0.0,3,3,0.00011047819381410495,0.9800186442127693
Kraken2,default,Kraken2_default,ZymoMockD6331,ZymoMockD6331,pacbio,SRR13128013,1796613,1796613,                      Bacteroides caecimuris,Bacteroides caecimuris,species,0.0001082706897167747,abund,0.0,3,3,0.00011047819381410495,0.9800186442127693
Kraken2,default,Kraken2_default,ZymoMockD6331,ZymoMockD6331,pacbio,SRR13128013,28116,28116,                      Bacteroides ovatus,Bacteroides ovatus,species,7.218045981118314e-05,abund,0.0,2,2,7.36521292094033e-05,0.9800186442127693
Kraken2,default,Kraken2_default,ZymoMockD6331,ZymoMockD6331,pacbio,SRR13128013,28119,28119,                      Bacteroides zoogleoformans,Bacteroides zoogleoformans,species,3.609022990559157e-05,abund,0.0,1,1,3.682606460470165e-05,0.9800186442127693
Kraken2,default,Kraken2_default,ZymoMockD6331,ZymoMockD6331,pacbio,SRR13128013,357276,357276,                      Phocaeicola dorei,Phocaeicola dorei,species,0.0003969925289615073,abund,0.0,11,1,0.0004050867106517182,0.9800186442127693
Kraken2,default,Kraken2_default,ZymoMockD6331,ZymoMockD6331,pacbio,SRR13128013,821,821,                      Phocaeicola vulgatus,Phocaeicola vulgatus,species,0.0003248120691503241,abund,0.0,9,9,0.00033143458144231484,0.9800186442127693
Kraken2,default,Kraken2_default,ZymoMockD6331,ZymoMockD6331,pacbio,SRR13128013,28128,28128,                      Prevotella corporis,Prevotella corporis,species,7.744782886590422,abund,7.74,214595,214595,7.902689333845951,0.9800186442127693
Kraken2,default,Kraken2_default,ZymoMockD6331,ZymoMockD6331,pacbio,SRR13128013,2913614,2913614,                      Prevotella communis,Prevotella communis,species,0.0001082706897167747,abund,0.0,3,3,0.00011047819381410495,0.9800186442127693
Kraken2,default,Kraken2_default,ZymoMockD6331,ZymoMockD6331,pacbio,SRR13128013,1177574,1177574,                      Prevotella jejuni,Prevotella jejuni,species,3.609022990559157e-05,abund,0.0,1,1,3.682606460470165e-05,0.9800186442127693
Kraken2,default,Kraken2_default,ZymoMockD6331,ZymoMockD6331,pacbio,SRR13128013,165179,165179,                      Segatella copri,Segatella copri,species,0.0001082706897167747,abund,0.0,3,2,0.00011047819381410495,0.9800186442127693
Kraken2,default,Kraken2_default,ZymoMockD6331,ZymoMockD6331,pacbio,SRR13128013,823,823,                      Parabacteroides distasonis,Parabacteroides distasonis,species,0.010790978741771878,abund,0.01,299,297,0.011010993316805792,0.9800186442127693
Kraken2,default,Kraken2_default,ZymoMockD6331,ZymoMockD6331,pacbio,SRR13128013,2685834,2685834,                      Parabacteroides chongii,Parabacteroides chongii,species,0.0015157896560348458,abund,0.0,42,42,0.0015466947133974693,0.9800186442127693
Kraken2,default,Kraken2_default,ZymoMockD6331,ZymoMockD6331,pacbio,SRR13128013,328812,328812,                      Parabacteroides goldsteinii,Parabacteroides goldsteinii,species,0.0005774436784894651,abund,0.0,16,16,0.0005892170336752264,0.9800186442127693
Kraken2,default,Kraken2_default,ZymoMockD6331,ZymoMockD6331,pacbio,SRR13128013,2951805,2951805,                      Parabacteroides absconsus,Parabacteroides absconsus,species,0.00014436091962236627,abund,0.0,4,4,0.0001473042584188066,0.9800186442127693
Kraken2,default,Kraken2_default,ZymoMockD6331,ZymoMockD6331,pacbio,SRR13128013,328814,328814,                      Alistipes shahii,Alistipes shahii,species,0.00018045114952795784,abund,0.0,5,3,0.00018413032302350827,0.9800186442127693
Kraken2,default,Kraken2_default,ZymoMockD6331,ZymoMockD6331,pacbio,SRR13128013,1760811,1760811,                        uncultured Acetobacteroides sp.,uncultured Acetobacteroides sp.,species,3.609022990559157e-05,abund,0.0,1,1,3.682606460470165e-05,0.9800186442127693
Kraken2,default,Kraken2_default,ZymoMockD6331,ZymoMockD6331,pacbio,SRR13128013,1501392,1501392,                      Coprobacter secundus,Coprobacter secundus,species,0.0001082706897167747,abund,0.0,3,0,0.00011047819381410495,0.9800186442127693
Kraken2,default,Kraken2_default,ZymoMockD6331,ZymoMockD6331,pacbio,SRR13128013,1965590,1965590,                        Barnesiella sp. An22,Barnesiella sp. An22,species,3.609022990559157e-05,abund,0.0,1,1,3.682606460470165e-05,0.9800186442127693
Kraken2,default,Kraken2_default,ZymoMockD6331,ZymoMockD6331,pacbio,SRR13128013,2606626,2606626,                      Sodaliphilus pleomorphus,Sodaliphilus pleomorphus,species,3.609022990559157e-05,abund,0.0,1,1,3.682606460470165e-05,0.9800186442127693
Kraken2,default,Kraken2_default,ZymoMockD6331,ZymoMockD6331,pacbio,SRR13128013,889453,889453,                      Alkalitalea saponilacus,Alkalitalea saponilacus,species,3.609022990559157e-05,abund,0.0,1,1,3.682606460470165e-05,0.9800186442127693
Kraken2,default,Kraken2_default,ZymoMockD6331,ZymoMockD6331,pacbio,SRR13128013,2654325,2654325,                        Flavobacterium sp. xlx-214,Flavobacterium sp. xlx-214,species,0.00018045114952795784,abund,0.0,5,5,0.00018413032302350827,0.9800186442127693
Kraken2,default,Kraken2_default,ZymoMockD6331,ZymoMockD6331,pacbio,SRR13128013,2885633,2885633,                        Flavobacterium sp. N1719,Flavobacterium sp. N1719,species,7.218045981118314e-05,abund,0.0,2,2,7.36521292094033e-05,0.9800186442127693
Kraken2,default,Kraken2_default,ZymoMockD6331,ZymoMockD6331,pacbio,SRR13128013,2665645,2665645,                        Flavobacterium sp. SLB02,Flavobacterium sp. SLB02,species,3.609022990559157e-05,abund,0.0,1,1,3.682606460470165e-05,0.9800186442127693
Kraken2,default,Kraken2_default,ZymoMockD6331,ZymoMockD6331,pacbio,SRR13128013,3097547,3097547,                        Flavobacterium sp. NG2,Flavobacterium sp. NG2,species,3.609022990559157e-05,abund,0.0,1,1,3.682606460470165e-05,0.9800186442127693
Kraken2,default,Kraken2_default,ZymoMockD6331,ZymoMockD6331,pacbio,SRR13128013,2748319,2748319,                        Flavobacterium sp. I3-2,Flavobacterium sp. I3-2,species,3.609022990559157e-05,abund,0.0,1,1,3.682606460470165e-05,0.9800186442127693
Kraken2,default,Kraken2_default,ZymoMockD6331,ZymoMockD6331,pacbio,SRR13128013,2478552,2478552,                        Flavobacterium sp. 140616W15,Flavobacterium sp. 140616W15,species,3.609022990559157e-05,abund,0.0,1,1,3.682606460470165e-05,0.9800186442127693
Kraken2,default,Kraken2_default,ZymoMockD6331,ZymoMockD6331,pacbio,SRR13128013,2986829,2986829,                        Flavobacterium sp. N2038,Flavobacterium sp. N2038,species,3.609022990559157e-05,abund,0.0,1,1,3.682606460470165e-05,0.9800186442127693
Kraken2,default,Kraken2_default,ZymoMockD6331,ZymoMockD6331,pacbio,SRR13128013,2986831,2986831,                        Flavobacterium sp. N2270,Flavobacterium sp. N2270,species,3.609022990559157e-05,abund,0.0,1,1,3.682606460470165e-05,0.9800186442127693
Kraken2,default,Kraken2_default,ZymoMockD6331,ZymoMockD6331,pacbio,SRR13128013,96345,96345,                      Flavobacterium psychrophilum,Flavobacterium psychrophilum,species,0.00018045114952795784,abund,0.0,5,5,0.00018413032302350827,0.9800186442127693
Kraken2,default,Kraken2_default,ZymoMockD6331,ZymoMockD6331,pacbio,SRR13128013,1617283,1617283,                      Flavobacterium nitrogenifigens,Flavobacterium nitrogenifigens,species,0.00014436091962236627,abund,0.0,4,4,0.0001473042584188066,0.9800186442127693
Kraken2,default,Kraken2_default,ZymoMockD6331,ZymoMockD6331,pacbio,SRR13128013,3003262,3003262,                      Flavobacterium limnophilum,Flavobacterium limnophilum,species,0.0001082706897167747,abund,0.0,3,3,0.00011047819381410495,0.9800186442127693
Kraken2,default,Kraken2_default,ZymoMockD6331,ZymoMockD6331,pacbio,SRR13128013,2602769,2602769,                      Flavobacterium alkalisoli,Flavobacterium alkalisoli,species,7.218045981118314e-05,abund,0.0,2,2,7.36521292094033e-05,0.9800186442127693
Kraken2,default,Kraken2_default,ZymoMockD6331,ZymoMockD6331,pacbio,SRR13128013,1563479,1563479,                      Flavobacterium dauae,Flavobacterium dauae,species,7.218045981118314e-05,abund,0.0,2,2,7.36521292094033e-05,0.9800186442127693
Kraken2,default,Kraken2_default,ZymoMockD6331,ZymoMockD6331,pacbio,SRR13128013,992289,992289,                      Flavobacterium nitratireducens,Flavobacterium nitratireducens,species,7.218045981118314e-05,abund,0.0,2,2,7.36521292094033e-05,0.9800186442127693
Kraken2,default,Kraken2_default,ZymoMockD6331,ZymoMockD6331,pacbio,SRR13128013,3003256,3003256,                      Flavobacterium marginilacus,Flavobacterium marginilacus,species,7.218045981118314e-05,abund,0.0,2,2,7.36521292094033e-05,0.9800186442127693
Kraken2,default,Kraken2_default,ZymoMockD6331,ZymoMockD6331,pacbio,SRR13128013,996,996,                      Flavobacterium columnare,Flavobacterium columnare,species,3.609022990559157e-05,abund,0.0,1,0,3.682606460470165e-05,0.9800186442127693
Kraken2,default,Kraken2_default,ZymoMockD6331,ZymoMockD6331,pacbio,SRR13128013,2518177,2518177,                      Flavobacterium sangjuense,Flavobacterium sangjuense,species,3.609022990559157e-05,abund,0.0,1,1,3.682606460470165e-05,0.9800186442127693
Kraken2,default,Kraken2_default,ZymoMockD6331,ZymoMockD6331,pacbio,SRR13128013,2547394,2547394,                      Flavobacterium nackdongense,Flavobacterium nackdongense,species,3.609022990559157e-05,abund,0.0,1,1,3.682606460470165e-05,0.9800186442127693
Kraken2,default,Kraken2_default,ZymoMockD6331,ZymoMockD6331,pacbio,SRR13128013,1751056,1751056,                      Flavobacterium ammonificans,Flavobacterium ammonificans,species,3.609022990559157e-05,abund,0.0,1,1,3.682606460470165e-05,0.9800186442127693
Kraken2,default,Kraken2_default,ZymoMockD6331,ZymoMockD6331,pacbio,SRR13128013,2897181,2897181,                      Flavobacterium channae,Flavobacterium channae,species,3.609022990559157e-05,abund,0.0,1,1,3.682606460470165e-05,0.9800186442127693
Kraken2,default,Kraken2_default,ZymoMockD6331,ZymoMockD6331,pacbio,SRR13128013,2906078,2906078,                      Flavobacterium oreochromis,Flavobacterium oreochromis,species,3.609022990559157e-05,abund,0.0,1,1,3.682606460470165e-05,0.9800186442127693
Kraken2,default,Kraken2_default,ZymoMockD6331,ZymoMockD6331,pacbio,SRR13128013,687844,687844,                      Flavobacterium ginsenosidimutans,Flavobacterium ginsenosidimutans,species,3.609022990559157e-05,abund,0.0,1,1,3.682606460470165e-05,0.9800186442127693
Kraken2,default,Kraken2_default,ZymoMockD6331,ZymoMockD6331,pacbio,SRR13128013,3093870,3093870,                        Polaribacter sp. R77954,Polaribacter sp. R77954,species,0.0001082706897167747,abund,0.0,3,3,0.00011047819381410495,0.9800186442127693
Kraken2,default,Kraken2_default,ZymoMockD6331,ZymoMockD6331,pacbio,SRR13128013,1855336,1855336,                        Polaribacter sp. KT25b,Polaribacter sp. KT25b,species,3.609022990559157e-05,abund,0.0,1,1,3.682606460470165e-05,0.9800186442127693
Kraken2,default,Kraken2_default,ZymoMockD6331,ZymoMockD6331,pacbio,SRR13128013,326329,326329,                      Polaribacter dokdonensis,Polaribacter dokdonensis,species,0.0001082706897167747,abund,0.0,3,3,0.00011047819381410495,0.9800186442127693
Kraken2,default,Kraken2_default,ZymoMockD6331,ZymoMockD6331,pacbio,SRR13128013,2738844,2738844,                      Polaribacter pectinis,Polaribacter pectinis,species,7.218045981118314e-05,abund,0.0,2,2,7.36521292094033e-05,0.9800186442127693
Kraken2,default,Kraken2_default,ZymoMockD6331,ZymoMockD6331,pacbio,SRR13128013,574710,574710,                      Polaribacter gangjinensis,Polaribacter gangjinensis,species,3.609022990559157e-05,abund,0.0,1,1,3.682606460470165e-05,0.9800186442127693
Kraken2,default,Kraken2_default,ZymoMockD6331,ZymoMockD6331,pacbio,SRR13128013,3040348,3040348,                      Aequorivita marisscotiae,Aequorivita marisscotiae,species,0.0002165413794335494,abund,0.0,6,6,0.0002209563876282099,0.9800186442127693
Kraken2,default,Kraken2_default,ZymoMockD6331,ZymoMockD6331,pacbio,SRR13128013,1287690,1287690,                      Aequorivita nionensis,Aequorivita nionensis,species,7.218045981118314e-05,abund,0.0,2,2,7.36521292094033e-05,0.9800186442127693
Kraken2,default,Kraken2_default,ZymoMockD6331,ZymoMockD6331,pacbio,SRR13128013,2494375,2494375,                      Aequorivita ciconiae,Aequorivita ciconiae,species,7.218045981118314e-05,abund,0.0,2,2,7.36521292094033e-05,0.9800186442127693
Kraken2,default,Kraken2_default,ZymoMockD6331,ZymoMockD6331,pacbio,SRR13128013,2905121,2905121,                        Flagellimonas sp. HMM57,Flagellimonas sp. HMM57,species,0.00018045114952795784,abund,0.0,5,5,0.00018413032302350827,0.9800186442127693
Kraken2,default,Kraken2_default,ZymoMockD6331,ZymoMockD6331,pacbio,SRR13128013,2058762,2058762,                        Flagellimonas sp.,Flagellimonas sp.,species,7.218045981118314e-05,abund,0.0,2,2,7.36521292094033e-05,0.9800186442127693
Kraken2,default,Kraken2_default,ZymoMockD6331,ZymoMockD6331,pacbio,SRR13128013,516051,516051,                      Flagellimonas lutaonensis,Flagellimonas lutaonensis,species,3.609022990559157e-05,abund,0.0,1,1,3.682606460470165e-05,0.9800186442127693
Kraken2,default,Kraken2_default,ZymoMockD6331,ZymoMockD6331,pacbio,SRR13128013,59600,59600,                      Cellulophaga algicola,Cellulophaga algicola,species,0.0002165413794335494,abund,0.0,6,0,0.0002209563876282099,0.9800186442127693
Kraken2,default,Kraken2_default,ZymoMockD6331,ZymoMockD6331,pacbio,SRR13128013,2745558,2745558,                        Cellulophaga sp. HaHa_2_95,Cellulophaga sp. HaHa_2_95,species,3.609022990559157e-05,abund,0.0,1,1,3.682606460470165e-05,0.9800186442127693
Kraken2,default,Kraken2_default,ZymoMockD6331,ZymoMockD6331,pacbio,SRR13128013,584609,584609,                      Tenacibaculum jejuense,Tenacibaculum jejuense,species,0.0001082706897167747,abund,0.0,3,3,0.00011047819381410495,0.9800186442127693
Kraken2,default,Kraken2_default,ZymoMockD6331,ZymoMockD6331,pacbio,SRR13128013,3137857,3137857,                      Tenacibaculum polynesiense,Tenacibaculum polynesiense,species,7.218045981118314e-05,abund,0.0,2,2,7.36521292094033e-05,0.9800186442127693
Kraken2,default,Kraken2_default,ZymoMockD6331,ZymoMockD6331,pacbio,SRR13128013,104270,104270,                      Tenacibaculum ovolyticum,Tenacibaculum ovolyticum,species,3.609022990559157e-05,abund,0.0,1,1,3.682606460470165e-05,0.9800186442127693
Kraken2,default,Kraken2_default,ZymoMockD6331,ZymoMockD6331,pacbio,SRR13128013,1218801,1218801,                      Kordia antarctica,Kordia antarctica,species,0.0001082706897167747,abund,0.0,3,3,0.00011047819381410495,0.9800186442127693
Kraken2,default,Kraken2_default,ZymoMockD6331,ZymoMockD6331,pacbio,SRR13128013,1965332,1965332,                        Kordia sp.,Kordia sp.,species,7.218045981118314e-05,abund,0.0,2,2,7.36521292094033e-05,0.9800186442127693
Kraken2,default,Kraken2_default,ZymoMockD6331,ZymoMockD6331,pacbio,SRR13128013,1191912,1191912,                        Aquimarina sp. Aq107,Aquimarina sp. Aq107,species,7.218045981118314e-05,abund,0.0,2,2,7.36521292094033e-05,0.9800186442127693
Kraken2,default,Kraken2_default,ZymoMockD6331,ZymoMockD6331,pacbio,SRR13128013,1714860,1714860,                        Aquimarina sp. BL5,Aquimarina sp. BL5,species,3.609022990559157e-05,abund,0.0,1,1,3.682606460470165e-05,0.9800186442127693
Kraken2,default,Kraken2_default,ZymoMockD6331,ZymoMockD6331,pacbio,SRR13128013,2736252,2736252,                        Aquimarina sp. TRL1,Aquimarina sp. TRL1,species,3.609022990559157e-05,abund,0.0,1,1,3.682606460470165e-05,0.9800186442127693
Kraken2,default,Kraken2_default,ZymoMockD6331,ZymoMockD6331,pacbio,SRR13128013,1798225,1798225,                        Formosa sp. Hel1_31_208,Formosa sp. Hel1_31_208,species,0.00014436091962236627,abund,0.0,4,4,0.0001473042584188066,0.9800186442127693
Kraken2,default,Kraken2_default,ZymoMockD6331,ZymoMockD6331,pacbio,SRR13128013,616991,616991,                      Arenibacter algicola,Arenibacter algicola,species,0.00014436091962236627,abund,0.0,4,4,0.0001473042584188066,0.9800186442127693
Kraken2,default,Kraken2_default,ZymoMockD6331,ZymoMockD6331,pacbio,SRR13128013,1250205,1250205,                        Gramella sp. MAR_2010_147,Gramella sp. MAR_2010_147,species,3.609022990559157e-05,abund,0.0,1,1,3.682606460470165e-05,0.9800186442127693
Kraken2,default,Kraken2_default,ZymoMockD6331,ZymoMockD6331,pacbio,SRR13128013,1850246,1850246,                      Urechidicola croceus,Urechidicola croceus,species,0.0001082706897167747,abund,0.0,3,3,0.00011047819381410495,0.9800186442127693
Kraken2,default,Kraken2_default,ZymoMockD6331,ZymoMockD6331,pacbio,SRR13128013,2686365,2686365,                        Algibacter sp. L1A34,Algibacter sp. L1A34,species,3.609022990559157e-05,abund,0.0,1,1,3.682606460470165e-05,0.9800186442127693
Kraken2,default,Kraken2_default,ZymoMockD6331,ZymoMockD6331,pacbio,SRR13128013,3093873,3093873,                        Algibacter sp. R77976,Algibacter sp. R77976,species,3.609022990559157e-05,abund,0.0,1,1,3.682606460470165e-05,0.9800186442127693
Kraken2,default,Kraken2_default,ZymoMockD6331,ZymoMockD6331,pacbio,SRR13128013,1761453,1761453,                      Euzebyella marina,Euzebyella marina,species,7.218045981118314e-05,abund,0.0,2,2,7.36521292094033e-05,0.9800186442127693
Kraken2,default,Kraken2_default,ZymoMockD6331,ZymoMockD6331,pacbio,SRR13128013,248906,248906,                      Zobellia laminariae,Zobellia laminariae,species,7.218045981118314e-05,abund,0.0,2,2,7.36521292094033e-05,0.9800186442127693
Kraken2,default,Kraken2_default,ZymoMockD6331,ZymoMockD6331,pacbio,SRR13128013,3060215,3060215,                      Lutimonas zeaxanthinifaciens,Lutimonas zeaxanthinifaciens,species,7.218045981118314e-05,abund,0.0,2,2,7.36521292094033e-05,0.9800186442127693
Kraken2,default,Kraken2_default,ZymoMockD6331,ZymoMockD6331,pacbio,SRR13128013,1630406,1630406,                        Tamlana sp. s12,Tamlana sp. s12,species,7.218045981118314e-05,abund,0.0,2,2,7.36521292094033e-05,0.9800186442127693
Kraken2,default,Kraken2_default,ZymoMockD6331,ZymoMockD6331,pacbio,SRR13128013,3098297,3098297,                        Winogradskyella sp. MIT101101,Winogradskyella sp. MIT101101,species,7.218045981118314e-05,abund,0.0,2,2,7.36521292094033e-05,0.9800186442127693
Kraken2,default,Kraken2_default,ZymoMockD6331,ZymoMockD6331,pacbio,SRR13128013,2916754,2916754,                        Flaviramulus sp. BrNp1-15,Flaviramulus sp. BrNp1-15,species,3.609022990559157e-05,abund,0.0,1,1,3.682606460470165e-05,0.9800186442127693
Kraken2,default,Kraken2_default,ZymoMockD6331,ZymoMockD6331,pacbio,SRR13128013,3063533,3063533,                      Flavivirga abyssicola,Flavivirga abyssicola,species,3.609022990559157e-05,abund,0.0,1,1,3.682606460470165e-05,0.9800186442127693
Kraken2,default,Kraken2_default,ZymoMockD6331,ZymoMockD6331,pacbio,SRR13128013,2584122,2584122,                      Aureibaculum algae,Aureibaculum algae,species,3.609022990559157e-05,abund,0.0,1,1,3.682606460470165e-05,0.9800186442127693
Kraken2,default,Kraken2_default,ZymoMockD6331,ZymoMockD6331,pacbio,SRR13128013,2926907,2926907,                      Abyssalbus ytuae,Abyssalbus ytuae,species,3.609022990559157e-05,abund,0.0,1,1,3.682606460470165e-05,0.9800186442127693
Kraken2,default,Kraken2_default,ZymoMockD6331,ZymoMockD6331,pacbio,SRR13128013,906888,906888,                      Nonlabens ulvanivorans,Nonlabens ulvanivorans,species,3.609022990559157e-05,abund,0.0,1,1,3.682606460470165e-05,0.9800186442127693
Kraken2,default,Kraken2_default,ZymoMockD6331,ZymoMockD6331,pacbio,SRR13128013,2058135,2058135,                        Olleya sp. Bg11-27,Olleya sp. Bg11-27,species,3.609022990559157e-05,abund,0.0,1,1,3.682606460470165e-05,0.9800186442127693
Kraken2,default,Kraken2_default,ZymoMockD6331,ZymoMockD6331,pacbio,SRR13128013,270918,270918,                      Salegentibacter mishustinae,Salegentibacter mishustinae,species,3.609022990559157e-05,abund,0.0,1,1,3.682606460470165e-05,0.9800186442127693
Kraken2,default,Kraken2_default,ZymoMockD6331,ZymoMockD6331,pacbio,SRR13128013,2820661,2820661,                      Candidatus Arcticimaribacter forsetii,Candidatus Arcticimaribacter forsetii,species,3.609022990559157e-05,abund,0.0,1,1,3.682606460470165e-05,0.9800186442127693
Kraken2,default,Kraken2_default,ZymoMockD6331,ZymoMockD6331,pacbio,SRR13128013,3160833,3160833,                        Leeuwenhoekiella sp. LLG6367-2.1,Leeuwenhoekiella sp. LLG6367-2.1,species,3.609022990559157e-05,abund,0.0,1,1,3.682606460470165e-05,0.9800186442127693
Kraken2,default,Kraken2_default,ZymoMockD6331,ZymoMockD6331,pacbio,SRR13128013,3093871,3093871,                        Maribacter sp. R77961,Maribacter sp. R77961,species,3.609022990559157e-05,abund,0.0,1,1,3.682606460470165e-05,0.9800186442127693
Kraken2,default,Kraken2_default,ZymoMockD6331,ZymoMockD6331,pacbio,SRR13128013,2487063,2487063,                          Chryseobacterium sp. G0162,Chryseobacterium sp. G0162,species,0.00018045114952795784,abund,0.0,5,5,0.00018413032302350827,0.9800186442127693
Kraken2,default,Kraken2_default,ZymoMockD6331,ZymoMockD6331,pacbio,SRR13128013,2594269,2594269,                          Chryseobacterium sp. SNU WT5,Chryseobacterium sp. SNU WT5,species,0.0001082706897167747,abund,0.0,3,3,0.00011047819381410495,0.9800186442127693
Kraken2,default,Kraken2_default,ZymoMockD6331,ZymoMockD6331,pacbio,SRR13128013,2838877,2838877,                          Chryseobacterium sp. ZHDP1,Chryseobacterium sp. ZHDP1,species,3.609022990559157e-05,abund,0.0,1,1,3.682606460470165e-05,0.9800186442127693
Kraken2,default,Kraken2_default,ZymoMockD6331,ZymoMockD6331,pacbio,SRR13128013,2745153,2745153,                          Chryseobacterium sp. MYb264,Chryseobacterium sp. MYb264,species,3.609022990559157e-05,abund,0.0,1,1,3.682606460470165e-05,0.9800186442127693
Kraken2,default,Kraken2_default,ZymoMockD6331,ZymoMockD6331,pacbio,SRR13128013,254,254,                        Chryseobacterium indoltheticum,Chryseobacterium indoltheticum,species,0.00014436091962236627,abund,0.0,4,4,0.0001473042584188066,0.9800186442127693
Kraken2,default,Kraken2_default,ZymoMockD6331,ZymoMockD6331,pacbio,SRR13128013,2956784,2956784,                        Chryseobacterium paludis,Chryseobacterium paludis,species,0.0001082706897167747,abund,0.0,3,3,0.00011047819381410495,0.9800186442127693
Kraken2,default,Kraken2_default,ZymoMockD6331,ZymoMockD6331,pacbio,SRR13128013,59733,59733,                        Chryseobacterium scophthalmum,Chryseobacterium scophthalmum,species,3.609022990559157e-05,abund,0.0,1,1,3.682606460470165e-05,0.9800186442127693
Kraken2,default,Kraken2_default,ZymoMockD6331,ZymoMockD6331,pacbio,SRR13128013,112234,112234,                        Chryseobacterium joostei,Chryseobacterium joostei,species,3.609022990559157e-05,abund,0.0,1,1,3.682606460470165e-05,0.9800186442127693
Kraken2,default,Kraken2_default,ZymoMockD6331,ZymoMockD6331,pacbio,SRR13128013,373672,373672,                        Chryseobacterium gambrini,Chryseobacterium gambrini,species,3.609022990559157e-05,abund,0.0,1,1,3.682606460470165e-05,0.9800186442127693
Kraken2,default,Kraken2_default,ZymoMockD6331,ZymoMockD6331,pacbio,SRR13128013,1854498,1854498,                        Chryseobacterium nepalense,Chryseobacterium nepalense,species,3.609022990559157e-05,abund,0.0,1,1,3.682606460470165e-05,0.9800186442127693
Kraken2,default,Kraken2_default,ZymoMockD6331,ZymoMockD6331,pacbio,SRR13128013,1124835,1124835,                        Chryseobacterium carnipullorum,Chryseobacterium carnipullorum,species,3.609022990559157e-05,abund,0.0,1,1,3.682606460470165e-05,0.9800186442127693
Kraken2,default,Kraken2_default,ZymoMockD6331,ZymoMockD6331,pacbio,SRR13128013,266748,266748,                        Kaistella antarctica,Kaistella antarctica,species,3.609022990559157e-05,abund,0.0,1,1,3.682606460470165e-05,0.9800186442127693
Kraken2,default,Kraken2_default,ZymoMockD6331,ZymoMockD6331,pacbio,SRR13128013,2898187,2898187,                      Faecalibacter bovis,Faecalibacter bovis,species,0.00018045114952795784,abund,0.0,5,5,0.00018413032302350827,0.9800186442127693
Kraken2,default,Kraken2_default,ZymoMockD6331,ZymoMockD6331,pacbio,SRR13128013,2004710,2004710,                      Cloacibacterium caeni,Cloacibacterium caeni,species,7.218045981118314e-05,abund,0.0,2,2,7.36521292094033e-05,0.9800186442127693
Kraken2,default,Kraken2_default,ZymoMockD6331,ZymoMockD6331,pacbio,SRR13128013,1628248,1628248,                      Empedobacter stercoris,Empedobacter stercoris,species,3.609022990559157e-05,abund,0.0,1,1,3.682606460470165e-05,0.9800186442127693
Kraken2,default,Kraken2_default,ZymoMockD6331,ZymoMockD6331,pacbio,SRR13128013,1653831,1653831,                      Blattabacterium cuenoti,Blattabacterium cuenoti,species,0.0003969925289615073,abund,0.0,11,11,0.0004050867106517182,0.9800186442127693
Kraken2,default,Kraken2_default,ZymoMockD6331,ZymoMockD6331,pacbio,SRR13128013,2862509,2862509,                      Paracrocinitomix mangrovi,Paracrocinitomix mangrovi,species,0.0001082706897167747,abund,0.0,3,3,0.00011047819381410495,0.9800186442127693
Kraken2,default,Kraken2_default,ZymoMockD6331,ZymoMockD6331,pacbio,SRR13128013,373891,373891,                      Flammeovirga kamogawensis,Flammeovirga kamogawensis,species,0.00014436091962236627,abund,0.0,4,4,0.0001473042584188066,0.9800186442127693
Kraken2,default,Kraken2_default,ZymoMockD6331,ZymoMockD6331,pacbio,SRR13128013,1324217,1324217,                      Imperialibacter roseus,Imperialibacter roseus,species,0.0001082706897167747,abund,0.0,3,3,0.00011047819381410495,0.9800186442127693
Kraken2,default,Kraken2_default,ZymoMockD6331,ZymoMockD6331,pacbio,SRR13128013,2994555,2994555,                      Chondrinema litorale,Chondrinema litorale,species,7.218045981118314e-05,abund,0.0,2,2,7.36521292094033e-05,0.9800186442127693
Kraken2,default,Kraken2_default,ZymoMockD6331,ZymoMockD6331,pacbio,SRR13128013,106,106,                      Runella slithyformis,Runella slithyformis,species,0.00014436091962236627,abund,0.0,4,0,0.0001473042584188066,0.9800186442127693
Kraken2,default,Kraken2_default,ZymoMockD6331,ZymoMockD6331,pacbio,SRR13128013,2861765,2861765,                        Dyadobacter sp. NIV53,Dyadobacter sp. NIV53,species,7.218045981118314e-05,abund,0.0,2,2,7.36521292094033e-05,0.9800186442127693
Kraken2,default,Kraken2_default,ZymoMockD6331,ZymoMockD6331,pacbio,SRR13128013,2772483,2772483,                        Algoriphagus sp. Y33,Algoriphagus sp. Y33,species,0.0001082706897167747,abund,0.0,3,3,0.00011047819381410495,0.9800186442127693
Kraken2,default,Kraken2_default,ZymoMockD6331,ZymoMockD6331,pacbio,SRR13128013,388413,388413,                      Algoriphagus machipongonensis,Algoriphagus machipongonensis,species,3.609022990559157e-05,abund,0.0,1,1,3.682606460470165e-05,0.9800186442127693
Kraken2,default,Kraken2_default,ZymoMockD6331,ZymoMockD6331,pacbio,SRR13128013,320787,320787,                      Cyclobacterium amurskyense,Cyclobacterium amurskyense,species,3.609022990559157e-05,abund,0.0,1,1,3.682606460470165e-05,0.9800186442127693
Kraken2,default,Kraken2_default,ZymoMockD6331,ZymoMockD6331,pacbio,SRR13128013,1006,1006,                      Marivirga tractuosa,Marivirga tractuosa,species,7.218045981118314e-05,abund,0.0,2,2,7.36521292094033e-05,0.9800186442127693
Kraken2,default,Kraken2_default,ZymoMockD6331,ZymoMockD6331,pacbio,SRR13128013,2010992,2010992,                      Marivirga harenae,Marivirga harenae,species,7.218045981118314e-05,abund,0.0,2,2,7.36521292094033e-05,0.9800186442127693
Kraken2,default,Kraken2_default,ZymoMockD6331,ZymoMockD6331,pacbio,SRR13128013,3059076,3059076,                      Marivirga arenosa,Marivirga arenosa,species,3.609022990559157e-05,abund,0.0,1,1,3.682606460470165e-05,0.9800186442127693
Kraken2,default,Kraken2_default,ZymoMockD6331,ZymoMockD6331,pacbio,SRR13128013,2520506,2520506,                        Spirosoma sp. KCTC 42546,Spirosoma sp. KCTC 42546,species,7.218045981118314e-05,abund,0.0,2,2,7.36521292094033e-05,0.9800186442127693
Kraken2,default,Kraken2_default,ZymoMockD6331,ZymoMockD6331,pacbio,SRR13128013,2516557,2516557,                      Aquirufa nivalisilvae,Aquirufa nivalisilvae,species,3.609022990559157e-05,abund,0.0,1,1,3.682606460470165e-05,0.9800186442127693
Kraken2,default,Kraken2_default,ZymoMockD6331,ZymoMockD6331,pacbio,SRR13128013,2696560,2696560,                      Aquirufa lenticrescens,Aquirufa lenticrescens,species,3.609022990559157e-05,abund,0.0,1,1,3.682606460470165e-05,0.9800186442127693
Kraken2,default,Kraken2_default,ZymoMockD6331,ZymoMockD6331,pacbio,SRR13128013,2916755,2916755,                        Emticicia sp. 21SJ11W-3,Emticicia sp. 21SJ11W-3,species,3.609022990559157e-05,abund,0.0,1,1,3.682606460470165e-05,0.9800186442127693
Kraken2,default,Kraken2_default,ZymoMockD6331,ZymoMockD6331,pacbio,SRR13128013,2904247,2904247,                      Fulvivirga maritima,Fulvivirga maritima,species,3.609022990559157e-05,abund,0.0,1,1,3.682606460470165e-05,0.9800186442127693
Kraken2,default,Kraken2_default,ZymoMockD6331,ZymoMockD6331,pacbio,SRR13128013,3025666,3025666,                        Mucilaginibacter sp. KACC 22063,Mucilaginibacter sp. KACC 22063,species,0.00014436091962236627,abund,0.0,4,4,0.0001473042584188066,0.9800186442127693
Kraken2,default,Kraken2_default,ZymoMockD6331,ZymoMockD6331,pacbio,SRR13128013,3402687,3402687,                        Mucilaginibacter sp. NFX135,Mucilaginibacter sp. NFX135,species,3.609022990559157e-05,abund,0.0,1,1,3.682606460470165e-05,0.9800186442127693
Kraken2,default,Kraken2_default,ZymoMockD6331,ZymoMockD6331,pacbio,SRR13128013,2740462,2740462,                      Mucilaginibacter mali,Mucilaginibacter mali,species,3.609022990559157e-05,abund,0.0,1,1,3.682606460470165e-05,0.9800186442127693
Kraken2,default,Kraken2_default,ZymoMockD6331,ZymoMockD6331,pacbio,SRR13128013,423351,423351,                      Mucilaginibacter paludis,Mucilaginibacter paludis,species,3.609022990559157e-05,abund,0.0,1,0,3.682606460470165e-05,0.9800186442127693
Kraken2,default,Kraken2_default,ZymoMockD6331,ZymoMockD6331,pacbio,SRR13128013,1550579,1550579,                      Mucilaginibacter gotjawali,Mucilaginibacter gotjawali,species,3.609022990559157e-05,abund,0.0,1,1,3.682606460470165e-05,0.9800186442127693
Kraken2,default,Kraken2_default,ZymoMockD6331,ZymoMockD6331,pacbio,SRR13128013,1727164,1727164,                        Pedobacter sp. PACM 27299,Pedobacter sp. PACM 27299,species,0.0001082706897167747,abund,0.0,3,3,0.00011047819381410495,0.9800186442127693
Kraken2,default,Kraken2_default,ZymoMockD6331,ZymoMockD6331,pacbio,SRR13128013,188932,188932,                      Pedobacter cryoconitis,Pedobacter cryoconitis,species,3.609022990559157e-05,abund,0.0,1,1,3.682606460470165e-05,0.9800186442127693
Kraken2,default,Kraken2_default,ZymoMockD6331,ZymoMockD6331,pacbio,SRR13128013,2605747,2605747,                      Pedobacter aquae,Pedobacter aquae,species,3.609022990559157e-05,abund,0.0,1,1,3.682606460470165e-05,0.9800186442127693
Kraken2,default,Kraken2_default,ZymoMockD6331,ZymoMockD6331,pacbio,SRR13128013,2557994,2557994,                        Sphingobacterium sp. CZ-2,Sphingobacterium sp. CZ-2,species,0.0001082706897167747,abund,0.0,3,3,0.00011047819381410495,0.9800186442127693
Kraken2,default,Kraken2_default,ZymoMockD6331,ZymoMockD6331,pacbio,SRR13128013,371142,371142,                      Sphingobacterium daejeonense,Sphingobacterium daejeonense,species,3.609022990559157e-05,abund,0.0,1,1,3.682606460470165e-05,0.9800186442127693
Kraken2,default,Kraken2_default,ZymoMockD6331,ZymoMockD6331,pacbio,SRR13128013,995,995,                      Solitalea canadensis,Solitalea canadensis,species,3.609022990559157e-05,abund,0.0,1,0,3.682606460470165e-05,0.9800186442127693
Kraken2,default,Kraken2_default,ZymoMockD6331,ZymoMockD6331,pacbio,SRR13128013,151895,151895,                      Pseudopedobacter saltans,Pseudopedobacter saltans,species,3.609022990559157e-05,abund,0.0,1,0,3.682606460470165e-05,0.9800186442127693
Kraken2,default,Kraken2_default,ZymoMockD6331,ZymoMockD6331,pacbio,SRR13128013,79329,79329,                      Chitinophaga pinensis,Chitinophaga pinensis,species,7.218045981118314e-05,abund,0.0,2,0,7.36521292094033e-05,0.9800186442127693
Kraken2,default,Kraken2_default,ZymoMockD6331,ZymoMockD6331,pacbio,SRR13128013,2267521,2267521,                      Chitinophaga caseinilytica,Chitinophaga caseinilytica,species,7.218045981118314e-05,abund,0.0,2,2,7.36521292094033e-05,0.9800186442127693
Kraken2,default,Kraken2_default,ZymoMockD6331,ZymoMockD6331,pacbio,SRR13128013,536979,536979,                      Chitinophaga niabensis,Chitinophaga niabensis,species,3.609022990559157e-05,abund,0.0,1,1,3.682606460470165e-05,0.9800186442127693
Kraken2,default,Kraken2_default,ZymoMockD6331,ZymoMockD6331,pacbio,SRR13128013,2725414,2725414,                      Chitinophaga oryzae,Chitinophaga oryzae,species,3.609022990559157e-05,abund,0.0,1,1,3.682606460470165e-05,0.9800186442127693
Kraken2,default,Kraken2_default,ZymoMockD6331,ZymoMockD6331,pacbio,SRR13128013,477680,477680,                      Filimonas lacunae,Filimonas lacunae,species,7.218045981118314e-05,abund,0.0,2,2,7.36521292094033e-05,0.9800186442127693
Kraken2,default,Kraken2_default,ZymoMockD6331,ZymoMockD6331,pacbio,SRR13128013,661481,661481,                      Flavisolibacter ginsenosidimutans,Flavisolibacter ginsenosidimutans,species,3.609022990559157e-05,abund,0.0,1,1,3.682606460470165e-05,0.9800186442127693
Kraken2,default,Kraken2_default,ZymoMockD6331,ZymoMockD6331,pacbio,SRR13128013,575378,575378,                        Sediminibacterium sp. TEGAF015,Sediminibacterium sp. TEGAF015,species,3.609022990559157e-05,abund,0.0,1,1,3.682606460470165e-05,0.9800186442127693
Kraken2,default,Kraken2_default,ZymoMockD6331,ZymoMockD6331,pacbio,SRR13128013,2864201,2864201,                      Aureispira anguillae,Aureispira anguillae,species,7.218045981118314e-05,abund,0.0,2,2,7.36521292094033e-05,0.9800186442127693
Kraken2,default,Kraken2_default,ZymoMockD6331,ZymoMockD6331,pacbio,SRR13128013,591197,591197,                      Ignavibacterium album,Ignavibacterium album,species,3.609022990559157e-05,abund,0.0,1,0,3.682606460470165e-05,0.9800186442127693
Kraken2,default,Kraken2_default,ZymoMockD6331,ZymoMockD6331,pacbio,SRR13128013,3101350,3101350,                      Candidatus Palauibacter sp.,Candidatus Palauibacter sp.,species,7.218045981118314e-05,abund,0.0,2,2,7.36521292094033e-05,0.9800186442127693
Kraken2,default,Kraken2_default,ZymoMockD6331,ZymoMockD6331,pacbio,SRR13128013,562,562,                  Escherichia coli,Escherichia coli,species,15.421319148429372,abund,15.42,427299,358376,15.735740579524412,0.9800186442127693
Kraken2,default,Kraken2_default,ZymoMockD6331,ZymoMockD6331,pacbio,SRR13128013,208962,208962,                  Escherichia albertii,Escherichia albertii,species,0.053016547731314013,abund,0.05,1469,1461,0.05409748890430673,0.9800186442127693
Kraken2,default,Kraken2_default,ZymoMockD6331,ZymoMockD6331,pacbio,SRR13128013,564,564,                  Escherichia fergusonii,Escherichia fergusonii,species,0.030063161511357774,abund,0.03,833,820,0.030676111815716472,0.9800186442127693
Kraken2,default,Kraken2_default,ZymoMockD6331,ZymoMockD6331,pacbio,SRR13128013,2044467,2044467,                    Escherichia sp. E4742,Escherichia sp. E4742,species,0.0089864672464923,abund,0.01,249,249,0.009169690086570712,0.9800186442127693
Kraken2,default,Kraken2_default,ZymoMockD6331,ZymoMockD6331,pacbio,SRR13128013,1849427,1849427,                    Escherichia sp. F1,Escherichia sp. F1,species,0.002670677013013776,abund,0.0,74,74,0.0027251287807479223,0.9800186442127693
Kraken2,default,Kraken2_default,ZymoMockD6331,ZymoMockD6331,pacbio,SRR13128013,2509666,2509666,                    Escherichia sp. KS167_9B,Escherichia sp. KS167_9B,species,0.00018045114952795784,abund,0.0,5,5,0.00018413032302350827,0.9800186442127693
Kraken2,default,Kraken2_default,ZymoMockD6331,ZymoMockD6331,pacbio,SRR13128013,2509662,2509662,                    Escherichia sp. HH091_1A,Escherichia sp. HH091_1A,species,0.00014436091962236627,abund,0.0,4,4,0.0001473042584188066,0.9800186442127693
Kraken2,default,Kraken2_default,ZymoMockD6331,ZymoMockD6331,pacbio,SRR13128013,2509664,2509664,                    Escherichia sp. HH154_1D,Escherichia sp. HH154_1D,species,7.218045981118314e-05,abund,0.0,2,2,7.36521292094033e-05,0.9800186442127693
Kraken2,default,Kraken2_default,ZymoMockD6331,ZymoMockD6331,pacbio,SRR13128013,2725997,2725997,                    Escherichia sp. SCLE84,Escherichia sp. SCLE84,species,3.609022990559157e-05,abund,0.0,1,1,3.682606460470165e-05,0.9800186442127693
Kraken2,default,Kraken2_default,ZymoMockD6331,ZymoMockD6331,pacbio,SRR13128013,1499973,1499973,                  Escherichia marmotae,Escherichia marmotae,species,0.010430076442715963,abund,0.01,289,289,0.010642732670758779,0.9800186442127693
Kraken2,default,Kraken2_default,ZymoMockD6331,ZymoMockD6331,pacbio,SRR13128013,623,623,                  Shigella flexneri,Shigella flexneri,species,0.0308210563393752,abund,0.03,854,458,0.03144945917241521,0.9800186442127693
Kraken2,default,Kraken2_default,ZymoMockD6331,ZymoMockD6331,pacbio,SRR13128013,622,622,                  Shigella dysenteriae,Shigella dysenteriae,species,0.02024661897703687,abund,0.02,561,560,0.020659422243237628,0.9800186442127693
Kraken2,default,Kraken2_default,ZymoMockD6331,ZymoMockD6331,pacbio,SRR13128013,621,621,                  Shigella boydii,Shigella boydii,species,0.0201022580574145,abund,0.02,557,554,0.02051211798481882,0.9800186442127693
Kraken2,default,Kraken2_default,ZymoMockD6331,ZymoMockD6331,pacbio,SRR13128013,624,624,                  Shigella sonnei,Shigella sonnei,species,0.002165413794335494,abund,0.0,60,60,0.002209563876282099,0.9800186442127693
Kraken2,default,Kraken2_default,ZymoMockD6331,ZymoMockD6331,pacbio,SRR13128013,67827,67827,                    Citrobacter werkmanii,Citrobacter werkmanii,species,0.007398497130646271,abund,0.01,205,205,0.007549343243963839,0.9800186442127693
Kraken2,default,Kraken2_default,ZymoMockD6331,ZymoMockD6331,pacbio,SRR13128013,57706,57706,                    Citrobacter braakii,Citrobacter braakii,species,0.003067669541975283,abund,0.0,85,85,0.00313021549139964,0.9800186442127693
Kraken2,default,Kraken2_default,ZymoMockD6331,ZymoMockD6331,pacbio,SRR13128013,1639133,1639133,                    Citrobacter portucalensis,Citrobacter portucalensis,species,0.001984962644807536,abund,0.0,55,55,0.002025433553258591,0.9800186442127693
Kraken2,default,Kraken2_default,ZymoMockD6331,ZymoMockD6331,pacbio,SRR13128013,546,546,                    Citrobacter freundii,Citrobacter freundii,species,0.000830075287828606,abund,0.0,23,23,0.000846999485908138,0.9800186442127693
Kraken2,default,Kraken2_default,ZymoMockD6331,ZymoMockD6331,pacbio,SRR13128013,133448,133448,                    Citrobacter youngae,Citrobacter youngae,species,0.00018045114952795784,abund,0.0,5,5,0.00018413032302350827,0.9800186442127693
Kraken2,default,Kraken2_default,ZymoMockD6331,ZymoMockD6331,pacbio,SRR13128013,2066049,2066049,                      Citrobacter freundii complex sp. CFNIH2,Citrobacter freundii complex sp. CFNIH2,species,0.0001082706897167747,abund,0.0,3,3,0.00011047819381410495,0.9800186442127693
Kraken2,default,Kraken2_default,ZymoMockD6331,ZymoMockD6331,pacbio,SRR13128013,1573676,1573676,                    Citrobacter sp. R56,Citrobacter sp. R56,species,0.0011548873569789302,abund,0.0,32,32,0.0011784340673504528,0.9800186442127693
Kraken2,default,Kraken2_default,ZymoMockD6331,ZymoMockD6331,pacbio,SRR13128013,2742624,2742624,                    Citrobacter sp. RHB25-C09,Citrobacter sp. RHB25-C09,species,0.0001082706897167747,abund,0.0,3,3,0.00011047819381410495,0.9800186442127693
Kraken2,default,Kraken2_default,ZymoMockD6331,ZymoMockD6331,pacbio,SRR13128013,2781952,2781952,                    Citrobacter sp. BDA59-3,Citrobacter sp. BDA59-3,species,3.609022990559157e-05,abund,0.0,1,1,3.682606460470165e-05,0.9800186442127693
Kraken2,default,Kraken2_default,ZymoMockD6331,ZymoMockD6331,pacbio,SRR13128013,2971264,2971264,                  Citrobacter enshiensis,Citrobacter enshiensis,species,0.0007939850579230146,abund,0.0,22,22,0.0008101734213034364,0.9800186442127693
Kraken2,default,Kraken2_default,ZymoMockD6331,ZymoMockD6331,pacbio,SRR13128013,35703,35703,                  Citrobacter amalonaticus,Citrobacter amalonaticus,species,0.0005413534485838734,abund,0.0,15,3,0.0005523909690705247,0.9800186442127693
Kraken2,default,Kraken2_default,ZymoMockD6331,ZymoMockD6331,pacbio,SRR13128013,67824,67824,                  Citrobacter farmeri,Citrobacter farmeri,species,0.0004330827588670988,abund,0.0,12,12,0.0004419127752564198,0.9800186442127693
Kraken2,default,Kraken2_default,ZymoMockD6331,ZymoMockD6331,pacbio,SRR13128013,545,545,                  Citrobacter koseri,Citrobacter koseri,species,0.00025263160933914095,abund,0.0,7,7,0.00025778245223291157,0.9800186442127693
Kraken2,default,Kraken2_default,ZymoMockD6331,ZymoMockD6331,pacbio,SRR13128013,67825,67825,                  Citrobacter rodentium,Citrobacter rodentium,species,0.0002165413794335494,abund,0.0,6,6,0.0002209563876282099,0.9800186442127693
Kraken2,default,Kraken2_default,ZymoMockD6331,ZymoMockD6331,pacbio,SRR13128013,2894201,2894201,                  Citrobacter meridianamericanus,Citrobacter meridianamericanus,species,0.00018045114952795784,abund,0.0,5,5,0.00018413032302350827,0.9800186442127693
Kraken2,default,Kraken2_default,ZymoMockD6331,ZymoMockD6331,pacbio,SRR13128013,2546350,2546350,                  Citrobacter arsenatis,Citrobacter arsenatis,species,3.609022990559157e-05,abund,0.0,1,1,3.682606460470165e-05,0.9800186442127693
Kraken2,default,Kraken2_default,ZymoMockD6331,ZymoMockD6331,pacbio,SRR13128013,2562449,2562449,                  Citrobacter tructae,Citrobacter tructae,species,3.609022990559157e-05,abund,0.0,1,1,3.682606460470165e-05,0.9800186442127693
Kraken2,default,Kraken2_default,ZymoMockD6331,ZymoMockD6331,pacbio,SRR13128013,28901,28901,                  Salmonella enterica,Salmonella enterica,species,0.020824062655526335,abund,0.02,577,116,0.021248639276912853,0.9800186442127693
Kraken2,default,Kraken2_default,ZymoMockD6331,ZymoMockD6331,pacbio,SRR13128013,54736,54736,                  Salmonella bongori,Salmonella bongori,species,0.00014436091962236627,abund,0.0,4,4,0.0001473042584188066,0.9800186442127693
Kraken2,default,Kraken2_default,ZymoMockD6331,ZymoMockD6331,pacbio,SRR13128013,573,573,                      Klebsiella pneumoniae,Klebsiella pneumoniae,species,0.012378948857617906,abund,0.01,343,312,0.012631340159412665,0.9800186442127693
Kraken2,default,Kraken2_default,ZymoMockD6331,ZymoMockD6331,pacbio,SRR13128013,244366,244366,                      Klebsiella variicola,Klebsiella variicola,species,0.0012992482766012964,abund,0.0,36,31,0.0013257383257692594,0.9800186442127693
Kraken2,default,Kraken2_default,ZymoMockD6331,ZymoMockD6331,pacbio,SRR13128013,1463165,1463165,                      Klebsiella quasipneumoniae,Klebsiella quasipneumoniae,species,0.0003248120691503241,abund,0.0,9,6,0.00033143458144231484,0.9800186442127693
Kraken2,default,Kraken2_default,ZymoMockD6331,ZymoMockD6331,pacbio,SRR13128013,1134687,1134687,                    Klebsiella michiganensis,Klebsiella michiganensis,species,0.0005052632186782819,abund,0.0,14,13,0.0005155649044658231,0.9800186442127693
Kraken2,default,Kraken2_default,ZymoMockD6331,ZymoMockD6331,pacbio,SRR13128013,571,571,                    Klebsiella oxytoca,Klebsiella oxytoca,species,0.0003969925289615073,abund,0.0,11,11,0.0004050867106517182,0.9800186442127693
Kraken2,default,Kraken2_default,ZymoMockD6331,ZymoMockD6331,pacbio,SRR13128013,1905288,1905288,                      Klebsiella sp. LTGPAF-6F,Klebsiella sp. LTGPAF-6F,species,7.218045981118314e-05,abund,0.0,2,2,7.36521292094033e-05,0.9800186442127693
Kraken2,default,Kraken2_default,ZymoMockD6331,ZymoMockD6331,pacbio,SRR13128013,2697371,2697371,                      Klebsiella sp. MPUS7,Klebsiella sp. MPUS7,species,7.218045981118314e-05,abund,0.0,2,2,7.36521292094033e-05,0.9800186442127693
Kraken2,default,Kraken2_default,ZymoMockD6331,ZymoMockD6331,pacbio,SRR13128013,2834819,2834819,                      Klebsiella sp. A52,Klebsiella sp. A52,species,3.609022990559157e-05,abund,0.0,1,1,3.682606460470165e-05,0.9800186442127693
Kraken2,default,Kraken2_default,ZymoMockD6331,ZymoMockD6331,pacbio,SRR13128013,2851540,2851540,                      Klebsiella sp. PL-2018,Klebsiella sp. PL-2018,species,3.609022990559157e-05,abund,0.0,1,1,3.682606460470165e-05,0.9800186442127693
Kraken2,default,Kraken2_default,ZymoMockD6331,ZymoMockD6331,pacbio,SRR13128013,2873296,2873296,                      Klebsiella sp. CTHL.F3a,Klebsiella sp. CTHL.F3a,species,3.609022990559157e-05,abund,0.0,1,1,3.682606460470165e-05,0.9800186442127693
Kraken2,default,Kraken2_default,ZymoMockD6331,ZymoMockD6331,pacbio,SRR13128013,2897413,2897413,                      Klebsiella sp. KPN54798,Klebsiella sp. KPN54798,species,3.609022990559157e-05,abund,0.0,1,1,3.682606460470165e-05,0.9800186442127693
Kraken2,default,Kraken2_default,ZymoMockD6331,ZymoMockD6331,pacbio,SRR13128013,548,548,                    Klebsiella aerogenes,Klebsiella aerogenes,species,0.0003609022990559157,abund,0.0,10,8,0.00036826064604701653,0.9800186442127693
Kraken2,default,Kraken2_default,ZymoMockD6331,ZymoMockD6331,pacbio,SRR13128013,2153354,2153354,                    Klebsiella huaxiensis,Klebsiella huaxiensis,species,0.0001082706897167747,abund,0.0,3,3,0.00011047819381410495,0.9800186442127693
Kraken2,default,Kraken2_default,ZymoMockD6331,ZymoMockD6331,pacbio,SRR13128013,2058152,2058152,                    Klebsiella grimontii,Klebsiella grimontii,species,7.218045981118314e-05,abund,0.0,2,2,7.36521292094033e-05,0.9800186442127693
Kraken2,default,Kraken2_default,ZymoMockD6331,ZymoMockD6331,pacbio,SRR13128013,1259973,1259973,                    Klebsiella electrica,Klebsiella electrica,species,3.609022990559157e-05,abund,0.0,1,1,3.682606460470165e-05,0.9800186442127693
Kraken2,default,Kraken2_default,ZymoMockD6331,ZymoMockD6331,pacbio,SRR13128013,2489010,2489010,                    Klebsiella africana,Klebsiella africana,species,3.609022990559157e-05,abund,0.0,1,1,3.682606460470165e-05,0.9800186442127693
Kraken2,default,Kraken2_default,ZymoMockD6331,ZymoMockD6331,pacbio,SRR13128013,54291,54291,                    Raoultella ornithinolytica,Raoultella ornithinolytica,species,0.001912782184996353,abund,0.0,53,53,0.0019517814240491873,0.9800186442127693
Kraken2,default,Kraken2_default,ZymoMockD6331,ZymoMockD6331,pacbio,SRR13128013,575,575,                    Raoultella planticola,Raoultella planticola,species,7.218045981118314e-05,abund,0.0,2,2,7.36521292094033e-05,0.9800186442127693
Kraken2,default,Kraken2_default,ZymoMockD6331,ZymoMockD6331,pacbio,SRR13128013,577,577,                    Raoultella terrigena,Raoultella terrigena,species,7.218045981118314e-05,abund,0.0,2,2,7.36521292094033e-05,0.9800186442127693
Kraken2,default,Kraken2_default,ZymoMockD6331,ZymoMockD6331,pacbio,SRR13128013,2923366,2923366,                      Raoultella sp. HC6,Raoultella sp. HC6,species,3.609022990559157e-05,abund,0.0,1,1,3.682606460470165e-05,0.9800186442127693
Kraken2,default,Kraken2_default,ZymoMockD6331,ZymoMockD6331,pacbio,SRR13128013,2707174,2707174,                    Enterobacter sp. T2,Enterobacter sp. T2,species,0.007073685061495947,abund,0.01,196,196,0.007217908662521523,0.9800186442127693
Kraken2,default,Kraken2_default,ZymoMockD6331,ZymoMockD6331,pacbio,SRR13128013,2724468,2724468,                    Enterobacter sp. JUb54,Enterobacter sp. JUb54,species,0.0009744362074509723,abund,0.0,27,27,0.0009943037443269447,0.9800186442127693
Kraken2,default,Kraken2_default,ZymoMockD6331,ZymoMockD6331,pacbio,SRR13128013,3116479,3116479,                    Enterobacter sp. ECC-175,Enterobacter sp. ECC-175,species,7.218045981118314e-05,abund,0.0,2,2,7.36521292094033e-05,0.9800186442127693
Kraken2,default,Kraken2_default,ZymoMockD6331,ZymoMockD6331,pacbio,SRR13128013,2976431,2976431,                    Enterobacter sp. CP102,Enterobacter sp. CP102,species,7.218045981118314e-05,abund,0.0,2,2,7.36521292094033e-05,0.9800186442127693
Kraken2,default,Kraken2_default,ZymoMockD6331,ZymoMockD6331,pacbio,SRR13128013,2742676,2742676,                    Enterobacter sp. RHBSTW-00994,Enterobacter sp. RHBSTW-00994,species,3.609022990559157e-05,abund,0.0,1,1,3.682606460470165e-05,0.9800186442127693
Kraken2,default,Kraken2_default,ZymoMockD6331,ZymoMockD6331,pacbio,SRR13128013,1166130,1166130,                    Enterobacter sp. R4-368,Enterobacter sp. R4-368,species,3.609022990559157e-05,abund,0.0,1,1,3.682606460470165e-05,0.9800186442127693
Kraken2,default,Kraken2_default,ZymoMockD6331,ZymoMockD6331,pacbio,SRR13128013,2831891,2831891,                    Enterobacter sp. JBIWA005,Enterobacter sp. JBIWA005,species,3.609022990559157e-05,abund,0.0,1,1,3.682606460470165e-05,0.9800186442127693
Kraken2,default,Kraken2_default,ZymoMockD6331,ZymoMockD6331,pacbio,SRR13128013,3104013,3104013,                    Enterobacter sp. PGRG2,Enterobacter sp. PGRG2,species,3.609022990559157e-05,abund,0.0,1,1,3.682606460470165e-05,0.9800186442127693
Kraken2,default,Kraken2_default,ZymoMockD6331,ZymoMockD6331,pacbio,SRR13128013,158836,158836,                    Enterobacter hormaechei,Enterobacter hormaechei,species,0.0024541356335802266,abund,0.0,68,65,0.0025041723931197124,0.9800186442127693
Kraken2,default,Kraken2_default,ZymoMockD6331,ZymoMockD6331,pacbio,SRR13128013,1812935,1812935,                    Enterobacter roggenkampii,Enterobacter roggenkampii,species,0.0007939850579230146,abund,0.0,22,22,0.0008101734213034364,0.9800186442127693
Kraken2,default,Kraken2_default,ZymoMockD6331,ZymoMockD6331,pacbio,SRR13128013,61645,61645,                    Enterobacter asburiae,Enterobacter asburiae,species,0.0006857143682062398,abund,0.0,19,19,0.0006996952274893315,0.9800186442127693
Kraken2,default,Kraken2_default,ZymoMockD6331,ZymoMockD6331,pacbio,SRR13128013,2798729,2798729,                      Enterobacter cloacae complex sp. AR_0002,Enterobacter cloacae complex sp. AR_0002,species,0.0001082706897167747,abund,0.0,3,3,0.00011047819381410495,0.9800186442127693
Kraken2,default,Kraken2_default,ZymoMockD6331,ZymoMockD6331,pacbio,SRR13128013,2850493,2850493,                      Enterobacter cloacae complex sp. ECL112,Enterobacter cloacae complex sp. ECL112,species,7.218045981118314e-05,abund,0.0,2,2,7.36521292094033e-05,0.9800186442127693
Kraken2,default,Kraken2_default,ZymoMockD6331,ZymoMockD6331,pacbio,SRR13128013,2850078,2850078,                      Enterobacter cloacae complex sp. ECL72,Enterobacter cloacae complex sp. ECL72,species,7.218045981118314e-05,abund,0.0,2,2,7.36521292094033e-05,0.9800186442127693
Kraken2,default,Kraken2_default,ZymoMockD6331,ZymoMockD6331,pacbio,SRR13128013,2027919,2027919,                      Enterobacter cloacae complex sp.,Enterobacter cloacae complex sp.,species,3.609022990559157e-05,abund,0.0,1,1,3.682606460470165e-05,0.9800186442127693
Kraken2,default,Kraken2_default,ZymoMockD6331,ZymoMockD6331,pacbio,SRR13128013,550,550,                    Enterobacter cloacae,Enterobacter cloacae,species,0.00025263160933914095,abund,0.0,7,6,0.00025778245223291157,0.9800186442127693
Kraken2,default,Kraken2_default,ZymoMockD6331,ZymoMockD6331,pacbio,SRR13128013,208224,208224,                    Enterobacter kobei,Enterobacter kobei,species,0.00025263160933914095,abund,0.0,7,7,0.00025778245223291157,0.9800186442127693
Kraken2,default,Kraken2_default,ZymoMockD6331,ZymoMockD6331,pacbio,SRR13128013,2071710,2071710,                    Enterobacter sichuanensis,Enterobacter sichuanensis,species,0.0002165413794335494,abund,0.0,6,6,0.0002209563876282099,0.9800186442127693
Kraken2,default,Kraken2_default,ZymoMockD6331,ZymoMockD6331,pacbio,SRR13128013,299767,299767,                    Enterobacter ludwigii,Enterobacter ludwigii,species,0.00014436091962236627,abund,0.0,4,4,0.0001473042584188066,0.9800186442127693
Kraken2,default,Kraken2_default,ZymoMockD6331,ZymoMockD6331,pacbio,SRR13128013,69218,69218,                    Enterobacter cancerogenus,Enterobacter cancerogenus,species,7.218045981118314e-05,abund,0.0,2,2,7.36521292094033e-05,0.9800186442127693
Kraken2,default,Kraken2_default,ZymoMockD6331,ZymoMockD6331,pacbio,SRR13128013,2497875,2497875,                    Enterobacter chuandaensis,Enterobacter chuandaensis,species,7.218045981118314e-05,abund,0.0,2,2,7.36521292094033e-05,0.9800186442127693
Kraken2,default,Kraken2_default,ZymoMockD6331,ZymoMockD6331,pacbio,SRR13128013,3029761,3029761,                    Enterobacter pasteurii,Enterobacter pasteurii,species,3.609022990559157e-05,abund,0.0,1,1,3.682606460470165e-05,0.9800186442127693
Kraken2,default,Kraken2_default,ZymoMockD6331,ZymoMockD6331,pacbio,SRR13128013,881260,881260,                  Enterobacter bugandensis,Enterobacter bugandensis,species,0.0030315793120696917,abund,0.0,84,84,0.0030933894267949386,0.9800186442127693
Kraken2,default,Kraken2_default,ZymoMockD6331,ZymoMockD6331,pacbio,SRR13128013,539813,539813,                  Enterobacter mori,Enterobacter mori,species,0.00018045114952795784,abund,0.0,5,5,0.00018413032302350827,0.9800186442127693
Kraken2,default,Kraken2_default,ZymoMockD6331,ZymoMockD6331,pacbio,SRR13128013,2494702,2494702,                  Enterobacter huaxiensis,Enterobacter huaxiensis,species,0.00014436091962236627,abund,0.0,4,4,0.0001473042584188066,0.9800186442127693
Kraken2,default,Kraken2_default,ZymoMockD6331,ZymoMockD6331,pacbio,SRR13128013,885040,885040,                  Enterobacter soli,Enterobacter soli,species,3.609022990559157e-05,abund,0.0,1,1,3.682606460470165e-05,0.9800186442127693
Kraken2,default,Kraken2_default,ZymoMockD6331,ZymoMockD6331,pacbio,SRR13128013,2996112,2996112,                  Enterobacter pseudoroggenkampii,Enterobacter pseudoroggenkampii,species,3.609022990559157e-05,abund,0.0,1,1,3.682606460470165e-05,0.9800186442127693
Kraken2,default,Kraken2_default,ZymoMockD6331,ZymoMockD6331,pacbio,SRR13128013,2579935,2579935,                  Jejubacter calystegiae,Jejubacter calystegiae,species,0.009960903453943274,abund,0.01,276,276,0.010163993830897658,0.9800186442127693
Kraken2,default,Kraken2_default,ZymoMockD6331,ZymoMockD6331,pacbio,SRR13128013,283686,283686,                  Kosakonia radicincitans,Kosakonia radicincitans,species,0.0006857143682062398,abund,0.0,19,19,0.0006996952274893315,0.9800186442127693
Kraken2,default,Kraken2_default,ZymoMockD6331,ZymoMockD6331,pacbio,SRR13128013,2980557,2980557,                    Kosakonia sp. ML.JS2a,Kosakonia sp. ML.JS2a,species,0.0001082706897167747,abund,0.0,3,3,0.00011047819381410495,0.9800186442127693
Kraken2,default,Kraken2_default,ZymoMockD6331,ZymoMockD6331,pacbio,SRR13128013,2725560,2725560,                    Kosakonia sp. SMBL-WEM22,Kosakonia sp. SMBL-WEM22,species,7.218045981118314e-05,abund,0.0,2,2,7.36521292094033e-05,0.9800186442127693
Kraken2,default,Kraken2_default,ZymoMockD6331,ZymoMockD6331,pacbio,SRR13128013,3139408,3139408,                  Kosakonia calanthes,Kosakonia calanthes,species,0.00018045114952795784,abund,0.0,5,5,0.00018413032302350827,0.9800186442127693
Kraken2,default,Kraken2_default,ZymoMockD6331,ZymoMockD6331,pacbio,SRR13128013,208223,208223,                  Kosakonia cowanii,Kosakonia cowanii,species,0.0001082706897167747,abund,0.0,3,2,0.00011047819381410495,0.9800186442127693
Kraken2,default,Kraken2_default,ZymoMockD6331,ZymoMockD6331,pacbio,SRR13128013,497725,497725,                  Kosakonia oryzae,Kosakonia oryzae,species,3.609022990559157e-05,abund,0.0,1,1,3.682606460470165e-05,0.9800186442127693
Kraken2,default,Kraken2_default,ZymoMockD6331,ZymoMockD6331,pacbio,SRR13128013,1646340,1646340,                  Kosakonia pseudosacchari,Kosakonia pseudosacchari,species,3.609022990559157e-05,abund,0.0,1,1,3.682606460470165e-05,0.9800186442127693
Kraken2,default,Kraken2_default,ZymoMockD6331,ZymoMockD6331,pacbio,SRR13128013,413503,413503,                  Cronobacter malonaticus,Cronobacter malonaticus,species,0.00028872183924473255,abund,0.0,8,2,0.0002946085168376132,0.9800186442127693
Kraken2,default,Kraken2_default,ZymoMockD6331,ZymoMockD6331,pacbio,SRR13128013,28141,28141,                  Cronobacter sakazakii,Cronobacter sakazakii,species,0.00018045114952795784,abund,0.0,5,4,0.00018413032302350827,0.9800186442127693
Kraken2,default,Kraken2_default,ZymoMockD6331,ZymoMockD6331,pacbio,SRR13128013,413497,413497,                  Cronobacter dublinensis,Cronobacter dublinensis,species,0.0001082706897167747,abund,0.0,3,3,0.00011047819381410495,0.9800186442127693
Kraken2,default,Kraken2_default,ZymoMockD6331,ZymoMockD6331,pacbio,SRR13128013,1163710,1163710,                  Cronobacter condimenti,Cronobacter condimenti,species,7.218045981118314e-05,abund,0.0,2,2,7.36521292094033e-05,0.9800186442127693
Kraken2,default,Kraken2_default,ZymoMockD6331,ZymoMockD6331,pacbio,SRR13128013,3138178,3138178,                    Leclercia sp. S52,Leclercia sp. S52,species,0.00018045114952795784,abund,0.0,5,5,0.00018413032302350827,0.9800186442127693
Kraken2,default,Kraken2_default,ZymoMockD6331,ZymoMockD6331,pacbio,SRR13128013,2714951,2714951,                    Leclercia sp. 29361,Leclercia sp. 29361,species,3.609022990559157e-05,abund,0.0,1,1,3.682606460470165e-05,0.9800186442127693
Kraken2,default,Kraken2_default,ZymoMockD6331,ZymoMockD6331,pacbio,SRR13128013,83655,83655,                  Leclercia adecarboxylata,Leclercia adecarboxylata,species,0.00014436091962236627,abund,0.0,4,4,0.0001473042584188066,0.9800186442127693
Kraken2,default,Kraken2_default,ZymoMockD6331,ZymoMockD6331,pacbio,SRR13128013,2815358,2815358,                  Leclercia pneumoniae,Leclercia pneumoniae,species,0.00014436091962236627,abund,0.0,4,4,0.0001473042584188066,0.9800186442127693
Kraken2,default,Kraken2_default,ZymoMockD6331,ZymoMockD6331,pacbio,SRR13128013,2986951,2986951,                    Buttiauxella sp. WJP83,Buttiauxella sp. WJP83,species,0.0003969925289615073,abund,0.0,11,11,0.0004050867106517182,0.9800186442127693
Kraken2,default,Kraken2_default,ZymoMockD6331,ZymoMockD6331,pacbio,SRR13128013,82977,82977,                  Buttiauxella agrestis,Buttiauxella agrestis,species,7.218045981118314e-05,abund,0.0,2,2,7.36521292094033e-05,0.9800186442127693
Kraken2,default,Kraken2_default,ZymoMockD6331,ZymoMockD6331,pacbio,SRR13128013,580,580,                  Kluyvera cryocrescens,Kluyvera cryocrescens,species,0.00014436091962236627,abund,0.0,4,4,0.0001473042584188066,0.9800186442127693
Kraken2,default,Kraken2_default,ZymoMockD6331,ZymoMockD6331,pacbio,SRR13128013,61648,61648,                  Kluyvera intermedia,Kluyvera intermedia,species,7.218045981118314e-05,abund,0.0,2,2,7.36521292094033e-05,0.9800186442127693
Kraken2,default,Kraken2_default,ZymoMockD6331,ZymoMockD6331,pacbio,SRR13128013,51288,51288,                  Kluyvera ascorbata,Kluyvera ascorbata,species,3.609022990559157e-05,abund,0.0,1,1,3.682606460470165e-05,0.9800186442127693
Kraken2,default,Kraken2_default,ZymoMockD6331,ZymoMockD6331,pacbio,SRR13128013,2725494,2725494,                  Kluyvera sichuanensis,Kluyvera sichuanensis,species,3.609022990559157e-05,abund,0.0,1,1,3.682606460470165e-05,0.9800186442127693
Kraken2,default,Kraken2_default,ZymoMockD6331,ZymoMockD6331,pacbio,SRR13128013,2891570,2891570,                  Pseudocitrobacter corydidari,Pseudocitrobacter corydidari,species,0.0002165413794335494,abund,0.0,6,6,0.0002209563876282099,0.9800186442127693
Kraken2,default,Kraken2_default,ZymoMockD6331,ZymoMockD6331,pacbio,SRR13128013,1398493,1398493,                  Pseudocitrobacter faecalis,Pseudocitrobacter faecalis,species,0.00014436091962236627,abund,0.0,4,4,0.0001473042584188066,0.9800186442127693
Kraken2,default,Kraken2_default,ZymoMockD6331,ZymoMockD6331,pacbio,SRR13128013,379893,379893,                  Trabulsiella odontotermitis,Trabulsiella odontotermitis,species,0.0005052632186782819,abund,0.0,14,14,0.0005155649044658231,0.9800186442127693
Kraken2,default,Kraken2_default,ZymoMockD6331,ZymoMockD6331,pacbio,SRR13128013,563,563,                  Shimwellia blattae,Shimwellia blattae,species,0.0004330827588670988,abund,0.0,12,12,0.0004419127752564198,0.9800186442127693
Kraken2,default,Kraken2_default,ZymoMockD6331,ZymoMockD6331,pacbio,SRR13128013,1505757,1505757,                  Siccibacter colletis,Siccibacter colletis,species,0.0003609022990559157,abund,0.0,10,10,0.00036826064604701653,0.9800186442127693
Kraken2,default,Kraken2_default,ZymoMockD6331,ZymoMockD6331,pacbio,SRR13128013,251538,251538,                        Candidatus Blochmannia ocreatus (nom. nud.),Candidatus Blochmannia ocreatus (nom. nud.),species,0.0001082706897167747,abund,0.0,3,3,0.00011047819381410495,0.9800186442127693
Kraken2,default,Kraken2_default,ZymoMockD6331,ZymoMockD6331,pacbio,SRR13128013,2871826,2871826,                      Symbiopectobacterium purcellii,Symbiopectobacterium purcellii,species,3.609022990559157e-05,abund,0.0,1,1,3.682606460470165e-05,0.9800186442127693
Kraken2,default,Kraken2_default,ZymoMockD6331,ZymoMockD6331,pacbio,SRR13128013,1345117,1345117,                      Candidatus Annandia pinicola,Candidatus Annandia pinicola,species,3.609022990559157e-05,abund,0.0,1,1,3.682606460470165e-05,0.9800186442127693
Kraken2,default,Kraken2_default,ZymoMockD6331,ZymoMockD6331,pacbio,SRR13128013,1778262,1778262,                      Candidatus Doolittlea endobia,Candidatus Doolittlea endobia,species,3.609022990559157e-05,abund,0.0,1,1,3.682606460470165e-05,0.9800186442127693
Kraken2,default,Kraken2_default,ZymoMockD6331,ZymoMockD6331,pacbio,SRR13128013,3031919,3031919,                    Superficieibacter sp. HKU1,Superficieibacter sp. HKU1,species,0.00014436091962236627,abund,0.0,4,4,0.0001473042584188066,0.9800186442127693
Kraken2,default,Kraken2_default,ZymoMockD6331,ZymoMockD6331,pacbio,SRR13128013,3376142,3376142,                    Superficieibacter sp. BNK-5,Superficieibacter sp. BNK-5,species,3.609022990559157e-05,abund,0.0,1,1,3.682606460470165e-05,0.9800186442127693
Kraken2,default,Kraken2_default,ZymoMockD6331,ZymoMockD6331,pacbio,SRR13128013,1334193,1334193,                  [Enterobacter] lignolyticus,[Enterobacter] lignolyticus,species,0.00025263160933914095,abund,0.0,7,7,0.00025778245223291157,0.9800186442127693
Kraken2,default,Kraken2_default,ZymoMockD6331,ZymoMockD6331,pacbio,SRR13128013,158822,158822,                  Cedecea neteri,Cedecea neteri,species,0.00014436091962236627,abund,0.0,4,4,0.0001473042584188066,0.9800186442127693
Kraken2,default,Kraken2_default,ZymoMockD6331,ZymoMockD6331,pacbio,SRR13128013,158484,158484,                  Cedecea davisae,Cedecea davisae,species,3.609022990559157e-05,abund,0.0,1,1,3.682606460470165e-05,0.9800186442127693
Kraken2,default,Kraken2_default,ZymoMockD6331,ZymoMockD6331,pacbio,SRR13128013,3110110,3110110,                    Lelliottia sp. JS-SCA-14,Lelliottia sp. JS-SCA-14,species,0.0001082706897167747,abund,0.0,3,3,0.00011047819381410495,0.9800186442127693
Kraken2,default,Kraken2_default,ZymoMockD6331,ZymoMockD6331,pacbio,SRR13128013,61646,61646,                  Lelliottia amnigena,Lelliottia amnigena,species,7.218045981118314e-05,abund,0.0,2,2,7.36521292094033e-05,0.9800186442127693
Kraken2,default,Kraken2_default,ZymoMockD6331,ZymoMockD6331,pacbio,SRR13128013,255519,255519,                  Atlantibacter subterraneus,Atlantibacter subterraneus,species,0.0001082706897167747,abund,0.0,3,3,0.00011047819381410495,0.9800186442127693
Kraken2,default,Kraken2_default,ZymoMockD6331,ZymoMockD6331,pacbio,SRR13128013,565,565,                  Atlantibacter hermannii,Atlantibacter hermannii,species,7.218045981118314e-05,abund,0.0,2,2,7.36521292094033e-05,0.9800186442127693
Kraken2,default,Kraken2_default,ZymoMockD6331,ZymoMockD6331,pacbio,SRR13128013,1972431,1972431,                  Phytobacter ursingii,Phytobacter ursingii,species,7.218045981118314e-05,abund,0.0,2,2,7.36521292094033e-05,0.9800186442127693
Kraken2,default,Kraken2_default,ZymoMockD6331,ZymoMockD6331,pacbio,SRR13128013,158877,158877,                  Yokenella regensburgei,Yokenella regensburgei,species,0.00014436091962236627,abund,0.0,4,4,0.0001473042584188066,0.9800186442127693
Kraken2,default,Kraken2_default,ZymoMockD6331,ZymoMockD6331,pacbio,SRR13128013,2675796,2675796,                  Enterobacteriaceae endosymbiont of Plateumaris rustica,Enterobacteriaceae endosymbiont of Plateumaris rustica,species,0.0001082706897167747,abund,0.0,3,3,0.00011047819381410495,0.9800186442127693
Kraken2,default,Kraken2_default,ZymoMockD6331,ZymoMockD6331,pacbio,SRR13128013,1987921,1987921,                  Candidatus Profftia lariciata,Candidatus Profftia lariciata,species,0.0001082706897167747,abund,0.0,3,3,0.00011047819381410495,0.9800186442127693
Kraken2,default,Kraken2_default,ZymoMockD6331,ZymoMockD6331,pacbio,SRR13128013,2047724,2047724,                  Franconibacter daqui,Franconibacter daqui,species,0.0001082706897167747,abund,0.0,3,3,0.00011047819381410495,0.9800186442127693
Kraken2,default,Kraken2_default,ZymoMockD6331,ZymoMockD6331,pacbio,SRR13128013,1851514,1851514,                  Scandinavium goeteborgense,Scandinavium goeteborgense,species,7.218045981118314e-05,abund,0.0,2,2,7.36521292094033e-05,0.9800186442127693
Kraken2,default,Kraken2_default,ZymoMockD6331,ZymoMockD6331,pacbio,SRR13128013,566,566,                  Pseudescherichia vulneris,Pseudescherichia vulneris,species,7.218045981118314e-05,abund,0.0,2,2,7.36521292094033e-05,0.9800186442127693
Kraken2,default,Kraken2_default,ZymoMockD6331,ZymoMockD6331,pacbio,SRR13128013,1691903,1691903,                  Mangrovibacter phragmitis,Mangrovibacter phragmitis,species,7.218045981118314e-05,abund,0.0,2,2,7.36521292094033e-05,0.9800186442127693
Kraken2,default,Kraken2_default,ZymoMockD6331,ZymoMockD6331,pacbio,SRR13128013,703,703,                  Plesiomonas shigelloides,Plesiomonas shigelloides,species,7.218045981118314e-05,abund,0.0,2,2,7.36521292094033e-05,0.9800186442127693
Kraken2,default,Kraken2_default,ZymoMockD6331,ZymoMockD6331,pacbio,SRR13128013,9,9,                  Buchnera aphidicola,Buchnera aphidicola,species,0.0005052632186782819,abund,0.0,14,3,0.0005155649044658231,0.9800186442127693
Kraken2,default,Kraken2_default,ZymoMockD6331,ZymoMockD6331,pacbio,SRR13128013,470931,470931,                  Pantoea anthophila,Pantoea anthophila,species,0.0002165413794335494,abund,0.0,6,6,0.0002209563876282099,0.9800186442127693
Kraken2,default,Kraken2_default,ZymoMockD6331,ZymoMockD6331,pacbio,SRR13128013,553,553,                  Pantoea ananatis,Pantoea ananatis,species,7.218045981118314e-05,abund,0.0,2,2,7.36521292094033e-05,0.9800186442127693
Kraken2,default,Kraken2_default,ZymoMockD6331,ZymoMockD6331,pacbio,SRR13128013,55209,55209,                  Pantoea cypripedii,Pantoea cypripedii,species,3.609022990559157e-05,abund,0.0,1,1,3.682606460470165e-05,0.9800186442127693
Kraken2,default,Kraken2_default,ZymoMockD6331,ZymoMockD6331,pacbio,SRR13128013,2052056,2052056,                  Pantoea phytobeneficialis,Pantoea phytobeneficialis,species,3.609022990559157e-05,abund,0.0,1,1,3.682606460470165e-05,0.9800186442127693
Kraken2,default,Kraken2_default,ZymoMockD6331,ZymoMockD6331,pacbio,SRR13128013,1615494,1615494,                  Mixta intestinalis,Mixta intestinalis,species,0.00018045114952795784,abund,0.0,5,5,0.00018413032302350827,0.9800186442127693
Kraken2,default,Kraken2_default,ZymoMockD6331,ZymoMockD6331,pacbio,SRR13128013,1324864,1324864,                  [Pantoea] beijingensis,[Pantoea] beijingensis,species,3.609022990559157e-05,abund,0.0,1,1,3.682606460470165e-05,0.9800186442127693
Kraken2,default,Kraken2_default,ZymoMockD6331,ZymoMockD6331,pacbio,SRR13128013,585,585,                  Proteus vulgaris,Proteus vulgaris,species,0.0001082706897167747,abund,0.0,3,3,0.00011047819381410495,0.9800186442127693
Kraken2,default,Kraken2_default,ZymoMockD6331,ZymoMockD6331,pacbio,SRR13128013,584,584,                  Proteus mirabilis,Proteus mirabilis,species,3.609022990559157e-05,abund,0.0,1,1,3.682606460470165e-05,0.9800186442127693
Kraken2,default,Kraken2_default,ZymoMockD6331,ZymoMockD6331,pacbio,SRR13128013,183417,183417,                  Proteus hauseri,Proteus hauseri,species,3.609022990559157e-05,abund,0.0,1,1,3.682606460470165e-05,0.9800186442127693
Kraken2,default,Kraken2_default,ZymoMockD6331,ZymoMockD6331,pacbio,SRR13128013,126385,126385,                  Providencia alcalifaciens,Providencia alcalifaciens,species,0.00014436091962236627,abund,0.0,4,4,0.0001473042584188066,0.9800186442127693
Kraken2,default,Kraken2_default,ZymoMockD6331,ZymoMockD6331,pacbio,SRR13128013,628,628,                  Xenorhabdus nematophila,Xenorhabdus nematophila,species,3.609022990559157e-05,abund,0.0,1,1,3.682606460470165e-05,0.9800186442127693
Kraken2,default,Kraken2_default,ZymoMockD6331,ZymoMockD6331,pacbio,SRR13128013,3085177,3085177,                    Xenorhabdus sp. TCT-1,Xenorhabdus sp. TCT-1,species,3.609022990559157e-05,abund,0.0,1,1,3.682606460470165e-05,0.9800186442127693
Kraken2,default,Kraken2_default,ZymoMockD6331,ZymoMockD6331,pacbio,SRR13128013,582,582,                  Morganella morganii,Morganella morganii,species,3.609022990559157e-05,abund,0.0,1,1,3.682606460470165e-05,0.9800186442127693
Kraken2,default,Kraken2_default,ZymoMockD6331,ZymoMockD6331,pacbio,SRR13128013,614,614,                  Serratia liquefaciens,Serratia liquefaciens,species,3.609022990559157e-05,abund,0.0,1,0,3.682606460470165e-05,0.9800186442127693
Kraken2,default,Kraken2_default,ZymoMockD6331,ZymoMockD6331,pacbio,SRR13128013,3234145,3234145,                    Rouxiella sp. WC2420,Rouxiella sp. WC2420,species,0.0001082706897167747,abund,0.0,3,3,0.00011047819381410495,0.9800186442127693
Kraken2,default,Kraken2_default,ZymoMockD6331,ZymoMockD6331,pacbio,SRR13128013,41202,41202,                  Ewingella americana,Ewingella americana,species,7.218045981118314e-05,abund,0.0,2,2,7.36521292094033e-05,0.9800186442127693
Kraken2,default,Kraken2_default,ZymoMockD6331,ZymoMockD6331,pacbio,SRR13128013,1639108,1639108,                  Chania multitudinisentens,Chania multitudinisentens,species,7.218045981118314e-05,abund,0.0,2,0,7.36521292094033e-05,0.9800186442127693
Kraken2,default,Kraken2_default,ZymoMockD6331,ZymoMockD6331,pacbio,SRR13128013,556,556,                  Dickeya chrysanthemi,Dickeya chrysanthemi,species,3.609022990559157e-05,abund,0.0,1,1,3.682606460470165e-05,0.9800186442127693
Kraken2,default,Kraken2_default,ZymoMockD6331,ZymoMockD6331,pacbio,SRR13128013,569,569,                  Hafnia alvei,Hafnia alvei,species,7.218045981118314e-05,abund,0.0,2,2,7.36521292094033e-05,0.9800186442127693
Kraken2,default,Kraken2_default,ZymoMockD6331,ZymoMockD6331,pacbio,SRR13128013,158841,158841,                  Leminorella richardii,Leminorella richardii,species,3.609022990559157e-05,abund,0.0,1,1,3.682606460470165e-05,0.9800186442127693
Kraken2,default,Kraken2_default,ZymoMockD6331,ZymoMockD6331,pacbio,SRR13128013,60961,60961,                  Shewanella woodyi,Shewanella woodyi,species,0.00018045114952795784,abund,0.0,5,5,0.00018413032302350827,0.9800186442127693
Kraken2,default,Kraken2_default,ZymoMockD6331,ZymoMockD6331,pacbio,SRR13128013,404011,404011,                  Shewanella piezotolerans,Shewanella piezotolerans,species,0.00014436091962236627,abund,0.0,4,0,0.0001473042584188066,0.9800186442127693
Kraken2,default,Kraken2_default,ZymoMockD6331,ZymoMockD6331,pacbio,SRR13128013,60217,60217,                  Shewanella violacea,Shewanella violacea,species,0.0001082706897167747,abund,0.0,3,0,0.00011047819381410495,0.9800186442127693
Kraken2,default,Kraken2_default,ZymoMockD6331,ZymoMockD6331,pacbio,SRR13128013,62322,62322,                  Shewanella baltica,Shewanella baltica,species,0.0001082706897167747,abund,0.0,3,3,0.00011047819381410495,0.9800186442127693
Kraken2,default,Kraken2_default,ZymoMockD6331,ZymoMockD6331,pacbio,SRR13128013,2589987,2589987,                    Shewanella sp. Scap07,Shewanella sp. Scap07,species,7.218045981118314e-05,abund,0.0,2,2,7.36521292094033e-05,0.9800186442127693
Kraken2,default,Kraken2_default,ZymoMockD6331,ZymoMockD6331,pacbio,SRR13128013,2864202,2864202,                    Shewanella sp. FJAT-52076,Shewanella sp. FJAT-52076,species,3.609022990559157e-05,abund,0.0,1,1,3.682606460470165e-05,0.9800186442127693
Kraken2,default,Kraken2_default,ZymoMockD6331,ZymoMockD6331,pacbio,SRR13128013,38313,38313,                  Shewanella algae,Shewanella algae,species,3.609022990559157e-05,abund,0.0,1,1,3.682606460470165e-05,0.9800186442127693
Kraken2,default,Kraken2_default,ZymoMockD6331,ZymoMockD6331,pacbio,SRR13128013,2864212,2864212,                  Shewanella acanthi,Shewanella acanthi,species,3.609022990559157e-05,abund,0.0,1,1,3.682606460470165e-05,0.9800186442127693
Kraken2,default,Kraken2_default,ZymoMockD6331,ZymoMockD6331,pacbio,SRR13128013,70864,70864,                  Shewanella pealeana,Shewanella pealeana,species,3.609022990559157e-05,abund,0.0,1,0,3.682606460470165e-05,0.9800186442127693
Kraken2,default,Kraken2_default,ZymoMockD6331,ZymoMockD6331,pacbio,SRR13128013,150120,150120,                  Shewanella livingstonensis,Shewanella livingstonensis,species,3.609022990559157e-05,abund,0.0,1,1,3.682606460470165e-05,0.9800186442127693
Kraken2,default,Kraken2_default,ZymoMockD6331,ZymoMockD6331,pacbio,SRR13128013,298657,298657,                  Pseudoalteromonas spongiae,Pseudoalteromonas spongiae,species,0.00014436091962236627,abund,0.0,4,4,0.0001473042584188066,0.9800186442127693
Kraken2,default,Kraken2_default,ZymoMockD6331,ZymoMockD6331,pacbio,SRR13128013,116092,116092,                    Pseudoalteromonas sp. A25,Pseudoalteromonas sp. A25,species,0.0001082706897167747,abund,0.0,3,3,0.00011047819381410495,0.9800186442127693
Kraken2,default,Kraken2_default,ZymoMockD6331,ZymoMockD6331,pacbio,SRR13128013,77608,77608,                  Pseudoalteromonas distincta,Pseudoalteromonas distincta,species,7.218045981118314e-05,abund,0.0,2,2,7.36521292094033e-05,0.9800186442127693
Kraken2,default,Kraken2_default,ZymoMockD6331,ZymoMockD6331,pacbio,SRR13128013,1348114,1348114,                  Pseudoalteromonas piratica,Pseudoalteromonas piratica,species,7.218045981118314e-05,abund,0.0,2,2,7.36521292094033e-05,0.9800186442127693
Kraken2,default,Kraken2_default,ZymoMockD6331,ZymoMockD6331,pacbio,SRR13128013,882626,882626,                  Pseudoalteromonas xiamenensis,Pseudoalteromonas xiamenensis,species,3.609022990559157e-05,abund,0.0,1,1,3.682606460470165e-05,0.9800186442127693
Kraken2,default,Kraken2_default,ZymoMockD6331,ZymoMockD6331,pacbio,SRR13128013,107327,107327,                  Pseudoalteromonas ulvae,Pseudoalteromonas ulvae,species,3.609022990559157e-05,abund,0.0,1,0,3.682606460470165e-05,0.9800186442127693
Kraken2,default,Kraken2_default,ZymoMockD6331,ZymoMockD6331,pacbio,SRR13128013,3042615,3042615,                    Paraglaciecola sp. T6c,Paraglaciecola sp. T6c,species,0.00014436091962236627,abund,0.0,4,4,0.0001473042584188066,0.9800186442127693
Kraken2,default,Kraken2_default,ZymoMockD6331,ZymoMockD6331,pacbio,SRR13128013,2686359,2686359,                    Paraglaciecola sp. L1A13,Paraglaciecola sp. L1A13,species,3.609022990559157e-05,abund,0.0,1,1,3.682606460470165e-05,0.9800186442127693
Kraken2,default,Kraken2_default,ZymoMockD6331,ZymoMockD6331,pacbio,SRR13128013,2935863,2935863,                  Alkalimarinus coralli,Alkalimarinus coralli,species,0.0001082706897167747,abund,0.0,3,3,0.00011047819381410495,0.9800186442127693
Kraken2,default,Kraken2_default,ZymoMockD6331,ZymoMockD6331,pacbio,SRR13128013,1306992,1306992,                  Halioxenophilus aromaticivorans,Halioxenophilus aromaticivorans,species,0.0001082706897167747,abund,0.0,3,3,0.00011047819381410495,0.9800186442127693
Kraken2,default,Kraken2_default,ZymoMockD6331,ZymoMockD6331,pacbio,SRR13128013,3389876,3389876,                      Alteromonas sp. H39,Alteromonas sp. H39,species,3.609022990559157e-05,abund,0.0,1,1,3.682606460470165e-05,0.9800186442127693
Kraken2,default,Kraken2_default,ZymoMockD6331,ZymoMockD6331,pacbio,SRR13128013,28229,28229,                  Colwellia psychrerythraea,Colwellia psychrerythraea,species,0.00014436091962236627,abund,0.0,4,0,0.0001473042584188066,0.9800186442127693
Kraken2,default,Kraken2_default,ZymoMockD6331,ZymoMockD6331,pacbio,SRR13128013,58049,58049,                    Colwellia sp. MT41,Colwellia sp. MT41,species,7.218045981118314e-05,abund,0.0,2,2,7.36521292094033e-05,0.9800186442127693
Kraken2,default,Kraken2_default,ZymoMockD6331,ZymoMockD6331,pacbio,SRR13128013,1763536,1763536,                  Thalassotalea crassostreae,Thalassotalea crassostreae,species,3.609022990559157e-05,abund,0.0,1,1,3.682606460470165e-05,0.9800186442127693
Kraken2,default,Kraken2_default,ZymoMockD6331,ZymoMockD6331,pacbio,SRR13128013,3065649,3065649,                  Thalassotalea fonticola,Thalassotalea fonticola,species,3.609022990559157e-05,abund,0.0,1,1,3.682606460470165e-05,0.9800186442127693
Kraken2,default,Kraken2_default,ZymoMockD6331,ZymoMockD6331,pacbio,SRR13128013,2746231,2746231,                    Moritella sp. 5,Moritella sp. 5,species,7.218045981118314e-05,abund,0.0,2,2,7.36521292094033e-05,0.9800186442127693
Kraken2,default,Kraken2_default,ZymoMockD6331,ZymoMockD6331,pacbio,SRR13128013,2746230,2746230,                    Moritella sp. 24,Moritella sp. 24,species,3.609022990559157e-05,abund,0.0,1,1,3.682606460470165e-05,0.9800186442127693
Kraken2,default,Kraken2_default,ZymoMockD6331,ZymoMockD6331,pacbio,SRR13128013,1940690,1940690,                  Pseudidiomarina andamanensis,Pseudidiomarina andamanensis,species,3.609022990559157e-05,abund,0.0,1,1,3.682606460470165e-05,0.9800186442127693
Kraken2,default,Kraken2_default,ZymoMockD6331,ZymoMockD6331,pacbio,SRR13128013,357794,357794,                  Psychromonas ingrahamii,Psychromonas ingrahamii,species,3.609022990559157e-05,abund,0.0,1,0,3.682606460470165e-05,0.9800186442127693
Kraken2,default,Kraken2_default,ZymoMockD6331,ZymoMockD6331,pacbio,SRR13128013,670,670,                    Vibrio parahaemolyticus,Vibrio parahaemolyticus,species,0.0002165413794335494,abund,0.0,6,6,0.0002209563876282099,0.9800186442127693
Kraken2,default,Kraken2_default,ZymoMockD6331,ZymoMockD6331,pacbio,SRR13128013,669,669,                    Vibrio harveyi,Vibrio harveyi,species,3.609022990559157e-05,abund,0.0,1,1,3.682606460470165e-05,0.9800186442127693
Kraken2,default,Kraken2_default,ZymoMockD6331,ZymoMockD6331,pacbio,SRR13128013,212667,212667,                  Vibrio fortis,Vibrio fortis,species,0.00014436091962236627,abund,0.0,4,4,0.0001473042584188066,0.9800186442127693
Kraken2,default,Kraken2_default,ZymoMockD6331,ZymoMockD6331,pacbio,SRR13128013,1891186,1891186,                  Vibrio aphrogenes,Vibrio aphrogenes,species,0.00014436091962236627,abund,0.0,4,4,0.0001473042584188066,0.9800186442127693
Kraken2,default,Kraken2_default,ZymoMockD6331,ZymoMockD6331,pacbio,SRR13128013,29497,29497,                  Vibrio splendidus,Vibrio splendidus,species,0.00014436091962236627,abund,0.0,4,4,0.0001473042584188066,0.9800186442127693
Kraken2,default,Kraken2_default,ZymoMockD6331,ZymoMockD6331,pacbio,SRR13128013,672,672,                  Vibrio vulnificus,Vibrio vulnificus,species,0.0001082706897167747,abund,0.0,3,0,0.00011047819381410495,0.9800186442127693
Kraken2,default,Kraken2_default,ZymoMockD6331,ZymoMockD6331,pacbio,SRR13128013,413402,413402,                  Vibrio inusitatus,Vibrio inusitatus,species,0.0001082706897167747,abund,0.0,3,3,0.00011047819381410495,0.9800186442127693
Kraken2,default,Kraken2_default,ZymoMockD6331,ZymoMockD6331,pacbio,SRR13128013,1117707,1117707,                  Vibrio quintilis,Vibrio quintilis,species,0.0001082706897167747,abund,0.0,3,3,0.00011047819381410495,0.9800186442127693
Kraken2,default,Kraken2_default,ZymoMockD6331,ZymoMockD6331,pacbio,SRR13128013,170679,170679,                  Vibrio chagasii,Vibrio chagasii,species,7.218045981118314e-05,abund,0.0,2,2,7.36521292094033e-05,0.9800186442127693
Kraken2,default,Kraken2_default,ZymoMockD6331,ZymoMockD6331,pacbio,SRR13128013,2908646,2908646,                    Vibrio sp. SS-MA-C1-2,Vibrio sp. SS-MA-C1-2,species,7.218045981118314e-05,abund,0.0,2,2,7.36521292094033e-05,0.9800186442127693
Kraken2,default,Kraken2_default,ZymoMockD6331,ZymoMockD6331,pacbio,SRR13128013,1824638,1824638,                  Vibrio japonicus,Vibrio japonicus,species,3.609022990559157e-05,abund,0.0,1,1,3.682606460470165e-05,0.9800186442127693
Kraken2,default,Kraken2_default,ZymoMockD6331,ZymoMockD6331,pacbio,SRR13128013,664643,664643,                  Vibrio plantisponsor,Vibrio plantisponsor,species,3.609022990559157e-05,abund,0.0,1,1,3.682606460470165e-05,0.9800186442127693
Kraken2,default,Kraken2_default,ZymoMockD6331,ZymoMockD6331,pacbio,SRR13128013,190897,190897,                  Vibrio gallicus,Vibrio gallicus,species,3.609022990559157e-05,abund,0.0,1,1,3.682606460470165e-05,0.9800186442127693
Kraken2,default,Kraken2_default,ZymoMockD6331,ZymoMockD6331,pacbio,SRR13128013,190893,190893,                  Vibrio coralliilyticus,Vibrio coralliilyticus,species,3.609022990559157e-05,abund,0.0,1,1,3.682606460470165e-05,0.9800186442127693
Kraken2,default,Kraken2_default,ZymoMockD6331,ZymoMockD6331,pacbio,SRR13128013,1918945,1918945,                  Vibrio spartinae,Vibrio spartinae,species,3.609022990559157e-05,abund,0.0,1,1,3.682606460470165e-05,0.9800186442127693
Kraken2,default,Kraken2_default,ZymoMockD6331,ZymoMockD6331,pacbio,SRR13128013,1918946,1918946,                  Vibrio palustris,Vibrio palustris,species,3.609022990559157e-05,abund,0.0,1,1,3.682606460470165e-05,0.9800186442127693
Kraken2,default,Kraken2_default,ZymoMockD6331,ZymoMockD6331,pacbio,SRR13128013,666,666,                  Vibrio cholerae,Vibrio cholerae,species,3.609022990559157e-05,abund,0.0,1,1,3.682606460470165e-05,0.9800186442127693
Kraken2,default,Kraken2_default,ZymoMockD6331,ZymoMockD6331,pacbio,SRR13128013,3034029,3034029,                  Vibrio syngnathi,Vibrio syngnathi,species,3.609022990559157e-05,abund,0.0,1,1,3.682606460470165e-05,0.9800186442127693
Kraken2,default,Kraken2_default,ZymoMockD6331,ZymoMockD6331,pacbio,SRR13128013,28171,28171,                  Vibrio aestuarianus,Vibrio aestuarianus,species,3.609022990559157e-05,abund,0.0,1,1,3.682606460470165e-05,0.9800186442127693
Kraken2,default,Kraken2_default,ZymoMockD6331,ZymoMockD6331,pacbio,SRR13128013,865757,865757,                  Photobacterium atrarenae,Photobacterium atrarenae,species,7.218045981118314e-05,abund,0.0,2,2,7.36521292094033e-05,0.9800186442127693
Kraken2,default,Kraken2_default,ZymoMockD6331,ZymoMockD6331,pacbio,SRR13128013,74109,74109,                  Photobacterium profundum,Photobacterium profundum,species,3.609022990559157e-05,abund,0.0,1,0,3.682606460470165e-05,0.9800186442127693
Kraken2,default,Kraken2_default,ZymoMockD6331,ZymoMockD6331,pacbio,SRR13128013,553611,553611,                  Photobacterium leiognathi,Photobacterium leiognathi,species,3.609022990559157e-05,abund,0.0,1,0,3.682606460470165e-05,0.9800186442127693
Kraken2,default,Kraken2_default,ZymoMockD6331,ZymoMockD6331,pacbio,SRR13128013,1935446,1935446,                  Photobacterium toruni,Photobacterium toruni,species,3.609022990559157e-05,abund,0.0,1,1,3.682606460470165e-05,0.9800186442127693
Kraken2,default,Kraken2_default,ZymoMockD6331,ZymoMockD6331,pacbio,SRR13128013,688,688,                  Aliivibrio logei,Aliivibrio logei,species,7.218045981118314e-05,abund,0.0,2,2,7.36521292094033e-05,0.9800186442127693
Kraken2,default,Kraken2_default,ZymoMockD6331,ZymoMockD6331,pacbio,SRR13128013,76758,76758,                    Pseudomonas orientalis,Pseudomonas orientalis,species,0.00014436091962236627,abund,0.0,4,4,0.0001473042584188066,0.9800186442127693
Kraken2,default,Kraken2_default,ZymoMockD6331,ZymoMockD6331,pacbio,SRR13128013,294,294,                    Pseudomonas fluorescens,Pseudomonas fluorescens,species,7.218045981118314e-05,abund,0.0,2,0,7.36521292094033e-05,0.9800186442127693
Kraken2,default,Kraken2_default,ZymoMockD6331,ZymoMockD6331,pacbio,SRR13128013,3402865,3402865,                    Pseudomonas sp. ABY48,Pseudomonas sp. ABY48,species,3.609022990559157e-05,abund,0.0,1,1,3.682606460470165e-05,0.9800186442127693
Kraken2,default,Kraken2_default,ZymoMockD6331,ZymoMockD6331,pacbio,SRR13128013,2893890,2893890,                    Pseudomonas sp. KNUC1026,Pseudomonas sp. KNUC1026,species,3.609022990559157e-05,abund,0.0,1,1,3.682606460470165e-05,0.9800186442127693
Kraken2,default,Kraken2_default,ZymoMockD6331,ZymoMockD6331,pacbio,SRR13128013,2219057,2219057,                    Pseudomonas sp. LG1E9,Pseudomonas sp. LG1E9,species,3.609022990559157e-05,abund,0.0,1,1,3.682606460470165e-05,0.9800186442127693
Kraken2,default,Kraken2_default,ZymoMockD6331,ZymoMockD6331,pacbio,SRR13128013,2201998,2201998,                    Pseudomonas sp. PLMAX,Pseudomonas sp. PLMAX,species,3.609022990559157e-05,abund,0.0,1,1,3.682606460470165e-05,0.9800186442127693
Kraken2,default,Kraken2_default,ZymoMockD6331,ZymoMockD6331,pacbio,SRR13128013,3043447,3043447,                    Pseudomonas sp. P9_2,Pseudomonas sp. P9_2,species,3.609022990559157e-05,abund,0.0,1,1,3.682606460470165e-05,0.9800186442127693
Kraken2,default,Kraken2_default,ZymoMockD6331,ZymoMockD6331,pacbio,SRR13128013,89065,89065,                  Pseudomonas abietaniphila,Pseudomonas abietaniphila,species,0.0001082706897167747,abund,0.0,3,3,0.00011047819381410495,0.9800186442127693
Kraken2,default,Kraken2_default,ZymoMockD6331,ZymoMockD6331,pacbio,SRR13128013,157782,157782,                  Pseudomonas parafulva,Pseudomonas parafulva,species,7.218045981118314e-05,abund,0.0,2,2,7.36521292094033e-05,0.9800186442127693
Kraken2,default,Kraken2_default,ZymoMockD6331,ZymoMockD6331,pacbio,SRR13128013,47877,47877,                      Pseudomonas amygdali,Pseudomonas amygdali,species,3.609022990559157e-05,abund,0.0,1,0,3.682606460470165e-05,0.9800186442127693
Kraken2,default,Kraken2_default,ZymoMockD6331,ZymoMockD6331,pacbio,SRR13128013,1451454,1451454,                    Pseudomonas caspiana,Pseudomonas caspiana,species,3.609022990559157e-05,abund,0.0,1,1,3.682606460470165e-05,0.9800186442127693
Kraken2,default,Kraken2_default,ZymoMockD6331,ZymoMockD6331,pacbio,SRR13128013,287,287,                    Pseudomonas aeruginosa,Pseudomonas aeruginosa,species,7.218045981118314e-05,abund,0.0,2,2,7.36521292094033e-05,0.9800186442127693
Kraken2,default,Kraken2_default,ZymoMockD6331,ZymoMockD6331,pacbio,SRR13128013,53407,53407,                  Pseudomonas asplenii,Pseudomonas asplenii,species,3.609022990559157e-05,abund,0.0,1,1,3.682606460470165e-05,0.9800186442127693
Kraken2,default,Kraken2_default,ZymoMockD6331,ZymoMockD6331,pacbio,SRR13128013,1302376,1302376,                  Candidatus Pseudomonas adelgestsugas,Candidatus Pseudomonas adelgestsugas,species,3.609022990559157e-05,abund,0.0,1,1,3.682606460470165e-05,0.9800186442127693
Kraken2,default,Kraken2_default,ZymoMockD6331,ZymoMockD6331,pacbio,SRR13128013,2822138,2822138,                  Metapseudomonas boanensis,Metapseudomonas boanensis,species,0.00018045114952795784,abund,0.0,5,5,0.00018413032302350827,0.9800186442127693
Kraken2,default,Kraken2_default,ZymoMockD6331,ZymoMockD6331,pacbio,SRR13128013,1697053,1697053,                  Thiopseudomonas alkaliphila,Thiopseudomonas alkaliphila,species,3.609022990559157e-05,abund,0.0,1,1,3.682606460470165e-05,0.9800186442127693
Kraken2,default,Kraken2_default,ZymoMockD6331,ZymoMockD6331,pacbio,SRR13128013,316,316,                      Stutzerimonas stutzeri,Stutzerimonas stutzeri,species,3.609022990559157e-05,abund,0.0,1,0,3.682606460470165e-05,0.9800186442127693
Kraken2,default,Kraken2_default,ZymoMockD6331,ZymoMockD6331,pacbio,SRR13128013,3156489,3156489,                    Acinetobacter sp. A1-4-2,Acinetobacter sp. A1-4-2,species,0.00014436091962236627,abund,0.0,4,4,0.0001473042584188066,0.9800186442127693
Kraken2,default,Kraken2_default,ZymoMockD6331,ZymoMockD6331,pacbio,SRR13128013,3035288,3035288,                    Acinetobacter sp. ANC 7201,Acinetobacter sp. ANC 7201,species,3.609022990559157e-05,abund,0.0,1,1,3.682606460470165e-05,0.9800186442127693
Kraken2,default,Kraken2_default,ZymoMockD6331,ZymoMockD6331,pacbio,SRR13128013,29430,29430,                  Acinetobacter haemolyticus,Acinetobacter haemolyticus,species,7.218045981118314e-05,abund,0.0,2,2,7.36521292094033e-05,0.9800186442127693
Kraken2,default,Kraken2_default,ZymoMockD6331,ZymoMockD6331,pacbio,SRR13128013,2715163,2715163,                  Acinetobacter lanii,Acinetobacter lanii,species,7.218045981118314e-05,abund,0.0,2,2,7.36521292094033e-05,0.9800186442127693
Kraken2,default,Kraken2_default,ZymoMockD6331,ZymoMockD6331,pacbio,SRR13128013,70346,70346,                  Acinetobacter variabilis,Acinetobacter variabilis,species,7.218045981118314e-05,abund,0.0,2,2,7.36521292094033e-05,0.9800186442127693
Kraken2,default,Kraken2_default,ZymoMockD6331,ZymoMockD6331,pacbio,SRR13128013,1530123,1530123,                    Acinetobacter seifertii,Acinetobacter seifertii,species,3.609022990559157e-05,abund,0.0,1,1,3.682606460470165e-05,0.9800186442127693
Kraken2,default,Kraken2_default,ZymoMockD6331,ZymoMockD6331,pacbio,SRR13128013,1776742,1776742,                  Acinetobacter vivianii,Acinetobacter vivianii,species,3.609022990559157e-05,abund,0.0,1,1,3.682606460470165e-05,0.9800186442127693
Kraken2,default,Kraken2_default,ZymoMockD6331,ZymoMockD6331,pacbio,SRR13128013,1789224,1789224,                  Acinetobacter larvae,Acinetobacter larvae,species,3.609022990559157e-05,abund,0.0,1,1,3.682606460470165e-05,0.9800186442127693
Kraken2,default,Kraken2_default,ZymoMockD6331,ZymoMockD6331,pacbio,SRR13128013,202950,202950,                  Acinetobacter baylyi,Acinetobacter baylyi,species,3.609022990559157e-05,abund,0.0,1,1,3.682606460470165e-05,0.9800186442127693
Kraken2,default,Kraken2_default,ZymoMockD6331,ZymoMockD6331,pacbio,SRR13128013,2006115,2006115,                  Acinetobacter piscicola,Acinetobacter piscicola,species,3.609022990559157e-05,abund,0.0,1,1,3.682606460470165e-05,0.9800186442127693
Kraken2,default,Kraken2_default,ZymoMockD6331,ZymoMockD6331,pacbio,SRR13128013,2565531,2565531,                  Psychrobacter raelei,Psychrobacter raelei,species,0.00025263160933914095,abund,0.0,7,7,0.00025778245223291157,0.9800186442127693
Kraken2,default,Kraken2_default,ZymoMockD6331,ZymoMockD6331,pacbio,SRR13128013,256326,256326,                  Psychrobacter arenosus,Psychrobacter arenosus,species,0.00018045114952795784,abund,0.0,5,5,0.00018413032302350827,0.9800186442127693
Kraken2,default,Kraken2_default,ZymoMockD6331,ZymoMockD6331,pacbio,SRR13128013,334543,334543,                  Psychrobacter arcticus,Psychrobacter arcticus,species,3.609022990559157e-05,abund,0.0,1,0,3.682606460470165e-05,0.9800186442127693
Kraken2,default,Kraken2_default,ZymoMockD6331,ZymoMockD6331,pacbio,SRR13128013,2755562,2755562,                    Legionella sp. PC997,Legionella sp. PC997,species,0.0002165413794335494,abund,0.0,6,6,0.0002209563876282099,0.9800186442127693
Kraken2,default,Kraken2_default,ZymoMockD6331,ZymoMockD6331,pacbio,SRR13128013,66969,66969,                  Legionella waltersii,Legionella waltersii,species,0.0002165413794335494,abund,0.0,6,6,0.0002209563876282099,0.9800186442127693
Kraken2,default,Kraken2_default,ZymoMockD6331,ZymoMockD6331,pacbio,SRR13128013,446,446,                  Legionella pneumophila,Legionella pneumophila,species,0.0001082706897167747,abund,0.0,3,2,0.00011047819381410495,0.9800186442127693
Kraken2,default,Kraken2_default,ZymoMockD6331,ZymoMockD6331,pacbio,SRR13128013,1071983,1071983,                  Legionella cardiaca,Legionella cardiaca,species,0.0001082706897167747,abund,0.0,3,3,0.00011047819381410495,0.9800186442127693
Kraken2,default,Kraken2_default,ZymoMockD6331,ZymoMockD6331,pacbio,SRR13128013,2005262,2005262,                  Candidatus Legionella polyplacis,Candidatus Legionella polyplacis,species,3.609022990559157e-05,abund,0.0,1,1,3.682606460470165e-05,0.9800186442127693
Kraken2,default,Kraken2_default,ZymoMockD6331,ZymoMockD6331,pacbio,SRR13128013,454,454,                  Legionella israelensis,Legionella israelensis,species,3.609022990559157e-05,abund,0.0,1,1,3.682606460470165e-05,0.9800186442127693
Kraken2,default,Kraken2_default,ZymoMockD6331,ZymoMockD6331,pacbio,SRR13128013,45056,45056,                  Legionella adelaidensis,Legionella adelaidensis,species,3.609022990559157e-05,abund,0.0,1,1,3.682606460470165e-05,0.9800186442127693
Kraken2,default,Kraken2_default,ZymoMockD6331,ZymoMockD6331,pacbio,SRR13128013,3066237,3066237,                    Rickettsiella endosymbiont of Litargus connexus,Rickettsiella endosymbiont of Litargus connexus,species,3.609022990559157e-05,abund,0.0,1,1,3.682606460470165e-05,0.9800186442127693
Kraken2,default,Kraken2_default,ZymoMockD6331,ZymoMockD6331,pacbio,SRR13128013,114186,114186,                    Candidatus Carsonella ruddii,Candidatus Carsonella ruddii,species,0.00018045114952795784,abund,0.0,5,4,0.00018413032302350827,0.9800186442127693
Kraken2,default,Kraken2_default,ZymoMockD6331,ZymoMockD6331,pacbio,SRR13128013,2661587,2661587,                    Candidatus Carsonella ruddii (Diaphorina cf. continua),Candidatus Carsonella ruddii (Diaphorina cf. continua),species,3.609022990559157e-05,abund,0.0,1,1,3.682606460470165e-05,0.9800186442127693
Kraken2,default,Kraken2_default,ZymoMockD6331,ZymoMockD6331,pacbio,SRR13128013,44935,44935,                  Vreelandella venusta,Vreelandella venusta,species,0.0001082706897167747,abund,0.0,3,3,0.00011047819381410495,0.9800186442127693
Kraken2,default,Kraken2_default,ZymoMockD6331,ZymoMockD6331,pacbio,SRR13128013,651666,651666,                  Neptuniibacter halophilus,Neptuniibacter halophilus,species,7.218045981118314e-05,abund,0.0,2,2,7.36521292094033e-05,0.9800186442127693
Kraken2,default,Kraken2_default,ZymoMockD6331,ZymoMockD6331,pacbio,SRR13128013,3100113,3100113,                  Candidatus Thalassolituus haligoni,Candidatus Thalassolituus haligoni,species,3.609022990559157e-05,abund,0.0,1,1,3.682606460470165e-05,0.9800186442127693
Kraken2,default,Kraken2_default,ZymoMockD6331,ZymoMockD6331,pacbio,SRR13128013,2661630,2661630,                  Venatoribacter cucullus,Venatoribacter cucullus,species,3.609022990559157e-05,abund,0.0,1,1,3.682606460470165e-05,0.9800186442127693
Kraken2,default,Kraken2_default,ZymoMockD6331,ZymoMockD6331,pacbio,SRR13128013,1872427,1872427,                    Alcanivorax sp.,Alcanivorax sp.,species,7.218045981118314e-05,abund,0.0,2,2,7.36521292094033e-05,0.9800186442127693
Kraken2,default,Kraken2_default,ZymoMockD6331,ZymoMockD6331,pacbio,SRR13128013,1027273,1027273,                  Endozoicomonas montiporae,Endozoicomonas montiporae,species,3.609022990559157e-05,abund,0.0,1,0,3.682606460470165e-05,0.9800186442127693
Kraken2,default,Kraken2_default,ZymoMockD6331,ZymoMockD6331,pacbio,SRR13128013,2683272,2683272,                  Spartinivicinus ruber,Spartinivicinus ruber,species,3.609022990559157e-05,abund,0.0,1,1,3.682606460470165e-05,0.9800186442127693
Kraken2,default,Kraken2_default,ZymoMockD6331,ZymoMockD6331,pacbio,SRR13128013,2039724,2039724,                    Thiomicrorhabdus sp.,Thiomicrorhabdus sp.,species,0.0002165413794335494,abund,0.0,6,6,0.0002209563876282099,0.9800186442127693
Kraken2,default,Kraken2_default,ZymoMockD6331,ZymoMockD6331,pacbio,SRR13128013,147268,147268,                  Thiomicrospira cyclica,Thiomicrospira cyclica,species,3.609022990559157e-05,abund,0.0,1,0,3.682606460470165e-05,0.9800186442127693
Kraken2,default,Kraken2_default,ZymoMockD6331,ZymoMockD6331,pacbio,SRR13128013,2675054,2675054,                  Thiosulfatimonas sediminis,Thiosulfatimonas sediminis,species,3.609022990559157e-05,abund,0.0,1,1,3.682606460470165e-05,0.9800186442127693
Kraken2,default,Kraken2_default,ZymoMockD6331,ZymoMockD6331,pacbio,SRR13128013,573570,573570,                  Francisella uliginis,Francisella uliginis,species,7.218045981118314e-05,abund,0.0,2,2,7.36521292094033e-05,0.9800186442127693
Kraken2,default,Kraken2_default,ZymoMockD6331,ZymoMockD6331,pacbio,SRR13128013,1542390,1542390,                  Francisella frigiditurris,Francisella frigiditurris,species,3.609022990559157e-05,abund,0.0,1,1,3.682606460470165e-05,0.9800186442127693
Kraken2,default,Kraken2_default,ZymoMockD6331,ZymoMockD6331,pacbio,SRR13128013,1395624,1395624,                    Francisella sp. LA112445,Francisella sp. LA112445,species,3.609022990559157e-05,abund,0.0,1,1,3.682606460470165e-05,0.9800186442127693
Kraken2,default,Kraken2_default,ZymoMockD6331,ZymoMockD6331,pacbio,SRR13128013,288004,288004,                  Beggiatoa leptomitoformis,Beggiatoa leptomitoformis,species,3.609022990559157e-05,abund,0.0,1,1,3.682606460470165e-05,0.9800186442127693
Kraken2,default,Kraken2_default,ZymoMockD6331,ZymoMockD6331,pacbio,SRR13128013,3140242,3140242,                    Microbulbifer sp. ARAS458-1,Microbulbifer sp. ARAS458-1,species,0.0002165413794335494,abund,0.0,6,6,0.0002209563876282099,0.9800186442127693
Kraken2,default,Kraken2_default,ZymoMockD6331,ZymoMockD6331,pacbio,SRR13128013,2944933,2944933,                  Microbulbifer spongiae,Microbulbifer spongiae,species,3.609022990559157e-05,abund,0.0,1,1,3.682606460470165e-05,0.9800186442127693
Kraken2,default,Kraken2_default,ZymoMockD6331,ZymoMockD6331,pacbio,SRR13128013,2426,2426,                  Teredinibacter turnerae,Teredinibacter turnerae,species,0.0001082706897167747,abund,0.0,3,3,0.00011047819381410495,0.9800186442127693
Kraken2,default,Kraken2_default,ZymoMockD6331,ZymoMockD6331,pacbio,SRR13128013,1620392,1620392,                    Spongiibacter sp. IMCC21906,Spongiibacter sp. IMCC21906,species,7.218045981118314e-05,abund,0.0,2,2,7.36521292094033e-05,0.9800186442127693
Kraken2,default,Kraken2_default,ZymoMockD6331,ZymoMockD6331,pacbio,SRR13128013,521689,521689,                  Thiocapsa bogorovii,Thiocapsa bogorovii,species,0.00014436091962236627,abund,0.0,4,4,0.0001473042584188066,0.9800186442127693
Kraken2,default,Kraken2_default,ZymoMockD6331,ZymoMockD6331,pacbio,SRR13128013,3019969,3019969,                    Rheinheimera sp. MM224,Rheinheimera sp. MM224,species,7.218045981118314e-05,abund,0.0,2,2,7.36521292094033e-05,0.9800186442127693
Kraken2,default,Kraken2_default,ZymoMockD6331,ZymoMockD6331,pacbio,SRR13128013,80679,80679,                  Thioflavicoccus mobilis,Thioflavicoccus mobilis,species,7.218045981118314e-05,abund,0.0,2,0,7.36521292094033e-05,0.9800186442127693
Kraken2,default,Kraken2_default,ZymoMockD6331,ZymoMockD6331,pacbio,SRR13128013,729,729,                  Haemophilus parainfluenzae,Haemophilus parainfluenzae,species,7.218045981118314e-05,abund,0.0,2,2,7.36521292094033e-05,0.9800186442127693
Kraken2,default,Kraken2_default,ZymoMockD6331,ZymoMockD6331,pacbio,SRR13128013,727,727,                  Haemophilus influenzae,Haemophilus influenzae,species,3.609022990559157e-05,abund,0.0,1,0,3.682606460470165e-05,0.9800186442127693
Kraken2,default,Kraken2_default,ZymoMockD6331,ZymoMockD6331,pacbio,SRR13128013,2827233,2827233,                  Pasteurella atlantica,Pasteurella atlantica,species,3.609022990559157e-05,abund,0.0,1,1,3.682606460470165e-05,0.9800186442127693
Kraken2,default,Kraken2_default,ZymoMockD6331,ZymoMockD6331,pacbio,SRR13128013,189834,189834,                  Actinobacillus porcitonsillarum,Actinobacillus porcitonsillarum,species,3.609022990559157e-05,abund,0.0,1,1,3.682606460470165e-05,0.9800186442127693
Kraken2,default,Kraken2_default,ZymoMockD6331,ZymoMockD6331,pacbio,SRR13128013,1432056,1432056,                    Mannheimia sp. USDA-ARS-USMARC-1261,Mannheimia sp. USDA-ARS-USMARC-1261,species,3.609022990559157e-05,abund,0.0,1,1,3.682606460470165e-05,0.9800186442127693
Kraken2,default,Kraken2_default,ZymoMockD6331,ZymoMockD6331,pacbio,SRR13128013,731,731,                  Histophilus somni,Histophilus somni,species,3.609022990559157e-05,abund,0.0,1,1,3.682606460470165e-05,0.9800186442127693
Kraken2,default,Kraken2_default,ZymoMockD6331,ZymoMockD6331,pacbio,SRR13128013,2704654,2704654,                    Gilliamella sp. ESL0441,Gilliamella sp. ESL0441,species,3.609022990559157e-05,abund,0.0,1,1,3.682606460470165e-05,0.9800186442127693
Kraken2,default,Kraken2_default,ZymoMockD6331,ZymoMockD6331,pacbio,SRR13128013,3120264,3120264,                    Gilliamella sp. wkB7,Gilliamella sp. wkB7,species,3.609022990559157e-05,abund,0.0,1,1,3.682606460470165e-05,0.9800186442127693
Kraken2,default,Kraken2_default,ZymoMockD6331,ZymoMockD6331,pacbio,SRR13128013,1267021,1267021,                  Frischella perrara,Frischella perrara,species,3.609022990559157e-05,abund,0.0,1,1,3.682606460470165e-05,0.9800186442127693
Kraken2,default,Kraken2_default,ZymoMockD6331,ZymoMockD6331,pacbio,SRR13128013,3046274,3046274,                  Xanthomonas rydalmerensis,Xanthomonas rydalmerensis,species,3.609022990559157e-05,abund,0.0,1,1,3.682606460470165e-05,0.9800186442127693
Kraken2,default,Kraken2_default,ZymoMockD6331,ZymoMockD6331,pacbio,SRR13128013,3055080,3055080,                  Stenotrophomonas pigmentata,Stenotrophomonas pigmentata,species,3.609022990559157e-05,abund,0.0,1,1,3.682606460470165e-05,0.9800186442127693
Kraken2,default,Kraken2_default,ZymoMockD6331,ZymoMockD6331,pacbio,SRR13128013,1760988,1760988,                  Methylomagnum ishizawai,Methylomagnum ishizawai,species,3.609022990559157e-05,abund,0.0,1,1,3.682606460470165e-05,0.9800186442127693
Kraken2,default,Kraken2_default,ZymoMockD6331,ZymoMockD6331,pacbio,SRR13128013,87883,87883,                    Burkholderia multivorans,Burkholderia multivorans,species,0.011440602880072528,abund,0.01,317,317,0.011673862479690425,0.9800186442127693
Kraken2,default,Kraken2_default,ZymoMockD6331,ZymoMockD6331,pacbio,SRR13128013,337,337,                  Burkholderia glumae,Burkholderia glumae,species,3.609022990559157e-05,abund,0.0,1,1,3.682606460470165e-05,0.9800186442127693
Kraken2,default,Kraken2_default,ZymoMockD6331,ZymoMockD6331,pacbio,SRR13128013,576610,576610,                  Polynucleobacter necessarius,Polynucleobacter necessarius,species,3.609022990559157e-05,abund,0.0,1,1,3.682606460470165e-05,0.9800186442127693
Kraken2,default,Kraken2_default,ZymoMockD6331,ZymoMockD6331,pacbio,SRR13128013,1819725,1819725,                  Polynucleobacter ibericus,Polynucleobacter ibericus,species,3.609022990559157e-05,abund,0.0,1,1,3.682606460470165e-05,0.9800186442127693
Kraken2,default,Kraken2_default,ZymoMockD6331,ZymoMockD6331,pacbio,SRR13128013,169430,169430,                  Paraburkholderia hospita,Paraburkholderia hospita,species,7.218045981118314e-05,abund,0.0,2,2,7.36521292094033e-05,0.9800186442127693
Kraken2,default,Kraken2_default,ZymoMockD6331,ZymoMockD6331,pacbio,SRR13128013,2878153,2878153,                    Caballeronia sp. TF1N1,Caballeronia sp. TF1N1,species,7.218045981118314e-05,abund,0.0,2,2,7.36521292094033e-05,0.9800186442127693
Kraken2,default,Kraken2_default,ZymoMockD6331,ZymoMockD6331,pacbio,SRR13128013,190721,190721,                  Ralstonia insidiosa,Ralstonia insidiosa,species,3.609022990559157e-05,abund,0.0,1,1,3.682606460470165e-05,0.9800186442127693
Kraken2,default,Kraken2_default,ZymoMockD6331,ZymoMockD6331,pacbio,SRR13128013,164546,164546,                  Cupriavidus taiwanensis,Cupriavidus taiwanensis,species,3.609022990559157e-05,abund,0.0,1,1,3.682606460470165e-05,0.9800186442127693
Kraken2,default,Kraken2_default,ZymoMockD6331,ZymoMockD6331,pacbio,SRR13128013,2058625,2058625,                    Undibacterium sp. YM2,Undibacterium sp. YM2,species,3.609022990559157e-05,abund,0.0,1,1,3.682606460470165e-05,0.9800186442127693
Kraken2,default,Kraken2_default,ZymoMockD6331,ZymoMockD6331,pacbio,SRR13128013,2045208,2045208,                    Massilia violaceinigra,Massilia violaceinigra,species,3.609022990559157e-05,abund,0.0,1,1,3.682606460470165e-05,0.9800186442127693
Kraken2,default,Kraken2_default,ZymoMockD6331,ZymoMockD6331,pacbio,SRR13128013,321985,321985,                    Pseudoduganella lutea,Pseudoduganella lutea,species,3.609022990559157e-05,abund,0.0,1,1,3.682606460470165e-05,0.9800186442127693
Kraken2,default,Kraken2_default,ZymoMockD6331,ZymoMockD6331,pacbio,SRR13128013,1746199,1746199,                    Bordetella sp. N,Bordetella sp. N,species,3.609022990559157e-05,abund,0.0,1,1,3.682606460470165e-05,0.9800186442127693
Kraken2,default,Kraken2_default,ZymoMockD6331,ZymoMockD6331,pacbio,SRR13128013,1851544,1851544,                  Orrella dioscoreae,Orrella dioscoreae,species,3.609022990559157e-05,abund,0.0,1,1,3.682606460470165e-05,0.9800186442127693
Kraken2,default,Kraken2_default,ZymoMockD6331,ZymoMockD6331,pacbio,SRR13128013,2652177,2652177,                  Pelistega ratti,Pelistega ratti,species,3.609022990559157e-05,abund,0.0,1,1,3.682606460470165e-05,0.9800186442127693
Kraken2,default,Kraken2_default,ZymoMockD6331,ZymoMockD6331,pacbio,SRR13128013,34073,34073,                  Variovorax paradoxus,Variovorax paradoxus,species,3.609022990559157e-05,abund,0.0,1,1,3.682606460470165e-05,0.9800186442127693
Kraken2,default,Kraken2_default,ZymoMockD6331,ZymoMockD6331,pacbio,SRR13128013,558537,558537,                  Delftia lacustris,Delftia lacustris,species,3.609022990559157e-05,abund,0.0,1,1,3.682606460470165e-05,0.9800186442127693
Kraken2,default,Kraken2_default,ZymoMockD6331,ZymoMockD6331,pacbio,SRR13128013,1547922,1547922,                  Piscinibacter sakaiensis,Piscinibacter sakaiensis,species,3.609022990559157e-05,abund,0.0,1,1,3.682606460470165e-05,0.9800186442127693
Kraken2,default,Kraken2_default,ZymoMockD6331,ZymoMockD6331,pacbio,SRR13128013,3037797,3037797,                    Piscinibacter sp. XHJ-5,Piscinibacter sp. XHJ-5,species,3.609022990559157e-05,abund,0.0,1,1,3.682606460470165e-05,0.9800186442127693
Kraken2,default,Kraken2_default,ZymoMockD6331,ZymoMockD6331,pacbio,SRR13128013,484,484,                  Neisseria flavescens,Neisseria flavescens,species,0.00014436091962236627,abund,0.0,4,4,0.0001473042584188066,0.9800186442127693
Kraken2,default,Kraken2_default,ZymoMockD6331,ZymoMockD6331,pacbio,SRR13128013,490,490,                  Neisseria sicca,Neisseria sicca,species,0.00014436091962236627,abund,0.0,4,4,0.0001473042584188066,0.9800186442127693
Kraken2,default,Kraken2_default,ZymoMockD6331,ZymoMockD6331,pacbio,SRR13128013,326522,326522,                  Neisseria animaloris,Neisseria animaloris,species,3.609022990559157e-05,abund,0.0,1,1,3.682606460470165e-05,0.9800186442127693
Kraken2,default,Kraken2_default,ZymoMockD6331,ZymoMockD6331,pacbio,SRR13128013,72,72,                  Simonsiella muelleri,Simonsiella muelleri,species,7.218045981118314e-05,abund,0.0,2,2,7.36521292094033e-05,0.9800186442127693
Kraken2,default,Kraken2_default,ZymoMockD6331,ZymoMockD6331,pacbio,SRR13128013,2605945,2605945,                  Chromobacterium paludis,Chromobacterium paludis,species,7.218045981118314e-05,abund,0.0,2,2,7.36521292094033e-05,0.9800186442127693
Kraken2,default,Kraken2_default,ZymoMockD6331,ZymoMockD6331,pacbio,SRR13128013,2739434,2739434,                  Chitinibacter bivalviorum,Chitinibacter bivalviorum,species,7.218045981118314e-05,abund,0.0,2,2,7.36521292094033e-05,0.9800186442127693
Kraken2,default,Kraken2_default,ZymoMockD6331,ZymoMockD6331,pacbio,SRR13128013,2588536,2588536,                  Candidatus Methylopumilus universalis,Candidatus Methylopumilus universalis,species,3.609022990559157e-05,abund,0.0,1,1,3.682606460470165e-05,0.9800186442127693
Kraken2,default,Kraken2_default,ZymoMockD6331,ZymoMockD6331,pacbio,SRR13128013,2954771,2954771,                    Bradyrhizobium sp. Ash2021,Bradyrhizobium sp. Ash2021,species,0.00014436091962236627,abund,0.0,4,4,0.0001473042584188066,0.9800186442127693
Kraken2,default,Kraken2_default,ZymoMockD6331,ZymoMockD6331,pacbio,SRR13128013,190148,190148,                  Bradyrhizobium paxllaeri,Bradyrhizobium paxllaeri,species,3.609022990559157e-05,abund,0.0,1,1,3.682606460470165e-05,0.9800186442127693
Kraken2,default,Kraken2_default,ZymoMockD6331,ZymoMockD6331,pacbio,SRR13128013,340268,340268,                  Tardiphaga alba,Tardiphaga alba,species,7.218045981118314e-05,abund,0.0,2,2,7.36521292094033e-05,0.9800186442127693
Kraken2,default,Kraken2_default,ZymoMockD6331,ZymoMockD6331,pacbio,SRR13128013,1933904,1933904,                    Bartonella sp. WD16.2,Bartonella sp. WD16.2,species,0.00014436091962236627,abund,0.0,4,4,0.0001473042584188066,0.9800186442127693
Kraken2,default,Kraken2_default,ZymoMockD6331,ZymoMockD6331,pacbio,SRR13128013,2759660,2759660,                    Bartonella sp. HY038,Bartonella sp. HY038,species,7.218045981118314e-05,abund,0.0,2,2,7.36521292094033e-05,0.9800186442127693
Kraken2,default,Kraken2_default,ZymoMockD6331,ZymoMockD6331,pacbio,SRR13128013,3388426,3388426,                    Bartonella sp. DGB2,Bartonella sp. DGB2,species,3.609022990559157e-05,abund,0.0,1,1,3.682606460470165e-05,0.9800186442127693
Kraken2,default,Kraken2_default,ZymoMockD6331,ZymoMockD6331,pacbio,SRR13128013,165694,165694,                  Bartonella schoenbuchensis,Bartonella schoenbuchensis,species,3.609022990559157e-05,abund,0.0,1,1,3.682606460470165e-05,0.9800186442127693
Kraken2,default,Kraken2_default,ZymoMockD6331,ZymoMockD6331,pacbio,SRR13128013,1125847,1125847,                    Pseudorhizobium banfieldiae,Pseudorhizobium banfieldiae,species,7.218045981118314e-05,abund,0.0,2,2,7.36521292094033e-05,0.9800186442127693
Kraken2,default,Kraken2_default,ZymoMockD6331,ZymoMockD6331,pacbio,SRR13128013,1183413,1183413,                    Agrobacterium salinitolerans,Agrobacterium salinitolerans,species,3.609022990559157e-05,abund,0.0,1,1,3.682606460470165e-05,0.9800186442127693
Kraken2,default,Kraken2_default,ZymoMockD6331,ZymoMockD6331,pacbio,SRR13128013,2081791,2081791,                    Rhizobium ruizarguesonis,Rhizobium ruizarguesonis,species,3.609022990559157e-05,abund,0.0,1,1,3.682606460470165e-05,0.9800186442127693
Kraken2,default,Kraken2_default,ZymoMockD6331,ZymoMockD6331,pacbio,SRR13128013,3067904,3067904,                      Pararhizobium sp. IMCC3301,Pararhizobium sp. IMCC3301,species,3.609022990559157e-05,abund,0.0,1,1,3.682606460470165e-05,0.9800186442127693
Kraken2,default,Kraken2_default,ZymoMockD6331,ZymoMockD6331,pacbio,SRR13128013,288436,288436,                  Hoeflea alexandrii,Hoeflea alexandrii,species,3.609022990559157e-05,abund,0.0,1,1,3.682606460470165e-05,0.9800186442127693
Kraken2,default,Kraken2_default,ZymoMockD6331,ZymoMockD6331,pacbio,SRR13128013,3038924,3038924,                    Methylobacterium sp. 391_Methyba4,Methylobacterium sp. 391_Methyba4,species,3.609022990559157e-05,abund,0.0,1,1,3.682606460470165e-05,0.9800186442127693
Kraken2,default,Kraken2_default,ZymoMockD6331,ZymoMockD6331,pacbio,SRR13128013,2051553,2051553,                  Methylobacterium currus,Methylobacterium currus,species,3.609022990559157e-05,abund,0.0,1,1,3.682606460470165e-05,0.9800186442127693
Kraken2,default,Kraken2_default,ZymoMockD6331,ZymoMockD6331,pacbio,SRR13128013,418223,418223,                  Methylobacterium phyllosphaerae,Methylobacterium phyllosphaerae,species,3.609022990559157e-05,abund,0.0,1,1,3.682606460470165e-05,0.9800186442127693
Kraken2,default,Kraken2_default,ZymoMockD6331,ZymoMockD6331,pacbio,SRR13128013,2807101,2807101,                    Microvirga sp. VF16,Microvirga sp. VF16,species,3.609022990559157e-05,abund,0.0,1,1,3.682606460470165e-05,0.9800186442127693
Kraken2,default,Kraken2_default,ZymoMockD6331,ZymoMockD6331,pacbio,SRR13128013,187304,187304,                  Roseibium aggregatum,Roseibium aggregatum,species,0.0001082706897167747,abund,0.0,3,3,0.00011047819381410495,0.9800186442127693
Kraken2,default,Kraken2_default,ZymoMockD6331,ZymoMockD6331,pacbio,SRR13128013,29468,29468,                  Methylocystis echinoides,Methylocystis echinoides,species,7.218045981118314e-05,abund,0.0,2,2,7.36521292094033e-05,0.9800186442127693
Kraken2,default,Kraken2_default,ZymoMockD6331,ZymoMockD6331,pacbio,SRR13128013,1526658,1526658,                  Bosea vaviloviae,Bosea vaviloviae,species,7.218045981118314e-05,abund,0.0,2,2,7.36521292094033e-05,0.9800186442127693
Kraken2,default,Kraken2_default,ZymoMockD6331,ZymoMockD6331,pacbio,SRR13128013,2865839,2865839,                    Mesorhizobium sp. AR10,Mesorhizobium sp. AR10,species,7.218045981118314e-05,abund,0.0,2,2,7.36521292094033e-05,0.9800186442127693
Kraken2,default,Kraken2_default,ZymoMockD6331,ZymoMockD6331,pacbio,SRR13128013,2834768,2834768,                  Pseudochrobactrum algeriensis,Pseudochrobactrum algeriensis,species,3.609022990559157e-05,abund,0.0,1,1,3.682606460470165e-05,0.9800186442127693
Kraken2,default,Kraken2_default,ZymoMockD6331,ZymoMockD6331,pacbio,SRR13128013,400770,400770,                  Devosia ginsengisoli,Devosia ginsengisoli,species,3.609022990559157e-05,abund,0.0,1,1,3.682606460470165e-05,0.9800186442127693
Kraken2,default,Kraken2_default,ZymoMockD6331,ZymoMockD6331,pacbio,SRR13128013,988779,988779,                  Candidatus Megaera polyxenophila,Candidatus Megaera polyxenophila,species,3.609022990559157e-05,abund,0.0,1,1,3.682606460470165e-05,0.9800186442127693
Kraken2,default,Kraken2_default,ZymoMockD6331,ZymoMockD6331,pacbio,SRR13128013,77125,77125,                      Wolbachia endosymbiont of Encarsia formosa,Wolbachia endosymbiont of Encarsia formosa,species,3.609022990559157e-05,abund,0.0,1,1,3.682606460470165e-05,0.9800186442127693
Kraken2,default,Kraken2_default,ZymoMockD6331,ZymoMockD6331,pacbio,SRR13128013,34018,34018,                  Rhodospirillum centenum,Rhodospirillum centenum,species,0.00014436091962236627,abund,0.0,4,0,0.0001473042584188066,0.9800186442127693
Kraken2,default,Kraken2_default,ZymoMockD6331,ZymoMockD6331,pacbio,SRR13128013,1263979,1263979,                  Candidatus Endolissoclinum faulkneri,Candidatus Endolissoclinum faulkneri,species,3.609022990559157e-05,abund,0.0,1,0,3.682606460470165e-05,0.9800186442127693
Kraken2,default,Kraken2_default,ZymoMockD6331,ZymoMockD6331,pacbio,SRR13128013,168935,168935,                  Thalassospira lucentensis,Thalassospira lucentensis,species,7.218045981118314e-05,abund,0.0,2,2,7.36521292094033e-05,0.9800186442127693
Kraken2,default,Kraken2_default,ZymoMockD6331,ZymoMockD6331,pacbio,SRR13128013,220697,220697,                  Thalassospira xiamenensis,Thalassospira xiamenensis,species,3.609022990559157e-05,abund,0.0,1,0,3.682606460470165e-05,0.9800186442127693
Kraken2,default,Kraken2_default,ZymoMockD6331,ZymoMockD6331,pacbio,SRR13128013,2048283,2048283,                  Thalassospira marina,Thalassospira marina,species,3.609022990559157e-05,abund,0.0,1,1,3.682606460470165e-05,0.9800186442127693
Kraken2,default,Kraken2_default,ZymoMockD6331,ZymoMockD6331,pacbio,SRR13128013,1284658,1284658,                  Planktomarina temperata,Planktomarina temperata,species,7.218045981118314e-05,abund,0.0,2,0,7.36521292094033e-05,0.9800186442127693
Kraken2,default,Kraken2_default,ZymoMockD6331,ZymoMockD6331,pacbio,SRR13128013,1564506,1564506,                    Rhodovulum sp. P5,Rhodovulum sp. P5,species,3.609022990559157e-05,abund,0.0,1,1,3.682606460470165e-05,0.9800186442127693
Kraken2,default,Kraken2_default,ZymoMockD6331,ZymoMockD6331,pacbio,SRR13128013,2916397,2916397,                    Rhodophyticola sp. CCM32,Rhodophyticola sp. CCM32,species,3.609022990559157e-05,abund,0.0,1,1,3.682606460470165e-05,0.9800186442127693
Kraken2,default,Kraken2_default,ZymoMockD6331,ZymoMockD6331,pacbio,SRR13128013,2171755,2171755,                  Profundibacter amoris,Profundibacter amoris,species,3.609022990559157e-05,abund,0.0,1,1,3.682606460470165e-05,0.9800186442127693
Kraken2,default,Kraken2_default,ZymoMockD6331,ZymoMockD6331,pacbio,SRR13128013,1943633,1943633,                  Ponticoccus alexandrii,Ponticoccus alexandrii,species,3.609022990559157e-05,abund,0.0,1,1,3.682606460470165e-05,0.9800186442127693
Kraken2,default,Kraken2_default,ZymoMockD6331,ZymoMockD6331,pacbio,SRR13128013,2997354,2997354,                    Sphingomonas sp. So64.6b,Sphingomonas sp. So64.6b,species,3.609022990559157e-05,abund,0.0,1,1,3.682606460470165e-05,0.9800186442127693
Kraken2,default,Kraken2_default,ZymoMockD6331,ZymoMockD6331,pacbio,SRR13128013,2319844,2319844,                  Sphingomonas paeninsulae,Sphingomonas paeninsulae,species,3.609022990559157e-05,abund,0.0,1,1,3.682606460470165e-05,0.9800186442127693
Kraken2,default,Kraken2_default,ZymoMockD6331,ZymoMockD6331,pacbio,SRR13128013,2896849,2896849,                  Novosphingobium kaempferiae,Novosphingobium kaempferiae,species,3.609022990559157e-05,abund,0.0,1,1,3.682606460470165e-05,0.9800186442127693
Kraken2,default,Kraken2_default,ZymoMockD6331,ZymoMockD6331,pacbio,SRR13128013,476157,476157,                  Altererythrobacter ishigakiensis,Altererythrobacter ishigakiensis,species,7.218045981118314e-05,abund,0.0,2,2,7.36521292094033e-05,0.9800186442127693
Kraken2,default,Kraken2_default,ZymoMockD6331,ZymoMockD6331,pacbio,SRR13128013,69665,69665,                    Caulobacter sp. FWC26,Caulobacter sp. FWC26,species,7.218045981118314e-05,abund,0.0,2,2,7.36521292094033e-05,0.9800186442127693
Kraken2,default,Kraken2_default,ZymoMockD6331,ZymoMockD6331,pacbio,SRR13128013,3095608,3095608,                    Asticcacaulis sp. DW145,Asticcacaulis sp. DW145,species,3.609022990559157e-05,abund,0.0,1,1,3.682606460470165e-05,0.9800186442127693
Kraken2,default,Kraken2_default,ZymoMockD6331,ZymoMockD6331,pacbio,SRR13128013,2601668,2601668,                  Candidatus Nesciobacter abundans,Candidatus Nesciobacter abundans,species,3.609022990559157e-05,abund,0.0,1,1,3.682606460470165e-05,0.9800186442127693
Kraken2,default,Kraken2_default,ZymoMockD6331,ZymoMockD6331,pacbio,SRR13128013,2806609,2806609,                  Candidatus Gromoviella agglomerans,Candidatus Gromoviella agglomerans,species,3.609022990559157e-05,abund,0.0,1,1,3.682606460470165e-05,0.9800186442127693
Kraken2,default,Kraken2_default,ZymoMockD6331,ZymoMockD6331,pacbio,SRR13128013,2070537,2070537,                  Commensalibacter melissae,Commensalibacter melissae,species,3.609022990559157e-05,abund,0.0,1,1,3.682606460470165e-05,0.9800186442127693
Kraken2,default,Kraken2_default,ZymoMockD6331,ZymoMockD6331,pacbio,SRR13128013,239935,239935,                    Akkermansia muciniphila,Akkermansia muciniphila,species,2.0347671620772525,abund,2.03,56380,56235,2.076253522413079,0.9800186442127693
Kraken2,default,Kraken2_default,ZymoMockD6331,ZymoMockD6331,pacbio,SRR13128013,3040764,3040764,                      Akkermansia sp. N21116,Akkermansia sp. N21116,species,3.609022990559157e-05,abund,0.0,1,1,3.682606460470165e-05,0.9800186442127693
Kraken2,default,Kraken2_default,ZymoMockD6331,ZymoMockD6331,pacbio,SRR13128013,3115152,3115152,                      Akkermansia sp. RCC_12PD,Akkermansia sp. RCC_12PD,species,3.609022990559157e-05,abund,0.0,1,1,3.682606460470165e-05,0.9800186442127693
Kraken2,default,Kraken2_default,ZymoMockD6331,ZymoMockD6331,pacbio,SRR13128013,2927224,2927224,                    Akkermansia massiliensis,Akkermansia massiliensis,species,3.609022990559157e-05,abund,0.0,1,1,3.682606460470165e-05,0.9800186442127693
Kraken2,default,Kraken2_default,ZymoMockD6331,ZymoMockD6331,pacbio,SRR13128013,454148,454148,                    Roseibacillus persicicus,Roseibacillus persicicus,species,3.609022990559157e-05,abund,0.0,1,1,3.682606460470165e-05,0.9800186442127693
Kraken2,default,Kraken2_default,ZymoMockD6331,ZymoMockD6331,pacbio,SRR13128013,2528024,2528024,                    Lacipirellula limnantheis,Lacipirellula limnantheis,species,0.0002165413794335494,abund,0.0,6,6,0.0002209563876282099,0.9800186442127693
Kraken2,default,Kraken2_default,ZymoMockD6331,ZymoMockD6331,pacbio,SRR13128013,2528005,2528005,                    Stieleria varia,Stieleria varia,species,7.218045981118314e-05,abund,0.0,2,2,7.36521292094033e-05,0.9800186442127693
Kraken2,default,Kraken2_default,ZymoMockD6331,ZymoMockD6331,pacbio,SRR13128013,2527990,2527990,                    Rosistilla oblonga,Rosistilla oblonga,species,3.609022990559157e-05,abund,0.0,1,1,3.682606460470165e-05,0.9800186442127693
Kraken2,default,Kraken2_default,ZymoMockD6331,ZymoMockD6331,pacbio,SRR13128013,3044399,3044399,                      Schlesneria sp. DSM 10557,Schlesneria sp. DSM 10557,species,0.0001082706897167747,abund,0.0,3,3,0.00011047819381410495,0.9800186442127693
Kraken2,default,Kraken2_default,ZymoMockD6331,ZymoMockD6331,pacbio,SRR13128013,2528027,2528027,                    Calycomorphotria hydatis,Calycomorphotria hydatis,species,3.609022990559157e-05,abund,0.0,1,1,3.682606460470165e-05,0.9800186442127693
Kraken2,default,Kraken2_default,ZymoMockD6331,ZymoMockD6331,pacbio,SRR13128013,2528023,2528023,                    Urbifossiella limnaea,Urbifossiella limnaea,species,3.609022990559157e-05,abund,0.0,1,1,3.682606460470165e-05,0.9800186442127693
Kraken2,default,Kraken2_default,ZymoMockD6331,ZymoMockD6331,pacbio,SRR13128013,1940790,1940790,                    Sedimentisphaera cyanobacteriorum,Sedimentisphaera cyanobacteriorum,species,7.218045981118314e-05,abund,0.0,2,2,7.36521292094033e-05,0.9800186442127693
Kraken2,default,Kraken2_default,ZymoMockD6331,ZymoMockD6331,pacbio,SRR13128013,1941349,1941349,                    Sedimentisphaera salicampi,Sedimentisphaera salicampi,species,3.609022990559157e-05,abund,0.0,1,1,3.682606460470165e-05,0.9800186442127693
Kraken2,default,Kraken2_default,ZymoMockD6331,ZymoMockD6331,pacbio,SRR13128013,2596890,2596890,                    Candidatus Uabimicrobium amorphum,Candidatus Uabimicrobium amorphum,species,3.609022990559157e-05,abund,0.0,1,1,3.682606460470165e-05,0.9800186442127693
Kraken2,default,Kraken2_default,ZymoMockD6331,ZymoMockD6331,pacbio,SRR13128013,3342349,3342349,                    Rhabdochlamydiaceae symbiont of Dictyostelium giganteum,Rhabdochlamydiaceae symbiont of Dictyostelium giganteum,species,7.218045981118314e-05,abund,0.0,2,2,7.36521292094033e-05,0.9800186442127693
Kraken2,default,Kraken2_default,ZymoMockD6331,ZymoMockD6331,pacbio,SRR13128013,2697043,2697043,                    Tichowtungia aerotolerans,Tichowtungia aerotolerans,species,3.609022990559157e-05,abund,0.0,1,1,3.682606460470165e-05,0.9800186442127693
Kraken2,default,Kraken2_default,ZymoMockD6331,ZymoMockD6331,pacbio,SRR13128013,1850254,1850254,                  Poseidonibacter parvus,Poseidonibacter parvus,species,0.0001082706897167747,abund,0.0,3,3,0.00011047819381410495,0.9800186442127693
Kraken2,default,Kraken2_default,ZymoMockD6331,ZymoMockD6331,pacbio,SRR13128013,1904463,1904463,                  Poseidonibacter lekithochrous,Poseidonibacter lekithochrous,species,7.218045981118314e-05,abund,0.0,2,2,7.36521292094033e-05,0.9800186442127693
Kraken2,default,Kraken2_default,ZymoMockD6331,ZymoMockD6331,pacbio,SRR13128013,1564138,1564138,                  Aliarcobacter faecis,Aliarcobacter faecis,species,3.609022990559157e-05,abund,0.0,1,1,3.682606460470165e-05,0.9800186442127693
Kraken2,default,Kraken2_default,ZymoMockD6331,ZymoMockD6331,pacbio,SRR13128013,1849015,1849015,                  Arcobacter acticola,Arcobacter acticola,species,3.609022990559157e-05,abund,0.0,1,1,3.682606460470165e-05,0.9800186442127693
Kraken2,default,Kraken2_default,ZymoMockD6331,ZymoMockD6331,pacbio,SRR13128013,944547,944547,                    Arcobacter sp. L,Arcobacter sp. L,species,3.609022990559157e-05,abund,0.0,1,1,3.682606460470165e-05,0.9800186442127693
Kraken2,default,Kraken2_default,ZymoMockD6331,ZymoMockD6331,pacbio,SRR13128013,2321133,2321133,                    Halarcobacter sp.,Halarcobacter sp.,species,7.218045981118314e-05,abund,0.0,2,2,7.36521292094033e-05,0.9800186442127693
Kraken2,default,Kraken2_default,ZymoMockD6331,ZymoMockD6331,pacbio,SRR13128013,877500,877500,                  Halarcobacter anaerophilus,Halarcobacter anaerophilus,species,3.609022990559157e-05,abund,0.0,1,1,3.682606460470165e-05,0.9800186442127693
Kraken2,default,Kraken2_default,ZymoMockD6331,ZymoMockD6331,pacbio,SRR13128013,603050,603050,                  Malaciobacter mytili,Malaciobacter mytili,species,7.218045981118314e-05,abund,0.0,2,0,7.36521292094033e-05,0.9800186442127693
Kraken2,default,Kraken2_default,ZymoMockD6331,ZymoMockD6331,pacbio,SRR13128013,199,199,                  Campylobacter concisus,Campylobacter concisus,species,0.0001082706897167747,abund,0.0,3,3,0.00011047819381410495,0.9800186442127693
Kraken2,default,Kraken2_default,ZymoMockD6331,ZymoMockD6331,pacbio,SRR13128013,827,827,                  Campylobacter ureolyticus,Campylobacter ureolyticus,species,0.0001082706897167747,abund,0.0,3,3,0.00011047819381410495,0.9800186442127693
Kraken2,default,Kraken2_default,ZymoMockD6331,ZymoMockD6331,pacbio,SRR13128013,1660078,1660078,                    Campylobacter sp. RM5004,Campylobacter sp. RM5004,species,3.609022990559157e-05,abund,0.0,1,1,3.682606460470165e-05,0.9800186442127693
Kraken2,default,Kraken2_default,ZymoMockD6331,ZymoMockD6331,pacbio,SRR13128013,1660079,1660079,                    Campylobacter sp. RM12651,Campylobacter sp. RM12651,species,3.609022990559157e-05,abund,0.0,1,1,3.682606460470165e-05,0.9800186442127693
Kraken2,default,Kraken2_default,ZymoMockD6331,ZymoMockD6331,pacbio,SRR13128013,497724,497724,                  Campylobacter subantarcticus,Campylobacter subantarcticus,species,7.218045981118314e-05,abund,0.0,2,2,7.36521292094033e-05,0.9800186442127693
Kraken2,default,Kraken2_default,ZymoMockD6331,ZymoMockD6331,pacbio,SRR13128013,201,201,                  Campylobacter lari,Campylobacter lari,species,7.218045981118314e-05,abund,0.0,2,2,7.36521292094033e-05,0.9800186442127693
Kraken2,default,Kraken2_default,ZymoMockD6331,ZymoMockD6331,pacbio,SRR13128013,196,196,                  Campylobacter fetus,Campylobacter fetus,species,3.609022990559157e-05,abund,0.0,1,0,3.682606460470165e-05,0.9800186442127693
Kraken2,default,Kraken2_default,ZymoMockD6331,ZymoMockD6331,pacbio,SRR13128013,374106,374106,                  Campylobacter cuniculorum,Campylobacter cuniculorum,species,3.609022990559157e-05,abund,0.0,1,1,3.682606460470165e-05,0.9800186442127693
Kraken2,default,Kraken2_default,ZymoMockD6331,ZymoMockD6331,pacbio,SRR13128013,260714,260714,                  Campylobacter insulaenigrae,Campylobacter insulaenigrae,species,3.609022990559157e-05,abund,0.0,1,1,3.682606460470165e-05,0.9800186442127693
Kraken2,default,Kraken2_default,ZymoMockD6331,ZymoMockD6331,pacbio,SRR13128013,76517,76517,                  Campylobacter hominis,Campylobacter hominis,species,3.609022990559157e-05,abund,0.0,1,1,3.682606460470165e-05,0.9800186442127693
Kraken2,default,Kraken2_default,ZymoMockD6331,ZymoMockD6331,pacbio,SRR13128013,37372,37372,                  Helicobacter bilis,Helicobacter bilis,species,7.218045981118314e-05,abund,0.0,2,2,7.36521292094033e-05,0.9800186442127693
Kraken2,default,Kraken2_default,ZymoMockD6331,ZymoMockD6331,pacbio,SRR13128013,210,210,                  Helicobacter pylori,Helicobacter pylori,species,7.218045981118314e-05,abund,0.0,2,2,7.36521292094033e-05,0.9800186442127693
Kraken2,default,Kraken2_default,ZymoMockD6331,ZymoMockD6331,pacbio,SRR13128013,222136,222136,                  Helicobacter enhydrae,Helicobacter enhydrae,species,3.609022990559157e-05,abund,0.0,1,1,3.682606460470165e-05,0.9800186442127693
Kraken2,default,Kraken2_default,ZymoMockD6331,ZymoMockD6331,pacbio,SRR13128013,3094835,3094835,                    Sulfurospirillum sp. 1612,Sulfurospirillum sp. 1612,species,7.218045981118314e-05,abund,0.0,2,2,7.36521292094033e-05,0.9800186442127693
Kraken2,default,Kraken2_default,ZymoMockD6331,ZymoMockD6331,pacbio,SRR13128013,148813,148813,                  Sulfuricurvum kujiense,Sulfuricurvum kujiense,species,3.609022990559157e-05,abund,0.0,1,0,3.682606460470165e-05,0.9800186442127693
Kraken2,default,Kraken2_default,ZymoMockD6331,ZymoMockD6331,pacbio,SRR13128013,2795000,2795000,                    Maridesulfovibrio sp.,Maridesulfovibrio sp.,species,0.00028872183924473255,abund,0.0,8,8,0.0002946085168376132,0.9800186442127693
Kraken2,default,Kraken2_default,ZymoMockD6331,ZymoMockD6331,pacbio,SRR13128013,45655,45655,                  Desulfonema magnum,Desulfonema magnum,species,0.00014436091962236627,abund,0.0,4,4,0.0001473042584188066,0.9800186442127693
Kraken2,default,Kraken2_default,ZymoMockD6331,ZymoMockD6331,pacbio,SRR13128013,45656,45656,                  Desulfonema limicola,Desulfonema limicola,species,3.609022990559157e-05,abund,0.0,1,1,3.682606460470165e-05,0.9800186442127693
Kraken2,default,Kraken2_default,ZymoMockD6331,ZymoMockD6331,pacbio,SRR13128013,2291,2291,                  Desulfobacter hydrogenophilus,Desulfobacter hydrogenophilus,species,7.218045981118314e-05,abund,0.0,2,2,7.36521292094033e-05,0.9800186442127693
Kraken2,default,Kraken2_default,ZymoMockD6331,ZymoMockD6331,pacbio,SRR13128013,2563669,2563669,                    Treponema sp. OMZ 787,Treponema sp. OMZ 787,species,0.0001082706897167747,abund,0.0,3,3,0.00011047819381410495,0.9800186442127693
Kraken2,default,Kraken2_default,ZymoMockD6331,ZymoMockD6331,pacbio,SRR13128013,221027,221027,                  Treponema putidum,Treponema putidum,species,7.218045981118314e-05,abund,0.0,2,2,7.36521292094033e-05,0.9800186442127693
Kraken2,default,Kraken2_default,ZymoMockD6331,ZymoMockD6331,pacbio,SRR13128013,47466,47466,                  Borrelia miyamotoi,Borrelia miyamotoi,species,3.609022990559157e-05,abund,0.0,1,1,3.682606460470165e-05,0.9800186442127693
Kraken2,default,Kraken2_default,ZymoMockD6331,ZymoMockD6331,pacbio,SRR13128013,173,173,                  Leptospira interrogans,Leptospira interrogans,species,3.609022990559157e-05,abund,0.0,1,1,3.682606460470165e-05,0.9800186442127693
Kraken2,default,Kraken2_default,ZymoMockD6331,ZymoMockD6331,pacbio,SRR13128013,28182,28182,                  Leptospira noguchii,Leptospira noguchii,species,3.609022990559157e-05,abund,0.0,1,1,3.682606460470165e-05,0.9800186442127693
Kraken2,default,Kraken2_default,ZymoMockD6331,ZymoMockD6331,pacbio,SRR13128013,159,159,                  Brachyspira hyodysenteriae,Brachyspira hyodysenteriae,species,3.609022990559157e-05,abund,0.0,1,1,3.682606460470165e-05,0.9800186442127693
Kraken2,default,Kraken2_default,ZymoMockD6331,ZymoMockD6331,pacbio,SRR13128013,959,959,                  Bdellovibrio bacteriovorus,Bdellovibrio bacteriovorus,species,0.0001082706897167747,abund,0.0,3,3,0.00011047819381410495,0.9800186442127693
Kraken2,default,Kraken2_default,ZymoMockD6331,ZymoMockD6331,pacbio,SRR13128013,3394356,3394356,                    Bdellovibrio sp. HCB290,Bdellovibrio sp. HCB290,species,3.609022990559157e-05,abund,0.0,1,1,3.682606460470165e-05,0.9800186442127693
Kraken2,default,Kraken2_default,ZymoMockD6331,ZymoMockD6331,pacbio,SRR13128013,1915309,1915309,                  Silvanigrella aquatica,Silvanigrella aquatica,species,3.609022990559157e-05,abund,0.0,1,1,3.682606460470165e-05,0.9800186442127693
Kraken2,default,Kraken2_default,ZymoMockD6331,ZymoMockD6331,pacbio,SRR13128013,1592106,1592106,                  Terriglobus albidus,Terriglobus albidus,species,7.218045981118314e-05,abund,0.0,2,2,7.36521292094033e-05,0.9800186442127693
Kraken2,default,Kraken2_default,ZymoMockD6331,ZymoMockD6331,pacbio,SRR13128013,2763107,2763107,                  Alloacidobacterium dinghuense,Alloacidobacterium dinghuense,species,3.609022990559157e-05,abund,0.0,1,1,3.682606460470165e-05,0.9800186442127693
Kraken2,default,Kraken2_default,ZymoMockD6331,ZymoMockD6331,pacbio,SRR13128013,3118332,3118332,                  Thermodesulfovibrio obliviosus,Thermodesulfovibrio obliviosus,species,7.218045981118314e-05,abund,0.0,2,2,7.36521292094033e-05,0.9800186442127693
Kraken2,default,Kraken2_default,ZymoMockD6331,ZymoMockD6331,pacbio,SRR13128013,851,851,                  Fusobacterium nucleatum,Fusobacterium nucleatum,species,3.247795879434091,abund,3.25,89991,85546,3.3140143798417063,0.9800186442127693
Kraken2,default,Kraken2_default,ZymoMockD6331,ZymoMockD6331,pacbio,SRR13128013,76859,76859,                  Fusobacterium animalis,Fusobacterium animalis,species,1.8902979717651696,abund,1.89,52377,48695,1.9288387858004585,0.9800186442127693
Kraken2,default,Kraken2_default,ZymoMockD6331,ZymoMockD6331,pacbio,SRR13128013,76857,76857,                  Fusobacterium polymorphum,Fusobacterium polymorphum,species,0.06402406785251943,abund,0.06,1774,1764,0.06532943860874073,0.9800186442127693
Kraken2,default,Kraken2_default,ZymoMockD6331,ZymoMockD6331,pacbio,SRR13128013,155615,155615,                  Fusobacterium vincentii,Fusobacterium vincentii,species,0.006640602302628848,abund,0.01,184,153,0.006775995887265104,0.9800186442127693
Kraken2,default,Kraken2_default,ZymoMockD6331,ZymoMockD6331,pacbio,SRR13128013,2663009,2663009,                  Fusobacterium pseudoperiodonticum,Fusobacterium pseudoperiodonticum,species,0.003969925289615072,abund,0.0,110,110,0.004050867106517182,0.9800186442127693
Kraken2,default,Kraken2_default,ZymoMockD6331,ZymoMockD6331,pacbio,SRR13128013,1583098,1583098,                  Fusobacterium hwasookii,Fusobacterium hwasookii,species,0.0027789477027305508,abund,0.0,77,11,0.0028356069745620275,0.9800186442127693
Kraken2,default,Kraken2_default,ZymoMockD6331,ZymoMockD6331,pacbio,SRR13128013,285729,285729,                  Fusobacterium canifelinum,Fusobacterium canifelinum,species,0.0024902258634858184,abund,0.0,69,69,0.0025409984577244144,0.9800186442127693
Kraken2,default,Kraken2_default,ZymoMockD6331,ZymoMockD6331,pacbio,SRR13128013,859,859,                  Fusobacterium necrophorum,Fusobacterium necrophorum,species,0.00018045114952795784,abund,0.0,5,5,0.00018413032302350827,0.9800186442127693
Kraken2,default,Kraken2_default,ZymoMockD6331,ZymoMockD6331,pacbio,SRR13128013,856,856,                  Fusobacterium varium,Fusobacterium varium,species,0.0001082706897167747,abund,0.0,3,3,0.00011047819381410495,0.9800186442127693
Kraken2,default,Kraken2_default,ZymoMockD6331,ZymoMockD6331,pacbio,SRR13128013,671211,671211,                    Fusobacterium sp. oral taxon 203,Fusobacterium sp. oral taxon 203,species,7.218045981118314e-05,abund,0.0,2,2,7.36521292094033e-05,0.9800186442127693
Kraken2,default,Kraken2_default,ZymoMockD6331,ZymoMockD6331,pacbio,SRR13128013,861,861,                  Fusobacterium ulcerans,Fusobacterium ulcerans,species,3.609022990559157e-05,abund,0.0,1,1,3.682606460470165e-05,0.9800186442127693
Kraken2,default,Kraken2_default,ZymoMockD6331,ZymoMockD6331,pacbio,SRR13128013,2996794,2996794,                  Haliovirga abyssi,Haliovirga abyssi,species,0.00018045114952795784,abund,0.0,5,5,0.00018413032302350827,0.9800186442127693
Kraken2,default,Kraken2_default,ZymoMockD6331,ZymoMockD6331,pacbio,SRR13128013,3239302,3239302,                  Leptotrichia rugosa,Leptotrichia rugosa,species,3.609022990559157e-05,abund,0.0,1,1,3.682606460470165e-05,0.9800186442127693
Kraken2,default,Kraken2_default,ZymoMockD6331,ZymoMockD6331,pacbio,SRR13128013,826,826,                  Sebaldella termitidis,Sebaldella termitidis,species,3.609022990559157e-05,abund,0.0,1,0,3.682606460470165e-05,0.9800186442127693
Kraken2,default,Kraken2_default,ZymoMockD6331,ZymoMockD6331,pacbio,SRR13128013,2984951,2984951,                    Oceanotoga sp. DSM 15011,Oceanotoga sp. DSM 15011,species,3.609022990559157e-05,abund,0.0,1,1,3.682606460470165e-05,0.9800186442127693
Kraken2,default,Kraken2_default,ZymoMockD6331,ZymoMockD6331,pacbio,SRR13128013,2108365,2108365,                  Tepiditoga spiralis,Tepiditoga spiralis,species,3.609022990559157e-05,abund,0.0,1,1,3.682606460470165e-05,0.9800186442127693
Kraken2,default,Kraken2_default,ZymoMockD6331,ZymoMockD6331,pacbio,SRR13128013,2424,2424,                  Fervidobacterium nodosum,Fervidobacterium nodosum,species,3.609022990559157e-05,abund,0.0,1,0,3.682606460470165e-05,0.9800186442127693
Kraken2,default,Kraken2_default,ZymoMockD6331,ZymoMockD6331,pacbio,SRR13128013,2917691,2917691,                    Deinococcus sp. KNUC1210,Deinococcus sp. KNUC1210,species,7.218045981118314e-05,abund,0.0,2,2,7.36521292094033e-05,0.9800186442127693
Kraken2,default,Kraken2_default,ZymoMockD6331,ZymoMockD6331,pacbio,SRR13128013,2735562,2735562,                  Candidatus Absconditicoccus praedator,Candidatus Absconditicoccus praedator,species,3.609022990559157e-05,abund,0.0,1,1,3.682606460470165e-05,0.9800186442127693
Kraken2,default,Kraken2_default,ZymoMockD6331,ZymoMockD6331,pacbio,SRR13128013,9606,9606,                                                              Homo sapiens,Homo sapiens,species,0.2611489035968606,abund,0.26,7236,7236,0.2664734034796212,0.9800186442127693
Kraken2,default,Kraken2_default,ZymoMockD6331,ZymoMockD6331,pacbio,SRR13128013,2173,2173,                    Methanobrevibacter smithii,Methanobrevibacter smithii,species,0.055759405204138975,abund,0.06,1545,0,0.05689626981426406,0.9800186442127693
Kraken2,default,Kraken2_default,ZymoMockD6331,ZymoMockD6331,pacbio,SRR13128013,83816,83816,                    Methanobrevibacter ruminantium,Methanobrevibacter ruminantium,species,0.0001082706897167747,abund,0.0,3,0,0.00011047819381410495,0.9800186442127693
Kraken2,default,Kraken2_default,ZymoMockD6331,ZymoMockD6331,pacbio,SRR13128013,294671,294671,                    Methanobrevibacter olleyae,Methanobrevibacter olleyae,species,3.609022990559157e-05,abund,0.0,1,1,3.682606460470165e-05,0.9800186442127693
Kraken2,default,Kraken2_default,ZymoMockD6331,ZymoMockD6331,pacbio,SRR13128013,3242727,3242727,                      Methanobrevibacter sp. DSM 116169,Methanobrevibacter sp. DSM 116169,species,3.609022990559157e-05,abund,0.0,1,1,3.682606460470165e-05,0.9800186442127693
Kraken2,default,Kraken2_default,ZymoMockD6331,ZymoMockD6331,pacbio,SRR13128013,2317,2317,                    Methanosphaera stadtmanae,Methanosphaera stadtmanae,species,3.609022990559157e-05,abund,0.0,1,1,3.682606460470165e-05,0.9800186442127693
Kraken2,default,Kraken2_default,ZymoMockD6331,ZymoMockD6331,pacbio,SRR13128013,2190,2190,                    Methanocaldococcus jannaschii,Methanocaldococcus jannaschii,species,7.218045981118314e-05,abund,0.0,2,0,7.36521292094033e-05,0.9800186442127693
Kraken2,default,Kraken2_default,ZymoMockD6331,ZymoMockD6331,pacbio,SRR13128013,67760,67760,                    Methanocaldococcus infernus,Methanocaldococcus infernus,species,7.218045981118314e-05,abund,0.0,2,0,7.36521292094033e-05,0.9800186442127693
Kraken2,default,Kraken2_default,ZymoMockD6331,ZymoMockD6331,pacbio,SRR13128013,644281,644281,                      Methanocaldococcus sp. FS406-22,Methanocaldococcus sp. FS406-22,species,3.609022990559157e-05,abund,0.0,1,1,3.682606460470165e-05,0.9800186442127693
Kraken2,default,Kraken2_default,ZymoMockD6331,ZymoMockD6331,pacbio,SRR13128013,1715806,1715806,                    Methanosarcina flavescens,Methanosarcina flavescens,species,0.0001082706897167747,abund,0.0,3,3,0.00011047819381410495,0.9800186442127693
Kraken2,default,Kraken2_default,ZymoMockD6331,ZymoMockD6331,pacbio,SRR13128013,2208,2208,                    Methanosarcina barkeri,Methanosarcina barkeri,species,7.218045981118314e-05,abund,0.0,2,0,7.36521292094033e-05,0.9800186442127693
Kraken2,default,Kraken2_default,ZymoMockD6331,ZymoMockD6331,pacbio,SRR13128013,2209,2209,                    Methanosarcina mazei,Methanosarcina mazei,species,3.609022990559157e-05,abund,0.0,1,0,3.682606460470165e-05,0.9800186442127693
Kraken2,default,Kraken2_default,ZymoMockD6331,ZymoMockD6331,pacbio,SRR13128013,3078083,3078083,                    Methanosarcina hadiensis,Methanosarcina hadiensis,species,3.609022990559157e-05,abund,0.0,1,1,3.682606460470165e-05,0.9800186442127693
Kraken2,default,Kraken2_default,ZymoMockD6331,ZymoMockD6331,pacbio,SRR13128013,29291,29291,                    Methanococcoides burtonii,Methanococcoides burtonii,species,3.609022990559157e-05,abund,0.0,1,0,3.682606460470165e-05,0.9800186442127693
Kraken2,default,Kraken2_default,ZymoMockD6331,ZymoMockD6331,pacbio,SRR13128013,54120,54120,                    Methanolacinia petrolearia,Methanolacinia petrolearia,species,3.609022990559157e-05,abund,0.0,1,0,3.682606460470165e-05,0.9800186442127693
Kraken2,default,Kraken2_default,ZymoMockD6331,ZymoMockD6331,pacbio,SRR13128013,293091,293091,                    Haloquadratum walsbyi,Haloquadratum walsbyi,species,0.0001082706897167747,abund,0.0,3,3,0.00011047819381410495,0.9800186442127693
Kraken2,default,Kraken2_default,ZymoMockD6331,ZymoMockD6331,pacbio,SRR13128013,3131999,3131999,                    Salinirubellus litoreus,Salinirubellus litoreus,species,3.609022990559157e-05,abund,0.0,1,1,3.682606460470165e-05,0.9800186442127693
Kraken2,default,Kraken2_default,ZymoMockD6331,ZymoMockD6331,pacbio,SRR13128013,2884876,2884876,                    Haladaptatus salinisoli,Haladaptatus salinisoli,species,3.609022990559157e-05,abund,0.0,1,1,3.682606460470165e-05,0.9800186442127693
Kraken2,default,Kraken2_default,ZymoMockD6331,ZymoMockD6331,pacbio,SRR13128013,55802,55802,                  Thermococcus barophilus,Thermococcus barophilus,species,0.0001082706897167747,abund,0.0,3,3,0.00011047819381410495,0.9800186442127693
Kraken2,default,Kraken2_default,ZymoMockD6331,ZymoMockD6331,pacbio,SRR13128013,53953,53953,                  Pyrococcus horikoshii,Pyrococcus horikoshii,species,3.609022990559157e-05,abund,0.0,1,0,3.682606460470165e-05,0.9800186442127693
Kraken2,default,Kraken2_default,ZymoMockD6331,ZymoMockD6331,pacbio,SRR13128013,54261,54261,                  Ferroglobus placidus,Ferroglobus placidus,species,7.218045981118314e-05,abund,0.0,2,0,7.36521292094033e-05,0.9800186442127693
Kraken2,default,Kraken2_default,ZymoMockD6331,ZymoMockD6331,pacbio,SRR13128013,1316941,1316941,                  Archaeoglobus sulfaticallidus,Archaeoglobus sulfaticallidus,species,3.609022990559157e-05,abund,0.0,1,0,3.682606460470165e-05,0.9800186442127693
Kraken2,default,Kraken2_default,ZymoMockD6331,ZymoMockD6331,pacbio,SRR13128013,113653,113653,                  Geoglobus ahangari,Geoglobus ahangari,species,3.609022990559157e-05,abund,0.0,1,1,3.682606460470165e-05,0.9800186442127693
Kraken2,default,Kraken2_default,ZymoMockD6331,ZymoMockD6331,pacbio,SRR13128013,1872114,1872114,                    Acidiplasma sp.,Acidiplasma sp.,species,7.218045981118314e-05,abund,0.0,2,2,7.36521292094033e-05,0.9800186442127693
Kraken2,default,Kraken2_default,ZymoMockD6331,ZymoMockD6331,pacbio,SRR13128013,2663019,2663019,                    Saccharolobus sp. E5-1-F,Saccharolobus sp. E5-1-F,species,0.00014436091962236627,abund,0.0,4,4,0.0001473042584188066,0.9800186442127693
Kraken2,default,Kraken2_default,ZymoMockD6331,ZymoMockD6331,pacbio,SRR13128013,1891280,1891280,                    Saccharolobus sp. A20,Saccharolobus sp. A20,species,3.609022990559157e-05,abund,0.0,1,1,3.682606460470165e-05,0.9800186442127693
Kraken2,default,Kraken2_default,ZymoMockD6331,ZymoMockD6331,pacbio,SRR13128013,2286,2286,                  Saccharolobus shibatae,Saccharolobus shibatae,species,3.609022990559157e-05,abund,0.0,1,1,3.682606460470165e-05,0.9800186442127693
Kraken2,default,Kraken2_default,ZymoMockD6331,ZymoMockD6331,pacbio,SRR13128013,2049879,2049879,                  Sulfurisphaera javensis,Sulfurisphaera javensis,species,7.218045981118314e-05,abund,0.0,2,2,7.36521292094033e-05,0.9800186442127693
Kraken2,default,Kraken2_default,ZymoMockD6331,ZymoMockD6331,pacbio,SRR13128013,69656,69656,                  Sulfurisphaera ohwakuensis,Sulfurisphaera ohwakuensis,species,3.609022990559157e-05,abund,0.0,1,1,3.682606460470165e-05,0.9800186442127693
Kraken2,default,Kraken2_default,ZymoMockD6331,ZymoMockD6331,pacbio,SRR13128013,2283,2283,                  Acidianus ambivalens,Acidianus ambivalens,species,3.609022990559157e-05,abund,0.0,1,1,3.682606460470165e-05,0.9800186442127693
Kraken2,default,Kraken2_default,ZymoMockD6331,ZymoMockD6331,pacbio,SRR13128013,282676,282676,                  Acidianus manzaensis,Acidianus manzaensis,species,3.609022990559157e-05,abund,0.0,1,1,3.682606460470165e-05,0.9800186442127693
Kraken2,default,Kraken2_default,ZymoMockD6331,ZymoMockD6331,pacbio,SRR13128013,2824673,2824673,                  Stygiolobus caldivivus,Stygiolobus caldivivus,species,3.609022990559157e-05,abund,0.0,1,1,3.682606460470165e-05,0.9800186442127693
Kraken2,default,Kraken2_default,ZymoMockD6331,ZymoMockD6331,pacbio,SRR13128013,2024843,2024843,                    Nitrosopumilus sp.,Nitrosopumilus sp.,species,3.609022990559157e-05,abund,0.0,1,1,3.682606460470165e-05,0.9800186442127693
Kraken2,default,Kraken2_default,ZymoMockD6331,ZymoMockD6331,pacbio,SRR13128013,1798806,1798806,                  Candidatus Nitrosocosmicus franklandus,Candidatus Nitrosocosmicus franklandus,species,3.609022990559157e-05,abund,0.0,1,1,3.682606460470165e-05,0.9800186442127693
Kraken2,default,Kraken2_default,ZymoMockD6331,ZymoMockD6331,pacbio,SRR13128013,2126984,2126984,                    Tupanvirus deep ocean,Tupanvirus deep ocean,species,3.609022990559157e-05,abund,0.0,1,1,3.682606460470165e-05,0.9800186442127693
Kraken2,default,Kraken2_default,ZymoMockD6331,ZymoMockD6331,pacbio,SRR13128013,3059904,3059904,                    Cotonvirus japonicum,Cotonvirus japonicum,species,3.609022990559157e-05,abund,0.0,1,0,3.682606460470165e-05,0.9800186442127693
Kraken2,default,Kraken2_default,ZymoMockD6331,ZymoMockD6331,pacbio,SRR13128013,1128137,1128137,                    Moumouvirus moumou,Moumouvirus moumou,species,3.609022990559157e-05,abund,0.0,1,0,3.682606460470165e-05,0.9800186442127693
Kraken2,default,Kraken2_default,ZymoMockD6331,ZymoMockD6331,pacbio,SRR13128013,2023057,2023057,                  Orpheovirus IHUMI-LCC2,Orpheovirus IHUMI-LCC2,species,3.609022990559157e-05,abund,0.0,1,1,3.682606460470165e-05,0.9800186442127693
Kraken2,default,Kraken2_default,ZymoMockD6331,ZymoMockD6331,pacbio,SRR13128013,2025360,2025360,                      NY_014 poxvirus,NY_014 poxvirus,species,3.609022990559157e-05,abund,0.0,1,1,3.682606460470165e-05,0.9800186442127693
Kraken2,default,Kraken2_default,ZymoMockD6331,ZymoMockD6331,pacbio,SRR13128013,10677,10677,              Muvirus mu,Muvirus mu,species,3.609022990559157e-05,abund,0.0,1,0,3.682606460470165e-05,0.9800186442127693
Kraken2,default,Kraken2_default,ZymoMockD6331,ZymoMockD6331,pacbio,SRR13128013,3060701,3060701,                Shenzhenivirus sszbm1,Shenzhenivirus sszbm1,species,3.609022990559157e-05,abund,0.0,1,0,3.682606460470165e-05,0.9800186442127693
Kraken2,default,Kraken2_default,ZymoMockD6331,ZymoMockD6331,pacbio,SRR13128013,694014,694014,                        Avian coronavirus,Avian coronavirus,species,3.609022990559157e-05,abund,0.0,1,1,3.682606460470165e-05,0.9800186442127693
Kraken2,default,Kraken2_default,ZymoMockD6331,ZymoMockD6331,pacbio,SRR13128013,10454,10454,                Spodoptera exigua multiple nucleopolyhedrovirus,Spodoptera exigua multiple nucleopolyhedrovirus,species,3.609022990559157e-05,abund,0.0,1,1,3.682606460470165e-05,0.9800186442127693
Kraken2,default,Kraken2_default,ZymoMockD6331,ZymoMockD6331,pacbio,SRR13128013,216851,216851,                Faecalibacterium,Faecalibacterium,genus,19.651058003134796,abund,19.65,544498,4029,19.813191303705498,0.9918169012712061
Kraken2,default,Kraken2_default,ZymoMockD6331,ZymoMockD6331,pacbio,SRR13128013,2892396,2892396,                Vescimonas,Vescimonas,genus,0.00025263160933914095,abund,0.0,7,0,0.00025471597531292767,0.9918169012712061
Kraken2,default,Kraken2_default,ZymoMockD6331,ZymoMockD6331,pacbio,SRR13128013,1508657,1508657,                Ruminiclostridium,Ruminiclostridium,genus,0.00014436091962236627,abund,0.0,4,0,0.00014555198589310154,0.9918169012712061
Kraken2,default,Kraken2_default,ZymoMockD6331,ZymoMockD6331,pacbio,SRR13128013,946234,946234,                Flavonifractor,Flavonifractor,genus,3.609022990559157e-05,abund,0.0,1,0,3.6387996473275384e-05,0.9918169012712061
Kraken2,default,Kraken2_default,ZymoMockD6331,ZymoMockD6331,pacbio,SRR13128013,2842531,2842531,                Solibaculum,Solibaculum,genus,3.609022990559157e-05,abund,0.0,1,0,3.6387996473275384e-05,0.9918169012712061
Kraken2,default,Kraken2_default,ZymoMockD6331,ZymoMockD6331,pacbio,SRR13128013,1485,1485,                Clostridium,Clostridium,genus,0.002345864943863452,abund,0.0,65,10,0.0023652197707628997,0.9918169012712061
Kraken2,default,Kraken2_default,ZymoMockD6331,ZymoMockD6331,pacbio,SRR13128013,1769729,1769729,                Hathewaya,Hathewaya,genus,0.00018045114952795784,abund,0.0,5,0,0.0001819399823663769,0.9918169012712061
Kraken2,default,Kraken2_default,ZymoMockD6331,ZymoMockD6331,pacbio,SRR13128013,1848399,1848399,                Crassaminicella,Crassaminicella,genus,0.0001082706897167747,abund,0.0,3,0,0.00010916398941982614,0.9918169012712061
Kraken2,default,Kraken2_default,ZymoMockD6331,ZymoMockD6331,pacbio,SRR13128013,44258,44258,                Caloramator,Caloramator,genus,3.609022990559157e-05,abund,0.0,1,0,3.6387996473275384e-05,0.9918169012712061
Kraken2,default,Kraken2_default,ZymoMockD6331,ZymoMockD6331,pacbio,SRR13128013,49082,49082,                Candidatus Arthromitus,Candidatus Arthromitus,genus,3.609022990559157e-05,abund,0.0,1,0,3.6387996473275384e-05,0.9918169012712061
Kraken2,default,Kraken2_default,ZymoMockD6331,ZymoMockD6331,pacbio,SRR13128013,1686313,1686313,                Fenollaria,Fenollaria,genus,0.0001082706897167747,abund,0.0,3,0,0.00010916398941982614,0.9918169012712061
Kraken2,default,Kraken2_default,ZymoMockD6331,ZymoMockD6331,pacbio,SRR13128013,415014,415014,                Proteiniborus,Proteiniborus,genus,3.609022990559157e-05,abund,0.0,1,0,3.6387996473275384e-05,0.9918169012712061
Kraken2,default,Kraken2_default,ZymoMockD6331,ZymoMockD6331,pacbio,SRR13128013,2717089,2717089,                Massilistercora,Massilistercora,genus,3.609022990559157e-05,abund,0.0,1,0,3.6387996473275384e-05,0.9918169012712061
Kraken2,default,Kraken2_default,ZymoMockD6331,ZymoMockD6331,pacbio,SRR13128013,79206,79206,                Desulfosporosinus,Desulfosporosinus,genus,0.00018045114952795784,abund,0.0,5,0,0.0001819399823663769,0.9918169012712061
Kraken2,default,Kraken2_default,ZymoMockD6331,ZymoMockD6331,pacbio,SRR13128013,1730,1730,                Eubacterium,Eubacterium,genus,3.609022990559157e-05,abund,0.0,1,0,3.6387996473275384e-05,0.9918169012712061
Kraken2,default,Kraken2_default,ZymoMockD6331,ZymoMockD6331,pacbio,SRR13128013,33951,33951,                Acetobacterium,Acetobacterium,genus,3.609022990559157e-05,abund,0.0,1,1,3.6387996473275384e-05,0.9918169012712061
Kraken2,default,Kraken2_default,ZymoMockD6331,ZymoMockD6331,pacbio,SRR13128013,274470,274470,                Alkalibacter,Alkalibacter,genus,3.609022990559157e-05,abund,0.0,1,0,3.6387996473275384e-05,0.9918169012712061
Kraken2,default,Kraken2_default,ZymoMockD6331,ZymoMockD6331,pacbio,SRR13128013,1562,1562,                Desulfotomaculum,Desulfotomaculum,genus,0.0001082706897167747,abund,0.0,3,0,0.00010916398941982614,0.9918169012712061
Kraken2,default,Kraken2_default,ZymoMockD6331,ZymoMockD6331,pacbio,SRR13128013,1738645,1738645,                Caproiciproducens,Caproiciproducens,genus,7.218045981118314e-05,abund,0.0,2,0,7.277599294655077e-05,0.9918169012712061
Kraken2,default,Kraken2_default,ZymoMockD6331,ZymoMockD6331,pacbio,SRR13128013,2916693,2916693,                Desulforamulus,Desulforamulus,genus,7.218045981118314e-05,abund,0.0,2,0,7.277599294655077e-05,0.9918169012712061
Kraken2,default,Kraken2_default,ZymoMockD6331,ZymoMockD6331,pacbio,SRR13128013,841,841,                Roseburia,Roseburia,genus,5.78533603432614,abund,5.79,160302,38,5.833068610658991,0.9918169012712061
Kraken2,default,Kraken2_default,ZymoMockD6331,ZymoMockD6331,pacbio,SRR13128013,1766253,1766253,                Agathobacter,Agathobacter,genus,0.0025984965532025927,abund,0.0,72,0,0.0026199357460758273,0.9918169012712061
Kraken2,default,Kraken2_default,ZymoMockD6331,ZymoMockD6331,pacbio,SRR13128013,2719313,2719313,                Enterocloster,Enterocloster,genus,0.0011548873569789302,abund,0.0,32,0,0.0011644158871448123,0.9918169012712061
Kraken2,default,Kraken2_default,ZymoMockD6331,ZymoMockD6331,pacbio,SRR13128013,2163168,2163168,                Kineothrix,Kineothrix,genus,0.0007218045981118314,abund,0.0,20,0,0.0007277599294655076,0.9918169012712061
Kraken2,default,Kraken2_default,ZymoMockD6331,ZymoMockD6331,pacbio,SRR13128013,572511,572511,                Blautia,Blautia,genus,0.0005413534485838734,abund,0.0,15,1,0.0005458199470991306,0.9918169012712061
Kraken2,default,Kraken2_default,ZymoMockD6331,ZymoMockD6331,pacbio,SRR13128013,2316020,2316020,                Mediterraneibacter,Mediterraneibacter,genus,0.0004330827588670988,abund,0.0,12,0,0.00043665595767930455,0.9918169012712061
Kraken2,default,Kraken2_default,ZymoMockD6331,ZymoMockD6331,pacbio,SRR13128013,207244,207244,                Anaerostipes,Anaerostipes,genus,0.0002165413794335494,abund,0.0,6,0,0.00021832797883965228,0.9918169012712061
Kraken2,default,Kraken2_default,ZymoMockD6331,ZymoMockD6331,pacbio,SRR13128013,3342669,3342669,                Eshraghiella,Eshraghiella,genus,0.00018045114952795784,abund,0.0,5,0,0.0001819399823663769,0.9918169012712061
Kraken2,default,Kraken2_default,ZymoMockD6331,ZymoMockD6331,pacbio,SRR13128013,1843210,1843210,                Anaerocolumna,Anaerocolumna,genus,0.00018045114952795784,abund,0.0,5,0,0.0001819399823663769,0.9918169012712061
Kraken2,default,Kraken2_default,ZymoMockD6331,ZymoMockD6331,pacbio,SRR13128013,2569097,2569097,                Anaerobutyricum,Anaerobutyricum,genus,0.00014436091962236627,abund,0.0,4,4,0.00014555198589310154,0.9918169012712061
Kraken2,default,Kraken2_default,ZymoMockD6331,ZymoMockD6331,pacbio,SRR13128013,2944198,2944198,                Wansuia,Wansuia,genus,7.218045981118314e-05,abund,0.0,2,0,7.277599294655077e-05,0.9918169012712061
Kraken2,default,Kraken2_default,ZymoMockD6331,ZymoMockD6331,pacbio,SRR13128013,2944152,2944152,                Wujia,Wujia,genus,7.218045981118314e-05,abund,0.0,2,0,7.277599294655077e-05,0.9918169012712061
Kraken2,default,Kraken2_default,ZymoMockD6331,ZymoMockD6331,pacbio,SRR13128013,2888809,2888809,                Novisyntrophococcus,Novisyntrophococcus,genus,7.218045981118314e-05,abund,0.0,2,0,7.277599294655077e-05,0.9918169012712061
Kraken2,default,Kraken2_default,ZymoMockD6331,ZymoMockD6331,pacbio,SRR13128013,189330,189330,                Dorea,Dorea,genus,7.218045981118314e-05,abund,0.0,2,0,7.277599294655077e-05,0.9918169012712061
Kraken2,default,Kraken2_default,ZymoMockD6331,ZymoMockD6331,pacbio,SRR13128013,830,830,                Butyrivibrio,Butyrivibrio,genus,3.609022990559157e-05,abund,0.0,1,0,3.6387996473275384e-05,0.9918169012712061
Kraken2,default,Kraken2_default,ZymoMockD6331,ZymoMockD6331,pacbio,SRR13128013,3076670,3076670,                Claveliimonas,Claveliimonas,genus,3.609022990559157e-05,abund,0.0,1,0,3.6387996473275384e-05,0.9918169012712061
Kraken2,default,Kraken2_default,ZymoMockD6331,ZymoMockD6331,pacbio,SRR13128013,3024823,3024823,                Anaeromicropila,Anaeromicropila,genus,3.609022990559157e-05,abund,0.0,1,0,3.6387996473275384e-05,0.9918169012712061
Kraken2,default,Kraken2_default,ZymoMockD6331,ZymoMockD6331,pacbio,SRR13128013,2944195,2944195,                Qiania,Qiania,genus,3.609022990559157e-05,abund,0.0,1,0,3.6387996473275384e-05,0.9918169012712061
Kraken2,default,Kraken2_default,ZymoMockD6331,ZymoMockD6331,pacbio,SRR13128013,2719231,2719231,                Lacrimispora,Lacrimispora,genus,3.609022990559157e-05,abund,0.0,1,0,3.6387996473275384e-05,0.9918169012712061
Kraken2,default,Kraken2_default,ZymoMockD6331,ZymoMockD6331,pacbio,SRR13128013,33042,33042,                Coprococcus,Coprococcus,genus,3.609022990559157e-05,abund,0.0,1,0,3.6387996473275384e-05,0.9918169012712061
Kraken2,default,Kraken2_default,ZymoMockD6331,ZymoMockD6331,pacbio,SRR13128013,1870884,1870884,                Clostridioides,Clostridioides,genus,2.694099572222505,abund,2.69,74649,0,2.7163275487335343,0.9918169012712061
Kraken2,default,Kraken2_default,ZymoMockD6331,ZymoMockD6331,pacbio,SRR13128013,1501226,1501226,                Romboutsia,Romboutsia,genus,0.00014436091962236627,abund,0.0,4,2,0.00014555198589310154,0.9918169012712061
Kraken2,default,Kraken2_default,ZymoMockD6331,ZymoMockD6331,pacbio,SRR13128013,1505652,1505652,                Terrisporobacter,Terrisporobacter,genus,0.0001082706897167747,abund,0.0,3,0,0.00010916398941982614,0.9918169012712061
Kraken2,default,Kraken2_default,ZymoMockD6331,ZymoMockD6331,pacbio,SRR13128013,1257,1257,                Peptostreptococcus,Peptostreptococcus,genus,3.609022990559157e-05,abund,0.0,1,0,3.6387996473275384e-05,0.9918169012712061
Kraken2,default,Kraken2_default,ZymoMockD6331,ZymoMockD6331,pacbio,SRR13128013,1849822,1849822,                Paraclostridium,Paraclostridium,genus,3.609022990559157e-05,abund,0.0,1,0,3.6387996473275384e-05,0.9918169012712061
Kraken2,default,Kraken2_default,ZymoMockD6331,ZymoMockD6331,pacbio,SRR13128013,390805,390805,                Geosporobacter,Geosporobacter,genus,3.609022990559157e-05,abund,0.0,1,0,3.6387996473275384e-05,0.9918169012712061
Kraken2,default,Kraken2_default,ZymoMockD6331,ZymoMockD6331,pacbio,SRR13128013,1481960,1481960,                Peptoclostridium,Peptoclostridium,genus,3.609022990559157e-05,abund,0.0,1,0,3.6387996473275384e-05,0.9918169012712061
Kraken2,default,Kraken2_default,ZymoMockD6331,ZymoMockD6331,pacbio,SRR13128013,28895,28895,                Thermoanaerobacterium,Thermoanaerobacterium,genus,0.00018045114952795784,abund,0.0,5,3,0.0001819399823663769,0.9918169012712061
Kraken2,default,Kraken2_default,ZymoMockD6331,ZymoMockD6331,pacbio,SRR13128013,1754,1754,                Thermoanaerobacter,Thermoanaerobacter,genus,0.0001082706897167747,abund,0.0,3,2,0.00010916398941982614,0.9918169012712061
Kraken2,default,Kraken2_default,ZymoMockD6331,ZymoMockD6331,pacbio,SRR13128013,46466,46466,                Halocella,Halocella,genus,3.609022990559157e-05,abund,0.0,1,0,3.6387996473275384e-05,0.9918169012712061
Kraken2,default,Kraken2_default,ZymoMockD6331,ZymoMockD6331,pacbio,SRR13128013,28186,28186,                Acetohalobium,Acetohalobium,genus,3.609022990559157e-05,abund,0.0,1,0,3.6387996473275384e-05,0.9918169012712061
Kraken2,default,Kraken2_default,ZymoMockD6331,ZymoMockD6331,pacbio,SRR13128013,29465,29465,                Veillonella,Veillonella,genus,16.784122319894415,abund,16.78,465060,2,16.92260163986145,0.9918169012712061
Kraken2,default,Kraken2_default,ZymoMockD6331,ZymoMockD6331,pacbio,SRR13128013,906,906,                Megasphaera,Megasphaera,genus,3.609022990559157e-05,abund,0.0,1,0,3.6387996473275384e-05,0.9918169012712061
Kraken2,default,Kraken2_default,ZymoMockD6331,ZymoMockD6331,pacbio,SRR13128013,158846,158846,                Megamonas,Megamonas,genus,7.218045981118314e-05,abund,0.0,2,0,7.277599294655077e-05,0.9918169012712061
Kraken2,default,Kraken2_default,ZymoMockD6331,ZymoMockD6331,pacbio,SRR13128013,2375,2375,                Sporomusa,Sporomusa,genus,3.609022990559157e-05,abund,0.0,1,1,3.6387996473275384e-05,0.9918169012712061
Kraken2,default,Kraken2_default,ZymoMockD6331,ZymoMockD6331,pacbio,SRR13128013,2742598,2742598,                Limosilactobacillus,Limosilactobacillus,genus,1.0559279465777982,abund,1.06,29258,1,1.0646400008150911,0.9918169012712061
Kraken2,default,Kraken2_default,ZymoMockD6331,ZymoMockD6331,pacbio,SRR13128013,1578,1578,                Lactobacillus,Lactobacillus,genus,0.0006857143682062398,abund,0.0,19,5,0.0006913719329922323,0.9918169012712061
Kraken2,default,Kraken2_default,ZymoMockD6331,ZymoMockD6331,pacbio,SRR13128013,2767887,2767887,                Ligilactobacillus,Ligilactobacillus,genus,7.218045981118314e-05,abund,0.0,2,2,7.277599294655077e-05,0.9918169012712061
Kraken2,default,Kraken2_default,ZymoMockD6331,ZymoMockD6331,pacbio,SRR13128013,1243,1243,                Leuconostoc,Leuconostoc,genus,7.218045981118314e-05,abund,0.0,2,0,7.277599294655077e-05,0.9918169012712061
Kraken2,default,Kraken2_default,ZymoMockD6331,ZymoMockD6331,pacbio,SRR13128013,46255,46255,                Weissella,Weissella,genus,3.609022990559157e-05,abund,0.0,1,0,3.6387996473275384e-05,0.9918169012712061
Kraken2,default,Kraken2_default,ZymoMockD6331,ZymoMockD6331,pacbio,SRR13128013,2767842,2767842,                Lactiplantibacillus,Lactiplantibacillus,genus,3.609022990559157e-05,abund,0.0,1,0,3.6387996473275384e-05,0.9918169012712061
Kraken2,default,Kraken2_default,ZymoMockD6331,ZymoMockD6331,pacbio,SRR13128013,2767879,2767879,                Companilactobacillus,Companilactobacillus,genus,3.609022990559157e-05,abund,0.0,1,0,3.6387996473275384e-05,0.9918169012712061
Kraken2,default,Kraken2_default,ZymoMockD6331,ZymoMockD6331,pacbio,SRR13128013,1301,1301,                Streptococcus,Streptococcus,genus,0.007037594831590356,abund,0.01,195,11,0.0070956593122887,0.9918169012712061
Kraken2,default,Kraken2_default,ZymoMockD6331,ZymoMockD6331,pacbio,SRR13128013,1357,1357,                Lactococcus,Lactococcus,genus,0.0002165413794335494,abund,0.0,6,2,0.00021832797883965228,0.9918169012712061
Kraken2,default,Kraken2_default,ZymoMockD6331,ZymoMockD6331,pacbio,SRR13128013,1350,1350,                Enterococcus,Enterococcus,genus,0.004294737358765397,abund,0.0,119,3,0.00433017158031977,0.9918169012712061
Kraken2,default,Kraken2_default,ZymoMockD6331,ZymoMockD6331,pacbio,SRR13128013,2737,2737,                Vagococcus,Vagococcus,genus,0.0001082706897167747,abund,0.0,3,0,0.00010916398941982614,0.9918169012712061
Kraken2,default,Kraken2_default,ZymoMockD6331,ZymoMockD6331,pacbio,SRR13128013,51668,51668,                Tetragenococcus,Tetragenococcus,genus,3.609022990559157e-05,abund,0.0,1,0,3.6387996473275384e-05,0.9918169012712061
Kraken2,default,Kraken2_default,ZymoMockD6331,ZymoMockD6331,pacbio,SRR13128013,2747,2747,                Carnobacterium,Carnobacterium,genus,0.0003248120691503241,abund,0.0,9,0,0.0003274919682594784,0.9918169012712061
Kraken2,default,Kraken2_default,ZymoMockD6331,ZymoMockD6331,pacbio,SRR13128013,1470540,1470540,                Jeotgalibaca,Jeotgalibaca,genus,7.218045981118314e-05,abund,0.0,2,0,7.277599294655077e-05,0.9918169012712061
Kraken2,default,Kraken2_default,ZymoMockD6331,ZymoMockD6331,pacbio,SRR13128013,1375,1375,                Aerococcus,Aerococcus,genus,3.609022990559157e-05,abund,0.0,1,0,3.6387996473275384e-05,0.9918169012712061
Kraken2,default,Kraken2_default,ZymoMockD6331,ZymoMockD6331,pacbio,SRR13128013,1386,1386,                Bacillus,Bacillus,genus,0.004475188508293354,abund,0.0,124,7,0.004512111562686147,0.9918169012712061
Kraken2,default,Kraken2_default,ZymoMockD6331,ZymoMockD6331,pacbio,SRR13128013,84406,84406,                Virgibacillus,Virgibacillus,genus,0.0006135339083950566,abund,0.0,17,8,0.0006185959400456815,0.9918169012712061
Kraken2,default,Kraken2_default,ZymoMockD6331,ZymoMockD6331,pacbio,SRR13128013,182709,182709,                Oceanobacillus,Oceanobacillus,genus,0.0005774436784894651,abund,0.0,16,0,0.0005822079435724061,0.9918169012712061
Kraken2,default,Kraken2_default,ZymoMockD6331,ZymoMockD6331,pacbio,SRR13128013,2675229,2675229,                Peribacillus,Peribacillus,genus,0.0003969925289615073,abund,0.0,11,1,0.0004002679612060292,0.9918169012712061
Kraken2,default,Kraken2_default,ZymoMockD6331,ZymoMockD6331,pacbio,SRR13128013,2675232,2675232,                Neobacillus,Neobacillus,genus,0.00025263160933914095,abund,0.0,7,0,0.00025471597531292767,0.9918169012712061
Kraken2,default,Kraken2_default,ZymoMockD6331,ZymoMockD6331,pacbio,SRR13128013,2800373,2800373,                Priestia,Priestia,genus,0.00025263160933914095,abund,0.0,7,2,0.00025471597531292767,0.9918169012712061
Kraken2,default,Kraken2_default,ZymoMockD6331,ZymoMockD6331,pacbio,SRR13128013,400634,400634,                Lysinibacillus,Lysinibacillus,genus,0.00025263160933914095,abund,0.0,7,2,0.00025471597531292767,0.9918169012712061
Kraken2,default,Kraken2_default,ZymoMockD6331,ZymoMockD6331,pacbio,SRR13128013,45667,45667,                Halobacillus,Halobacillus,genus,0.0002165413794335494,abund,0.0,6,0,0.00021832797883965228,0.9918169012712061
Kraken2,default,Kraken2_default,ZymoMockD6331,ZymoMockD6331,pacbio,SRR13128013,2837506,2837506,                Niallia,Niallia,genus,0.00018045114952795784,abund,0.0,5,0,0.0001819399823663769,0.9918169012712061
Kraken2,default,Kraken2_default,ZymoMockD6331,ZymoMockD6331,pacbio,SRR13128013,74385,74385,                Gracilibacillus,Gracilibacillus,genus,0.00014436091962236627,abund,0.0,4,0,0.00014555198589310154,0.9918169012712061
Kraken2,default,Kraken2_default,ZymoMockD6331,ZymoMockD6331,pacbio,SRR13128013,2675233,2675233,                Metabacillus,Metabacillus,genus,0.0001082706897167747,abund,0.0,3,0,0.00010916398941982614,0.9918169012712061
Kraken2,default,Kraken2_default,ZymoMockD6331,ZymoMockD6331,pacbio,SRR13128013,1221880,1221880,                Psychrobacillus,Psychrobacillus,genus,0.0001082706897167747,abund,0.0,3,0,0.00010916398941982614,0.9918169012712061
Kraken2,default,Kraken2_default,ZymoMockD6331,ZymoMockD6331,pacbio,SRR13128013,2893058,2893058,                Pseudalkalibacillus,Pseudalkalibacillus,genus,0.0001082706897167747,abund,0.0,3,0,0.00010916398941982614,0.9918169012712061
Kraken2,default,Kraken2_default,ZymoMockD6331,ZymoMockD6331,pacbio,SRR13128013,2837511,2837511,                Sutcliffiella,Sutcliffiella,genus,3.609022990559157e-05,abund,0.0,1,0,3.6387996473275384e-05,0.9918169012712061
Kraken2,default,Kraken2_default,ZymoMockD6331,ZymoMockD6331,pacbio,SRR13128013,1329200,1329200,                Fictibacillus,Fictibacillus,genus,3.609022990559157e-05,abund,0.0,1,0,3.6387996473275384e-05,0.9918169012712061
Kraken2,default,Kraken2_default,ZymoMockD6331,ZymoMockD6331,pacbio,SRR13128013,1055323,1055323,                Aeribacillus,Aeribacillus,genus,3.609022990559157e-05,abund,0.0,1,0,3.6387996473275384e-05,0.9918169012712061
Kraken2,default,Kraken2_default,ZymoMockD6331,ZymoMockD6331,pacbio,SRR13128013,3033930,3033930,                Fervidibacillus,Fervidibacillus,genus,3.609022990559157e-05,abund,0.0,1,0,3.6387996473275384e-05,0.9918169012712061
Kraken2,default,Kraken2_default,ZymoMockD6331,ZymoMockD6331,pacbio,SRR13128013,2893060,2893060,                Alkalihalophilus,Alkalihalophilus,genus,3.609022990559157e-05,abund,0.0,1,0,3.6387996473275384e-05,0.9918169012712061
Kraken2,default,Kraken2_default,ZymoMockD6331,ZymoMockD6331,pacbio,SRR13128013,175304,175304,                Lentibacillus,Lentibacillus,genus,3.609022990559157e-05,abund,0.0,1,0,3.6387996473275384e-05,0.9918169012712061
Kraken2,default,Kraken2_default,ZymoMockD6331,ZymoMockD6331,pacbio,SRR13128013,289201,289201,                Pontibacillus,Pontibacillus,genus,3.609022990559157e-05,abund,0.0,1,0,3.6387996473275384e-05,0.9918169012712061
Kraken2,default,Kraken2_default,ZymoMockD6331,ZymoMockD6331,pacbio,SRR13128013,1279,1279,                Staphylococcus,Staphylococcus,genus,0.0009383459775453808,abund,0.0,26,1,0.0009460879083051601,0.9918169012712061
Kraken2,default,Kraken2_default,ZymoMockD6331,ZymoMockD6331,pacbio,SRR13128013,2803850,2803850,                Mammaliicoccus,Mammaliicoccus,genus,0.0003969925289615073,abund,0.0,11,0,0.0004002679612060292,0.9918169012712061
Kraken2,default,Kraken2_default,ZymoMockD6331,ZymoMockD6331,pacbio,SRR13128013,69965,69965,                Macrococcus,Macrococcus,genus,0.0001082706897167747,abund,0.0,3,0,0.00010916398941982614,0.9918169012712061
Kraken2,default,Kraken2_default,ZymoMockD6331,ZymoMockD6331,pacbio,SRR13128013,3076173,3076173,                Macrococcoides,Macrococcoides,genus,7.218045981118314e-05,abund,0.0,2,0,7.277599294655077e-05,0.9918169012712061
Kraken2,default,Kraken2_default,ZymoMockD6331,ZymoMockD6331,pacbio,SRR13128013,227979,227979,                Jeotgalicoccus,Jeotgalicoccus,genus,3.609022990559157e-05,abund,0.0,1,0,3.6387996473275384e-05,0.9918169012712061
Kraken2,default,Kraken2_default,ZymoMockD6331,ZymoMockD6331,pacbio,SRR13128013,44249,44249,                Paenibacillus,Paenibacillus,genus,0.0005052632186782819,abund,0.0,14,0,0.0005094319506258553,0.9918169012712061
Kraken2,default,Kraken2_default,ZymoMockD6331,ZymoMockD6331,pacbio,SRR13128013,55080,55080,                Brevibacillus,Brevibacillus,genus,0.00018045114952795784,abund,0.0,5,1,0.0001819399823663769,0.9918169012712061
Kraken2,default,Kraken2_default,ZymoMockD6331,ZymoMockD6331,pacbio,SRR13128013,55079,55079,                  Aneurinibacillus,Aneurinibacillus,genus,3.609022990559157e-05,abund,0.0,1,0,3.6387996473275384e-05,0.9918169012712061
Kraken2,default,Kraken2_default,ZymoMockD6331,ZymoMockD6331,pacbio,SRR13128013,160795,160795,                Ureibacillus,Ureibacillus,genus,0.0002165413794335494,abund,0.0,6,0,0.00021832797883965228,0.9918169012712061
Kraken2,default,Kraken2_default,ZymoMockD6331,ZymoMockD6331,pacbio,SRR13128013,1569,1569,                Sporosarcina,Sporosarcina,genus,7.218045981118314e-05,abund,0.0,2,0,7.277599294655077e-05,0.9918169012712061
Kraken2,default,Kraken2_default,ZymoMockD6331,ZymoMockD6331,pacbio,SRR13128013,1372,1372,                Planococcus,Planococcus,genus,3.609022990559157e-05,abund,0.0,1,1,3.6387996473275384e-05,0.9918169012712061
Kraken2,default,Kraken2_default,ZymoMockD6331,ZymoMockD6331,pacbio,SRR13128013,157226,157226,                Jeotgalibacillus,Jeotgalibacillus,genus,3.609022990559157e-05,abund,0.0,1,0,3.6387996473275384e-05,0.9918169012712061
Kraken2,default,Kraken2_default,ZymoMockD6331,ZymoMockD6331,pacbio,SRR13128013,3156481,3156481,                Fodinisporobacter,Fodinisporobacter,genus,0.0001082706897167747,abund,0.0,3,0,0.00010916398941982614,0.9918169012712061
Kraken2,default,Kraken2_default,ZymoMockD6331,ZymoMockD6331,pacbio,SRR13128013,29330,29330,                Alicyclobacillus,Alicyclobacillus,genus,7.218045981118314e-05,abund,0.0,2,0,7.277599294655077e-05,0.9918169012712061
Kraken2,default,Kraken2_default,ZymoMockD6331,ZymoMockD6331,pacbio,SRR13128013,432330,432330,                Tumebacillus,Tumebacillus,genus,3.609022990559157e-05,abund,0.0,1,1,3.6387996473275384e-05,0.9918169012712061
Kraken2,default,Kraken2_default,ZymoMockD6331,ZymoMockD6331,pacbio,SRR13128013,2077,2077,                Sporolactobacillus,Sporolactobacillus,genus,0.00018045114952795784,abund,0.0,5,0,0.0001819399823663769,0.9918169012712061
Kraken2,default,Kraken2_default,ZymoMockD6331,ZymoMockD6331,pacbio,SRR13128013,150247,150247,                Anoxybacillus,Anoxybacillus,genus,7.218045981118314e-05,abund,0.0,2,0,7.277599294655077e-05,0.9918169012712061
Kraken2,default,Kraken2_default,ZymoMockD6331,ZymoMockD6331,pacbio,SRR13128013,1906945,1906945,                Parageobacillus,Parageobacillus,genus,3.609022990559157e-05,abund,0.0,1,0,3.6387996473275384e-05,0.9918169012712061
Kraken2,default,Kraken2_default,ZymoMockD6331,ZymoMockD6331,pacbio,SRR13128013,3390020,3390020,                Thermaerobacillus,Thermaerobacillus,genus,3.609022990559157e-05,abund,0.0,1,0,3.6387996473275384e-05,0.9918169012712061
Kraken2,default,Kraken2_default,ZymoMockD6331,ZymoMockD6331,pacbio,SRR13128013,2755,2755,                Brochothrix,Brochothrix,genus,7.218045981118314e-05,abund,0.0,2,0,7.277599294655077e-05,0.9918169012712061
Kraken2,default,Kraken2_default,ZymoMockD6331,ZymoMockD6331,pacbio,SRR13128013,1637,1637,                Listeria,Listeria,genus,3.609022990559157e-05,abund,0.0,1,0,3.6387996473275384e-05,0.9918169012712061
Kraken2,default,Kraken2_default,ZymoMockD6331,ZymoMockD6331,pacbio,SRR13128013,1378,1378,                Gemella,Gemella,genus,7.218045981118314e-05,abund,0.0,2,0,7.277599294655077e-05,0.9918169012712061
Kraken2,default,Kraken2_default,ZymoMockD6331,ZymoMockD6331,pacbio,SRR13128013,1348505,1348505,                Polycladomyces,Polycladomyces,genus,3.609022990559157e-05,abund,0.0,1,0,3.6387996473275384e-05,0.9918169012712061
Kraken2,default,Kraken2_default,ZymoMockD6331,ZymoMockD6331,pacbio,SRR13128013,33986,33986,                  Exiguobacterium,Exiguobacterium,genus,3.609022990559157e-05,abund,0.0,1,0,3.6387996473275384e-05,0.9918169012712061
Kraken2,default,Kraken2_default,ZymoMockD6331,ZymoMockD6331,pacbio,SRR13128013,174708,174708,                Allobaculum,Allobaculum,genus,0.0003248120691503241,abund,0.0,9,0,0.0003274919682594784,0.9918169012712061
Kraken2,default,Kraken2_default,ZymoMockD6331,ZymoMockD6331,pacbio,SRR13128013,2749846,2749846,                Amedibacillus,Amedibacillus,genus,3.609022990559157e-05,abund,0.0,1,0,3.6387996473275384e-05,0.9918169012712061
Kraken2,default,Kraken2_default,ZymoMockD6331,ZymoMockD6331,pacbio,SRR13128013,3025755,3025755,                Thomasclavelia,Thomasclavelia,genus,0.0001082706897167747,abund,0.0,3,0,0.00010916398941982614,0.9918169012712061
Kraken2,default,Kraken2_default,ZymoMockD6331,ZymoMockD6331,pacbio,SRR13128013,162289,162289,                Peptoniphilus,Peptoniphilus,genus,0.0001082706897167747,abund,0.0,3,0,0.00010916398941982614,0.9918169012712061
Kraken2,default,Kraken2_default,ZymoMockD6331,ZymoMockD6331,pacbio,SRR13128013,165779,165779,                Anaerococcus,Anaerococcus,genus,3.609022990559157e-05,abund,0.0,1,0,3.6387996473275384e-05,0.9918169012712061
Kraken2,default,Kraken2_default,ZymoMockD6331,ZymoMockD6331,pacbio,SRR13128013,190972,190972,              Sedimentibacter,Sedimentibacter,genus,7.218045981118314e-05,abund,0.0,2,0,7.277599294655077e-05,0.9918169012712061
Kraken2,default,Kraken2_default,ZymoMockD6331,ZymoMockD6331,pacbio,SRR13128013,44000,44000,                Caldicellulosiruptor,Caldicellulosiruptor,genus,0.00018045114952795784,abund,0.0,5,2,0.0001819399823663769,0.9918169012712061
Kraken2,default,Kraken2_default,ZymoMockD6331,ZymoMockD6331,pacbio,SRR13128013,1678,1678,                Bifidobacterium,Bifidobacterium,genus,2.055230322433723,abund,2.06,56947,18573,2.0721872351636135,0.9918169012712061
Kraken2,default,Kraken2_default,ZymoMockD6331,ZymoMockD6331,pacbio,SRR13128013,1654,1654,                Actinomyces,Actinomyces,genus,0.0014796994261292544,abund,0.0,41,0,0.0014919078554042908,0.9918169012712061
Kraken2,default,Kraken2_default,ZymoMockD6331,ZymoMockD6331,pacbio,SRR13128013,28263,28263,                Arcanobacterium,Arcanobacterium,genus,3.609022990559157e-05,abund,0.0,1,0,3.6387996473275384e-05,0.9918169012712061
Kraken2,default,Kraken2_default,ZymoMockD6331,ZymoMockD6331,pacbio,SRR13128013,2529408,2529408,                Schaalia,Schaalia,genus,3.609022990559157e-05,abund,0.0,1,0,3.6387996473275384e-05,0.9918169012712061
Kraken2,default,Kraken2_default,ZymoMockD6331,ZymoMockD6331,pacbio,SRR13128013,1883,1883,                Streptomyces,Streptomyces,genus,0.0009383459775453808,abund,0.0,26,11,0.0009460879083051601,0.9918169012712061
Kraken2,default,Kraken2_default,ZymoMockD6331,ZymoMockD6331,pacbio,SRR13128013,1716,1716,                Corynebacterium,Corynebacterium,genus,0.00025263160933914095,abund,0.0,7,0,0.00025471597531292767,0.9918169012712061
Kraken2,default,Kraken2_default,ZymoMockD6331,ZymoMockD6331,pacbio,SRR13128013,1827,1827,                Rhodococcus,Rhodococcus,genus,0.00018045114952795784,abund,0.0,5,1,0.0001819399823663769,0.9918169012712061
Kraken2,default,Kraken2_default,ZymoMockD6331,ZymoMockD6331,pacbio,SRR13128013,1763,1763,                Mycobacterium,Mycobacterium,genus,0.0001082706897167747,abund,0.0,3,0,0.00010916398941982614,0.9918169012712061
Kraken2,default,Kraken2_default,ZymoMockD6331,ZymoMockD6331,pacbio,SRR13128013,1866885,1866885,                Mycolicibacterium,Mycolicibacterium,genus,3.609022990559157e-05,abund,0.0,1,0,3.6387996473275384e-05,0.9918169012712061
Kraken2,default,Kraken2_default,ZymoMockD6331,ZymoMockD6331,pacbio,SRR13128013,2053,2053,                Gordonia,Gordonia,genus,3.609022990559157e-05,abund,0.0,1,0,3.6387996473275384e-05,0.9918169012712061
Kraken2,default,Kraken2_default,ZymoMockD6331,ZymoMockD6331,pacbio,SRR13128013,37914,37914,                Dietzia,Dietzia,genus,3.609022990559157e-05,abund,0.0,1,0,3.6387996473275384e-05,0.9918169012712061
Kraken2,default,Kraken2_default,ZymoMockD6331,ZymoMockD6331,pacbio,SRR13128013,1873,1873,                Micromonospora,Micromonospora,genus,0.00025263160933914095,abund,0.0,7,0,0.00025471597531292767,0.9918169012712061
Kraken2,default,Kraken2_default,ZymoMockD6331,ZymoMockD6331,pacbio,SRR13128013,203522,203522,                Longispora,Longispora,genus,3.609022990559157e-05,abund,0.0,1,0,3.6387996473275384e-05,0.9918169012712061
Kraken2,default,Kraken2_default,ZymoMockD6331,ZymoMockD6331,pacbio,SRR13128013,673534,673534,                Plantactinospora,Plantactinospora,genus,3.609022990559157e-05,abund,0.0,1,0,3.6387996473275384e-05,0.9918169012712061
Kraken2,default,Kraken2_default,ZymoMockD6331,ZymoMockD6331,pacbio,SRR13128013,1696,1696,                Brevibacterium,Brevibacterium,genus,7.218045981118314e-05,abund,0.0,2,0,7.277599294655077e-05,0.9918169012712061
Kraken2,default,Kraken2_default,ZymoMockD6331,ZymoMockD6331,pacbio,SRR13128013,1645,1645,                Renibacterium,Renibacterium,genus,3.609022990559157e-05,abund,0.0,1,0,3.6387996473275384e-05,0.9918169012712061
Kraken2,default,Kraken2_default,ZymoMockD6331,ZymoMockD6331,pacbio,SRR13128013,32207,32207,                Rothia,Rothia,genus,3.609022990559157e-05,abund,0.0,1,0,3.6387996473275384e-05,0.9918169012712061
Kraken2,default,Kraken2_default,ZymoMockD6331,ZymoMockD6331,pacbio,SRR13128013,33882,33882,                Microbacterium,Microbacterium,genus,3.609022990559157e-05,abund,0.0,1,0,3.6387996473275384e-05,0.9918169012712061
Kraken2,default,Kraken2_default,ZymoMockD6331,ZymoMockD6331,pacbio,SRR13128013,83681,83681,                Nonomuraea,Nonomuraea,genus,7.218045981118314e-05,abund,0.0,2,0,7.277599294655077e-05,0.9918169012712061
Kraken2,default,Kraken2_default,ZymoMockD6331,ZymoMockD6331,pacbio,SRR13128013,2000,2000,                Streptosporangium,Streptosporangium,genus,3.609022990559157e-05,abund,0.0,1,0,3.6387996473275384e-05,0.9918169012712061
Kraken2,default,Kraken2_default,ZymoMockD6331,ZymoMockD6331,pacbio,SRR13128013,1813,1813,                Amycolatopsis,Amycolatopsis,genus,7.218045981118314e-05,abund,0.0,2,0,7.277599294655077e-05,0.9918169012712061
Kraken2,default,Kraken2_default,ZymoMockD6331,ZymoMockD6331,pacbio,SRR13128013,2983186,2983186,                Candidatus Poriferisocius,Candidatus Poriferisocius,genus,3.609022990559157e-05,abund,0.0,1,0,3.6387996473275384e-05,0.9918169012712061
Kraken2,default,Kraken2_default,ZymoMockD6331,ZymoMockD6331,pacbio,SRR13128013,2132,2132,                Spiroplasma,Spiroplasma,genus,0.0019488724149019445,abund,0.0,54,0,0.0019649518095568707,0.9918169012712061
Kraken2,default,Kraken2_default,ZymoMockD6331,ZymoMockD6331,pacbio,SRR13128013,2093,2093,                Mycoplasma,Mycoplasma,genus,0.00014436091962236627,abund,0.0,4,0,0.00014555198589310154,0.9918169012712061
Kraken2,default,Kraken2_default,ZymoMockD6331,ZymoMockD6331,pacbio,SRR13128013,2147,2147,                Acholeplasma,Acholeplasma,genus,3.609022990559157e-05,abund,0.0,1,0,3.6387996473275384e-05,0.9918169012712061
Kraken2,default,Kraken2_default,ZymoMockD6331,ZymoMockD6331,pacbio,SRR13128013,2767358,2767358,              Mycoplasmopsis,Mycoplasmopsis,genus,0.0001082706897167747,abund,0.0,3,0,0.00010916398941982614,0.9918169012712061
Kraken2,default,Kraken2_default,ZymoMockD6331,ZymoMockD6331,pacbio,SRR13128013,2895509,2895509,              Metamycoplasma,Metamycoplasma,genus,3.609022990559157e-05,abund,0.0,1,0,3.6387996473275384e-05,0.9918169012712061
Kraken2,default,Kraken2_default,ZymoMockD6331,ZymoMockD6331,pacbio,SRR13128013,2923352,2923352,              Mesomycoplasma,Mesomycoplasma,genus,3.609022990559157e-05,abund,0.0,1,0,3.6387996473275384e-05,0.9918169012712061
Kraken2,default,Kraken2_default,ZymoMockD6331,ZymoMockD6331,pacbio,SRR13128013,2995234,2995234,              Mycoplasmoides,Mycoplasmoides,genus,7.218045981118314e-05,abund,0.0,2,0,7.277599294655077e-05,0.9918169012712061
Kraken2,default,Kraken2_default,ZymoMockD6331,ZymoMockD6331,pacbio,SRR13128013,2975549,2975549,                Candidatus Izemoplasma,Candidatus Izemoplasma,genus,3.609022990559157e-05,abund,0.0,1,0,3.6387996473275384e-05,0.9918169012712061
Kraken2,default,Kraken2_default,ZymoMockD6331,ZymoMockD6331,pacbio,SRR13128013,1177,1177,                  Nostoc,Nostoc,genus,0.0003248120691503241,abund,0.0,9,0,0.0003274919682594784,0.9918169012712061
Kraken2,default,Kraken2_default,ZymoMockD6331,ZymoMockD6331,pacbio,SRR13128013,1163,1163,                  Anabaena,Anabaena,genus,0.0001082706897167747,abund,0.0,3,0,0.00010916398941982614,0.9918169012712061
Kraken2,default,Kraken2_default,ZymoMockD6331,ZymoMockD6331,pacbio,SRR13128013,111782,111782,                  Tolypothrix,Tolypothrix,genus,0.00014436091962236627,abund,0.0,4,0,0.00014555198589310154,0.9918169012712061
Kraken2,default,Kraken2_default,ZymoMockD6331,ZymoMockD6331,pacbio,SRR13128013,752201,752201,                  Sphaerospermopsis,Sphaerospermopsis,genus,3.609022990559157e-05,abund,0.0,1,0,3.6387996473275384e-05,0.9918169012712061
Kraken2,default,Kraken2_default,ZymoMockD6331,ZymoMockD6331,pacbio,SRR13128013,159191,159191,                  Nodularia,Nodularia,genus,3.609022990559157e-05,abund,0.0,1,0,3.6387996473275384e-05,0.9918169012712061
Kraken2,default,Kraken2_default,ZymoMockD6331,ZymoMockD6331,pacbio,SRR13128013,1129,1129,                  Synechococcus,Synechococcus,genus,0.0002165413794335494,abund,0.0,6,0,0.00021832797883965228,0.9918169012712061
Kraken2,default,Kraken2_default,ZymoMockD6331,ZymoMockD6331,pacbio,SRR13128013,1218,1218,                  Prochlorococcus,Prochlorococcus,genus,0.0001082706897167747,abund,0.0,3,2,0.00010916398941982614,0.9918169012712061
Kraken2,default,Kraken2_default,ZymoMockD6331,ZymoMockD6331,pacbio,SRR13128013,1142,1142,                  Synechocystis,Synechocystis,genus,3.609022990559157e-05,abund,0.0,1,0,3.6387996473275384e-05,0.9918169012712061
Kraken2,default,Kraken2_default,ZymoMockD6331,ZymoMockD6331,pacbio,SRR13128013,263510,263510,                    Crocosphaera,Crocosphaera,genus,0.0001082706897167747,abund,0.0,3,0,0.00010916398941982614,0.9918169012712061
Kraken2,default,Kraken2_default,ZymoMockD6331,ZymoMockD6331,pacbio,SRR13128013,102231,102231,                    Gloeocapsa,Gloeocapsa,genus,3.609022990559157e-05,abund,0.0,1,0,3.6387996473275384e-05,0.9918169012712061
Kraken2,default,Kraken2_default,ZymoMockD6331,ZymoMockD6331,pacbio,SRR13128013,1492710,1492710,                    Oxynema,Oxynema,genus,7.218045981118314e-05,abund,0.0,2,0,7.277599294655077e-05,0.9918169012712061
Kraken2,default,Kraken2_default,ZymoMockD6331,ZymoMockD6331,pacbio,SRR13128013,1205,1205,                    Trichodesmium,Trichodesmium,genus,3.609022990559157e-05,abund,0.0,1,0,3.6387996473275384e-05,0.9918169012712061
Kraken2,default,Kraken2_default,ZymoMockD6331,ZymoMockD6331,pacbio,SRR13128013,155977,155977,                  Acaryochloris,Acaryochloris,genus,0.0001082706897167747,abund,0.0,3,0,0.00010916398941982614,0.9918169012712061
Kraken2,default,Kraken2_default,ZymoMockD6331,ZymoMockD6331,pacbio,SRR13128013,1874526,1874526,                  Kovacikia,Kovacikia,genus,3.609022990559157e-05,abund,0.0,1,0,3.6387996473275384e-05,0.9918169012712061
Kraken2,default,Kraken2_default,ZymoMockD6331,ZymoMockD6331,pacbio,SRR13128013,47251,47251,                    Leptolyngbya,Leptolyngbya,genus,3.609022990559157e-05,abund,0.0,1,0,3.6387996473275384e-05,0.9918169012712061
Kraken2,default,Kraken2_default,ZymoMockD6331,ZymoMockD6331,pacbio,SRR13128013,1155738,1155738,                  Moorena,Moorena,genus,3.609022990559157e-05,abund,0.0,1,0,3.6387996473275384e-05,0.9918169012712061
Kraken2,default,Kraken2_default,ZymoMockD6331,ZymoMockD6331,pacbio,SRR13128013,3140596,3140596,                Candidatus Leptofilum,Candidatus Leptofilum,genus,0.00028872183924473255,abund,0.0,8,0,0.00029110397178620307,0.9918169012712061
Kraken2,default,Kraken2_default,ZymoMockD6331,ZymoMockD6331,pacbio,SRR13128013,2692417,2692417,                Ktedonosporobacter,Ktedonosporobacter,genus,3.609022990559157e-05,abund,0.0,1,0,3.6387996473275384e-05,0.9918169012712061
Kraken2,default,Kraken2_default,ZymoMockD6331,ZymoMockD6331,pacbio,SRR13128013,233191,233191,                Caldilinea,Caldilinea,genus,3.609022990559157e-05,abund,0.0,1,0,3.6387996473275384e-05,0.9918169012712061
Kraken2,default,Kraken2_default,ZymoMockD6331,ZymoMockD6331,pacbio,SRR13128013,816,816,                    Bacteroides,Bacteroides,genus,19.714685078458356,abund,19.71,546261,558,19.877343341487883,0.9918169012712061
Kraken2,default,Kraken2_default,ZymoMockD6331,ZymoMockD6331,pacbio,SRR13128013,909656,909656,                    Phocaeicola,Phocaeicola,genus,0.0007578948280174229,abund,0.0,21,1,0.000764147925938783,0.9918169012712061
Kraken2,default,Kraken2_default,ZymoMockD6331,ZymoMockD6331,pacbio,SRR13128013,838,838,                    Prevotella,Prevotella,genus,7.744927247510044,abund,7.74,214599,0,7.808827655168423,0.9918169012712061
Kraken2,default,Kraken2_default,ZymoMockD6331,ZymoMockD6331,pacbio,SRR13128013,2974251,2974251,                    Segatella,Segatella,genus,0.0001082706897167747,abund,0.0,3,0,0.00010916398941982614,0.9918169012712061
Kraken2,default,Kraken2_default,ZymoMockD6331,ZymoMockD6331,pacbio,SRR13128013,375288,375288,                    Parabacteroides,Parabacteroides,genus,0.015518798859404374,abund,0.02,430,69,0.015646838483508414,0.9918169012712061
Kraken2,default,Kraken2_default,ZymoMockD6331,ZymoMockD6331,pacbio,SRR13128013,239759,239759,                    Alistipes,Alistipes,genus,0.00028872183924473255,abund,0.0,8,3,0.00029110397178620307,0.9918169012712061
Kraken2,default,Kraken2_default,ZymoMockD6331,ZymoMockD6331,pacbio,SRR13128013,1647173,1647173,                    Acetobacteroides,Acetobacteroides,genus,3.609022990559157e-05,abund,0.0,1,0,3.6387996473275384e-05,0.9918169012712061
Kraken2,default,Kraken2_default,ZymoMockD6331,ZymoMockD6331,pacbio,SRR13128013,1348911,1348911,                    Coprobacter,Coprobacter,genus,0.0001082706897167747,abund,0.0,3,0,0.00010916398941982614,0.9918169012712061
Kraken2,default,Kraken2_default,ZymoMockD6331,ZymoMockD6331,pacbio,SRR13128013,397864,397864,                    Barnesiella,Barnesiella,genus,3.609022990559157e-05,abund,0.0,1,0,3.6387996473275384e-05,0.9918169012712061
Kraken2,default,Kraken2_default,ZymoMockD6331,ZymoMockD6331,pacbio,SRR13128013,2815786,2815786,                    Sodaliphilus,Sodaliphilus,genus,3.609022990559157e-05,abund,0.0,1,0,3.6387996473275384e-05,0.9918169012712061
Kraken2,default,Kraken2_default,ZymoMockD6331,ZymoMockD6331,pacbio,SRR13128013,1193324,1193324,                    Alkalitalea,Alkalitalea,genus,3.609022990559157e-05,abund,0.0,1,0,3.6387996473275384e-05,0.9918169012712061
Kraken2,default,Kraken2_default,ZymoMockD6331,ZymoMockD6331,pacbio,SRR13128013,237,237,                    Flavobacterium,Flavobacterium,genus,0.001660150575657212,abund,0.0,46,6,0.0016738478377706675,0.9918169012712061
Kraken2,default,Kraken2_default,ZymoMockD6331,ZymoMockD6331,pacbio,SRR13128013,52959,52959,                    Polaribacter,Polaribacter,genus,0.0004691729887726904,abund,0.0,13,1,0.00047304395415258006,0.9918169012712061
Kraken2,default,Kraken2_default,ZymoMockD6331,ZymoMockD6331,pacbio,SRR13128013,153265,153265,                    Aequorivita,Aequorivita,genus,0.0003969925289615073,abund,0.0,11,1,0.0004002679612060292,0.9918169012712061
Kraken2,default,Kraken2_default,ZymoMockD6331,ZymoMockD6331,pacbio,SRR13128013,444459,444459,                    Flagellimonas,Flagellimonas,genus,0.00028872183924473255,abund,0.0,8,0,0.00029110397178620307,0.9918169012712061
Kraken2,default,Kraken2_default,ZymoMockD6331,ZymoMockD6331,pacbio,SRR13128013,104264,104264,                    Cellulophaga,Cellulophaga,genus,0.00025263160933914095,abund,0.0,7,0,0.00025471597531292767,0.9918169012712061
Kraken2,default,Kraken2_default,ZymoMockD6331,ZymoMockD6331,pacbio,SRR13128013,104267,104267,                    Tenacibaculum,Tenacibaculum,genus,0.0002165413794335494,abund,0.0,6,0,0.00021832797883965228,0.9918169012712061
Kraken2,default,Kraken2_default,ZymoMockD6331,ZymoMockD6331,pacbio,SRR13128013,221065,221065,                    Kordia,Kordia,genus,0.00018045114952795784,abund,0.0,5,0,0.0001819399823663769,0.9918169012712061
Kraken2,default,Kraken2_default,ZymoMockD6331,ZymoMockD6331,pacbio,SRR13128013,290174,290174,                    Aquimarina,Aquimarina,genus,0.00014436091962236627,abund,0.0,4,0,0.00014555198589310154,0.9918169012712061
Kraken2,default,Kraken2_default,ZymoMockD6331,ZymoMockD6331,pacbio,SRR13128013,225842,225842,                    Formosa,Formosa,genus,0.00014436091962236627,abund,0.0,4,0,0.00014555198589310154,0.9918169012712061
Kraken2,default,Kraken2_default,ZymoMockD6331,ZymoMockD6331,pacbio,SRR13128013,178469,178469,                    Arenibacter,Arenibacter,genus,0.00014436091962236627,abund,0.0,4,0,0.00014555198589310154,0.9918169012712061
Kraken2,default,Kraken2_default,ZymoMockD6331,ZymoMockD6331,pacbio,SRR13128013,292691,292691,                    Christiangramia,Christiangramia,genus,0.0001082706897167747,abund,0.0,3,2,0.00010916398941982614,0.9918169012712061
Kraken2,default,Kraken2_default,ZymoMockD6331,ZymoMockD6331,pacbio,SRR13128013,2700084,2700084,                    Urechidicola,Urechidicola,genus,0.0001082706897167747,abund,0.0,3,0,0.00010916398941982614,0.9918169012712061
Kraken2,default,Kraken2_default,ZymoMockD6331,ZymoMockD6331,pacbio,SRR13128013,261827,261827,                    Algibacter,Algibacter,genus,0.0001082706897167747,abund,0.0,3,0,0.00010916398941982614,0.9918169012712061
Kraken2,default,Kraken2_default,ZymoMockD6331,ZymoMockD6331,pacbio,SRR13128013,1287916,1287916,                    Euzebyella,Euzebyella,genus,7.218045981118314e-05,abund,0.0,2,0,7.277599294655077e-05,0.9918169012712061
Kraken2,default,Kraken2_default,ZymoMockD6331,ZymoMockD6331,pacbio,SRR13128013,112040,112040,                    Zobellia,Zobellia,genus,7.218045981118314e-05,abund,0.0,2,0,7.277599294655077e-05,0.9918169012712061
Kraken2,default,Kraken2_default,ZymoMockD6331,ZymoMockD6331,pacbio,SRR13128013,449810,449810,                    Lutimonas,Lutimonas,genus,7.218045981118314e-05,abund,0.0,2,0,7.277599294655077e-05,0.9918169012712061
Kraken2,default,Kraken2_default,ZymoMockD6331,ZymoMockD6331,pacbio,SRR13128013,444051,444051,                    Mesoflavibacter,Mesoflavibacter,genus,7.218045981118314e-05,abund,0.0,2,2,7.277599294655077e-05,0.9918169012712061
Kraken2,default,Kraken2_default,ZymoMockD6331,ZymoMockD6331,pacbio,SRR13128013,393005,393005,                    Tamlana,Tamlana,genus,7.218045981118314e-05,abund,0.0,2,0,7.277599294655077e-05,0.9918169012712061
Kraken2,default,Kraken2_default,ZymoMockD6331,ZymoMockD6331,pacbio,SRR13128013,286104,286104,                    Winogradskyella,Winogradskyella,genus,7.218045981118314e-05,abund,0.0,2,0,7.277599294655077e-05,0.9918169012712061
Kraken2,default,Kraken2_default,ZymoMockD6331,ZymoMockD6331,pacbio,SRR13128013,369400,369400,                    Flaviramulus,Flaviramulus,genus,3.609022990559157e-05,abund,0.0,1,0,3.6387996473275384e-05,0.9918169012712061
Kraken2,default,Kraken2_default,ZymoMockD6331,ZymoMockD6331,pacbio,SRR13128013,1209327,1209327,                    Flavivirga,Flavivirga,genus,3.609022990559157e-05,abund,0.0,1,0,3.6387996473275384e-05,0.9918169012712061
Kraken2,default,Kraken2_default,ZymoMockD6331,ZymoMockD6331,pacbio,SRR13128013,2706948,2706948,                    Aureibaculum,Aureibaculum,genus,3.609022990559157e-05,abund,0.0,1,0,3.6387996473275384e-05,0.9918169012712061
Kraken2,default,Kraken2_default,ZymoMockD6331,ZymoMockD6331,pacbio,SRR13128013,2967089,2967089,                    Abyssalbus,Abyssalbus,genus,3.609022990559157e-05,abund,0.0,1,0,3.6387996473275384e-05,0.9918169012712061
Kraken2,default,Kraken2_default,ZymoMockD6331,ZymoMockD6331,pacbio,SRR13128013,363408,363408,                    Nonlabens,Nonlabens,genus,3.609022990559157e-05,abund,0.0,1,0,3.6387996473275384e-05,0.9918169012712061
Kraken2,default,Kraken2_default,ZymoMockD6331,ZymoMockD6331,pacbio,SRR13128013,336276,336276,                    Olleya,Olleya,genus,3.609022990559157e-05,abund,0.0,1,0,3.6387996473275384e-05,0.9918169012712061
Kraken2,default,Kraken2_default,ZymoMockD6331,ZymoMockD6331,pacbio,SRR13128013,143222,143222,                    Salegentibacter,Salegentibacter,genus,3.609022990559157e-05,abund,0.0,1,0,3.6387996473275384e-05,0.9918169012712061
Kraken2,default,Kraken2_default,ZymoMockD6331,ZymoMockD6331,pacbio,SRR13128013,2953860,2953860,                    Candidatus Arcticimaribacter,Candidatus Arcticimaribacter,genus,3.609022990559157e-05,abund,0.0,1,0,3.6387996473275384e-05,0.9918169012712061
Kraken2,default,Kraken2_default,ZymoMockD6331,ZymoMockD6331,pacbio,SRR13128013,283735,283735,                    Leeuwenhoekiella,Leeuwenhoekiella,genus,3.609022990559157e-05,abund,0.0,1,0,3.6387996473275384e-05,0.9918169012712061
Kraken2,default,Kraken2_default,ZymoMockD6331,ZymoMockD6331,pacbio,SRR13128013,252356,252356,                    Maribacter,Maribacter,genus,3.609022990559157e-05,abund,0.0,1,0,3.6387996473275384e-05,0.9918169012712061
Kraken2,default,Kraken2_default,ZymoMockD6331,ZymoMockD6331,pacbio,SRR13128013,59732,59732,                      Chryseobacterium,Chryseobacterium,genus,0.0009022557476397892,abund,0.0,25,2,0.0009096999118318846,0.9918169012712061
Kraken2,default,Kraken2_default,ZymoMockD6331,ZymoMockD6331,pacbio,SRR13128013,2782231,2782231,                      Kaistella,Kaistella,genus,3.609022990559157e-05,abund,0.0,1,0,3.6387996473275384e-05,0.9918169012712061
Kraken2,default,Kraken2_default,ZymoMockD6331,ZymoMockD6331,pacbio,SRR13128013,2766734,2766734,                    Faecalibacter,Faecalibacter,genus,0.00018045114952795784,abund,0.0,5,0,0.0001819399823663769,0.9918169012712061
Kraken2,default,Kraken2_default,ZymoMockD6331,ZymoMockD6331,pacbio,SRR13128013,501783,501783,                    Cloacibacterium,Cloacibacterium,genus,0.0001082706897167747,abund,0.0,3,1,0.00010916398941982614,0.9918169012712061
Kraken2,default,Kraken2_default,ZymoMockD6331,ZymoMockD6331,pacbio,SRR13128013,59734,59734,                    Empedobacter,Empedobacter,genus,3.609022990559157e-05,abund,0.0,1,0,3.6387996473275384e-05,0.9918169012712061
Kraken2,default,Kraken2_default,ZymoMockD6331,ZymoMockD6331,pacbio,SRR13128013,34098,34098,                    Blattabacterium,Blattabacterium,genus,0.0003969925289615073,abund,0.0,11,0,0.0004002679612060292,0.9918169012712061
Kraken2,default,Kraken2_default,ZymoMockD6331,ZymoMockD6331,pacbio,SRR13128013,3024544,3024544,                    Paracrocinitomix,Paracrocinitomix,genus,0.0001082706897167747,abund,0.0,3,0,0.00010916398941982614,0.9918169012712061
Kraken2,default,Kraken2_default,ZymoMockD6331,ZymoMockD6331,pacbio,SRR13128013,1940138,1940138,                    Candidatus Walczuchella,Candidatus Walczuchella,genus,3.609022990559157e-05,abund,0.0,1,1,3.6387996473275384e-05,0.9918169012712061
Kraken2,default,Kraken2_default,ZymoMockD6331,ZymoMockD6331,pacbio,SRR13128013,59739,59739,                    Flammeovirga,Flammeovirga,genus,0.00014436091962236627,abund,0.0,4,0,0.00014555198589310154,0.9918169012712061
Kraken2,default,Kraken2_default,ZymoMockD6331,ZymoMockD6331,pacbio,SRR13128013,1649461,1649461,                    Imperialibacter,Imperialibacter,genus,0.0001082706897167747,abund,0.0,3,0,0.00010916398941982614,0.9918169012712061
Kraken2,default,Kraken2_default,ZymoMockD6331,ZymoMockD6331,pacbio,SRR13128013,3051458,3051458,                    Chondrinema,Chondrinema,genus,7.218045981118314e-05,abund,0.0,2,0,7.277599294655077e-05,0.9918169012712061
Kraken2,default,Kraken2_default,ZymoMockD6331,ZymoMockD6331,pacbio,SRR13128013,105,105,                    Runella,Runella,genus,0.00014436091962236627,abund,0.0,4,0,0.00014555198589310154,0.9918169012712061
Kraken2,default,Kraken2_default,ZymoMockD6331,ZymoMockD6331,pacbio,SRR13128013,120831,120831,                    Dyadobacter,Dyadobacter,genus,7.218045981118314e-05,abund,0.0,2,0,7.277599294655077e-05,0.9918169012712061
Kraken2,default,Kraken2_default,ZymoMockD6331,ZymoMockD6331,pacbio,SRR13128013,246875,246875,                    Algoriphagus,Algoriphagus,genus,0.00014436091962236627,abund,0.0,4,0,0.00014555198589310154,0.9918169012712061
Kraken2,default,Kraken2_default,ZymoMockD6331,ZymoMockD6331,pacbio,SRR13128013,68288,68288,                    Cyclobacterium,Cyclobacterium,genus,3.609022990559157e-05,abund,0.0,1,0,3.6387996473275384e-05,0.9918169012712061
Kraken2,default,Kraken2_default,ZymoMockD6331,ZymoMockD6331,pacbio,SRR13128013,869806,869806,                    Marivirga,Marivirga,genus,0.00018045114952795784,abund,0.0,5,0,0.0001819399823663769,0.9918169012712061
Kraken2,default,Kraken2_default,ZymoMockD6331,ZymoMockD6331,pacbio,SRR13128013,107,107,                    Spirosoma,Spirosoma,genus,7.218045981118314e-05,abund,0.0,2,0,7.277599294655077e-05,0.9918169012712061
Kraken2,default,Kraken2_default,ZymoMockD6331,ZymoMockD6331,pacbio,SRR13128013,2676247,2676247,                    Aquirufa,Aquirufa,genus,7.218045981118314e-05,abund,0.0,2,0,7.277599294655077e-05,0.9918169012712061
Kraken2,default,Kraken2_default,ZymoMockD6331,ZymoMockD6331,pacbio,SRR13128013,312278,312278,                    Emticicia,Emticicia,genus,3.609022990559157e-05,abund,0.0,1,0,3.6387996473275384e-05,0.9918169012712061
Kraken2,default,Kraken2_default,ZymoMockD6331,ZymoMockD6331,pacbio,SRR13128013,396811,396811,                    Fulvivirga,Fulvivirga,genus,3.609022990559157e-05,abund,0.0,1,0,3.6387996473275384e-05,0.9918169012712061
Kraken2,default,Kraken2_default,ZymoMockD6331,ZymoMockD6331,pacbio,SRR13128013,423349,423349,                    Mucilaginibacter,Mucilaginibacter,genus,0.0003609022990559157,abund,0.0,10,1,0.0003638799647327538,0.9918169012712061
Kraken2,default,Kraken2_default,ZymoMockD6331,ZymoMockD6331,pacbio,SRR13128013,84567,84567,                    Pedobacter,Pedobacter,genus,0.00018045114952795784,abund,0.0,5,0,0.0001819399823663769,0.9918169012712061
Kraken2,default,Kraken2_default,ZymoMockD6331,ZymoMockD6331,pacbio,SRR13128013,28453,28453,                    Sphingobacterium,Sphingobacterium,genus,0.00014436091962236627,abund,0.0,4,0,0.00014555198589310154,0.9918169012712061
Kraken2,default,Kraken2_default,ZymoMockD6331,ZymoMockD6331,pacbio,SRR13128013,929509,929509,                    Solitalea,Solitalea,genus,3.609022990559157e-05,abund,0.0,1,0,3.6387996473275384e-05,0.9918169012712061
Kraken2,default,Kraken2_default,ZymoMockD6331,ZymoMockD6331,pacbio,SRR13128013,1649482,1649482,                    Pseudopedobacter,Pseudopedobacter,genus,3.609022990559157e-05,abund,0.0,1,0,3.6387996473275384e-05,0.9918169012712061
Kraken2,default,Kraken2_default,ZymoMockD6331,ZymoMockD6331,pacbio,SRR13128013,79328,79328,                    Chitinophaga,Chitinophaga,genus,0.00025263160933914095,abund,0.0,7,0,0.00025471597531292767,0.9918169012712061
Kraken2,default,Kraken2_default,ZymoMockD6331,ZymoMockD6331,pacbio,SRR13128013,649460,649460,                    Filimonas,Filimonas,genus,7.218045981118314e-05,abund,0.0,2,0,7.277599294655077e-05,0.9918169012712061
Kraken2,default,Kraken2_default,ZymoMockD6331,ZymoMockD6331,pacbio,SRR13128013,398041,398041,                    Flavisolibacter,Flavisolibacter,genus,3.609022990559157e-05,abund,0.0,1,0,3.6387996473275384e-05,0.9918169012712061
Kraken2,default,Kraken2_default,ZymoMockD6331,ZymoMockD6331,pacbio,SRR13128013,504481,504481,                    Sediminibacterium,Sediminibacterium,genus,3.609022990559157e-05,abund,0.0,1,0,3.6387996473275384e-05,0.9918169012712061
Kraken2,default,Kraken2_default,ZymoMockD6331,ZymoMockD6331,pacbio,SRR13128013,365032,365032,                    Aureispira,Aureispira,genus,7.218045981118314e-05,abund,0.0,2,0,7.277599294655077e-05,0.9918169012712061
Kraken2,default,Kraken2_default,ZymoMockD6331,ZymoMockD6331,pacbio,SRR13128013,795750,795750,                    Ignavibacterium,Ignavibacterium,genus,3.609022990559157e-05,abund,0.0,1,0,3.6387996473275384e-05,0.9918169012712061
Kraken2,default,Kraken2_default,ZymoMockD6331,ZymoMockD6331,pacbio,SRR13128013,3056650,3056650,                  Candidatus Palauibacter,Candidatus Palauibacter,genus,7.218045981118314e-05,abund,0.0,2,0,7.277599294655077e-05,0.9918169012712061
Kraken2,default,Kraken2_default,ZymoMockD6331,ZymoMockD6331,pacbio,SRR13128013,561,561,                Escherichia,Escherichia,genus,15.77810716127605,abund,15.78,437185,6934,15.908286238168898,0.9918169012712061
Kraken2,default,Kraken2_default,ZymoMockD6331,ZymoMockD6331,pacbio,SRR13128013,620,620,                Shigella,Shigella,genus,0.0774496333773995,abund,0.08,2146,114,0.07808864043164897,0.9918169012712061
Kraken2,default,Kraken2_default,ZymoMockD6331,ZymoMockD6331,pacbio,SRR13128013,544,544,                Citrobacter,Citrobacter,genus,0.047206020716513766,abund,0.05,1308,824,0.047595499387044195,0.9918169012712061
Kraken2,default,Kraken2_default,ZymoMockD6331,ZymoMockD6331,pacbio,SRR13128013,590,590,                Salmonella,Salmonella,genus,0.022015040242410855,abund,0.02,610,29,0.02219667784869798,0.9918169012712061
Kraken2,default,Kraken2_default,ZymoMockD6331,ZymoMockD6331,pacbio,SRR13128013,570,570,                  Klebsiella,Klebsiella,genus,0.01818947587241815,abund,0.02,504,59,0.018339550222530795,0.9918169012712061
Kraken2,default,Kraken2_default,ZymoMockD6331,ZymoMockD6331,pacbio,SRR13128013,160674,160674,                  Raoultella,Raoultella,genus,0.002273684484052269,abund,0.0,63,5,0.0022924437778163494,0.9918169012712061
Kraken2,default,Kraken2_default,ZymoMockD6331,ZymoMockD6331,pacbio,SRR13128013,547,547,                Enterobacter,Enterobacter,genus,0.019993987367697728,abund,0.02,554,72,0.02015895004619456,0.9918169012712061
Kraken2,default,Kraken2_default,ZymoMockD6331,ZymoMockD6331,pacbio,SRR13128013,2815296,2815296,                Jejubacter,Jejubacter,genus,0.009960903453943274,abund,0.01,276,0,0.010043087026624006,0.9918169012712061
Kraken2,default,Kraken2_default,ZymoMockD6331,ZymoMockD6331,pacbio,SRR13128013,1330547,1330547,                Kosakonia,Kosakonia,genus,0.001335338506506888,abund,0.0,37,3,0.001346355869511189,0.9918169012712061
Kraken2,default,Kraken2_default,ZymoMockD6331,ZymoMockD6331,pacbio,SRR13128013,413496,413496,                Cronobacter,Cronobacter,genus,0.0008661655177341976,abund,0.0,24,6,0.0008733119153586091,0.9918169012712061
Kraken2,default,Kraken2_default,ZymoMockD6331,ZymoMockD6331,pacbio,SRR13128013,83654,83654,                Leclercia,Leclercia,genus,0.0007218045981118314,abund,0.0,20,6,0.0007277599294655076,0.9918169012712061
Kraken2,default,Kraken2_default,ZymoMockD6331,ZymoMockD6331,pacbio,SRR13128013,82976,82976,                Buttiauxella,Buttiauxella,genus,0.0005774436784894651,abund,0.0,16,3,0.0005822079435724061,0.9918169012712061
Kraken2,default,Kraken2_default,ZymoMockD6331,ZymoMockD6331,pacbio,SRR13128013,579,579,                Kluyvera,Kluyvera,genus,0.0005413534485838734,abund,0.0,15,7,0.0005458199470991306,0.9918169012712061
Kraken2,default,Kraken2_default,ZymoMockD6331,ZymoMockD6331,pacbio,SRR13128013,1504576,1504576,                Pseudocitrobacter,Pseudocitrobacter,genus,0.0005052632186782819,abund,0.0,14,4,0.0005094319506258553,0.9918169012712061
Kraken2,default,Kraken2_default,ZymoMockD6331,ZymoMockD6331,pacbio,SRR13128013,158851,158851,                Trabulsiella,Trabulsiella,genus,0.0005052632186782819,abund,0.0,14,0,0.0005094319506258553,0.9918169012712061
Kraken2,default,Kraken2_default,ZymoMockD6331,ZymoMockD6331,pacbio,SRR13128013,1335483,1335483,                Shimwellia,Shimwellia,genus,0.0004330827588670988,abund,0.0,12,0,0.00043665595767930455,0.9918169012712061
Kraken2,default,Kraken2_default,ZymoMockD6331,ZymoMockD6331,pacbio,SRR13128013,1649298,1649298,                Siccibacter,Siccibacter,genus,0.0003609022990559157,abund,0.0,10,0,0.0003638799647327538,0.9918169012712061
Kraken2,default,Kraken2_default,ZymoMockD6331,ZymoMockD6331,pacbio,SRR13128013,203804,203804,                      Candidatus Blochmanniella,Candidatus Blochmanniella,genus,0.00018045114952795784,abund,0.0,5,0,0.0001819399823663769,0.9918169012712061
Kraken2,default,Kraken2_default,ZymoMockD6331,ZymoMockD6331,pacbio,SRR13128013,801,801,                    Symbiopectobacterium,Symbiopectobacterium,genus,3.609022990559157e-05,abund,0.0,1,0,3.6387996473275384e-05,0.9918169012712061
Kraken2,default,Kraken2_default,ZymoMockD6331,ZymoMockD6331,pacbio,SRR13128013,1302410,1302410,                    Candidatus Annandia,Candidatus Annandia,genus,3.609022990559157e-05,abund,0.0,1,0,3.6387996473275384e-05,0.9918169012712061
Kraken2,default,Kraken2_default,ZymoMockD6331,ZymoMockD6331,pacbio,SRR13128013,1906657,1906657,                    Candidatus Doolittlea,Candidatus Doolittlea,genus,3.609022990559157e-05,abund,0.0,1,0,3.6387996473275384e-05,0.9918169012712061
Kraken2,default,Kraken2_default,ZymoMockD6331,ZymoMockD6331,pacbio,SRR13128013,2303321,2303321,                Superficieibacter,Superficieibacter,genus,0.00025263160933914095,abund,0.0,7,0,0.00025471597531292767,0.9918169012712061
Kraken2,default,Kraken2_default,ZymoMockD6331,ZymoMockD6331,pacbio,SRR13128013,1330546,1330546,                Pluralibacter,Pluralibacter,genus,0.00025263160933914095,abund,0.0,7,0,0.00025471597531292767,0.9918169012712061
Kraken2,default,Kraken2_default,ZymoMockD6331,ZymoMockD6331,pacbio,SRR13128013,158483,158483,                Cedecea,Cedecea,genus,0.00025263160933914095,abund,0.0,7,2,0.00025471597531292767,0.9918169012712061
Kraken2,default,Kraken2_default,ZymoMockD6331,ZymoMockD6331,pacbio,SRR13128013,1330545,1330545,                Lelliottia,Lelliottia,genus,0.0002165413794335494,abund,0.0,6,1,0.00021832797883965228,0.9918169012712061
Kraken2,default,Kraken2_default,ZymoMockD6331,ZymoMockD6331,pacbio,SRR13128013,1903434,1903434,                Atlantibacter,Atlantibacter,genus,0.00018045114952795784,abund,0.0,5,0,0.0001819399823663769,0.9918169012712061
Kraken2,default,Kraken2_default,ZymoMockD6331,ZymoMockD6331,pacbio,SRR13128013,447792,447792,                Phytobacter,Phytobacter,genus,0.00014436091962236627,abund,0.0,4,2,0.00014555198589310154,0.9918169012712061
Kraken2,default,Kraken2_default,ZymoMockD6331,ZymoMockD6331,pacbio,SRR13128013,158876,158876,                Yokenella,Yokenella,genus,0.00014436091962236627,abund,0.0,4,0,0.00014555198589310154,0.9918169012712061
Kraken2,default,Kraken2_default,ZymoMockD6331,ZymoMockD6331,pacbio,SRR13128013,1177214,1177214,                Candidatus Profftia,Candidatus Profftia,genus,0.0001082706897167747,abund,0.0,3,0,0.00010916398941982614,0.9918169012712061
Kraken2,default,Kraken2_default,ZymoMockD6331,ZymoMockD6331,pacbio,SRR13128013,1649295,1649295,                Franconibacter,Franconibacter,genus,0.0001082706897167747,abund,0.0,3,0,0.00010916398941982614,0.9918169012712061
Kraken2,default,Kraken2_default,ZymoMockD6331,ZymoMockD6331,pacbio,SRR13128013,2726810,2726810,                Scandinavium,Scandinavium,genus,7.218045981118314e-05,abund,0.0,2,0,7.277599294655077e-05,0.9918169012712061
Kraken2,default,Kraken2_default,ZymoMockD6331,ZymoMockD6331,pacbio,SRR13128013,2055880,2055880,                Pseudescherichia,Pseudescherichia,genus,7.218045981118314e-05,abund,0.0,2,0,7.277599294655077e-05,0.9918169012712061
Kraken2,default,Kraken2_default,ZymoMockD6331,ZymoMockD6331,pacbio,SRR13128013,451512,451512,                Mangrovibacter,Mangrovibacter,genus,7.218045981118314e-05,abund,0.0,2,0,7.277599294655077e-05,0.9918169012712061
Kraken2,default,Kraken2_default,ZymoMockD6331,ZymoMockD6331,pacbio,SRR13128013,702,702,                Plesiomonas,Plesiomonas,genus,7.218045981118314e-05,abund,0.0,2,0,7.277599294655077e-05,0.9918169012712061
Kraken2,default,Kraken2_default,ZymoMockD6331,ZymoMockD6331,pacbio,SRR13128013,32199,32199,                Buchnera,Buchnera,genus,0.0005052632186782819,abund,0.0,14,0,0.0005094319506258553,0.9918169012712061
Kraken2,default,Kraken2_default,ZymoMockD6331,ZymoMockD6331,pacbio,SRR13128013,53335,53335,                Pantoea,Pantoea,genus,0.0003609022990559157,abund,0.0,10,0,0.0003638799647327538,0.9918169012712061
Kraken2,default,Kraken2_default,ZymoMockD6331,ZymoMockD6331,pacbio,SRR13128013,2100764,2100764,                Mixta,Mixta,genus,0.00018045114952795784,abund,0.0,5,0,0.0001819399823663769,0.9918169012712061
Kraken2,default,Kraken2_default,ZymoMockD6331,ZymoMockD6331,pacbio,SRR13128013,551,551,                Erwinia,Erwinia,genus,7.218045981118314e-05,abund,0.0,2,0,7.277599294655077e-05,0.9918169012712061
Kraken2,default,Kraken2_default,ZymoMockD6331,ZymoMockD6331,pacbio,SRR13128013,583,583,                Proteus,Proteus,genus,0.0003969925289615073,abund,0.0,11,6,0.0004002679612060292,0.9918169012712061
Kraken2,default,Kraken2_default,ZymoMockD6331,ZymoMockD6331,pacbio,SRR13128013,586,586,                Providencia,Providencia,genus,0.00018045114952795784,abund,0.0,5,1,0.0001819399823663769,0.9918169012712061
Kraken2,default,Kraken2_default,ZymoMockD6331,ZymoMockD6331,pacbio,SRR13128013,626,626,                Xenorhabdus,Xenorhabdus,genus,7.218045981118314e-05,abund,0.0,2,0,7.277599294655077e-05,0.9918169012712061
Kraken2,default,Kraken2_default,ZymoMockD6331,ZymoMockD6331,pacbio,SRR13128013,637,637,                Arsenophonus,Arsenophonus,genus,7.218045981118314e-05,abund,0.0,2,2,7.277599294655077e-05,0.9918169012712061
Kraken2,default,Kraken2_default,ZymoMockD6331,ZymoMockD6331,pacbio,SRR13128013,581,581,                Morganella,Morganella,genus,3.609022990559157e-05,abund,0.0,1,0,3.6387996473275384e-05,0.9918169012712061
Kraken2,default,Kraken2_default,ZymoMockD6331,ZymoMockD6331,pacbio,SRR13128013,613,613,                Serratia,Serratia,genus,0.00014436091962236627,abund,0.0,4,3,0.00014555198589310154,0.9918169012712061
Kraken2,default,Kraken2_default,ZymoMockD6331,ZymoMockD6331,pacbio,SRR13128013,1565532,1565532,                Rouxiella,Rouxiella,genus,0.0001082706897167747,abund,0.0,3,0,0.00010916398941982614,0.9918169012712061
Kraken2,default,Kraken2_default,ZymoMockD6331,ZymoMockD6331,pacbio,SRR13128013,41201,41201,                Ewingella,Ewingella,genus,7.218045981118314e-05,abund,0.0,2,0,7.277599294655077e-05,0.9918169012712061
Kraken2,default,Kraken2_default,ZymoMockD6331,ZymoMockD6331,pacbio,SRR13128013,1745211,1745211,                Chania,Chania,genus,7.218045981118314e-05,abund,0.0,2,0,7.277599294655077e-05,0.9918169012712061
Kraken2,default,Kraken2_default,ZymoMockD6331,ZymoMockD6331,pacbio,SRR13128013,204037,204037,                Dickeya,Dickeya,genus,0.00018045114952795784,abund,0.0,5,4,0.0001819399823663769,0.9918169012712061
Kraken2,default,Kraken2_default,ZymoMockD6331,ZymoMockD6331,pacbio,SRR13128013,122277,122277,                Pectobacterium,Pectobacterium,genus,0.0001082706897167747,abund,0.0,3,3,0.00010916398941982614,0.9918169012712061
Kraken2,default,Kraken2_default,ZymoMockD6331,ZymoMockD6331,pacbio,SRR13128013,84565,84565,                Sodalis,Sodalis,genus,0.00014436091962236627,abund,0.0,4,4,0.00014555198589310154,0.9918169012712061
Kraken2,default,Kraken2_default,ZymoMockD6331,ZymoMockD6331,pacbio,SRR13128013,568,568,                Hafnia,Hafnia,genus,7.218045981118314e-05,abund,0.0,2,0,7.277599294655077e-05,0.9918169012712061
Kraken2,default,Kraken2_default,ZymoMockD6331,ZymoMockD6331,pacbio,SRR13128013,82980,82980,                Leminorella,Leminorella,genus,3.609022990559157e-05,abund,0.0,1,0,3.6387996473275384e-05,0.9918169012712061
Kraken2,default,Kraken2_default,ZymoMockD6331,ZymoMockD6331,pacbio,SRR13128013,22,22,                Shewanella,Shewanella,genus,0.0008661655177341976,abund,0.0,24,2,0.0008733119153586091,0.9918169012712061
Kraken2,default,Kraken2_default,ZymoMockD6331,ZymoMockD6331,pacbio,SRR13128013,53246,53246,                Pseudoalteromonas,Pseudoalteromonas,genus,0.0004691729887726904,abund,0.0,13,0,0.00047304395415258006,0.9918169012712061
Kraken2,default,Kraken2_default,ZymoMockD6331,ZymoMockD6331,pacbio,SRR13128013,1621534,1621534,                Paraglaciecola,Paraglaciecola,genus,0.00018045114952795784,abund,0.0,5,0,0.0001819399823663769,0.9918169012712061
Kraken2,default,Kraken2_default,ZymoMockD6331,ZymoMockD6331,pacbio,SRR13128013,1858563,1858563,                Alkalimarinus,Alkalimarinus,genus,0.0001082706897167747,abund,0.0,3,0,0.00010916398941982614,0.9918169012712061
Kraken2,default,Kraken2_default,ZymoMockD6331,ZymoMockD6331,pacbio,SRR13128013,2108524,2108524,                Halioxenophilus,Halioxenophilus,genus,0.0001082706897167747,abund,0.0,3,0,0.00010916398941982614,0.9918169012712061
Kraken2,default,Kraken2_default,ZymoMockD6331,ZymoMockD6331,pacbio,SRR13128013,226,226,                  Alteromonas,Alteromonas,genus,3.609022990559157e-05,abund,0.0,1,0,3.6387996473275384e-05,0.9918169012712061
Kraken2,default,Kraken2_default,ZymoMockD6331,ZymoMockD6331,pacbio,SRR13128013,28228,28228,                Colwellia,Colwellia,genus,0.0002165413794335494,abund,0.0,6,0,0.00021832797883965228,0.9918169012712061
Kraken2,default,Kraken2_default,ZymoMockD6331,ZymoMockD6331,pacbio,SRR13128013,1518149,1518149,                Thalassotalea,Thalassotalea,genus,7.218045981118314e-05,abund,0.0,2,0,7.277599294655077e-05,0.9918169012712061
Kraken2,default,Kraken2_default,ZymoMockD6331,ZymoMockD6331,pacbio,SRR13128013,58050,58050,                Moritella,Moritella,genus,0.0001082706897167747,abund,0.0,3,0,0.00010916398941982614,0.9918169012712061
Kraken2,default,Kraken2_default,ZymoMockD6331,ZymoMockD6331,pacbio,SRR13128013,2800384,2800384,                Pseudidiomarina,Pseudidiomarina,genus,3.609022990559157e-05,abund,0.0,1,0,3.6387996473275384e-05,0.9918169012712061
Kraken2,default,Kraken2_default,ZymoMockD6331,ZymoMockD6331,pacbio,SRR13128013,67572,67572,                Psychromonas,Psychromonas,genus,3.609022990559157e-05,abund,0.0,1,0,3.6387996473275384e-05,0.9918169012712061
Kraken2,default,Kraken2_default,ZymoMockD6331,ZymoMockD6331,pacbio,SRR13128013,662,662,                Vibrio,Vibrio,genus,0.0015879701158460291,abund,0.0,44,3,0.0016010718448241168,0.9918169012712061
Kraken2,default,Kraken2_default,ZymoMockD6331,ZymoMockD6331,pacbio,SRR13128013,657,657,                Photobacterium,Photobacterium,genus,0.0002165413794335494,abund,0.0,6,1,0.00021832797883965228,0.9918169012712061
Kraken2,default,Kraken2_default,ZymoMockD6331,ZymoMockD6331,pacbio,SRR13128013,511678,511678,                Aliivibrio,Aliivibrio,genus,7.218045981118314e-05,abund,0.0,2,0,7.277599294655077e-05,0.9918169012712061
Kraken2,default,Kraken2_default,ZymoMockD6331,ZymoMockD6331,pacbio,SRR13128013,286,286,                Pseudomonas,Pseudomonas,genus,0.0011909775868845216,abund,0.0,33,11,0.0012008038836180876,0.9918169012712061
Kraken2,default,Kraken2_default,ZymoMockD6331,ZymoMockD6331,pacbio,SRR13128013,3236656,3236656,                Metapseudomonas,Metapseudomonas,genus,0.00018045114952795784,abund,0.0,5,0,0.0001819399823663769,0.9918169012712061
Kraken2,default,Kraken2_default,ZymoMockD6331,ZymoMockD6331,pacbio,SRR13128013,1654787,1654787,                Thiopseudomonas,Thiopseudomonas,genus,3.609022990559157e-05,abund,0.0,1,0,3.6387996473275384e-05,0.9918169012712061
Kraken2,default,Kraken2_default,ZymoMockD6331,ZymoMockD6331,pacbio,SRR13128013,2901164,2901164,                Stutzerimonas,Stutzerimonas,genus,3.609022990559157e-05,abund,0.0,1,0,3.6387996473275384e-05,0.9918169012712061
Kraken2,default,Kraken2_default,ZymoMockD6331,ZymoMockD6331,pacbio,SRR13128013,469,469,                Acinetobacter,Acinetobacter,genus,0.0009744362074509723,abund,0.0,27,8,0.0009824759047784353,0.9918169012712061
Kraken2,default,Kraken2_default,ZymoMockD6331,ZymoMockD6331,pacbio,SRR13128013,497,497,                Psychrobacter,Psychrobacter,genus,0.0005052632186782819,abund,0.0,14,0,0.0005094319506258553,0.9918169012712061
Kraken2,default,Kraken2_default,ZymoMockD6331,ZymoMockD6331,pacbio,SRR13128013,445,445,                Legionella,Legionella,genus,0.0007578948280174229,abund,0.0,21,0,0.000764147925938783,0.9918169012712061
Kraken2,default,Kraken2_default,ZymoMockD6331,ZymoMockD6331,pacbio,SRR13128013,59195,59195,                Rickettsiella,Rickettsiella,genus,3.609022990559157e-05,abund,0.0,1,0,3.6387996473275384e-05,0.9918169012712061
Kraken2,default,Kraken2_default,ZymoMockD6331,ZymoMockD6331,pacbio,SRR13128013,114185,114185,                  Candidatus Carsonella,Candidatus Carsonella,genus,0.0002165413794335494,abund,0.0,6,0,0.00021832797883965228,0.9918169012712061
Kraken2,default,Kraken2_default,ZymoMockD6331,ZymoMockD6331,pacbio,SRR13128013,3137766,3137766,                Vreelandella,Vreelandella,genus,0.0001082706897167747,abund,0.0,3,0,0.00010916398941982614,0.9918169012712061
Kraken2,default,Kraken2_default,ZymoMockD6331,ZymoMockD6331,pacbio,SRR13128013,459520,459520,                Neptuniibacter,Neptuniibacter,genus,7.218045981118314e-05,abund,0.0,2,0,7.277599294655077e-05,0.9918169012712061
Kraken2,default,Kraken2_default,ZymoMockD6331,ZymoMockD6331,pacbio,SRR13128013,187492,187492,                Thalassolituus,Thalassolituus,genus,3.609022990559157e-05,abund,0.0,1,0,3.6387996473275384e-05,0.9918169012712061
Kraken2,default,Kraken2_default,ZymoMockD6331,ZymoMockD6331,pacbio,SRR13128013,2893036,2893036,                Venatoribacter,Venatoribacter,genus,3.609022990559157e-05,abund,0.0,1,0,3.6387996473275384e-05,0.9918169012712061
Kraken2,default,Kraken2_default,ZymoMockD6331,ZymoMockD6331,pacbio,SRR13128013,59753,59753,                Alcanivorax,Alcanivorax,genus,7.218045981118314e-05,abund,0.0,2,0,7.277599294655077e-05,0.9918169012712061
Kraken2,default,Kraken2_default,ZymoMockD6331,ZymoMockD6331,pacbio,SRR13128013,305899,305899,                Endozoicomonas,Endozoicomonas,genus,3.609022990559157e-05,abund,0.0,1,0,3.6387996473275384e-05,0.9918169012712061
Kraken2,default,Kraken2_default,ZymoMockD6331,ZymoMockD6331,pacbio,SRR13128013,2768738,2768738,                Spartinivicinus,Spartinivicinus,genus,3.609022990559157e-05,abund,0.0,1,0,3.6387996473275384e-05,0.9918169012712061
Kraken2,default,Kraken2_default,ZymoMockD6331,ZymoMockD6331,pacbio,SRR13128013,2039723,2039723,                Thiomicrorhabdus,Thiomicrorhabdus,genus,0.0002165413794335494,abund,0.0,6,0,0.00021832797883965228,0.9918169012712061
Kraken2,default,Kraken2_default,ZymoMockD6331,ZymoMockD6331,pacbio,SRR13128013,933,933,                Thiomicrospira,Thiomicrospira,genus,3.609022990559157e-05,abund,0.0,1,0,3.6387996473275384e-05,0.9918169012712061
Kraken2,default,Kraken2_default,ZymoMockD6331,ZymoMockD6331,pacbio,SRR13128013,2781121,2781121,                Thiosulfatimonas,Thiosulfatimonas,genus,3.609022990559157e-05,abund,0.0,1,0,3.6387996473275384e-05,0.9918169012712061
Kraken2,default,Kraken2_default,ZymoMockD6331,ZymoMockD6331,pacbio,SRR13128013,262,262,                Francisella,Francisella,genus,0.00014436091962236627,abund,0.0,4,0,0.00014555198589310154,0.9918169012712061
Kraken2,default,Kraken2_default,ZymoMockD6331,ZymoMockD6331,pacbio,SRR13128013,1021,1021,                Beggiatoa,Beggiatoa,genus,3.609022990559157e-05,abund,0.0,1,0,3.6387996473275384e-05,0.9918169012712061
Kraken2,default,Kraken2_default,ZymoMockD6331,ZymoMockD6331,pacbio,SRR13128013,48073,48073,                Microbulbifer,Microbulbifer,genus,0.00028872183924473255,abund,0.0,8,0,0.00029110397178620307,0.9918169012712061
Kraken2,default,Kraken2_default,ZymoMockD6331,ZymoMockD6331,pacbio,SRR13128013,2425,2425,                Teredinibacter,Teredinibacter,genus,0.0001082706897167747,abund,0.0,3,0,0.00010916398941982614,0.9918169012712061
Kraken2,default,Kraken2_default,ZymoMockD6331,ZymoMockD6331,pacbio,SRR13128013,630749,630749,                Spongiibacter,Spongiibacter,genus,7.218045981118314e-05,abund,0.0,2,0,7.277599294655077e-05,0.9918169012712061
Kraken2,default,Kraken2_default,ZymoMockD6331,ZymoMockD6331,pacbio,SRR13128013,1056,1056,                Thiocapsa,Thiocapsa,genus,0.00014436091962236627,abund,0.0,4,0,0.00014555198589310154,0.9918169012712061
Kraken2,default,Kraken2_default,ZymoMockD6331,ZymoMockD6331,pacbio,SRR13128013,67575,67575,                Rheinheimera,Rheinheimera,genus,7.218045981118314e-05,abund,0.0,2,0,7.277599294655077e-05,0.9918169012712061
Kraken2,default,Kraken2_default,ZymoMockD6331,ZymoMockD6331,pacbio,SRR13128013,156885,156885,                Thioflavicoccus,Thioflavicoccus,genus,7.218045981118314e-05,abund,0.0,2,0,7.277599294655077e-05,0.9918169012712061
Kraken2,default,Kraken2_default,ZymoMockD6331,ZymoMockD6331,pacbio,SRR13128013,724,724,                Haemophilus,Haemophilus,genus,0.0001082706897167747,abund,0.0,3,0,0.00010916398941982614,0.9918169012712061
Kraken2,default,Kraken2_default,ZymoMockD6331,ZymoMockD6331,pacbio,SRR13128013,745,745,                Pasteurella,Pasteurella,genus,3.609022990559157e-05,abund,0.0,1,0,3.6387996473275384e-05,0.9918169012712061
Kraken2,default,Kraken2_default,ZymoMockD6331,ZymoMockD6331,pacbio,SRR13128013,713,713,                Actinobacillus,Actinobacillus,genus,3.609022990559157e-05,abund,0.0,1,0,3.6387996473275384e-05,0.9918169012712061
Kraken2,default,Kraken2_default,ZymoMockD6331,ZymoMockD6331,pacbio,SRR13128013,75984,75984,                Mannheimia,Mannheimia,genus,3.609022990559157e-05,abund,0.0,1,0,3.6387996473275384e-05,0.9918169012712061
Kraken2,default,Kraken2_default,ZymoMockD6331,ZymoMockD6331,pacbio,SRR13128013,214906,214906,                Histophilus,Histophilus,genus,3.609022990559157e-05,abund,0.0,1,0,3.6387996473275384e-05,0.9918169012712061
Kraken2,default,Kraken2_default,ZymoMockD6331,ZymoMockD6331,pacbio,SRR13128013,1193503,1193503,                Gilliamella,Gilliamella,genus,7.218045981118314e-05,abund,0.0,2,0,7.277599294655077e-05,0.9918169012712061
Kraken2,default,Kraken2_default,ZymoMockD6331,ZymoMockD6331,pacbio,SRR13128013,1335631,1335631,                Frischella,Frischella,genus,3.609022990559157e-05,abund,0.0,1,0,3.6387996473275384e-05,0.9918169012712061
Kraken2,default,Kraken2_default,ZymoMockD6331,ZymoMockD6331,pacbio,SRR13128013,338,338,                Xanthomonas,Xanthomonas,genus,3.609022990559157e-05,abund,0.0,1,0,3.6387996473275384e-05,0.9918169012712061
Kraken2,default,Kraken2_default,ZymoMockD6331,ZymoMockD6331,pacbio,SRR13128013,40323,40323,                Stenotrophomonas,Stenotrophomonas,genus,3.609022990559157e-05,abund,0.0,1,0,3.6387996473275384e-05,0.9918169012712061
Kraken2,default,Kraken2_default,ZymoMockD6331,ZymoMockD6331,pacbio,SRR13128013,1760987,1760987,                Methylomagnum,Methylomagnum,genus,3.609022990559157e-05,abund,0.0,1,0,3.6387996473275384e-05,0.9918169012712061
Kraken2,default,Kraken2_default,ZymoMockD6331,ZymoMockD6331,pacbio,SRR13128013,32008,32008,                Burkholderia,Burkholderia,genus,0.01151278333988371,abund,0.01,319,0,0.011607770874974846,0.9918169012712061
Kraken2,default,Kraken2_default,ZymoMockD6331,ZymoMockD6331,pacbio,SRR13128013,44013,44013,                Polynucleobacter,Polynucleobacter,genus,0.0001082706897167747,abund,0.0,3,1,0.00010916398941982614,0.9918169012712061
Kraken2,default,Kraken2_default,ZymoMockD6331,ZymoMockD6331,pacbio,SRR13128013,1822464,1822464,                Paraburkholderia,Paraburkholderia,genus,7.218045981118314e-05,abund,0.0,2,0,7.277599294655077e-05,0.9918169012712061
Kraken2,default,Kraken2_default,ZymoMockD6331,ZymoMockD6331,pacbio,SRR13128013,1827195,1827195,                Caballeronia,Caballeronia,genus,7.218045981118314e-05,abund,0.0,2,0,7.277599294655077e-05,0.9918169012712061
Kraken2,default,Kraken2_default,ZymoMockD6331,ZymoMockD6331,pacbio,SRR13128013,48736,48736,                Ralstonia,Ralstonia,genus,3.609022990559157e-05,abund,0.0,1,0,3.6387996473275384e-05,0.9918169012712061
Kraken2,default,Kraken2_default,ZymoMockD6331,ZymoMockD6331,pacbio,SRR13128013,106589,106589,                Cupriavidus,Cupriavidus,genus,3.609022990559157e-05,abund,0.0,1,0,3.6387996473275384e-05,0.9918169012712061
Kraken2,default,Kraken2_default,ZymoMockD6331,ZymoMockD6331,pacbio,SRR13128013,401469,401469,                Undibacterium,Undibacterium,genus,7.218045981118314e-05,abund,0.0,2,0,7.277599294655077e-05,0.9918169012712061
Kraken2,default,Kraken2_default,ZymoMockD6331,ZymoMockD6331,pacbio,SRR13128013,149698,149698,                  Massilia,Massilia,genus,3.609022990559157e-05,abund,0.0,1,0,3.6387996473275384e-05,0.9918169012712061
Kraken2,default,Kraken2_default,ZymoMockD6331,ZymoMockD6331,pacbio,SRR13128013,1522432,1522432,                  Pseudoduganella,Pseudoduganella,genus,3.609022990559157e-05,abund,0.0,1,0,3.6387996473275384e-05,0.9918169012712061
Kraken2,default,Kraken2_default,ZymoMockD6331,ZymoMockD6331,pacbio,SRR13128013,517,517,                Bordetella,Bordetella,genus,3.609022990559157e-05,abund,0.0,1,0,3.6387996473275384e-05,0.9918169012712061
Kraken2,default,Kraken2_default,ZymoMockD6331,ZymoMockD6331,pacbio,SRR13128013,1921582,1921582,                Orrella,Orrella,genus,3.609022990559157e-05,abund,0.0,1,0,3.6387996473275384e-05,0.9918169012712061
Kraken2,default,Kraken2_default,ZymoMockD6331,ZymoMockD6331,pacbio,SRR13128013,106146,106146,                Pelistega,Pelistega,genus,3.609022990559157e-05,abund,0.0,1,0,3.6387996473275384e-05,0.9918169012712061
Kraken2,default,Kraken2_default,ZymoMockD6331,ZymoMockD6331,pacbio,SRR13128013,34072,34072,                Variovorax,Variovorax,genus,3.609022990559157e-05,abund,0.0,1,0,3.6387996473275384e-05,0.9918169012712061
Kraken2,default,Kraken2_default,ZymoMockD6331,ZymoMockD6331,pacbio,SRR13128013,80865,80865,                Delftia,Delftia,genus,3.609022990559157e-05,abund,0.0,1,0,3.6387996473275384e-05,0.9918169012712061
Kraken2,default,Kraken2_default,ZymoMockD6331,ZymoMockD6331,pacbio,SRR13128013,1114981,1114981,                Piscinibacter,Piscinibacter,genus,7.218045981118314e-05,abund,0.0,2,0,7.277599294655077e-05,0.9918169012712061
Kraken2,default,Kraken2_default,ZymoMockD6331,ZymoMockD6331,pacbio,SRR13128013,482,482,                Neisseria,Neisseria,genus,0.0003248120691503241,abund,0.0,9,0,0.0003274919682594784,0.9918169012712061
Kraken2,default,Kraken2_default,ZymoMockD6331,ZymoMockD6331,pacbio,SRR13128013,71,71,                Simonsiella,Simonsiella,genus,7.218045981118314e-05,abund,0.0,2,0,7.277599294655077e-05,0.9918169012712061
Kraken2,default,Kraken2_default,ZymoMockD6331,ZymoMockD6331,pacbio,SRR13128013,535,535,                Chromobacterium,Chromobacterium,genus,7.218045981118314e-05,abund,0.0,2,0,7.277599294655077e-05,0.9918169012712061
Kraken2,default,Kraken2_default,ZymoMockD6331,ZymoMockD6331,pacbio,SRR13128013,230666,230666,                Chitinibacter,Chitinibacter,genus,7.218045981118314e-05,abund,0.0,2,0,7.277599294655077e-05,0.9918169012712061
Kraken2,default,Kraken2_default,ZymoMockD6331,ZymoMockD6331,pacbio,SRR13128013,1679002,1679002,                Candidatus Methylopumilus,Candidatus Methylopumilus,genus,3.609022990559157e-05,abund,0.0,1,0,3.6387996473275384e-05,0.9918169012712061
Kraken2,default,Kraken2_default,ZymoMockD6331,ZymoMockD6331,pacbio,SRR13128013,374,374,                Bradyrhizobium,Bradyrhizobium,genus,0.0003969925289615073,abund,0.0,11,2,0.0004002679612060292,0.9918169012712061
Kraken2,default,Kraken2_default,ZymoMockD6331,ZymoMockD6331,pacbio,SRR13128013,1395974,1395974,                Tardiphaga,Tardiphaga,genus,7.218045981118314e-05,abund,0.0,2,0,7.277599294655077e-05,0.9918169012712061
Kraken2,default,Kraken2_default,ZymoMockD6331,ZymoMockD6331,pacbio,SRR13128013,773,773,                Bartonella,Bartonella,genus,0.00028872183924473255,abund,0.0,8,0,0.00029110397178620307,0.9918169012712061
Kraken2,default,Kraken2_default,ZymoMockD6331,ZymoMockD6331,pacbio,SRR13128013,1903858,1903858,                  Pseudorhizobium,Pseudorhizobium,genus,7.218045981118314e-05,abund,0.0,2,0,7.277599294655077e-05,0.9918169012712061
Kraken2,default,Kraken2_default,ZymoMockD6331,ZymoMockD6331,pacbio,SRR13128013,357,357,                  Agrobacterium,Agrobacterium,genus,3.609022990559157e-05,abund,0.0,1,0,3.6387996473275384e-05,0.9918169012712061
Kraken2,default,Kraken2_default,ZymoMockD6331,ZymoMockD6331,pacbio,SRR13128013,379,379,                  Rhizobium,Rhizobium,genus,3.609022990559157e-05,abund,0.0,1,0,3.6387996473275384e-05,0.9918169012712061
Kraken2,default,Kraken2_default,ZymoMockD6331,ZymoMockD6331,pacbio,SRR13128013,1612611,1612611,                  Pararhizobium,Pararhizobium,genus,3.609022990559157e-05,abund,0.0,1,0,3.6387996473275384e-05,0.9918169012712061
Kraken2,default,Kraken2_default,ZymoMockD6331,ZymoMockD6331,pacbio,SRR13128013,274591,274591,                Hoeflea,Hoeflea,genus,3.609022990559157e-05,abund,0.0,1,0,3.6387996473275384e-05,0.9918169012712061
Kraken2,default,Kraken2_default,ZymoMockD6331,ZymoMockD6331,pacbio,SRR13128013,407,407,                Methylobacterium,Methylobacterium,genus,0.00014436091962236627,abund,0.0,4,1,0.00014555198589310154,0.9918169012712061
Kraken2,default,Kraken2_default,ZymoMockD6331,ZymoMockD6331,pacbio,SRR13128013,186650,186650,                Microvirga,Microvirga,genus,3.609022990559157e-05,abund,0.0,1,0,3.6387996473275384e-05,0.9918169012712061
Kraken2,default,Kraken2_default,ZymoMockD6331,ZymoMockD6331,pacbio,SRR13128013,150830,150830,                Roseibium,Roseibium,genus,0.0001082706897167747,abund,0.0,3,0,0.00010916398941982614,0.9918169012712061
Kraken2,default,Kraken2_default,ZymoMockD6331,ZymoMockD6331,pacbio,SRR13128013,133,133,                Methylocystis,Methylocystis,genus,7.218045981118314e-05,abund,0.0,2,0,7.277599294655077e-05,0.9918169012712061
Kraken2,default,Kraken2_default,ZymoMockD6331,ZymoMockD6331,pacbio,SRR13128013,85413,85413,                Bosea,Bosea,genus,7.218045981118314e-05,abund,0.0,2,0,7.277599294655077e-05,0.9918169012712061
Kraken2,default,Kraken2_default,ZymoMockD6331,ZymoMockD6331,pacbio,SRR13128013,68287,68287,                Mesorhizobium,Mesorhizobium,genus,7.218045981118314e-05,abund,0.0,2,0,7.277599294655077e-05,0.9918169012712061
Kraken2,default,Kraken2_default,ZymoMockD6331,ZymoMockD6331,pacbio,SRR13128013,354349,354349,                Pseudochrobactrum,Pseudochrobactrum,genus,3.609022990559157e-05,abund,0.0,1,0,3.6387996473275384e-05,0.9918169012712061
Kraken2,default,Kraken2_default,ZymoMockD6331,ZymoMockD6331,pacbio,SRR13128013,46913,46913,                Devosia,Devosia,genus,3.609022990559157e-05,abund,0.0,1,0,3.6387996473275384e-05,0.9918169012712061
Kraken2,default,Kraken2_default,ZymoMockD6331,ZymoMockD6331,pacbio,SRR13128013,780,780,                  Rickettsia,Rickettsia,genus,7.218045981118314e-05,abund,0.0,2,0,7.277599294655077e-05,0.9918169012712061
Kraken2,default,Kraken2_default,ZymoMockD6331,ZymoMockD6331,pacbio,SRR13128013,2996317,2996317,                  Candidatus Tisiphia,Candidatus Tisiphia,genus,7.218045981118314e-05,abund,0.0,2,0,7.277599294655077e-05,0.9918169012712061
Kraken2,default,Kraken2_default,ZymoMockD6331,ZymoMockD6331,pacbio,SRR13128013,1742636,1742636,                Candidatus Megaera,Candidatus Megaera,genus,3.609022990559157e-05,abund,0.0,1,0,3.6387996473275384e-05,0.9918169012712061
Kraken2,default,Kraken2_default,ZymoMockD6331,ZymoMockD6331,pacbio,SRR13128013,953,953,                  Wolbachia,Wolbachia,genus,3.609022990559157e-05,abund,0.0,1,0,3.6387996473275384e-05,0.9918169012712061
Kraken2,default,Kraken2_default,ZymoMockD6331,ZymoMockD6331,pacbio,SRR13128013,1081,1081,                Rhodospirillum,Rhodospirillum,genus,0.00014436091962236627,abund,0.0,4,0,0.00014555198589310154,0.9918169012712061
Kraken2,default,Kraken2_default,ZymoMockD6331,ZymoMockD6331,pacbio,SRR13128013,1263978,1263978,                Candidatus Endolissoclinum,Candidatus Endolissoclinum,genus,3.609022990559157e-05,abund,0.0,1,0,3.6387996473275384e-05,0.9918169012712061
Kraken2,default,Kraken2_default,ZymoMockD6331,ZymoMockD6331,pacbio,SRR13128013,168934,168934,                Thalassospira,Thalassospira,genus,0.00014436091962236627,abund,0.0,4,0,0.00014555198589310154,0.9918169012712061
Kraken2,default,Kraken2_default,ZymoMockD6331,ZymoMockD6331,pacbio,SRR13128013,1284657,1284657,                Planktomarina,Planktomarina,genus,7.218045981118314e-05,abund,0.0,2,0,7.277599294655077e-05,0.9918169012712061
Kraken2,default,Kraken2_default,ZymoMockD6331,ZymoMockD6331,pacbio,SRR13128013,34008,34008,                Rhodovulum,Rhodovulum,genus,3.609022990559157e-05,abund,0.0,1,0,3.6387996473275384e-05,0.9918169012712061
Kraken2,default,Kraken2_default,ZymoMockD6331,ZymoMockD6331,pacbio,SRR13128013,2680018,2680018,                Rhodophyticola,Rhodophyticola,genus,3.609022990559157e-05,abund,0.0,1,0,3.6387996473275384e-05,0.9918169012712061
Kraken2,default,Kraken2_default,ZymoMockD6331,ZymoMockD6331,pacbio,SRR13128013,2778525,2778525,                Profundibacter,Profundibacter,genus,3.609022990559157e-05,abund,0.0,1,0,3.6387996473275384e-05,0.9918169012712061
Kraken2,default,Kraken2_default,ZymoMockD6331,ZymoMockD6331,pacbio,SRR13128013,983507,983507,                Ponticoccus,Ponticoccus,genus,3.609022990559157e-05,abund,0.0,1,0,3.6387996473275384e-05,0.9918169012712061
Kraken2,default,Kraken2_default,ZymoMockD6331,ZymoMockD6331,pacbio,SRR13128013,13687,13687,                Sphingomonas,Sphingomonas,genus,0.0001082706897167747,abund,0.0,3,0,0.00010916398941982614,0.9918169012712061
Kraken2,default,Kraken2_default,ZymoMockD6331,ZymoMockD6331,pacbio,SRR13128013,165696,165696,                Novosphingobium,Novosphingobium,genus,3.609022990559157e-05,abund,0.0,1,0,3.6387996473275384e-05,0.9918169012712061
Kraken2,default,Kraken2_default,ZymoMockD6331,ZymoMockD6331,pacbio,SRR13128013,361177,361177,                Altererythrobacter,Altererythrobacter,genus,7.218045981118314e-05,abund,0.0,2,0,7.277599294655077e-05,0.9918169012712061
Kraken2,default,Kraken2_default,ZymoMockD6331,ZymoMockD6331,pacbio,SRR13128013,75,75,                Caulobacter,Caulobacter,genus,7.218045981118314e-05,abund,0.0,2,0,7.277599294655077e-05,0.9918169012712061
Kraken2,default,Kraken2_default,ZymoMockD6331,ZymoMockD6331,pacbio,SRR13128013,76890,76890,                Asticcacaulis,Asticcacaulis,genus,3.609022990559157e-05,abund,0.0,1,0,3.6387996473275384e-05,0.9918169012712061
Kraken2,default,Kraken2_default,ZymoMockD6331,ZymoMockD6331,pacbio,SRR13128013,2601651,2601651,                Candidatus Nesciobacter,Candidatus Nesciobacter,genus,3.609022990559157e-05,abund,0.0,1,0,3.6387996473275384e-05,0.9918169012712061
Kraken2,default,Kraken2_default,ZymoMockD6331,ZymoMockD6331,pacbio,SRR13128013,2900571,2900571,                Candidatus Gromoviella,Candidatus Gromoviella,genus,3.609022990559157e-05,abund,0.0,1,0,3.6387996473275384e-05,0.9918169012712061
Kraken2,default,Kraken2_default,ZymoMockD6331,ZymoMockD6331,pacbio,SRR13128013,1079922,1079922,                Commensalibacter,Commensalibacter,genus,3.609022990559157e-05,abund,0.0,1,0,3.6387996473275384e-05,0.9918169012712061
Kraken2,default,Kraken2_default,ZymoMockD6331,ZymoMockD6331,pacbio,SRR13128013,198251,198251,                Candidatus Pelagibacter,Candidatus Pelagibacter,genus,3.609022990559157e-05,abund,0.0,1,0,3.6387996473275384e-05,0.9918169012712061
Kraken2,default,Kraken2_default,ZymoMockD6331,ZymoMockD6331,pacbio,SRR13128013,239934,239934,                  Akkermansia,Akkermansia,genus,2.0367160344921547,abund,2.04,56434,51,2.053520192972823,0.9918169012712061
Kraken2,default,Kraken2_default,ZymoMockD6331,ZymoMockD6331,pacbio,SRR13128013,518755,518755,                  Roseibacillus,Roseibacillus,genus,3.609022990559157e-05,abund,0.0,1,0,3.6387996473275384e-05,0.9918169012712061
Kraken2,default,Kraken2_default,ZymoMockD6331,ZymoMockD6331,pacbio,SRR13128013,2691417,2691417,                  Lacipirellula,Lacipirellula,genus,0.0002165413794335494,abund,0.0,6,0,0.00021832797883965228,0.9918169012712061
Kraken2,default,Kraken2_default,ZymoMockD6331,ZymoMockD6331,pacbio,SRR13128013,2795973,2795973,                  Stieleria,Stieleria,genus,7.218045981118314e-05,abund,0.0,2,0,7.277599294655077e-05,0.9918169012712061
Kraken2,default,Kraken2_default,ZymoMockD6331,ZymoMockD6331,pacbio,SRR13128013,2795779,2795779,                  Rosistilla,Rosistilla,genus,3.609022990559157e-05,abund,0.0,1,0,3.6387996473275384e-05,0.9918169012712061
Kraken2,default,Kraken2_default,ZymoMockD6331,ZymoMockD6331,pacbio,SRR13128013,656899,656899,                  Schlesneria,Schlesneria,genus,0.0001082706897167747,abund,0.0,3,0,0.00010916398941982614,0.9918169012712061
Kraken2,default,Kraken2_default,ZymoMockD6331,ZymoMockD6331,pacbio,SRR13128013,2795776,2795776,                  Calycomorphotria,Calycomorphotria,genus,3.609022990559157e-05,abund,0.0,1,0,3.6387996473275384e-05,0.9918169012712061
Kraken2,default,Kraken2_default,ZymoMockD6331,ZymoMockD6331,pacbio,SRR13128013,2807415,2807415,                  Urbifossiella,Urbifossiella,genus,3.609022990559157e-05,abund,0.0,1,0,3.6387996473275384e-05,0.9918169012712061
Kraken2,default,Kraken2_default,ZymoMockD6331,ZymoMockD6331,pacbio,SRR13128013,2483368,2483368,                  Sedimentisphaera,Sedimentisphaera,genus,0.0001082706897167747,abund,0.0,3,0,0.00010916398941982614,0.9918169012712061
Kraken2,default,Kraken2_default,ZymoMockD6331,ZymoMockD6331,pacbio,SRR13128013,2897349,2897349,                  Candidatus Uabimicrobium,Candidatus Uabimicrobium,genus,3.609022990559157e-05,abund,0.0,1,0,3.6387996473275384e-05,0.9918169012712061
Kraken2,default,Kraken2_default,ZymoMockD6331,ZymoMockD6331,pacbio,SRR13128013,2907187,2907187,                  Tichowtungia,Tichowtungia,genus,3.609022990559157e-05,abund,0.0,1,0,3.6387996473275384e-05,0.9918169012712061
Kraken2,default,Kraken2_default,ZymoMockD6331,ZymoMockD6331,pacbio,SRR13128013,2321187,2321187,                Poseidonibacter,Poseidonibacter,genus,0.00018045114952795784,abund,0.0,5,0,0.0001819399823663769,0.9918169012712061
Kraken2,default,Kraken2_default,ZymoMockD6331,ZymoMockD6331,pacbio,SRR13128013,2321111,2321111,                Aliarcobacter,Aliarcobacter,genus,0.00014436091962236627,abund,0.0,4,3,0.00014555198589310154,0.9918169012712061
Kraken2,default,Kraken2_default,ZymoMockD6331,ZymoMockD6331,pacbio,SRR13128013,28196,28196,                Arcobacter,Arcobacter,genus,0.0001082706897167747,abund,0.0,3,1,0.00010916398941982614,0.9918169012712061
Kraken2,default,Kraken2_default,ZymoMockD6331,ZymoMockD6331,pacbio,SRR13128013,2321115,2321115,                Halarcobacter,Halarcobacter,genus,0.0001082706897167747,abund,0.0,3,0,0.00010916398941982614,0.9918169012712061
Kraken2,default,Kraken2_default,ZymoMockD6331,ZymoMockD6331,pacbio,SRR13128013,2321114,2321114,                Malaciobacter,Malaciobacter,genus,7.218045981118314e-05,abund,0.0,2,0,7.277599294655077e-05,0.9918169012712061
Kraken2,default,Kraken2_default,ZymoMockD6331,ZymoMockD6331,pacbio,SRR13128013,194,194,                Campylobacter,Campylobacter,genus,0.0005774436784894651,abund,0.0,16,0,0.0005822079435724061,0.9918169012712061
Kraken2,default,Kraken2_default,ZymoMockD6331,ZymoMockD6331,pacbio,SRR13128013,209,209,                Helicobacter,Helicobacter,genus,0.00018045114952795784,abund,0.0,5,0,0.0001819399823663769,0.9918169012712061
Kraken2,default,Kraken2_default,ZymoMockD6331,ZymoMockD6331,pacbio,SRR13128013,57665,57665,                Sulfurospirillum,Sulfurospirillum,genus,7.218045981118314e-05,abund,0.0,2,0,7.277599294655077e-05,0.9918169012712061
Kraken2,default,Kraken2_default,ZymoMockD6331,ZymoMockD6331,pacbio,SRR13128013,286130,286130,                Sulfuricurvum,Sulfuricurvum,genus,3.609022990559157e-05,abund,0.0,1,0,3.6387996473275384e-05,0.9918169012712061
Kraken2,default,Kraken2_default,ZymoMockD6331,ZymoMockD6331,pacbio,SRR13128013,269258,269258,                Nitratiruptor,Nitratiruptor,genus,0.00014436091962236627,abund,0.0,4,0,0.00014555198589310154,0.9918169012712061
Kraken2,default,Kraken2_default,ZymoMockD6331,ZymoMockD6331,pacbio,SRR13128013,2794998,2794998,                Maridesulfovibrio,Maridesulfovibrio,genus,0.00028872183924473255,abund,0.0,8,0,0.00029110397178620307,0.9918169012712061
Kraken2,default,Kraken2_default,ZymoMockD6331,ZymoMockD6331,pacbio,SRR13128013,45654,45654,                Desulfonema,Desulfonema,genus,0.00018045114952795784,abund,0.0,5,0,0.0001819399823663769,0.9918169012712061
Kraken2,default,Kraken2_default,ZymoMockD6331,ZymoMockD6331,pacbio,SRR13128013,2289,2289,                Desulfobacter,Desulfobacter,genus,7.218045981118314e-05,abund,0.0,2,0,7.277599294655077e-05,0.9918169012712061
Kraken2,default,Kraken2_default,ZymoMockD6331,ZymoMockD6331,pacbio,SRR13128013,157,157,                Treponema,Treponema,genus,0.00018045114952795784,abund,0.0,5,0,0.0001819399823663769,0.9918169012712061
Kraken2,default,Kraken2_default,ZymoMockD6331,ZymoMockD6331,pacbio,SRR13128013,138,138,                Borrelia,Borrelia,genus,7.218045981118314e-05,abund,0.0,2,1,7.277599294655077e-05,0.9918169012712061
Kraken2,default,Kraken2_default,ZymoMockD6331,ZymoMockD6331,pacbio,SRR13128013,64895,64895,                Borreliella,Borreliella,genus,3.609022990559157e-05,abund,0.0,1,1,3.6387996473275384e-05,0.9918169012712061
Kraken2,default,Kraken2_default,ZymoMockD6331,ZymoMockD6331,pacbio,SRR13128013,171,171,                Leptospira,Leptospira,genus,7.218045981118314e-05,abund,0.0,2,0,7.277599294655077e-05,0.9918169012712061
Kraken2,default,Kraken2_default,ZymoMockD6331,ZymoMockD6331,pacbio,SRR13128013,29521,29521,                Brachyspira,Brachyspira,genus,3.609022990559157e-05,abund,0.0,1,0,3.6387996473275384e-05,0.9918169012712061
Kraken2,default,Kraken2_default,ZymoMockD6331,ZymoMockD6331,pacbio,SRR13128013,958,958,                Bdellovibrio,Bdellovibrio,genus,0.00014436091962236627,abund,0.0,4,0,0.00014555198589310154,0.9918169012712061
Kraken2,default,Kraken2_default,ZymoMockD6331,ZymoMockD6331,pacbio,SRR13128013,2024975,2024975,                Silvanigrella,Silvanigrella,genus,3.609022990559157e-05,abund,0.0,1,0,3.6387996473275384e-05,0.9918169012712061
Kraken2,default,Kraken2_default,ZymoMockD6331,ZymoMockD6331,pacbio,SRR13128013,392733,392733,                Terriglobus,Terriglobus,genus,7.218045981118314e-05,abund,0.0,2,0,7.277599294655077e-05,0.9918169012712061
Kraken2,default,Kraken2_default,ZymoMockD6331,ZymoMockD6331,pacbio,SRR13128013,2951993,2951993,                Alloacidobacterium,Alloacidobacterium,genus,3.609022990559157e-05,abund,0.0,1,0,3.6387996473275384e-05,0.9918169012712061
Kraken2,default,Kraken2_default,ZymoMockD6331,ZymoMockD6331,pacbio,SRR13128013,28261,28261,                Thermodesulfovibrio,Thermodesulfovibrio,genus,7.218045981118314e-05,abund,0.0,2,0,7.277599294655077e-05,0.9918169012712061
Kraken2,default,Kraken2_default,ZymoMockD6331,ZymoMockD6331,pacbio,SRR13128013,32,32,                  Myxococcus,Myxococcus,genus,3.609022990559157e-05,abund,0.0,1,1,3.6387996473275384e-05,0.9918169012712061
Kraken2,default,Kraken2_default,ZymoMockD6331,ZymoMockD6331,pacbio,SRR13128013,848,848,                Fusobacterium,Fusobacterium,genus,5.253474316207436,abund,5.25,145565,972,5.2968187066323305,0.9918169012712061
Kraken2,default,Kraken2_default,ZymoMockD6331,ZymoMockD6331,pacbio,SRR13128013,3072462,3072462,                Haliovirga,Haliovirga,genus,0.00018045114952795784,abund,0.0,5,0,0.0001819399823663769,0.9918169012712061
Kraken2,default,Kraken2_default,ZymoMockD6331,ZymoMockD6331,pacbio,SRR13128013,32067,32067,                Leptotrichia,Leptotrichia,genus,3.609022990559157e-05,abund,0.0,1,0,3.6387996473275384e-05,0.9918169012712061
Kraken2,default,Kraken2_default,ZymoMockD6331,ZymoMockD6331,pacbio,SRR13128013,32068,32068,                Sebaldella,Sebaldella,genus,3.609022990559157e-05,abund,0.0,1,0,3.6387996473275384e-05,0.9918169012712061
Kraken2,default,Kraken2_default,ZymoMockD6331,ZymoMockD6331,pacbio,SRR13128013,1255275,1255275,                Oceanotoga,Oceanotoga,genus,3.609022990559157e-05,abund,0.0,1,0,3.6387996473275384e-05,0.9918169012712061
Kraken2,default,Kraken2_default,ZymoMockD6331,ZymoMockD6331,pacbio,SRR13128013,2778400,2778400,                Tepiditoga,Tepiditoga,genus,3.609022990559157e-05,abund,0.0,1,0,3.6387996473275384e-05,0.9918169012712061
Kraken2,default,Kraken2_default,ZymoMockD6331,ZymoMockD6331,pacbio,SRR13128013,2422,2422,                Fervidobacterium,Fervidobacterium,genus,3.609022990559157e-05,abund,0.0,1,0,3.6387996473275384e-05,0.9918169012712061
Kraken2,default,Kraken2_default,ZymoMockD6331,ZymoMockD6331,pacbio,SRR13128013,1298,1298,                Deinococcus,Deinococcus,genus,7.218045981118314e-05,abund,0.0,2,0,7.277599294655077e-05,0.9918169012712061
Kraken2,default,Kraken2_default,ZymoMockD6331,ZymoMockD6331,pacbio,SRR13128013,2900570,2900570,                Candidatus Absconditicoccus,Candidatus Absconditicoccus,genus,3.609022990559157e-05,abund,0.0,1,0,3.6387996473275384e-05,0.9918169012712061
Kraken2,default,Kraken2_default,ZymoMockD6331,ZymoMockD6331,pacbio,SRR13128013,9605,9605,                                                            Homo,Homo,genus,0.2611489035968606,abund,0.26,7236,0,0.2633035424806207,0.9918169012712061
Kraken2,default,Kraken2_default,ZymoMockD6331,ZymoMockD6331,pacbio,SRR13128013,2172,2172,                  Methanobrevibacter,Methanobrevibacter,genus,0.055939856353666925,abund,0.06,1550,0,0.056401394533576836,0.9918169012712061
Kraken2,default,Kraken2_default,ZymoMockD6331,ZymoMockD6331,pacbio,SRR13128013,2316,2316,                  Methanosphaera,Methanosphaera,genus,3.609022990559157e-05,abund,0.0,1,0,3.6387996473275384e-05,0.9918169012712061
Kraken2,default,Kraken2_default,ZymoMockD6331,ZymoMockD6331,pacbio,SRR13128013,145260,145260,                  Methanothermobacter,Methanothermobacter,genus,3.609022990559157e-05,abund,0.0,1,1,3.6387996473275384e-05,0.9918169012712061
Kraken2,default,Kraken2_default,ZymoMockD6331,ZymoMockD6331,pacbio,SRR13128013,196118,196118,                  Methanocaldococcus,Methanocaldococcus,genus,0.00018045114952795784,abund,0.0,5,0,0.0001819399823663769,0.9918169012712061
Kraken2,default,Kraken2_default,ZymoMockD6331,ZymoMockD6331,pacbio,SRR13128013,2207,2207,                  Methanosarcina,Methanosarcina,genus,0.00025263160933914095,abund,0.0,7,0,0.00025471597531292767,0.9918169012712061
Kraken2,default,Kraken2_default,ZymoMockD6331,ZymoMockD6331,pacbio,SRR13128013,2225,2225,                  Methanococcoides,Methanococcoides,genus,3.609022990559157e-05,abund,0.0,1,0,3.6387996473275384e-05,0.9918169012712061
Kraken2,default,Kraken2_default,ZymoMockD6331,ZymoMockD6331,pacbio,SRR13128013,101191,101191,                  Methanomethylovorans,Methanomethylovorans,genus,3.609022990559157e-05,abund,0.0,1,1,3.6387996473275384e-05,0.9918169012712061
Kraken2,default,Kraken2_default,ZymoMockD6331,ZymoMockD6331,pacbio,SRR13128013,230355,230355,                  Methanolacinia,Methanolacinia,genus,3.609022990559157e-05,abund,0.0,1,0,3.6387996473275384e-05,0.9918169012712061
Kraken2,default,Kraken2_default,ZymoMockD6331,ZymoMockD6331,pacbio,SRR13128013,293431,293431,                  Haloquadratum,Haloquadratum,genus,0.0001082706897167747,abund,0.0,3,0,0.00010916398941982614,0.9918169012712061
Kraken2,default,Kraken2_default,ZymoMockD6331,ZymoMockD6331,pacbio,SRR13128013,2162630,2162630,                  Salinirubellus,Salinirubellus,genus,3.609022990559157e-05,abund,0.0,1,0,3.6387996473275384e-05,0.9918169012712061
Kraken2,default,Kraken2_default,ZymoMockD6331,ZymoMockD6331,pacbio,SRR13128013,367188,367188,                  Haladaptatus,Haladaptatus,genus,3.609022990559157e-05,abund,0.0,1,0,3.6387996473275384e-05,0.9918169012712061
Kraken2,default,Kraken2_default,ZymoMockD6331,ZymoMockD6331,pacbio,SRR13128013,2263,2263,                Thermococcus,Thermococcus,genus,0.0001082706897167747,abund,0.0,3,0,0.00010916398941982614,0.9918169012712061
Kraken2,default,Kraken2_default,ZymoMockD6331,ZymoMockD6331,pacbio,SRR13128013,2260,2260,                Pyrococcus,Pyrococcus,genus,3.609022990559157e-05,abund,0.0,1,0,3.6387996473275384e-05,0.9918169012712061
Kraken2,default,Kraken2_default,ZymoMockD6331,ZymoMockD6331,pacbio,SRR13128013,54260,54260,                Ferroglobus,Ferroglobus,genus,7.218045981118314e-05,abund,0.0,2,0,7.277599294655077e-05,0.9918169012712061
Kraken2,default,Kraken2_default,ZymoMockD6331,ZymoMockD6331,pacbio,SRR13128013,2233,2233,                Archaeoglobus,Archaeoglobus,genus,3.609022990559157e-05,abund,0.0,1,0,3.6387996473275384e-05,0.9918169012712061
Kraken2,default,Kraken2_default,ZymoMockD6331,ZymoMockD6331,pacbio,SRR13128013,190818,190818,                Geoglobus,Geoglobus,genus,3.609022990559157e-05,abund,0.0,1,0,3.6387996473275384e-05,0.9918169012712061
Kraken2,default,Kraken2_default,ZymoMockD6331,ZymoMockD6331,pacbio,SRR13128013,507753,507753,                Acidiplasma,Acidiplasma,genus,7.218045981118314e-05,abund,0.0,2,0,7.277599294655077e-05,0.9918169012712061
Kraken2,default,Kraken2_default,ZymoMockD6331,ZymoMockD6331,pacbio,SRR13128013,2100760,2100760,                Saccharolobus,Saccharolobus,genus,0.0002165413794335494,abund,0.0,6,0,0.00021832797883965228,0.9918169012712061
Kraken2,default,Kraken2_default,ZymoMockD6331,ZymoMockD6331,pacbio,SRR13128013,69655,69655,                Sulfurisphaera,Sulfurisphaera,genus,0.0001082706897167747,abund,0.0,3,0,0.00010916398941982614,0.9918169012712061
Kraken2,default,Kraken2_default,ZymoMockD6331,ZymoMockD6331,pacbio,SRR13128013,12914,12914,                Acidianus,Acidianus,genus,7.218045981118314e-05,abund,0.0,2,0,7.277599294655077e-05,0.9918169012712061
Kraken2,default,Kraken2_default,ZymoMockD6331,ZymoMockD6331,pacbio,SRR13128013,41674,41674,                Stygiolobus,Stygiolobus,genus,3.609022990559157e-05,abund,0.0,1,0,3.6387996473275384e-05,0.9918169012712061
Kraken2,default,Kraken2_default,ZymoMockD6331,ZymoMockD6331,pacbio,SRR13128013,338191,338191,                Nitrosopumilus,Nitrosopumilus,genus,3.609022990559157e-05,abund,0.0,1,0,3.6387996473275384e-05,0.9918169012712061
Kraken2,default,Kraken2_default,ZymoMockD6331,ZymoMockD6331,pacbio,SRR13128013,1826864,1826864,                Candidatus Nitrosocosmicus,Candidatus Nitrosocosmicus,genus,3.609022990559157e-05,abund,0.0,1,0,3.6387996473275384e-05,0.9918169012712061
Kraken2,default,Kraken2_default,ZymoMockD6331,ZymoMockD6331,pacbio,SRR13128013,2094720,2094720,                  Tupanvirus,Tupanvirus,genus,3.609022990559157e-05,abund,0.0,1,0,3.6387996473275384e-05,0.9918169012712061
Kraken2,default,Kraken2_default,ZymoMockD6331,ZymoMockD6331,pacbio,SRR13128013,3044693,3044693,                  Cotonvirus,Cotonvirus,genus,3.609022990559157e-05,abund,0.0,1,0,3.6387996473275384e-05,0.9918169012712061
Kraken2,default,Kraken2_default,ZymoMockD6331,ZymoMockD6331,pacbio,SRR13128013,3080801,3080801,                  Moumouvirus,Moumouvirus,genus,3.609022990559157e-05,abund,0.0,1,0,3.6387996473275384e-05,0.9918169012712061
Kraken2,default,Kraken2_default,ZymoMockD6331,ZymoMockD6331,pacbio,SRR13128013,2005509,2005509,                  Centapoxvirus,Centapoxvirus,genus,3.609022990559157e-05,abund,0.0,1,0,3.6387996473275384e-05,0.9918169012712061
Kraken2,default,Kraken2_default,ZymoMockD6331,ZymoMockD6331,pacbio,SRR13128013,186777,186777,            Muvirus,Muvirus,genus,3.609022990559157e-05,abund,0.0,1,0,3.6387996473275384e-05,0.9918169012712061
Kraken2,default,Kraken2_default,ZymoMockD6331,ZymoMockD6331,pacbio,SRR13128013,3044824,3044824,              Shenzhenivirus,Shenzhenivirus,genus,3.609022990559157e-05,abund,0.0,1,0,3.6387996473275384e-05,0.9918169012712061
Kraken2,default,Kraken2_default,ZymoMockD6331,ZymoMockD6331,pacbio,SRR13128013,694013,694013,                    Gammacoronavirus,Gammacoronavirus,genus,3.609022990559157e-05,abund,0.0,1,0,3.6387996473275384e-05,0.9918169012712061
Kraken2,default,Kraken2_default,ZymoMockD6331,ZymoMockD6331,pacbio,SRR13128013,558016,558016,            Alphabaculovirus,Alphabaculovirus,genus,3.609022990559157e-05,abund,0.0,1,0,3.6387996473275384e-05,0.9918169012712061
