taxid_raw	taxid	name_raw	name	rank	value	value_type	abundance_raw	lineage_raw	query_name	query_md5	query_filename	fraction_raw	f_weighted_raw	bp_match_at_rank	query_ani_at_rank	total_weighted_hashes	norm_abund	classified_fraction	sample_id	sample_id_core	assay	tool	db_mode	tool_db
	816	Bacteroides	Bacteroides	genus	19.597297842601368	abund_weighted	0.1959729784260137	Bacteria;Bacteroidetes;Bacteroidia;Bacteroidales;Bacteroidaceae;Bacteroides	DYN_0004_D10	7da55b41	/home/Users/pacbio_bakeoff/data/DYN/illumina/DYN_0004_D10_St_M_10_S7_R2_001.fastq	0.0325428091275939	0.1959729784260137	47540000	0.8953950284052664	11642401	26.55982186635241	0.737855018049967	DYN_0004_D10-report.csv.summarized	DYN_0004_D10	illumina	sourmash	default	sourmash_default
	239759	Alistipes	Alistipes	genus	4.1788716949364595	abund_weighted	0.0417887169493646	Bacteria;Bacteroidetes;Bacteroidia;Bacteroidales;Rikenellaceae;Alistipes	DYN_0004_D10	7da55b41	/home/Users/pacbio_bakeoff/data/DYN/illumina/DYN_0004_D10_St_M_10_S7_R2_001.fastq	0.0115015624518686	0.0417887169493646	16802000	0.865852208636497	11642401	5.663540387623236	0.737855018049967	DYN_0004_D10-report.csv.summarized	DYN_0004_D10	illumina	sourmash	default	sourmash_default
	2719313	Enterocloster	Enterocloster	genus	1.4028377823440301	abund_weighted	0.0140283778234403	Bacteria;Firmicutes;Clostridia;Eubacteriales;Lachnospiraceae;Enterocloster	DYN_0004_D10	7da55b41	/home/Users/pacbio_bakeoff/data/DYN/illumina/DYN_0004_D10_St_M_10_S7_R2_001.fastq	0.0080179622068049	0.0140283778234403	11713000	0.8558332621875442	11642401	1.901237706631726	0.737855018049967	DYN_0004_D10-report.csv.summarized	DYN_0004_D10	illumina	sourmash	default	sourmash_default
	572511	Blautia	Blautia	genus	0.38067749083715	abund_weighted	0.0038067749083715	Bacteria;Firmicutes;Clostridia;Eubacteriales;Lachnospiraceae;Blautia	DYN_0004_D10	7da55b41	/home/Users/pacbio_bakeoff/data/DYN/illumina/DYN_0004_D10_St_M_10_S7_R2_001.fastq	0.0079412942509301	0.0038067749083715	11601000	0.8555680492324507	11642401	0.5159245129798261	0.737855018049967	DYN_0004_D10-report.csv.summarized	DYN_0004_D10	illumina	sourmash	default	sourmash_default
	1485	Clostridium	Clostridium	genus	0.3091716219017	abund_weighted	0.003091716219017	Bacteria;Firmicutes;Clostridia;Eubacteriales;Clostridiaceae;Clostridium	DYN_0004_D10	7da55b41	/home/Users/pacbio_bakeoff/data/DYN/illumina/DYN_0004_D10_St_M_10_S7_R2_001.fastq	0.0064106732747142	0.003091716219017	9365000	0.849679139946827	11642401	0.4190140533553478	0.737855018049967	DYN_0004_D10-report.csv.summarized	DYN_0004_D10	illumina	sourmash	default	sourmash_default
	375288	Parabacteroides	Parabacteroides	genus	2.78062918465014	abund_weighted	0.0278062918465014	Bacteria;Bacteroidetes;Bacteroidia;Bacteroidales;Tannerellaceae;Parabacteroides	DYN_0004_D10	7da55b41	/home/Users/pacbio_bakeoff/data/DYN/illumina/DYN_0004_D10_St_M_10_S7_R2_001.fastq	0.006386030003183	0.0278062918465014	9329000	0.8495735805065402	11642401	3.768530560378784	0.737855018049967	DYN_0004_D10-report.csv.summarized	DYN_0004_D10	illumina	sourmash	default	sourmash_default
	841	Roseburia	Roseburia	genus	0.37898540000468	abund_weighted	0.0037898540000468	Bacteria;Firmicutes;Clostridia;Eubacteriales;Lachnospiraceae;Roseburia	DYN_0004_D10	7da55b41	/home/Users/pacbio_bakeoff/data/DYN/illumina/DYN_0004_D10_St_M_10_S7_R2_001.fastq	0.0057158699245984	0.0037898540000468	8350000	0.846540650018929	11642401	0.5136312564577766	0.737855018049967	DYN_0004_D10-report.csv.summarized	DYN_0004_D10	illumina	sourmash	default	sourmash_default
	909656	Phocaeicola	Phocaeicola	genus	6.09481669631547	abund_weighted	0.0609481669631547	Bacteria;Bacteroidetes;Bacteroidia;Bacteroidales;Bacteroidaceae;Phocaeicola	DYN_0004_D10	7da55b41	/home/Users/pacbio_bakeoff/data/DYN/illumina/DYN_0004_D10_St_M_10_S7_R2_001.fastq	0.0056850658351844	0.0609481669631547	8305000	0.8463930973052826	11642401	8.260181942548954	0.737855018049967	DYN_0004_D10-report.csv.summarized	DYN_0004_D10	illumina	sourmash	default	sourmash_default
	946234	Flavonifractor	Flavonifractor	genus	0.58159824592882	abund_weighted	0.0058159824592882	Bacteria;Firmicutes;Clostridia;Eubacteriales;Oscillospiraceae;Flavonifractor	DYN_0004_D10	7da55b41	/home/Users/pacbio_bakeoff/data/DYN/illumina/DYN_0004_D10_St_M_10_S7_R2_001.fastq	0.0056528926751298	0.0058159824592882	8258000	0.8462381583287403	11642401	0.7882283534045637	0.737855018049967	DYN_0004_D10-report.csv.summarized	DYN_0004_D10	illumina	sourmash	default	sourmash_default
	1263	Ruminococcus	Ruminococcus	genus	0.30656906595125	abund_weighted	0.0030656906595125	Bacteria;Firmicutes;Clostridia;Eubacteriales;Oscillospiraceae;Ruminococcus	DYN_0004_D10	7da55b41	/home/Users/pacbio_bakeoff/data/DYN/illumina/DYN_0004_D10_St_M_10_S7_R2_001.fastq	0.0053510125988725	0.0030656906595125	7817000	0.8447413260930398	11642401	0.41548686185188943	0.737855018049967	DYN_0004_D10-report.csv.summarized	DYN_0004_D10	illumina	sourmash	default	sourmash_default
	1506553	Lachnoclostridium	Lachnoclostridium	genus	0.21383905261466	abund_weighted	0.0021383905261466	Bacteria;Firmicutes;Clostridia;Eubacteriales;Lachnospiraceae;Lachnoclostridium	DYN_0004_D10	7da55b41	/home/Users/pacbio_bakeoff/data/DYN/illumina/DYN_0004_D10_St_M_10_S7_R2_001.fastq	0.004265339580859	0.0021383905261466	6231000	0.8385846156390976	11642401	0.2898117480854199	0.737855018049967	DYN_0004_D10-report.csv.summarized	DYN_0004_D10	illumina	sourmash	default	sourmash_default
	1905344	Ruthenibacterium	Ruthenibacterium	genus	2.07935631146874	abund_weighted	0.0207935631146874	Bacteria;Firmicutes;Clostridia;Eubacteriales;Oscillospiraceae;Ruthenibacterium	DYN_0004_D10	7da55b41	/home/Users/pacbio_bakeoff/data/DYN/illumina/DYN_0004_D10_St_M_10_S7_R2_001.fastq	0.0036047629967587	0.0207935631146874	5266000	0.8340451696406884	11642401	2.8181096022957823	0.737855018049967	DYN_0004_D10-report.csv.summarized	DYN_0004_D10	illumina	sourmash	default	sourmash_default
	561	Escherichia	Escherichia	genus	0.23752832426919002	abund_weighted	0.0023752832426919	Bacteria;Proteobacteria;Gammaproteobacteria;Enterobacterales;Enterobacteriaceae;Escherichia	DYN_0004_D10	7da55b41	/home/Users/pacbio_bakeoff/data/DYN/illumina/DYN_0004_D10_St_M_10_S7_R2_001.fastq	0.0033665447052904	0.0023752832426919	4918000	0.8322077471421417	11642401	0.3219173393940445	0.737855018049967	DYN_0004_D10-report.csv.summarized	DYN_0004_D10	illumina	sourmash	default	sourmash_default
	459786	Oscillibacter	Oscillibacter	genus	0.23076855023289	abund_weighted	0.0023076855023289	Bacteria;Firmicutes;Clostridia;Eubacteriales;Oscillospiraceae;Oscillibacter	DYN_0004_D10	7da55b41	/home/Users/pacbio_bakeoff/data/DYN/illumina/DYN_0004_D10_St_M_10_S7_R2_001.fastq	0.0028517741444164	0.0023076855023289	4166000	0.8277647716678591	11642401	0.3127559542019168	0.737855018049967	DYN_0004_D10-report.csv.summarized	DYN_0004_D10	illumina	sourmash	default	sourmash_default
	1730	Eubacterium	Eubacterium	genus	0.09219747713551	abund_weighted	0.0009219747713551	Bacteria;Firmicutes;Clostridia;Eubacteriales;Eubacteriaceae;Eubacterium	DYN_0004_D10	7da55b41	/home/Users/pacbio_bakeoff/data/DYN/illumina/DYN_0004_D10_St_M_10_S7_R2_001.fastq	0.0027525165229712	0.0009219747713551	4021000	0.8268193713486838	11642401	0.12495337821130935	0.737855018049967	DYN_0004_D10-report.csv.summarized	DYN_0004_D10	illumina	sourmash	default	sourmash_default
	283168	Odoribacter	Odoribacter	genus	0.17340924780033998	abund_weighted	0.0017340924780034	Bacteria;Bacteroidetes;Bacteroidia;Bacteroidales;Odoribacteraceae;Odoribacter	DYN_0004_D10	7da55b41	/home/Users/pacbio_bakeoff/data/DYN/illumina/DYN_0004_D10_St_M_10_S7_R2_001.fastq	0.0026313537712762	0.0017340924780034	3844000	0.8256195639850561	11642401	0.2350180503734093	0.737855018049967	DYN_0004_D10-report.csv.summarized	DYN_0004_D10	illumina	sourmash	default	sourmash_default
	574697	Butyricimonas	Butyricimonas	genus	0.0723476197049	abund_weighted	0.000723476197049	Bacteria;Bacteroidetes;Bacteroidia;Bacteroidales;Odoribacteraceae;Butyricimonas	DYN_0004_D10	7da55b41	/home/Users/pacbio_bakeoff/data/DYN/illumina/DYN_0004_D10_St_M_10_S7_R2_001.fastq	0.0025950733992997	0.000723476197049	3791000	0.8252498849400193	11642401	0.09805126743747465	0.737855018049967	DYN_0004_D10-report.csv.summarized	DYN_0004_D10	illumina	sourmash	default	sourmash_default
	244127	Anaerotruncus	Anaerotruncus	genus	0.86428048647353	abund_weighted	0.0086428048647353	Bacteria;Firmicutes;Clostridia;Eubacteriales;Oscillospiraceae;Anaerotruncus	DYN_0004_D10	7da55b41	/home/Users/pacbio_bakeoff/data/DYN/illumina/DYN_0004_D10_St_M_10_S7_R2_001.fastq	0.0024259931751828	0.0086428048647353	3544000	0.8234582769322132	11642401	1.1713418833386608	0.737855018049967	DYN_0004_D10-report.csv.summarized	DYN_0004_D10	illumina	sourmash	default	sourmash_default
	189330	Dorea	Dorea	genus	0.17571976776955	abund_weighted	0.0017571976776955	Bacteria;Firmicutes;Clostridia;Eubacteriales;Lachnospiraceae;Dorea	DYN_0004_D10	7da55b41	/home/Users/pacbio_bakeoff/data/DYN/illumina/DYN_0004_D10_St_M_10_S7_R2_001.fastq	0.0024246241045422	0.0017571976776955	3542000	0.823443282334934	11642401	0.23814945141113128	0.737855018049967	DYN_0004_D10-report.csv.summarized	DYN_0004_D10	illumina	sourmash	default	sourmash_default
	1924105	Neglectibacter	Neglectibacter	genus	0.26911974600428	abund_weighted	0.0026911974600428	Bacteria;Firmicutes;Clostridia;Eubacteriales;Oscillospiraceae;Neglectibacter	DYN_0004_D10	7da55b41	/home/Users/pacbio_bakeoff/data/DYN/illumina/DYN_0004_D10_St_M_10_S7_R2_001.fastq	0.0024075107215344	0.0026911974600428	3517000	0.8232551553824589	11642401	0.36473255506958613	0.737855018049967	DYN_0004_D10-report.csv.summarized	DYN_0004_D10	illumina	sourmash	default	sourmash_default
	2048137	Agathobaculum	Agathobaculum	genus	0.10760666979259001	abund_weighted	0.0010760666979259	Bacteria;Firmicutes;Clostridia;Eubacteriales;Oscillospiraceae;Agathobaculum	DYN_0004_D10	7da55b41	/home/Users/pacbio_bakeoff/data/DYN/illumina/DYN_0004_D10_St_M_10_S7_R2_001.fastq	0.0022343232854957	0.0010760666979259	3264000	0.8212749586271841	11642401	0.14583714572678147	0.737855018049967	DYN_0004_D10-report.csv.summarized	DYN_0004_D10	illumina	sourmash	default	sourmash_default
	872	Desulfovibrio	Desulfovibrio	genus	4.29786776799734	abund_weighted	0.0429786776799734	Bacteria;Proteobacteria;Deltaproteobacteria;Desulfovibrionales;Desulfovibrionaceae;Desulfovibrio	DYN_0004_D10	7da55b41	/home/Users/pacbio_bakeoff/data/DYN/illumina/DYN_0004_D10_St_M_10_S7_R2_001.fastq	0.0021336965934099	0.0429786776799734	3117000	0.8200550155613472	11642401	5.8248133615136455	0.737855018049967	DYN_0004_D10-report.csv.summarized	DYN_0004_D10	illumina	sourmash	default	sourmash_default
	239934	Akkermansia	Akkermansia	genus	22.55785554886831	abund_weighted	0.2255785554886831	Bacteria;Verrucomicrobia;Verrucomicrobiae;Verrucomicrobiales;Akkermansiaceae;Akkermansia	DYN_0004_D10	7da55b41	/home/Users/pacbio_bakeoff/data/DYN/illumina/DYN_0004_D10_St_M_10_S7_R2_001.fastq	0.0020981007567537	0.2255785554886831	3065000	0.8196100995468132	11642401	30.572205917207313	0.737855018049967	DYN_0004_D10-report.csv.summarized	DYN_0004_D10	illumina	sourmash	default	sourmash_default
	1301	Streptococcus	Streptococcus	genus	0.04928536648067001	abund_weighted	0.0004928536648067	Bacteria;Firmicutes;Bacilli;Lactobacillales;Streptococcaceae;Streptococcus	DYN_0004_D10	7da55b41	/home/Users/pacbio_bakeoff/data/DYN/illumina/DYN_0004_D10_St_M_10_S7_R2_001.fastq	0.0018263402345902	0.0004928536648067	2668000	0.8159507113563064	11642401	0.06679546154056575	0.737855018049967	DYN_0004_D10-report.csv.summarized	DYN_0004_D10	illumina	sourmash	default	sourmash_default
	644652	Gordonibacter	Gordonibacter	genus	0.07026901066197	abund_weighted	0.0007026901066197	Bacteria;Actinobacteria;Coriobacteriia;Eggerthellales;Eggerthellaceae;Gordonibacter	DYN_0004_D10	7da55b41	/home/Users/pacbio_bakeoff/data/DYN/illumina/DYN_0004_D10_St_M_10_S7_R2_001.fastq	0.0018160722047855	0.0007026901066197	2653000	0.8158023257125364	11642401	0.0952341705931333	0.737855018049967	DYN_0004_D10-report.csv.summarized	DYN_0004_D10	illumina	sourmash	default	sourmash_default
	1649459	Hungatella	Hungatella	genus	0.07083590403732	abund_weighted	0.0007083590403732	Bacteria;Firmicutes;Clostridia;Eubacteriales;Clostridiaceae;Hungatella	DYN_0004_D10	7da55b41	/home/Users/pacbio_bakeoff/data/DYN/illumina/DYN_0004_D10_St_M_10_S7_R2_001.fastq	0.0017989588217778	0.0007083590403732	2628000	0.815553202608073	11642401	0.0960024697325065	0.737855018049967	DYN_0004_D10-report.csv.summarized	DYN_0004_D10	illumina	sourmash	default	sourmash_default
	28050	Lachnospira	Lachnospira	genus	0.17210367517834002	abund_weighted	0.0017210367517834	Bacteria;Firmicutes;Clostridia;Eubacteriales;Lachnospiraceae;Lachnospira	DYN_0004_D10	7da55b41	/home/Users/pacbio_bakeoff/data/DYN/illumina/DYN_0004_D10_St_M_10_S7_R2_001.fastq	0.0017524104199966	0.0017210367517834	2560000	0.8148638033776034	11642401	0.23324863417366537	0.737855018049967	DYN_0004_D10-report.csv.summarized	DYN_0004_D10	illumina	sourmash	default	sourmash_default
	292632	Subdoligranulum	Subdoligranulum	genus	0.29688034280901	abund_weighted	0.0029688034280901	Bacteria;Firmicutes;Clostridia;Eubacteriales;Oscillospiraceae;Subdoligranulum	DYN_0004_D10	7da55b41	/home/Users/pacbio_bakeoff/data/DYN/illumina/DYN_0004_D10_St_M_10_S7_R2_001.fastq	0.0017435114608326	0.0029688034280901	2547000	0.8147299910577824	11642401	0.40235593110638096	0.737855018049967	DYN_0004_D10-report.csv.summarized	DYN_0004_D10	illumina	sourmash	default	sourmash_default
	1918536	Longicatena	Longicatena	genus	0.08268053986458	abund_weighted	0.0008268053986458	Bacteria;Firmicutes;Erysipelotrichia;Erysipelotrichales;Erysipelotrichaceae;Longicatena	DYN_0004_D10	7da55b41	/home/Users/pacbio_bakeoff/data/DYN/illumina/DYN_0004_D10_St_M_10_S7_R2_001.fastq	0.0017038084122545	0.0008268053986458	2489000	0.8141248144468466	11642401	0.11205526538681199	0.737855018049967	DYN_0004_D10-report.csv.summarized	DYN_0004_D10	illumina	sourmash	default	sourmash_default
	577310	Parasutterella	Parasutterella	genus	0.22787395830121002	abund_weighted	0.0022787395830121	Bacteria;Proteobacteria;Betaproteobacteria;Burkholderiales;Sutterellaceae;Parasutterella	DYN_0004_D10	7da55b41	/home/Users/pacbio_bakeoff/data/DYN/illumina/DYN_0004_D10_St_M_10_S7_R2_001.fastq	0.0016846414232858	0.0022787395830121	2461000	0.8138277590038645	11642401	0.30883297223273554	0.737855018049967	DYN_0004_D10-report.csv.summarized	DYN_0004_D10	illumina	sourmash	default	sourmash_default
	1505663	Erysipelatoclostridium	Erysipelatoclostridium	genus	0.048520919353309995	abund_weighted	0.0004852091935331	Bacteria;Firmicutes;Erysipelotrichia;Erysipelotrichales;Erysipelotrichaceae;Erysipelatoclostridium	DYN_0004_D10	7da55b41	/home/Users/pacbio_bakeoff/data/DYN/illumina/DYN_0004_D10_St_M_10_S7_R2_001.fastq	0.0016777960700827	0.0004852091935331	2451000	0.8137208745550005	11642401	0.065759421792025	0.737855018049967	DYN_0004_D10-report.csv.summarized	DYN_0004_D10	illumina	sourmash	default	sourmash_default
	2840567	Candidatus Pullichristensenella	Candidatus Pullichristensenella	genus	0.04585823834791	abund_weighted	0.0004585823834791	Bacteria;Firmicutes;Clostridia;;;Candidatus Pullichristensenella	DYN_0004_D10	7da55b41	/home/Users/pacbio_bakeoff/data/DYN/illumina/DYN_0004_D10_St_M_10_S7_R2_001.fastq	0.0016777960700827	0.0004585823834791	2451000	0.8137208745550005	11642401	0.062150744016224224	0.737855018049967	DYN_0004_D10-report.csv.summarized	DYN_0004_D10	illumina	sourmash	default	sourmash_default
	838	Prevotella	Prevotella	genus	0.11084483346691001	abund_weighted	0.0011084483346691	Bacteria;Bacteroidetes;Bacteroidia;Bacteroidales;Prevotellaceae;Prevotella	DYN_0004_D10	7da55b41	/home/Users/pacbio_bakeoff/data/DYN/illumina/DYN_0004_D10_St_M_10_S7_R2_001.fastq	0.0016757424641217	0.0011084483346691	2448000	0.8136887269184582	11642401	0.15022576353801215	0.737855018049967	DYN_0004_D10-report.csv.summarized	DYN_0004_D10	illumina	sourmash	default	sourmash_default
	216851	Faecalibacterium	Faecalibacterium	genus	0.09685287424818	abund_weighted	0.0009685287424818	Bacteria;Firmicutes;Clostridia;Eubacteriales;Oscillospiraceae;Faecalibacterium	DYN_0004_D10	7da55b41	/home/Users/pacbio_bakeoff/data/DYN/illumina/DYN_0004_D10_St_M_10_S7_R2_001.fastq	0.0016278249917	0.0009685287424818	2378000	0.8129275868584563	11642401	0.13126274387093914	0.737855018049967	DYN_0004_D10-report.csv.summarized	DYN_0004_D10	illumina	sourmash	default	sourmash_default
	1981028	Mailhella	Mailhella	genus	0.19652303678596	abund_weighted	0.0019652303678596	Bacteria;Proteobacteria;Deltaproteobacteria;Desulfovibrionales;Desulfovibrionaceae;Mailhella	DYN_0004_D10	7da55b41	/home/Users/pacbio_bakeoff/data/DYN/illumina/DYN_0004_D10_St_M_10_S7_R2_001.fastq	0.0016182414972156	0.0019652303678596	2364000	0.812772759911112	11642401	0.2663437016466175	0.737855018049967	DYN_0004_D10-report.csv.summarized	DYN_0004_D10	illumina	sourmash	default	sourmash_default
	2840594	Candidatus Limiplasma	Candidatus Limiplasma	genus	0.08710402605098	abund_weighted	0.0008710402605098	Bacteria;Firmicutes;Clostridia;Eubacteriales;;Candidatus Limiplasma	DYN_0004_D10	7da55b41	/home/Users/pacbio_bakeoff/data/DYN/illumina/DYN_0004_D10_St_M_10_S7_R2_001.fastq	0.0015826456605594	0.0008710402605098	2312000	0.812189813819158	11642401	0.11805032685307479	0.737855018049967	DYN_0004_D10-report.csv.summarized	DYN_0004_D10	illumina	sourmash	default	sourmash_default
	2591381	Dysosmobacter	Dysosmobacter	genus	0.20777501135718998	abund_weighted	0.0020777501135719	Bacteria;Firmicutes;Clostridia;Eubacteriales;Oscillospiraceae;Dysosmobacter	DYN_0004_D10	7da55b41	/home/Users/pacbio_bakeoff/data/DYN/illumina/DYN_0004_D10_St_M_10_S7_R2_001.fastq	0.0015203529464111	0.0020777501135719	2221000	0.8111384364694603	11642401	0.2815932754734205	0.737855018049967	DYN_0004_D10-report.csv.summarized	DYN_0004_D10	illumina	sourmash	default	sourmash_default
	1017280	Pseudoflavonifractor	Pseudoflavonifractor	genus	0.09492887248944	abund_weighted	0.0009492887248944	Bacteria;Firmicutes;Clostridia;Eubacteriales;Oscillospiraceae;Pseudoflavonifractor	DYN_0004_D10	7da55b41	/home/Users/pacbio_bakeoff/data/DYN/illumina/DYN_0004_D10_St_M_10_S7_R2_001.fastq	0.0015011859574424	0.0009492887248944	2193000	0.8108065374692034	11642401	0.12865518315552268	0.737855018049967	DYN_0004_D10-report.csv.summarized	DYN_0004_D10	illumina	sourmash	default	sourmash_default
	1892380	Harryflintia	Harryflintia	genus	0.10068369917854	abund_weighted	0.0010068369917854	Bacteria;Firmicutes;Clostridia;Eubacteriales;Oscillospiraceae;Harryflintia	DYN_0004_D10	7da55b41	/home/Users/pacbio_bakeoff/data/DYN/illumina/DYN_0004_D10_St_M_10_S7_R2_001.fastq	0.0013868685589504	0.0010068369917854	2026000	0.8087375171600871	11642401	0.13645458350968587	0.737855018049967	DYN_0004_D10-report.csv.summarized	DYN_0004_D10	illumina	sourmash	default	sourmash_default
	2316020	Mediterraneibacter	Mediterraneibacter	genus	0.05552978290302	abund_weighted	0.0005552978290302	Bacteria;Firmicutes;Clostridia;Eubacteriales;Lachnospiraceae;Mediterraneibacter	DYN_0004_D10	7da55b41	/home/Users/pacbio_bakeoff/data/DYN/illumina/DYN_0004_D10_St_M_10_S7_R2_001.fastq	0.0012985635026303	0.0005552978290302	1897000	0.8070229948457103	11642401	0.07525839296963291	0.737855018049967	DYN_0004_D10-report.csv.summarized	DYN_0004_D10	illumina	sourmash	default	sourmash_default
	2172004	Lawsonibacter	Lawsonibacter	genus	0.06435098739512	abund_weighted	0.0006435098739512	Bacteria;Firmicutes;Clostridia;Eubacteriales;;Lawsonibacter	DYN_0004_D10	7da55b41	/home/Users/pacbio_bakeoff/data/DYN/illumina/DYN_0004_D10_St_M_10_S7_R2_001.fastq	0.0012287408999585	0.0006435098739512	1795000	0.8055854674305424	11642401	0.0872135932140021	0.737855018049967	DYN_0004_D10-report.csv.summarized	DYN_0004_D10	illumina	sourmash	default	sourmash_default
	846	Oxalobacter	Oxalobacter	genus	0.04122860911593	abund_weighted	0.0004122860911593	Bacteria;Proteobacteria;Betaproteobacteria;Burkholderiales;Oxalobacteraceae;Oxalobacter	DYN_0004_D10	7da55b41	/home/Users/pacbio_bakeoff/data/DYN/illumina/DYN_0004_D10_St_M_10_S7_R2_001.fastq	0.0011904069220211	0.0004122860911593	1739000	0.8047622477098052	11642401	0.055876301044737266	0.737855018049967	DYN_0004_D10-report.csv.summarized	DYN_0004_D10	illumina	sourmash	default	sourmash_default
	84111	Eggerthella	Eggerthella	genus	0.03555967536249	abund_weighted	0.0003555967536249	Bacteria;Actinobacteria;Coriobacteriia;Eggerthellales;Eggerthellaceae;Eggerthella	DYN_0004_D10	7da55b41	/home/Users/pacbio_bakeoff/data/DYN/illumina/DYN_0004_D10_St_M_10_S7_R2_001.fastq	0.0011589182972868	0.0003555967536249	1693000	0.8040666074842666	11642401	0.0481933096510864	0.737855018049967	DYN_0004_D10-report.csv.summarized	DYN_0004_D10	illumina	sourmash	default	sourmash_default
	2172	Methanobrevibacter	Methanobrevibacter	genus	0.57632441967941	abund_weighted	0.0057632441967941	Archaea;Euryarchaeota;Methanobacteria;Methanobacteriales;Methanobacteriaceae;Methanobrevibacter	DYN_0004_D10	7da55b41	/home/Users/pacbio_bakeoff/data/DYN/illumina/DYN_0004_D10_St_M_10_S7_R2_001.fastq	0.0011363286317165	0.0057632441967941	1660000	0.8035562002043845	11642401	0.7810808432292612	0.737855018049967	DYN_0004_D10-report.csv.summarized	DYN_0004_D10	illumina	sourmash	default	sourmash_default
	39948	Dialister	Dialister	genus	1.3807117621184801	abund_weighted	0.0138071176211848	Bacteria;Firmicutes;Negativicutes;Veillonellales;Veillonellaceae;Dialister	DYN_0004_D10	7da55b41	/home/Users/pacbio_bakeoff/data/DYN/illumina/DYN_0004_D10_St_M_10_S7_R2_001.fastq	0.0011178461780681	0.0138071176211848	1633000	0.8031312368711717	11642401	1.8712507584043825	0.737855018049967	DYN_0004_D10-report.csv.summarized	DYN_0004_D10	illumina	sourmash	default	sourmash_default
	1924110	Massilimicrobiota	Massilimicrobiota	genus	0.045016487578459996	abund_weighted	0.0004501648757846	Bacteria;Firmicutes;Erysipelotrichia;Erysipelotrichales;Erysipelotrichaceae;Massilimicrobiota	DYN_0004_D10	7da55b41	/home/Users/pacbio_bakeoff/data/DYN/illumina/DYN_0004_D10_St_M_10_S7_R2_001.fastq	0.0011144235014666	0.0004501648757846	1628000	0.8030517943743813	11642401	0.06100993620322782	0.737855018049967	DYN_0004_D10-report.csv.summarized	DYN_0004_D10	illumina	sourmash	default	sourmash_default
	102106	Collinsella	Collinsella	genus	0.15785403715264	abund_weighted	0.0015785403715264	Bacteria;Actinobacteria;Coriobacteriia;Coriobacteriales;Coriobacteriaceae;Collinsella	DYN_0004_D10	7da55b41	/home/Users/pacbio_bakeoff/data/DYN/illumina/DYN_0004_D10_St_M_10_S7_R2_001.fastq	0.0011041554716619	0.0015785403715264	1613000	0.8028120423129552	11642401	0.21393638762506895	0.737855018049967	DYN_0004_D10-report.csv.summarized	DYN_0004_D10	illumina	sourmash	default	sourmash_default
	1573536	Faecalicoccus	Faecalicoccus	genus	1.22094231250066	abund_weighted	0.0122094231250066	Bacteria;Firmicutes;Erysipelotrichia;Erysipelotrichales;Erysipelotrichaceae;Faecalicoccus	DYN_0004_D10	7da55b41	/home/Users/pacbio_bakeoff/data/DYN/illumina/DYN_0004_D10_St_M_10_S7_R2_001.fastq	0.0010644524230839	0.0122094231250066	1555000	0.8018642415792928	11642401	1.6547184509599402	0.737855018049967	DYN_0004_D10-report.csv.summarized	DYN_0004_D10	illumina	sourmash	default	sourmash_default
	1935200	Merdibacter	Merdibacter	genus	0.037440730653410005	abund_weighted	0.0003744073065341	Bacteria;Firmicutes;Erysipelotrichia;Erysipelotrichales;Erysipelotrichaceae;Merdibacter	DYN_0004_D10	7da55b41	/home/Users/pacbio_bakeoff/data/DYN/illumina/DYN_0004_D10_St_M_10_S7_R2_001.fastq	0.0009857308612481	0.0003744073065341	1440000	0.7998793094899216	11642401	0.05074266588626025	0.737855018049967	DYN_0004_D10-report.csv.summarized	DYN_0004_D10	illumina	sourmash	default	sourmash_default
	1926677	Raoultibacter	Raoultibacter	genus	0.02521816590924	abund_weighted	0.0002521816590924	Bacteria;Actinobacteria;Coriobacteriia;Eggerthellales;Eggerthellaceae;Raoultibacter	DYN_0004_D10	7da55b41	/home/Users/pacbio_bakeoff/data/DYN/illumina/DYN_0004_D10_St_M_10_S7_R2_001.fastq	0.0009761473667637	0.0002521816590924	1426000	0.7996272635907961	11642401	0.0341776708056924	0.737855018049967	DYN_0004_D10-report.csv.summarized	DYN_0004_D10	illumina	sourmash	default	sourmash_default
	1924093	Anaeromassilibacillus	Anaeromassilibacillus	genus	0.04448395137738	abund_weighted	0.0004448395137738	Bacteria;Firmicutes;Clostridia;Eubacteriales;Oscillospiraceae;Anaeromassilibacillus	DYN_0004_D10	7da55b41	/home/Users/pacbio_bakeoff/data/DYN/illumina/DYN_0004_D10_St_M_10_S7_R2_001.fastq	0.0009638257309981	0.0004448395137738	1408000	0.7992996624424374	11642401	0.06028820064806767	0.737855018049967	DYN_0004_D10-report.csv.summarized	DYN_0004_D10	illumina	sourmash	default	sourmash_default
	1432051	Eisenbergiella	Eisenbergiella	genus	0.049757777626790005	abund_weighted	0.0004975777762679	Bacteria;Firmicutes;Clostridia;Eubacteriales;Lachnospiraceae;Eisenbergiella	DYN_0004_D10	7da55b41	/home/Users/pacbio_bakeoff/data/DYN/illumina/DYN_0004_D10_St_M_10_S7_R2_001.fastq	0.0009145391879357	0.0004975777762679	1336000	0.7979474080812708	11642401	0.06743571082336998	0.737855018049967	DYN_0004_D10-report.csv.summarized	DYN_0004_D10	illumina	sourmash	default	sourmash_default
	2753	Synergistes	Synergistes	genus	0.02277021724298	abund_weighted	0.0002277021724298	Bacteria;Synergistetes;Synergistia;Synergistales;Synergistaceae;Synergistes	DYN_0004_D10	7da55b41	/home/Users/pacbio_bakeoff/data/DYN/illumina/DYN_0004_D10_St_M_10_S7_R2_001.fastq	0.0008714134627561	0.0002277021724298	1273000	0.7967050260528277	11642401	0.030860015431158884	0.737855018049967	DYN_0004_D10-report.csv.summarized	DYN_0004_D10	illumina	sourmash	default	sourmash_default
	447020	Adlercreutzia	Adlercreutzia	genus	0.022014359409190002	abund_weighted	0.0002201435940919	Bacteria;Actinobacteria;Coriobacteriia;Eggerthellales;Eggerthellaceae;Adlercreutzia	DYN_0004_D10	7da55b41	/home/Users/pacbio_bakeoff/data/DYN/illumina/DYN_0004_D10_St_M_10_S7_R2_001.fastq	0.0008399248380218	0.0002201435940919	1227000	0.7957597145943491	11642401	0.029835616578674815	0.737855018049967	DYN_0004_D10-report.csv.summarized	DYN_0004_D10	illumina	sourmash	default	sourmash_default
	2721125	Candidatus Woodwardibium	Candidatus Woodwardibium	genus	0.02384387893871	abund_weighted	0.0002384387893871	Bacteria;Firmicutes;Clostridia;;;Candidatus Woodwardibium	DYN_0004_D10	7da55b41	/home/Users/pacbio_bakeoff/data/DYN/illumina/DYN_0004_D10_St_M_10_S7_R2_001.fastq	0.0008323949494984	0.0002384387893871	1216000	0.7955285829945877	11642401	0.032315127437535854	0.737855018049967	DYN_0004_D10-report.csv.summarized	DYN_0004_D10	illumina	sourmash	default	sourmash_default
	1715793	Casaltella	Casaltella	genus	0.03388476311716	abund_weighted	0.0003388476311716	Bacteria;Firmicutes;Clostridia;Eubacteriales;Eubacteriales Family XIII. Incertae Sedis;Casaltella	DYN_0004_D10	7da55b41	/home/Users/pacbio_bakeoff/data/DYN/illumina/DYN_0004_D10_St_M_10_S7_R2_001.fastq	0.0008248650609749	0.0003388476311716	1205000	0.7952954190884901	11642401	0.045923334921150256	0.737855018049967	DYN_0004_D10-report.csv.summarized	DYN_0004_D10	illumina	sourmash	default	sourmash_default
	61170	Holdemania	Holdemania	genus	0.024642683240329998	abund_weighted	0.0002464268324033	Bacteria;Firmicutes;Erysipelotrichia;Erysipelotrichales;Erysipelotrichaceae;Holdemania	DYN_0004_D10	7da55b41	/home/Users/pacbio_bakeoff/data/DYN/illumina/DYN_0004_D10_St_M_10_S7_R2_001.fastq	0.0008002217894437	0.0002464268324033	1169000	0.7945176701648653	11642401	0.03339773077027608	0.737855018049967	DYN_0004_D10-report.csv.summarized	DYN_0004_D10	illumina	sourmash	default	sourmash_default
	836	Porphyromonas	Porphyromonas	genus	0.02258125278454	abund_weighted	0.0002258125278454	Bacteria;Bacteroidetes;Bacteroidia;Bacteroidales;Porphyromonadaceae;Porphyromonas	DYN_0004_D10	7da55b41	/home/Users/pacbio_bakeoff/data/DYN/illumina/DYN_0004_D10_St_M_10_S7_R2_001.fastq	0.0007365600046548	0.0002258125278454	1076000	0.7923958600077403	11642401	0.030603915718048033	0.737855018049967	DYN_0004_D10-report.csv.summarized	DYN_0004_D10	illumina	sourmash	default	sourmash_default
	86331	Mogibacterium	Mogibacterium	genus	0.01990998248557	abund_weighted	0.0001990998248557	Bacteria;Firmicutes;Clostridia;Eubacteriales;Eubacteriales Family XIII. Incertae Sedis;Mogibacterium	DYN_0004_D10	7da55b41	/home/Users/pacbio_bakeoff/data/DYN/illumina/DYN_0004_D10_St_M_10_S7_R2_001.fastq	0.0007256074395298	0.0001990998248557	1060000	0.7920130066863945	11642401	0.0269835970461906	0.737855018049967	DYN_0004_D10-report.csv.summarized	DYN_0004_D10	illumina	sourmash	default	sourmash_default
	35832	Bilophila	Bilophila	genus	0.019892803898429998	abund_weighted	0.0001989280389843	Bacteria;Proteobacteria;Deltaproteobacteria;Desulfovibrionales;Desulfovibrionaceae;Bilophila	DYN_0004_D10	7da55b41	/home/Users/pacbio_bakeoff/data/DYN/illumina/DYN_0004_D10_St_M_10_S7_R2_001.fastq	0.0007215002276079	0.0001989280389843	1054000	0.7918679932354986	11642401	0.02696031525407729	0.737855018049967	DYN_0004_D10-report.csv.summarized	DYN_0004_D10	illumina	sourmash	default	sourmash_default
	547	Enterobacter	Enterobacter	genus	0.014309763080649998	abund_weighted	0.0001430976308065	Bacteria;Proteobacteria;Gammaproteobacteria;Enterobacterales;Enterobacteriaceae;Enterobacter	DYN_0004_D10	7da55b41	/home/Users/pacbio_bakeoff/data/DYN/illumina/DYN_0004_D10_St_M_10_S7_R2_001.fastq	0.0006735827551862	0.0001430976308065	984000	0.7901144982264641	11642401	0.019393732820938748	0.737855018049967	DYN_0004_D10-report.csv.summarized	DYN_0004_D10	illumina	sourmash	default	sourmash_default
	1392389	Intestinimonas	Intestinimonas	genus	0.08313577242357	abund_weighted	0.0008313577242357	Bacteria;Firmicutes;Clostridia;Eubacteriales;;Intestinimonas	DYN_0004_D10	7da55b41	/home/Users/pacbio_bakeoff/data/DYN/illumina/DYN_0004_D10_St_M_10_S7_R2_001.fastq	0.0006728982198658	0.0008313577242357	983000	0.7900885834845497	11642401	0.11267223287751646	0.737855018049967	DYN_0004_D10-report.csv.summarized	DYN_0004_D10	illumina	sourmash	default	sourmash_default
	2005359	Faecalicatena	Faecalicatena	genus	0.01443001319057	abund_weighted	0.0001443001319057	Bacteria;Firmicutes;Clostridia;Eubacteriales;Lachnospiraceae;Faecalicatena	DYN_0004_D10	7da55b41	/home/Users/pacbio_bakeoff/data/DYN/illumina/DYN_0004_D10_St_M_10_S7_R2_001.fastq	0.0006085518997566	0.0001443001319057	889000	0.7875310128402614	11642401	0.019556705365650587	0.737855018049967	DYN_0004_D10-report.csv.summarized	DYN_0004_D10	illumina	sourmash	default	sourmash_default
	2764317	Hydrogeniiclostidium	Hydrogeniiclostidium	genus	0.014524495419800002	abund_weighted	0.000145244954198	Bacteria;Firmicutes;Clostridia;Eubacteriales;Oscillospiraceae;Hydrogeniiclostidium	DYN_0004_D10	7da55b41	/home/Users/pacbio_bakeoff/data/DYN/illumina/DYN_0004_D10_St_M_10_S7_R2_001.fastq	0.0005804859516238	0.000145244954198	848000	0.7863324246857387	11642401	0.01968475522221957	0.737855018049967	DYN_0004_D10-report.csv.summarized	DYN_0004_D10	illumina	sourmash	default	sourmash_default
	2720801	Candidatus Avimonas	Candidatus Avimonas	genus	0.01516869243723	abund_weighted	0.0001516869243723	Bacteria;Firmicutes;Clostridia;;;Candidatus Avimonas	DYN_0004_D10	7da55b41	/home/Users/pacbio_bakeoff/data/DYN/illumina/DYN_0004_D10_St_M_10_S7_R2_001.fastq	0.0005729560631004	0.0001516869243723	837000	0.7860013073027478	11642401	0.020557822426034905	0.737855018049967	DYN_0004_D10-report.csv.summarized	DYN_0004_D10	illumina	sourmash	default	sourmash_default
	544	Citrobacter	Citrobacter	genus	0.01136363538758	abund_weighted	0.0001136363538758	Bacteria;Proteobacteria;Gammaproteobacteria;Enterobacterales;Enterobacteriaceae;Citrobacter	DYN_0004_D10	7da55b41	/home/Users/pacbio_bakeoff/data/DYN/illumina/DYN_0004_D10_St_M_10_S7_R2_001.fastq	0.0005243540553583	0.0001136363538758	766000	0.7837570126835226	11642401	0.015400905475458138	0.737855018049967	DYN_0004_D10-report.csv.summarized	DYN_0004_D10	illumina	sourmash	default	sourmash_default
	1926663	Phocea	Phocea	genus	0.012222564744160001	abund_weighted	0.0001222256474416	Bacteria;Firmicutes;Clostridia;Eubacteriales;Oscillospiraceae;Phocea	DYN_0004_D10	7da55b41	/home/Users/pacbio_bakeoff/data/DYN/illumina/DYN_0004_D10_St_M_10_S7_R2_001.fastq	0.0004812283301787	0.0001222256474416	703000	0.7815901373867655	11642401	0.01656499508055429	0.737855018049967	DYN_0004_D10-report.csv.summarized	DYN_0004_D10	illumina	sourmash	default	sourmash_default
	596767	Hydrogenoanaerobacterium	Hydrogenoanaerobacterium	genus	0.013330583614149998	abund_weighted	0.0001333058361415	Bacteria;Firmicutes;Clostridia;Eubacteriales;Oscillospiraceae;Hydrogenoanaerobacterium	DYN_0004_D10	7da55b41	/home/Users/pacbio_bakeoff/data/DYN/illumina/DYN_0004_D10_St_M_10_S7_R2_001.fastq	0.0004470015641632	0.0001333058361415	653000	0.7797321706971717	11642401	0.018066670671130762	0.737855018049967	DYN_0004_D10-report.csv.summarized	DYN_0004_D10	illumina	sourmash	default	sourmash_default
	2840617	Candidatus Scatomonas	Candidatus Scatomonas	genus	0.01028138439828	abund_weighted	0.0001028138439828	Bacteria;Firmicutes;Clostridia;Eubacteriales;Lachnospiraceae;Candidatus Scatomonas	DYN_0004_D10	7da55b41	/home/Users/pacbio_bakeoff/data/DYN/illumina/DYN_0004_D10_St_M_10_S7_R2_001.fastq	0.0004346799283976	0.0001028138439828	635000	0.7790294174036921	11642401	0.013934152573024518	0.737855018049967	DYN_0004_D10-report.csv.summarized	DYN_0004_D10	illumina	sourmash	default	sourmash_default
	1940255	Fournierella	Fournierella	genus	0.013115851275	abund_weighted	0.00013115851275	Bacteria;Firmicutes;Clostridia;Eubacteriales;Oscillospiraceae;Fournierella	DYN_0004_D10	7da55b41	/home/Users/pacbio_bakeoff/data/DYN/illumina/DYN_0004_D10_St_M_10_S7_R2_001.fastq	0.0004237273632726	0.00013115851275	619000	0.7783883710600039	11642401	0.01777564826984995	0.737855018049967	DYN_0004_D10-report.csv.summarized	DYN_0004_D10	illumina	sourmash	default	sourmash_default
	1743	Propionibacterium	Propionibacterium	genus	0.007696007034975002	abund_weighted	7.696007034975003e-05	Bacteria;Actinobacteria;Actinomycetia;Propionibacteriales;Propionibacteriaceae;Propionibacterium	DYN_0004_D10	7da55b41	/home/Users/pacbio_bakeoff/data/DYN/illumina/DYN_0004_D10_St_M_10_S7_R2_001.fastq	0.0003730717495695	7.696007034975003e-05	545000	0.7751980237888982	11642401	0.010430242861686189	0.737855018049967	DYN_0004_D10-report.csv.summarized	DYN_0004_D10	illumina	sourmash	default	sourmash_default
	1918450	Cuneatibacter	Cuneatibacter	genus	0.007489863989395315	abund_weighted	7.489863989395315e-05	Bacteria;Firmicutes;Clostridia;Eubacteriales;Lachnospiraceae;Cuneatibacter	DYN_0004_D10	7da55b41	/home/Users/pacbio_bakeoff/data/DYN/illumina/DYN_0004_D10_St_M_10_S7_R2_001.fastq	0.0003634882550852	7.489863989395315e-05	531000	0.7745475362897418	11642401	0.010150861356462452	0.737855018049967	DYN_0004_D10-report.csv.summarized	DYN_0004_D10	illumina	sourmash	default	sourmash_default
	1926556	Emergencia	Emergencia	genus	0.007223595888854885	abund_weighted	7.223595888854885e-05	Bacteria;Firmicutes;Clostridia;Eubacteriales;Eubacteriales Family XIII. Incertae Sedis;Emergencia	DYN_0004_D10	7da55b41	/home/Users/pacbio_bakeoff/data/DYN/illumina/DYN_0004_D10_St_M_10_S7_R2_001.fastq	0.0003415831248352	7.223595888854885e-05	499000	0.7729961012123017	11642401	0.00978999357888179	0.737855018049967	DYN_0004_D10-report.csv.summarized	DYN_0004_D10	illumina	sourmash	default	sourmash_default
	264995	Anaerofustis	Anaerofustis	genus	0.006433380880799415	abund_weighted	6.433380880799415e-05	Bacteria;Firmicutes;Clostridia;Eubacteriales;Eubacteriaceae;Anaerofustis	DYN_0004_D10	7da55b41	/home/Users/pacbio_bakeoff/data/DYN/illumina/DYN_0004_D10_St_M_10_S7_R2_001.fastq	0.0003100945001009	6.433380880799415e-05	453000	0.7705882616785308	11642401	0.008719031142190798	0.737855018049967	DYN_0004_D10-report.csv.summarized	DYN_0004_D10	illumina	sourmash	default	sourmash_default
	397864	Barnesiella	Barnesiella	genus	0.017702534039149998	abund_weighted	0.0001770253403915	Bacteria;Bacteroidetes;Bacteroidia;Bacteroidales;Barnesiellaceae;Barnesiella	DYN_0004_D10	7da55b41	/home/Users/pacbio_bakeoff/data/DYN/illumina/DYN_0004_D10_St_M_10_S7_R2_001.fastq	0.00028613576389	0.0001770253403915	418000	0.7685920280609336	11642401	0.023991886761080744	0.737855018049967	DYN_0004_D10-report.csv.summarized	DYN_0004_D10	illumina	sourmash	default	sourmash_default
	204475	Gemmiger	Gemmiger	genus	0.025389951780560003	abund_weighted	0.0002538995178056	Bacteria;Firmicutes;Clostridia;Eubacteriales;;Gemmiger	DYN_0004_D10	7da55b41	/home/Users/pacbio_bakeoff/data/DYN/illumina/DYN_0004_D10_St_M_10_S7_R2_001.fastq	0.0002820285519682	0.0002538995178056	412000	0.7682336481730295	11642401	0.034410488726717064	0.737855018049967	DYN_0004_D10-report.csv.summarized	DYN_0004_D10	illumina	sourmash	default	sourmash_default
	172900	Victivallis	Victivallis	genus	0.005832130331191994	abund_weighted	5.832130331191994e-05	Bacteria;Lentisphaerae;Lentisphaeria;Victivallales;Victivallaceae;Victivallis	DYN_0004_D10	7da55b41	/home/Users/pacbio_bakeoff/data/DYN/illumina/DYN_0004_D10_St_M_10_S7_R2_001.fastq	0.0002731295928041	5.832130331191994e-05	399000	0.76743950874322	11642401	0.007904168418621564	0.737855018049967	DYN_0004_D10-report.csv.summarized	DYN_0004_D10	illumina	sourmash	default	sourmash_default
	286	Pseudomonas	Pseudomonas	genus	0.005239469075150392	abund_weighted	5.239469075150392e-05	Bacteria;Proteobacteria;Gammaproteobacteria;Pseudomonadales;Pseudomonadaceae;Pseudomonas	DYN_0004_D10	7da55b41	/home/Users/pacbio_bakeoff/data/DYN/illumina/DYN_0004_D10_St_M_10_S7_R2_001.fastq	0.0002676533102416	5.239469075150392e-05	391000	0.7669382657307013	11642401	0.007100946591103321	0.737855018049967	DYN_0004_D10-report.csv.summarized	DYN_0004_D10	illumina	sourmash	default	sourmash_default
	1654	Actinomyces	Actinomyces	genus	0.0054370228271642595	abund_weighted	5.437022827164259e-05	Bacteria;Actinobacteria;Actinomycetia;Actinomycetales;Actinomycetaceae;Actinomyces	DYN_0004_D10	7da55b41	/home/Users/pacbio_bakeoff/data/DYN/illumina/DYN_0004_D10_St_M_10_S7_R2_001.fastq	0.0002655997042807	5.437022827164259e-05	388000	0.7667477369000925	11642401	0.007368687200276069	0.737855018049967	DYN_0004_D10-report.csv.summarized	DYN_0004_D10	illumina	sourmash	default	sourmash_default
	84108	Slackia	Slackia	genus	0.005823541037626173	abund_weighted	5.823541037626173e-05	Bacteria;Actinobacteria;Coriobacteriia;Eggerthellales;Eggerthellaceae;Slackia	DYN_0004_D10	7da55b41	/home/Users/pacbio_bakeoff/data/DYN/illumina/DYN_0004_D10_St_M_10_S7_R2_001.fastq	0.0002621770276791	5.823541037626173e-05	383000	0.7664269979757211	11642401	0.007892527522570575	0.737855018049967	DYN_0004_D10-report.csv.summarized	DYN_0004_D10	illumina	sourmash	default	sourmash_default
	419014	Alloscardovia	Alloscardovia	genus	0.005522915762822462	abund_weighted	5.5229157628224624e-05	Bacteria;Actinobacteria;Actinomycetia;Bifidobacteriales;Bifidobacteriaceae;Alloscardovia	DYN_0004_D10	7da55b41	/home/Users/pacbio_bakeoff/data/DYN/illumina/DYN_0004_D10_St_M_10_S7_R2_001.fastq	0.0002512244625542	5.5229157628224624e-05	367000	0.7653726964561173	11642401	0.007485096160785959	0.737855018049967	DYN_0004_D10-report.csv.summarized	DYN_0004_D10	illumina	sourmash	default	sourmash_default
	1763	Mycobacterium	Mycobacterium	genus	0.005900844679718556	abund_weighted	5.900844679718556e-05	Bacteria;Actinobacteria;Actinomycetia;Corynebacteriales;Mycobacteriaceae;Mycobacterium	DYN_0004_D10	7da55b41	/home/Users/pacbio_bakeoff/data/DYN/illumina/DYN_0004_D10_St_M_10_S7_R2_001.fastq	0.0002491708565932	5.900844679718556e-05	364000	0.7651700728269958	11642401	0.007997295587029477	0.737855018049967	DYN_0004_D10-report.csv.summarized	DYN_0004_D10	illumina	sourmash	default	sourmash_default
	2721122	Candidatus Schneewindia	Candidatus Schneewindia	genus	0.005222290488018751	abund_weighted	5.222290488018751e-05	Bacteria;Firmicutes;Clostridia;;;Candidatus Schneewindia	DYN_0004_D10	7da55b41	/home/Users/pacbio_bakeoff/data/DYN/illumina/DYN_0004_D10_St_M_10_S7_R2_001.fastq	0.0002361646855073	5.222290488018751e-05	345000	0.7638479793219454	11642401	0.0070776647990013425	0.737855018049967	DYN_0004_D10-report.csv.summarized	DYN_0004_D10	illumina	sourmash	default	sourmash_default
	2840587	Candidatus Faecivicinus	Candidatus Faecivicinus	genus	0.004973200974609962	abund_weighted	4.973200974609962e-05	Bacteria;Firmicutes;Clostridia;Eubacteriales;;Candidatus Faecivicinus	DYN_0004_D10	7da55b41	/home/Users/pacbio_bakeoff/data/DYN/illumina/DYN_0004_D10_St_M_10_S7_R2_001.fastq	0.000213575019937	4.973200974609962e-05	312000	0.7613746305861688	11642401	0.00674007881352266	0.737855018049967	DYN_0004_D10-report.csv.summarized	DYN_0004_D10	illumina	sourmash	default	sourmash_default
	2717089	Massilistercora	Massilistercora	genus	0.0191970711196	abund_weighted	0.000191970711196	Bacteria;Firmicutes;Clostridia;Eubacteriales;;Massilistercora	DYN_0004_D10	7da55b41	/home/Users/pacbio_bakeoff/data/DYN/illumina/DYN_0004_D10_St_M_10_S7_R2_001.fastq	0.000195777101609	0.000191970711196	286000	0.759240586440357	11642401	0.026017402673949138	0.737855018049967	DYN_0004_D10-report.csv.summarized	DYN_0004_D10	illumina	sourmash	default	sourmash_default
	580596	Butyricicoccus	Butyricicoccus	genus	0.009456812215968169	abund_weighted	9.456812215968168e-05	Bacteria;Firmicutes;Clostridia;Eubacteriales;Clostridiaceae;Butyricicoccus	DYN_0004_D10	7da55b41	/home/Users/pacbio_bakeoff/data/DYN/illumina/DYN_0004_D10_St_M_10_S7_R2_001.fastq	0.0001868781424449	9.456812215968168e-05	273000	0.7581020897988132	11642401	0.012816626552138947	0.737855018049967	DYN_0004_D10-report.csv.summarized	DYN_0004_D10	illumina	sourmash	default	sourmash_default
	2569097	Anaerobutyricum	Anaerobutyricum	genus	0.01782278414907	abund_weighted	0.0001782278414907	Bacteria;Firmicutes;Clostridia;Eubacteriales;Lachnospiraceae;Anaerobutyricum	DYN_0004_D10	7da55b41	/home/Users/pacbio_bakeoff/data/DYN/illumina/DYN_0004_D10_St_M_10_S7_R2_001.fastq	0.0001861936071246	0.0001782278414907	272000	0.7580123522349357	11642401	0.024154859305792586	0.737855018049967	DYN_0004_D10-report.csv.summarized	DYN_0004_D10	illumina	sourmash	default	sourmash_default
	29465	Veillonella	Veillonella	genus	0.007129113659630862	abund_weighted	7.129113659630862e-05	Bacteria;Firmicutes;Negativicutes;Veillonellales;Veillonellaceae;Veillonella	DYN_0004_D10	7da55b41	/home/Users/pacbio_bakeoff/data/DYN/illumina/DYN_0004_D10_St_M_10_S7_R2_001.fastq	0.0001855090718043	7.129113659630862e-05	271000	0.7579222948263288	11642401	0.009661943722320912	0.737855018049967	DYN_0004_D10-report.csv.summarized	DYN_0004_D10	illumina	sourmash	default	sourmash_default
	2840610	Candidatus Copromorpha	Candidatus Copromorpha	genus	0.003710574820434376	abund_weighted	3.710574820434376e-05	Bacteria;Firmicutes;Clostridia;Eubacteriales;Eubacteriaceae;Candidatus Copromorpha	DYN_0004_D10	7da55b41	/home/Users/pacbio_bakeoff/data/DYN/illumina/DYN_0004_D10_St_M_10_S7_R2_001.fastq	0.0001772946479605	3.710574820434376e-05	259000	0.7568157847395581	11642401	0.00502886709402727	0.737855018049967	DYN_0004_D10-report.csv.summarized	DYN_0004_D10	illumina	sourmash	default	sourmash_default
	1769710	Sellimonas	Sellimonas	genus	0.006828488384827151	abund_weighted	6.828488384827151e-05	Bacteria;Firmicutes;Clostridia;Eubacteriales;Lachnospiraceae;Sellimonas	DYN_0004_D10	7da55b41	/home/Users/pacbio_bakeoff/data/DYN/illumina/DYN_0004_D10_St_M_10_S7_R2_001.fastq	0.0001745565066793	6.828488384827151e-05	255000	0.7564358971534467	11642401	0.009254512360536295	0.737855018049967	DYN_0004_D10-report.csv.summarized	DYN_0004_D10	illumina	sourmash	default	sourmash_default
	420345	Lactonifactor	Lactonifactor	genus	0.0033670030778015637	abund_weighted	3.3670030778015635e-05	Bacteria;Firmicutes;Clostridia;Eubacteriales;Clostridiaceae;Lactonifactor	DYN_0004_D10	7da55b41	/home/Users/pacbio_bakeoff/data/DYN/illumina/DYN_0004_D10_St_M_10_S7_R2_001.fastq	0.0001718183653981	3.3670030778015635e-05	251000	0.7560501984234536	11642401	0.004563231251987708	0.737855018049967	DYN_0004_D10-report.csv.summarized	DYN_0004_D10	illumina	sourmash	default	sourmash_default
	2508948	Candidatus Borkfalkia	Candidatus Borkfalkia	genus	0.003109324270826954	abund_weighted	3.109324270826954e-05	Bacteria;Firmicutes;Clostridia;Candidatus Borkfalkiales;Candidatus Borkfalkiaceae;Candidatus Borkfalkia	DYN_0004_D10	7da55b41	/home/Users/pacbio_bakeoff/data/DYN/illumina/DYN_0004_D10_St_M_10_S7_R2_001.fastq	0.0001622348709137	3.109324270826954e-05	237000	0.7546517566915565	11642401	0.004214004370458035	0.737855018049967	DYN_0004_D10-report.csv.summarized	DYN_0004_D10	illumina	sourmash	default	sourmash_default
	1918538	Longibaculum	Longibaculum	genus	0.003126502857958595	abund_weighted	3.126502857958595e-05	Bacteria;Firmicutes;Erysipelotrichia;Erysipelotrichales;Erysipelotrichaceae;Longibaculum	DYN_0004_D10	7da55b41	/home/Users/pacbio_bakeoff/data/DYN/illumina/DYN_0004_D10_St_M_10_S7_R2_001.fastq	0.0001588121943121	3.126502857958595e-05	232000	0.7541328620893634	11642401	0.004237286162560015	0.737855018049967	DYN_0004_D10-report.csv.summarized	DYN_0004_D10	illumina	sourmash	default	sourmash_default
	508459	Cloacibacillus	Cloacibacillus	genus	0.003598914004078712	abund_weighted	3.5989140040787123e-05	Bacteria;Synergistetes;Synergistia;Synergistales;Synergistaceae;Cloacibacillus	DYN_0004_D10	7da55b41	/home/Users/pacbio_bakeoff/data/DYN/illumina/DYN_0004_D10_St_M_10_S7_R2_001.fastq	0.0001574431236715	3.5989140040787123e-05	230000	0.7539222679627312	11642401	0.004877535445364413	0.737855018049967	DYN_0004_D10-report.csv.summarized	DYN_0004_D10	illumina	sourmash	default	sourmash_default
	2840580	Candidatus Avimonoglobus	Candidatus Avimonoglobus	genus	0.0027313953539308605	abund_weighted	2.7313953539308603e-05	Bacteria;Firmicutes;Clostridia;Eubacteriales;;Candidatus Avimonoglobus	DYN_0004_D10	7da55b41	/home/Users/pacbio_bakeoff/data/DYN/illumina/DYN_0004_D10_St_M_10_S7_R2_001.fastq	0.0001362225287419	2.7313953539308603e-05	199000	0.7504095507484947	11642401	0.0037018049442145186	0.737855018049967	DYN_0004_D10-report.csv.summarized	DYN_0004_D10	illumina	sourmash	default	sourmash_default
	1774128	Murimonas	Murimonas	genus	0.0026025559504435553	abund_weighted	2.6025559504435555e-05	Bacteria;Firmicutes;Clostridia;Eubacteriales;Lachnospiraceae;Murimonas	DYN_0004_D10	7da55b41	/home/Users/pacbio_bakeoff/data/DYN/illumina/DYN_0004_D10_St_M_10_S7_R2_001.fastq	0.0001327998521403	2.6025559504435555e-05	194000	0.7497938221757369	11642401	0.003527191503449682	0.737855018049967	DYN_0004_D10-report.csv.summarized	DYN_0004_D10	illumina	sourmash	default	sourmash_default
	207244	Anaerostipes	Anaerostipes	genus	0.0032038065000509776	abund_weighted	3.203806500050978e-05	Bacteria;Firmicutes;Clostridia;Eubacteriales;Lachnospiraceae;Anaerostipes	DYN_0004_D10	7da55b41	/home/Users/pacbio_bakeoff/data/DYN/illumina/DYN_0004_D10_St_M_10_S7_R2_001.fastq	0.0001280081048981	3.203806500050978e-05	187000	0.7489054914139162	11642401	0.0043420542270189155	0.737855018049967	DYN_0004_D10-report.csv.summarized	DYN_0004_D10	illumina	sourmash	default	sourmash_default
	1980681	Colidextribacter	Colidextribacter	genus	0.02317391404058	abund_weighted	0.0002317391404058	Bacteria;Firmicutes;Clostridia;Eubacteriales;;Colidextribacter	DYN_0004_D10	7da55b41	/home/Users/pacbio_bakeoff/data/DYN/illumina/DYN_0004_D10_St_M_10_S7_R2_001.fastq	0.0001266390342575	0.0002317391404058	185000	0.7486457679186834	11642401	0.03140713754556411	0.737855018049967	DYN_0004_D10-report.csv.summarized	DYN_0004_D10	illumina	sourmash	default	sourmash_default
	32207	Rothia	Rothia	genus	0.0024994844276537117	abund_weighted	2.4994844276537115e-05	Bacteria;Actinobacteria;Actinomycetia;Micrococcales;Micrococcaceae;Rothia	DYN_0004_D10	7da55b41	/home/Users/pacbio_bakeoff/data/DYN/illumina/DYN_0004_D10_St_M_10_S7_R2_001.fastq	0.0001239008929763	2.4994844276537115e-05	181000	0.7481180671009396	11642401	0.0033875007508378137	0.737855018049967	DYN_0004_D10-report.csv.summarized	DYN_0004_D10	illumina	sourmash	default	sourmash_default
	1501226	Romboutsia	Romboutsia	genus	0.002319109262771485	abund_weighted	2.319109262771485e-05	Bacteria;Firmicutes;Clostridia;Eubacteriales;Peptostreptococcaceae;Romboutsia	DYN_0004_D10	7da55b41	/home/Users/pacbio_bakeoff/data/DYN/illumina/DYN_0004_D10_St_M_10_S7_R2_001.fastq	0.0001170555397732	2.319109262771485e-05	171000	0.7467477703904066	11642401	0.0031430419337670434	0.737855018049967	DYN_0004_D10-report.csv.summarized	DYN_0004_D10	illumina	sourmash	default	sourmash_default
	1980693	Negativibacillus	Negativibacillus	genus	0.01019549146262	abund_weighted	0.0001019549146262	Bacteria;Firmicutes;;;;Negativibacillus	DYN_0004_D10	7da55b41	/home/Users/pacbio_bakeoff/data/DYN/illumina/DYN_0004_D10_St_M_10_S7_R2_001.fastq	0.000112263792531	0.0001019549146262	164000	0.7457416129491747	11642401	0.013817743612512194	0.737855018049967	DYN_0004_D10-report.csv.summarized	DYN_0004_D10	illumina	sourmash	default	sourmash_default
	990721	Christensenella	Christensenella	genus	0.002078609042928516	abund_weighted	2.078609042928516e-05	Bacteria;Firmicutes;Clostridia;Eubacteriales;Christensenellaceae;Christensenella	DYN_0004_D10	7da55b41	/home/Users/pacbio_bakeoff/data/DYN/illumina/DYN_0004_D10_St_M_10_S7_R2_001.fastq	0.0001088411159294	2.078609042928516e-05	159000	0.7449971518827829	11642401	0.00281709684433935	0.737855018049967	DYN_0004_D10-report.csv.summarized	DYN_0004_D10	illumina	sourmash	default	sourmash_default
	2720802	Candidatus Avispirillum	Candidatus Avispirillum	genus	0.002138734097889258	abund_weighted	2.1387340978892583e-05	Bacteria;Firmicutes;Clostridia;;;Candidatus Avispirillum	DYN_0004_D10	7da55b41	/home/Users/pacbio_bakeoff/data/DYN/illumina/DYN_0004_D10_St_M_10_S7_R2_001.fastq	0.0001067875099685	2.1387340978892583e-05	156000	0.7445395231068394	11642401	0.002898583116696273	0.737855018049967	DYN_0004_D10-report.csv.summarized	DYN_0004_D10	illumina	sourmash	default	sourmash_default
	1929297	Bittarella	Bittarella	genus	0.0038737713981849622	abund_weighted	3.873771398184962e-05	Bacteria;Firmicutes;Clostridia;Eubacteriales;Oscillospiraceae;Bittarella	DYN_0004_D10	7da55b41	/home/Users/pacbio_bakeoff/data/DYN/illumina/DYN_0004_D10_St_M_10_S7_R2_001.fastq	0.000101311227406	3.873771398184962e-05	148000	0.743276230249222	11642401	0.005250044118996062	0.737855018049967	DYN_0004_D10-report.csv.summarized	DYN_0004_D10	illumina	sourmash	default	sourmash_default
	2840563	Candidatus Excrementavichristensenella	Candidatus Excrementavichristensenella	genus	0.0020614304557968754	abund_weighted	2.0614304557968755e-05	Bacteria;Firmicutes;Clostridia;;;Candidatus Excrementavichristensenella	DYN_0004_D10	7da55b41	/home/Users/pacbio_bakeoff/data/DYN/illumina/DYN_0004_D10_St_M_10_S7_R2_001.fastq	0.0001006266920857	2.0614304557968755e-05	147000	0.7431136938236854	11642401	0.002793815052237372	0.737855018049967	DYN_0004_D10-report.csv.summarized	DYN_0004_D10	illumina	sourmash	default	sourmash_default
	570	Klebsiella	Klebsiella	genus	0.003049199215866212	abund_weighted	3.049199215866212e-05	Bacteria;Proteobacteria;Gammaproteobacteria;Enterobacterales;Enterobacteriaceae;Klebsiella	DYN_0004_D10	7da55b41	/home/Users/pacbio_bakeoff/data/DYN/illumina/DYN_0004_D10_St_M_10_S7_R2_001.fastq	9.104319760138824e-05	3.049199215866212e-05	133000	0.7407184209048657	11642401	0.004132518098101113	0.737855018049967	DYN_0004_D10-report.csv.summarized	DYN_0004_D10	illumina	sourmash	default	sourmash_default
	2767887	Ligilactobacillus	Ligilactobacillus	genus	0.0018638767037830078	abund_weighted	1.863876703783008e-05	Bacteria;Firmicutes;Bacilli;Lactobacillales;Lactobacillaceae;Ligilactobacillus	DYN_0004_D10	7da55b41	/home/Users/pacbio_bakeoff/data/DYN/illumina/DYN_0004_D10_St_M_10_S7_R2_001.fastq	8.625145035920991e-05	1.863876703783008e-05	126000	0.7394276569497458	11642401	0.0025260744430646233	0.737855018049967	DYN_0004_D10-report.csv.summarized	DYN_0004_D10	illumina	sourmash	default	sourmash_default
	2840598	Candidatus Scatomorpha	Candidatus Scatomorpha	genus	0.002980484867339649	abund_weighted	2.9804848673396493e-05	Bacteria;Firmicutes;Clostridia;Eubacteriales;;Candidatus Scatomorpha	DYN_0004_D10	7da55b41	/home/Users/pacbio_bakeoff/data/DYN/illumina/DYN_0004_D10_St_M_10_S7_R2_001.fastq	8.282877375765396e-05	2.9804848673396493e-05	121000	0.7384624670377291	11642401	0.0040393909296931995	0.737855018049967	DYN_0004_D10-report.csv.summarized	DYN_0004_D10	illumina	sourmash	default	sourmash_default
	4842	Rhizopus	Rhizopus	genus	0.02198000223493	abund_weighted	0.0002198000223493	Eukaryota;Mucoromycota;Mucoromycetes;Mucorales;Rhizopodaceae;Rhizopus	DYN_0004_D10	7da55b41	/home/Users/pacbio_bakeoff/data/DYN/illumina/DYN_0004_D10_St_M_10_S7_R2_001.fastq	6.571539074987422e-05	0.0002198000223493	96000	0.7329697227135332	11642401	0.029789052994475308	0.737855018049967	DYN_0004_D10-report.csv.summarized	DYN_0004_D10	illumina	sourmash	default	sourmash_default
	194	Campylobacter	Campylobacter	genus	0.0012454475670439457	abund_weighted	1.2454475670439457e-05	Bacteria;Proteobacteria;Epsilonproteobacteria;Campylobacterales;Campylobacteraceae;Campylobacter	DYN_0004_D10	7da55b41	/home/Users/pacbio_bakeoff/data/DYN/illumina/DYN_0004_D10_St_M_10_S7_R2_001.fastq	6.571539074987422e-05	1.2454475670439457e-05	96000	0.7329697227135332	11642401	0.0016879299273934122	0.737855018049967	DYN_0004_D10-report.csv.summarized	DYN_0004_D10	illumina	sourmash	default	sourmash_default
	1935176	Angelakisella	Angelakisella	genus	0.007730364209238283	abund_weighted	7.730364209238283e-05	Bacteria;Firmicutes;Clostridia;Eubacteriales;Oscillospiraceae;Angelakisella	DYN_0004_D10	7da55b41	/home/Users/pacbio_bakeoff/data/DYN/illumina/DYN_0004_D10_St_M_10_S7_R2_001.fastq	6.297724946862946e-05	7.730364209238283e-05	92000	0.7319641257788866	11642401	0.010476806445890144	0.737855018049967	DYN_0004_D10-report.csv.summarized	DYN_0004_D10	illumina	sourmash	default	sourmash_default
	2895461	Massiliimalia	Massiliimalia	genus	0.0014086441447945315	abund_weighted	1.4086441447945315e-05	Bacteria;Firmicutes;Clostridia;Eubacteriales;Oscillospiraceae;Massiliimalia	DYN_0004_D10	7da55b41	/home/Users/pacbio_bakeoff/data/DYN/illumina/DYN_0004_D10_St_M_10_S7_R2_001.fastq	5.818550222645113e-05	1.4086441447945315e-05	85000	0.7300979384978875	11642401	0.0019091069523622041	0.737855018049967	DYN_0004_D10-report.csv.summarized	DYN_0004_D10	illumina	sourmash	default	sourmash_default
	2720799	Candidatus Aristotella	Candidatus Aristotella	genus	0.001065072402161719	abund_weighted	1.065072402161719e-05	Bacteria;Firmicutes;Clostridia;;;Candidatus Aristotella	DYN_0004_D10	7da55b41	/home/Users/pacbio_bakeoff/data/DYN/illumina/DYN_0004_D10_St_M_10_S7_R2_001.fastq	5.544736094520637e-05	1.065072402161719e-05	81000	0.7289635865943207	11642401	0.0014434711103226423	0.737855018049967	DYN_0004_D10-report.csv.summarized	DYN_0004_D10	illumina	sourmash	default	sourmash_default
	1686313	Fenollaria	Fenollaria	genus	0.0013571083833996095	abund_weighted	1.3571083833996095e-05	Bacteria;Firmicutes;Clostridia;Eubacteriales;;Fenollaria	DYN_0004_D10	7da55b41	/home/Users/pacbio_bakeoff/data/DYN/illumina/DYN_0004_D10_St_M_10_S7_R2_001.fastq	5.544736094520637e-05	1.3571083833996095e-05	81000	0.7289635865943207	11642401	0.0018392615760562695	0.737855018049967	DYN_0004_D10-report.csv.summarized	DYN_0004_D10	illumina	sourmash	default	sourmash_default
	2840576	Candidatus Aphodomonas	Candidatus Aphodomonas	genus	0.0010822509892933596	abund_weighted	1.0822509892933596e-05	Bacteria;Firmicutes;Clostridia;Eubacteriales;;Candidatus Aphodomonas	DYN_0004_D10	7da55b41	/home/Users/pacbio_bakeoff/data/DYN/illumina/DYN_0004_D10_St_M_10_S7_R2_001.fastq	5.407829030458399e-05	1.0822509892933596e-05	79000	0.7283759191197504	11642401	0.0014667529024246203	0.737855018049967	DYN_0004_D10-report.csv.summarized	DYN_0004_D10	illumina	sourmash	default	sourmash_default
	2840572	Candidatus Gallacutalibacter	Candidatus Gallacutalibacter	genus	0.0012368582734781253	abund_weighted	1.2368582734781254e-05	Bacteria;Firmicutes;Clostridia;Eubacteriales;;Candidatus Gallacutalibacter	DYN_0004_D10	7da55b41	/home/Users/pacbio_bakeoff/data/DYN/illumina/DYN_0004_D10_St_M_10_S7_R2_001.fastq	5.407829030458399e-05	1.2368582734781254e-05	79000	0.7283759191197504	11642401	0.001676289031342423	0.737855018049967	DYN_0004_D10-report.csv.summarized	DYN_0004_D10	illumina	sourmash	default	sourmash_default
	47670	Lautropia	Lautropia	genus	0.0010135366407667973	abund_weighted	1.0135366407667972e-05	Bacteria;Proteobacteria;Betaproteobacteria;Burkholderiales;Burkholderiaceae;Lautropia	DYN_0004_D10	7da55b41	/home/Users/pacbio_bakeoff/data/DYN/illumina/DYN_0004_D10_St_M_10_S7_R2_001.fastq	5.33937549842728e-05	1.0135366407667972e-05	78000	0.7280766644948283	11642401	0.0013736257340167082	0.737855018049967	DYN_0004_D10-report.csv.summarized	DYN_0004_D10	illumina	sourmash	default	sourmash_default
	2721115	Candidatus Pararuminococcus	Candidatus Pararuminococcus	genus	0.004268878902212697	abund_weighted	4.268878902212697e-05	Bacteria;Firmicutes;Clostridia;;;Candidatus Pararuminococcus	DYN_0004_D10	7da55b41	/home/Users/pacbio_bakeoff/data/DYN/illumina/DYN_0004_D10_St_M_10_S7_R2_001.fastq	5.2709219663961614e-05	4.268878902212697e-05	77000	0.7277736737525109	11642401	0.005785525337341559	0.737855018049967	DYN_0004_D10-report.csv.summarized	DYN_0004_D10	illumina	sourmash	default	sourmash_default
	2719231	Lacrimispora	Lacrimispora	genus	0.004466432654226564	abund_weighted	4.466432654226564e-05	Bacteria;Firmicutes;Clostridia;Eubacteriales;Lachnospiraceae;Lacrimispora	DYN_0004_D10	7da55b41	/home/Users/pacbio_bakeoff/data/DYN/illumina/DYN_0004_D10_St_M_10_S7_R2_001.fastq	5.202468434365042e-05	4.466432654226564e-05	76000	0.7274668508080707	11642401	0.006053265946514306	0.737855018049967	DYN_0004_D10-report.csv.summarized	DYN_0004_D10	illumina	sourmash	default	sourmash_default
	1988	Actinomadura	Actinomadura	genus	0.008082525245436916	abund_weighted	8.082525245436916e-05	Bacteria;Actinobacteria;Actinomycetia;Streptosporangiales;Thermomonosporaceae;Actinomadura	DYN_0004_D10	7da55b41	/home/Users/pacbio_bakeoff/data/DYN/illumina/DYN_0004_D10_St_M_10_S7_R2_001.fastq	4.860200774209448e-05	8.082525245436916e-05	71000	0.7258716140970436	11642401	0.010954083183980695	0.737855018049967	DYN_0004_D10-report.csv.summarized	DYN_0004_D10	illumina	sourmash	default	sourmash_default
	2721118	Candidatus Pseudolachnospira	Candidatus Pseudolachnospira	genus	0.000979179466503516	abund_weighted	9.79179466503516e-06	Bacteria;Firmicutes;Clostridia;;;Candidatus Pseudolachnospira	DYN_0004_D10	7da55b41	/home/Users/pacbio_bakeoff/data/DYN/illumina/DYN_0004_D10_St_M_10_S7_R2_001.fastq	4.791747242178328e-05	9.79179466503516e-06	70000	0.725539553818319	11642401	0.001327062149812752	0.737855018049967	DYN_0004_D10-report.csv.summarized	DYN_0004_D10	illumina	sourmash	default	sourmash_default
	184869	Varibaculum	Varibaculum	genus	0.0009705901729376956	abund_weighted	9.705901729376956e-06	Bacteria;Actinobacteria;Actinomycetia;Actinomycetales;Actinomycetaceae;Varibaculum	DYN_0004_D10	7da55b41	/home/Users/pacbio_bakeoff/data/DYN/illumina/DYN_0004_D10_St_M_10_S7_R2_001.fastq	4.7232937101472095e-05	9.705901729376956e-06	69000	0.7252028707298886	11642401	0.0013154212537617627	0.737855018049967	DYN_0004_D10-report.csv.summarized	DYN_0004_D10	illumina	sourmash	default	sourmash_default
	162289	Peptoniphilus	Peptoniphilus	genus	0.0008503400630162112	abund_weighted	8.503400630162112e-06	Bacteria;Firmicutes;Tissierellia;Tissierellales;Peptoniphilaceae;Peptoniphilus	DYN_0004_D10	7da55b41	/home/Users/pacbio_bakeoff/data/DYN/illumina/DYN_0004_D10_St_M_10_S7_R2_001.fastq	4.244118985929376e-05	8.503400630162112e-06	62000	0.7227047160559615	11642401	0.0011524487090479158	0.737855018049967	DYN_0004_D10-report.csv.summarized	DYN_0004_D10	illumina	sourmash	default	sourmash_default
	2840557	Candidatus Faecaligallichristensenella	Candidatus Faecaligallichristensenella	genus	0.0006957327788314455	abund_weighted	6.957327788314455e-06	Bacteria;Firmicutes;Clostridia;;;Candidatus Faecaligallichristensenella	DYN_0004_D10	7da55b41	/home/Users/pacbio_bakeoff/data/DYN/illumina/DYN_0004_D10_St_M_10_S7_R2_001.fastq	3.491130133587068e-05	6.957327788314455e-06	51000	0.7181657855870405	11642401	0.000942912580130113	0.737855018049967	DYN_0004_D10-report.csv.summarized	DYN_0004_D10	illumina	sourmash	default	sourmash_default
	2721110	Candidatus Neochristensenella	Candidatus Neochristensenella	genus	0.0008503400630162112	abund_weighted	8.503400630162112e-06	Bacteria;Firmicutes;Clostridia;;;Candidatus Neochristensenella	DYN_0004_D10	7da55b41	/home/Users/pacbio_bakeoff/data/DYN/illumina/DYN_0004_D10_St_M_10_S7_R2_001.fastq	3.422676601555949e-05	8.503400630162112e-06	50000	0.7177071717797421	11642401	0.0011524487090479158	0.737855018049967	DYN_0004_D10-report.csv.summarized	DYN_0004_D10	illumina	sourmash	default	sourmash_default
	816	Bacteroides	Bacteroides	genus	9.79563225965567	abund_weighted	0.0979563225965567	Bacteria;Bacteroidetes;Bacteroidia;Bacteroidales;Bacteroidaceae;Bacteroides	DYN_0007_D01	b945ae08	/home/Users/pacbio_bakeoff/data/DYN/illumina/DYN_0007_D01_St_M_10_S11_R2_001.fastq	0.0312135588572453	0.0979563225965567	47351000	0.8941912764246284	9556841	17.240164491433916	0.5681867052093851	DYN_0007_D01-report.csv.summarized	DYN_0007_D01	illumina	sourmash	default	sourmash_default
	1485	Clostridium	Clostridium	genus	1.7740485585142602	abund_weighted	0.0177404855851426	Bacteria;Firmicutes;Clostridia;Eubacteriales;Clostridiaceae;Clostridium	DYN_0007_D01	b945ae08	/home/Users/pacbio_bakeoff/data/DYN/illumina/DYN_0007_D01_St_M_10_S11_R2_001.fastq	0.0143790280955648	0.0177404855851426	21813000	0.8721113134333097	9556841	3.1222986075686117	0.5681867052093851	DYN_0007_D01-report.csv.summarized	DYN_0007_D01	illumina	sourmash	default	sourmash_default
	239759	Alistipes	Alistipes	genus	5.6308773997600206	abund_weighted	0.0563087739976002	Bacteria;Bacteroidetes;Bacteroidia;Bacteroidales;Rikenellaceae;Alistipes	DYN_0007_D01	b945ae08	/home/Users/pacbio_bakeoff/data/DYN/illumina/DYN_0007_D01_St_M_10_S11_R2_001.fastq	0.0123678230930632	0.0563087739976002	18762000	0.8678827832031125	9556841	9.910258983770062	0.5681867052093851	DYN_0007_D01-report.csv.summarized	DYN_0007_D01	illumina	sourmash	default	sourmash_default
	572511	Blautia	Blautia	genus	0.90879402513864	abund_weighted	0.0090879402513864	Bacteria;Firmicutes;Clostridia;Eubacteriales;Lachnospiraceae;Blautia	DYN_0007_D01	b945ae08	/home/Users/pacbio_bakeoff/data/DYN/illumina/DYN_0007_D01_St_M_10_S11_R2_001.fastq	0.011017131827863	0.0090879402513864	16713000	0.8646511448441905	9556841	1.599463726986953	0.5681867052093851	DYN_0007_D01-report.csv.summarized	DYN_0007_D01	illumina	sourmash	default	sourmash_default
	216851	Faecalibacterium	Faecalibacterium	genus	1.6860906234601898	abund_weighted	0.0168609062346019	Bacteria;Firmicutes;Clostridia;Eubacteriales;Oscillospiraceae;Faecalibacterium	DYN_0007_D01	b945ae08	/home/Users/pacbio_bakeoff/data/DYN/illumina/DYN_0007_D01_St_M_10_S11_R2_001.fastq	0.0104376991181943	0.0168609062346019	15834000	0.8631455283519707	9556841	2.967493973374194	0.5681867052093851	DYN_0007_D01-report.csv.summarized	DYN_0007_D01	illumina	sourmash	default	sourmash_default
	1649459	Hungatella	Hungatella	genus	1.2429002428731402	abund_weighted	0.0124290024287314	Bacteria;Firmicutes;Clostridia;Eubacteriales;Clostridiaceae;Hungatella	DYN_0007_D01	b945ae08	/home/Users/pacbio_bakeoff/data/DYN/illumina/DYN_0007_D01_St_M_10_S11_R2_001.fastq	0.0092742193314308	0.0124290024287314	14069000	0.8598611000961054	9556841	2.1874856125243434	0.5681867052093851	DYN_0007_D01-report.csv.summarized	DYN_0007_D01	illumina	sourmash	default	sourmash_default
	1301	Streptococcus	Streptococcus	genus	0.98285615508304	abund_weighted	0.0098285615508304	Bacteria;Firmicutes;Bacilli;Lactobacillales;Streptococcaceae;Streptococcus	DYN_0007_D01	b945ae08	/home/Users/pacbio_bakeoff/data/DYN/illumina/DYN_0007_D01_St_M_10_S11_R2_001.fastq	0.0081582016096231	0.0098285615508304	12376000	0.85631209546591	9556841	1.7298119545420256	0.5681867052093851	DYN_0007_D01-report.csv.summarized	DYN_0007_D01	illumina	sourmash	default	sourmash_default
	375288	Parabacteroides	Parabacteroides	genus	2.00743111662106	abund_weighted	0.0200743111662106	Bacteria;Bacteroidetes;Bacteroidia;Bacteroidales;Tannerellaceae;Parabacteroides	DYN_0007_D01	b945ae08	/home/Users/pacbio_bakeoff/data/DYN/illumina/DYN_0007_D01_St_M_10_S11_R2_001.fastq	0.0065491057685525	0.0200743111662106	9935000	0.8502649136638877	9556841	3.533048376908595	0.5681867052093851	DYN_0007_D01-report.csv.summarized	DYN_0007_D01	illumina	sourmash	default	sourmash_default
	570	Klebsiella	Klebsiella	genus	3.03451736823914	abund_weighted	0.0303451736823914	Bacteria;Proteobacteria;Gammaproteobacteria;Enterobacterales;Enterobacteriaceae;Klebsiella	DYN_0007_D01	b945ae08	/home/Users/pacbio_bakeoff/data/DYN/illumina/DYN_0007_D01_St_M_10_S11_R2_001.fastq	0.0062603782067381	0.0303451736823914	9497000	0.8490291456709431	9556841	5.340704631800346	0.5681867052093851	DYN_0007_D01-report.csv.summarized	DYN_0007_D01	illumina	sourmash	default	sourmash_default
	574697	Butyricimonas	Butyricimonas	genus	0.49381380311757	abund_weighted	0.0049381380311757	Bacteria;Bacteroidetes;Bacteroidia;Bacteroidales;Odoribacteraceae;Butyricimonas	DYN_0007_D01	b945ae08	/home/Users/pacbio_bakeoff/data/DYN/illumina/DYN_0007_D01_St_M_10_S11_R2_001.fastq	0.0060197719052261	0.0049381380311757	9132000	0.8479564530087945	9556841	0.8691048181699226	0.5681867052093851	DYN_0007_D01-report.csv.summarized	DYN_0007_D01	illumina	sourmash	default	sourmash_default
	1263	Ruminococcus	Ruminococcus	genus	0.5205276513442	abund_weighted	0.005205276513442	Bacteria;Firmicutes;Clostridia;Eubacteriales;Oscillospiraceae;Ruminococcus	DYN_0007_D01	b945ae08	/home/Users/pacbio_bakeoff/data/DYN/illumina/DYN_0007_D01_St_M_10_S11_R2_001.fastq	0.0049584673971869	0.005205276513442	7522000	0.8426677432526475	9556841	0.9161207866565234	0.5681867052093851	DYN_0007_D01-report.csv.summarized	DYN_0007_D01	illumina	sourmash	default	sourmash_default
	909656	Phocaeicola	Phocaeicola	genus	7.56446612431869	abund_weighted	0.0756446612431869	Bacteria;Bacteroidetes;Bacteroidia;Bacteroidales;Bacteroidaceae;Phocaeicola	DYN_0007_D01	b945ae08	/home/Users/pacbio_bakeoff/data/DYN/illumina/DYN_0007_D01_St_M_10_S11_R2_001.fastq	0.0046796277655716	0.0756446612431869	7099000	0.8410959196150914	9556841	13.313345868469545	0.5681867052093851	DYN_0007_D01-report.csv.summarized	DYN_0007_D01	illumina	sourmash	default	sourmash_default
	1432051	Eisenbergiella	Eisenbergiella	genus	1.49797406904645	abund_weighted	0.0149797406904645	Bacteria;Firmicutes;Clostridia;Eubacteriales;Lachnospiraceae;Eisenbergiella	DYN_0007_D01	b945ae08	/home/Users/pacbio_bakeoff/data/DYN/illumina/DYN_0007_D01_St_M_10_S11_R2_001.fastq	0.0041404059720461	0.0149797406904645	6281000	0.8377808267467775	9556841	2.636411685300565	0.5681867052093851	DYN_0007_D01-report.csv.summarized	DYN_0007_D01	illumina	sourmash	default	sourmash_default
	1905344	Ruthenibacterium	Ruthenibacterium	genus	4.17394199610519	abund_weighted	0.0417394199610519	Bacteria;Firmicutes;Clostridia;Eubacteriales;Oscillospiraceae;Ruthenibacterium	DYN_0007_D01	b945ae08	/home/Users/pacbio_bakeoff/data/DYN/illumina/DYN_0007_D01_St_M_10_S11_R2_001.fastq	0.0037000634805118	0.0417394199610519	5613000	0.834747514665514	9556841	7.346074728318452	0.5681867052093851	DYN_0007_D01-report.csv.summarized	DYN_0007_D01	illumina	sourmash	default	sourmash_default
	841	Roseburia	Roseburia	genus	0.38347399522499	abund_weighted	0.0038347399522499	Bacteria;Firmicutes;Clostridia;Eubacteriales;Lachnospiraceae;Roseburia	DYN_0007_D01	b945ae08	/home/Users/pacbio_bakeoff/data/DYN/illumina/DYN_0007_D01_St_M_10_S11_R2_001.fastq	0.0034436364906812	0.0038347399522499	5224000	0.8328157794408537	9556841	0.6749084265948712	0.5681867052093851	DYN_0007_D01-report.csv.summarized	DYN_0007_D01	illumina	sourmash	default	sourmash_default
	2569097	Anaerobutyricum	Anaerobutyricum	genus	0.22050173273783	abund_weighted	0.0022050173273783	Bacteria;Firmicutes;Clostridia;Eubacteriales;Lachnospiraceae;Anaerobutyricum	DYN_0007_D01	b945ae08	/home/Users/pacbio_bakeoff/data/DYN/illumina/DYN_0007_D01_St_M_10_S11_R2_001.fastq	0.0032676313331368	0.0022050173273783	4957000	0.831407560345224	9556841	0.38807971167958233	0.5681867052093851	DYN_0007_D01-report.csv.summarized	DYN_0007_D01	illumina	sourmash	default	sourmash_default
	292632	Subdoligranulum	Subdoligranulum	genus	0.57488661786881	abund_weighted	0.0057488661786881	Bacteria;Firmicutes;Clostridia;Eubacteriales;Oscillospiraceae;Subdoligranulum	DYN_0007_D01	b945ae08	/home/Users/pacbio_bakeoff/data/DYN/illumina/DYN_0007_D01_St_M_10_S11_R2_001.fastq	0.0032663129424436	0.0057488661786881	4955000	0.8313967373329076	9556841	1.0117917448578033	0.5681867052093851	DYN_0007_D01-report.csv.summarized	DYN_0007_D01	illumina	sourmash	default	sourmash_default
	2591381	Dysosmobacter	Dysosmobacter	genus	0.95307644021701	abund_weighted	0.0095307644021701	Bacteria;Firmicutes;Clostridia;Eubacteriales;Oscillospiraceae;Dysosmobacter	DYN_0007_D01	b945ae08	/home/Users/pacbio_bakeoff/data/DYN/illumina/DYN_0007_D01_St_M_10_S11_R2_001.fastq	0.0031588641009465	0.0095307644021701	4792000	0.8305001358285933	9556841	1.6774001071809441	0.5681867052093851	DYN_0007_D01-report.csv.summarized	DYN_0007_D01	illumina	sourmash	default	sourmash_default
	1350	Enterococcus	Enterococcus	genus	0.11049676352259	abund_weighted	0.0011049676352259	Bacteria;Firmicutes;Bacilli;Lactobacillales;Enterococcaceae;Enterococcus	DYN_0007_D01	b945ae08	/home/Users/pacbio_bakeoff/data/DYN/illumina/DYN_0007_D01_St_M_10_S11_R2_001.fastq	0.0029993388270673	0.0011049676352259	4550000	0.8291130039759074	9556841	0.19447263110788618	0.5681867052093851	DYN_0007_D01-report.csv.summarized	DYN_0007_D01	illumina	sourmash	default	sourmash_default
	1392389	Intestinimonas	Intestinimonas	genus	0.26046263613677	abund_weighted	0.0026046263613677	Bacteria;Firmicutes;Clostridia;Eubacteriales;;Intestinimonas	DYN_0007_D01	b945ae08	/home/Users/pacbio_bakeoff/data/DYN/illumina/DYN_0007_D01_St_M_10_S11_R2_001.fastq	0.002957809520231	0.0026046263613677	4487000	0.8287401767078585	9556841	0.4584102967365028	0.5681867052093851	DYN_0007_D01-report.csv.summarized	DYN_0007_D01	illumina	sourmash	default	sourmash_default
	459786	Oscillibacter	Oscillibacter	genus	2.10689913120873	abund_weighted	0.0210689913120873	Bacteria;Firmicutes;Clostridia;Eubacteriales;Oscillospiraceae;Oscillibacter	DYN_0007_D01	b945ae08	/home/Users/pacbio_bakeoff/data/DYN/illumina/DYN_0007_D01_St_M_10_S11_R2_001.fastq	0.0029288049249802	0.0210689913120873	4443000	0.8284767726864336	9556841	3.7081105768434113	0.5681867052093851	DYN_0007_D01-report.csv.summarized	DYN_0007_D01	illumina	sourmash	default	sourmash_default
	2316020	Mediterraneibacter	Mediterraneibacter	genus	0.34747883741081	abund_weighted	0.0034747883741081	Bacteria;Firmicutes;Clostridia;Eubacteriales;Lachnospiraceae;Mediterraneibacter	DYN_0007_D01	b945ae08	/home/Users/pacbio_bakeoff/data/DYN/illumina/DYN_0007_D01_St_M_10_S11_R2_001.fastq	0.0028800244693312	0.0034747883741081	4369000	0.8280280289135173	9556841	0.6115574937339637	0.5681867052093851	DYN_0007_D01-report.csv.summarized	DYN_0007_D01	illumina	sourmash	default	sourmash_default
	84111	Eggerthella	Eggerthella	genus	0.17427306784741	abund_weighted	0.0017427306784741	Bacteria;Actinobacteria;Coriobacteriia;Eggerthellales;Eggerthellaceae;Eggerthella	DYN_0007_D01	b945ae08	/home/Users/pacbio_bakeoff/data/DYN/illumina/DYN_0007_D01_St_M_10_S11_R2_001.fastq	0.0028286072322958	0.0017427306784741	4291000	0.8275469950894115	9556841	0.3067179612785692	0.5681867052093851	DYN_0007_D01-report.csv.summarized	DYN_0007_D01	illumina	sourmash	default	sourmash_default
	2719313	Enterocloster	Enterocloster	genus	0.10888535238788	abund_weighted	0.0010888535238788	Bacteria;Firmicutes;Clostridia;Eubacteriales;Lachnospiraceae;Enterocloster	DYN_0007_D01	b945ae08	/home/Users/pacbio_bakeoff/data/DYN/illumina/DYN_0007_D01_St_M_10_S11_R2_001.fastq	0.0028108089579374	0.0010888535238788	4264000	0.8273785098163733	9556841	0.1916365719042197	0.5681867052093851	DYN_0007_D01-report.csv.summarized	DYN_0007_D01	illumina	sourmash	default	sourmash_default
	283168	Odoribacter	Odoribacter	genus	0.70167537578578	abund_weighted	0.0070167537578578	Bacteria;Bacteroidetes;Bacteroidia;Bacteroidales;Odoribacteraceae;Odoribacter	DYN_0007_D01	b945ae08	/home/Users/pacbio_bakeoff/data/DYN/illumina/DYN_0007_D01_St_M_10_S11_R2_001.fastq	0.0027527997674358	0.0070167537578578	4176000	0.8268221158207971	9556841	1.2349380394727862	0.5681867052093851	DYN_0007_D01-report.csv.summarized	DYN_0007_D01	illumina	sourmash	default	sourmash_default
	28050	Lachnospira	Lachnospira	genus	1.42766841051347	abund_weighted	0.0142766841051347	Bacteria;Firmicutes;Clostridia;Eubacteriales;Lachnospiraceae;Lachnospira	DYN_0007_D01	b945ae08	/home/Users/pacbio_bakeoff/data/DYN/illumina/DYN_0007_D01_St_M_10_S11_R2_001.fastq	0.0026822658653488	0.0142766841051347	4069000	0.8261300999095551	9556841	2.5126747905644033	0.5681867052093851	DYN_0007_D01-report.csv.summarized	DYN_0007_D01	illumina	sourmash	default	sourmash_default
	561	Escherichia	Escherichia	genus	0.22396522030657998	abund_weighted	0.0022396522030658	Bacteria;Proteobacteria;Gammaproteobacteria;Enterobacterales;Enterobacteriaceae;Escherichia	DYN_0007_D01	b945ae08	/home/Users/pacbio_bakeoff/data/DYN/illumina/DYN_0007_D01_St_M_10_S11_R2_001.fastq	0.0026071175958354	0.0022396522030658	3955000	0.8253731609378162	9556841	0.39417539737056245	0.5681867052093851	DYN_0007_D01-report.csv.summarized	DYN_0007_D01	illumina	sourmash	default	sourmash_default
	189330	Dorea	Dorea	genus	0.26584098239156	abund_weighted	0.0026584098239156	Bacteria;Firmicutes;Clostridia;Eubacteriales;Lachnospiraceae;Dorea	DYN_0007_D01	b945ae08	/home/Users/pacbio_bakeoff/data/DYN/illumina/DYN_0007_D01_St_M_10_S11_R2_001.fastq	0.0025827273680109	0.0026584098239156	3918000	0.8251229435554368	9556841	0.4678761047279235	0.5681867052093851	DYN_0007_D01-report.csv.summarized	DYN_0007_D01	illumina	sourmash	default	sourmash_default
	35832	Bilophila	Bilophila	genus	0.33684770940523	abund_weighted	0.0033684770940523	Bacteria;Proteobacteria;Deltaproteobacteria;Desulfovibrionales;Desulfovibrionaceae;Bilophila	DYN_0007_D01	b945ae08	/home/Users/pacbio_bakeoff/data/DYN/illumina/DYN_0007_D01_St_M_10_S11_R2_001.fastq	0.0023553049734311	0.0033684770940523	3573000	0.822673157847309	9556841	0.5928468693773762	0.5681867052093851	DYN_0007_D01-report.csv.summarized	DYN_0007_D01	illumina	sourmash	default	sourmash_default
	33042	Coprococcus	Coprococcus	genus	0.12426700412824	abund_weighted	0.0012426700412824	Bacteria;Firmicutes;Clostridia;Eubacteriales;Lachnospiraceae;Coprococcus	DYN_0007_D01	b945ae08	/home/Users/pacbio_bakeoff/data/DYN/illumina/DYN_0007_D01_St_M_10_S11_R2_001.fastq	0.00233025555026	0.0012426700412824	3535000	0.822389456727749	9556841	0.21870804612094155	0.5681867052093851	DYN_0007_D01-report.csv.summarized	DYN_0007_D01	illumina	sourmash	default	sourmash_default
	830	Butyrivibrio	Butyrivibrio	genus	2.3245547351891602	abund_weighted	0.0232455473518916	Bacteria;Firmicutes;Clostridia;Eubacteriales;Lachnospiraceae;Butyrivibrio	DYN_0007_D01	b945ae08	/home/Users/pacbio_bakeoff/data/DYN/illumina/DYN_0007_D01_St_M_10_S11_R2_001.fastq	0.0023157532526346	0.0232455473518916	3513000	0.8222238567392564	9556841	4.091181144994458	0.5681867052093851	DYN_0007_D01-report.csv.summarized	DYN_0007_D01	illumina	sourmash	default	sourmash_default
	724	Haemophilus	Haemophilus	genus	0.08160646389324	abund_weighted	0.0008160646389324	Bacteria;Proteobacteria;Gammaproteobacteria;Pasteurellales;Pasteurellaceae;Haemophilus	DYN_0007_D01	b945ae08	/home/Users/pacbio_bakeoff/data/DYN/illumina/DYN_0007_D01_St_M_10_S11_R2_001.fastq	0.0020903084440946	0.0008160646389324	3171000	0.8195117284971734	9556841	0.14362614109945926	0.5681867052093851	DYN_0007_D01-report.csv.summarized	DYN_0007_D01	illumina	sourmash	default	sourmash_default
	29465	Veillonella	Veillonella	genus	0.10080736929703	abund_weighted	0.0010080736929703	Bacteria;Firmicutes;Negativicutes;Veillonellales;Veillonellaceae;Veillonella	DYN_0007_D01	b945ae08	/home/Users/pacbio_bakeoff/data/DYN/illumina/DYN_0007_D01_St_M_10_S11_R2_001.fastq	0.0020065906350753	0.0010080736929703	3044000	0.8184318864393025	9556841	0.1774194439482371	0.5681867052093851	DYN_0007_D01-report.csv.summarized	DYN_0007_D01	illumina	sourmash	default	sourmash_default
	397864	Barnesiella	Barnesiella	genus	0.71935904343286	abund_weighted	0.0071935904343286	Bacteria;Bacteroidetes;Bacteroidia;Bacteroidales;Barnesiellaceae;Barnesiella	DYN_0007_D01	b945ae08	/home/Users/pacbio_bakeoff/data/DYN/illumina/DYN_0007_D01_St_M_10_S11_R2_001.fastq	0.0019868147746771	0.0071935904343286	3014000	0.8181704434482246	9556841	1.266061026837588	0.5681867052093851	DYN_0007_D01-report.csv.summarized	DYN_0007_D01	illumina	sourmash	default	sourmash_default
	872	Desulfovibrio	Desulfovibrio	genus	0.43880608665562	abund_weighted	0.0043880608665562	Bacteria;Proteobacteria;Deltaproteobacteria;Desulfovibrionales;Desulfovibrionaceae;Desulfovibrio	DYN_0007_D01	b945ae08	/home/Users/pacbio_bakeoff/data/DYN/illumina/DYN_0007_D01_St_M_10_S11_R2_001.fastq	0.0019175992632832	0.0043880608665562	2909000	0.8172351308167369	9556841	0.7722920698996532	0.5681867052093851	DYN_0007_D01-report.csv.summarized	DYN_0007_D01	illumina	sourmash	default	sourmash_default
	1506553	Lachnoclostridium	Lachnoclostridium	genus	0.1082784572852	abund_weighted	0.001082784572852	Bacteria;Firmicutes;Clostridia;Eubacteriales;Lachnospiraceae;Lachnoclostridium	DYN_0007_D01	b945ae08	/home/Users/pacbio_bakeoff/data/DYN/illumina/DYN_0007_D01_St_M_10_S11_R2_001.fastq	0.0017831234125752	0.001082784572852	2705000	0.815320631781697	9556841	0.1905684457106363	0.5681867052093851	DYN_0007_D01-report.csv.summarized	DYN_0007_D01	illumina	sourmash	default	sourmash_default
	946234	Flavonifractor	Flavonifractor	genus	0.7545589593883499	abund_weighted	0.0075455895938835	Bacteria;Firmicutes;Clostridia;Eubacteriales;Oscillospiraceae;Flavonifractor	DYN_0007_D01	b945ae08	/home/Users/pacbio_bakeoff/data/DYN/illumina/DYN_0007_D01_St_M_10_S11_R2_001.fastq	0.0017079751430618	0.0075455895938835	2591000	0.814188963550382	9556841	1.328012346065514	0.5681867052093851	DYN_0007_D01-report.csv.summarized	DYN_0007_D01	illumina	sourmash	default	sourmash_default
	1730	Eubacterium	Eubacterium	genus	0.18930941720177	abund_weighted	0.0018930941720177	Bacteria;Firmicutes;Clostridia;Eubacteriales;Eubacteriaceae;Eubacterium	DYN_0007_D01	b945ae08	/home/Users/pacbio_bakeoff/data/DYN/illumina/DYN_0007_D01_St_M_10_S11_R2_001.fastq	0.0016262349200824	0.0018930941720177	2467000	0.8129019594616519	9556841	0.3331817085230932	0.5681867052093851	DYN_0007_D01-report.csv.summarized	DYN_0007_D01	illumina	sourmash	default	sourmash_default
	2005359	Faecalicatena	Faecalicatena	genus	0.20293316588609	abund_weighted	0.0020293316588609	Bacteria;Firmicutes;Clostridia;Eubacteriales;Lachnospiraceae;Faecalicatena	DYN_0007_D01	b945ae08	/home/Users/pacbio_bakeoff/data/DYN/illumina/DYN_0007_D01_St_M_10_S11_R2_001.fastq	0.0016216205526561	0.0020293316588609	2460000	0.8128274515590078	9556841	0.3571592999721917	0.5681867052093851	DYN_0007_D01-report.csv.summarized	DYN_0007_D01	illumina	sourmash	default	sourmash_default
	207244	Anaerostipes	Anaerostipes	genus	0.28889253258477	abund_weighted	0.0028889253258477	Bacteria;Firmicutes;Clostridia;Eubacteriales;Lachnospiraceae;Anaerostipes	DYN_0007_D01	b945ae08	/home/Users/pacbio_bakeoff/data/DYN/illumina/DYN_0007_D01_St_M_10_S11_R2_001.fastq	0.0015524050412623	0.0028889253258477	2355000	0.8116845126653488	9556841	0.508446484115303	0.5681867052093851	DYN_0007_D01-report.csv.summarized	DYN_0007_D01	illumina	sourmash	default	sourmash_default
	33024	Phascolarctobacterium	Phascolarctobacterium	genus	0.48754604162609	abund_weighted	0.0048754604162609	Bacteria;Firmicutes;Negativicutes;Acidaminococcales;Acidaminococcaceae;Phascolarctobacterium	DYN_0007_D01	b945ae08	/home/Users/pacbio_bakeoff/data/DYN/illumina/DYN_0007_D01_St_M_10_S11_R2_001.fastq	0.0013546464372798	0.0048754604162609	2055000	0.8081244687893875	9556841	0.8580736528258298	0.5681867052093851	DYN_0007_D01-report.csv.summarized	DYN_0007_D01	illumina	sourmash	default	sourmash_default
	1573535	Holdemanella	Holdemanella	genus	0.10950271119923	abund_weighted	0.0010950271119923	Bacteria;Firmicutes;Erysipelotrichia;Erysipelotrichales;Erysipelotrichaceae;Holdemanella	DYN_0007_D01	b945ae08	/home/Users/pacbio_bakeoff/data/DYN/illumina/DYN_0007_D01_St_M_10_S11_R2_001.fastq	0.0011054705962619	0.0010950271119923	1677000	0.8028428698399239	9556841	0.19272311406666348	0.5681867052093851	DYN_0007_D01-report.csv.summarized	DYN_0007_D01	illumina	sourmash	default	sourmash_default
	61170	Holdemania	Holdemania	genus	0.04942009603382	abund_weighted	0.0004942009603382	Bacteria;Firmicutes;Erysipelotrichia;Erysipelotrichales;Erysipelotrichaceae;Holdemania	DYN_0007_D01	b945ae08	/home/Users/pacbio_bakeoff/data/DYN/illumina/DYN_0007_D01_St_M_10_S11_R2_001.fastq	0.0010560309452663	0.0004942009603382	1602000	0.8016588090406622	9556841	0.08697862090174739	0.5681867052093851	DYN_0007_D01-report.csv.summarized	DYN_0007_D01	illumina	sourmash	default	sourmash_default
	2172	Methanobrevibacter	Methanobrevibacter	genus	0.31226845774665	abund_weighted	0.0031226845774665	Archaea;Euryarchaeota;Methanobacteria;Methanobacteriales;Methanobacteriaceae;Methanobrevibacter	DYN_0007_D01	b945ae08	/home/Users/pacbio_bakeoff/data/DYN/illumina/DYN_0007_D01_St_M_10_S11_R2_001.fastq	0.000984178652486	0.0031226845774665	1493000	0.7998386477770907	9556841	0.5495877585371776	0.5681867052093851	DYN_0007_D01-report.csv.summarized	DYN_0007_D01	illumina	sourmash	default	sourmash_default
	135858	Catenibacterium	Catenibacterium	genus	0.20721282273085	abund_weighted	0.0020721282273085	Bacteria;Firmicutes;Erysipelotrichia;Erysipelotrichales;Coprobacillaceae;Catenibacterium	DYN_0007_D01	b945ae08	/home/Users/pacbio_bakeoff/data/DYN/illumina/DYN_0007_D01_St_M_10_S11_R2_001.fastq	0.0009485821037692	0.0020721282273085	1439000	0.7988887178509791	9556841	0.36469143123383907	0.5681867052093851	DYN_0007_D01-report.csv.summarized	DYN_0007_D01	illumina	sourmash	default	sourmash_default
	1981033	Mordavella	Mordavella	genus	0.03438374667947	abund_weighted	0.0003438374667947	Bacteria;Firmicutes;Clostridia;Eubacteriales;Clostridiaceae;Mordavella	DYN_0007_D01	b945ae08	/home/Users/pacbio_bakeoff/data/DYN/illumina/DYN_0007_D01_St_M_10_S11_R2_001.fastq	0.0009413309549565	0.0003438374667947	1428000	0.798690989946933	9556841	0.06051487365724105	0.5681867052093851	DYN_0007_D01-report.csv.summarized	DYN_0007_D01	illumina	sourmash	default	sourmash_default
	2039240	Anaerotignum	Anaerotignum	genus	0.08676507226603	abund_weighted	0.0008676507226603	Bacteria;Firmicutes;Clostridia;Eubacteriales;Lachnospiraceae;Anaerotignum	DYN_0007_D01	b945ae08	/home/Users/pacbio_bakeoff/data/DYN/illumina/DYN_0007_D01_St_M_10_S11_R2_001.fastq	0.0009070527969328	0.0008676507226603	1376000	0.7977358601224788	9556841	0.15270521374493587	0.5681867052093851	DYN_0007_D01-report.csv.summarized	DYN_0007_D01	illumina	sourmash	default	sourmash_default
	186188	Xylanimonas	Xylanimonas	genus	0.03438374667947	abund_weighted	0.0003438374667947	Bacteria;Actinobacteria;Actinomycetia;Micrococcales;Promicromonosporaceae;Xylanimonas	DYN_0007_D01	b945ae08	/home/Users/pacbio_bakeoff/data/DYN/illumina/DYN_0007_D01_St_M_10_S11_R2_001.fastq	0.0008523395831644	0.0003438374667947	1293000	0.7961364447708933	9556841	0.06051487365724105	0.5681867052093851	DYN_0007_D01-report.csv.summarized	DYN_0007_D01	illumina	sourmash	default	sourmash_default
	1654	Actinomyces	Actinomyces	genus	0.02049840527848	abund_weighted	0.0002049840527848	Bacteria;Actinobacteria;Actinomycetia;Actinomycetales;Actinomycetaceae;Actinomyces	DYN_0007_D01	b945ae08	/home/Users/pacbio_bakeoff/data/DYN/illumina/DYN_0007_D01_St_M_10_S11_R2_001.fastq	0.000792352806623	0.0002049840527848	1202000	0.7942644344303795	9556841	0.03607688298677464	0.5681867052093851	DYN_0007_D01-report.csv.summarized	DYN_0007_D01	illumina	sourmash	default	sourmash_default
	1926677	Raoultibacter	Raoultibacter	genus	0.01823824420642	abund_weighted	0.0001823824420642	Bacteria;Actinobacteria;Coriobacteriia;Eggerthellales;Eggerthellaceae;Raoultibacter	DYN_0007_D01	b945ae08	/home/Users/pacbio_bakeoff/data/DYN/illumina/DYN_0007_D01_St_M_10_S11_R2_001.fastq	0.0006822671837394	0.0001823824420642	1035000	0.7904410737487253	9556841	0.03209903371410097	0.5681867052093851	DYN_0007_D01-report.csv.summarized	DYN_0007_D01	illumina	sourmash	default	sourmash_default
	2057233	Absiella	Absiella	genus	0.01759995797774	abund_weighted	0.0001759995797774	Bacteria;Firmicutes;Erysipelotrichia;Erysipelotrichales;Erysipelotrichaceae;Absiella	DYN_0007_D01	b945ae08	/home/Users/pacbio_bakeoff/data/DYN/illumina/DYN_0007_D01_St_M_10_S11_R2_001.fastq	0.0006137108676922	0.0001759995797774	931000	0.7877454973466481	9556841	0.030975659613954112	0.5681867052093851	DYN_0007_D01-report.csv.summarized	DYN_0007_D01	illumina	sourmash	default	sourmash_default
	2126544	Neobittarella	Neobittarella	genus	0.03348386773411	abund_weighted	0.0003348386773411	Bacteria;Firmicutes;Clostridia;Eubacteriales;Oscillospiraceae;Neobittarella	DYN_0007_D01	b945ae08	/home/Users/pacbio_bakeoff/data/DYN/illumina/DYN_0007_D01_St_M_10_S11_R2_001.fastq	0.0005781143189753	0.0003348386773411	877000	0.7862285857542498	9556841	0.05893110033570868	0.5681867052093851	DYN_0007_D01-report.csv.summarized	DYN_0007_D01	illumina	sourmash	default	sourmash_default
	644652	Gordonibacter	Gordonibacter	genus	0.01700352658373	abund_weighted	0.0001700352658373	Bacteria;Actinobacteria;Coriobacteriia;Eggerthellales;Eggerthellaceae;Gordonibacter	DYN_0007_D01	b945ae08	/home/Users/pacbio_bakeoff/data/DYN/illumina/DYN_0007_D01_St_M_10_S11_R2_001.fastq	0.0005115355889679	0.0001700352658373	776000	0.7831315215875675	9556841	0.02992594938923105	0.5681867052093851	DYN_0007_D01-report.csv.summarized	DYN_0007_D01	illumina	sourmash	default	sourmash_default
	838	Prevotella	Prevotella	genus	0.014429454251669999	abund_weighted	0.0001442945425167	Bacteria;Bacteroidetes;Bacteroidia;Bacteroidales;Prevotellaceae;Prevotella	DYN_0007_D01	b945ae08	/home/Users/pacbio_bakeoff/data/DYN/illumina/DYN_0007_D01_St_M_10_S11_R2_001.fastq	0.0005023068541154	0.0001442945425167	762000	0.7826717319484846	9556841	0.025395621050922926	0.5681867052093851	DYN_0007_D01-report.csv.summarized	DYN_0007_D01	illumina	sourmash	default	sourmash_default
	244127	Anaerotruncus	Anaerotruncus	genus	0.0187509659311	abund_weighted	0.000187509659311	Bacteria;Firmicutes;Clostridia;Eubacteriales;Oscillospiraceae;Anaerotruncus	DYN_0007_D01	b945ae08	/home/Users/pacbio_bakeoff/data/DYN/illumina/DYN_0007_D01_St_M_10_S11_R2_001.fastq	0.0004897821425298	0.000187509659311	743000	0.7820344798649355	9556841	0.03300141618799405	0.5681867052093851	DYN_0007_D01-report.csv.summarized	DYN_0007_D01	illumina	sourmash	default	sourmash_default
	1378	Gemella	Gemella	genus	0.01230532139228	abund_weighted	0.0001230532139228	Bacteria;Firmicutes;Bacilli;Bacillales;;Gemella	DYN_0007_D01	b945ae08	/home/Users/pacbio_bakeoff/data/DYN/illumina/DYN_0007_D01_St_M_10_S11_R2_001.fastq	0.0004851677751036	0.0001230532139228	736000	0.7817957201743269	9556841	0.02165717937336339	0.5681867052093851	DYN_0007_D01-report.csv.summarized	DYN_0007_D01	illumina	sourmash	default	sourmash_default
	32207	Rothia	Rothia	genus	0.01295407132963	abund_weighted	0.0001295407132963	Bacteria;Actinobacteria;Actinomycetia;Micrococcales;Micrococcaceae;Rothia	DYN_0007_D01	b945ae08	/home/Users/pacbio_bakeoff/data/DYN/illumina/DYN_0007_D01_St_M_10_S11_R2_001.fastq	0.0004719838681714	0.0001295407132963	716000	0.7811012406089338	9556841	0.022798969442370597	0.5681867052093851	DYN_0007_D01-report.csv.summarized	DYN_0007_D01	illumina	sourmash	default	sourmash_default
	2005387	Bacilliculturomica	Bacilliculturomica	genus	0.010903184430919999	abund_weighted	0.0001090318443092	Bacteria;Firmicutes;Clostridia;Eubacteriales;Eubacteriales Family XIII. Incertae Sedis;Bacilliculturomica	DYN_0007_D01	b945ae08	/home/Users/pacbio_bakeoff/data/DYN/illumina/DYN_0007_D01_St_M_10_S11_R2_001.fastq	0.0004271585846021	0.0001090318443092	648000	0.7785909064271875	9556841	0.019189439546815897	0.5681867052093851	DYN_0007_D01-report.csv.summarized	DYN_0007_D01	illumina	sourmash	default	sourmash_default
	544	Citrobacter	Citrobacter	genus	0.010599736879580001	abund_weighted	0.0001059973687958	Bacteria;Proteobacteria;Gammaproteobacteria;Enterobacterales;Enterobacteriaceae;Citrobacter	DYN_0007_D01	b945ae08	/home/Users/pacbio_bakeoff/data/DYN/illumina/DYN_0007_D01_St_M_10_S11_R2_001.fastq	0.0003968355986581	0.0001059973687958	602000	0.7767437404164911	9556841	0.018655376450024196	0.5681867052093851	DYN_0007_D01-report.csv.summarized	DYN_0007_D01	illumina	sourmash	default	sourmash_default
	416916	Aggregatibacter	Aggregatibacter	genus	0.0129331439123	abund_weighted	0.000129331439123	Bacteria;Proteobacteria;Gammaproteobacteria;Pasteurellales;Pasteurellaceae;Aggregatibacter	DYN_0007_D01	b945ae08	/home/Users/pacbio_bakeoff/data/DYN/illumina/DYN_0007_D01_St_M_10_S11_R2_001.fastq	0.0003691493941005	0.000129331439123	560000	0.7749337679476668	9556841	0.0227621375046675	0.5681867052093851	DYN_0007_D01-report.csv.summarized	DYN_0007_D01	illumina	sourmash	default	sourmash_default
	848	Fusobacterium	Fusobacterium	genus	0.01004516032023	abund_weighted	0.0001004516032023	Bacteria;Fusobacteria;Fusobacteriia;Fusobacteriales;Fusobacteriaceae;Fusobacterium	DYN_0007_D01	b945ae08	/home/Users/pacbio_bakeoff/data/DYN/illumina/DYN_0007_D01_St_M_10_S11_R2_001.fastq	0.0003493735337023	0.0001004516032023	530000	0.7735586127373968	9556841	0.017679330100707324	0.5681867052093851	DYN_0007_D01-report.csv.summarized	DYN_0007_D01	illumina	sourmash	default	sourmash_default
	39948	Dialister	Dialister	genus	0.01012886998957	abund_weighted	0.0001012886998957	Bacteria;Firmicutes;Negativicutes;Veillonellales;Veillonellaceae;Dialister	DYN_0007_D01	b945ae08	/home/Users/pacbio_bakeoff/data/DYN/illumina/DYN_0007_D01_St_M_10_S11_R2_001.fastq	0.0003394856035032	0.0001012886998957	515000	0.7728425266523127	9556841	0.017826657851554913	0.5681867052093851	DYN_0007_D01-report.csv.summarized	DYN_0007_D01	illumina	sourmash	default	sourmash_default
	1924105	Neglectibacter	Neglectibacter	genus	0.010641591714240001	abund_weighted	0.0001064159171424	Bacteria;Firmicutes;Clostridia;Eubacteriales;Oscillospiraceae;Neglectibacter	DYN_0007_D01	b945ae08	/home/Users/pacbio_bakeoff/data/DYN/illumina/DYN_0007_D01_St_M_10_S11_R2_001.fastq	0.0003249833058778	0.0001064159171424	493000	0.7717548879342444	9556841	0.01872904032543039	0.5681867052093851	DYN_0007_D01-report.csv.summarized	DYN_0007_D01	illumina	sourmash	default	sourmash_default
	1017280	Pseudoflavonifractor	Pseudoflavonifractor	genus	0.01177167225027	abund_weighted	0.0001177167225027	Bacteria;Firmicutes;Clostridia;Eubacteriales;Oscillospiraceae;Pseudoflavonifractor	DYN_0007_D01	b945ae08	/home/Users/pacbio_bakeoff/data/DYN/illumina/DYN_0007_D01_St_M_10_S11_R2_001.fastq	0.0003117993989456	0.0001177167225027	473000	0.7707245669042675	9556841	0.02071796496176722	0.5681867052093851	DYN_0007_D01-report.csv.summarized	DYN_0007_D01	illumina	sourmash	default	sourmash_default
	990721	Christensenella	Christensenella	genus	0.008391894350863429	abund_weighted	8.391894350863429e-05	Bacteria;Firmicutes;Clostridia;Eubacteriales;Christensenellaceae;Christensenella	DYN_0007_D01	b945ae08	/home/Users/pacbio_bakeoff/data/DYN/illumina/DYN_0007_D01_St_M_10_S11_R2_001.fastq	0.0003071850315194	8.391894350863429e-05	466000	0.7703539684852532	9556841	0.014769607021640702	0.5681867052093851	DYN_0007_D01-report.csv.summarized	DYN_0007_D01	illumina	sourmash	default	sourmash_default
	482	Neisseria	Neisseria	genus	0.007711753287514147	abund_weighted	7.711753287514147e-05	Bacteria;Proteobacteria;Betaproteobacteria;Neisseriales;Neisseriaceae;Neisseria	DYN_0007_D01	b945ae08	/home/Users/pacbio_bakeoff/data/DYN/illumina/DYN_0007_D01_St_M_10_S11_R2_001.fastq	0.0002887275618143	7.711753287514147e-05	438000	0.7688156254969442	9556841	0.013572569046071317	0.5681867052093851	DYN_0007_D01-report.csv.summarized	DYN_0007_D01	illumina	sourmash	default	sourmash_default
	447020	Adlercreutzia	Adlercreutzia	genus	0.008224475012192837	abund_weighted	8.224475012192837e-05	Bacteria;Actinobacteria;Coriobacteriia;Eggerthellales;Eggerthellaceae;Adlercreutzia	DYN_0007_D01	b945ae08	/home/Users/pacbio_bakeoff/data/DYN/illumina/DYN_0007_D01_St_M_10_S11_R2_001.fastq	0.0002702700921093	8.224475012192837e-05	410000	0.767179005239875	9556841	0.014474951519962084	0.5681867052093851	DYN_0007_D01-report.csv.summarized	DYN_0007_D01	illumina	sourmash	default	sourmash_default
	204475	Gemmiger	Gemmiger	genus	0.035178988538150005	abund_weighted	0.0003517898853815	Bacteria;Firmicutes;Clostridia;Eubacteriales;;Gemmiger	DYN_0007_D01	b945ae08	/home/Users/pacbio_bakeoff/data/DYN/illumina/DYN_0007_D01_St_M_10_S11_R2_001.fastq	0.0002617005526034	0.0003517898853815	397000	0.766382026529997	9556841	0.06191448729020514	0.5681867052093851	DYN_0007_D01-report.csv.summarized	DYN_0007_D01	illumina	sourmash	default	sourmash_default
	1407607	Fusicatenibacter	Fusicatenibacter	genus	0.02239233654719	abund_weighted	0.0002239233654719	Bacteria;Firmicutes;Clostridia;Eubacteriales;Lachnospiraceae;Fusicatenibacter	DYN_0007_D01	b945ae08	/home/Users/pacbio_bakeoff/data/DYN/illumina/DYN_0007_D01_St_M_10_S11_R2_001.fastq	0.0002597229665636	0.0002239233654719	394000	0.7661945239129071	9556841	0.039410173349512106	0.5681867052093851	DYN_0007_D01-report.csv.summarized	DYN_0007_D01	illumina	sourmash	default	sourmash_default
	2529408	Schaalia	Schaalia	genus	0.008527922563533285	abund_weighted	8.527922563533284e-05	Bacteria;Actinobacteria;Actinomycetia;Actinomycetales;Actinomycetaceae;Schaalia	DYN_0007_D01	b945ae08	/home/Users/pacbio_bakeoff/data/DYN/illumina/DYN_0007_D01_St_M_10_S11_R2_001.fastq	0.0002504942317111	8.527922563533284e-05	380000	0.7653008308532917	9556841	0.015009014616754577	0.5681867052093851	DYN_0007_D01-report.csv.summarized	DYN_0007_D01	illumina	sourmash	default	sourmash_default
	117563	Granulicatella	Granulicatella	genus	0.0065398179168200034	abund_weighted	6.539817916820004e-05	Bacteria;Firmicutes;Bacilli;Lactobacillales;Carnobacteriaceae;Granulicatella	DYN_0007_D01	b945ae08	/home/Users/pacbio_bakeoff/data/DYN/illumina/DYN_0007_D01_St_M_10_S11_R2_001.fastq	0.0002373103247789	6.539817916820004e-05	360000	0.7639672299876861	9556841	0.011509980534320995	0.5681867052093851	DYN_0007_D01-report.csv.summarized	DYN_0007_D01	illumina	sourmash	default	sourmash_default
	1980681	Colidextribacter	Colidextribacter	genus	0.059412937810720004	abund_weighted	0.0005941293781072	Bacteria;Firmicutes;Clostridia;Eubacteriales;;Colidextribacter	DYN_0007_D01	b945ae08	/home/Users/pacbio_bakeoff/data/DYN/illumina/DYN_0007_D01_St_M_10_S11_R2_001.fastq	0.0002366511294323	0.0005941293781072	359000	0.7638986819641728	9556841	0.10456587115818819	0.5681867052093851	DYN_0007_D01-report.csv.summarized	DYN_0007_D01	illumina	sourmash	default	sourmash_default
	836	Porphyromonas	Porphyromonas	genus	0.03338969435611	abund_weighted	0.0003338969435611	Bacteria;Bacteroidetes;Bacteroidia;Bacteroidales;Porphyromonadaceae;Porphyromonas	DYN_0007_D01	b945ae08	/home/Users/pacbio_bakeoff/data/DYN/illumina/DYN_0007_D01_St_M_10_S11_R2_001.fastq	0.0002274223945798	0.0003338969435611	345000	0.7629191060599991	9556841	0.05876535661601835	0.5681867052093851	DYN_0007_D01-report.csv.summarized	DYN_0007_D01	illumina	sourmash	default	sourmash_default
	2048137	Agathobaculum	Agathobaculum	genus	0.005995705066140579	abund_weighted	5.995705066140579e-05	Bacteria;Firmicutes;Clostridia;Eubacteriales;Oscillospiraceae;Agathobaculum	DYN_0007_D01	b945ae08	/home/Users/pacbio_bakeoff/data/DYN/illumina/DYN_0007_D01_St_M_10_S11_R2_001.fastq	0.0002175344643807	5.995705066140579e-05	330000	0.7618259190886191	9556841	0.010552350153865488	0.5681867052093851	DYN_0007_D01-report.csv.summarized	DYN_0007_D01	illumina	sourmash	default	sourmash_default
	1935176	Angelakisella	Angelakisella	genus	0.040463161414939997	abund_weighted	0.0004046316141494	Bacteria;Firmicutes;Clostridia;Eubacteriales;Oscillospiraceae;Angelakisella	DYN_0007_D01	b945ae08	/home/Users/pacbio_bakeoff/data/DYN/illumina/DYN_0007_D01_St_M_10_S11_R2_001.fastq	0.0002063281434883	0.0004046316141494	313000	0.7605272670824361	9556841	0.0712145515619355	0.5681867052093851	DYN_0007_D01-report.csv.summarized	DYN_0007_D01	illumina	sourmash	default	sourmash_default
	1506577	Tyzzerella	Tyzzerella	genus	0.01792433294642	abund_weighted	0.0001792433294642	Bacteria;Firmicutes;Clostridia;Eubacteriales;Lachnospiraceae;Tyzzerella	DYN_0007_D01	b945ae08	/home/Users/pacbio_bakeoff/data/DYN/illumina/DYN_0007_D01_St_M_10_S11_R2_001.fastq	0.0001977586039824	0.0001792433294642	300000	0.759487265557166	9556841	0.031546554648466514	0.5681867052093851	DYN_0007_D01-report.csv.summarized	DYN_0007_D01	illumina	sourmash	default	sourmash_default
	580596	Butyricicoccus	Butyricicoccus	genus	0.02277949376786	abund_weighted	0.0002277949376786	Bacteria;Firmicutes;Clostridia;Eubacteriales;Clostridiaceae;Butyricicoccus	DYN_0007_D01	b945ae08	/home/Users/pacbio_bakeoff/data/DYN/illumina/DYN_0007_D01_St_M_10_S11_R2_001.fastq	0.0001964402132892	0.0002277949376786	298000	0.7593234057741913	9556841	0.0400915641971338	0.5681867052093851	DYN_0007_D01-report.csv.summarized	DYN_0007_D01	illumina	sourmash	default	sourmash_default
	1926663	Phocea	Phocea	genus	0.004551713270106723	abund_weighted	4.551713270106723e-05	Bacteria;Firmicutes;Clostridia;Eubacteriales;Oscillospiraceae;Phocea	DYN_0007_D01	b945ae08	/home/Users/pacbio_bakeoff/data/DYN/illumina/DYN_0007_D01_St_M_10_S11_R2_001.fastq	0.0001733683761579	4.551713270106723e-05	263000	0.7562692595761962	9556841	0.008010946451887414	0.5681867052093851	DYN_0007_D01-report.csv.summarized	DYN_0007_D01	illumina	sourmash	default	sourmash_default
	420345	Lactonifactor	Lactonifactor	genus	0.004049455254094946	abund_weighted	4.049455254094946e-05	Bacteria;Firmicutes;Clostridia;Eubacteriales;Clostridiaceae;Lactonifactor	DYN_0007_D01	b945ae08	/home/Users/pacbio_bakeoff/data/DYN/illumina/DYN_0007_D01_St_M_10_S11_R2_001.fastq	0.000168094813385	4.049455254094946e-05	255000	0.7555160373144957	9556841	0.007126979946851559	0.5681867052093851	DYN_0007_D01-report.csv.summarized	DYN_0007_D01	illumina	sourmash	default	sourmash_default
	1473205	Senegalimassilia	Senegalimassilia	genus	0.006341007452148675	abund_weighted	6.341007452148675e-05	Bacteria;Actinobacteria;Coriobacteriia;Coriobacteriales;Coriobacteriaceae;Senegalimassilia	DYN_0007_D01	b945ae08	/home/Users/pacbio_bakeoff/data/DYN/illumina/DYN_0007_D01_St_M_10_S11_R2_001.fastq	0.0001634804459588	6.341007452148675e-05	248000	0.7548379663906635	9556841	0.011160077126077635	0.5681867052093851	DYN_0007_D01-report.csv.summarized	DYN_0007_D01	illumina	sourmash	default	sourmash_default
	2892396	Vescimonas	Vescimonas	genus	0.04410453203103	abund_weighted	0.0004410453203103	Bacteria;Firmicutes;Clostridia;Eubacteriales;Oscillospiraceae;Vescimonas	DYN_0007_D01	b945ae08	/home/Users/pacbio_bakeoff/data/DYN/illumina/DYN_0007_D01_St_M_10_S11_R2_001.fastq	0.000161502859919	0.0004410453203103	245000	0.7545416767378372	9556841	0.07762330872345356	0.5681867052093851	DYN_0007_D01-report.csv.summarized	DYN_0007_D01	illumina	sourmash	default	sourmash_default
	172900	Victivallis	Victivallis	genus	0.004865624530114083	abund_weighted	4.8656245301140826e-05	Bacteria;Lentisphaerae;Lentisphaeria;Victivallales;Victivallaceae;Victivallis	DYN_0007_D01	b945ae08	/home/Users/pacbio_bakeoff/data/DYN/illumina/DYN_0007_D01_St_M_10_S11_R2_001.fastq	0.0001331574600148	4.8656245301140826e-05	202000	0.7498588687451965	9556841	0.00856342551753482	0.5681867052093851	DYN_0007_D01-report.csv.summarized	DYN_0007_D01	illumina	sourmash	default	sourmash_default
	1892380	Harryflintia	Harryflintia	genus	0.003379777899412578	abund_weighted	3.379777899412578e-05	Bacteria;Firmicutes;Clostridia;Eubacteriales;Oscillospiraceae;Harryflintia	DYN_0007_D01	b945ae08	/home/Users/pacbio_bakeoff/data/DYN/illumina/DYN_0007_D01_St_M_10_S11_R2_001.fastq	0.0001292022879352	3.379777899412578e-05	196000	0.7491298516397189	9556841	0.00594835794013709	0.5681867052093851	DYN_0007_D01-report.csv.summarized	DYN_0007_D01	illumina	sourmash	default	sourmash_default
	2721115	Candidatus Pararuminococcus	Candidatus Pararuminococcus	genus	0.0030344755134044813	abund_weighted	3.0344755134044812e-05	Bacteria;Firmicutes;Clostridia;;;Candidatus Pararuminococcus	DYN_0007_D01	b945ae08	/home/Users/pacbio_bakeoff/data/DYN/illumina/DYN_0007_D01_St_M_10_S11_R2_001.fastq	0.0001206327484293	3.0344755134044812e-05	183000	0.7474732452969503	9556841	0.0053406309679249414	0.5681867052093851	DYN_0007_D01-report.csv.summarized	DYN_0007_D01	illumina	sourmash	default	sourmash_default
	1508657	Ruminiclostridium	Ruminiclostridium	genus	0.01540257915769	abund_weighted	0.0001540257915769	Bacteria;Firmicutes;Clostridia;Eubacteriales;Oscillospiraceae;Ruminiclostridium	DYN_0007_D01	b945ae08	/home/Users/pacbio_bakeoff/data/DYN/illumina/DYN_0007_D01_St_M_10_S11_R2_001.fastq	0.0001094264275369	0.0001540257915769	166000	0.7451260538366512	9556841	0.027108306154424937	0.5681867052093851	DYN_0007_D01-report.csv.summarized	DYN_0007_D01	illumina	sourmash	default	sourmash_default
	123375	Solobacterium	Solobacterium	genus	0.01164610774627	abund_weighted	0.0001164610774627	Bacteria;Firmicutes;Erysipelotrichia;Erysipelotrichales;Erysipelotrichaceae;Solobacterium	DYN_0007_D01	b945ae08	/home/Users/pacbio_bakeoff/data/DYN/illumina/DYN_0007_D01_St_M_10_S11_R2_001.fastq	9.95384973378396e-05	0.0001164610774627	151000	0.7428530966162352	9556841	0.020496973335513438	0.5681867052093851	DYN_0007_D01-report.csv.summarized	DYN_0007_D01	illumina	sourmash	default	sourmash_default
	1929297	Bittarella	Bittarella	genus	0.0026682457100625613	abund_weighted	2.6682457100625613e-05	Bacteria;Firmicutes;Clostridia;Eubacteriales;Oscillospiraceae;Bittarella	DYN_0007_D01	b945ae08	/home/Users/pacbio_bakeoff/data/DYN/illumina/DYN_0007_D01_St_M_10_S11_R2_001.fastq	9.756091129801496e-05	2.6682457100625613e-05	148000	0.7423723731530344	9556841	0.004696072058002966	0.5681867052093851	DYN_0007_D01-report.csv.summarized	DYN_0007_D01	illumina	sourmash	default	sourmash_default
	1918540	Muribaculum	Muribaculum	genus	0.002971693261403009	abund_weighted	2.971693261403009e-05	Bacteria;Bacteroidetes;Bacteroidia;Bacteroidales;Muribaculaceae;Muribaculum	DYN_0007_D01	b945ae08	/home/Users/pacbio_bakeoff/data/DYN/illumina/DYN_0007_D01_St_M_10_S11_R2_001.fastq	9.624252060479856e-05	2.971693261403009e-05	146000	0.7420466233458223	9556841	0.005230135154795459	0.5681867052093851	DYN_0007_D01-report.csv.summarized	DYN_0007_D01	illumina	sourmash	default	sourmash_default
	1279	Staphylococcus	Staphylococcus	genus	0.0023961892847228494	abund_weighted	2.3961892847228493e-05	Bacteria;Firmicutes;Bacilli;Bacillales;Staphylococcaceae;Staphylococcus	DYN_0007_D01	b945ae08	/home/Users/pacbio_bakeoff/data/DYN/illumina/DYN_0007_D01_St_M_10_S11_R2_001.fastq	8.899137179210825e-05	2.3961892847228493e-05	135000	0.740173961913572	9556841	0.004217256867775213	0.5681867052093851	DYN_0007_D01-report.csv.summarized	DYN_0007_D01	illumina	sourmash	default	sourmash_default
	538	Eikenella	Eikenella	genus	0.0016218748433713607	abund_weighted	1.6218748433713608e-05	Bacteria;Proteobacteria;Betaproteobacteria;Neisseriales;Neisseriaceae;Eikenella	DYN_0007_D01	b945ae08	/home/Users/pacbio_bakeoff/data/DYN/illumina/DYN_0007_D01_St_M_10_S11_R2_001.fastq	7.18522927802948e-05	1.6218748433713608e-05	109000	0.7350837031883622	9556841	0.0028544751725116065	0.5681867052093851	DYN_0007_D01-report.csv.summarized	DYN_0007_D01	illumina	sourmash	default	sourmash_default
	2840567	Candidatus Pullichristensenella	Candidatus Pullichristensenella	genus	0.0019567135207125452	abund_weighted	1.956713520712545e-05	Bacteria;Firmicutes;Clostridia;;;Candidatus Pullichristensenella	DYN_0007_D01	b945ae08	/home/Users/pacbio_bakeoff/data/DYN/illumina/DYN_0007_D01_St_M_10_S11_R2_001.fastq	6.987470674047017e-05	1.956713520712545e-05	106000	0.7344222172754437	9556841	0.003443786175868842	0.5681867052093851	DYN_0007_D01-report.csv.summarized	DYN_0007_D01	illumina	sourmash	default	sourmash_default
	2747	Carnobacterium	Carnobacterium	genus	0.002145060276716961	abund_weighted	2.145060276716961e-05	Bacteria;Firmicutes;Bacilli;Lactobacillales;Carnobacteriaceae;Carnobacterium	DYN_0007_D01	b945ae08	/home/Users/pacbio_bakeoff/data/DYN/illumina/DYN_0007_D01_St_M_10_S11_R2_001.fastq	6.855631604725376e-05	2.145060276716961e-05	104000	0.7339710843557162	9556841	0.0037752736152572857	0.5681867052093851	DYN_0007_D01-report.csv.summarized	DYN_0007_D01	illumina	sourmash	default	sourmash_default
	1763	Mycobacterium	Mycobacterium	genus	0.001977640938046369	abund_weighted	1.977640938046369e-05	Bacteria;Actinobacteria;Actinomycetia;Corynebacteriales;Mycobacteriaceae;Mycobacterium	DYN_0007_D01	b945ae08	/home/Users/pacbio_bakeoff/data/DYN/illumina/DYN_0007_D01_St_M_10_S11_R2_001.fastq	6.789712070064555e-05	1.977640938046369e-05	103000	0.7337423598972076	9556841	0.0034806181135786686	0.5681867052093851	DYN_0007_D01-report.csv.summarized	DYN_0007_D01	illumina	sourmash	default	sourmash_default
	264995	Anaerofustis	Anaerofustis	genus	0.0015486288827029767	abund_weighted	1.5486288827029768e-05	Bacteria;Firmicutes;Clostridia;Eubacteriales;Eubacteriaceae;Anaerofustis	DYN_0007_D01	b945ae08	/home/Users/pacbio_bakeoff/data/DYN/illumina/DYN_0007_D01_St_M_10_S11_R2_001.fastq	6.526033931421271e-05	1.5486288827029768e-05	99000	0.7328054455964327	9556841	0.0027255633905272116	0.5681867052093851	DYN_0007_D01-report.csv.summarized	DYN_0007_D01	illumina	sourmash	default	sourmash_default
	2815781	Waltera	Waltera	genus	0.003693689159419938	abund_weighted	3.693689159419938e-05	Bacteria;Firmicutes;Clostridia;Eubacteriales;Lachnospiraceae;Waltera	DYN_0007_D01	b945ae08	/home/Users/pacbio_bakeoff/data/DYN/illumina/DYN_0007_D01_St_M_10_S11_R2_001.fastq	6.196436258117166e-05	3.693689159419938e-05	94000	0.7315813822245558	9556841	0.0065008370057844985	0.5681867052093851	DYN_0007_D01-report.csv.summarized	DYN_0007_D01	illumina	sourmash	default	sourmash_default
	2719231	Lacrimispora	Lacrimispora	genus	0.002071814316048577	abund_weighted	2.071814316048577e-05	Bacteria;Firmicutes;Clostridia;Eubacteriales;Lachnospiraceae;Lacrimispora	DYN_0007_D01	b945ae08	/home/Users/pacbio_bakeoff/data/DYN/illumina/DYN_0007_D01_St_M_10_S11_R2_001.fastq	5.5372409115089575e-05	2.071814316048577e-05	84000	0.7289317790804946	9556841	0.003646361833272891	0.5681867052093851	DYN_0007_D01-report.csv.summarized	DYN_0007_D01	illumina	sourmash	default	sourmash_default
	2918511	Diplocloster	Diplocloster	genus	0.0010986894100257607	abund_weighted	1.0986894100257606e-05	Bacteria;Firmicutes;Clostridia;Eubacteriales;Lachnospiraceae;Diplocloster	DYN_0007_D01	b945ae08	/home/Users/pacbio_bakeoff/data/DYN/illumina/DYN_0007_D01_St_M_10_S11_R2_001.fastq	4.680286960918286e-05	1.0986894100257606e-05	71000	0.7249889217915158	9556841	0.0019336767297659272	0.5681867052093851	DYN_0007_D01-report.csv.summarized	DYN_0007_D01	illumina	sourmash	default	sourmash_default
	2895461	Massiliimalia	Massiliimalia	genus	0.0011300805360264967	abund_weighted	1.1300805360264968e-05	Bacteria;Firmicutes;Clostridia;Eubacteriales;Oscillospiraceae;Massiliimalia	DYN_0007_D01	b945ae08	/home/Users/pacbio_bakeoff/data/DYN/illumina/DYN_0007_D01_St_M_10_S11_R2_001.fastq	4.614367426257464e-05	1.1300805360264968e-05	70000	0.7246572653129223	9556841	0.0019889246363306683	0.5681867052093851	DYN_0007_D01-report.csv.summarized	DYN_0007_D01	illumina	sourmash	default	sourmash_default
	265975	Oribacterium	Oribacterium	genus	0.0011614716620272328	abund_weighted	1.1614716620272328e-05	Bacteria;Firmicutes;Clostridia;Eubacteriales;Lachnospiraceae;Oribacterium	DYN_0007_D01	b945ae08	/home/Users/pacbio_bakeoff/data/DYN/illumina/DYN_0007_D01_St_M_10_S11_R2_001.fastq	4.416608822275002e-05	1.1614716620272328e-05	67000	0.7236340564788412	9556841	0.002044172542895409	0.5681867052093851	DYN_0007_D01-report.csv.summarized	DYN_0007_D01	illumina	sourmash	default	sourmash_default
	140625	Lachnobacterium	Lachnobacterium	genus	0.005189999498788355	abund_weighted	5.189999498788355e-05	Bacteria;Firmicutes;Clostridia;Eubacteriales;Lachnospiraceae;Lachnobacterium	DYN_0007_D01	b945ae08	/home/Users/pacbio_bakeoff/data/DYN/illumina/DYN_0007_D01_St_M_10_S11_R2_001.fastq	4.416608822275002e-05	5.189999498788355e-05	67000	0.7236340564788412	9556841	0.009134320552037141	0.5681867052093851	DYN_0007_D01-report.csv.summarized	DYN_0007_D01	illumina	sourmash	default	sourmash_default
	1678	Bifidobacterium	Bifidobacterium	genus	0.0010359071580242885	abund_weighted	1.0359071580242886e-05	Bacteria;Actinobacteria;Actinomycetia;Bifidobacteriales;Bifidobacteriaceae;Bifidobacterium	DYN_0007_D01	b945ae08	/home/Users/pacbio_bakeoff/data/DYN/illumina/DYN_0007_D01_St_M_10_S11_R2_001.fastq	4.28476975295336e-05	1.0359071580242886e-05	65000	0.7229269833435699	9556841	0.0018231809166364455	0.5681867052093851	DYN_0007_D01-report.csv.summarized	DYN_0007_D01	illumina	sourmash	default	sourmash_default
	4756	Neocallimastix	Neocallimastix	genus	0.0012765724573632648	abund_weighted	1.2765724573632648e-05	Eukaryota;Chytridiomycota;Neocallimastigomycetes;Neocallimastigales;Neocallimastigaceae;Neocallimastix	DYN_0007_D01	b945ae08	/home/Users/pacbio_bakeoff/data/DYN/illumina/DYN_0007_D01_St_M_10_S11_R2_001.fastq	4.021091614310077e-05	1.2765724573632648e-05	61000	0.721447352680204	9556841	0.0022467482002994582	0.5681867052093851	DYN_0007_D01-report.csv.summarized	DYN_0007_D01	illumina	sourmash	default	sourmash_default
	1380	Atopobium	Atopobium	genus	0.0009312700713551684	abund_weighted	9.312700713551685e-06	Bacteria;Actinobacteria;Coriobacteriia;Coriobacteriales;Atopobiaceae;Atopobium	DYN_0007_D01	b945ae08	/home/Users/pacbio_bakeoff/data/DYN/illumina/DYN_0007_D01_St_M_10_S11_R2_001.fastq	4.021091614310077e-05	9.312700713551685e-06	61000	0.721447352680204	9556841	0.0016390212280873097	0.5681867052093851	DYN_0007_D01-report.csv.summarized	DYN_0007_D01	illumina	sourmash	default	sourmash_default
	2721113	Candidatus Parachristensenella	Candidatus Parachristensenella	genus	0.001224253914028705	abund_weighted	1.2242539140287049e-05	Bacteria;Firmicutes;Clostridia;;;Candidatus Parachristensenella	DYN_0007_D01	b945ae08	/home/Users/pacbio_bakeoff/data/DYN/illumina/DYN_0007_D01_St_M_10_S11_R2_001.fastq	3.955172079649256e-05	1.2242539140287049e-05	60000	0.7210627771166849	9556841	0.0021546683560248908	0.5681867052093851	DYN_0007_D01-report.csv.summarized	DYN_0007_D01	illumina	sourmash	default	sourmash_default
	1213720	Stomatobaculum	Stomatobaculum	genus	0.0008161692760191365	abund_weighted	8.161692760191365e-06	Bacteria;Firmicutes;Clostridia;Eubacteriales;Lachnospiraceae;Stomatobaculum	DYN_0007_D01	b945ae08	/home/Users/pacbio_bakeoff/data/DYN/illumina/DYN_0007_D01_St_M_10_S11_R2_001.fastq	3.427815802362688e-05	8.161692760191365e-06	52000	0.7177419093931418	9556841	0.0014364455706832604	0.5681867052093851	DYN_0007_D01-report.csv.summarized	DYN_0007_D01	illumina	sourmash	default	sourmash_default
	816	Bacteroides	Bacteroides	genus	16.15933087164372	abund_weighted	0.1615933087164372	Bacteria;Bacteroidetes;Bacteroidia;Bacteroidales;Bacteroidaceae;Bacteroides	DYN_0021_D03	eacf2a86	/home/Users/pacbio_bakeoff/data/DYN/illumina/DYN_0021_D03_St_M_10_S19_R2_001.fastq	0.0291489294232692	0.1615933087164372	34011000	0.8922194718037983	10661512	20.631066740401458	0.7832523191832435	DYN_0021_D03-report.csv.summarized	DYN_0021_D03	illumina	sourmash	default	sourmash_default
	2719313	Enterocloster	Enterocloster	genus	0.72587265295954	abund_weighted	0.0072587265295954	Bacteria;Firmicutes;Clostridia;Eubacteriales;Lachnospiraceae;Enterocloster	DYN_0021_D03	eacf2a86	/home/Users/pacbio_bakeoff/data/DYN/illumina/DYN_0021_D03_St_M_10_S19_R2_001.fastq	0.0106059216610201	0.0072587265295954	12375000	0.8635908125707	10661512	0.926741785733188	0.7832523191832435	DYN_0021_D03-report.csv.summarized	DYN_0021_D03	illumina	sourmash	default	sourmash_default
	375288	Parabacteroides	Parabacteroides	genus	10.263834998262912	abund_weighted	0.1026383499826291	Bacteria;Bacteroidetes;Bacteroidia;Bacteroidales;Tannerellaceae;Parabacteroides	DYN_0021_D03	eacf2a86	/home/Users/pacbio_bakeoff/data/DYN/illumina/DYN_0021_D03_St_M_10_S19_R2_001.fastq	0.0090615280583407	0.1026383499826291	10573000	0.8592178133065792	10661512	13.104123341716742	0.7832523191832435	DYN_0021_D03-report.csv.summarized	DYN_0021_D03	illumina	sourmash	default	sourmash_default
	547	Enterobacter	Enterobacter	genus	11.268701850169089	abund_weighted	0.1126870185016909	Bacteria;Proteobacteria;Gammaproteobacteria;Enterobacterales;Enterobacteriaceae;Enterobacter	DYN_0021_D03	eacf2a86	/home/Users/pacbio_bakeoff/data/DYN/illumina/DYN_0021_D03_St_M_10_S19_R2_001.fastq	0.0087898450549836	0.1126870185016909	10256000	0.8583745120671261	10661512	14.387064773609374	0.7832523191832435	DYN_0021_D03-report.csv.summarized	DYN_0021_D03	illumina	sourmash	default	sourmash_default
	239759	Alistipes	Alistipes	genus	1.9809291590160898	abund_weighted	0.0198092915901609	Bacteria;Bacteroidetes;Bacteroidia;Bacteroidales;Rikenellaceae;Alistipes	DYN_0021_D03	eacf2a86	/home/Users/pacbio_bakeoff/data/DYN/illumina/DYN_0021_D03_St_M_10_S19_R2_001.fastq	0.0071777449625086	0.0198092915901609	8375000	0.8527825858741631	10661512	2.529107301056899	0.7832523191832435	DYN_0021_D03-report.csv.summarized	DYN_0021_D03	illumina	sourmash	default	sourmash_default
	1485	Clostridium	Clostridium	genus	2.52530785502093	abund_weighted	0.0252530785502093	Bacteria;Firmicutes;Clostridia;Eubacteriales;Clostridiaceae;Clostridium	DYN_0021_D03	eacf2a86	/home/Users/pacbio_bakeoff/data/DYN/illumina/DYN_0021_D03_St_M_10_S19_R2_001.fastq	0.0066249514698736	0.0252530785502093	7730000	0.8505807917098139	10661512	3.2241307088043603	0.7832523191832435	DYN_0021_D03-report.csv.summarized	DYN_0021_D03	illumina	sourmash	default	sourmash_default
	909656	Phocaeicola	Phocaeicola	genus	10.152171661955629	abund_weighted	0.1015217166195563	Bacteria;Bacteroidetes;Bacteroidia;Bacteroidales;Bacteroidaceae;Phocaeicola	DYN_0021_D03	eacf2a86	/home/Users/pacbio_bakeoff/data/DYN/illumina/DYN_0021_D03_St_M_10_S19_R2_001.fastq	0.0054130910069497	0.1015217166195563	6316000	0.8450556955599722	10661512	12.96155965748313	0.7832523191832435	DYN_0021_D03-report.csv.summarized	DYN_0021_D03	illumina	sourmash	default	sourmash_default
	570	Klebsiella	Klebsiella	genus	1.88497653991291	abund_weighted	0.0188497653991291	Bacteria;Proteobacteria;Gammaproteobacteria;Enterobacterales;Enterobacteriaceae;Klebsiella	DYN_0021_D03	eacf2a86	/home/Users/pacbio_bakeoff/data/DYN/illumina/DYN_0021_D03_St_M_10_S19_R2_001.fastq	0.0050102802448746	0.0188497653991291	5846000	0.8429503602383238	10661512	2.4066019260287894	0.7832523191832435	DYN_0021_D03-report.csv.summarized	DYN_0021_D03	illumina	sourmash	default	sourmash_default
	2055876	Metakosakonia	Metakosakonia	genus	13.50747436198543	abund_weighted	0.1350747436198543	Bacteria;Proteobacteria;Gammaproteobacteria;Enterobacterales;Enterobacteriaceae;Metakosakonia	DYN_0021_D03	eacf2a86	/home/Users/pacbio_bakeoff/data/DYN/illumina/DYN_0021_D03_St_M_10_S19_R2_001.fastq	0.0047343120206444	0.1350747436198543	5524000	0.8414111956643394	10661512	17.24536784783567	0.7832523191832435	DYN_0021_D03-report.csv.summarized	DYN_0021_D03	illumina	sourmash	default	sourmash_default
	544	Citrobacter	Citrobacter	genus	1.7513744767158699	abund_weighted	0.0175137447671587	Bacteria;Proteobacteria;Gammaproteobacteria;Enterobacterales;Enterobacteriaceae;Citrobacter	DYN_0021_D03	eacf2a86	/home/Users/pacbio_bakeoff/data/DYN/illumina/DYN_0021_D03_St_M_10_S19_R2_001.fastq	0.0044172056760321	0.0175137447671587	5154000	0.8395315466627529	10661512	2.23602845956736	0.7832523191832435	DYN_0021_D03-report.csv.summarized	DYN_0021_D03	illumina	sourmash	default	sourmash_default
	1505663	Erysipelatoclostridium	Erysipelatoclostridium	genus	1.9355416004784303	abund_weighted	0.0193554160047843	Bacteria;Firmicutes;Erysipelotrichia;Erysipelotrichales;Erysipelotrichaceae;Erysipelatoclostridium	DYN_0021_D03	eacf2a86	/home/Users/pacbio_bakeoff/data/DYN/illumina/DYN_0021_D03_St_M_10_S19_R2_001.fastq	0.0038241311071896	0.0193554160047843	4462000	0.8356360860105585	10661512	2.4711597438955124	0.7832523191832435	DYN_0021_D03-report.csv.summarized	DYN_0021_D03	illumina	sourmash	default	sourmash_default
	946234	Flavonifractor	Flavonifractor	genus	0.24700999257891	abund_weighted	0.0024700999257891	Bacteria;Firmicutes;Clostridia;Eubacteriales;Oscillospiraceae;Flavonifractor	DYN_0021_D03	eacf2a86	/home/Users/pacbio_bakeoff/data/DYN/illumina/DYN_0021_D03_St_M_10_S19_R2_001.fastq	0.0037024308343924	0.0024700999257891	4320000	0.8347647378332741	10661512	0.3153645211500759	0.7832523191832435	DYN_0021_D03-report.csv.summarized	DYN_0021_D03	illumina	sourmash	default	sourmash_default
	1905344	Ruthenibacterium	Ruthenibacterium	genus	0.59654765665507	abund_weighted	0.0059654765665507	Bacteria;Firmicutes;Clostridia;Eubacteriales;Oscillospiraceae;Ruthenibacterium	DYN_0021_D03	eacf2a86	/home/Users/pacbio_bakeoff/data/DYN/illumina/DYN_0021_D03_St_M_10_S19_R2_001.fastq	0.0035275938227684	0.0059654765665507	4116000	0.8334631548301088	10661512	0.7616289694196315	0.7832523191832435	DYN_0021_D03-report.csv.summarized	DYN_0021_D03	illumina	sourmash	default	sourmash_default
	35832	Bilophila	Bilophila	genus	2.21392612980222	abund_weighted	0.0221392612980222	Bacteria;Proteobacteria;Deltaproteobacteria;Desulfovibrionales;Desulfovibrionaceae;Bilophila	DYN_0021_D03	eacf2a86	/home/Users/pacbio_bakeoff/data/DYN/illumina/DYN_0021_D03_St_M_10_S19_R2_001.fastq	0.0033604702087159	0.0221392612980222	3921000	0.8321592657117541	10661512	2.8265810079066838	0.7832523191832435	DYN_0021_D03-report.csv.summarized	DYN_0021_D03	illumina	sourmash	default	sourmash_default
	577309	Paraprevotella	Paraprevotella	genus	0.37023829265492	abund_weighted	0.0037023829265492	Bacteria;Bacteroidetes;Bacteroidia;Bacteroidales;Prevotellaceae;Paraprevotella	DYN_0021_D03	eacf2a86	/home/Users/pacbio_bakeoff/data/DYN/illumina/DYN_0021_D03_St_M_10_S19_R2_001.fastq	0.0027819653908421	0.0037023829265492	3246000	0.8271032607779237	10661512	0.47269351598089804	0.7832523191832435	DYN_0021_D03-report.csv.summarized	DYN_0021_D03	illumina	sourmash	default	sourmash_default
	61170	Holdemania	Holdemania	genus	0.11510562479318	abund_weighted	0.0011510562479318	Bacteria;Firmicutes;Erysipelotrichia;Erysipelotrichales;Erysipelotrichaceae;Holdemania	DYN_0021_D03	eacf2a86	/home/Users/pacbio_bakeoff/data/DYN/illumina/DYN_0021_D03_St_M_10_S19_R2_001.fastq	0.0027365420495868	0.0011510562479318	3193000	0.8266641440551109	10661512	0.1469585495938389	0.7832523191832435	DYN_0021_D03-report.csv.summarized	DYN_0021_D03	illumina	sourmash	default	sourmash_default
	1918536	Longicatena	Longicatena	genus	0.14394768772009	abund_weighted	0.0014394768772009	Bacteria;Firmicutes;Erysipelotrichia;Erysipelotrichales;Erysipelotrichaceae;Longicatena	DYN_0021_D03	eacf2a86	/home/Users/pacbio_bakeoff/data/DYN/illumina/DYN_0021_D03_St_M_10_S19_R2_001.fastq	0.00242972023507	0.0014394768772009	2835000	0.8234990556967922	10661512	0.1837820127621137	0.7832523191832435	DYN_0021_D03-report.csv.summarized	DYN_0021_D03	illumina	sourmash	default	sourmash_default
	2316020	Mediterraneibacter	Mediterraneibacter	genus	0.11747864655594	abund_weighted	0.0011747864655594	Bacteria;Firmicutes;Clostridia;Eubacteriales;Lachnospiraceae;Mediterraneibacter	DYN_0021_D03	eacf2a86	/home/Users/pacbio_bakeoff/data/DYN/illumina/DYN_0021_D03_St_M_10_S19_R2_001.fastq	0.0023440158176072	0.0011747864655594	2735000	0.8225456640121717	10661512	0.149988252417106	0.7832523191832435	DYN_0021_D03-report.csv.summarized	DYN_0021_D03	illumina	sourmash	default	sourmash_default
	33024	Phascolarctobacterium	Phascolarctobacterium	genus	0.45176519052832	abund_weighted	0.0045176519052832	Bacteria;Firmicutes;Negativicutes;Acidaminococcales;Acidaminococcaceae;Phascolarctobacterium	DYN_0021_D03	eacf2a86	/home/Users/pacbio_bakeoff/data/DYN/illumina/DYN_0021_D03_St_M_10_S19_R2_001.fastq	0.0021631794967608	0.0045176519052832	2524000	0.8204181200822636	10661512	0.5767811718698896	0.7832523191832435	DYN_0021_D03-report.csv.summarized	DYN_0021_D03	illumina	sourmash	default	sourmash_default
	204475	Gemmiger	Gemmiger	genus	0.19687639051571	abund_weighted	0.0019687639051571	Bacteria;Firmicutes;Clostridia;Eubacteriales;;Gemmiger	DYN_0021_D03	eacf2a86	/home/Users/pacbio_bakeoff/data/DYN/illumina/DYN_0021_D03_St_M_10_S19_R2_001.fastq	0.0021606083642369	0.0019687639051571	2521000	0.8203866458351499	10661512	0.25135755834212903	0.7832523191832435	DYN_0021_D03-report.csv.summarized	DYN_0021_D03	illumina	sourmash	default	sourmash_default
	1472649	Dielma	Dielma	genus	0.045706462648070004	abund_weighted	0.0004570646264807	Bacteria;Firmicutes;Erysipelotrichia;Erysipelotrichales;Erysipelotrichaceae;Dielma	DYN_0021_D03	eacf2a86	/home/Users/pacbio_bakeoff/data/DYN/illumina/DYN_0021_D03_St_M_10_S19_R2_001.fastq	0.0018546435938947	0.0004570646264807	2164000	0.8163555878731213	10661512	0.058354710900481714	0.7832523191832435	DYN_0021_D03-report.csv.summarized	DYN_0021_D03	illumina	sourmash	default	sourmash_default
	538	Eikenella	Eikenella	genus	0.03639258671753	abund_weighted	0.0003639258671753	Bacteria;Proteobacteria;Betaproteobacteria;Neisseriales;Neisseriaceae;Eikenella	DYN_0021_D03	eacf2a86	/home/Users/pacbio_bakeoff/data/DYN/illumina/DYN_0021_D03_St_M_10_S19_R2_001.fastq	0.0013412741332926	0.0003639258671753	1565000	0.8078658978103136	10661512	0.046463426696877586	0.7832523191832435	DYN_0021_D03-report.csv.summarized	DYN_0021_D03	illumina	sourmash	default	sourmash_default
	990721	Christensenella	Christensenella	genus	0.02994884778069	abund_weighted	0.0002994884778069	Bacteria;Firmicutes;Clostridia;Eubacteriales;Christensenellaceae;Christensenella	DYN_0021_D03	eacf2a86	/home/Users/pacbio_bakeoff/data/DYN/illumina/DYN_0021_D03_St_M_10_S19_R2_001.fastq	0.0012907085269896	0.0002994884778069	1506000	0.8068650591831444	10661512	0.038236526145137915	0.7832523191832435	DYN_0021_D03-report.csv.summarized	DYN_0021_D03	illumina	sourmash	default	sourmash_default
	286	Pseudomonas	Pseudomonas	genus	0.30372802656883	abund_weighted	0.0030372802656883	Bacteria;Proteobacteria;Gammaproteobacteria;Pseudomonadales;Pseudomonadaceae;Pseudomonas	DYN_0021_D03	eacf2a86	/home/Users/pacbio_bakeoff/data/DYN/illumina/DYN_0021_D03_St_M_10_S19_R2_001.fastq	0.0012744246876716	0.0030372802656883	1487000	0.8065346645406464	10661512	0.38777801115935445	0.7832523191832435	DYN_0021_D03-report.csv.summarized	DYN_0021_D03	illumina	sourmash	default	sourmash_default
	283168	Odoribacter	Odoribacter	genus	0.03797772773692	abund_weighted	0.0003797772773692	Bacteria;Bacteroidetes;Bacteroidia;Bacteroidales;Odoribacteraceae;Odoribacter	DYN_0021_D03	eacf2a86	/home/Users/pacbio_bakeoff/data/DYN/illumina/DYN_0021_D03_St_M_10_S19_R2_001.fastq	0.0011467251056521	0.0003797772773692	1338000	0.8037923139623251	10661512	0.04848722028237625	0.7832523191832435	DYN_0021_D03-report.csv.summarized	DYN_0021_D03	illumina	sourmash	default	sourmash_default
	1392389	Intestinimonas	Intestinimonas	genus	0.16634601171015	abund_weighted	0.0016634601171015	Bacteria;Firmicutes;Clostridia;Eubacteriales;;Intestinimonas	DYN_0021_D03	eacf2a86	/home/Users/pacbio_bakeoff/data/DYN/illumina/DYN_0021_D03_St_M_10_S19_R2_001.fastq	0.0010395945838236	0.0016634601171015	1213000	0.8012532548414862	10661512	0.21237857537863608	0.7832523191832435	DYN_0021_D03-report.csv.summarized	DYN_0021_D03	illumina	sourmash	default	sourmash_default
	2892397	Pusillimonas (ex Kitahara et al. 2021)	Pusillimonas (ex Kitahara et al. 2021)	genus	0.02155416605074	abund_weighted	0.0002155416605074	Bacteria;Firmicutes;Clostridia;Eubacteriales;Oscillospiraceae;Pusillimonas (ex Kitahara et al. 2021)	DYN_0021_D03	eacf2a86	/home/Users/pacbio_bakeoff/data/DYN/illumina/DYN_0021_D03_St_M_10_S19_R2_001.fastq	0.0007850524639591	0.0002155416605074	916000	0.7940273125442148	10661512	0.027518802718919697	0.7832523191832435	DYN_0021_D03-report.csv.summarized	DYN_0021_D03	illumina	sourmash	default	sourmash_default
	29465	Veillonella	Veillonella	genus	0.01383481067225	abund_weighted	0.0001383481067225	Bacteria;Firmicutes;Negativicutes;Veillonellales;Veillonellaceae;Veillonella	DYN_0021_D03	eacf2a86	/home/Users/pacbio_bakeoff/data/DYN/illumina/DYN_0021_D03_St_M_10_S19_R2_001.fastq	0.0007310586809575	0.0001383481067225	853000	0.7922042518534669	10661512	0.017663287210788733	0.7832523191832435	DYN_0021_D03-report.csv.summarized	DYN_0021_D03	illumina	sourmash	default	sourmash_default
	39948	Dialister	Dialister	genus	0.01453827562169	abund_weighted	0.0001453827562169	Bacteria;Firmicutes;Negativicutes;Veillonellales;Veillonellaceae;Dialister	DYN_0021_D03	eacf2a86	/home/Users/pacbio_bakeoff/data/DYN/illumina/DYN_0021_D03_St_M_10_S19_R2_001.fastq	0.0006067872756365	0.0001453827562169	708000	0.7874572443925005	10661512	0.018561420458799487	0.7832523191832435	DYN_0021_D03-report.csv.summarized	DYN_0021_D03	illumina	sourmash	default	sourmash_default
	1348911	Coprobacter	Coprobacter	genus	0.0126060918939	abund_weighted	0.000126060918939	Bacteria;Bacteroidetes;Bacteroidia;Bacteroidales;Barnesiellaceae;Coprobacter	DYN_0021_D03	eacf2a86	/home/Users/pacbio_bakeoff/data/DYN/illumina/DYN_0021_D03_St_M_10_S19_R2_001.fastq	0.0005476512275872	0.000126060918939	639000	0.7848568512753366	10661512	0.01609454780426993	0.7832523191832435	DYN_0021_D03-report.csv.summarized	DYN_0021_D03	illumina	sourmash	default	sourmash_default
	1017280	Pseudoflavonifractor	Pseudoflavonifractor	genus	0.02405850127073	abund_weighted	0.0002405850127073	Bacteria;Firmicutes;Clostridia;Eubacteriales;Oscillospiraceae;Pseudoflavonifractor	DYN_0021_D03	eacf2a86	/home/Users/pacbio_bakeoff/data/DYN/illumina/DYN_0021_D03_St_M_10_S19_R2_001.fastq	0.0004722313402199	0.0002405850127073	551000	0.7811144485302535	10661512	0.030716157081817037	0.7832523191832435	DYN_0021_D03-report.csv.summarized	DYN_0021_D03	illumina	sourmash	default	sourmash_default
	1263	Ruminococcus	Ruminococcus	genus	0.008028879956238853	abund_weighted	8.028879956238852e-05	Bacteria;Firmicutes;Clostridia;Eubacteriales;Oscillospiraceae;Ruminococcus	DYN_0021_D03	eacf2a86	/home/Users/pacbio_bakeoff/data/DYN/illumina/DYN_0021_D03_St_M_10_S19_R2_001.fastq	0.000469660207696	8.028879956238852e-05	548000	0.7809768957502835	10661512	0.010250694137249633	0.7832523191832435	DYN_0021_D03-report.csv.summarized	DYN_0021_D03	illumina	sourmash	default	sourmash_default
	1918542	Muricomes	Muricomes	genus	0.007841289303055702	abund_weighted	7.841289303055702e-05	Bacteria;Firmicutes;Clostridia;Eubacteriales;Lachnospiraceae;Muricomes	DYN_0021_D03	eacf2a86	/home/Users/pacbio_bakeoff/data/DYN/illumina/DYN_0021_D03_St_M_10_S19_R2_001.fastq	0.0004345213965363	7.841289303055702e-05	507000	0.7790202506452324	10661512	0.010011191937781183	0.7832523191832435	DYN_0021_D03-report.csv.summarized	DYN_0021_D03	illumina	sourmash	default	sourmash_default
	1730	Eubacterium	Eubacterium	genus	0.023870910617550003	abund_weighted	0.0002387091061755	Bacteria;Firmicutes;Clostridia;Eubacteriales;Eubacteriaceae;Eubacterium	DYN_0021_D03	eacf2a86	/home/Users/pacbio_bakeoff/data/DYN/illumina/DYN_0021_D03_St_M_10_S19_R2_001.fastq	0.0004096671154721	0.0002387091061755	478000	0.7775415106107126	10661512	0.030476654882352607	0.7832523191832435	DYN_0021_D03-report.csv.summarized	DYN_0021_D03	illumina	sourmash	default	sourmash_default
	577310	Parasutterella	Parasutterella	genus	0.60382617399858	abund_weighted	0.0060382617399858	Bacteria;Proteobacteria;Betaproteobacteria;Burkholderiales;Sutterellaceae;Parasutterella	DYN_0021_D03	eacf2a86	/home/Users/pacbio_bakeoff/data/DYN/illumina/DYN_0021_D03_St_M_10_S19_R2_001.fastq	0.0003573874208198	0.0060382617399858	417000	0.7741247342808859	10661512	0.7709216547590121	0.7832523191832435	DYN_0021_D03-report.csv.summarized	DYN_0021_D03	illumina	sourmash	default	sourmash_default
	459786	Oscillibacter	Oscillibacter	genus	0.0114805479748	abund_weighted	0.000114805479748	Bacteria;Firmicutes;Clostridia;Eubacteriales;Oscillospiraceae;Oscillibacter	DYN_0021_D03	eacf2a86	/home/Users/pacbio_bakeoff/data/DYN/illumina/DYN_0021_D03_St_M_10_S19_R2_001.fastq	0.0002296878388002	0.000114805479748	268000	0.7631630849280127	10661512	0.014657534607457832	0.7832523191832435	DYN_0021_D03-report.csv.summarized	DYN_0021_D03	illumina	sourmash	default	sourmash_default
	1926556	Emergencia	Emergencia	genus	0.003526704279843234	abund_weighted	3.526704279843234e-05	Bacteria;Firmicutes;Clostridia;Eubacteriales;Eubacteriales Family XIII. Incertae Sedis;Emergencia	DYN_0021_D03	eacf2a86	/home/Users/pacbio_bakeoff/data/DYN/illumina/DYN_0021_D03_St_M_10_S19_R2_001.fastq	0.0002151180878316	3.526704279843234e-05	251000	0.7615514612353126	10661512	0.004502641350006848	0.7832523191832435	DYN_0021_D03-report.csv.summarized	DYN_0021_D03	illumina	sourmash	default	sourmash_default
	1654	Actinomyces	Actinomyces	genus	0.0034422884859108163	abund_weighted	3.442288485910816e-05	Bacteria;Actinobacteria;Actinomycetia;Actinomycetales;Actinomycetaceae;Actinomyces	DYN_0021_D03	eacf2a86	/home/Users/pacbio_bakeoff/data/DYN/illumina/DYN_0021_D03_St_M_10_S19_R2_001.fastq	0.000204833557736	3.442288485910816e-05	239000	0.7603489297511511	10661512	0.004394865360246045	0.7832523191832435	DYN_0021_D03-report.csv.summarized	DYN_0021_D03	illumina	sourmash	default	sourmash_default
	482	Neisseria	Neisseria	genus	0.0037049154003672272	abund_weighted	3.704915400367227e-05	Bacteria;Proteobacteria;Betaproteobacteria;Neisseriales;Neisseriaceae;Neisseria	DYN_0021_D03	eacf2a86	/home/Users/pacbio_bakeoff/data/DYN/illumina/DYN_0021_D03_St_M_10_S19_R2_001.fastq	0.0002022624252121	3.704915400367227e-05	236000	0.7600391691479527	10661512	0.004730168439501875	0.7832523191832435	DYN_0021_D03-report.csv.summarized	DYN_0021_D03	illumina	sourmash	default	sourmash_default
	84111	Eggerthella	Eggerthella	genus	0.003282836430705138	abund_weighted	3.282836430705138e-05	Bacteria;Actinobacteria;Coriobacteriia;Eggerthellales;Eggerthellaceae;Eggerthella	DYN_0021_D03	eacf2a86	/home/Users/pacbio_bakeoff/data/DYN/illumina/DYN_0021_D03_St_M_10_S19_R2_001.fastq	0.0002005483368629	3.282836430705138e-05	234000	0.7598305378684231	10661512	0.004191288490697864	0.7832523191832435	DYN_0021_D03-report.csv.summarized	DYN_0021_D03	illumina	sourmash	default	sourmash_default
	572511	Blautia	Blautia	genus	0.004539693807032248	abund_weighted	4.539693807032248e-05	Bacteria;Firmicutes;Clostridia;Eubacteriales;Lachnospiraceae;Blautia	DYN_0021_D03	eacf2a86	/home/Users/pacbio_bakeoff/data/DYN/illumina/DYN_0021_D03_St_M_10_S19_R2_001.fastq	0.0001954060718151	4.539693807032248e-05	228000	0.7591941281547153	10661512	0.005795953227136475	0.7832523191832435	DYN_0021_D03-report.csv.summarized	DYN_0021_D03	illumina	sourmash	default	sourmash_default
	1924093	Anaeromassilibacillus	Anaeromassilibacillus	genus	0.00811329575017127	abund_weighted	8.11329575017127e-05	Bacteria;Firmicutes;Clostridia;Eubacteriales;Oscillospiraceae;Anaeromassilibacillus	DYN_0021_D03	eacf2a86	/home/Users/pacbio_bakeoff/data/DYN/illumina/DYN_0021_D03_St_M_10_S19_R2_001.fastq	0.000191120850942	8.11329575017127e-05	223000	0.7586512816002099	10661512	0.010358470127010435	0.7832523191832435	DYN_0021_D03-report.csv.summarized	DYN_0021_D03	illumina	sourmash	default	sourmash_default
	1301	Streptococcus	Streptococcus	genus	0.002776341667110631	abund_weighted	2.776341667110631e-05	Bacteria;Firmicutes;Bacilli;Lactobacillales;Streptococcaceae;Streptococcus	DYN_0021_D03	eacf2a86	/home/Users/pacbio_bakeoff/data/DYN/illumina/DYN_0021_D03_St_M_10_S19_R2_001.fastq	0.0001756940557987	2.776341667110631e-05	205000	0.7565944152240259	10661512	0.0035446325521330505	0.7832523191832435	DYN_0021_D03-report.csv.summarized	DYN_0021_D03	illumina	sourmash	default	sourmash_default
	1506553	Lachnoclostridium	Lachnoclostridium	genus	0.009501466583726588	abund_weighted	9.501466583726588e-05	Bacteria;Firmicutes;Clostridia;Eubacteriales;Lachnospiraceae;Lachnoclostridium	DYN_0021_D03	eacf2a86	/home/Users/pacbio_bakeoff/data/DYN/illumina/DYN_0021_D03_St_M_10_S19_R2_001.fastq	0.000174837011624	9.501466583726588e-05	204000	0.7564750783279418	10661512	0.012130786403076963	0.7832523191832435	DYN_0021_D03-report.csv.summarized	DYN_0021_D03	illumina	sourmash	default	sourmash_default
	841	Roseburia	Roseburia	genus	0.03344741346255	abund_weighted	0.0003344741346255	Bacteria;Firmicutes;Clostridia;Eubacteriales;Lachnospiraceae;Roseburia	DYN_0021_D03	eacf2a86	/home/Users/pacbio_bakeoff/data/DYN/illumina/DYN_0021_D03_St_M_10_S19_R2_001.fastq	0.0001516968189091	0.0003344741346255	177000	0.7530185809949888	10661512	0.04270324216521715	0.7832523191832435	DYN_0021_D03-report.csv.summarized	DYN_0021_D03	illumina	sourmash	default	sourmash_default
	580596	Butyricicoccus	Butyricicoccus	genus	0.0019415632604456103	abund_weighted	1.9415632604456103e-05	Bacteria;Firmicutes;Clostridia;Eubacteriales;Clostridiaceae;Butyricicoccus	DYN_0021_D03	eacf2a86	/home/Users/pacbio_bakeoff/data/DYN/illumina/DYN_0021_D03_St_M_10_S19_R2_001.fastq	0.0001276995820195	1.9415632604456103e-05	149000	0.7488471976341562	10661512	0.0024788477644984513	0.7832523191832435	DYN_0021_D03-report.csv.summarized	DYN_0021_D03	illumina	sourmash	default	sourmash_default
	579	Kluyvera	Kluyvera	genus	0.19206469026155998	abund_weighted	0.0019206469026156	Bacteria;Proteobacteria;Gammaproteobacteria;Enterobacterales;Enterobacteriaceae;Kluyvera	DYN_0021_D03	eacf2a86	/home/Users/pacbio_bakeoff/data/DYN/illumina/DYN_0021_D03_St_M_10_S19_R2_001.fastq	0.0001276995820195	0.0019206469026156	149000	0.7488471976341562	10661512	0.24521432692576048	0.7832523191832435	DYN_0021_D03-report.csv.summarized	DYN_0021_D03	illumina	sourmash	default	sourmash_default
	86331	Mogibacterium	Mogibacterium	genus	0.0021010153156512884	abund_weighted	2.1010153156512883e-05	Bacteria;Firmicutes;Clostridia;Eubacteriales;Eubacteriales Family XIII. Incertae Sedis;Mogibacterium	DYN_0021_D03	eacf2a86	/home/Users/pacbio_bakeoff/data/DYN/illumina/DYN_0021_D03_St_M_10_S19_R2_001.fastq	0.0001217002727971	2.1010153156512883e-05	142000	0.7476857133705931	10661512	0.002682424634046633	0.7832523191832435	DYN_0021_D03-report.csv.summarized	DYN_0021_D03	illumina	sourmash	default	sourmash_default
	1350	Enterococcus	Enterococcus	genus	0.01847767933854	abund_weighted	0.0001847767933854	Bacteria;Firmicutes;Bacilli;Lactobacillales;Enterococcaceae;Enterococcus	DYN_0021_D03	eacf2a86	/home/Users/pacbio_bakeoff/data/DYN/illumina/DYN_0021_D03_St_M_10_S19_R2_001.fastq	0.0001165580077493	0.0001847767933854	136000	0.7466451730572788	10661512	0.023590966647641817	0.7832523191832435	DYN_0021_D03-report.csv.summarized	DYN_0021_D03	illumina	sourmash	default	sourmash_default
	1940255	Fournierella	Fournierella	genus	0.012896857406340001	abund_weighted	0.0001289685740634	Bacteria;Firmicutes;Clostridia;Eubacteriales;Oscillospiraceae;Fournierella	DYN_0021_D03	eacf2a86	/home/Users/pacbio_bakeoff/data/DYN/illumina/DYN_0021_D03_St_M_10_S19_R2_001.fastq	0.0001122727868762	0.0001289685740634	131000	0.7457435402064385	10661512	0.016465776213453836	0.7832523191832435	DYN_0021_D03-report.csv.summarized	DYN_0021_D03	illumina	sourmash	default	sourmash_default
	1678	Bifidobacterium	Bifidobacterium	genus	0.001847767933854035	abund_weighted	1.847767933854035e-05	Bacteria;Actinobacteria;Actinomycetia;Bifidobacteriales;Bifidobacteriaceae;Bifidobacterium	DYN_0021_D03	eacf2a86	/home/Users/pacbio_bakeoff/data/DYN/illumina/DYN_0021_D03_St_M_10_S19_R2_001.fastq	0.0001028453009553	1.847767933854035e-05	120000	0.7436366552487902	10661512	0.0023590966647642265	0.7832523191832435	DYN_0021_D03-report.csv.summarized	DYN_0021_D03	illumina	sourmash	default	sourmash_default
	2126002	Rubneribacter	Rubneribacter	genus	0.0016976954113075142	abund_weighted	1.6976954113075142e-05	Bacteria;Actinobacteria;Coriobacteriia;Eggerthellales;Eggerthellaceae;Rubneribacter	DYN_0021_D03	eacf2a86	/home/Users/pacbio_bakeoff/data/DYN/illumina/DYN_0021_D03_St_M_10_S19_R2_001.fastq	0.0001028453009553	1.6976954113075142e-05	120000	0.7436366552487902	10661512	0.0021674949051894666	0.7832523191832435	DYN_0021_D03-report.csv.summarized	DYN_0021_D03	illumina	sourmash	default	sourmash_default
	419014	Alloscardovia	Alloscardovia	genus	0.0015757614867384663	abund_weighted	1.5757614867384663e-05	Bacteria;Actinobacteria;Actinomycetia;Bifidobacteriales;Bifidobacteriaceae;Alloscardovia	DYN_0021_D03	eacf2a86	/home/Users/pacbio_bakeoff/data/DYN/illumina/DYN_0021_D03_St_M_10_S19_R2_001.fastq	9.256077085981245e-05	1.5757614867384663e-05	108000	0.7411135279207784	10661512	0.002011818475534975	0.7832523191832435	DYN_0021_D03-report.csv.summarized	DYN_0021_D03	illumina	sourmash	default	sourmash_default
	82982	Obesumbacterium	Obesumbacterium	genus	0.003432908953251659	abund_weighted	3.432908953251659e-05	Bacteria;Proteobacteria;Gammaproteobacteria;Enterobacterales;Hafniaceae;Obesumbacterium	DYN_0021_D03	eacf2a86	/home/Users/pacbio_bakeoff/data/DYN/illumina/DYN_0021_D03_St_M_10_S19_R2_001.fastq	8.998963833592875e-05	3.432908953251659e-05	105000	0.7404403558351876	10661512	0.004382890250272624	0.7832523191832435	DYN_0021_D03-report.csv.summarized	DYN_0021_D03	illumina	sourmash	default	sourmash_default
	264995	Anaerofustis	Anaerofustis	genus	0.0014350684968511033	abund_weighted	1.4350684968511032e-05	Bacteria;Firmicutes;Clostridia;Eubacteriales;Eubacteriaceae;Anaerofustis	DYN_0021_D03	eacf2a86	/home/Users/pacbio_bakeoff/data/DYN/illumina/DYN_0021_D03_St_M_10_S19_R2_001.fastq	8.741850581204508e-05	1.4350684968511032e-05	102000	0.7397483071203428	10661512	0.0018321918259336376	0.7832523191832435	DYN_0021_D03-report.csv.summarized	DYN_0021_D03	illumina	sourmash	default	sourmash_default
	644652	Gordonibacter	Gordonibacter	genus	0.0010411281251664869	abund_weighted	1.0411281251664869e-05	Bacteria;Actinobacteria;Coriobacteriia;Eggerthellales;Eggerthellaceae;Gordonibacter	DYN_0021_D03	eacf2a86	/home/Users/pacbio_bakeoff/data/DYN/illumina/DYN_0021_D03_St_M_10_S19_R2_001.fastq	7.027762231948721e-05	1.0411281251664869e-05	82000	0.7345584461978224	10661512	0.0013292372070498942	0.7832523191832435	DYN_0021_D03-report.csv.summarized	DYN_0021_D03	illumina	sourmash	default	sourmash_default
	1378	Gemella	Gemella	genus	0.001116164386439747	abund_weighted	1.116164386439747e-05	Bacteria;Firmicutes;Bacilli;Bacillales;;Gemella	DYN_0021_D03	eacf2a86	/home/Users/pacbio_bakeoff/data/DYN/illumina/DYN_0021_D03_St_M_10_S19_R2_001.fastq	6.770648979560354e-05	1.116164386439747e-05	79000	0.7336758150330941	10661512	0.0014250380868372737	0.7832523191832435	DYN_0021_D03-report.csv.summarized	DYN_0021_D03	illumina	sourmash	default	sourmash_default
	32207	Rothia	Rothia	genus	0.0010692667231439594	abund_weighted	1.0692667231439593e-05	Bacteria;Actinobacteria;Actinomycetia;Micrococcales;Micrococcaceae;Rothia	DYN_0021_D03	eacf2a86	/home/Users/pacbio_bakeoff/data/DYN/illumina/DYN_0021_D03_St_M_10_S19_R2_001.fastq	6.513535727171985e-05	1.0692667231439593e-05	76000	0.7327601320499191	10661512	0.0013651625369701615	0.7832523191832435	DYN_0021_D03-report.csv.summarized	DYN_0021_D03	illumina	sourmash	default	sourmash_default
	195950	Tannerella	Tannerella	genus	0.0014819661601468911	abund_weighted	1.481966160146891e-05	Bacteria;Bacteroidetes;Bacteroidia;Bacteroidales;Tannerellaceae;Tannerella	DYN_0021_D03	eacf2a86	/home/Users/pacbio_bakeoff/data/DYN/illumina/DYN_0021_D03_St_M_10_S19_R2_001.fastq	6.342126892246406e-05	1.481966160146891e-05	74000	0.7321300344612177	10661512	0.0018920673758007502	0.7832523191832435	DYN_0021_D03-report.csv.summarized	DYN_0021_D03	illumina	sourmash	default	sourmash_default
	1870884	Clostridioides	Clostridioides	genus	0.01711764710296	abund_weighted	0.0001711764710296	Bacteria;Firmicutes;Clostridia;Eubacteriales;Peptostreptococcaceae;Clostridioides	DYN_0021_D03	eacf2a86	/home/Users/pacbio_bakeoff/data/DYN/illumina/DYN_0021_D03_St_M_10_S19_R2_001.fastq	5.399378300155725e-05	0.0001711764710296	63000	0.7283391744986607	10661512	0.021854575701492806	0.7832523191832435	DYN_0021_D03-report.csv.summarized	DYN_0021_D03	illumina	sourmash	default	sourmash_default
	1924110	Massilimicrobiota	Massilimicrobiota	genus	0.0008347784066650209	abund_weighted	8.347784066650208e-06	Bacteria;Firmicutes;Erysipelotrichia;Erysipelotrichales;Erysipelotrichaceae;Massilimicrobiota	DYN_0021_D03	eacf2a86	/home/Users/pacbio_bakeoff/data/DYN/illumina/DYN_0021_D03_St_M_10_S19_R2_001.fastq	5.399378300155725e-05	8.347784066650208e-06	63000	0.7283391744986607	10661512	0.0010657847876345996	0.7832523191832435	DYN_0021_D03-report.csv.summarized	DYN_0021_D03	illumina	sourmash	default	sourmash_default
	2591381	Dysosmobacter	Dysosmobacter	genus	0.0036017405411164945	abund_weighted	3.601740541116494e-05	Bacteria;Firmicutes;Clostridia;Eubacteriales;Oscillospiraceae;Dysosmobacter	DYN_0021_D03	eacf2a86	/home/Users/pacbio_bakeoff/data/DYN/illumina/DYN_0021_D03_St_M_10_S19_R2_001.fastq	5.056560630304568e-05	3.601740541116494e-05	59000	0.7267996081411784	10661512	0.004598442229794227	0.7832523191832435	DYN_0021_D03-report.csv.summarized	DYN_0021_D03	illumina	sourmash	default	sourmash_default
	447792	Phytobacter	Phytobacter	genus	0.005871587444632619	abund_weighted	5.871587444632619e-05	Bacteria;Proteobacteria;Gammaproteobacteria;Enterobacterales;Enterobacteriaceae;Phytobacter	DYN_0021_D03	eacf2a86	/home/Users/pacbio_bakeoff/data/DYN/illumina/DYN_0021_D03_St_M_10_S19_R2_001.fastq	5.056560630304568e-05	5.871587444632619e-05	59000	0.7267996081411784	10661512	0.007496418843362465	0.7832523191832435	DYN_0021_D03-report.csv.summarized	DYN_0021_D03	illumina	sourmash	default	sourmash_default
	420345	Lactonifactor	Lactonifactor	genus	0.0008535374719833359	abund_weighted	8.53537471983336e-06	Bacteria;Firmicutes;Clostridia;Eubacteriales;Clostridiaceae;Lactonifactor	DYN_0021_D03	eacf2a86	/home/Users/pacbio_bakeoff/data/DYN/illumina/DYN_0021_D03_St_M_10_S19_R2_001.fastq	4.456629708065043e-05	8.53537471983336e-06	52000	0.7238446562883001	10661512	0.0010897350075814447	0.7832523191832435	DYN_0021_D03-report.csv.summarized	DYN_0021_D03	illumina	sourmash	default	sourmash_default
	1432051	Eisenbergiella	Eisenbergiella	genus	0.01097405321121	abund_weighted	0.0001097405321121	Bacteria;Firmicutes;Clostridia;Eubacteriales;Lachnospiraceae;Eisenbergiella	DYN_0021_D03	eacf2a86	/home/Users/pacbio_bakeoff/data/DYN/illumina/DYN_0021_D03_St_M_10_S19_R2_001.fastq	4.370925290602254e-05	0.0001097405321121	51000	0.7233913893065262	10661512	0.014010878668898774	0.7832523191832435	DYN_0021_D03-report.csv.summarized	DYN_0021_D03	illumina	sourmash	default	sourmash_default
	123375	Solobacterium	Solobacterium	genus	0.0006940854167776577	abund_weighted	6.940854167776578e-06	Bacteria;Firmicutes;Erysipelotrichia;Erysipelotrichales;Erysipelotrichaceae;Solobacterium	DYN_0021_D03	eacf2a86	/home/Users/pacbio_bakeoff/data/DYN/illumina/DYN_0021_D03_St_M_10_S19_R2_001.fastq	4.370925290602254e-05	6.940854167776578e-06	51000	0.7233913893065262	10661512	0.0008861581380332626	0.7832523191832435	DYN_0021_D03-report.csv.summarized	DYN_0021_D03	illumina	sourmash	default	sourmash_default
	1926677	Raoultibacter	Raoultibacter	genus	0.0006190491555043974	abund_weighted	6.190491555043975e-06	Bacteria;Actinobacteria;Coriobacteriia;Eggerthellales;Eggerthellaceae;Raoultibacter	DYN_0021_D03	eacf2a86	/home/Users/pacbio_bakeoff/data/DYN/illumina/DYN_0021_D03_St_M_10_S19_R2_001.fastq	4.370925290602254e-05	6.190491555043975e-06	51000	0.7233913893065262	10661512	0.0007903572582458828	0.7832523191832435	DYN_0021_D03-report.csv.summarized	DYN_0021_D03	illumina	sourmash	default	sourmash_default
	572511	Blautia	Blautia	genus	1.9950228064738802	abund_weighted	0.0199502280647388	Bacteria;Firmicutes;Clostridia;Eubacteriales;Lachnospiraceae;Blautia	DYN_0024_D01	e5d03bab	/home/Users/pacbio_bakeoff/data/DYN/illumina/DYN_0024_D01_St_M_10_S30_R2_001.fastq	0.0143824414996866	0.0199502280647388	13174000	0.8721179910044344	5886048	4.201117574264971	0.47487906996340856	DYN_0024_D01-report.csv.summarized	DYN_0024_D01	illumina	sourmash	default	sourmash_default
	816	Bacteroides	Bacteroides	genus	20.19324341221818	abund_weighted	0.2019324341221818	Bacteria;Bacteroidetes;Bacteroidia;Bacteroidales;Bacteroidaceae;Bacteroides	DYN_0024_D01	e5d03bab	/home/Users/pacbio_bakeoff/data/DYN/illumina/DYN_0024_D01_St_M_10_S30_R2_001.fastq	0.0106967634593843	0.2019324341221818	9798000	0.8638284364413723	5886048	42.52291728455027	0.47487906996340856	DYN_0024_D01-report.csv.summarized	DYN_0024_D01	illumina	sourmash	default	sourmash_default
	1506553	Lachnoclostridium	Lachnoclostridium	genus	0.5961215402932399	abund_weighted	0.0059612154029324	Bacteria;Firmicutes;Clostridia;Eubacteriales;Lachnospiraceae;Lachnoclostridium	DYN_0024_D01	e5d03bab	/home/Users/pacbio_bakeoff/data/DYN/illumina/DYN_0024_D01_St_M_10_S30_R2_001.fastq	0.0096050341820436	0.0059612154029324	8798000	0.8608338176871237	5886048	1.255312305802767	0.47487906996340856	DYN_0024_D01-report.csv.summarized	DYN_0024_D01	illumina	sourmash	default	sourmash_default
	1485	Clostridium	Clostridium	genus	0.6871503596300901	abund_weighted	0.0068715035963009	Bacteria;Firmicutes;Clostridia;Eubacteriales;Clostridiaceae;Clostridium	DYN_0024_D01	e5d03bab	/home/Users/pacbio_bakeoff/data/DYN/illumina/DYN_0024_D01_St_M_10_S30_R2_001.fastq	0.0086377620423197	0.0068715035963009	7912000	0.8578913677955601	5886048	1.4470007273284078	0.47487906996340856	DYN_0024_D01-report.csv.summarized	DYN_0024_D01	illumina	sourmash	default	sourmash_default
	1301	Streptococcus	Streptococcus	genus	0.42777428930242994	abund_weighted	0.0042777428930243	Bacteria;Firmicutes;Bacilli;Lactobacillales;Streptococcaceae;Streptococcus	DYN_0024_D01	e5d03bab	/home/Users/pacbio_bakeoff/data/DYN/illumina/DYN_0024_D01_St_M_10_S30_R2_001.fastq	0.0072818342798626	0.0042777428930243	6670000	0.8531787411889539	5886048	0.9008067871582376	0.47487906996340856	DYN_0024_D01-report.csv.summarized	DYN_0024_D01	illumina	sourmash	default	sourmash_default
	1649459	Hungatella	Hungatella	genus	0.50434519052511	abund_weighted	0.0050434519052511	Bacteria;Firmicutes;Clostridia;Eubacteriales;Clostridiaceae;Hungatella	DYN_0024_D01	e5d03bab	/home/Users/pacbio_bakeoff/data/DYN/illumina/DYN_0024_D01_St_M_10_S30_R2_001.fastq	0.0062392328200022	0.0050434519052511	5715000	0.848936486854235	5886048	1.0620497352388512	0.47487906996340856	DYN_0024_D01-report.csv.summarized	DYN_0024_D01	illumina	sourmash	default	sourmash_default
	1730	Eubacterium	Eubacterium	genus	0.32060560838102997	abund_weighted	0.0032060560838103	Bacteria;Firmicutes;Clostridia;Eubacteriales;Eubacteriaceae;Eubacterium	DYN_0024_D01	e5d03bab	/home/Users/pacbio_bakeoff/data/DYN/illumina/DYN_0024_D01_St_M_10_S30_R2_001.fastq	0.0055350674361174	0.0032060560838103	5070000	0.8456633582141185	5886048	0.6751310568514506	0.47487906996340856	DYN_0024_D01-report.csv.summarized	DYN_0024_D01	illumina	sourmash	default	sourmash_default
	2719313	Enterocloster	Enterocloster	genus	0.25110226759958	abund_weighted	0.0025110226759958	Bacteria;Firmicutes;Clostridia;Eubacteriales;Lachnospiraceae;Enterocloster	DYN_0024_D01	e5d03bab	/home/Users/pacbio_bakeoff/data/DYN/illumina/DYN_0024_D01_St_M_10_S30_R2_001.fastq	0.0053713080445163	0.0025110226759958	4920000	0.8448444902612554	5886048	0.528770972405519	0.47487906996340856	DYN_0024_D01-report.csv.summarized	DYN_0024_D01	illumina	sourmash	default	sourmash_default
	248744	Marvinbryantia	Marvinbryantia	genus	0.32186281865183	abund_weighted	0.0032186281865183	Bacteria;Firmicutes;Clostridia;Eubacteriales;Lachnospiraceae;Marvinbryantia	DYN_0024_D01	e5d03bab	/home/Users/pacbio_bakeoff/data/DYN/illumina/DYN_0024_D01_St_M_10_S30_R2_001.fastq	0.005229383238462	0.0032186281865183	4790000	0.8441150200019453	5886048	0.6777784893249368	0.47487906996340856	DYN_0024_D01-report.csv.summarized	DYN_0024_D01	illumina	sourmash	default	sourmash_default
	1678	Bifidobacterium	Bifidobacterium	genus	0.45443054490891005	abund_weighted	0.0045443054490891	Bacteria;Actinobacteria;Actinomycetia;Bifidobacteriales;Bifidobacteriaceae;Bifidobacterium	DYN_0024_D01	e5d03bab	/home/Users/pacbio_bakeoff/data/DYN/illumina/DYN_0024_D01_St_M_10_S30_R2_001.fastq	0.0041573050881134	0.0045443054490891	3808000	0.8378909131119	5886048	0.9569395108188826	0.47487906996340856	DYN_0024_D01-report.csv.summarized	DYN_0024_D01	illumina	sourmash	default	sourmash_default
	189330	Dorea	Dorea	genus	0.34722788533154997	abund_weighted	0.0034722788533155	Bacteria;Firmicutes;Clostridia;Eubacteriales;Lachnospiraceae;Dorea	DYN_0024_D01	e5d03bab	/home/Users/pacbio_bakeoff/data/DYN/illumina/DYN_0024_D01_St_M_10_S30_R2_001.fastq	0.0040361231383286	0.0034722788533155	3697000	0.8370917185252253	5886048	0.7311922282830982	0.47487906996340856	DYN_0024_D01-report.csv.summarized	DYN_0024_D01	illumina	sourmash	default	sourmash_default
	2172004	Lawsonibacter	Lawsonibacter	genus	0.28754437612468997	abund_weighted	0.0028754437612469	Bacteria;Firmicutes;Clostridia;Eubacteriales;;Lawsonibacter	DYN_0024_D01	e5d03bab	/home/Users/pacbio_bakeoff/data/DYN/illumina/DYN_0024_D01_St_M_10_S30_R2_001.fastq	0.0038603547246767	0.0028754437612469	3536000	0.8358902603776508	5886048	0.6055107380218853	0.47487906996340856	DYN_0024_D01-report.csv.summarized	DYN_0024_D01	illumina	sourmash	default	sourmash_default
	239759	Alistipes	Alistipes	genus	4.3258057018903	abund_weighted	0.043258057018903	Bacteria;Bacteroidetes;Bacteroidia;Bacteroidales;Rikenellaceae;Alistipes	DYN_0024_D01	e5d03bab	/home/Users/pacbio_bakeoff/data/DYN/illumina/DYN_0024_D01_St_M_10_S30_R2_001.fastq	0.0036900449574116	0.043258057018903	3380000	0.8346745088253329	5886048	9.109278499521198	0.47487906996340856	DYN_0024_D01-report.csv.summarized	DYN_0024_D01	illumina	sourmash	default	sourmash_default
	2759736	Lacticaseibacillus	Lacticaseibacillus	genus	0.7513190514246499	abund_weighted	0.0075131905142465	Bacteria;Firmicutes;Bacilli;Lactobacillales;Lactobacillaceae;Lacticaseibacillus	DYN_0024_D01	e5d03bab	/home/Users/pacbio_bakeoff/data/DYN/illumina/DYN_0024_D01_St_M_10_S30_R2_001.fastq	0.0036583848083687	0.0075131905142465	3351000	0.8344425311517215	5886048	1.582127111819315	0.47487906996340856	DYN_0024_D01-report.csv.summarized	DYN_0024_D01	illumina	sourmash	default	sourmash_default
	1432051	Eisenbergiella	Eisenbergiella	genus	0.16345432453150002	abund_weighted	0.001634543245315	Bacteria;Firmicutes;Clostridia;Eubacteriales;Lachnospiraceae;Eisenbergiella	DYN_0024_D01	e5d03bab	/home/Users/pacbio_bakeoff/data/DYN/illumina/DYN_0024_D01_St_M_10_S30_R2_001.fastq	0.0036278163886032	0.001634543245315	3323000	0.8342167018267257	5886048	0.3442019976666794	0.47487906996340856	DYN_0024_D01-report.csv.summarized	DYN_0024_D01	illumina	sourmash	default	sourmash_default
	84111	Eggerthella	Eggerthella	genus	1.4394547920778	abund_weighted	0.014394547920778	Bacteria;Actinobacteria;Coriobacteriia;Eggerthellales;Eggerthellaceae;Eggerthella	DYN_0024_D01	e5d03bab	/home/Users/pacbio_bakeoff/data/DYN/illumina/DYN_0024_D01_St_M_10_S30_R2_001.fastq	0.0035961562395603	0.014394547920778	3294000	0.8339808575027592	5886048	3.031202853789105	0.47487906996340856	DYN_0024_D01-report.csv.summarized	DYN_0024_D01	illumina	sourmash	default	sourmash_default
	1505663	Erysipelatoclostridium	Erysipelatoclostridium	genus	0.14262540842344	abund_weighted	0.0014262540842344	Bacteria;Firmicutes;Erysipelotrichia;Erysipelotrichales;Erysipelotrichaceae;Erysipelatoclostridium	DYN_0024_D01	e5d03bab	/home/Users/pacbio_bakeoff/data/DYN/illumina/DYN_0024_D01_St_M_10_S30_R2_001.fastq	0.0035655878197947	0.0014262540842344	3266000	0.8337512313138716	5886048	0.30034048128175006	0.47487906996340856	DYN_0024_D01-report.csv.summarized	DYN_0024_D01	illumina	sourmash	default	sourmash_default
	1350	Enterococcus	Enterococcus	genus	0.14547961552471	abund_weighted	0.0014547961552471	Bacteria;Firmicutes;Bacilli;Lactobacillales;Enterococcaceae;Enterococcus	DYN_0024_D01	e5d03bab	/home/Users/pacbio_bakeoff/data/DYN/illumina/DYN_0024_D01_St_M_10_S30_R2_001.fastq	0.003508817897373	0.0014547961552471	3214000	0.8333196823970105	5886048	0.30635086851884175	0.47487906996340856	DYN_0024_D01-report.csv.summarized	DYN_0024_D01	illumina	sourmash	default	sourmash_default
	239934	Akkermansia	Akkermansia	genus	8.508374379549739	abund_weighted	0.0850837437954974	Bacteria;Verrucomicrobia;Verrucomicrobiae;Verrucomicrobiales;Akkermansiaceae;Akkermansia	DYN_0024_D01	e5d03bab	/home/Users/pacbio_bakeoff/data/DYN/illumina/DYN_0024_D01_St_M_10_S30_R2_001.fastq	0.0034182043673538	0.0850837437954974	3131000	0.8326166620044223	5886048	17.916928577638398	0.47487906996340856	DYN_0024_D01-report.csv.summarized	DYN_0024_D01	illumina	sourmash	default	sourmash_default
	1918536	Longicatena	Longicatena	genus	0.57593821864857	abund_weighted	0.0057593821864857	Bacteria;Firmicutes;Erysipelotrichia;Erysipelotrichales;Erysipelotrichaceae;Longicatena	DYN_0024_D01	e5d03bab	/home/Users/pacbio_bakeoff/data/DYN/illumina/DYN_0024_D01_St_M_10_S30_R2_001.fastq	0.0032937472297369	0.0057593821864857	3017000	0.8316210860541691	5886048	1.2128102817691007	0.47487906996340856	DYN_0024_D01-report.csv.summarized	DYN_0024_D01	illumina	sourmash	default	sourmash_default
	1578	Lactobacillus	Lactobacillus	genus	0.22222041002723003	abund_weighted	0.0022222041002723	Bacteria;Firmicutes;Bacilli;Lactobacillales;Lactobacillaceae;Lactobacillus	DYN_0024_D01	e5d03bab	/home/Users/pacbio_bakeoff/data/DYN/illumina/DYN_0024_D01_St_M_10_S30_R2_001.fastq	0.0031288961088585	0.0022222041002723	2866000	0.8302448032664854	5886048	0.4679515777445257	0.47487906996340856	DYN_0024_D01-report.csv.summarized	DYN_0024_D01	illumina	sourmash	default	sourmash_default
	544	Citrobacter	Citrobacter	genus	0.10086564023941999	abund_weighted	0.0010086564023942	Bacteria;Proteobacteria;Gammaproteobacteria;Enterobacterales;Enterobacteriaceae;Citrobacter	DYN_0024_D01	e5d03bab	/home/Users/pacbio_bakeoff/data/DYN/illumina/DYN_0024_D01_St_M_10_S30_R2_001.fastq	0.0029989803248549	0.0010086564023942	2747000	0.8291098069698257	5886048	0.2124027918248579	0.47487906996340856	DYN_0024_D01-report.csv.summarized	DYN_0024_D01	illumina	sourmash	default	sourmash_default
	2039302	Monoglobus	Monoglobus	genus	0.57055260167773	abund_weighted	0.0057055260167773	Bacteria;Firmicutes;Clostridia;Eubacteriales;Oscillospiraceae;Monoglobus	DYN_0024_D01	e5d03bab	/home/Users/pacbio_bakeoff/data/DYN/illumina/DYN_0024_D01_St_M_10_S30_R2_001.fastq	0.002771900635168	0.0057055260167773	2539000	0.8270065642322659	5886048	1.2014692534705593	0.47487906996340856	DYN_0024_D01-report.csv.summarized	DYN_0024_D01	illumina	sourmash	default	sourmash_default
	1506577	Tyzzerella	Tyzzerella	genus	0.17646814976704	abund_weighted	0.0017646814976704	Bacteria;Firmicutes;Clostridia;Eubacteriales;Lachnospiraceae;Tyzzerella	DYN_0024_D01	e5d03bab	/home/Users/pacbio_bakeoff/data/DYN/illumina/DYN_0024_D01_St_M_10_S30_R2_001.fastq	0.0026004991386256	0.0017646814976704	2382000	0.8253054874087405	5886048	0.3716065013786302	0.47487906996340856	DYN_0024_D01-report.csv.summarized	DYN_0024_D01	illumina	sourmash	default	sourmash_default
	33042	Coprococcus	Coprococcus	genus	0.38800227249251	abund_weighted	0.0038800227249251	Bacteria;Firmicutes;Clostridia;Eubacteriales;Lachnospiraceae;Coprococcus	DYN_0024_D01	e5d03bab	/home/Users/pacbio_bakeoff/data/DYN/illumina/DYN_0024_D01_St_M_10_S30_R2_001.fastq	0.0025087938793289	0.0038800227249251	2298000	0.8243502492657021	5886048	0.8170549030986084	0.47487906996340856	DYN_0024_D01-report.csv.summarized	DYN_0024_D01	illumina	sourmash	default	sourmash_default
	946234	Flavonifractor	Flavonifractor	genus	0.12159262037958	abund_weighted	0.0012159262037958	Bacteria;Firmicutes;Clostridia;Eubacteriales;Oscillospiraceae;Flavonifractor	DYN_0024_D01	e5d03bab	/home/Users/pacbio_bakeoff/data/DYN/illumina/DYN_0024_D01_St_M_10_S30_R2_001.fastq	0.0023450344877278	0.0012159262037958	2148000	0.8225571927043969	5886048	0.25604965152275344	0.47487906996340856	DYN_0024_D01-report.csv.summarized	DYN_0024_D01	illumina	sourmash	default	sourmash_default
	123375	Solobacterium	Solobacterium	genus	0.34073796204176	abund_weighted	0.0034073796204176	Bacteria;Firmicutes;Erysipelotrichia;Erysipelotrichales;Erysipelotrichaceae;Solobacterium	DYN_0024_D01	e5d03bab	/home/Users/pacbio_bakeoff/data/DYN/illumina/DYN_0024_D01_St_M_10_S30_R2_001.fastq	0.0022424119356578	0.0034073796204176	2054000	0.8213706994845209	5886048	0.7175257525416214	0.47487906996340856	DYN_0024_D01-report.csv.summarized	DYN_0024_D01	illumina	sourmash	default	sourmash_default
	1924110	Massilimicrobiota	Massilimicrobiota	genus	0.103397050109	abund_weighted	0.00103397050109	Bacteria;Firmicutes;Erysipelotrichia;Erysipelotrichales;Erysipelotrichaceae;Massilimicrobiota	DYN_0024_D01	e5d03bab	/home/Users/pacbio_bakeoff/data/DYN/illumina/DYN_0024_D01_St_M_10_S30_R2_001.fastq	0.0022183938915563	0.00103397050109	2032000	0.8210854265336842	5886048	0.21773343288632868	0.47487906996340856	DYN_0024_D01-report.csv.summarized	DYN_0024_D01	illumina	sourmash	default	sourmash_default
	2316020	Mediterraneibacter	Mediterraneibacter	genus	0.08693439129276	abund_weighted	0.0008693439129276	Bacteria;Firmicutes;Clostridia;Eubacteriales;Lachnospiraceae;Mediterraneibacter	DYN_0024_D01	e5d03bab	/home/Users/pacbio_bakeoff/data/DYN/illumina/DYN_0024_D01_St_M_10_S30_R2_001.fastq	0.0020098735995842	0.0008693439129276	1841000	0.8184750467611566	5886048	0.18306637792956143	0.47487906996340856	DYN_0024_D01-report.csv.summarized	DYN_0024_D01	illumina	sourmash	default	sourmash_default
	1926677	Raoultibacter	Raoultibacter	genus	0.27585571847188	abund_weighted	0.0027585571847188	Bacteria;Actinobacteria;Coriobacteriia;Eggerthellales;Eggerthellaceae;Raoultibacter	DYN_0024_D01	e5d03bab	/home/Users/pacbio_bakeoff/data/DYN/illumina/DYN_0024_D01_St_M_10_S30_R2_001.fastq	0.0019443698429438	0.0027585571847188	1781000	0.8176006989929836	5886048	0.580896771241436	0.47487906996340856	DYN_0024_D01-report.csv.summarized	DYN_0024_D01	illumina	sourmash	default	sourmash_default
	561	Escherichia	Escherichia	genus	0.052972724653280005	abund_weighted	0.0005297272465328	Bacteria;Proteobacteria;Gammaproteobacteria;Enterobacterales;Enterobacteriaceae;Escherichia	DYN_0024_D01	e5d03bab	/home/Users/pacbio_bakeoff/data/DYN/illumina/DYN_0024_D01_St_M_10_S30_R2_001.fastq	0.0018701322520846	0.0005297272465328	1713000	0.8165746271944491	5886048	0.11154992503114905	0.47487906996340856	DYN_0024_D01-report.csv.summarized	DYN_0024_D01	illumina	sourmash	default	sourmash_default
	841	Roseburia	Roseburia	genus	0.22865936533307	abund_weighted	0.0022865936533307	Bacteria;Firmicutes;Clostridia;Eubacteriales;Lachnospiraceae;Roseburia	DYN_0024_D01	e5d03bab	/home/Users/pacbio_bakeoff/data/DYN/illumina/DYN_0024_D01_St_M_10_S30_R2_001.fastq	0.0018210044346043	0.0022865936533307	1668000	0.8158737035453235	5886048	0.4815107251424856	0.47487906996340856	DYN_0024_D01-report.csv.summarized	DYN_0024_D01	illumina	sourmash	default	sourmash_default
	1905344	Ruthenibacterium	Ruthenibacterium	genus	0.24935236681725997	abund_weighted	0.0024935236681726	Bacteria;Firmicutes;Clostridia;Eubacteriales;Oscillospiraceae;Ruthenibacterium	DYN_0024_D01	e5d03bab	/home/Users/pacbio_bakeoff/data/DYN/illumina/DYN_0024_D01_St_M_10_S30_R2_001.fastq	0.0018144540589402	0.0024935236681726	1662000	0.8157788674898212	5886048	0.5250860326113628	0.47487906996340856	DYN_0024_D01-report.csv.summarized	DYN_0024_D01	illumina	sourmash	default	sourmash_default
	2683202	Massilicoli	Massilicoli	genus	0.32996672810007	abund_weighted	0.0032996672810007	Bacteria;Firmicutes;Erysipelotrichia;Erysipelotrichales;Erysipelotrichaceae;Massilicoli	DYN_0024_D01	e5d03bab	/home/Users/pacbio_bakeoff/data/DYN/illumina/DYN_0024_D01_St_M_10_S30_R2_001.fastq	0.0017827939098973	0.0032996672810007	1633000	0.8153157712573867	5886048	0.6948436959445177	0.47487906996340856	DYN_0024_D01-report.csv.summarized	DYN_0024_D01	illumina	sourmash	default	sourmash_default
	216851	Faecalibacterium	Faecalibacterium	genus	0.09950649400072001	abund_weighted	0.0009950649400072	Bacteria;Firmicutes;Clostridia;Eubacteriales;Oscillospiraceae;Faecalibacterium	DYN_0024_D01	e5d03bab	/home/Users/pacbio_bakeoff/data/DYN/illumina/DYN_0024_D01_St_M_10_S30_R2_001.fastq	0.0017052811312062	0.0009950649400072	1562000	0.8141475050917873	5886048	0.2095407026643381	0.47487906996340856	DYN_0024_D01-report.csv.summarized	DYN_0024_D01	illumina	sourmash	default	sourmash_default
	1926556	Emergencia	Emergencia	genus	0.05067916537547	abund_weighted	0.0005067916537547	Bacteria;Firmicutes;Clostridia;Eubacteriales;Eubacteriales Family XIII. Incertae Sedis;Emergencia	DYN_0024_D01	e5d03bab	/home/Users/pacbio_bakeoff/data/DYN/illumina/DYN_0024_D01_St_M_10_S30_R2_001.fastq	0.0014989442977888	0.0005067916537547	1373000	0.8107674529547342	5886048	0.10672014957276396	0.47487906996340856	DYN_0024_D01-report.csv.summarized	DYN_0024_D01	illumina	sourmash	default	sourmash_default
	2569097	Anaerobutyricum	Anaerobutyricum	genus	0.053873159036410004	abund_weighted	0.0005387315903641	Bacteria;Firmicutes;Clostridia;Eubacteriales;Lachnospiraceae;Anaerobutyricum	DYN_0024_D01	e5d03bab	/home/Users/pacbio_bakeoff/data/DYN/illumina/DYN_0024_D01_St_M_10_S30_R2_001.fastq	0.0014760179829646	0.0005387315903641	1352000	0.8103644409034192	5886048	0.11344605909997499	0.47487906996340856	DYN_0024_D01-report.csv.summarized	DYN_0024_D01	illumina	sourmash	default	sourmash_default
	244127	Anaerotruncus	Anaerotruncus	genus	0.053023692637229995	abund_weighted	0.0005302369263723	Bacteria;Firmicutes;Clostridia;Eubacteriales;Oscillospiraceae;Anaerotruncus	DYN_0024_D01	e5d03bab	/home/Users/pacbio_bakeoff/data/DYN/illumina/DYN_0024_D01_St_M_10_S30_R2_001.fastq	0.0012096360392935	0.0005302369263723	1108000	0.8051783477648907	5886048	0.11165725337466588	0.47487906996340856	DYN_0024_D01-report.csv.summarized	DYN_0024_D01	illumina	sourmash	default	sourmash_default
	2840594	Candidatus Limiplasma	Candidatus Limiplasma	genus	0.13622043177357002	abund_weighted	0.0013622043177357	Bacteria;Firmicutes;Clostridia;Eubacteriales;;Candidatus Limiplasma	DYN_0024_D01	e5d03bab	/home/Users/pacbio_bakeoff/data/DYN/illumina/DYN_0024_D01_St_M_10_S30_R2_001.fastq	0.0012074525807388	0.0013622043177357	1106000	0.8051314232024718	5886048	0.2868528861128084	0.47487906996340856	DYN_0024_D01-report.csv.summarized	DYN_0024_D01	illumina	sourmash	default	sourmash_default
	191303	Turicibacter	Turicibacter	genus	0.029731323971530003	abund_weighted	0.0002973132397153	Bacteria;Firmicutes;Erysipelotrichia;Erysipelotrichales;Turicibacteraceae;Turicibacter	DYN_0024_D01	e5d03bab	/home/Users/pacbio_bakeoff/data/DYN/illumina/DYN_0024_D01_St_M_10_S30_R2_001.fastq	0.0012030856636294	0.0002973132397153	1102000	0.8050373272166113	5886048	0.06260820038630241	0.47487906996340856	DYN_0024_D01-report.csv.summarized	DYN_0024_D01	illumina	sourmash	default	sourmash_default
	583	Proteus	Proteus	genus	0.02985024926742	abund_weighted	0.0002985024926742	Bacteria;Proteobacteria;Gammaproteobacteria;Enterobacterales;Morganellaceae;Proteus	DYN_0024_D01	e5d03bab	/home/Users/pacbio_bakeoff/data/DYN/illumina/DYN_0024_D01_St_M_10_S30_R2_001.fastq	0.0011703337853092	0.0002985024926742	1072000	0.8043208864624257	5886048	0.06285863318785578	0.47487906996340856	DYN_0024_D01-report.csv.summarized	DYN_0024_D01	illumina	sourmash	default	sourmash_default
	1929297	Bittarella	Bittarella	genus	0.06636031510446	abund_weighted	0.0006636031510446	Bacteria;Firmicutes;Clostridia;Eubacteriales;Oscillospiraceae;Bittarella	DYN_0024_D01	e5d03bab	/home/Users/pacbio_bakeoff/data/DYN/illumina/DYN_0024_D01_St_M_10_S30_R2_001.fastq	0.001089545818786	0.0006636031510446	998000	0.8024671704930326	5886048	0.13974150326223758	0.47487906996340856	DYN_0024_D01-report.csv.summarized	DYN_0024_D01	illumina	sourmash	default	sourmash_default
	2720801	Candidatus Avimonas	Candidatus Avimonas	genus	0.03428446387117	abund_weighted	0.0003428446387117	Bacteria;Firmicutes;Clostridia;;;Candidatus Avimonas	DYN_0024_D01	e5d03bab	/home/Users/pacbio_bakeoff/data/DYN/illumina/DYN_0024_D01_St_M_10_S30_R2_001.fastq	0.0010819037138446	0.0003428446387117	991000	0.8022849860361697	5886048	0.07219619907403324	0.47487906996340856	DYN_0024_D01-report.csv.summarized	DYN_0024_D01	illumina	sourmash	default	sourmash_default
	1069494	Trueperella	Trueperella	genus	0.02857604966864	abund_weighted	0.0002857604966864	Bacteria;Actinobacteria;Actinomycetia;Actinomycetales;Actinomycetaceae;Trueperella	DYN_0024_D01	e5d03bab	/home/Users/pacbio_bakeoff/data/DYN/illumina/DYN_0024_D01_St_M_10_S30_R2_001.fastq	0.0010666195039618	0.0002857604966864	977000	0.8019168506410648	5886048	0.060175424599871095	0.47487906996340856	DYN_0024_D01-report.csv.summarized	DYN_0024_D01	illumina	sourmash	default	sourmash_default
	55506	Schwartzia	Schwartzia	genus	0.03470919707076	abund_weighted	0.0003470919707076	Bacteria;Firmicutes;Negativicutes;Selenomonadales;Selenomonadaceae;Schwartzia	DYN_0024_D01	e5d03bab	/home/Users/pacbio_bakeoff/data/DYN/illumina/DYN_0024_D01_St_M_10_S30_R2_001.fastq	0.0009236029686302	0.0003470919707076	846000	0.7982012980055269	5886048	0.07309060193668777	0.47487906996340856	DYN_0024_D01-report.csv.summarized	DYN_0024_D01	illumina	sourmash	default	sourmash_default
	2005359	Faecalicatena	Faecalicatena	genus	0.02395495245706	abund_weighted	0.0002395495245706	Bacteria;Firmicutes;Clostridia;Eubacteriales;Lachnospiraceae;Faecalicatena	DYN_0024_D01	e5d03bab	/home/Users/pacbio_bakeoff/data/DYN/illumina/DYN_0024_D01_St_M_10_S30_R2_001.fastq	0.0009115939465795	0.0002395495245706	835000	0.7978643830963401	5886048	0.05044432145410374	0.47487906996340856	DYN_0024_D01-report.csv.summarized	DYN_0024_D01	illumina	sourmash	default	sourmash_default
	2721122	Candidatus Schneewindia	Candidatus Schneewindia	genus	0.033451986799969996	abund_weighted	0.0003345198679997	Bacteria;Firmicutes;Clostridia;;;Candidatus Schneewindia	DYN_0024_D01	e5d03bab	/home/Users/pacbio_bakeoff/data/DYN/illumina/DYN_0024_D01_St_M_10_S30_R2_001.fastq	0.0009050435709154	0.0003345198679997	829000	0.797678796470183	5886048	0.07044316946322274	0.47487906996340856	DYN_0024_D01-report.csv.summarized	DYN_0024_D01	illumina	sourmash	default	sourmash_default
	1924093	Anaeromassilibacillus	Anaeromassilibacillus	genus	0.16026033087056	abund_weighted	0.0016026033087056	Bacteria;Firmicutes;Clostridia;Eubacteriales;Oscillospiraceae;Anaeromassilibacillus	DYN_0024_D01	e5d03bab	/home/Users/pacbio_bakeoff/data/DYN/illumina/DYN_0024_D01_St_M_10_S30_R2_001.fastq	0.0008002375602907	0.0016026033087056	733000	0.7945181752706822	5886048	0.33747608813946833	0.47487906996340856	DYN_0024_D01-report.csv.summarized	DYN_0024_D01	illumina	sourmash	default	sourmash_default
	1924105	Neglectibacter	Neglectibacter	genus	0.023105486057870002	abund_weighted	0.0002310548605787	Bacteria;Firmicutes;Clostridia;Eubacteriales;Oscillospiraceae;Neglectibacter	DYN_0024_D01	e5d03bab	/home/Users/pacbio_bakeoff/data/DYN/illumina/DYN_0024_D01_St_M_10_S30_R2_001.fastq	0.0007620270355838	0.0002310548605787	698000	0.7932651942337446	5886048	0.0486555157287736	0.47487906996340856	DYN_0024_D01-report.csv.summarized	DYN_0024_D01	illumina	sourmash	default	sourmash_default
	2749846	Amedibacillus	Amedibacillus	genus	0.018994068685810002	abund_weighted	0.0001899406868581	Bacteria;Firmicutes;Erysipelotrichia;Erysipelotrichales;Erysipelotrichaceae;Amedibacillus	DYN_0024_D01	e5d03bab	/home/Users/pacbio_bakeoff/data/DYN/illumina/DYN_0024_D01_St_M_10_S30_R2_001.fastq	0.0007380089914823	0.0001899406868581	676000	0.7924460970133258	5886048	0.03999769601821697	0.47487906996340856	DYN_0024_D01-report.csv.summarized	DYN_0024_D01	illumina	sourmash	default	sourmash_default
	1263	Ruminococcus	Ruminococcus	genus	0.03200789392135	abund_weighted	0.0003200789392135	Bacteria;Firmicutes;Clostridia;Eubacteriales;Oscillospiraceae;Ruminococcus	DYN_0024_D01	e5d03bab	/home/Users/pacbio_bakeoff/data/DYN/illumina/DYN_0024_D01_St_M_10_S30_R2_001.fastq	0.0006332029808576	0.0003200789392135	580000	0.7885404314399377	5886048	0.06740219973016781	0.47487906996340856	DYN_0024_D01-report.csv.summarized	DYN_0024_D01	illumina	sourmash	default	sourmash_default
	2039240	Anaerotignum	Anaerotignum	genus	0.0956669058764	abund_weighted	0.000956669058764	Bacteria;Firmicutes;Clostridia;Eubacteriales;Lachnospiraceae;Anaerotignum	DYN_0024_D01	e5d03bab	/home/Users/pacbio_bakeoff/data/DYN/illumina/DYN_0024_D01_St_M_10_S30_R2_001.fastq	0.0006113683953108	0.000956669058764	560000	0.7876483259905217	5886048	0.20145530078588544	0.47487906996340856	DYN_0024_D01-report.csv.summarized	DYN_0024_D01	illumina	sourmash	default	sourmash_default
	2023266	Merdimonas	Merdimonas	genus	0.02504226944802	abund_weighted	0.0002504226944802	Bacteria;Firmicutes;Clostridia;Eubacteriales;Lachnospiraceae;Merdimonas	DYN_0024_D01	e5d03bab	/home/Users/pacbio_bakeoff/data/DYN/illumina/DYN_0024_D01_St_M_10_S30_R2_001.fastq	0.0005851668926546	0.0002504226944802	536000	0.7865361744067592	5886048	0.052733992782519584	0.47487906996340856	DYN_0024_D01-report.csv.summarized	DYN_0024_D01	illumina	sourmash	default	sourmash_default
	29465	Veillonella	Veillonella	genus	0.014644800721969999	abund_weighted	0.0001464480072197	Bacteria;Firmicutes;Negativicutes;Veillonellales;Veillonellaceae;Veillonella	DYN_0024_D01	e5d03bab	/home/Users/pacbio_bakeoff/data/DYN/illumina/DYN_0024_D01_St_M_10_S30_R2_001.fastq	0.0005371308044516	0.0001464480072197	492000	0.784365912615691	5886048	0.03083901070455357	0.47487906996340856	DYN_0024_D01-report.csv.summarized	DYN_0024_D01	illumina	sourmash	default	sourmash_default
	1847725	Lawsonella	Lawsonella	genus	0.01286092128368	abund_weighted	0.0001286092128368	Bacteria;Actinobacteria;Actinomycetia;Corynebacteriales;Lawsonellaceae;Lawsonella	DYN_0024_D01	e5d03bab	/home/Users/pacbio_bakeoff/data/DYN/illumina/DYN_0024_D01_St_M_10_S30_R2_001.fastq	0.0005109293017954	0.0001286092128368	468000	0.783101562766015	5886048	0.027082518681379217	0.47487906996340856	DYN_0024_D01-report.csv.summarized	DYN_0024_D01	illumina	sourmash	default	sourmash_default
	2721119	Candidatus Pseudoruminococcus	Candidatus Pseudoruminococcus	genus	0.01175661496474	abund_weighted	0.0001175661496474	Bacteria;Firmicutes;Clostridia;;;Candidatus Pseudoruminococcus	DYN_0024_D01	e5d03bab	/home/Users/pacbio_bakeoff/data/DYN/illumina/DYN_0024_D01_St_M_10_S30_R2_001.fastq	0.0004639849428698	0.0001175661496474	425000	0.780670677573426	5886048	0.024757071238464767	0.47487906996340856	DYN_0024_D01-report.csv.summarized	DYN_0024_D01	illumina	sourmash	default	sourmash_default
	1505657	Intestinibacter	Intestinibacter	genus	0.010091660822330002	abund_weighted	0.0001009166082233	Bacteria;Firmicutes;Clostridia;Eubacteriales;Peptostreptococcaceae;Intestinibacter	DYN_0024_D01	e5d03bab	/home/Users/pacbio_bakeoff/data/DYN/illumina/DYN_0024_D01_St_M_10_S30_R2_001.fastq	0.0004399668987683	0.0001009166082233	403000	0.7793332863272493	5886048	0.02125101201682274	0.47487906996340856	DYN_0024_D01-report.csv.summarized	DYN_0024_D01	illumina	sourmash	default	sourmash_default
	2840614	Candidatus Egerieimonas	Candidatus Egerieimonas	genus	0.008800471895574076	abund_weighted	8.800471895574076e-05	Bacteria;Firmicutes;Clostridia;Eubacteriales;Lachnospiraceae;Candidatus Egerieimonas	DYN_0024_D01	e5d03bab	/home/Users/pacbio_bakeoff/data/DYN/illumina/DYN_0024_D01_St_M_10_S30_R2_001.fastq	0.0003930225398426	8.800471895574076e-05	360000	0.7765018569329574	5886048	0.01853202731434803	0.47487906996340856	DYN_0024_D01-report.csv.summarized	DYN_0024_D01	illumina	sourmash	default	sourmash_default
	39948	Dialister	Dialister	genus	0.01090714856555	abund_weighted	0.0001090714856555	Bacteria;Firmicutes;Negativicutes;Veillonellales;Veillonellaceae;Dialister	DYN_0024_D01	e5d03bab	/home/Users/pacbio_bakeoff/data/DYN/illumina/DYN_0024_D01_St_M_10_S30_R2_001.fastq	0.0003777383299598	0.0001090714856555	346000	0.7755089392272373	5886048	0.022968265513134623	0.47487906996340856	DYN_0024_D01-report.csv.summarized	DYN_0024_D01	illumina	sourmash	default	sourmash_default
	165779	Anaerococcus	Anaerococcus	genus	0.01041445805402	abund_weighted	0.0001041445805402	Bacteria;Firmicutes;Tissierellia;Tissierellales;Peptoniphilaceae;Anaerococcus	DYN_0024_D01	e5d03bab	/home/Users/pacbio_bakeoff/data/DYN/illumina/DYN_0024_D01_St_M_10_S30_R2_001.fastq	0.0003755548714052	0.0001041445805402	344000	0.7753639296706529	5886048	0.02193075819244356	0.47487906996340856	DYN_0024_D01-report.csv.summarized	DYN_0024_D01	illumina	sourmash	default	sourmash_default
	207244	Anaerostipes	Anaerostipes	genus	0.009242194423151155	abund_weighted	9.242194423151154e-05	Bacteria;Firmicutes;Clostridia;Eubacteriales;Lachnospiraceae;Anaerostipes	DYN_0024_D01	e5d03bab	/home/Users/pacbio_bakeoff/data/DYN/illumina/DYN_0024_D01_St_M_10_S30_R2_001.fastq	0.000355903744413	9.242194423151154e-05	326000	0.7740208564008751	5886048	0.01946220629151608	0.47487906996340856	DYN_0024_D01-report.csv.summarized	DYN_0024_D01	illumina	sourmash	default	sourmash_default
	1392389	Intestinimonas	Intestinimonas	genus	0.047502161042510004	abund_weighted	0.0004750216104251	Bacteria;Firmicutes;Clostridia;Eubacteriales;;Intestinimonas	DYN_0024_D01	e5d03bab	/home/Users/pacbio_bakeoff/data/DYN/illumina/DYN_0024_D01_St_M_10_S30_R2_001.fastq	0.0003176932197061	0.0004750216104251	291000	0.7711902791482236	5886048	0.10003001616005155	0.47487906996340856	DYN_0024_D01-report.csv.summarized	DYN_0024_D01	illumina	sourmash	default	sourmash_default
	1928820	Intestinibacillus	Intestinibacillus	genus	0.0130478038915	abund_weighted	0.000130478038915	Bacteria;Firmicutes;Clostridia;Eubacteriales;Eubacteriaceae;Intestinibacillus	DYN_0024_D01	e5d03bab	/home/Users/pacbio_bakeoff/data/DYN/illumina/DYN_0024_D01_St_M_10_S30_R2_001.fastq	0.0002958586341593	0.000130478038915	271000	0.7694209513838396	5886048	0.02747605594094806	0.47487906996340856	DYN_0024_D01-report.csv.summarized	DYN_0024_D01	illumina	sourmash	default	sourmash_default
	2126544	Neobittarella	Neobittarella	genus	0.00900434383137888	abund_weighted	9.00434383137888e-05	Bacteria;Firmicutes;Clostridia;Eubacteriales;Oscillospiraceae;Neobittarella	DYN_0024_D01	e5d03bab	/home/Users/pacbio_bakeoff/data/DYN/illumina/DYN_0024_D01_St_M_10_S30_R2_001.fastq	0.0002685654022258	9.00434383137888e-05	246000	0.7670224342391639	5886048	0.018961340688425588	0.47487906996340856	DYN_0024_D01-report.csv.summarized	DYN_0024_D01	illumina	sourmash	default	sourmash_default
	1017280	Pseudoflavonifractor	Pseudoflavonifractor	genus	0.07471906447246	abund_weighted	0.0007471906447246	Bacteria;Firmicutes;Clostridia;Eubacteriales;Oscillospiraceae;Pseudoflavonifractor	DYN_0024_D01	e5d03bab	/home/Users/pacbio_bakeoff/data/DYN/illumina/DYN_0024_D01_St_M_10_S30_R2_001.fastq	0.000259831568007	0.0007471906447246	238000	0.7662048566347485	5886048	0.15734335159942386	0.47487906996340856	DYN_0024_D01-report.csv.summarized	DYN_0024_D01	illumina	sourmash	default	sourmash_default
	2720795	Candidatus Allochristensenella	Candidatus Allochristensenella	genus	0.006150136730111614	abund_weighted	6.150136730111614e-05	Bacteria;Firmicutes;Clostridia;;;Candidatus Allochristensenella	DYN_0024_D01	e5d03bab	/home/Users/pacbio_bakeoff/data/DYN/illumina/DYN_0024_D01_St_M_10_S30_R2_001.fastq	0.0002576481094524	6.150136730111614e-05	236000	0.7659963075334	5886048	0.012950953451339745	0.47487906996340856	DYN_0024_D01-report.csv.summarized	DYN_0024_D01	illumina	sourmash	default	sourmash_default
	2721115	Candidatus Pararuminococcus	Candidatus Pararuminococcus	genus	0.007288421705021774	abund_weighted	7.288421705021774e-05	Bacteria;Firmicutes;Clostridia;;;Candidatus Pararuminococcus	DYN_0024_D01	e5d03bab	/home/Users/pacbio_bakeoff/data/DYN/illumina/DYN_0024_D01_St_M_10_S30_R2_001.fastq	0.000253281192343	7.288421705021774e-05	232000	0.7655740280757594	5886048	0.015347953123272792	0.47487906996340856	DYN_0024_D01-report.csv.summarized	DYN_0024_D01	illumina	sourmash	default	sourmash_default
	2840597	Candidatus Pelethousia	Candidatus Pelethousia	genus	0.01892611137387	abund_weighted	0.0001892611137387	Bacteria;Firmicutes;Clostridia;Eubacteriales;;Candidatus Pelethousia	DYN_0024_D01	e5d03bab	/home/Users/pacbio_bakeoff/data/DYN/illumina/DYN_0024_D01_St_M_10_S30_R2_001.fastq	0.0002445473581243	0.0001892611137387	224000	0.7647079053823033	5886048	0.039854591560180445	0.47487906996340856	DYN_0024_D01-report.csv.summarized	DYN_0024_D01	illumina	sourmash	default	sourmash_default
	1654	Actinomyces	Actinomyces	genus	0.005351638314876128	abund_weighted	5.351638314876128e-05	Bacteria;Actinobacteria;Actinomycetia;Actinomycetales;Actinomycetaceae;Actinomyces	DYN_0024_D01	e5d03bab	/home/Users/pacbio_bakeoff/data/DYN/illumina/DYN_0024_D01_St_M_10_S30_R2_001.fastq	0.0002390887117376	5.351638314876128e-05	219000	0.7641512447809771	5886048	0.011269476069535966	0.47487906996340856	DYN_0024_D01-report.csv.summarized	DYN_0024_D01	illumina	sourmash	default	sourmash_default
	292632	Subdoligranulum	Subdoligranulum	genus	0.02393796312908	abund_weighted	0.0002393796312908	Bacteria;Firmicutes;Clostridia;Eubacteriales;Oscillospiraceae;Subdoligranulum	DYN_0024_D01	e5d03bab	/home/Users/pacbio_bakeoff/data/DYN/illumina/DYN_0024_D01_St_M_10_S30_R2_001.fastq	0.000198694728476	0.0002393796312908	182000	0.7596029737795528	5886048	0.050408545339605135	0.47487906996340856	DYN_0024_D01-report.csv.summarized	DYN_0024_D01	illumina	sourmash	default	sourmash_default
	1924081	Bariatricus	Bariatricus	genus	0.004298299979884636	abund_weighted	4.298299979884636e-05	Bacteria;Firmicutes;Clostridia;Eubacteriales;Lachnospiraceae;Bariatricus	DYN_0024_D01	e5d03bab	/home/Users/pacbio_bakeoff/data/DYN/illumina/DYN_0024_D01_St_M_10_S30_R2_001.fastq	0.0001932360820893	4.298299979884636e-05	177000	0.7589206924596245	5886048	0.009051356970135236	0.47487906996340856	DYN_0024_D01-report.csv.summarized	DYN_0024_D01	illumina	sourmash	default	sourmash_default
	1505652	Terrisporobacter	Terrisporobacter	genus	0.004196364011982233	abund_weighted	4.196364011982233e-05	Bacteria;Firmicutes;Clostridia;Eubacteriales;Peptostreptococcaceae;Terrisporobacter	DYN_0024_D01	e5d03bab	/home/Users/pacbio_bakeoff/data/DYN/illumina/DYN_0024_D01_St_M_10_S30_R2_001.fastq	0.0001877774357026	4.196364011982233e-05	172000	0.7582194983129242	5886048	0.008836700283096454	0.47487906996340856	DYN_0024_D01-report.csv.summarized	DYN_0024_D01	illumina	sourmash	default	sourmash_default
	264995	Anaerofustis	Anaerofustis	genus	0.003822598796340091	abund_weighted	3.822598796340091e-05	Bacteria;Firmicutes;Clostridia;Eubacteriales;Eubacteriaceae;Anaerofustis	DYN_0024_D01	e5d03bab	/home/Users/pacbio_bakeoff/data/DYN/illumina/DYN_0024_D01_St_M_10_S30_R2_001.fastq	0.0001779518722065	3.822598796340091e-05	163000	0.7569061223589499	5886048	0.00804962576395426	0.47487906996340856	DYN_0024_D01-report.csv.summarized	DYN_0024_D01	illumina	sourmash	default	sourmash_default
	644652	Gordonibacter	Gordonibacter	genus	0.025399045335680003	abund_weighted	0.0002539904533568	Bacteria;Actinobacteria;Coriobacteriia;Eggerthellales;Eggerthellaceae;Gordonibacter	DYN_0024_D01	e5d03bab	/home/Users/pacbio_bakeoff/data/DYN/illumina/DYN_0024_D01_St_M_10_S30_R2_001.fastq	0.0001768601429291	0.0002539904533568	162000	0.7567558824803655	5886048	0.053485291187158675	0.47487906996340856	DYN_0024_D01-report.csv.summarized	DYN_0024_D01	illumina	sourmash	default	sourmash_default
	28050	Lachnospira	Lachnospira	genus	0.007492293640826579	abund_weighted	7.492293640826579e-05	Bacteria;Firmicutes;Clostridia;Eubacteriales;Lachnospiraceae;Lachnospira	DYN_0024_D01	e5d03bab	/home/Users/pacbio_bakeoff/data/DYN/illumina/DYN_0024_D01_St_M_10_S30_R2_001.fastq	0.0001692180379878	7.492293640826579e-05	155000	0.7556783655118263	5886048	0.015777266497350353	0.47487906996340856	DYN_0024_D01-report.csv.summarized	DYN_0024_D01	illumina	sourmash	default	sourmash_default
	2717089	Massilistercora	Massilistercora	genus	0.004774001163429181	abund_weighted	4.774001163429181e-05	Bacteria;Firmicutes;Clostridia;Eubacteriales;;Massilistercora	DYN_0024_D01	e5d03bab	/home/Users/pacbio_bakeoff/data/DYN/illumina/DYN_0024_D01_St_M_10_S30_R2_001.fastq	0.0001626676623237	4.774001163429181e-05	149000	0.7547166140628675	5886048	0.01005308817631621	0.47487906996340856	DYN_0024_D01-report.csv.summarized	DYN_0024_D01	illumina	sourmash	default	sourmash_default
	1279	Staphylococcus	Staphylococcus	genus	0.003210982988925676	abund_weighted	3.210982988925676e-05	Bacteria;Firmicutes;Bacilli;Bacillales;Staphylococcaceae;Staphylococcus	DYN_0024_D01	e5d03bab	/home/Users/pacbio_bakeoff/data/DYN/illumina/DYN_0024_D01_St_M_10_S30_R2_001.fastq	0.0001528420988277	3.210982988925676e-05	140000	0.753201305828395	5886048	0.006761685641721577	0.47487906996340856	DYN_0024_D01-report.csv.summarized	DYN_0024_D01	illumina	sourmash	default	sourmash_default
	838	Prevotella	Prevotella	genus	0.005334648986892393	abund_weighted	5.3346489868923936e-05	Bacteria;Bacteroidetes;Bacteroidia;Bacteroidales;Prevotellaceae;Prevotella	DYN_0024_D01	e5d03bab	/home/Users/pacbio_bakeoff/data/DYN/illumina/DYN_0024_D01_St_M_10_S30_R2_001.fastq	0.000150658640273	5.3346489868923936e-05	138000	0.7528517864389674	5886048	0.0112336999550295	0.47487906996340856	DYN_0024_D01-report.csv.summarized	DYN_0024_D01	illumina	sourmash	default	sourmash_default
	2749267	Amedibacterium	Amedibacterium	genus	0.02322441135376	abund_weighted	0.0002322441135376	Bacteria;Firmicutes;Erysipelotrichia;Erysipelotrichales;Erysipelotrichaceae;Amedibacterium	DYN_0024_D01	e5d03bab	/home/Users/pacbio_bakeoff/data/DYN/illumina/DYN_0024_D01_St_M_10_S30_R2_001.fastq	0.0001441082646089	0.0002322441135376	132000	0.7517730249323044	5886048	0.048905948530326974	0.47487906996340856	DYN_0024_D01-report.csv.summarized	DYN_0024_D01	illumina	sourmash	default	sourmash_default
	162289	Peptoniphilus	Peptoniphilus	genus	0.0033468976127955467	abund_weighted	3.346897612795547e-05	Bacteria;Firmicutes;Tissierellia;Tissierellales;Peptoniphilaceae;Peptoniphilus	DYN_0024_D01	e5d03bab	/home/Users/pacbio_bakeoff/data/DYN/illumina/DYN_0024_D01_St_M_10_S30_R2_001.fastq	0.0001386496182222	3.346897612795547e-05	127000	0.7508371694658826	5886048	0.007047894557773287	0.47487906996340856	DYN_0024_D01-report.csv.summarized	DYN_0024_D01	illumina	sourmash	default	sourmash_default
	2721113	Candidatus Parachristensenella	Candidatus Parachristensenella	genus	0.007016592457282034	abund_weighted	7.016592457282034e-05	Bacteria;Firmicutes;Clostridia;;;Candidatus Parachristensenella	DYN_0024_D01	e5d03bab	/home/Users/pacbio_bakeoff/data/DYN/illumina/DYN_0024_D01_St_M_10_S30_R2_001.fastq	0.0001299157840035	7.016592457282034e-05	119000	0.7492629457876543	5886048	0.014775535291169374	0.47487906996340856	DYN_0024_D01-report.csv.summarized	DYN_0024_D01	illumina	sourmash	default	sourmash_default
	41273	Tissierella	Tissierella	genus	0.0029561430691696705	abund_weighted	2.9561430691696703e-05	Bacteria;Firmicutes;Tissierellia;Tissierellales;Tissierellaceae;Tissierella	DYN_0024_D01	e5d03bab	/home/Users/pacbio_bakeoff/data/DYN/illumina/DYN_0024_D01_St_M_10_S30_R2_001.fastq	0.0001266405961715	2.9561430691696703e-05	116000	0.7486460657714258	5886048	0.006225043924124628	0.47487906996340856	DYN_0024_D01-report.csv.summarized	DYN_0024_D01	illumina	sourmash	default	sourmash_default
	86331	Mogibacterium	Mogibacterium	genus	0.007322400360989242	abund_weighted	7.322400360989242e-05	Bacteria;Firmicutes;Clostridia;Eubacteriales;Eubacteriales Family XIII. Incertae Sedis;Mogibacterium	DYN_0024_D01	e5d03bab	/home/Users/pacbio_bakeoff/data/DYN/illumina/DYN_0024_D01_St_M_10_S30_R2_001.fastq	0.0001157233033981	7.322400360989242e-05	106000	0.7464720908204321	5886048	0.015419505352285718	0.47487906996340856	DYN_0024_D01-report.csv.summarized	DYN_0024_D01	illumina	sourmash	default	sourmash_default
	1407607	Fusicatenibacter	Fusicatenibacter	genus	0.008171866760175927	abund_weighted	8.171866760175928e-05	Bacteria;Firmicutes;Clostridia;Eubacteriales;Lachnospiraceae;Fusicatenibacter	DYN_0024_D01	e5d03bab	/home/Users/pacbio_bakeoff/data/DYN/illumina/DYN_0024_D01_St_M_10_S30_R2_001.fastq	0.0001135398448434	8.171866760175928e-05	104000	0.7460135560349839	5886048	0.017208311077608885	0.47487906996340856	DYN_0024_D01-report.csv.summarized	DYN_0024_D01	illumina	sourmash	default	sourmash_default
	420345	Lactonifactor	Lactonifactor	genus	0.00863057861573674	abund_weighted	8.630578615736739e-05	Bacteria;Firmicutes;Clostridia;Eubacteriales;Clostridiaceae;Lactonifactor	DYN_0024_D01	e5d03bab	/home/Users/pacbio_bakeoff/data/DYN/illumina/DYN_0024_D01_St_M_10_S30_R2_001.fastq	0.0001048060106247	8.630578615736739e-05	96000	0.7440898166414577	5886048	0.018174266169283398	0.47487906996340856	DYN_0024_D01-report.csv.summarized	DYN_0024_D01	illumina	sourmash	default	sourmash_default
	1935200	Merdibacter	Merdibacter	genus	0.01870525011009	abund_weighted	0.0001870525011009	Bacteria;Firmicutes;Erysipelotrichia;Erysipelotrichales;Erysipelotrichaceae;Merdibacter	DYN_0024_D01	e5d03bab	/home/Users/pacbio_bakeoff/data/DYN/illumina/DYN_0024_D01_St_M_10_S30_R2_001.fastq	0.00010262255207	0.0001870525011009	94000	0.7435846453834201	5886048	0.039389502071614395	0.47487906996340856	DYN_0024_D01-report.csv.summarized	DYN_0024_D01	illumina	sourmash	default	sourmash_default
	4842	Rhizopus	Rhizopus	genus	0.022239030330700002	abund_weighted	0.000222390303307	Eukaryota;Mucoromycota;Mucoromycetes;Mucorales;Rhizopodaceae;Rhizopus	DYN_0024_D01	e5d03bab	/home/Users/pacbio_bakeoff/data/DYN/illumina/DYN_0024_D01_St_M_10_S30_R2_001.fastq	9.498044712864284e-05	0.000222390303307	87000	0.7417307173085168	5886048	0.046830933888944846	0.47487906996340856	DYN_0024_D01-report.csv.summarized	DYN_0024_D01	illumina	sourmash	default	sourmash_default
	1769710	Sellimonas	Sellimonas	genus	0.002327537933771522	abund_weighted	2.327537933771522e-05	Bacteria;Firmicutes;Clostridia;Eubacteriales;Lachnospiraceae;Sellimonas	DYN_0024_D01	e5d03bab	/home/Users/pacbio_bakeoff/data/DYN/illumina/DYN_0024_D01_St_M_10_S30_R2_001.fastq	9.279698857396138e-05	2.327537933771522e-05	85000	0.741174463763657	5886048	0.004901327687385483	0.47487906996340856	DYN_0024_D01-report.csv.summarized	DYN_0024_D01	illumina	sourmash	default	sourmash_default
	2840567	Candidatus Pullichristensenella	Candidatus Pullichristensenella	genus	0.002633345837478729	abund_weighted	2.633345837478729e-05	Bacteria;Firmicutes;Clostridia;;;Candidatus Pullichristensenella	DYN_0024_D01	e5d03bab	/home/Users/pacbio_bakeoff/data/DYN/illumina/DYN_0024_D01_St_M_10_S30_R2_001.fastq	8.952180074193921e-05	2.633345837478729e-05	82000	0.7403158683068766	5886048	0.005545297748501824	0.47487906996340856	DYN_0024_D01-report.csv.summarized	DYN_0024_D01	illumina	sourmash	default	sourmash_default
	1501226	Romboutsia	Romboutsia	genus	0.0019877513740968475	abund_weighted	1.9877513740968477e-05	Bacteria;Firmicutes;Clostridia;Eubacteriales;Peptostreptococcaceae;Romboutsia	DYN_0024_D01	e5d03bab	/home/Users/pacbio_bakeoff/data/DYN/illumina/DYN_0024_D01_St_M_10_S30_R2_001.fastq	8.515488363257633e-05	1.9877513740968477e-05	78000	0.7391225244328611	5886048	0.004185805397256216	0.47487906996340856	DYN_0024_D01-report.csv.summarized	DYN_0024_D01	illumina	sourmash	default	sourmash_default
	2840589	Candidatus Fimadaptatus	Candidatus Fimadaptatus	genus	0.003058079037072073	abund_weighted	3.058079037072073e-05	Bacteria;Firmicutes;Clostridia;Eubacteriales;;Candidatus Fimadaptatus	DYN_0024_D01	e5d03bab	/home/Users/pacbio_bakeoff/data/DYN/illumina/DYN_0024_D01_St_M_10_S30_R2_001.fastq	8.187969580055416e-05	3.058079037072073e-05	75000	0.7381879895267721	5886048	0.0064397006111634085	0.47487906996340856	DYN_0024_D01-report.csv.summarized	DYN_0024_D01	illumina	sourmash	default	sourmash_default
	2840612	Candidatus Pullilachnospira	Candidatus Pullilachnospira	genus	0.0019028047341781784	abund_weighted	1.9028047341781785e-05	Bacteria;Firmicutes;Clostridia;Eubacteriales;Lachnospiraceae;Candidatus Pullilachnospira	DYN_0024_D01	e5d03bab	/home/Users/pacbio_bakeoff/data/DYN/illumina/DYN_0024_D01_St_M_10_S30_R2_001.fastq	7.751277869119128e-05	1.9028047341781785e-05	71000	0.736884020582936	5886048	0.004006924824723898	0.47487906996340856	DYN_0024_D01-report.csv.summarized	DYN_0024_D01	illumina	sourmash	default	sourmash_default
	194	Campylobacter	Campylobacter	genus	0.002208612637885386	abund_weighted	2.208612637885386e-05	Bacteria;Proteobacteria;Epsilonproteobacteria;Campylobacterales;Campylobacteraceae;Campylobacter	DYN_0024_D01	e5d03bab	/home/Users/pacbio_bakeoff/data/DYN/illumina/DYN_0024_D01_St_M_10_S30_R2_001.fastq	7.42375908591691e-05	2.208612637885386e-05	68000	0.7358585127847501	5886048	0.00465089488584024	0.47487906996340856	DYN_0024_D01-report.csv.summarized	DYN_0024_D01	illumina	sourmash	default	sourmash_default
	1918385	Acutalibacter	Acutalibacter	genus	0.0025653885255437943	abund_weighted	2.5653885255437945e-05	Bacteria;Firmicutes;Clostridia;Eubacteriales;Oscillospiraceae;Acutalibacter	DYN_0024_D01	e5d03bab	/home/Users/pacbio_bakeoff/data/DYN/illumina/DYN_0024_D01_St_M_10_S30_R2_001.fastq	7.205413230448766e-05	2.5653885255437945e-05	66000	0.7351502230075119	5886048	0.005402193290475969	0.47487906996340856	DYN_0024_D01-report.csv.summarized	DYN_0024_D01	illumina	sourmash	default	sourmash_default
	2591381	Dysosmobacter	Dysosmobacter	genus	0.0066937952255910925	abund_weighted	6.693795225591092e-05	Bacteria;Firmicutes;Clostridia;Eubacteriales;Oscillospiraceae;Dysosmobacter	DYN_0024_D01	e5d03bab	/home/Users/pacbio_bakeoff/data/DYN/illumina/DYN_0024_D01_St_M_10_S30_R2_001.fastq	7.096240302714694e-05	6.693795225591092e-05	65000	0.7347882513262661	5886048	0.014095789115546572	0.47487906996340856	DYN_0024_D01-report.csv.summarized	DYN_0024_D01	illumina	sourmash	default	sourmash_default
	2840661	Candidatus Limivivens	Candidatus Limivivens	genus	0.007662186920663915	abund_weighted	7.662186920663916e-05	Bacteria;Firmicutes;Clostridia;Eubacteriales;Lachnospiraceae;Candidatus Limivivens	DYN_0024_D01	e5d03bab	/home/Users/pacbio_bakeoff/data/DYN/illumina/DYN_0024_D01_St_M_10_S30_R2_001.fastq	6.987067374980622e-05	7.662186920663916e-05	64000	0.7344208498506182	5886048	0.016135027642414985	0.47487906996340856	DYN_0024_D01-report.csv.summarized	DYN_0024_D01	illumina	sourmash	default	sourmash_default
	909656	Phocaeicola	Phocaeicola	genus	0.26377630627545	abund_weighted	0.0026377630627545	Bacteria;Bacteroidetes;Bacteroidia;Bacteroidales;Bacteroidaceae;Phocaeicola	DYN_0024_D01	e5d03bab	/home/Users/pacbio_bakeoff/data/DYN/illumina/DYN_0024_D01_St_M_10_S30_R2_001.fastq	6.87789444724655e-05	0.0026377630627545	63000	0.7340478503540052	5886048	0.5554599538273505	0.47487906996340856	DYN_0024_D01-report.csv.summarized	DYN_0024_D01	illumina	sourmash	default	sourmash_default
	348616	Massospora	Massospora	genus	0.00917423711121622	abund_weighted	9.17423711121622e-05	Eukaryota;Zoopagomycota;Entomophthoromycetes;Entomophthorales;Entomophthoraceae;Massospora	DYN_0024_D01	e5d03bab	/home/Users/pacbio_bakeoff/data/DYN/illumina/DYN_0024_D01_St_M_10_S30_R2_001.fastq	6.004511025373972e-05	9.17423711121622e-05	55000	0.7308392437915373	5886048	0.019319101833490226	0.47487906996340856	DYN_0024_D01-report.csv.summarized	DYN_0024_D01	illumina	sourmash	default	sourmash_default
	1988	Actinomadura	Actinomadura	genus	0.01046542603797	abund_weighted	0.0001046542603797	Bacteria;Actinobacteria;Actinomycetia;Streptosporangiales;Thermomonosporaceae;Actinomadura	DYN_0024_D01	e5d03bab	/home/Users/pacbio_bakeoff/data/DYN/illumina/DYN_0024_D01_St_M_10_S30_R2_001.fastq	6.004511025373972e-05	0.0001046542603797	55000	0.7308392437915373	5886048	0.02203808653596042	0.47487906996340856	DYN_0024_D01-report.csv.summarized	DYN_0024_D01	illumina	sourmash	default	sourmash_default
	2916693	Desulforamulus	Desulforamulus	genus	0.0013251675827312317	abund_weighted	1.3251675827312316e-05	Bacteria;Firmicutes;Clostridia;Eubacteriales;Peptococcaceae;Desulforamulus	DYN_0024_D01	e5d03bab	/home/Users/pacbio_bakeoff/data/DYN/illumina/DYN_0024_D01_St_M_10_S30_R2_001.fastq	5.786165169905827e-05	1.3251675827312316e-05	53000	0.7299665003076425	5886048	0.002790536931504144	0.47487906996340856	DYN_0024_D01-report.csv.summarized	DYN_0024_D01	illumina	sourmash	default	sourmash_default
	1380	Atopobium	Atopobium	genus	0.0015800075024872376	abund_weighted	1.5800075024872377e-05	Bacteria;Actinobacteria;Coriobacteriia;Coriobacteriales;Atopobiaceae;Atopobium	DYN_0024_D01	e5d03bab	/home/Users/pacbio_bakeoff/data/DYN/illumina/DYN_0024_D01_St_M_10_S30_R2_001.fastq	5.786165169905827e-05	1.5800075024872377e-05	53000	0.7299665003076425	5886048	0.003327178649101094	0.47487906996340856	DYN_0024_D01-report.csv.summarized	DYN_0024_D01	illumina	sourmash	default	sourmash_default
	570	Klebsiella	Klebsiella	genus	29.349084022858413	abund_weighted	0.2934908402285841	Bacteria;Proteobacteria;Gammaproteobacteria;Enterobacterales;Enterobacteriaceae;Klebsiella	DYN_0036_D05	40588692	/home/Users/pacbio_bakeoff/data/DYN/illumina/DYN_0036_D05_St_M_20_S42_R2_001.fastq	0.0151185785167373	0.2934908402285841	11399000	0.8735234074524124	8845581	34.46107729585701	0.8516589243826929	DYN_0036_D05-report.csv.summarized	DYN_0036_D05	illumina	sourmash	default	sourmash_default
	544	Citrobacter	Citrobacter	genus	2.02262576081774	abund_weighted	0.0202262576081774	Bacteria;Proteobacteria;Gammaproteobacteria;Enterobacterales;Enterobacteriaceae;Citrobacter	DYN_0036_D05	40588692	/home/Users/pacbio_bakeoff/data/DYN/illumina/DYN_0036_D05_St_M_20_S42_R2_001.fastq	0.0123240487391458	0.0202262576081774	9292000	0.8677835240136329	8845581	2.3749246358027634	0.8516589243826929	DYN_0036_D05-report.csv.summarized	DYN_0036_D05	illumina	sourmash	default	sourmash_default
	816	Bacteroides	Bacteroides	genus	37.179208465786466	abund_weighted	0.3717920846578647	Bacteria;Bacteroidetes;Bacteroidia;Bacteroidales;Bacteroidaceae;Bacteroides	DYN_0036_D05	40588692	/home/Users/pacbio_bakeoff/data/DYN/illumina/DYN_0036_D05_St_M_20_S42_R2_001.fastq	0.0082244324398884	0.3717920846578647	6201000	0.8565354711285761	8845581	43.65504476188638	0.8516589243826929	DYN_0036_D05-report.csv.summarized	DYN_0036_D05	illumina	sourmash	default	sourmash_default
	29465	Veillonella	Veillonella	genus	6.90687248242936	abund_weighted	0.0690687248242936	Bacteria;Firmicutes;Negativicutes;Veillonellales;Veillonellaceae;Veillonella	DYN_0036_D05	40588692	/home/Users/pacbio_bakeoff/data/DYN/illumina/DYN_0036_D05_St_M_20_S42_R2_001.fastq	0.0069763771381733	0.0690687248242936	5260000	0.8520001589980245	8845581	8.109904428507765	0.8516589243826929	DYN_0036_D05-report.csv.summarized	DYN_0036_D05	illumina	sourmash	default	sourmash_default
	1350	Enterococcus	Enterococcus	genus	0.20816043626755	abund_weighted	0.0020816043626755	Bacteria;Firmicutes;Bacilli;Lactobacillales;Enterococcaceae;Enterococcus	DYN_0036_D05	40588692	/home/Users/pacbio_bakeoff/data/DYN/illumina/DYN_0036_D05_St_M_20_S42_R2_001.fastq	0.005650069697456	0.0020816043626755	4260000	0.8462245227813209	8845581	0.24441760698795084	0.8516589243826929	DYN_0036_D05-report.csv.summarized	DYN_0036_D05	illumina	sourmash	default	sourmash_default
	698776	Cellulosilyticum	Cellulosilyticum	genus	0.68043014924627	abund_weighted	0.0068043014924627	Bacteria;Firmicutes;Clostridia;Eubacteriales;Lachnospiraceae;Cellulosilyticum	DYN_0036_D05	40588692	/home/Users/pacbio_bakeoff/data/DYN/illumina/DYN_0036_D05_St_M_20_S42_R2_001.fastq	0.0052574826950036	0.0068043014924627	3964000	0.8442609554221022	8845581	0.7989467728990988	0.8516589243826929	DYN_0036_D05-report.csv.summarized	DYN_0036_D05	illumina	sourmash	default	sourmash_default
	547	Enterobacter	Enterobacter	genus	0.68699840067034	abund_weighted	0.0068699840067034	Bacteria;Proteobacteria;Gammaproteobacteria;Enterobacterales;Enterobacteriaceae;Enterobacter	DYN_0036_D05	40588692	/home/Users/pacbio_bakeoff/data/DYN/illumina/DYN_0036_D05_St_M_20_S42_R2_001.fastq	0.0051500517923055	0.0068699840067034	3883000	0.8436988766421907	8845581	0.8066590756015344	0.8516589243826929	DYN_0036_D05-report.csv.summarized	DYN_0036_D05	illumina	sourmash	default	sourmash_default
	581	Morganella	Morganella	genus	0.31488039055885	abund_weighted	0.0031488039055885	Bacteria;Proteobacteria;Gammaproteobacteria;Enterobacterales;Morganellaceae;Morganella	DYN_0036_D05	40588692	/home/Users/pacbio_bakeoff/data/DYN/illumina/DYN_0036_D05_St_M_20_S42_R2_001.fastq	0.0049259058348243	0.0031488039055885	3714000	0.8424886677447784	8845581	0.3697259331687089	0.8516589243826929	DYN_0036_D05-report.csv.summarized	DYN_0036_D05	illumina	sourmash	default	sourmash_default
	1392389	Intestinimonas	Intestinimonas	genus	0.27921286346255003	abund_weighted	0.0027921286346255	Bacteria;Firmicutes;Clostridia;Eubacteriales;;Intestinimonas	DYN_0036_D05	40588692	/home/Users/pacbio_bakeoff/data/DYN/illumina/DYN_0036_D05_St_M_20_S42_R2_001.fastq	0.0043914039362152	0.0027921286346255	3311000	0.8393729086878944	8845581	0.32784587288265854	0.8516589243826929	DYN_0036_D05-report.csv.summarized	DYN_0036_D05	illumina	sourmash	default	sourmash_default
	848	Fusobacterium	Fusobacterium	genus	0.12979362237483	abund_weighted	0.0012979362237483	Bacteria;Fusobacteria;Fusobacteriia;Fusobacteriales;Fusobacteriaceae;Fusobacterium	DYN_0036_D05	40588692	/home/Users/pacbio_bakeoff/data/DYN/illumina/DYN_0036_D05_St_M_20_S42_R2_001.fastq	0.0038502705004025	0.0012979362237483	2903000	0.8358197338676232	8845581	0.1524009420425063	0.8516589243826929	DYN_0036_D05-report.csv.summarized	DYN_0036_D05	illumina	sourmash	default	sourmash_default
	724	Haemophilus	Haemophilus	genus	0.09325560412594	abund_weighted	0.0009325560412594	Bacteria;Proteobacteria;Gammaproteobacteria;Pasteurellales;Pasteurellaceae;Haemophilus	DYN_0036_D05	40588692	/home/Users/pacbio_bakeoff/data/DYN/illumina/DYN_0036_D05_St_M_20_S42_R2_001.fastq	0.0035094094881381	0.0009325560412594	2646000	0.833324214242291	8845581	0.10949876935010618	0.8516589243826929	DYN_0036_D05-report.csv.summarized	DYN_0036_D05	illumina	sourmash	default	sourmash_default
	1505657	Intestinibacter	Intestinibacter	genus	0.08885792804339	abund_weighted	0.0008885792804339	Bacteria;Firmicutes;Clostridia;Eubacteriales;Peptostreptococcaceae;Intestinibacter	DYN_0036_D05	40588692	/home/Users/pacbio_bakeoff/data/DYN/illumina/DYN_0036_D05_St_M_20_S42_R2_001.fastq	0.0031460012493816	0.0008885792804339	2372000	0.8303908304650559	8845581	0.10433511056999353	0.8516589243826929	DYN_0036_D05-report.csv.summarized	DYN_0036_D05	illumina	sourmash	default	sourmash_default
	1678	Bifidobacterium	Bifidobacterium	genus	3.49306619881724	abund_weighted	0.0349306619881724	Bacteria;Actinobacteria;Actinomycetia;Bifidobacteriales;Bifidobacteriaceae;Bifidobacterium	DYN_0036_D05	40588692	/home/Users/pacbio_bakeoff/data/DYN/illumina/DYN_0036_D05_St_M_20_S42_R2_001.fastq	0.0029457288258332	0.0349306619881724	2221000	0.8286307714627776	8845581	4.101484877116876	0.8516589243826929	DYN_0036_D05-report.csv.summarized	DYN_0036_D05	illumina	sourmash	default	sourmash_default
	1301	Streptococcus	Streptococcus	genus	0.06646256475408001	abund_weighted	0.0006646256475408	Bacteria;Firmicutes;Bacilli;Lactobacillales;Streptococcaceae;Streptococcus	DYN_0036_D05	40588692	/home/Users/pacbio_bakeoff/data/DYN/illumina/DYN_0036_D05_St_M_20_S42_R2_001.fastq	0.0027839193180657	0.0006646256475408	2099000	0.8271219937699588	8845581	0.0780389459339653	0.8516589243826929	DYN_0036_D05-report.csv.summarized	DYN_0036_D05	illumina	sourmash	default	sourmash_default
	2767353	Lancefieldella	Lancefieldella	genus	0.4740559156035	abund_weighted	0.004740559156035	Bacteria;Actinobacteria;Coriobacteriia;Coriobacteriales;Atopobiaceae;Lancefieldella	DYN_0036_D05	40588692	/home/Users/pacbio_bakeoff/data/DYN/illumina/DYN_0036_D05_St_M_20_S42_R2_001.fastq	0.0024059216974613	0.004740559156035	1814000	0.8232376216752626	8845581	0.5566264874722114	0.8516589243826929	DYN_0036_D05-report.csv.summarized	DYN_0036_D05	illumina	sourmash	default	sourmash_default
	194	Campylobacter	Campylobacter	genus	0.06872358073483	abund_weighted	0.0006872358073483	Bacteria;Proteobacteria;Epsilonproteobacteria;Campylobacterales;Campylobacteraceae;Campylobacter	DYN_0036_D05	40588692	/home/Users/pacbio_bakeoff/data/DYN/illumina/DYN_0036_D05_St_M_20_S42_R2_001.fastq	0.0022785961831524	0.0006872358073483	1718000	0.8217949410076535	8845581	0.08069378335305163	0.8516589243826929	DYN_0036_D05-report.csv.summarized	DYN_0036_D05	illumina	sourmash	default	sourmash_default
	1485	Clostridium	Clostridium	genus	0.033056053638529995	abund_weighted	0.0003305605363853	Bacteria;Firmicutes;Clostridia;Eubacteriales;Clostridiaceae;Clostridium	DYN_0036_D05	40588692	/home/Users/pacbio_bakeoff/data/DYN/illumina/DYN_0036_D05_St_M_20_S42_R2_001.fastq	0.0022600278789824	0.0003305605363853	1704000	0.8215780583110517	8845581	0.038813723067001246	0.8516589243826929	DYN_0036_D05-report.csv.summarized	DYN_0036_D05	illumina	sourmash	default	sourmash_default
	1843210	Anaerocolumna	Anaerocolumna	genus	0.03591623885418	abund_weighted	0.0003591623885418	Bacteria;Firmicutes;Clostridia;Eubacteriales;Lachnospiraceae;Anaerocolumna	DYN_0036_D05	40588692	/home/Users/pacbio_bakeoff/data/DYN/illumina/DYN_0036_D05_St_M_20_S42_R2_001.fastq	0.0022003440441501	0.0003591623885418	1659000	0.8208690664578762	8845581	0.04217209240214695	0.8516589243826929	DYN_0036_D05-report.csv.summarized	DYN_0036_D05	illumina	sourmash	default	sourmash_default
	838	Prevotella	Prevotella	genus	0.035904933774269995	abund_weighted	0.0003590493377427	Bacteria;Bacteroidetes;Bacteroidia;Bacteroidales;Prevotellaceae;Prevotella	DYN_0036_D05	40588692	/home/Users/pacbio_bakeoff/data/DYN/illumina/DYN_0036_D05_St_M_20_S42_R2_001.fastq	0.0019045774848701	0.0003590493377427	1436000	0.8170555215184828	8845581	0.04215881821504417	0.8516589243826929	DYN_0036_D05-report.csv.summarized	DYN_0036_D05	illumina	sourmash	default	sourmash_default
	1654	Actinomyces	Actinomyces	genus	0.02591124313937	abund_weighted	0.0002591124313937	Bacteria;Actinobacteria;Actinomycetia;Actinomycetales;Actinomycetaceae;Actinomyces	DYN_0036_D05	40588692	/home/Users/pacbio_bakeoff/data/DYN/illumina/DYN_0036_D05_St_M_20_S42_R2_001.fastq	0.0018090833491384	0.0002591124313937	1364000	0.8157008630641222	8845581	0.030424436822700143	0.8516589243826929	DYN_0036_D05-report.csv.summarized	DYN_0036_D05	illumina	sourmash	default	sourmash_default
	44249	Paenibacillus	Paenibacillus	genus	0.02467898942986	abund_weighted	0.0002467898942986	Bacteria;Firmicutes;Bacilli;Bacillales;Paenibacillaceae;Paenibacillus	DYN_0036_D05	40588692	/home/Users/pacbio_bakeoff/data/DYN/illumina/DYN_0036_D05_St_M_20_S42_R2_001.fastq	0.0017188944431697	0.0002467898942986	1296000	0.8143563563791296	8845581	0.02897755042929662	0.8516589243826929	DYN_0036_D05-report.csv.summarized	DYN_0036_D05	illumina	sourmash	default	sourmash_default
	133925	Olsenella	Olsenella	genus	0.020541330185090002	abund_weighted	0.0002054133018509	Bacteria;Actinobacteria;Coriobacteriia;Coriobacteriales;Atopobiaceae;Olsenella	DYN_0036_D05	40588692	/home/Users/pacbio_bakeoff/data/DYN/illumina/DYN_0036_D05_St_M_20_S42_R2_001.fastq	0.0011472559362205	0.0002054133018509	865000	0.8038043139693478	8845581	0.02411919795237155	0.8516589243826929	DYN_0036_D05-report.csv.summarized	DYN_0036_D05	illumina	sourmash	default	sourmash_default
	177971	Shuttleworthia	Shuttleworthia	genus	0.02098222830134	abund_weighted	0.0002098222830134	Bacteria;Firmicutes;Clostridia;Eubacteriales;Lachnospiraceae;Shuttleworthia	DYN_0036_D05	40588692	/home/Users/pacbio_bakeoff/data/DYN/illumina/DYN_0036_D05_St_M_20_S42_R2_001.fastq	0.0010716564120996	0.0002098222830134	808000	0.8020387304406958	8845581	0.02463689124909779	0.8516589243826929	DYN_0036_D05-report.csv.summarized	DYN_0036_D05	illumina	sourmash	default	sourmash_default
	32207	Rothia	Rothia	genus	0.01722894177329	abund_weighted	0.0001722894177329	Bacteria;Actinobacteria;Actinomycetia;Micrococcales;Micrococcaceae;Rothia	DYN_0036_D05	40588692	/home/Users/pacbio_bakeoff/data/DYN/illumina/DYN_0036_D05_St_M_20_S42_R2_001.fastq	0.0009363730531464	0.0001722894177329	706000	0.7985549451633689	8845581	0.020229861133408585	0.8516589243826929	DYN_0036_D05-report.csv.summarized	DYN_0036_D05	illumina	sourmash	default	sourmash_default
	906	Megasphaera	Megasphaera	genus	0.015058366431779999	abund_weighted	0.0001505836643178	Bacteria;Firmicutes;Negativicutes;Veillonellales;Veillonellaceae;Megasphaera	DYN_0036_D05	40588692	/home/Users/pacbio_bakeoff/data/DYN/illumina/DYN_0036_D05_St_M_20_S42_R2_001.fastq	0.000872710295992	0.0001505836643178	658000	0.7967432453934089	8845581	0.017681217211097437	0.8516589243826929	DYN_0036_D05-report.csv.summarized	DYN_0036_D05	illumina	sourmash	default	sourmash_default
	2888809	Novisyntrophococcus	Novisyntrophococcus	genus	0.01236775741469	abund_weighted	0.0001236775741469	Bacteria;Firmicutes;Clostridia;Eubacteriales;Lachnospiraceae;Novisyntrophococcus	DYN_0036_D05	40588692	/home/Users/pacbio_bakeoff/data/DYN/illumina/DYN_0036_D05_St_M_20_S42_R2_001.fastq	0.0008700576811105	0.0001236775741469	656000	0.7966650105289161	8845581	0.014521960682387624	0.8516589243826929	DYN_0036_D05-report.csv.summarized	DYN_0036_D05	illumina	sourmash	default	sourmash_default
	1164882	Lachnoanaerobaculum	Lachnoanaerobaculum	genus	0.014504417516489999	abund_weighted	0.0001450441751649	Bacteria;Firmicutes;Clostridia;Eubacteriales;Lachnospiraceae;Lachnoanaerobaculum	DYN_0036_D05	40588692	/home/Users/pacbio_bakeoff/data/DYN/illumina/DYN_0036_D05_St_M_20_S42_R2_001.fastq	0.0008050686165154	0.0001450441751649	607000	0.7946724517878541	8845581	0.017030782043413944	0.8516589243826929	DYN_0036_D05-report.csv.summarized	DYN_0036_D05	illumina	sourmash	default	sourmash_default
	84162	Cryptobacterium	Cryptobacterium	genus	0.01261646917257	abund_weighted	0.0001261646917257	Bacteria;Actinobacteria;Coriobacteriia;Eggerthellales;Eggerthellaceae;Cryptobacterium	DYN_0036_D05	40588692	/home/Users/pacbio_bakeoff/data/DYN/illumina/DYN_0036_D05_St_M_20_S42_R2_001.fastq	0.0007334480147167	0.0001261646917257	553000	0.7922876418912294	8845581	0.014813992798484187	0.8516589243826929	DYN_0036_D05-report.csv.summarized	DYN_0036_D05	illumina	sourmash	default	sourmash_default
	184869	Varibaculum	Varibaculum	genus	0.01031023287221	abund_weighted	0.0001031023287221	Bacteria;Actinobacteria;Actinomycetia;Actinomycetales;Actinomycetaceae;Varibaculum	DYN_0036_D05	40588692	/home/Users/pacbio_bakeoff/data/DYN/illumina/DYN_0036_D05_St_M_20_S42_R2_001.fastq	0.0006817220245287	0.0001031023287221	514000	0.7904206918497341	8845581	0.012106058631021986	0.8516589243826929	DYN_0036_D05-report.csv.summarized	DYN_0036_D05	illumina	sourmash	default	sourmash_default
	2692113	Gleimia	Gleimia	genus	0.009643233157889798	abund_weighted	9.643233157889798e-05	Bacteria;Actinobacteria;Actinomycetia;Actinomycetales;Actinomycetaceae;Gleimia	DYN_0036_D05	40588692	/home/Users/pacbio_bakeoff/data/DYN/illumina/DYN_0036_D05_St_M_20_S42_R2_001.fastq	0.0006459117236293	9.643233157889798e-05	487000	0.7890460684582138	8845581	0.011322881592392746	0.8516589243826929	DYN_0036_D05-report.csv.summarized	DYN_0036_D05	illumina	sourmash	default	sourmash_default
	1924110	Massilimicrobiota	Massilimicrobiota	genus	0.009417131559815007	abund_weighted	9.417131559815007e-05	Bacteria;Firmicutes;Erysipelotrichia;Erysipelotrichales;Erysipelotrichaceae;Massilimicrobiota	DYN_0036_D05	40588692	/home/Users/pacbio_bakeoff/data/DYN/illumina/DYN_0036_D05_St_M_20_S42_R2_001.fastq	0.0006366275715443	9.417131559815007e-05	480000	0.7886776440427918	8845581	0.011057397850484357	0.8516589243826929	DYN_0036_D05-report.csv.summarized	DYN_0036_D05	illumina	sourmash	default	sourmash_default
	84108	Slackia	Slackia	genus	0.009451046799526228	abund_weighted	9.451046799526228e-05	Bacteria;Actinobacteria;Coriobacteriia;Eggerthellales;Eggerthellaceae;Slackia	DYN_0036_D05	40588692	/home/Users/pacbio_bakeoff/data/DYN/illumina/DYN_0036_D05_St_M_20_S42_R2_001.fastq	0.0006286697269	9.451046799526228e-05	474000	0.7883576894666537	8845581	0.011097220411770619	0.8516589243826929	DYN_0036_D05-report.csv.summarized	DYN_0036_D05	illumina	sourmash	default	sourmash_default
	2717	Cardiobacterium	Cardiobacterium	genus	0.00686218350156988	abund_weighted	6.86218350156988e-05	Bacteria;Proteobacteria;Gammaproteobacteria;Cardiobacteriales;Cardiobacteriaceae;Cardiobacterium	DYN_0036_D05	40588692	/home/Users/pacbio_bakeoff/data/DYN/illumina/DYN_0036_D05_St_M_20_S42_R2_001.fastq	0.0005199125167612	6.86218350156988e-05	392000	0.7835419748679161	8845581	0.008057431566919576	0.8516589243826929	DYN_0036_D05-report.csv.summarized	DYN_0036_D05	illumina	sourmash	default	sourmash_default
	909656	Phocaeicola	Phocaeicola	genus	2.67215912668709	abund_weighted	0.0267215912668709	Bacteria;Bacteroidetes;Bacteroidia;Bacteroidales;Bacteroidaceae;Phocaeicola	DYN_0036_D05	40588692	/home/Users/pacbio_bakeoff/data/DYN/illumina/DYN_0036_D05_St_M_20_S42_R2_001.fastq	0.0004960389828282	0.0267215912668709	374000	0.7823547717272141	8845581	3.137593055370081	0.8516589243826929	DYN_0036_D05-report.csv.summarized	DYN_0036_D05	illumina	sourmash	default	sourmash_default
	970	Selenomonas	Selenomonas	genus	0.0071674206589708465	abund_weighted	7.167420658970847e-05	Bacteria;Firmicutes;Negativicutes;Selenomonadales;Selenomonadaceae;Selenomonas	DYN_0036_D05	40588692	/home/Users/pacbio_bakeoff/data/DYN/illumina/DYN_0036_D05_St_M_20_S42_R2_001.fastq	0.0004774706786582	7.167420658970847e-05	360000	0.781392518290021	8845581	0.008415834618495899	0.8516589243826929	DYN_0036_D05-report.csv.summarized	DYN_0036_D05	illumina	sourmash	default	sourmash_default
	86331	Mogibacterium	Mogibacterium	genus	0.00617257362744177	abund_weighted	6.17257362744177e-05	Bacteria;Firmicutes;Clostridia;Eubacteriales;Eubacteriales Family XIII. Incertae Sedis;Mogibacterium	DYN_0036_D05	40588692	/home/Users/pacbio_bakeoff/data/DYN/illumina/DYN_0036_D05_St_M_20_S42_R2_001.fastq	0.0004496182224031	6.17257362744177e-05	339000	0.7798789938541738	8845581	0.007247706154098991	0.8516589243826929	DYN_0036_D05-report.csv.summarized	DYN_0036_D05	illumina	sourmash	default	sourmash_default
	39948	Dialister	Dialister	genus	0.006149963467634291	abund_weighted	6.149963467634291e-05	Bacteria;Firmicutes;Negativicutes;Veillonellales;Veillonellaceae;Dialister	DYN_0036_D05	40588692	/home/Users/pacbio_bakeoff/data/DYN/illumina/DYN_0036_D05_St_M_20_S42_R2_001.fastq	0.0004297236107924	6.149963467634291e-05	324000	0.7787412869354532	8845581	0.007221157779908152	0.8516589243826929	DYN_0036_D05-report.csv.summarized	DYN_0036_D05	illumina	sourmash	default	sourmash_default
	1716	Corynebacterium	Corynebacterium	genus	0.005516878993024879	abund_weighted	5.516878993024879e-05	Bacteria;Actinobacteria;Actinomycetia;Corynebacteriales;Corynebacteriaceae;Corynebacterium	DYN_0036_D05	40588692	/home/Users/pacbio_bakeoff/data/DYN/illumina/DYN_0036_D05_St_M_20_S42_R2_001.fastq	0.0004018711545373	5.516878993024879e-05	303000	0.7770597499685817	8845581	0.006477803302564666	0.8516589243826929	DYN_0036_D05-report.csv.summarized	DYN_0036_D05	illumina	sourmash	default	sourmash_default
	946234	Flavonifractor	Flavonifractor	genus	0.0142330955988	abund_weighted	0.000142330955988	Bacteria;Firmicutes;Clostridia;Eubacteriales;Oscillospiraceae;Flavonifractor	DYN_0036_D05	40588692	/home/Users/pacbio_bakeoff/data/DYN/illumina/DYN_0036_D05_St_M_20_S42_R2_001.fastq	0.0002573036434991	0.000142330955988	194000	0.7659632503814876	8845581	0.016712201553123585	0.8516589243826929	DYN_0036_D05-report.csv.summarized	DYN_0036_D05	illumina	sourmash	default	sourmash_default
	1276290	Caldibacillus	Caldibacillus	genus	0.002894100455357313	abund_weighted	2.894100455357313e-05	Bacteria;Firmicutes;Bacilli;Bacillales;Bacillaceae;Caldibacillus	DYN_0036_D05	40588692	/home/Users/pacbio_bakeoff/data/DYN/illumina/DYN_0036_D05_St_M_20_S42_R2_001.fastq	0.0001962935012261	2.894100455357313e-05	148000	0.7593051055034634	8845581	0.003398191896427365	0.8516589243826929	DYN_0036_D05-report.csv.summarized	DYN_0036_D05	illumina	sourmash	default	sourmash_default
	1380	Atopobium	Atopobium	genus	0.011768588179789999	abund_weighted	0.0001176858817979	Bacteria;Actinobacteria;Coriobacteriia;Coriobacteriales;Atopobiaceae;Atopobium	DYN_0036_D05	40588692	/home/Users/pacbio_bakeoff/data/DYN/illumina/DYN_0036_D05_St_M_20_S42_R2_001.fastq	0.0001657884300896	0.0001176858817979	125000	0.7551794025333816	8845581	0.013818428766328274	0.8516589243826929	DYN_0036_D05-report.csv.summarized	DYN_0036_D05	illumina	sourmash	default	sourmash_default
	1988	Actinomadura	Actinomadura	genus	0.033372595875830004	abund_weighted	0.0003337259587583	Bacteria;Actinobacteria;Actinomycetia;Streptosporangiales;Thermomonosporaceae;Actinomadura	DYN_0036_D05	40588692	/home/Users/pacbio_bakeoff/data/DYN/illumina/DYN_0036_D05_St_M_20_S42_R2_001.fastq	0.0001578305854453	0.0003337259587583	119000	0.7539820476191901	8845581	0.03918540030566747	0.8516589243826929	DYN_0036_D05-report.csv.summarized	DYN_0036_D05	illumina	sourmash	default	sourmash_default
	203133	Propionimicrobium	Propionimicrobium	genus	0.0017296772252721445	abund_weighted	1.7296772252721445e-05	Bacteria;Actinobacteria;Actinomycetia;Propionibacteriales;Propionibacteriaceae;Propionimicrobium	DYN_0036_D05	40588692	/home/Users/pacbio_bakeoff/data/DYN/illumina/DYN_0036_D05_St_M_20_S42_R2_001.fastq	0.0001379359738346	1.7296772252721445e-05	104000	0.7507121921525545	8845581	0.002030950625599168	0.8516589243826929	DYN_0036_D05-report.csv.summarized	DYN_0036_D05	illumina	sourmash	default	sourmash_default
	2759736	Lacticaseibacillus	Lacticaseibacillus	genus	0.0016618467458497073	abund_weighted	1.6618467458497074e-05	Bacteria;Firmicutes;Bacilli;Lactobacillales;Lactobacillaceae;Lacticaseibacillus	DYN_0036_D05	40588692	/home/Users/pacbio_bakeoff/data/DYN/illumina/DYN_0036_D05_St_M_20_S42_R2_001.fastq	0.0001246728994274	1.6618467458497074e-05	94000	0.7482679834313759	8845581	0.0019513055030266515	0.8516589243826929	DYN_0036_D05-report.csv.summarized	DYN_0036_D05	illumina	sourmash	default	sourmash_default
	4756	Neocallimastix	Neocallimastix	genus	0.0025097277386301703	abund_weighted	2.5097277386301703e-05	Eukaryota;Chytridiomycota;Neocallimastigomycetes;Neocallimastigales;Neocallimastigaceae;Neocallimastix	DYN_0036_D05	40588692	/home/Users/pacbio_bakeoff/data/DYN/illumina/DYN_0036_D05_St_M_20_S42_R2_001.fastq	0.0001100835175795	2.5097277386301703e-05	83000	0.7452699707945465	8845581	0.002946869535183106	0.8516589243826929	DYN_0036_D05-report.csv.summarized	DYN_0036_D05	illumina	sourmash	default	sourmash_default
	265975	Oribacterium	Oribacterium	genus	0.0011757283099889087	abund_weighted	1.1757283099889086e-05	Bacteria;Firmicutes;Clostridia;Eubacteriales;Lachnospiraceae;Oribacterium	DYN_0036_D05	40588692	/home/Users/pacbio_bakeoff/data/DYN/illumina/DYN_0036_D05_St_M_20_S42_R2_001.fastq	0.0001021256729352	1.1757283099889086e-05	77000	0.7434682338032051	8845581	0.0013805154579236176	0.8516589243826929	DYN_0036_D05-report.csv.summarized	DYN_0036_D05	illumina	sourmash	default	sourmash_default
	60919	Sanguibacter	Sanguibacter	genus	0.001277474029122564	abund_weighted	1.277474029122564e-05	Bacteria;Actinobacteria;Actinomycetia;Micrococcales;Sanguibacteraceae;Sanguibacter	DYN_0036_D05	40588692	/home/Users/pacbio_bakeoff/data/DYN/illumina/DYN_0036_D05_St_M_20_S42_R2_001.fastq	9.284152085021612e-05	1.277474029122564e-05	70000	0.7411859347018734	8845581	0.0014999831417823917	0.8516589243826929	DYN_0036_D05-report.csv.summarized	DYN_0036_D05	illumina	sourmash	default	sourmash_default
	286	Pseudomonas	Pseudomonas	genus	0.00114181307027769	abund_weighted	1.14181307027769e-05	Bacteria;Proteobacteria;Gammaproteobacteria;Pseudomonadales;Pseudomonadaceae;Pseudomonas	DYN_0036_D05	40588692	/home/Users/pacbio_bakeoff/data/DYN/illumina/DYN_0036_D05_St_M_20_S42_R2_001.fastq	8.8862598528064e-05	1.14181307027769e-05	67000	0.7401393875513993	8845581	0.001340692896637359	0.8516589243826929	DYN_0036_D05-report.csv.summarized	DYN_0036_D05	illumina	sourmash	default	sourmash_default
	2591381	Dysosmobacter	Dysosmobacter	genus	0.004035913525635005	abund_weighted	4.035913525635004e-05	Bacteria;Firmicutes;Clostridia;Eubacteriales;Oscillospiraceae;Dysosmobacter	DYN_0036_D05	40588692	/home/Users/pacbio_bakeoff/data/DYN/illumina/DYN_0036_D05_St_M_20_S42_R2_001.fastq	8.223106132447713e-05	4.035913525635004e-05	62000	0.7382899631927209	8845581	0.004738884793064726	0.8516589243826929	DYN_0036_D05-report.csv.summarized	DYN_0036_D05	illumina	sourmash	default	sourmash_default
	4842	Rhizopus	Rhizopus	genus	0.03588232361446	abund_weighted	0.0003588232361446	Eukaryota;Mucoromycota;Mucoromycetes;Mucorales;Rhizopodaceae;Rhizopus	DYN_0036_D05	40588692	/home/Users/pacbio_bakeoff/data/DYN/illumina/DYN_0036_D05_St_M_20_S42_R2_001.fastq	8.090475388375976e-05	0.0003588232361446	61000	0.7379028073410164	8845581	0.042132269840850375	0.8516589243826929	DYN_0036_D05-report.csv.summarized	DYN_0036_D05	illumina	sourmash	default	sourmash_default
	2529408	Schaalia	Schaalia	genus	0.0009044063922991603	abund_weighted	9.044063922991603e-06	Bacteria;Actinobacteria;Actinomycetia;Actinomycetales;Actinomycetaceae;Schaalia	DYN_0036_D05	40588692	/home/Users/pacbio_bakeoff/data/DYN/illumina/DYN_0036_D05_St_M_20_S42_R2_001.fastq	7.029429435802077e-05	9.044063922991603e-06	53000	0.7345640668467702	8845581	0.0010619349676335517	0.8516589243826929	DYN_0036_D05-report.csv.summarized	DYN_0036_D05	illumina	sourmash	default	sourmash_default
	570	Klebsiella	Klebsiella	genus	19.68528097299963	abund_weighted	0.1968528097299963	Bacteria;Proteobacteria;Gammaproteobacteria;Enterobacterales;Enterobacteriaceae;Klebsiella	DYN_0036_D08	1e1844c5	/home/Users/pacbio_bakeoff/data/DYN/illumina/DYN_0036_D08_St_M_20_S43_R2_001.fastq	0.013692563645286	0.1968528097299963	12584000	0.8707362104820263	9320949	23.74657362278406	0.8289735304849306	DYN_0036_D08-report.csv.summarized	DYN_0036_D08	illumina	sourmash	default	sourmash_default
	544	Citrobacter	Citrobacter	genus	2.16433970403657	abund_weighted	0.0216433970403657	Bacteria;Proteobacteria;Gammaproteobacteria;Enterobacterales;Enterobacteriaceae;Citrobacter	DYN_0036_D08	1e1844c5	/home/Users/pacbio_bakeoff/data/DYN/illumina/DYN_0036_D08_St_M_20_S43_R2_001.fastq	0.0100953278370123	0.0216433970403657	9278000	0.8622174100570612	9320949	2.6108670837420833	0.8289735304849306	DYN_0036_D08-report.csv.summarized	DYN_0036_D08	illumina	sourmash	default	sourmash_default
	29465	Veillonella	Veillonella	genus	5.06835730996918	abund_weighted	0.0506835730996918	Bacteria;Firmicutes;Negativicutes;Veillonellales;Veillonellaceae;Veillonella	DYN_0036_D08	1e1844c5	/home/Users/pacbio_bakeoff/data/DYN/illumina/DYN_0036_D08_St_M_20_S43_R2_001.fastq	0.0072608452960102	0.0506835730996918	6673000	0.8530993018927695	9320949	6.1140158564584155	0.8289735304849306	DYN_0036_D08-report.csv.summarized	DYN_0036_D08	illumina	sourmash	default	sourmash_default
	816	Bacteroides	Bacteroides	genus	35.37837188037398	abund_weighted	0.3537837188037398	Bacteria;Bacteroidetes;Bacteroidia;Bacteroidales;Bacteroidaceae;Bacteroides	DYN_0036_D08	1e1844c5	/home/Users/pacbio_bakeoff/data/DYN/illumina/DYN_0036_D08_St_M_20_S43_R2_001.fastq	0.0067701153052264	0.3537837188037398	6222000	0.8511757222502941	9320949	42.67732391850732	0.8289735304849306	DYN_0036_D08-report.csv.summarized	DYN_0036_D08	illumina	sourmash	default	sourmash_default
	547	Enterobacter	Enterobacter	genus	8.85257498995005	abund_weighted	0.0885257498995005	Bacteria;Proteobacteria;Gammaproteobacteria;Enterobacterales;Enterobacteriaceae;Enterobacter	DYN_0036_D08	1e1844c5	/home/Users/pacbio_bakeoff/data/DYN/illumina/DYN_0036_D08_St_M_20_S43_R2_001.fastq	0.0045732553243115	0.0885257498995005	4203000	0.8404722939780486	9320949	10.678959779055305	0.8289735304849306	DYN_0036_D08-report.csv.summarized	DYN_0036_D08	illumina	sourmash	default	sourmash_default
	1350	Enterococcus	Enterococcus	genus	0.16109947602974	abund_weighted	0.0016109947602974	Bacteria;Firmicutes;Bacilli;Lactobacillales;Enterococcaceae;Enterococcus	DYN_0036_D08	1e1844c5	/home/Users/pacbio_bakeoff/data/DYN/illumina/DYN_0036_D08_St_M_20_S43_R2_001.fastq	0.0043991604273594	0.0016109947602974	4043000	0.8394206928821107	9320949	0.1943360916910103	0.8289735304849306	DYN_0036_D08-report.csv.summarized	DYN_0036_D08	illumina	sourmash	default	sourmash_default
	1843210	Anaerocolumna	Anaerocolumna	genus	0.22612504370531	abund_weighted	0.0022612504370531	Bacteria;Firmicutes;Clostridia;Eubacteriales;Lachnospiraceae;Anaerocolumna	DYN_0036_D08	1e1844c5	/home/Users/pacbio_bakeoff/data/DYN/illumina/DYN_0036_D08_St_M_20_S43_R2_001.fastq	0.0043545486100154	0.0022612504370531	4002000	0.8391447379596956	9320949	0.2727771580029003	0.8289735304849306	DYN_0036_D08-report.csv.summarized	DYN_0036_D08	illumina	sourmash	default	sourmash_default
	838	Prevotella	Prevotella	genus	1.21030594631512	abund_weighted	0.0121030594631512	Bacteria;Bacteroidetes;Bacteroidia;Bacteroidales;Prevotellaceae;Prevotella	DYN_0036_D08	1e1844c5	/home/Users/pacbio_bakeoff/data/DYN/illumina/DYN_0036_D08_St_M_20_S43_R2_001.fastq	0.0041935108303347	0.0121030594631512	3854000	0.8381253186075194	9320949	1.4600055391480578	0.8289735304849306	DYN_0036_D08-report.csv.summarized	DYN_0036_D08	illumina	sourmash	default	sourmash_default
	581	Morganella	Morganella	genus	1.39502962627517	abund_weighted	0.0139502962627517	Bacteria;Proteobacteria;Gammaproteobacteria;Enterobacterales;Morganellaceae;Morganella	DYN_0036_D08	1e1844c5	/home/Users/pacbio_bakeoff/data/DYN/illumina/DYN_0036_D08_St_M_20_S43_R2_001.fastq	0.0040803491473158	0.0139502962627517	3750000	0.8373860470982554	9320949	1.682839771083052	0.8289735304849306	DYN_0036_D08-report.csv.summarized	DYN_0036_D08	illumina	sourmash	default	sourmash_default
	1392389	Intestinimonas	Intestinimonas	genus	2.63727438053786	abund_weighted	0.0263727438053786	Bacteria;Firmicutes;Clostridia;Eubacteriales;;Intestinimonas	DYN_0036_D08	1e1844c5	/home/Users/pacbio_bakeoff/data/DYN/illumina/DYN_0036_D08_St_M_20_S43_R2_001.fastq	0.0036429357187235	0.0263727438053786	3348000	0.8343286276127451	9320949	3.181373449879774	0.8289735304849306	DYN_0036_D08-report.csv.summarized	DYN_0036_D08	illumina	sourmash	default	sourmash_default
	1485	Clostridium	Clostridium	genus	0.06527232366575	abund_weighted	0.0006527232366575	Bacteria;Firmicutes;Clostridia;Eubacteriales;Clostridiaceae;Clostridium	DYN_0036_D08	1e1844c5	/home/Users/pacbio_bakeoff/data/DYN/illumina/DYN_0036_D08_St_M_20_S43_R2_001.fastq	0.0032436055488396	0.0006527232366575	2981000	0.8312096599654292	9320949	0.07873873081033984	0.8289735304849306	DYN_0036_D08-report.csv.summarized	DYN_0036_D08	illumina	sourmash	default	sourmash_default
	848	Fusobacterium	Fusobacterium	genus	0.07049711354498	abund_weighted	0.0007049711354498	Bacteria;Fusobacteria;Fusobacteriia;Fusobacteriales;Fusobacteriaceae;Fusobacterium	DYN_0036_D08	1e1844c5	/home/Users/pacbio_bakeoff/data/DYN/illumina/DYN_0036_D08_St_M_20_S43_R2_001.fastq	0.0029313228274316	0.0007049711354498	2694000	0.8284997387467854	9320949	0.08504145301689042	0.8289735304849306	DYN_0036_D08-report.csv.summarized	DYN_0036_D08	illumina	sourmash	default	sourmash_default
	1678	Bifidobacterium	Bifidobacterium	genus	1.0729379594288	abund_weighted	0.010729379594288	Bacteria;Actinobacteria;Actinomycetia;Bifidobacteriales;Bifidobacteriaceae;Bifidobacterium	DYN_0036_D08	1e1844c5	/home/Users/pacbio_bakeoff/data/DYN/illumina/DYN_0036_D08_St_M_20_S43_R2_001.fastq	0.0024177428814228	0.010729379594288	2222000	0.8233677921799696	9320949	1.2942970070481692	0.8289735304849306	DYN_0036_D08-report.csv.summarized	DYN_0036_D08	illumina	sourmash	default	sourmash_default
	1505657	Intestinibacter	Intestinibacter	genus	0.05710791894687	abund_weighted	0.0005710791894687	Bacteria;Firmicutes;Clostridia;Eubacteriales;Peptostreptococcaceae;Intestinibacter	DYN_0036_D08	1e1844c5	/home/Users/pacbio_bakeoff/data/DYN/illumina/DYN_0036_D08_St_M_20_S43_R2_001.fastq	0.0022849955224968	0.0005710791894687	2100000	0.8218692908502522	9320949	0.06888991849168352	0.8289735304849306	DYN_0036_D08-report.csv.summarized	DYN_0036_D08	illumina	sourmash	default	sourmash_default
	1164882	Lachnoanaerobaculum	Lachnoanaerobaculum	genus	0.10332638876148	abund_weighted	0.0010332638876148	Bacteria;Firmicutes;Clostridia;Eubacteriales;Lachnospiraceae;Lachnoanaerobaculum	DYN_0036_D08	1e1844c5	/home/Users/pacbio_bakeoff/data/DYN/illumina/DYN_0036_D08_St_M_20_S43_R2_001.fastq	0.0022501765431064	0.0010332638876148	2068000	0.8214622909523166	9320949	0.12464377324694122	0.8289735304849306	DYN_0036_D08-report.csv.summarized	DYN_0036_D08	illumina	sourmash	default	sourmash_default
	1654	Actinomyces	Actinomyces	genus	0.03925565948274	abund_weighted	0.0003925565948274	Bacteria;Actinobacteria;Actinomycetia;Actinomycetales;Actinomycetaceae;Actinomyces	DYN_0036_D08	1e1844c5	/home/Users/pacbio_bakeoff/data/DYN/illumina/DYN_0036_D08_St_M_20_S43_R2_001.fastq	0.0021174291841804	0.0003925565948274	1946000	0.8198525858572764	9320949	0.04735453912476112	0.8289735304849306	DYN_0036_D08-report.csv.summarized	DYN_0036_D08	illumina	sourmash	default	sourmash_default
	194	Campylobacter	Campylobacter	genus	0.10114849893503	abund_weighted	0.0010114849893503	Bacteria;Proteobacteria;Epsilonproteobacteria;Campylobacterales;Campylobacteraceae;Campylobacter	DYN_0036_D08	1e1844c5	/home/Users/pacbio_bakeoff/data/DYN/illumina/DYN_0036_D08_St_M_20_S43_R2_001.fastq	0.0020967554151673	0.0010114849893503	1927000	0.8195931410787753	9320949	0.12201656049965848	0.8289735304849306	DYN_0036_D08-report.csv.summarized	DYN_0036_D08	illumina	sourmash	default	sourmash_default
	2767353	Lancefieldella	Lancefieldella	genus	1.2240169965526	abund_weighted	0.012240169965526	Bacteria;Actinobacteria;Coriobacteriia;Coriobacteriales;Atopobiaceae;Lancefieldella	DYN_0036_D08	1e1844c5	/home/Users/pacbio_bakeoff/data/DYN/illumina/DYN_0036_D08_St_M_20_S43_R2_001.fastq	0.0019759770804068	0.012240169965526	1816000	0.8180260955411821	9320949	1.4765453317147268	0.8289735304849306	DYN_0036_D08-report.csv.summarized	DYN_0036_D08	illumina	sourmash	default	sourmash_default
	2888809	Novisyntrophococcus	Novisyntrophococcus	genus	0.03456729566914	abund_weighted	0.0003456729566914	Bacteria;Firmicutes;Clostridia;Eubacteriales;Lachnospiraceae;Novisyntrophococcus	DYN_0036_D08	1e1844c5	/home/Users/pacbio_bakeoff/data/DYN/illumina/DYN_0036_D08_St_M_20_S43_R2_001.fastq	0.0017692393902761	0.0003456729566914	1626000	0.8151150700912572	9320949	0.04169891365399679	0.8289735304849306	DYN_0036_D08-report.csv.summarized	DYN_0036_D08	illumina	sourmash	default	sourmash_default
	1301	Streptococcus	Streptococcus	genus	0.05924289468808	abund_weighted	0.0005924289468808	Bacteria;Firmicutes;Bacilli;Lactobacillales;Streptococcaceae;Streptococcus	DYN_0036_D08	1e1844c5	/home/Users/pacbio_bakeoff/data/DYN/illumina/DYN_0036_D08_St_M_20_S43_R2_001.fastq	0.001749653714369	0.0005924289468808	1608000	0.814822421643286	9320949	0.07146536350011594	0.8289735304849306	DYN_0036_D08-report.csv.summarized	DYN_0036_D08	illumina	sourmash	default	sourmash_default
	177971	Shuttleworthia	Shuttleworthia	genus	0.21564327838292002	abund_weighted	0.0021564327838292	Bacteria;Firmicutes;Clostridia;Eubacteriales;Lachnospiraceae;Shuttleworthia	DYN_0036_D08	1e1844c5	/home/Users/pacbio_bakeoff/data/DYN/illumina/DYN_0036_D08_St_M_20_S43_R2_001.fastq	0.0015994968657478	0.0021564327838292	1470000	0.8124673473302856	9320949	0.2601328877856614	0.8289735304849306	DYN_0036_D08-report.csv.summarized	DYN_0036_D08	illumina	sourmash	default	sourmash_default
	970	Selenomonas	Selenomonas	genus	0.01695106367388	abund_weighted	0.0001695106367388	Bacteria;Firmicutes;Negativicutes;Selenomonadales;Selenomonadaceae;Selenomonas	DYN_0036_D08	1e1844c5	/home/Users/pacbio_bakeoff/data/DYN/illumina/DYN_0036_D08_St_M_20_S43_R2_001.fastq	0.0010608907783021	0.0001695106367388	975000	0.8017775518570386	9320949	0.02044825685081165	0.8289735304849306	DYN_0036_D08-report.csv.summarized	DYN_0036_D08	illumina	sourmash	default	sourmash_default
	133925	Olsenella	Olsenella	genus	0.02044856162178	abund_weighted	0.0002044856162178	Bacteria;Actinobacteria;Coriobacteriia;Coriobacteriales;Atopobiaceae;Olsenella	DYN_0036_D08	1e1844c5	/home/Users/pacbio_bakeoff/data/DYN/illumina/DYN_0036_D08_St_M_20_S43_R2_001.fastq	0.0010151908678521	0.0002044856162178	933000	0.8006395188008084	9320949	0.024667327568128814	0.8289735304849306	DYN_0036_D08-report.csv.summarized	DYN_0036_D08	illumina	sourmash	default	sourmash_default
	1924110	Massilimicrobiota	Massilimicrobiota	genus	0.01727291931325	abund_weighted	0.0001727291931325	Bacteria;Firmicutes;Erysipelotrichia;Erysipelotrichales;Erysipelotrichaceae;Massilimicrobiota	DYN_0036_D08	1e1844c5	/home/Users/pacbio_bakeoff/data/DYN/illumina/DYN_0036_D08_St_M_20_S43_R2_001.fastq	0.0009139982089987	0.0001727291931325	840000	0.7979321775536895	9320949	0.020836514892273745	0.8289735304849306	DYN_0036_D08-report.csv.summarized	DYN_0036_D08	illumina	sourmash	default	sourmash_default
	906	Megasphaera	Megasphaera	genus	0.01703689184438	abund_weighted	0.0001703689184438	Bacteria;Firmicutes;Negativicutes;Veillonellales;Veillonellaceae;Megasphaera	DYN_0036_D08	1e1844c5	/home/Users/pacbio_bakeoff/data/DYN/illumina/DYN_0036_D08_St_M_20_S43_R2_001.fastq	0.0008672102054428	0.0001703689184438	797000	0.7965807712381302	9320949	0.02055179232853648	0.8289735304849306	DYN_0036_D08-report.csv.summarized	DYN_0036_D08	illumina	sourmash	default	sourmash_default
	184869	Varibaculum	Varibaculum	genus	0.0156958266803	abund_weighted	0.000156958266803	Bacteria;Actinobacteria;Actinomycetia;Actinomycetales;Actinomycetaceae;Varibaculum	DYN_0036_D08	1e1844c5	/home/Users/pacbio_bakeoff/data/DYN/illumina/DYN_0036_D08_St_M_20_S43_R2_001.fastq	0.000863945926125	0.000156958266803	794000	0.7964838713458727	9320949	0.01893405048906483	0.8289735304849306	DYN_0036_D08-report.csv.summarized	DYN_0036_D08	illumina	sourmash	default	sourmash_default
	254250	Isoptericola	Isoptericola	genus	0.02393533104837	abund_weighted	0.0002393533104837	Bacteria;Actinobacteria;Actinomycetia;Micrococcales;Promicromonosporaceae;Isoptericola	DYN_0036_D08	1e1844c5	/home/Users/pacbio_bakeoff/data/DYN/illumina/DYN_0036_D08_St_M_20_S43_R2_001.fastq	0.0008421840640059	0.0002393533104837	774000	0.7958286710440899	9320949	0.028873456350733392	0.8289735304849306	DYN_0036_D08-report.csv.summarized	DYN_0036_D08	illumina	sourmash	default	sourmash_default
	1716	Corynebacterium	Corynebacterium	genus	0.01303515339478	abund_weighted	0.0001303515339478	Bacteria;Actinobacteria;Actinomycetia;Corynebacteriales;Corynebacteriaceae;Corynebacterium	DYN_0036_D08	1e1844c5	/home/Users/pacbio_bakeoff/data/DYN/illumina/DYN_0036_D08_St_M_20_S43_R2_001.fastq	0.0007246700085632	0.0001303515339478	666000	0.7919799788729694	9320949	0.01572445067957083	0.8289735304849306	DYN_0036_D08-report.csv.summarized	DYN_0036_D08	illumina	sourmash	default	sourmash_default
	724	Haemophilus	Haemophilus	genus	0.013120981565279998	abund_weighted	0.0001312098156528	Bacteria;Proteobacteria;Gammaproteobacteria;Pasteurellales;Pasteurellaceae;Haemophilus	DYN_0036_D08	1e1844c5	/home/Users/pacbio_bakeoff/data/DYN/illumina/DYN_0036_D08_St_M_20_S43_R2_001.fastq	0.0006430630256169	0.0001312098156528	591000	0.7889335710775554	9320949	0.01582798615729567	0.8289735304849306	DYN_0036_D08-report.csv.summarized	DYN_0036_D08	illumina	sourmash	default	sourmash_default
	39948	Dialister	Dialister	genus	0.0102350093322	abund_weighted	0.000102350093322	Bacteria;Firmicutes;Negativicutes;Veillonellales;Veillonellaceae;Dialister	DYN_0036_D08	1e1844c5	/home/Users/pacbio_bakeoff/data/DYN/illumina/DYN_0036_D08_St_M_20_S43_R2_001.fastq	0.0005930107427432	0.000102350093322	545000	0.7868740876439221	9320949	0.012346605718776996	0.8289735304849306	DYN_0036_D08-report.csv.summarized	DYN_0036_D08	illumina	sourmash	default	sourmash_default
	32207	Rothia	Rothia	genus	0.008668645220567133	abund_weighted	8.668645220567134e-05	Bacteria;Actinobacteria;Actinomycetia;Micrococcales;Micrococcaceae;Rothia	DYN_0036_D08	1e1844c5	/home/Users/pacbio_bakeoff/data/DYN/illumina/DYN_0036_D08_St_M_20_S43_R2_001.fastq	0.0005919226496372	8.668645220567134e-05	544000	0.7868274718673475	9320949	0.010457083250289274	0.8289735304849306	DYN_0036_D08-report.csv.summarized	DYN_0036_D08	illumina	sourmash	default	sourmash_default
	84108	Slackia	Slackia	genus	0.009838054043638687	abund_weighted	9.838054043638688e-05	Bacteria;Actinobacteria;Coriobacteriia;Eggerthellales;Eggerthellaceae;Slackia	DYN_0036_D08	1e1844c5	/home/Users/pacbio_bakeoff/data/DYN/illumina/DYN_0036_D08_St_M_20_S43_R2_001.fastq	0.000575601253048	9.838054043638688e-05	529000	0.7861181035245535	9320949	0.011867754134301066	0.8289735304849306	DYN_0036_D08-report.csv.summarized	DYN_0036_D08	illumina	sourmash	default	sourmash_default
	84162	Cryptobacterium	Cryptobacterium	genus	0.01034229454533	abund_weighted	0.0001034229454533	Bacteria;Actinobacteria;Coriobacteriia;Eggerthellales;Eggerthellaceae;Cryptobacterium	DYN_0036_D08	1e1844c5	/home/Users/pacbio_bakeoff/data/DYN/illumina/DYN_0036_D08_St_M_20_S43_R2_001.fastq	0.0005679846013063	0.0001034229454533	522000	0.78578037749086	9320949	0.01247602506593907	0.8289735304849306	DYN_0036_D08-report.csv.summarized	DYN_0036_D08	illumina	sourmash	default	sourmash_default
	2692113	Gleimia	Gleimia	genus	0.008529174443503552	abund_weighted	8.529174443503553e-05	Bacteria;Actinobacteria;Actinomycetia;Actinomycetales;Actinomycetaceae;Gleimia	DYN_0036_D08	1e1844c5	/home/Users/pacbio_bakeoff/data/DYN/illumina/DYN_0036_D08_St_M_20_S43_R2_001.fastq	0.0005016109218433	8.529174443503553e-05	461000	0.7826367287975706	9320949	0.010288838098985115	0.8289735304849306	DYN_0036_D08-report.csv.summarized	DYN_0036_D08	illumina	sourmash	default	sourmash_default
	86331	Mogibacterium	Mogibacterium	genus	0.007456322312245245	abund_weighted	7.456322312245245e-05	Bacteria;Firmicutes;Clostridia;Eubacteriales;Eubacteriales Family XIII. Incertae Sedis;Mogibacterium	DYN_0036_D08	1e1844c5	/home/Users/pacbio_bakeoff/data/DYN/illumina/DYN_0036_D08_St_M_20_S43_R2_001.fastq	0.0004733205010886	7.456322312245245e-05	435000	0.7811724990332768	9320949	0.008994644627414661	0.8289735304849306	DYN_0036_D08-report.csv.summarized	DYN_0036_D08	illumina	sourmash	default	sourmash_default
	44249	Paenibacillus	Paenibacillus	genus	0.006233270882610773	abund_weighted	6.233270882610773e-05	Bacteria;Firmicutes;Bacilli;Bacillales;Paenibacillaceae;Paenibacillus	DYN_0036_D08	1e1844c5	/home/Users/pacbio_bakeoff/data/DYN/illumina/DYN_0036_D08_St_M_20_S43_R2_001.fastq	0.0004548229182874	6.233270882610773e-05	418000	0.7801685921422497	9320949	0.007519264069824343	0.8289735304849306	DYN_0036_D08-report.csv.summarized	DYN_0036_D08	illumina	sourmash	default	sourmash_default
	909656	Phocaeicola	Phocaeicola	genus	2.57803148584977	abund_weighted	0.0257803148584977	Bacteria;Bacteroidetes;Bacteroidia;Bacteroidales;Bacteroidaceae;Phocaeicola	DYN_0036_D08	1e1844c5	/home/Users/pacbio_bakeoff/data/DYN/illumina/DYN_0036_D08_St_M_20_S43_R2_001.fastq	0.0004102111009434	0.0257803148584977	377000	0.7775747948931014	9320949	3.1099080863796464	0.8289735304849306	DYN_0036_D08-report.csv.summarized	DYN_0036_D08	illumina	sourmash	default	sourmash_default
	2767885	Latilactobacillus	Latilactobacillus	genus	0.004860020154600138	abund_weighted	4.860020154600138e-05	Bacteria;Firmicutes;Bacilli;Lactobacillales;Lactobacillaceae;Latilactobacillus	DYN_0036_D08	1e1844c5	/home/Users/pacbio_bakeoff/data/DYN/illumina/DYN_0036_D08_St_M_20_S43_R2_001.fastq	0.0003188112800436	4.860020154600138e-05	293000	0.7712776806041527	9320949	0.00586269642621416	0.8289735304849306	DYN_0036_D08-report.csv.summarized	DYN_0036_D08	illumina	sourmash	default	sourmash_default
	123375	Solobacterium	Solobacterium	genus	0.003358027170838506	abund_weighted	3.358027170838506e-05	Bacteria;Firmicutes;Erysipelotrichia;Erysipelotrichales;Erysipelotrichaceae;Solobacterium	DYN_0036_D08	1e1844c5	/home/Users/pacbio_bakeoff/data/DYN/illumina/DYN_0036_D08_St_M_20_S43_R2_001.fastq	0.0002241471798258	3.358027170838506e-05	206000	0.7625621885047039	9320949	0.004050825566015524	0.8289735304849306	DYN_0036_D08-report.csv.summarized	DYN_0036_D08	illumina	sourmash	default	sourmash_default
	946234	Flavonifractor	Flavonifractor	genus	0.12577045534741	abund_weighted	0.0012577045534741	Bacteria;Firmicutes;Clostridia;Eubacteriales;Oscillospiraceae;Flavonifractor	DYN_0036_D08	1e1844c5	/home/Users/pacbio_bakeoff/data/DYN/illumina/DYN_0036_D08_St_M_20_S43_R2_001.fastq	0.0002176186211901	0.0012577045534741	200000	0.7618354245665051	9320949	0.1517183006722026	0.8289735304849306	DYN_0036_D08-report.csv.summarized	DYN_0036_D08	illumina	sourmash	default	sourmash_default
	1380	Atopobium	Atopobium	genus	0.09835908339376001	abund_weighted	0.0009835908339376	Bacteria;Actinobacteria;Coriobacteriia;Coriobacteriales;Atopobiaceae;Atopobium	DYN_0036_D08	1e1844c5	/home/Users/pacbio_bakeoff/data/DYN/illumina/DYN_0036_D08_St_M_20_S43_R2_001.fastq	0.0002078257832366	0.0009835908339376	191000	0.7607047192139523	9320949	0.11865165747357723	0.8289735304849306	DYN_0036_D08-report.csv.summarized	DYN_0036_D08	illumina	sourmash	default	sourmash_default
	698776	Cellulosilyticum	Cellulosilyticum	genus	0.002585573636332524	abund_weighted	2.585573636332524e-05	Bacteria;Firmicutes;Clostridia;Eubacteriales;Lachnospiraceae;Cellulosilyticum	DYN_0036_D08	1e1844c5	/home/Users/pacbio_bakeoff/data/DYN/illumina/DYN_0036_D08_St_M_20_S43_R2_001.fastq	0.0001904162935414	2.585573636332524e-05	175000	0.7585609031942513	9320949	0.003119006266484796	0.8289735304849306	DYN_0036_D08-report.csv.summarized	DYN_0036_D08	illumina	sourmash	default	sourmash_default
	1578	Lactobacillus	Lactobacillus	genus	0.0023388176461431125	abund_weighted	2.3388176461431127e-05	Bacteria;Firmicutes;Bacilli;Lactobacillales;Lactobacillaceae;Lactobacillus	DYN_0036_D08	1e1844c5	/home/Users/pacbio_bakeoff/data/DYN/illumina/DYN_0036_D08_St_M_20_S43_R2_001.fastq	0.0001784472693759	2.3388176461431127e-05	164000	0.7569740031577883	9320949	0.0028213417680235916	0.8289735304849306	DYN_0036_D08-report.csv.summarized	DYN_0036_D08	illumina	sourmash	default	sourmash_default
	203133	Propionimicrobium	Propionimicrobium	genus	0.002360274688768279	abund_weighted	2.360274688768279e-05	Bacteria;Actinobacteria;Actinomycetia;Propionibacteriales;Propionibacteriaceae;Propionimicrobium	DYN_0036_D08	1e1844c5	/home/Users/pacbio_bakeoff/data/DYN/illumina/DYN_0036_D08_St_M_20_S43_R2_001.fastq	0.0001588615934688	2.360274688768279e-05	146000	0.7541404279180444	9320949	0.0028472256374550003	0.8289735304849306	DYN_0036_D08-report.csv.summarized	DYN_0036_D08	illumina	sourmash	default	sourmash_default
	1276290	Caldibacillus	Caldibacillus	genus	0.0021349757412040347	abund_weighted	2.1349757412040345e-05	Bacteria;Firmicutes;Bacilli;Bacillales;Bacillaceae;Caldibacillus	DYN_0036_D08	1e1844c5	/home/Users/pacbio_bakeoff/data/DYN/illumina/DYN_0036_D08_St_M_20_S43_R2_001.fastq	0.0001566854072569	2.1349757412040345e-05	144000	0.7538049508853888	9320949	0.002575445008425206	0.8289735304849306	DYN_0036_D08-report.csv.summarized	DYN_0036_D08	illumina	sourmash	default	sourmash_default
	2717	Cardiobacterium	Cardiobacterium	genus	0.0018131201018265412	abund_weighted	1.813120101826541e-05	Bacteria;Proteobacteria;Gammaproteobacteria;Cardiobacteriales;Cardiobacteriaceae;Cardiobacterium	DYN_0036_D08	1e1844c5	/home/Users/pacbio_bakeoff/data/DYN/illumina/DYN_0036_D08_St_M_20_S43_R2_001.fastq	0.0001262188002903	1.813120101826541e-05	116000	0.7485655010110375	9320949	0.0021871869669540683	0.8289735304849306	DYN_0036_D08-report.csv.summarized	DYN_0036_D08	illumina	sourmash	default	sourmash_default
	2529408	Schaalia	Schaalia	genus	0.002499745465831859	abund_weighted	2.499745465831859e-05	Bacteria;Actinobacteria;Actinomycetia;Actinomycetales;Actinomycetaceae;Schaalia	DYN_0036_D08	1e1844c5	/home/Users/pacbio_bakeoff/data/DYN/illumina/DYN_0036_D08_St_M_20_S43_R2_001.fastq	0.0001229545209724	2.499745465831859e-05	113000	0.7479330524618324	9320949	0.0030154707887591597	0.8289735304849306	DYN_0036_D08-report.csv.summarized	DYN_0036_D08	illumina	sourmash	default	sourmash_default
	1988	Actinomadura	Actinomadura	genus	0.00977368291576319	abund_weighted	9.77368291576319e-05	Bacteria;Actinobacteria;Actinomycetia;Streptosporangiales;Thermomonosporaceae;Actinomadura	DYN_0036_D08	1e1844c5	/home/Users/pacbio_bakeoff/data/DYN/illumina/DYN_0036_D08_St_M_20_S43_R2_001.fastq	0.0001022807519593	9.77368291576319e-05	94000	0.7435046253024731	9320949	0.011790102526006842	0.8289735304849306	DYN_0036_D08-report.csv.summarized	DYN_0036_D08	illumina	sourmash	default	sourmash_default
	162289	Peptoniphilus	Peptoniphilus	genus	0.001394707770635801	abund_weighted	1.3947077706358011e-05	Bacteria;Firmicutes;Tissierellia;Tissierellales;Peptoniphilaceae;Peptoniphilus	DYN_0036_D08	1e1844c5	/home/Users/pacbio_bakeoff/data/DYN/illumina/DYN_0036_D08_St_M_20_S43_R2_001.fastq	9.79283795355801e-05	1.3947077706358011e-05	90000	0.7424624086538483	9320949	0.0016824515130415912	0.8289735304849306	DYN_0036_D08-report.csv.summarized	DYN_0036_D08	illumina	sourmash	default	sourmash_default
	482	Neisseria	Neisseria	genus	0.0012445084722596382	abund_weighted	1.244508472259638e-05	Bacteria;Proteobacteria;Betaproteobacteria;Neisseriales;Neisseriaceae;Neisseria	DYN_0036_D08	1e1844c5	/home/Users/pacbio_bakeoff/data/DYN/illumina/DYN_0036_D08_St_M_20_S43_R2_001.fastq	9.357600711177654e-05	1.244508472259638e-05	86000	0.7413743646157046	9320949	0.0015012644270217279	0.8289735304849306	DYN_0036_D08-report.csv.summarized	DYN_0036_D08	illumina	sourmash	default	sourmash_default
	60919	Sanguibacter	Sanguibacter	genus	0.00187749122970204	abund_weighted	1.87749122970204e-05	Bacteria;Actinobacteria;Actinomycetia;Micrococcales;Sanguibacteraceae;Sanguibacter	DYN_0036_D08	1e1844c5	/home/Users/pacbio_bakeoff/data/DYN/illumina/DYN_0036_D08_St_M_20_S43_R2_001.fastq	9.248791400582564e-05	1.87749122970204e-05	85000	0.7410947030518746	9320949	0.002264838575248296	0.8289735304849306	DYN_0036_D08-report.csv.summarized	DYN_0036_D08	illumina	sourmash	default	sourmash_default
	4756	Neocallimastix	Neocallimastix	genus	0.0017058348887007105	abund_weighted	1.7058348887007106e-05	Eukaryota;Chytridiomycota;Neocallimastigomycetes;Neocallimastigales;Neocallimastigaceae;Neocallimastix	DYN_0036_D08	1e1844c5	/home/Users/pacbio_bakeoff/data/DYN/illumina/DYN_0036_D08_St_M_20_S43_R2_001.fastq	8.813554158202209e-05	1.7058348887007106e-05	81000	0.7399432654942508	9320949	0.002057767619797023	0.8289735304849306	DYN_0036_D08-report.csv.summarized	DYN_0036_D08	illumina	sourmash	default	sourmash_default
	2591381	Dysosmobacter	Dysosmobacter	genus	0.0366700858464	abund_weighted	0.000366700858464	Bacteria;Firmicutes;Clostridia;Eubacteriales;Oscillospiraceae;Dysosmobacter	DYN_0036_D08	1e1844c5	/home/Users/pacbio_bakeoff/data/DYN/illumina/DYN_0036_D08_St_M_20_S43_R2_001.fastq	6.854986567490606e-05	0.000366700858464	63000	0.7339688565652429	9320949	0.0442355328582673	0.8289735304849306	DYN_0036_D08-report.csv.summarized	DYN_0036_D08	illumina	sourmash	default	sourmash_default
	570	Klebsiella	Klebsiella	genus	15.395584595625461	abund_weighted	0.1539558459562546	Bacteria;Proteobacteria;Gammaproteobacteria;Enterobacterales;Enterobacteriaceae;Klebsiella	DYN_0036_D11	4f91ab02	/home/Users/pacbio_bakeoff/data/DYN/illumina/DYN_0036_D11_St_M_20_S44_R2_001.fastq	0.0148293778963628	0.1539558459562546	13728000	0.8729793395648217	10659907	18.14258281096809	0.8485883601048286	DYN_0036_D11-report.csv.summarized	DYN_0036_D11	illumina	sourmash	default	sourmash_default
	544	Citrobacter	Citrobacter	genus	4.3606196564379	abund_weighted	0.043606196564379	Bacteria;Proteobacteria;Gammaproteobacteria;Enterobacterales;Enterobacteriaceae;Citrobacter	DYN_0036_D11	4f91ab02	/home/Users/pacbio_bakeoff/data/DYN/illumina/DYN_0036_D11_St_M_20_S44_R2_001.fastq	0.0092154299849848	0.043606196564379	8531000	0.8596847305969298	10659907	5.138674841002085	0.8485883601048286	DYN_0036_D11-report.csv.summarized	DYN_0036_D11	illumina	sourmash	default	sourmash_default
	1350	Enterococcus	Enterococcus	genus	0.26426121728829	abund_weighted	0.0026426121728829	Bacteria;Firmicutes;Bacilli;Lactobacillales;Enterococcaceae;Enterococcus	DYN_0036_D11	4f91ab02	/home/Users/pacbio_bakeoff/data/DYN/illumina/DYN_0036_D11_St_M_20_S44_R2_001.fastq	0.0081287200371598	0.0026426121728829	7525000	0.8562120984287106	10659907	0.3114127293186593	0.8485883601048286	DYN_0036_D11-report.csv.summarized	DYN_0036_D11	illumina	sourmash	default	sourmash_default
	29465	Veillonella	Veillonella	genus	2.10832045720473	abund_weighted	0.0210832045720473	Bacteria;Firmicutes;Negativicutes;Veillonellales;Veillonellaceae;Veillonella	DYN_0036_D11	4f91ab02	/home/Users/pacbio_bakeoff/data/DYN/illumina/DYN_0036_D11_St_M_20_S44_R2_001.fastq	0.0068313655169433	0.0210832045720473	6324000	0.8514230512013962	10659907	2.484503154090262	0.8485883601048286	DYN_0036_D11-report.csv.summarized	DYN_0036_D11	illumina	sourmash	default	sourmash_default
	816	Bacteroides	Bacteroides	genus	38.70706376706664	abund_weighted	0.3870706376706664	Bacteria;Bacteroidetes;Bacteroidia;Bacteroidales;Bacteroidaceae;Bacteroides	DYN_0036_D11	4f91ab02	/home/Users/pacbio_bakeoff/data/DYN/illumina/DYN_0036_D11_St_M_20_S44_R2_001.fastq	0.0067784343167014	0.3870706376706664	6275000	0.8512094412826805	10659907	45.613474785684126	0.8485883601048286	DYN_0036_D11-report.csv.summarized	DYN_0036_D11	illumina	sourmash	default	sourmash_default
	44249	Paenibacillus	Paenibacillus	genus	0.13590174848616998	abund_weighted	0.0013590174848617	Bacteria;Firmicutes;Bacilli;Bacillales;Paenibacillaceae;Paenibacillus	DYN_0036_D11	4f91ab02	/home/Users/pacbio_bakeoff/data/DYN/illumina/DYN_0036_D11_St_M_20_S44_R2_001.fastq	0.0059661024272736	0.0013590174848617	5523000	0.8477115243100249	10659907	0.16015038017889102	0.8485883601048286	DYN_0036_D11-report.csv.summarized	DYN_0036_D11	illumina	sourmash	default	sourmash_default
	547	Enterobacter	Enterobacter	genus	12.75168723329387	abund_weighted	0.1275168723329387	Bacteria;Proteobacteria;Gammaproteobacteria;Enterobacterales;Enterobacteriaceae;Enterobacter	DYN_0036_D11	4f91ab02	/home/Users/pacbio_bakeoff/data/DYN/illumina/DYN_0036_D11_St_M_20_S44_R2_001.fastq	0.004807017164832	0.1275168723329387	4450000	0.8418249551979258	10659907	15.026941014980002	0.8485883601048286	DYN_0036_D11-report.csv.summarized	DYN_0036_D11	illumina	sourmash	default	sourmash_default
	1485	Clostridium	Clostridium	genus	0.09510401920016	abund_weighted	0.0009510401920016	Bacteria;Firmicutes;Clostridia;Eubacteriales;Clostridiaceae;Clostridium	DYN_0036_D11	4f91ab02	/home/Users/pacbio_bakeoff/data/DYN/illumina/DYN_0036_D11_St_M_20_S44_R2_001.fastq	0.0045261577349767	0.0009510401920016	4190000	0.8401916806011644	10659907	0.11207320730679303	0.8485883601048286	DYN_0036_D11-report.csv.summarized	DYN_0036_D11	illumina	sourmash	default	sourmash_default
	1843210	Anaerocolumna	Anaerocolumna	genus	0.19151198973873998	abund_weighted	0.0019151198973874	Bacteria;Firmicutes;Clostridia;Eubacteriales;Lachnospiraceae;Anaerocolumna	DYN_0036_D11	4f91ab02	/home/Users/pacbio_bakeoff/data/DYN/illumina/DYN_0036_D11_St_M_20_S44_R2_001.fastq	0.0043219945340434	0.0019151198973874	4001000	0.8389416363829425	10659907	0.22568302694498657	0.8485883601048286	DYN_0036_D11-report.csv.summarized	DYN_0036_D11	illumina	sourmash	default	sourmash_default
	581	Morganella	Morganella	genus	2.23703640191232	abund_weighted	0.0223703640191232	Bacteria;Proteobacteria;Gammaproteobacteria;Enterobacterales;Morganellaceae;Morganella	DYN_0036_D11	4f91ab02	/home/Users/pacbio_bakeoff/data/DYN/illumina/DYN_0036_D11_St_M_20_S44_R2_001.fastq	0.0040605792185626	0.0223703640191232	3759000	0.8372548597282605	10659907	2.63618558429905	0.8485883601048286	DYN_0036_D11-report.csv.summarized	DYN_0036_D11	illumina	sourmash	default	sourmash_default
	838	Prevotella	Prevotella	genus	0.68055002731262	abund_weighted	0.0068055002731262	Bacteria;Bacteroidetes;Bacteroidia;Bacteroidales;Prevotellaceae;Prevotella	DYN_0036_D11	4f91ab02	/home/Users/pacbio_bakeoff/data/DYN/illumina/DYN_0036_D11_St_M_20_S44_R2_001.fastq	0.0037667570457908	0.0068055002731262	3487000	0.8352286955322116	10659907	0.8019789798065928	0.8485883601048286	DYN_0036_D11-report.csv.summarized	DYN_0036_D11	illumina	sourmash	default	sourmash_default
	1392389	Intestinimonas	Intestinimonas	genus	1.90269952636547	abund_weighted	0.0190269952636547	Bacteria;Firmicutes;Clostridia;Eubacteriales;;Intestinimonas	DYN_0036_D11	4f91ab02	/home/Users/pacbio_bakeoff/data/DYN/illumina/DYN_0036_D11_St_M_20_S44_R2_001.fastq	0.0036166052736759	0.0190269952636547	3348000	0.8341334160322371	10659907	2.24219376062432	0.8485883601048286	DYN_0036_D11-report.csv.summarized	DYN_0036_D11	illumina	sourmash	default	sourmash_default
	2888809	Novisyntrophococcus	Novisyntrophococcus	genus	0.12695232707002	abund_weighted	0.0012695232707002	Bacteria;Firmicutes;Clostridia;Eubacteriales;Lachnospiraceae;Novisyntrophococcus	DYN_0036_D11	4f91ab02	/home/Users/pacbio_bakeoff/data/DYN/illumina/DYN_0036_D11_St_M_20_S44_R2_001.fastq	0.0031294221857345	0.0012695232707002	2897000	0.8302493059063449	10659907	0.14960413439366196	0.8485883601048286	DYN_0036_D11-report.csv.summarized	DYN_0036_D11	illumina	sourmash	default	sourmash_default
	848	Fusobacterium	Fusobacterium	genus	0.24307904374775	abund_weighted	0.0024307904374775	Bacteria;Fusobacteria;Fusobacteriia;Fusobacteriales;Fusobacteriaceae;Fusobacterium	DYN_0036_D11	4f91ab02	/home/Users/pacbio_bakeoff/data/DYN/illumina/DYN_0036_D11_St_M_20_S44_R2_001.fastq	0.0030300411567087	0.0024307904374775	2805000	0.8293854345203929	10659907	0.2864510700072786	0.8485883601048286	DYN_0036_D11-report.csv.summarized	DYN_0036_D11	illumina	sourmash	default	sourmash_default
	1505657	Intestinibacter	Intestinibacter	genus	0.14532021714635002	abund_weighted	0.0014532021714635	Bacteria;Firmicutes;Clostridia;Eubacteriales;Peptostreptococcaceae;Intestinibacter	DYN_0036_D11	4f91ab02	/home/Users/pacbio_bakeoff/data/DYN/illumina/DYN_0036_D11_St_M_20_S44_R2_001.fastq	0.0029997947565704	0.0014532021714635	2777000	0.8291170692727045	10659907	0.1712493642128183	0.8485883601048286	DYN_0036_D11-report.csv.summarized	DYN_0036_D11	illumina	sourmash	default	sourmash_default
	724	Haemophilus	Haemophilus	genus	0.06169847448012	abund_weighted	0.0006169847448012	Bacteria;Proteobacteria;Gammaproteobacteria;Pasteurellales;Pasteurellaceae;Haemophilus	DYN_0036_D11	4f91ab02	/home/Users/pacbio_bakeoff/data/DYN/illumina/DYN_0036_D11_St_M_20_S44_R2_001.fastq	0.0028626057273719	0.0006169847448012	2650000	0.827866005374711	10659907	0.07270718923424568	0.8485883601048286	DYN_0036_D11-report.csv.summarized	DYN_0036_D11	illumina	sourmash	default	sourmash_default
	1678	Bifidobacterium	Bifidobacterium	genus	1.35079977714627	abund_weighted	0.0135079977714627	Bacteria;Actinobacteria;Actinomycetia;Bifidobacteriales;Bifidobacteriaceae;Bifidobacterium	DYN_0036_D11	4f91ab02	/home/Users/pacbio_bakeoff/data/DYN/illumina/DYN_0036_D11_St_M_20_S44_R2_001.fastq	0.0024067492681451	0.0135079977714627	2228000	0.823246754704573	10659907	1.5918198276716897	0.8485883601048286	DYN_0036_D11-report.csv.summarized	DYN_0036_D11	illumina	sourmash	default	sourmash_default
	1164882	Lachnoanaerobaculum	Lachnoanaerobaculum	genus	0.17820980989796	abund_weighted	0.0017820980989796	Bacteria;Firmicutes;Clostridia;Eubacteriales;Lachnospiraceae;Lachnoanaerobaculum	DYN_0036_D11	4f91ab02	/home/Users/pacbio_bakeoff/data/DYN/illumina/DYN_0036_D11_St_M_20_S44_R2_001.fastq	0.0023602994393613	0.0017820980989796	2185000	0.822729374155206	10659907	0.21000737021180121	0.8485883601048286	DYN_0036_D11-report.csv.summarized	DYN_0036_D11	illumina	sourmash	default	sourmash_default
	970	Selenomonas	Selenomonas	genus	0.047186152749729995	abund_weighted	0.0004718615274973	Bacteria;Firmicutes;Negativicutes;Selenomonadales;Selenomonadaceae;Selenomonas	DYN_0036_D11	4f91ab02	/home/Users/pacbio_bakeoff/data/DYN/illumina/DYN_0036_D11_St_M_20_S44_R2_001.fastq	0.0023160100677303	0.0004718615274973	2144000	0.822226797998748	10659907	0.05560546781940416	0.8485883601048286	DYN_0036_D11-report.csv.summarized	DYN_0036_D11	illumina	sourmash	default	sourmash_default
	194	Campylobacter	Campylobacter	genus	0.13972917399748	abund_weighted	0.0013972917399748	Bacteria;Proteobacteria;Epsilonproteobacteria;Campylobacterales;Campylobacteraceae;Campylobacter	DYN_0036_D11	4f91ab02	/home/Users/pacbio_bakeoff/data/DYN/illumina/DYN_0036_D11_St_M_20_S44_R2_001.fastq	0.0021669385241917	0.0013972917399748	2006000	0.8204640707236754	10659907	0.16466072428829787	0.8485883601048286	DYN_0036_D11-report.csv.summarized	DYN_0036_D11	illumina	sourmash	default	sourmash_default
	1654	Actinomyces	Actinomyces	genus	0.043743345978529996	abund_weighted	0.0004374334597853	Bacteria;Actinobacteria;Actinomycetia;Actinomycetales;Actinomycetaceae;Actinomyces	DYN_0036_D11	4f91ab02	/home/Users/pacbio_bakeoff/data/DYN/illumina/DYN_0036_D11_St_M_20_S44_R2_001.fastq	0.0021302107525952	0.0004374334597853	1972000	0.8200117642054958	10659907	0.051548369073936215	0.8485883601048286	DYN_0036_D11-report.csv.summarized	DYN_0036_D11	illumina	sourmash	default	sourmash_default
	1924110	Massilimicrobiota	Massilimicrobiota	genus	0.0710700384159	abund_weighted	0.000710700384159	Bacteria;Firmicutes;Erysipelotrichia;Erysipelotrichales;Erysipelotrichaceae;Massilimicrobiota	DYN_0036_D11	4f91ab02	/home/Users/pacbio_bakeoff/data/DYN/illumina/DYN_0036_D11_St_M_20_S44_R2_001.fastq	0.0018828384086072	0.000710700384159	1743000	0.8167530097190727	10659907	0.08375089944330666	0.8485883601048286	DYN_0036_D11-report.csv.summarized	DYN_0036_D11	illumina	sourmash	default	sourmash_default
	177971	Shuttleworthia	Shuttleworthia	genus	0.10742119982847	abund_weighted	0.0010742119982847	Bacteria;Firmicutes;Clostridia;Eubacteriales;Lachnospiraceae;Shuttleworthia	DYN_0036_D11	4f91ab02	/home/Users/pacbio_bakeoff/data/DYN/illumina/DYN_0036_D11_St_M_20_S44_R2_001.fastq	0.0015836150929536	0.0010742119982847	1466000	0.8122058573884108	10659907	0.12658811371770398	0.8485883601048286	DYN_0036_D11-report.csv.summarized	DYN_0036_D11	illumina	sourmash	default	sourmash_default
	2767353	Lancefieldella	Lancefieldella	genus	0.28079982311289997	abund_weighted	0.002807998231129	Bacteria;Actinobacteria;Coriobacteriia;Coriobacteriales;Atopobiaceae;Lancefieldella	DYN_0036_D11	4f91ab02	/home/Users/pacbio_bakeoff/data/DYN/illumina/DYN_0036_D11_St_M_20_S44_R2_001.fastq	0.0015274432069825	0.002807998231129	1414000	0.8112601875817752	10659907	0.3309022799678892	0.8485883601048286	DYN_0036_D11-report.csv.summarized	DYN_0036_D11	illumina	sourmash	default	sourmash_default
	1716	Corynebacterium	Corynebacterium	genus	0.021107125981489998	abund_weighted	0.0002110712598149	Bacteria;Actinobacteria;Actinomycetia;Corynebacteriales;Corynebacteriaceae;Corynebacterium	DYN_0036_D11	4f91ab02	/home/Users/pacbio_bakeoff/data/DYN/illumina/DYN_0036_D11_St_M_20_S44_R2_001.fastq	0.0011083145193522	0.0002110712598149	1026000	0.8029094123956536	10659907	0.02487322119158289	0.8485883601048286	DYN_0036_D11-report.csv.summarized	DYN_0036_D11	illumina	sourmash	default	sourmash_default
	133925	Olsenella	Olsenella	genus	0.018517985194419998	abund_weighted	0.0001851798519442	Bacteria;Actinobacteria;Coriobacteriia;Coriobacteriales;Atopobiaceae;Olsenella	DYN_0036_D11	4f91ab02	/home/Users/pacbio_bakeoff/data/DYN/illumina/DYN_0036_D11_St_M_20_S44_R2_001.fastq	0.0010975122335886	0.0001851798519442	1016000	0.80265577459451	10659907	0.021822106058740208	0.8485883601048286	DYN_0036_D11-report.csv.summarized	DYN_0036_D11	illumina	sourmash	default	sourmash_default
	184869	Varibaculum	Varibaculum	genus	0.02072250724138	abund_weighted	0.0002072250724138	Bacteria;Actinobacteria;Actinomycetia;Actinomycetales;Actinomycetaceae;Varibaculum	DYN_0036_D11	4f91ab02	/home/Users/pacbio_bakeoff/data/DYN/illumina/DYN_0036_D11_St_M_20_S44_R2_001.fastq	0.0010640251477212	0.0002072250724138	985000	0.8018538566124163	10659907	0.02441997582764403	0.8485883601048286	DYN_0036_D11-report.csv.summarized	DYN_0036_D11	illumina	sourmash	default	sourmash_default
	1301	Streptococcus	Streptococcus	genus	0.01742979558827	abund_weighted	0.0001742979558827	Bacteria;Firmicutes;Bacilli;Lactobacillales;Streptococcaceae;Streptococcus	DYN_0036_D11	4f91ab02	/home/Users/pacbio_bakeoff/data/DYN/illumina/DYN_0036_D11_St_M_20_S44_R2_001.fastq	0.0009570825186609	0.0001742979558827	886000	0.7991186573679836	10659907	0.02053975332175997	0.8485883601048286	DYN_0036_D11-report.csv.summarized	DYN_0036_D11	illumina	sourmash	default	sourmash_default
	86331	Mogibacterium	Mogibacterium	genus	0.01502827369882	abund_weighted	0.0001502827369882	Bacteria;Firmicutes;Clostridia;Eubacteriales;Eubacteriales Family XIII. Incertae Sedis;Mogibacterium	DYN_0036_D11	4f91ab02	/home/Users/pacbio_bakeoff/data/DYN/illumina/DYN_0036_D11_St_M_20_S44_R2_001.fastq	0.0009235954327935	0.0001502827369882	855000	0.7982010879188035	10659907	0.017709733488405984	0.8485883601048286	DYN_0036_D11-report.csv.summarized	DYN_0036_D11	illumina	sourmash	default	sourmash_default
	2692113	Gleimia	Gleimia	genus	0.01184813338427	abund_weighted	0.0001184813338427	Bacteria;Actinobacteria;Actinomycetia;Actinomycetales;Actinomycetaceae;Gleimia	DYN_0036_D11	4f91ab02	/home/Users/pacbio_bakeoff/data/DYN/illumina/DYN_0036_D11_St_M_20_S44_R2_001.fastq	0.0007161915461311	0.0001184813338427	663000	0.7916793712916199	10659907	0.013962168162201005	0.8485883601048286	DYN_0036_D11-report.csv.summarized	DYN_0036_D11	illumina	sourmash	default	sourmash_default
	84108	Slackia	Slackia	genus	0.008780564408301123	abund_weighted	8.780564408301123e-05	Bacteria;Actinobacteria;Coriobacteriia;Eggerthellales;Eggerthellaceae;Slackia	DYN_0036_D11	4f91ab02	/home/Users/pacbio_bakeoff/data/DYN/illumina/DYN_0036_D11_St_M_20_S44_R2_001.fastq	0.0005746816026271	8.780564408301123e-05	532000	0.7860775561145432	10659907	0.010347260015699997	0.8485883601048286	DYN_0036_D11-report.csv.summarized	DYN_0036_D11	illumina	sourmash	default	sourmash_default
	1276290	Caldibacillus	Caldibacillus	genus	0.0070732324400203505	abund_weighted	7.07323244002035e-05	Bacteria;Firmicutes;Bacilli;Bacillales;Bacillaceae;Caldibacillus	DYN_0036_D11	4f91ab02	/home/Users/pacbio_bakeoff/data/DYN/illumina/DYN_0036_D11_St_M_20_S44_R2_001.fastq	0.0005465956596415	7.07323244002035e-05	506000	0.7848080067099412	10659907	0.008335292790424999	0.8485883601048286	DYN_0036_D11-report.csv.summarized	DYN_0036_D11	illumina	sourmash	default	sourmash_default
	123375	Solobacterium	Solobacterium	genus	0.006754280314077787	abund_weighted	6.754280314077787e-05	Bacteria;Firmicutes;Erysipelotrichia;Erysipelotrichales;Erysipelotrichaceae;Solobacterium	DYN_0036_D11	4f91ab02	/home/Users/pacbio_bakeoff/data/DYN/illumina/DYN_0036_D11_St_M_20_S44_R2_001.fastq	0.0004677389735668	6.754280314077787e-05	433000	0.780873635278179	10659907	0.00795943078130769	0.8485883601048286	DYN_0036_D11-report.csv.summarized	DYN_0036_D11	illumina	sourmash	default	sourmash_default
	909656	Phocaeicola	Phocaeicola	genus	2.9209072837126997	abund_weighted	0.029209072837127	Bacteria;Bacteroidetes;Bacteroidia;Bacteroidales;Bacteroidaceae;Phocaeicola	DYN_0036_D11	4f91ab02	/home/Users/pacbio_bakeoff/data/DYN/illumina/DYN_0036_D11_St_M_20_S44_R2_001.fastq	0.000409406630443	0.029209072837127	379000	0.7775255574328314	10659907	3.4420779509064574	0.8485883601048286	DYN_0036_D11-report.csv.summarized	DYN_0036_D11	illumina	sourmash	default	sourmash_default
	39948	Dialister	Dialister	genus	0.0058068048811307635	abund_weighted	5.806804881130764e-05	Bacteria;Firmicutes;Negativicutes;Veillonellales;Veillonellaceae;Dialister	DYN_0036_D11	4f91ab02	/home/Users/pacbio_bakeoff/data/DYN/illumina/DYN_0036_D11_St_M_20_S44_R2_001.fastq	0.0004061659447139	5.806804881130764e-05	376000	0.7773262589934731	10659907	0.006842899518929805	0.8485883601048286	DYN_0036_D11-report.csv.summarized	DYN_0036_D11	illumina	sourmash	default	sourmash_default
	203133	Propionimicrobium	Propionimicrobium	genus	0.003761758897146101	abund_weighted	3.761758897146101e-05	Bacteria;Actinobacteria;Actinomycetia;Propionibacteriales;Propionibacteriaceae;Propionimicrobium	DYN_0036_D11	4f91ab02	/home/Users/pacbio_bakeoff/data/DYN/illumina/DYN_0036_D11_St_M_20_S44_R2_001.fastq	0.000271137372668	3.761758897146101e-05	251000	0.7672582961123183	10659907	0.004432960754589422	0.8485883601048286	DYN_0036_D11-report.csv.summarized	DYN_0036_D11	illumina	sourmash	default	sourmash_default
	946234	Flavonifractor	Flavonifractor	genus	0.0984811593572	abund_weighted	0.000984811593572	Bacteria;Firmicutes;Clostridia;Eubacteriales;Oscillospiraceae;Flavonifractor	DYN_0036_D11	4f91ab02	/home/Users/pacbio_bakeoff/data/DYN/illumina/DYN_0036_D11_St_M_20_S44_R2_001.fastq	0.0002149654866969	0.000984811593572	199000	0.761534028420724	10659907	0.1160529226974482	0.8485883601048286	DYN_0036_D11-report.csv.summarized	DYN_0036_D11	illumina	sourmash	default	sourmash_default
	2316020	Mediterraneibacter	Mediterraneibacter	genus	0.0058630905504147455	abund_weighted	5.863090550414746e-05	Bacteria;Firmicutes;Clostridia;Eubacteriales;Lachnospiraceae;Mediterraneibacter	DYN_0036_D11	4f91ab02	/home/Users/pacbio_bakeoff/data/DYN/illumina/DYN_0036_D11_St_M_20_S44_R2_001.fastq	0.0001868795437114	5.863090550414746e-05	173000	0.7581022731681243	10659907	0.006909228108774036	0.8485883601048286	DYN_0036_D11-report.csv.summarized	DYN_0036_D11	illumina	sourmash	default	sourmash_default
	2747	Carnobacterium	Carnobacterium	genus	0.002148236377671963	abund_weighted	2.148236377671963e-05	Bacteria;Firmicutes;Bacilli;Lactobacillales;Carnobacteriaceae;Carnobacterium	DYN_0036_D11	4f91ab02	/home/Users/pacbio_bakeoff/data/DYN/illumina/DYN_0036_D11_St_M_20_S44_R2_001.fastq	0.0001587936007259	2.148236377671963e-05	147000	0.7541300137607435	10659907	0.0025315411790548074	0.8485883601048286	DYN_0036_D11-report.csv.summarized	DYN_0036_D11	illumina	sourmash	default	sourmash_default
	1257	Peptostreptococcus	Peptostreptococcus	genus	0.001894950865894046	abund_weighted	1.894950865894046e-05	Bacteria;Firmicutes;Clostridia;Eubacteriales;Peptostreptococcaceae;Peptostreptococcus	DYN_0036_D11	4f91ab02	/home/Users/pacbio_bakeoff/data/DYN/illumina/DYN_0036_D11_St_M_20_S44_R2_001.fastq	0.0001555529149968	1.894950865894046e-05	144000	0.7536285797877338	10659907	0.0022330625247557684	0.8485883601048286	DYN_0036_D11-report.csv.summarized	DYN_0036_D11	illumina	sourmash	default	sourmash_default
	32207	Rothia	Rothia	genus	0.003217664094067612	abund_weighted	3.217664094067612e-05	Bacteria;Actinobacteria;Actinomycetia;Micrococcales;Micrococcaceae;Rothia	DYN_0036_D11	4f91ab02	/home/Users/pacbio_bakeoff/data/DYN/illumina/DYN_0036_D11_St_M_20_S44_R2_001.fastq	0.0001512320006913	3.217664094067612e-05	140000	0.752944039965286	10659907	0.003791784386095191	0.8485883601048286	DYN_0036_D11-report.csv.summarized	DYN_0036_D11	illumina	sourmash	default	sourmash_default
	2767885	Latilactobacillus	Latilactobacillus	genus	0.0017448557478034281	abund_weighted	1.7448557478034282e-05	Bacteria;Firmicutes;Bacilli;Lactobacillales;Lactobacillaceae;Latilactobacillus	DYN_0036_D11	4f91ab02	/home/Users/pacbio_bakeoff/data/DYN/illumina/DYN_0036_D11_St_M_20_S44_R2_001.fastq	0.0001371890291985	1.7448557478034282e-05	127000	0.7505807111048015	10659907	0.002056186285171153	0.8485883601048286	DYN_0036_D11-report.csv.summarized	DYN_0036_D11	illumina	sourmash	default	sourmash_default
	2717	Cardiobacterium	Cardiobacterium	genus	0.0015572368501901566	abund_weighted	1.5572368501901566e-05	Bacteria;Proteobacteria;Gammaproteobacteria;Cardiobacteriales;Cardiobacteriaceae;Cardiobacterium	DYN_0036_D11	4f91ab02	/home/Users/pacbio_bakeoff/data/DYN/illumina/DYN_0036_D11_St_M_20_S44_R2_001.fastq	0.0001350285720458	1.5572368501901566e-05	125000	0.7501964794946131	10659907	0.001835090985690384	0.8485883601048286	DYN_0036_D11-report.csv.summarized	DYN_0036_D11	illumina	sourmash	default	sourmash_default
	46123	Abiotrophia	Abiotrophia	genus	0.0015290940155481658	abund_weighted	1.5290940155481658e-05	Bacteria;Firmicutes;Bacilli;Lactobacillales;Aerococcaceae;Abiotrophia	DYN_0036_D11	4f91ab02	/home/Users/pacbio_bakeoff/data/DYN/illumina/DYN_0036_D11_St_M_20_S44_R2_001.fastq	0.0001134240005185	1.5290940155481658e-05	105000	0.7459889905133597	10659907	0.001801926690768269	0.8485883601048286	DYN_0036_D11-report.csv.summarized	DYN_0036_D11	illumina	sourmash	default	sourmash_default
	84162	Cryptobacterium	Cryptobacterium	genus	0.0013883798423382117	abund_weighted	1.3883798423382118e-05	Bacteria;Actinobacteria;Coriobacteriia;Eggerthellales;Eggerthellaceae;Cryptobacterium	DYN_0036_D11	4f91ab02	/home/Users/pacbio_bakeoff/data/DYN/illumina/DYN_0036_D11_St_M_20_S44_R2_001.fastq	0.0001123437719421	1.3883798423382118e-05	104000	0.7457587452428368	10659907	0.0016361052161576915	0.8485883601048286	DYN_0036_D11-report.csv.summarized	DYN_0036_D11	illumina	sourmash	default	sourmash_default
	906	Megasphaera	Megasphaera	genus	0.0012289037793669307	abund_weighted	1.2289037793669307e-05	Bacteria;Firmicutes;Negativicutes;Veillonellales;Veillonellaceae;Megasphaera	DYN_0036_D11	4f91ab02	/home/Users/pacbio_bakeoff/data/DYN/illumina/DYN_0036_D11_St_M_20_S44_R2_001.fastq	0.0001015414861784	1.2289037793669307e-05	94000	0.7433306642178156	10659907	0.001448174211599038	0.8485883601048286	DYN_0036_D11-report.csv.summarized	DYN_0036_D11	illumina	sourmash	default	sourmash_default
	1988	Actinomadura	Actinomadura	genus	0.0062664711802832805	abund_weighted	6.26647118028328e-05	Bacteria;Actinobacteria;Actinomycetia;Streptosporangiales;Thermomonosporaceae;Actinomadura	DYN_0036_D11	4f91ab02	/home/Users/pacbio_bakeoff/data/DYN/illumina/DYN_0036_D11_St_M_20_S44_R2_001.fastq	9.722057187300832e-05	6.26647118028328e-05	90000	0.7422886914212564	10659907	0.00738458300265769	0.8485883601048286	DYN_0036_D11-report.csv.summarized	DYN_0036_D11	illumina	sourmash	default	sourmash_default
	4756	Neocallimastix	Neocallimastix	genus	0.0014821892911448477	abund_weighted	1.4821892911448476e-05	Eukaryota;Chytridiomycota;Neocallimastigomycetes;Neocallimastigales;Neocallimastigaceae;Neocallimastix	DYN_0036_D11	4f91ab02	/home/Users/pacbio_bakeoff/data/DYN/illumina/DYN_0036_D11_St_M_20_S44_R2_001.fastq	7.12950860402061e-05	1.4821892911448476e-05	66000	0.7348991227303705	10659907	0.0017466528658980761	0.8485883601048286	DYN_0036_D11-report.csv.summarized	DYN_0036_D11	illumina	sourmash	default	sourmash_default
	117563	Granulicatella	Granulicatella	genus	0.0009099516534243684	abund_weighted	9.099516534243684e-06	Bacteria;Firmicutes;Bacilli;Lactobacillales;Carnobacteriaceae;Granulicatella	DYN_0036_D11	4f91ab02	/home/Users/pacbio_bakeoff/data/DYN/illumina/DYN_0036_D11_St_M_20_S44_R2_001.fastq	7.021485746383936e-05	9.099516534243684e-06	65000	0.7345372746853376	10659907	0.0010723122024817303	0.8485883601048286	DYN_0036_D11-report.csv.summarized	DYN_0036_D11	illumina	sourmash	default	sourmash_default
	909928	Negativicoccus	Negativicoccus	genus	0.0009380944880663591	abund_weighted	9.380944880663591e-06	Bacteria;Firmicutes;Negativicutes;Veillonellales;Veillonellaceae;Negativicoccus	DYN_0036_D11	4f91ab02	/home/Users/pacbio_bakeoff/data/DYN/illumina/DYN_0036_D11_St_M_20_S44_R2_001.fastq	6.589394315837231e-05	9.380944880663591e-06	61000	0.7330338809816154	10659907	0.0011054764974038455	0.8485883601048286	DYN_0036_D11-report.csv.summarized	DYN_0036_D11	illumina	sourmash	default	sourmash_default
	2591381	Dysosmobacter	Dysosmobacter	genus	0.02589140787063	abund_weighted	0.0002589140787063	Bacteria;Firmicutes;Clostridia;Eubacteriales;Oscillospiraceae;Dysosmobacter	DYN_0036_D11	4f91ab02	/home/Users/pacbio_bakeoff/data/DYN/illumina/DYN_0036_D11_St_M_20_S44_R2_001.fastq	6.049280027653852e-05	0.0002589140787063	56000	0.7310143888744479	10659907	0.030511151328344355	0.8485883601048286	DYN_0036_D11-report.csv.summarized	DYN_0036_D11	illumina	sourmash	default	sourmash_default
	1380	Atopobium	Atopobium	genus	0.01947484157225	abund_weighted	0.0001947484157225	Bacteria;Actinobacteria;Coriobacteriia;Coriobacteriales;Atopobiaceae;Atopobium	DYN_0036_D11	4f91ab02	/home/Users/pacbio_bakeoff/data/DYN/illumina/DYN_0036_D11_St_M_20_S44_R2_001.fastq	6.049280027653852e-05	0.0001947484157225	56000	0.7310143888744479	10659907	0.02294969208609486	0.8485883601048286	DYN_0036_D11-report.csv.summarized	DYN_0036_D11	illumina	sourmash	default	sourmash_default
	2529408	Schaalia	Schaalia	genus	0.0007317137006917602	abund_weighted	7.317137006917602e-06	Bacteria;Actinobacteria;Actinomycetia;Actinomycetales;Actinomycetaceae;Schaalia	DYN_0036_D11	4f91ab02	/home/Users/pacbio_bakeoff/data/DYN/illumina/DYN_0036_D11_St_M_20_S44_R2_001.fastq	5.401142881833796e-05	7.317137006917602e-06	50000	0.7283468516714744	10659907	0.0008622716679749997	0.8485883601048286	DYN_0036_D11-report.csv.summarized	DYN_0036_D11	illumina	sourmash	default	sourmash_default
	570	Klebsiella	Klebsiella	genus	48.08932631968541	abund_weighted	0.4808932631968541	Bacteria;Proteobacteria;Gammaproteobacteria;Enterobacterales;Enterobacteriaceae;Klebsiella	DYN_0036_D14	f25ecd0b	/home/Users/pacbio_bakeoff/data/DYN/illumina/DYN_0036_D14_St_M_30_S45_R2_001.fastq	0.022068423722641	0.4808932631968541	13877000	0.8842463345006539	6295345	56.81237753926873	0.846458613467568	DYN_0036_D14-report.csv.summarized	DYN_0036_D14	illumina	sourmash	default	sourmash_default
	544	Citrobacter	Citrobacter	genus	2.72992187084266	abund_weighted	0.0272992187084266	Bacteria;Proteobacteria;Gammaproteobacteria;Enterobacterales;Enterobacteriaceae;Citrobacter	DYN_0036_D14	f25ecd0b	/home/Users/pacbio_bakeoff/data/DYN/illumina/DYN_0036_D14_St_M_30_S45_R2_001.fastq	0.0146179254059607	0.0272992187084266	9192000	0.8725749998402126	6295345	3.225109683342193	0.846458613467568	DYN_0036_D14-report.csv.summarized	DYN_0036_D14	illumina	sourmash	default	sourmash_default
	816	Bacteroides	Bacteroides	genus	21.3049324540593	abund_weighted	0.213049324540593	Bacteria;Bacteroidetes;Bacteroidia;Bacteroidales;Bacteroidaceae;Bacteroides	DYN_0036_D14	f25ecd0b	/home/Users/pacbio_bakeoff/data/DYN/illumina/DYN_0036_D14_St_M_30_S45_R2_001.fastq	0.0135937800663786	0.213049324540593	8548000	0.8705328598631528	6295345	25.169491000608264	0.846458613467568	DYN_0036_D14-report.csv.summarized	DYN_0036_D14	illumina	sourmash	default	sourmash_default
	1350	Enterococcus	Enterococcus	genus	0.3890493690179	abund_weighted	0.003890493690179	Bacteria;Firmicutes;Bacilli;Lactobacillales;Enterococcaceae;Enterococcus	DYN_0036_D14	f25ecd0b	/home/Users/pacbio_bakeoff/data/DYN/illumina/DYN_0036_D14_St_M_30_S45_R2_001.fastq	0.0134697376184168	0.003890493690179	8470000	0.8702754777361236	6295345	0.4596200721782913	0.846458613467568	DYN_0036_D14-report.csv.summarized	DYN_0036_D14	illumina	sourmash	default	sourmash_default
	547	Enterobacter	Enterobacter	genus	0.47099880943776	abund_weighted	0.0047099880943776	Bacteria;Proteobacteria;Gammaproteobacteria;Enterobacterales;Enterobacteriaceae;Enterobacter	DYN_0036_D14	f25ecd0b	/home/Users/pacbio_bakeoff/data/DYN/illumina/DYN_0036_D14_St_M_30_S45_R2_001.fastq	0.0061369205985207	0.0047099880943776	3859000	0.8484838192517863	6295345	0.5564345402645091	0.846458613467568	DYN_0036_D14-report.csv.summarized	DYN_0036_D14	illumina	sourmash	default	sourmash_default
	581	Morganella	Morganella	genus	1.1141724559972401	abund_weighted	0.0111417245599724	Bacteria;Proteobacteria;Gammaproteobacteria;Enterobacterales;Morganellaceae;Morganella	DYN_0036_D14	f25ecd0b	/home/Users/pacbio_bakeoff/data/DYN/illumina/DYN_0036_D14_St_M_30_S45_R2_001.fastq	0.005950856926578	0.0111417245599724	3742000	0.8476415602606383	6295345	1.3162751707764735	0.846458613467568	DYN_0036_D14-report.csv.summarized	DYN_0036_D14	illumina	sourmash	default	sourmash_default
	29465	Veillonella	Veillonella	genus	2.12763557835194	abund_weighted	0.0212763557835194	Bacteria;Firmicutes;Negativicutes;Veillonellales;Veillonellaceae;Veillonella	DYN_0036_D14	f25ecd0b	/home/Users/pacbio_bakeoff/data/DYN/illumina/DYN_0036_D14_St_M_30_S45_R2_001.fastq	0.0058379464931768	0.0212763557835194	3671000	0.8471179308927936	6295345	2.5135730731546984	0.846458613467568	DYN_0036_D14-report.csv.summarized	DYN_0036_D14	illumina	sourmash	default	sourmash_default
	838	Prevotella	Prevotella	genus	0.69263876721609	abund_weighted	0.0069263876721609	Bacteria;Bacteroidetes;Bacteroidia;Bacteroidales;Prevotellaceae;Prevotella	DYN_0036_D14	f25ecd0b	/home/Users/pacbio_bakeoff/data/DYN/illumina/DYN_0036_D14_St_M_30_S45_R2_001.fastq	0.0054578677103195	0.0069263876721609	3432000	0.8452802895167071	6295345	0.8182783613940132	0.846458613467568	DYN_0036_D14-report.csv.summarized	DYN_0036_D14	illumina	sourmash	default	sourmash_default
	1392389	Intestinimonas	Intestinimonas	genus	1.34454902789283	abund_weighted	0.0134454902789283	Bacteria;Firmicutes;Clostridia;Eubacteriales;;Intestinimonas	DYN_0036_D14	f25ecd0b	/home/Users/pacbio_bakeoff/data/DYN/illumina/DYN_0036_D14_St_M_30_S45_R2_001.fastq	0.0053306446867689	0.0134454902789283	3352000	0.8446374121730084	6295345	1.588440363770185	0.846458613467568	DYN_0036_D14-report.csv.summarized	DYN_0036_D14	illumina	sourmash	default	sourmash_default
	2316020	Mediterraneibacter	Mediterraneibacter	genus	3.2157888090327	abund_weighted	0.032157888090327	Bacteria;Firmicutes;Clostridia;Eubacteriales;Lachnospiraceae;Mediterraneibacter	DYN_0036_D14	f25ecd0b	/home/Users/pacbio_bakeoff/data/DYN/illumina/DYN_0036_D14_St_M_30_S45_R2_001.fastq	0.0053195126722082	0.032157888090327	3345000	0.8445804558595027	6295345	3.799109321906513	0.846458613467568	DYN_0036_D14-report.csv.summarized	DYN_0036_D14	illumina	sourmash	default	sourmash_default
	1301	Streptococcus	Streptococcus	genus	0.11532330634778001	abund_weighted	0.0011532330634778	Bacteria;Firmicutes;Bacilli;Lactobacillales;Streptococcaceae;Streptococcus	DYN_0036_D14	f25ecd0b	/home/Users/pacbio_bakeoff/data/DYN/illumina/DYN_0036_D14_St_M_30_S45_R2_001.fastq	0.0044241806439711	0.0011532330634778	2782000	0.8395742771959988	6295345	0.1362421086074737	0.846458613467568	DYN_0036_D14-report.csv.summarized	DYN_0036_D14	illumina	sourmash	default	sourmash_default
	1505657	Intestinibacter	Intestinibacter	genus	0.15735436262825	abund_weighted	0.0015735436262825	Bacteria;Firmicutes;Clostridia;Eubacteriales;Peptostreptococcaceae;Intestinibacter	DYN_0036_D14	f25ecd0b	/home/Users/pacbio_bakeoff/data/DYN/illumina/DYN_0036_D14_St_M_30_S45_R2_001.fastq	0.0041124842362722	0.0015735436262825	2586000	0.8375979791215897	6295345	0.18589729033961686	0.846458613467568	DYN_0036_D14-report.csv.summarized	DYN_0036_D14	illumina	sourmash	default	sourmash_default
	2888809	Novisyntrophococcus	Novisyntrophococcus	genus	0.09154383119590001	abund_weighted	0.000915438311959	Bacteria;Firmicutes;Clostridia;Eubacteriales;Lachnospiraceae;Novisyntrophococcus	DYN_0036_D14	f25ecd0b	/home/Users/pacbio_bakeoff/data/DYN/illumina/DYN_0036_D14_St_M_30_S45_R2_001.fastq	0.0035511126448553	0.000915438311959	2233000	0.8336418301283346	6295345	0.10814921100617697	0.846458613467568	DYN_0036_D14-report.csv.summarized	DYN_0036_D14	illumina	sourmash	default	sourmash_default
	1678	Bifidobacterium	Bifidobacterium	genus	0.68499820105172	abund_weighted	0.0068499820105172	Bacteria;Actinobacteria;Actinomycetia;Bifidobacteriales;Bifidobacteriaceae;Bifidobacterium	DYN_0036_D14	f25ecd0b	/home/Users/pacbio_bakeoff/data/DYN/illumina/DYN_0036_D14_St_M_30_S45_R2_001.fastq	0.003454105089398	0.0068499820105172	2172000	0.8328973287855681	6295345	0.8092518525454945	0.846458613467568	DYN_0036_D14-report.csv.summarized	DYN_0036_D14	illumina	sourmash	default	sourmash_default
	698776	Cellulosilyticum	Cellulosilyticum	genus	0.06590583994999	abund_weighted	0.0006590583994999	Bacteria;Firmicutes;Clostridia;Eubacteriales;Lachnospiraceae;Cellulosilyticum	DYN_0036_D14	f25ecd0b	/home/Users/pacbio_bakeoff/data/DYN/illumina/DYN_0036_D14_St_M_30_S45_R2_001.fastq	0.0032425968127452	0.0006590583994999	2039000	0.8312013200091241	6295345	0.07786067611740968	0.846458613467568	DYN_0036_D14-report.csv.summarized	DYN_0036_D14	illumina	sourmash	default	sourmash_default
	1843210	Anaerocolumna	Anaerocolumna	genus	0.06036206117377	abund_weighted	0.0006036206117377	Bacteria;Firmicutes;Clostridia;Eubacteriales;Lachnospiraceae;Anaerocolumna	DYN_0036_D14	f25ecd0b	/home/Users/pacbio_bakeoff/data/DYN/illumina/DYN_0036_D14_St_M_30_S45_R2_001.fastq	0.0031217349403721	0.0006036206117377	1963000	0.8301834385637881	6295345	0.07131129651630955	0.846458613467568	DYN_0036_D14-report.csv.summarized	DYN_0036_D14	illumina	sourmash	default	sourmash_default
	848	Fusobacterium	Fusobacterium	genus	0.12061292907696	abund_weighted	0.0012061292907696	Bacteria;Fusobacteria;Fusobacteriia;Fusobacteriales;Fusobacteriaceae;Fusobacterium	DYN_0036_D14	f25ecd0b	/home/Users/pacbio_bakeoff/data/DYN/illumina/DYN_0036_D14_St_M_30_S45_R2_001.fastq	0.0029563450097564	0.0012061292907696	1859000	0.8287269368583262	6295345	0.14249123011798764	0.846458613467568	DYN_0036_D14-report.csv.summarized	DYN_0036_D14	illumina	sourmash	default	sourmash_default
	1485	Clostridium	Clostridium	genus	0.07980499877290001	abund_weighted	0.000798049987729	Bacteria;Firmicutes;Clostridia;Eubacteriales;Clostridiaceae;Clostridium	DYN_0036_D14	f25ecd0b	/home/Users/pacbio_bakeoff/data/DYN/illumina/DYN_0036_D14_St_M_30_S45_R2_001.fastq	0.0021198536299114	0.000798049987729	1333000	0.8198828506115073	6295345	0.09428104044682596	0.846458613467568	DYN_0036_D14-report.csv.summarized	DYN_0036_D14	illumina	sourmash	default	sourmash_default
	1654	Actinomyces	Actinomyces	genus	0.03361213722202	abund_weighted	0.0003361213722202	Bacteria;Actinobacteria;Actinomycetia;Actinomycetales;Actinomycetaceae;Actinomyces	DYN_0036_D14	f25ecd0b	/home/Users/pacbio_bakeoff/data/DYN/illumina/DYN_0036_D14_St_M_30_S45_R2_001.fastq	0.0020403392401922	0.0003361213722202	1283000	0.8188723478819634	6295345	0.03970913248118048	0.846458613467568	DYN_0036_D14-report.csv.summarized	DYN_0036_D14	illumina	sourmash	default	sourmash_default
	84108	Slackia	Slackia	genus	0.03867937341003	abund_weighted	0.0003867937341003	Bacteria;Actinobacteria;Coriobacteriia;Eggerthellales;Eggerthellaceae;Slackia	DYN_0036_D14	f25ecd0b	/home/Users/pacbio_bakeoff/data/DYN/illumina/DYN_0036_D14_St_M_30_S45_R2_001.fastq	0.0015886975065877	0.0003867937341003	999000	0.8122898132971692	6295345	0.045695528162419716	0.846458613467568	DYN_0036_D14-report.csv.summarized	DYN_0036_D14	illumina	sourmash	default	sourmash_default
	1716	Corynebacterium	Corynebacterium	genus	0.03191246865739	abund_weighted	0.0003191246865739	Bacteria;Actinobacteria;Actinomycetia;Corynebacteriales;Corynebacteriaceae;Corynebacterium	DYN_0036_D14	f25ecd0b	/home/Users/pacbio_bakeoff/data/DYN/illumina/DYN_0036_D14_St_M_30_S45_R2_001.fastq	0.0015044122534855	0.0003191246865739	946000	0.8108626906084561	6295345	0.037701156500326315	0.846458613467568	DYN_0036_D14-report.csv.summarized	DYN_0036_D14	illumina	sourmash	default	sourmash_default
	177971	Shuttleworthia	Shuttleworthia	genus	0.02941856244574	abund_weighted	0.0002941856244574	Bacteria;Firmicutes;Clostridia;Eubacteriales;Lachnospiraceae;Shuttleworthia	DYN_0036_D14	f25ecd0b	/home/Users/pacbio_bakeoff/data/DYN/illumina/DYN_0036_D14_St_M_30_S45_R2_001.fastq	0.0013453834740472	0.0002941856244574	846000	0.8079456218280641	6295345	0.03475487398636669	0.846458613467568	DYN_0036_D14-report.csv.summarized	DYN_0036_D14	illumina	sourmash	default	sourmash_default
	39948	Dialister	Dialister	genus	0.02613041858706	abund_weighted	0.0002613041858706	Bacteria;Firmicutes;Negativicutes;Veillonellales;Veillonellaceae;Dialister	DYN_0036_D14	f25ecd0b	/home/Users/pacbio_bakeoff/data/DYN/illumina/DYN_0036_D14_St_M_30_S45_R2_001.fastq	0.0013103971425708	0.0002613041858706	824000	0.8072591903126076	6295345	0.03087028493928981	0.846458613467568	DYN_0036_D14-report.csv.summarized	DYN_0036_D14	illumina	sourmash	default	sourmash_default
	194	Campylobacter	Campylobacter	genus	0.02303289176367	abund_weighted	0.0002303289176367	Bacteria;Proteobacteria;Epsilonproteobacteria;Campylobacterales;Campylobacteraceae;Campylobacter	DYN_0036_D14	f25ecd0b	/home/Users/pacbio_bakeoff/data/DYN/illumina/DYN_0036_D14_St_M_30_S45_R2_001.fastq	0.0012706399477113	0.0002303289176367	799000	0.8064572882233124	6295345	0.027210889460164377	0.846458613467568	DYN_0036_D14-report.csv.summarized	DYN_0036_D14	illumina	sourmash	default	sourmash_default
	2767353	Lancefieldella	Lancefieldella	genus	0.0738799859261	abund_weighted	0.000738799859261	Bacteria;Actinobacteria;Coriobacteriia;Coriobacteriales;Atopobiaceae;Lancefieldella	DYN_0036_D14	f25ecd0b	/home/Users/pacbio_bakeoff/data/DYN/illumina/DYN_0036_D14_St_M_30_S45_R2_001.fastq	0.0012579176453562	0.000738799859261	791000	0.8061955448388606	6295345	0.08728127370982292	0.846458613467568	DYN_0036_D14-report.csv.summarized	DYN_0036_D14	illumina	sourmash	default	sourmash_default
	133925	Olsenella	Olsenella	genus	0.018998164516789998	abund_weighted	0.0001899816451679	Bacteria;Actinobacteria;Coriobacteriia;Coriobacteriales;Atopobiaceae;Olsenella	DYN_0036_D14	f25ecd0b	/home/Users/pacbio_bakeoff/data/DYN/illumina/DYN_0036_D14_St_M_30_S45_R2_001.fastq	0.0011084305926843	0.0001899816451679	697000	0.8029121247865438	6295345	0.02244429227196695	0.846458613467568	DYN_0036_D14-report.csv.summarized	DYN_0036_D14	illumina	sourmash	default	sourmash_default
	1924110	Massilimicrobiota	Massilimicrobiota	genus	0.020904334869649998	abund_weighted	0.0002090433486965	Bacteria;Firmicutes;Erysipelotrichia;Erysipelotrichales;Erysipelotrichaceae;Massilimicrobiota	DYN_0036_D14	f25ecd0b	/home/Users/pacbio_bakeoff/data/DYN/illumina/DYN_0036_D14_St_M_30_S45_R2_001.fastq	0.0011052500170955	0.0002090433486965	695000	0.8028377017734576	6295345	0.02469622795143421	0.846458613467568	DYN_0036_D14-report.csv.summarized	DYN_0036_D14	illumina	sourmash	default	sourmash_default
	724	Haemophilus	Haemophilus	genus	0.01733026545804	abund_weighted	0.0001733026545804	Bacteria;Proteobacteria;Gammaproteobacteria;Pasteurellales;Pasteurellaceae;Haemophilus	DYN_0036_D14	f25ecd0b	/home/Users/pacbio_bakeoff/data/DYN/illumina/DYN_0036_D14_St_M_30_S45_R2_001.fastq	0.0010813957001798	0.0001733026545804	680000	0.8022728311066069	6295345	0.020473848552436058	0.846458613467568	DYN_0036_D14-report.csv.summarized	DYN_0036_D14	illumina	sourmash	default	sourmash_default
	86331	Mogibacterium	Mogibacterium	genus	0.01833100489329	abund_weighted	0.0001833100489329	Bacteria;Firmicutes;Clostridia;Eubacteriales;Eubacteriales Family XIII. Incertae Sedis;Mogibacterium	DYN_0036_D14	f25ecd0b	/home/Users/pacbio_bakeoff/data/DYN/illumina/DYN_0036_D14_St_M_30_S45_R2_001.fastq	0.0010670831100304	0.0001833100489329	671000	0.8019280919249339	6295345	0.021656114784154596	0.846458613467568	DYN_0036_D14-report.csv.summarized	DYN_0036_D14	illumina	sourmash	default	sourmash_default
	970	Selenomonas	Selenomonas	genus	0.02136499270492	abund_weighted	0.0002136499270492	Bacteria;Firmicutes;Negativicutes;Selenomonadales;Selenomonadaceae;Selenomonas	DYN_0036_D14	f25ecd0b	/home/Users/pacbio_bakeoff/data/DYN/illumina/DYN_0036_D14_St_M_30_S45_R2_001.fastq	0.0010591316710585	0.0002136499270492	666000	0.8017346315789762	6295345	0.025240445740633482	0.846458613467568	DYN_0036_D14-report.csv.summarized	DYN_0036_D14	illumina	sourmash	default	sourmash_default
	2759736	Lacticaseibacillus	Lacticaseibacillus	genus	0.03275436056324	abund_weighted	0.0003275436056324	Bacteria;Firmicutes;Bacilli;Lactobacillales;Lactobacillaceae;Lacticaseibacillus	DYN_0036_D14	f25ecd0b	/home/Users/pacbio_bakeoff/data/DYN/illumina/DYN_0036_D14_St_M_30_S45_R2_001.fastq	0.0008953320282371	0.0003275436056324	563000	0.7974012408033626	6295345	0.038695761425428486	0.846458613467568	DYN_0036_D14-report.csv.summarized	DYN_0036_D14	illumina	sourmash	default	sourmash_default
	1069494	Trueperella	Trueperella	genus	0.01420096912877	abund_weighted	0.0001420096912877	Bacteria;Actinobacteria;Actinomycetia;Actinomycetales;Actinomycetaceae;Trueperella	DYN_0036_D14	f25ecd0b	/home/Users/pacbio_bakeoff/data/DYN/illumina/DYN_0036_D14_St_M_30_S45_R2_001.fastq	0.0008635262723495	0.0001420096912877	543000	0.7964713882599188	6295345	0.016776920811987353	0.846458613467568	DYN_0036_D14-report.csv.summarized	DYN_0036_D14	illumina	sourmash	default	sourmash_default
	184869	Varibaculum	Varibaculum	genus	0.013311422964110002	abund_weighted	0.0001331142296411	Bacteria;Actinobacteria;Actinomycetia;Actinomycetales;Actinomycetaceae;Varibaculum	DYN_0036_D14	f25ecd0b	/home/Users/pacbio_bakeoff/data/DYN/illumina/DYN_0036_D14_St_M_30_S45_R2_001.fastq	0.0007251712342382	0.0001331142296411	456000	0.7919976433272421	6295345	0.015726017494912085	0.846458613467568	DYN_0036_D14-report.csv.summarized	DYN_0036_D14	illumina	sourmash	default	sourmash_default
	32207	Rothia	Rothia	genus	0.01129405934067	abund_weighted	0.0001129405934067	Bacteria;Actinobacteria;Actinomycetia;Micrococcales;Micrococcaceae;Rothia	DYN_0036_D14	f25ecd0b	/home/Users/pacbio_bakeoff/data/DYN/illumina/DYN_0036_D14_St_M_30_S45_R2_001.fastq	0.0006949557661449	0.0001129405934067	437000	0.7909110631074906	6295345	0.013342718900813372	0.846458613467568	DYN_0036_D14-report.csv.summarized	DYN_0036_D14	illumina	sourmash	default	sourmash_default
	2692113	Gleimia	Gleimia	genus	0.0069257522820433196	abund_weighted	6.925752282043319e-05	Bacteria;Actinobacteria;Actinomycetia;Actinomycetales;Actinomycetaceae;Gleimia	DYN_0036_D14	f25ecd0b	/home/Users/pacbio_bakeoff/data/DYN/illumina/DYN_0036_D14_St_M_30_S45_R2_001.fastq	0.0004691348993427	6.925752282043319e-05	295000	0.7809487026923615	6295345	0.00818203296871369	0.846458613467568	DYN_0036_D14-report.csv.summarized	DYN_0036_D14	illumina	sourmash	default	sourmash_default
	203133	Propionimicrobium	Propionimicrobium	genus	0.005893243340913008	abund_weighted	5.893243340913008e-05	Bacteria;Actinobacteria;Actinomycetia;Propionibacteriales;Propionibacteriaceae;Propionimicrobium	DYN_0036_D14	f25ecd0b	/home/Users/pacbio_bakeoff/data/DYN/illumina/DYN_0036_D14_St_M_30_S45_R2_001.fastq	0.0003800787828573	5.893243340913008e-05	239000	0.7756634772160387	6295345	0.006962234475671511	0.846458613467568	DYN_0036_D14-report.csv.summarized	DYN_0036_D14	illumina	sourmash	default	sourmash_default
	909656	Phocaeicola	Phocaeicola	genus	0.7365918786023601	abund_weighted	0.0073659187860236	Bacteria;Bacteroidetes;Bacteroidia;Bacteroidales;Bacteroidaceae;Phocaeicola	DYN_0036_D14	f25ecd0b	/home/Users/pacbio_bakeoff/data/DYN/illumina/DYN_0036_D14_St_M_30_S45_R2_001.fastq	0.0003403215879977	0.0073659187860236	214000	0.7729038448284232	6295345	0.8702042449362853	0.846458613467568	DYN_0036_D14-report.csv.summarized	DYN_0036_D14	illumina	sourmash	default	sourmash_default
	283168	Odoribacter	Odoribacter	genus	0.47061757536719	abund_weighted	0.0047061757536719	Bacteria;Bacteroidetes;Bacteroidia;Bacteroidales;Odoribacteraceae;Odoribacter	DYN_0036_D14	f25ecd0b	/home/Users/pacbio_bakeoff/data/DYN/illumina/DYN_0036_D14_St_M_30_S45_R2_001.fastq	0.0003307798612314	0.0047061757536719	208000	0.7721951444729364	6295345	0.5559841531286179	0.846458613467568	DYN_0036_D14-report.csv.summarized	DYN_0036_D14	illumina	sourmash	default	sourmash_default
	254250	Isoptericola	Isoptericola	genus	0.005162544705651557	abund_weighted	5.162544705651557e-05	Bacteria;Actinobacteria;Actinomycetia;Micrococcales;Promicromonosporaceae;Isoptericola	DYN_0036_D14	f25ecd0b	/home/Users/pacbio_bakeoff/data/DYN/illumina/DYN_0036_D14_St_M_30_S45_R2_001.fastq	0.0003212381344651	5.162544705651557e-05	202000	0.7714663773837449	6295345	0.006098992465210893	0.846458613467568	DYN_0036_D14-report.csv.summarized	DYN_0036_D14	illumina	sourmash	default	sourmash_default
	1578	Lactobacillus	Lactobacillus	genus	0.003828225458652385	abund_weighted	3.828225458652385e-05	Bacteria;Firmicutes;Bacilli;Lactobacillales;Lactobacillaceae;Lactobacillus	DYN_0036_D14	f25ecd0b	/home/Users/pacbio_bakeoff/data/DYN/illumina/DYN_0036_D14_St_M_30_S45_R2_001.fastq	0.0002576266226899	3.828225458652385e-05	162000	0.7659942467775976	6295345	0.004522637489587154	0.846458613467568	DYN_0036_D14-report.csv.summarized	DYN_0036_D14	illumina	sourmash	default	sourmash_default
	123375	Solobacterium	Solobacterium	genus	0.0030657573175100015	abund_weighted	3.0657573175100015e-05	Bacteria;Firmicutes;Erysipelotrichia;Erysipelotrichales;Erysipelotrichaceae;Solobacterium	DYN_0036_D14	f25ecd0b	/home/Users/pacbio_bakeoff/data/DYN/illumina/DYN_0036_D14_St_M_30_S45_R2_001.fastq	0.0002130985644472	3.0657573175100015e-05	134000	0.761319780436203	6295345	0.003621863217802161	0.846458613467568	DYN_0036_D14-report.csv.summarized	DYN_0036_D14	illumina	sourmash	default	sourmash_default
	2529408	Schaalia	Schaalia	genus	0.00346287614102166	abund_weighted	3.46287614102166e-05	Bacteria;Actinobacteria;Actinomycetia;Actinomycetales;Actinomycetaceae;Schaalia	DYN_0036_D14	f25ecd0b	/home/Users/pacbio_bakeoff/data/DYN/illumina/DYN_0036_D14_St_M_30_S45_R2_001.fastq	0.0002067374132696	3.46287614102166e-05	130000	0.7605758840437136	6295345	0.004091016484356846	0.846458613467568	DYN_0036_D14-report.csv.summarized	DYN_0036_D14	illumina	sourmash	default	sourmash_default
	1918542	Muricomes	Muricomes	genus	0.002366828188129483	abund_weighted	2.366828188129483e-05	Bacteria;Firmicutes;Clostridia;Eubacteriales;Lachnospiraceae;Muricomes	DYN_0036_D14	f25ecd0b	/home/Users/pacbio_bakeoff/data/DYN/illumina/DYN_0036_D14_St_M_30_S45_R2_001.fastq	0.0001574384916438	2.366828188129483e-05	99000	0.7539215524481084	6295345	0.0027961534686659173	0.846458613467568	DYN_0036_D14-report.csv.summarized	DYN_0036_D14	illumina	sourmash	default	sourmash_default
	189330	Dorea	Dorea	genus	0.09595979251335	abund_weighted	0.0009595979251335	Bacteria;Firmicutes;Clostridia;Eubacteriales;Lachnospiraceae;Dorea	DYN_0036_D14	f25ecd0b	/home/Users/pacbio_bakeoff/data/DYN/illumina/DYN_0036_D14_St_M_30_S45_R2_001.fastq	0.0001494870526719	0.0009595979251335	94000	0.7526622171590956	6295345	0.11336619533026548	0.846458613467568	DYN_0036_D14-report.csv.summarized	DYN_0036_D14	illumina	sourmash	default	sourmash_default
	2717	Cardiobacterium	Cardiobacterium	genus	0.0016520143058084981	abund_weighted	1.6520143058084982e-05	Bacteria;Proteobacteria;Gammaproteobacteria;Cardiobacteriales;Cardiobacteriaceae;Cardiobacterium	DYN_0036_D14	f25ecd0b	/home/Users/pacbio_bakeoff/data/DYN/illumina/DYN_0036_D14_St_M_30_S45_R2_001.fastq	0.0001240424479618	1.6520143058084982e-05	78000	0.7481456232935135	6295345	0.0019516775888674858	0.846458613467568	DYN_0036_D14-report.csv.summarized	DYN_0036_D14	illumina	sourmash	default	sourmash_default
	1164882	Lachnoanaerobaculum	Lachnoanaerobaculum	genus	0.001604360046987099	abund_weighted	1.6043600469870992e-05	Bacteria;Firmicutes;Clostridia;Eubacteriales;Lachnospiraceae;Lachnoanaerobaculum	DYN_0036_D14	f25ecd0b	/home/Users/pacbio_bakeoff/data/DYN/illumina/DYN_0036_D14_St_M_30_S45_R2_001.fastq	0.0001049589944292	1.6043600469870992e-05	66000	0.7441248285977249	6295345	0.0018953791968809234	0.846458613467568	DYN_0036_D14-report.csv.summarized	DYN_0036_D14	illumina	sourmash	default	sourmash_default
	946234	Flavonifractor	Flavonifractor	genus	0.02230219312841	abund_weighted	0.0002230219312841	Bacteria;Firmicutes;Clostridia;Eubacteriales;Oscillospiraceae;Flavonifractor	DYN_0036_D14	f25ecd0b	/home/Users/pacbio_bakeoff/data/DYN/illumina/DYN_0036_D14_St_M_30_S45_R2_001.fastq	0.000100188131046	0.0002230219312841	63000	0.7430089983413106	6295345	0.02634764744970547	0.846458613467568	DYN_0036_D14-report.csv.summarized	DYN_0036_D14	illumina	sourmash	default	sourmash_default
	1380	Atopobium	Atopobium	genus	0.005337276987996686	abund_weighted	5.337276987996686e-05	Bacteria;Actinobacteria;Coriobacteriia;Coriobacteriales;Atopobiaceae;Atopobium	DYN_0036_D14	f25ecd0b	/home/Users/pacbio_bakeoff/data/DYN/illumina/DYN_0036_D14_St_M_30_S45_R2_001.fastq	8.428525310225391e-05	5.337276987996686e-05	53000	0.7388778237750127	6295345	0.006305419902494953	0.846458613467568	DYN_0036_D14-report.csv.summarized	DYN_0036_D14	illumina	sourmash	default	sourmash_default
	906	Megasphaera	Megasphaera	genus	0.001016624188189845	abund_weighted	1.0166241881898451e-05	Bacteria;Firmicutes;Negativicutes;Veillonellales;Veillonellaceae;Megasphaera	DYN_0036_D14	f25ecd0b	/home/Users/pacbio_bakeoff/data/DYN/illumina/DYN_0036_D14_St_M_30_S45_R2_001.fastq	7.951438971910746e-05	1.0166241881898451e-05	50000	0.737490302269115	6295345	0.0012010323623799911	0.846458613467568	DYN_0036_D14-report.csv.summarized	DYN_0036_D14	illumina	sourmash	default	sourmash_default
	570	Klebsiella	Klebsiella	genus	32.57792815331774	abund_weighted	0.3257792815331774	Bacteria;Proteobacteria;Gammaproteobacteria;Enterobacterales;Enterobacteriaceae;Klebsiella	DYN_0036_D16	2241ef53	/home/Users/pacbio_bakeoff/data/DYN/illumina/DYN_0036_D16_St_M_20_S46_R2_001.fastq	0.0160780558561723	0.3257792815331774	14188000	0.8752589605323852	8983435	38.573932655888086	0.8445581228115955	DYN_0036_D16-report.csv.summarized	DYN_0036_D16	illumina	sourmash	default	sourmash_default
	816	Bacteroides	Bacteroides	genus	30.67770847120283	abund_weighted	0.3067770847120283	Bacteria;Bacteroidetes;Bacteroidia;Bacteroidales;Bacteroidaceae;Bacteroides	DYN_0036_D16	2241ef53	/home/Users/pacbio_bakeoff/data/DYN/illumina/DYN_0036_D16_St_M_20_S46_R2_001.fastq	0.0144484925406115	0.3067770847120283	12750000	0.872246904194921	8983435	36.32397539327963	0.8445581228115955	DYN_0036_D16-report.csv.summarized	DYN_0036_D16	illumina	sourmash	default	sourmash_default
	544	Citrobacter	Citrobacter	genus	3.24845674288287	abund_weighted	0.0324845674288287	Bacteria;Proteobacteria;Gammaproteobacteria;Enterobacterales;Enterobacteriaceae;Citrobacter	DYN_0036_D16	2241ef53	/home/Users/pacbio_bakeoff/data/DYN/illumina/DYN_0036_D16_St_M_20_S46_R2_001.fastq	0.010461841814504	0.0324845674288287	9232000	0.8632098589706668	8983435	3.8463388784522263	0.8445581228115955	DYN_0036_D16-report.csv.summarized	DYN_0036_D16	illumina	sourmash	default	sourmash_default
	1350	Enterococcus	Enterococcus	genus	0.33277916520796	abund_weighted	0.0033277916520796	Bacteria;Firmicutes;Bacilli;Lactobacillales;Enterococcaceae;Enterococcus	DYN_0036_D16	2241ef53	/home/Users/pacbio_bakeoff/data/DYN/illumina/DYN_0036_D16_St_M_20_S46_R2_001.fastq	0.0102816606134093	0.0033277916520796	9073000	0.8627262422346957	8983435	0.3940275467366461	0.8445581228115955	DYN_0036_D16-report.csv.summarized	DYN_0036_D16	illumina	sourmash	default	sourmash_default
	29465	Veillonella	Veillonella	genus	2.22304719742503	abund_weighted	0.0222304719742503	Bacteria;Firmicutes;Negativicutes;Veillonellales;Veillonellaceae;Veillonella	DYN_0036_D16	2241ef53	/home/Users/pacbio_bakeoff/data/DYN/illumina/DYN_0036_D16_St_M_20_S46_R2_001.fastq	0.0071483208585237	0.0222304719742503	6308000	0.8526695920345061	8983435	2.6322015470342572	0.8445581228115955	DYN_0036_D16-report.csv.summarized	DYN_0036_D16	illumina	sourmash	default	sourmash_default
	909656	Phocaeicola	Phocaeicola	genus	5.86046428788097	abund_weighted	0.0586046428788097	Bacteria;Bacteroidetes;Bacteroidia;Bacteroidales;Bacteroidaceae;Phocaeicola	DYN_0036_D16	2241ef53	/home/Users/pacbio_bakeoff/data/DYN/illumina/DYN_0036_D16_St_M_20_S46_R2_001.fastq	0.0063380720611482	0.0586046428788097	5593000	0.8493670177838432	8983435	6.93908936470951	0.8445581228115955	DYN_0036_D16-report.csv.summarized	DYN_0036_D16	illumina	sourmash	default	sourmash_default
	1392389	Intestinimonas	Intestinimonas	genus	2.0883437126221702	abund_weighted	0.0208834371262217	Bacteria;Firmicutes;Clostridia;Eubacteriales;;Intestinimonas	DYN_0036_D16	2241ef53	/home/Users/pacbio_bakeoff/data/DYN/illumina/DYN_0036_D16_St_M_20_S46_R2_001.fastq	0.0038042030948104	0.0208834371262217	3357000	0.8354952595865941	8983435	2.4727057335851814	0.8445581228115955	DYN_0036_D16-report.csv.summarized	DYN_0036_D16	illumina	sourmash	default	sourmash_default
	838	Prevotella	Prevotella	genus	0.32736920788094	abund_weighted	0.0032736920788094	Bacteria;Bacteroidetes;Bacteroidia;Bacteroidales;Prevotellaceae;Prevotella	DYN_0036_D16	2241ef53	/home/Users/pacbio_bakeoff/data/DYN/illumina/DYN_0036_D16_St_M_20_S46_R2_001.fastq	0.0038008034495067	0.0032736920788094	3354000	0.8354711638573681	8983435	0.3876218806481951	0.8445581228115955	DYN_0036_D16-report.csv.summarized	DYN_0036_D16	illumina	sourmash	default	sourmash_default
	2316020	Mediterraneibacter	Mediterraneibacter	genus	1.6692723885685101	abund_weighted	0.0166927238856851	Bacteria;Firmicutes;Clostridia;Eubacteriales;Lachnospiraceae;Mediterraneibacter	DYN_0036_D16	2241ef53	/home/Users/pacbio_bakeoff/data/DYN/illumina/DYN_0036_D16_St_M_20_S46_R2_001.fastq	0.0037883380833932	0.0166927238856851	3343000	0.8353826340472541	8983435	1.9765038586229928	0.8445581228115955	DYN_0036_D16-report.csv.summarized	DYN_0036_D16	illumina	sourmash	default	sourmash_default
	581	Morganella	Morganella	genus	0.50599798406734	abund_weighted	0.0050599798406734	Bacteria;Proteobacteria;Gammaproteobacteria;Enterobacterales;Morganellaceae;Morganella	DYN_0036_D16	2241ef53	/home/Users/pacbio_bakeoff/data/DYN/illumina/DYN_0036_D16_St_M_20_S46_R2_001.fastq	0.0035605618480471	0.0050599798406734	3142000	0.8337132945671553	8983435	0.5991274850129151	0.8445581228115955	DYN_0036_D16-report.csv.summarized	DYN_0036_D16	illumina	sourmash	default	sourmash_default
	1301	Streptococcus	Streptococcus	genus	2.9862407865142804	abund_weighted	0.0298624078651428	Bacteria;Firmicutes;Bacilli;Lactobacillales;Streptococcaceae;Streptococcus	DYN_0036_D16	2241ef53	/home/Users/pacbio_bakeoff/data/DYN/illumina/DYN_0036_D16_St_M_20_S46_R2_001.fastq	0.0034801035758602	0.0298624078651428	3071000	0.8330988243510457	8983435	3.5358617789061895	0.8445581228115955	DYN_0036_D16-report.csv.summarized	DYN_0036_D16	illumina	sourmash	default	sourmash_default
	1843210	Anaerocolumna	Anaerocolumna	genus	0.08305286340915	abund_weighted	0.0008305286340915	Bacteria;Firmicutes;Clostridia;Eubacteriales;Lachnospiraceae;Anaerocolumna	DYN_0036_D16	2241ef53	/home/Users/pacbio_bakeoff/data/DYN/illumina/DYN_0036_D16_St_M_20_S46_R2_001.fastq	0.003413243884888	0.0008305286340915	3012000	0.8325776575292108	8983435	0.09833883680220962	0.8445581228115955	DYN_0036_D16-report.csv.summarized	DYN_0036_D16	illumina	sourmash	default	sourmash_default
	2888809	Novisyntrophococcus	Novisyntrophococcus	genus	0.10547190467788	abund_weighted	0.0010547190467788	Bacteria;Firmicutes;Clostridia;Eubacteriales;Lachnospiraceae;Novisyntrophococcus	DYN_0036_D16	2241ef53	/home/Users/pacbio_bakeoff/data/DYN/illumina/DYN_0036_D16_St_M_20_S46_R2_001.fastq	0.0030721461394194	0.0010547190467788	2711000	0.8297547319021848	8983435	0.1248841279588388	0.8445581228115955	DYN_0036_D16-report.csv.summarized	DYN_0036_D16	illumina	sourmash	default	sourmash_default
	547	Enterobacter	Enterobacter	genus	0.14060323250516	abund_weighted	0.0014060323250516	Bacteria;Proteobacteria;Gammaproteobacteria;Enterobacterales;Enterobacteriaceae;Enterobacter	DYN_0036_D16	2241ef53	/home/Users/pacbio_bakeoff/data/DYN/illumina/DYN_0036_D16_St_M_20_S46_R2_001.fastq	0.0027820430735059	0.0014060323250516	2455000	0.8271040057921369	8983435	0.16648141638503408	0.8445581228115955	DYN_0036_D16-report.csv.summarized	DYN_0036_D16	illumina	sourmash	default	sourmash_default
	1678	Bifidobacterium	Bifidobacterium	genus	0.6683412302755	abund_weighted	0.006683412302755	Bacteria;Actinobacteria;Actinomycetia;Bifidobacteriales;Bifidobacteriaceae;Bifidobacterium	DYN_0036_D16	2241ef53	/home/Users/pacbio_bakeoff/data/DYN/illumina/DYN_0036_D16_St_M_20_S46_R2_001.fastq	0.0025112046643133	0.006683412302755	2216000	0.8243757904907268	8983435	0.7913501891978059	0.8445581228115955	DYN_0036_D16-report.csv.summarized	DYN_0036_D16	illumina	sourmash	default	sourmash_default
	848	Fusobacterium	Fusobacterium	genus	0.0973681002868	abund_weighted	0.000973681002868	Bacteria;Fusobacteria;Fusobacteriia;Fusobacteriales;Fusobacteriaceae;Fusobacterium	DYN_0036_D16	2241ef53	/home/Users/pacbio_bakeoff/data/DYN/illumina/DYN_0036_D16_St_M_20_S46_R2_001.fastq	0.0021587747678325	0.000973681002868	1905000	0.8203641779091984	8983435	0.11528880920907433	0.8445581228115955	DYN_0036_D16-report.csv.summarized	DYN_0036_D16	illumina	sourmash	default	sourmash_default
	194	Campylobacter	Campylobacter	genus	0.08611405325468	abund_weighted	0.0008611405325468	Bacteria;Proteobacteria;Epsilonproteobacteria;Campylobacterales;Campylobacteraceae;Campylobacter	DYN_0036_D16	2241ef53	/home/Users/pacbio_bakeoff/data/DYN/illumina/DYN_0036_D16_St_M_20_S46_R2_001.fastq	0.0020817161409492	0.0008611405325468	1837000	0.819402846026017	8983435	0.10196344209916545	0.8445581228115955	DYN_0036_D16-report.csv.summarized	DYN_0036_D16	illumina	sourmash	default	sourmash_default
	1505657	Intestinibacter	Intestinibacter	genus	0.04503845132735	abund_weighted	0.0004503845132735	Bacteria;Firmicutes;Clostridia;Eubacteriales;Peptostreptococcaceae;Intestinibacter	DYN_0036_D16	2241ef53	/home/Users/pacbio_bakeoff/data/DYN/illumina/DYN_0036_D16_St_M_20_S46_R2_001.fastq	0.0020715172050382	0.0004503845132735	1828000	0.819273038231513	8983435	0.05332782920542368	0.8445581228115955	DYN_0036_D16-report.csv.summarized	DYN_0036_D16	illumina	sourmash	default	sourmash_default
	1485	Clostridium	Clostridium	genus	0.05150591060101	abund_weighted	0.0005150591060101	Bacteria;Firmicutes;Clostridia;Eubacteriales;Clostridiaceae;Clostridium	DYN_0036_D16	2241ef53	/home/Users/pacbio_bakeoff/data/DYN/illumina/DYN_0036_D16_St_M_20_S46_R2_001.fastq	0.0018335420337811	0.0005150591060101	1618000	0.8160543052717598	8983435	0.06098563166918941	0.8445581228115955	DYN_0036_D16-report.csv.summarized	DYN_0036_D16	illumina	sourmash	default	sourmash_default
	1924110	Massilimicrobiota	Massilimicrobiota	genus	0.0459512424813	abund_weighted	0.000459512424813	Bacteria;Firmicutes;Erysipelotrichia;Erysipelotrichales;Erysipelotrichaceae;Massilimicrobiota	DYN_0036_D16	2241ef53	/home/Users/pacbio_bakeoff/data/DYN/illumina/DYN_0036_D16_St_M_20_S46_R2_001.fastq	0.0017145544481525	0.000459512424813	1513000	0.8142899478350292	8983435	0.054408620603073436	0.8445581228115955	DYN_0036_D16-report.csv.summarized	DYN_0036_D16	illumina	sourmash	default	sourmash_default
	39948	Dialister	Dialister	genus	0.11970922035947	abund_weighted	0.0011970922035947	Bacteria;Firmicutes;Negativicutes;Veillonellales;Veillonellaceae;Dialister	DYN_0036_D16	2241ef53	/home/Users/pacbio_bakeoff/data/DYN/illumina/DYN_0036_D16_St_M_20_S46_R2_001.fastq	0.0016352293910668	0.0011970922035947	1443000	0.8130466063860883	8983435	0.1417418376854269	0.8445581228115955	DYN_0036_D16-report.csv.summarized	DYN_0036_D16	illumina	sourmash	default	sourmash_default
	1654	Actinomyces	Actinomyces	genus	0.02423349197717	abund_weighted	0.0002423349197717	Bacteria;Actinobacteria;Actinomycetia;Actinomycetales;Actinomycetaceae;Actinomyces	DYN_0036_D16	2241ef53	/home/Users/pacbio_bakeoff/data/DYN/illumina/DYN_0036_D16_St_M_20_S46_R2_001.fastq	0.0015230410960456	0.0002423349197717	1344000	0.8111846608419353	8983435	0.028693693569004985	0.8445581228115955	DYN_0036_D16-report.csv.summarized	DYN_0036_D16	illumina	sourmash	default	sourmash_default
	133925	Olsenella	Olsenella	genus	0.03222598037387	abund_weighted	0.0003222598037387	Bacteria;Actinobacteria;Coriobacteriia;Coriobacteriales;Atopobiaceae;Olsenella	DYN_0036_D16	2241ef53	/home/Users/pacbio_bakeoff/data/DYN/illumina/DYN_0036_D16_St_M_20_S46_R2_001.fastq	0.0014856449977052	0.0003222598037387	1311000	0.8105344028695993	8983435	0.0381572084897927	0.8445581228115955	DYN_0036_D16-report.csv.summarized	DYN_0036_D16	illumina	sourmash	default	sourmash_default
	177971	Shuttleworthia	Shuttleworthia	genus	0.049235064315589994	abund_weighted	0.0004923506431559	Bacteria;Firmicutes;Clostridia;Eubacteriales;Lachnospiraceae;Shuttleworthia	DYN_0036_D16	2241ef53	/home/Users/pacbio_bakeoff/data/DYN/illumina/DYN_0036_D16_St_M_20_S46_R2_001.fastq	0.001439183178555	0.0004923506431559	1270000	0.8097040750355954	8983435	0.05829683355798282	0.8445581228115955	DYN_0036_D16-report.csv.summarized	DYN_0036_D16	illumina	sourmash	default	sourmash_default
	970	Selenomonas	Selenomonas	genus	0.043947554582399996	abund_weighted	0.000439475545824	Bacteria;Firmicutes;Negativicutes;Selenomonadales;Selenomonadaceae;Selenomonas	DYN_0036_D16	2241ef53	/home/Users/pacbio_bakeoff/data/DYN/illumina/DYN_0036_D16_St_M_20_S46_R2_001.fastq	0.0013417266798497	0.000439475545824	1184000	0.8078746890962486	8983435	0.05203615168142056	0.8445581228115955	DYN_0036_D16-report.csv.summarized	DYN_0036_D16	illumina	sourmash	default	sourmash_default
	2767353	Lancefieldella	Lancefieldella	genus	0.04796606197963	abund_weighted	0.0004796606197963	Bacteria;Actinobacteria;Coriobacteriia;Coriobacteriales;Atopobiaceae;Lancefieldella	DYN_0036_D16	2241ef53	/home/Users/pacbio_bakeoff/data/DYN/illumina/DYN_0036_D16_St_M_20_S46_R2_001.fastq	0.0012125401583101	0.0004796606197963	1070000	0.8052406331384203	8983435	0.05679426990761451	0.8445581228115955	DYN_0036_D16-report.csv.summarized	DYN_0036_D16	illumina	sourmash	default	sourmash_default
	1716	Corynebacterium	Corynebacterium	genus	0.02399972838897	abund_weighted	0.0002399972838897	Bacteria;Actinobacteria;Actinomycetia;Corynebacteriales;Corynebacteriaceae;Corynebacterium	DYN_0036_D16	2241ef53	/home/Users/pacbio_bakeoff/data/DYN/illumina/DYN_0036_D16_St_M_20_S46_R2_001.fastq	0.0011694779844636	0.0002399972838897	1032000	0.8043019069813652	8983435	0.0284169055281514	0.8445581228115955	DYN_0036_D16-report.csv.summarized	DYN_0036_D16	illumina	sourmash	default	sourmash_default
	86331	Mogibacterium	Mogibacterium	genus	0.01943577261927	abund_weighted	0.0001943577261927	Bacteria;Firmicutes;Clostridia;Eubacteriales;Eubacteriales Family XIII. Incertae Sedis;Mogibacterium	DYN_0036_D16	2241ef53	/home/Users/pacbio_bakeoff/data/DYN/illumina/DYN_0036_D16_St_M_20_S46_R2_001.fastq	0.0011286822408195	0.0001943577261927	996000	0.8033812054141286	8983435	0.023012948539961817	0.8445581228115955	DYN_0036_D16-report.csv.summarized	DYN_0036_D16	illumina	sourmash	default	sourmash_default
	84108	Slackia	Slackia	genus	0.02230772527435	abund_weighted	0.0002230772527435	Bacteria;Actinobacteria;Coriobacteriia;Eggerthellales;Eggerthellaceae;Slackia	DYN_0036_D16	2241ef53	/home/Users/pacbio_bakeoff/data/DYN/illumina/DYN_0036_D16_St_M_20_S46_R2_001.fastq	0.0010493571837338	0.0002230772527435	926000	0.8014948809303039	8983435	0.02641348732765243	0.8445581228115955	DYN_0036_D16-report.csv.summarized	DYN_0036_D16	illumina	sourmash	default	sourmash_default
	32207	Rothia	Rothia	genus	0.01453786886641	abund_weighted	0.0001453786886641	Bacteria;Actinobacteria;Actinomycetia;Micrococcales;Micrococcaceae;Rothia	DYN_0036_D16	2241ef53	/home/Users/pacbio_bakeoff/data/DYN/illumina/DYN_0036_D16_St_M_20_S46_R2_001.fastq	0.0008691759826391	0.0001453786886641	767000	0.796638955045484	8983435	0.017213580064818244	0.8445581228115955	DYN_0036_D16-report.csv.summarized	DYN_0036_D16	illumina	sourmash	default	sourmash_default
	203133	Propionimicrobium	Propionimicrobium	genus	0.01520576483271	abund_weighted	0.0001520576483271	Bacteria;Actinobacteria;Actinomycetia;Propionibacteriales;Propionibacteriaceae;Propionimicrobium	DYN_0036_D16	2241ef53	/home/Users/pacbio_bakeoff/data/DYN/illumina/DYN_0036_D16_St_M_20_S46_R2_001.fastq	0.0008567106165256	0.0001520576483271	756000	0.7962678225411247	8983435	0.018004403038702536	0.8445581228115955	DYN_0036_D16-report.csv.summarized	DYN_0036_D16	illumina	sourmash	default	sourmash_default
	184869	Varibaculum	Varibaculum	genus	0.01410373648832	abund_weighted	0.0001410373648832	Bacteria;Actinobacteria;Actinomycetia;Actinomycetales;Actinomycetaceae;Varibaculum	DYN_0036_D16	2241ef53	/home/Users/pacbio_bakeoff/data/DYN/illumina/DYN_0036_D16_St_M_20_S46_R2_001.fastq	0.0007807852047436	0.0001410373648832	689000	0.7938877178447004	8983435	0.016699545131799377	0.8445581228115955	DYN_0036_D16-report.csv.summarized	DYN_0036_D16	illumina	sourmash	default	sourmash_default
	724	Haemophilus	Haemophilus	genus	0.01004070269334	abund_weighted	0.0001004070269334	Bacteria;Proteobacteria;Gammaproteobacteria;Pasteurellales;Pasteurellaceae;Haemophilus	DYN_0036_D16	2241ef53	/home/Users/pacbio_bakeoff/data/DYN/illumina/DYN_0036_D16_St_M_20_S46_R2_001.fastq	0.0006844619211395	0.0001004070269334	604000	0.7905229693909861	8983435	0.01188870537401709	0.8445581228115955	DYN_0036_D16-report.csv.summarized	DYN_0036_D16	illumina	sourmash	default	sourmash_default
	909928	Negativicoccus	Negativicoccus	genus	0.009361675127609874	abund_weighted	9.361675127609874e-05	Bacteria;Firmicutes;Negativicutes;Veillonellales;Veillonellaceae;Negativicoccus	DYN_0036_D16	2241ef53	/home/Users/pacbio_bakeoff/data/DYN/illumina/DYN_0036_D16_St_M_20_S46_R2_001.fastq	0.0005530089693975	9.361675127609874e-05	488000	0.7851033751032159	8983435	0.011084702017244444	0.8445581228115955	DYN_0036_D16-report.csv.summarized	DYN_0036_D16	illumina	sourmash	default	sourmash_default
	1918542	Muricomes	Muricomes	genus	0.007435908424784061	abund_weighted	7.435908424784061e-05	Bacteria;Firmicutes;Clostridia;Eubacteriales;Lachnospiraceae;Muricomes	DYN_0036_D16	2241ef53	/home/Users/pacbio_bakeoff/data/DYN/illumina/DYN_0036_D16_St_M_20_S46_R2_001.fastq	0.0004940817841338	7.435908424784061e-05	436000	0.78225500363713	8983435	0.008804495775885005	0.8445581228115955	DYN_0036_D16-report.csv.summarized	DYN_0036_D16	illumina	sourmash	default	sourmash_default
	946234	Flavonifractor	Flavonifractor	genus	0.09852578662837999	abund_weighted	0.0009852578662838	Bacteria;Firmicutes;Clostridia;Eubacteriales;Oscillospiraceae;Flavonifractor	DYN_0036_D16	2241ef53	/home/Users/pacbio_bakeoff/data/DYN/illumina/DYN_0036_D16_St_M_20_S46_R2_001.fastq	0.0002243765900424	0.0009852578662838	198000	0.7625873524112394	8983435	0.11665956903046586	0.8445581228115955	DYN_0036_D16-report.csv.summarized	DYN_0036_D16	illumina	sourmash	default	sourmash_default
	254250	Isoptericola	Isoptericola	genus	0.0030389266466557614	abund_weighted	3.0389266466557613e-05	Bacteria;Actinobacteria;Actinomycetia;Micrococcales;Promicromonosporaceae;Isoptericola	DYN_0036_D16	2241ef53	/home/Users/pacbio_bakeoff/data/DYN/illumina/DYN_0036_D16_St_M_20_S46_R2_001.fastq	0.0001994458578155	3.0389266466557613e-05	176000	0.7596954351185201	8983435	0.0035982445311625835	0.8445581228115955	DYN_0036_D16-report.csv.summarized	DYN_0036_D16	illumina	sourmash	default	sourmash_default
	2692113	Gleimia	Gleimia	genus	0.002916479052834467	abund_weighted	2.916479052834467e-05	Bacteria;Actinobacteria;Actinomycetia;Actinomycetales;Actinomycetaceae;Gleimia	DYN_0036_D16	2241ef53	/home/Users/pacbio_bakeoff/data/DYN/illumina/DYN_0036_D16_St_M_20_S46_R2_001.fastq	0.0001937797823093	2.916479052834467e-05	171000	0.7589894808907128	8983435	0.003453260319284238	0.8445581228115955	DYN_0036_D16-report.csv.summarized	DYN_0036_D16	illumina	sourmash	default	sourmash_default
	906	Megasphaera	Megasphaera	genus	0.0018701087056343148	abund_weighted	1.870108705634315e-05	Bacteria;Firmicutes;Negativicutes;Veillonellales;Veillonellaceae;Megasphaera	DYN_0036_D16	2241ef53	/home/Users/pacbio_bakeoff/data/DYN/illumina/DYN_0036_D16_St_M_20_S46_R2_001.fastq	0.0001348525970457	1.870108705634315e-05	119000	0.75016492126427	8983435	0.0022143043268692823	0.8445581228115955	DYN_0036_D16-report.csv.summarized	DYN_0036_D16	illumina	sourmash	default	sourmash_default
	189330	Dorea	Dorea	genus	0.049446564704919996	abund_weighted	0.0004944656470492	Bacteria;Firmicutes;Clostridia;Eubacteriales;Lachnospiraceae;Dorea	DYN_0036_D16	2241ef53	/home/Users/pacbio_bakeoff/data/DYN/illumina/DYN_0036_D16_St_M_20_S46_R2_001.fastq	0.0001042557893126	0.0004944656470492	92000	0.7439634825626507	8983435	0.05854726083304815	0.8445581228115955	DYN_0036_D16-report.csv.summarized	DYN_0036_D16	illumina	sourmash	default	sourmash_default
	84162	Cryptobacterium	Cryptobacterium	genus	0.001358055131472538	abund_weighted	1.358055131472538e-05	Bacteria;Actinobacteria;Coriobacteriia;Eggerthellales;Eggerthellaceae;Cryptobacterium	DYN_0036_D16	2241ef53	/home/Users/pacbio_bakeoff/data/DYN/illumina/DYN_0036_D16_St_M_20_S46_R2_001.fastq	0.0001008561440089	1.358055131472538e-05	89000	0.743168293913255	8983435	0.001608006713559836	0.8445581228115955	DYN_0036_D16-report.csv.summarized	DYN_0036_D16	illumina	sourmash	default	sourmash_default
	2759736	Lacticaseibacillus	Lacticaseibacillus	genus	0.0010129755488852536	abund_weighted	1.0129755488852536e-05	Bacteria;Firmicutes;Bacilli;Lactobacillales;Lactobacillaceae;Lacticaseibacillus	DYN_0036_D16	2241ef53	/home/Users/pacbio_bakeoff/data/DYN/illumina/DYN_0036_D16_St_M_20_S46_R2_001.fastq	7.479219668081296e-05	1.0129755488852536e-05	66000	0.7360352093484344	8983435	0.001199414843720861	0.8445581228115955	DYN_0036_D16-report.csv.summarized	DYN_0036_D16	illumina	sourmash	default	sourmash_default
	1380	Atopobium	Atopobium	genus	0.003105716243285558	abund_weighted	3.105716243285558e-05	Bacteria;Actinobacteria;Coriobacteriia;Coriobacteriales;Atopobiaceae;Atopobium	DYN_0036_D16	2241ef53	/home/Users/pacbio_bakeoff/data/DYN/illumina/DYN_0036_D16_St_M_20_S46_R2_001.fastq	6.11936154661197e-05	3.105716243285558e-05	54000	0.7312860585241294	8983435	0.0036773268285507717	0.8445581228115955	DYN_0036_D16-report.csv.summarized	DYN_0036_D16	illumina	sourmash	default	sourmash_default
	4842	Rhizopus	Rhizopus	genus	0.007168750038264874	abund_weighted	7.168750038264873e-05	Eukaryota;Mucoromycota;Mucoromycetes;Mucorales;Rhizopodaceae;Rhizopus	DYN_0036_D16	2241ef53	/home/Users/pacbio_bakeoff/data/DYN/illumina/DYN_0036_D16_St_M_20_S46_R2_001.fastq	6.006040036489526e-05	7.168750038264873e-05	53000	0.730845246395021	8983435	0.00848816658633225	0.8445581228115955	DYN_0036_D16-report.csv.summarized	DYN_0036_D16	illumina	sourmash	default	sourmash_default
	375288	Parabacteroides	Parabacteroides	genus	0.01256757576584	abund_weighted	0.0001256757576584	Bacteria;Bacteroidetes;Bacteroidia;Bacteroidales;Tannerellaceae;Parabacteroides	DYN_0036_D16	2241ef53	/home/Users/pacbio_bakeoff/data/DYN/illumina/DYN_0036_D16_St_M_20_S46_R2_001.fastq	6.006040036489526e-05	0.0001256757576584	53000	0.730845246395021	8983435	0.014880652291877348	0.8445581228115955	DYN_0036_D16-report.csv.summarized	DYN_0036_D16	illumina	sourmash	default	sourmash_default
