taxid_raw	taxid	name_raw	name	rank	value	value_type	tax_abund_raw	seq_abund_raw	norm_abund	classified_fraction	sample_id	sample_id_core	assay	tool	db_mode	tool_db
0	0	AF33-28	AF33-28	genus	0.002	abund	0.002	0.0305	0.02055308347634854	0.097309	DYN_0004_D10.fastq	DYN_0004_D10	illumina	sylph	default	sylph_default
0	0	Bittarella	Bittarella	genus	0.0003	abund	0.0003	0.0028	0.0030829625214522805	0.097309	DYN_0004_D10.fastq	DYN_0004_D10	illumina	sylph	default	sylph_default
0	0	CABSLJ01	CABSLJ01	genus	0.001	abund	0.001	0.0074	0.01027654173817427	0.097309	DYN_0004_D10.fastq	DYN_0004_D10	illumina	sylph	default	sylph_default
0	0	CAG-170	CAG-170	genus	0.001	abund	0.001	0.0076	0.01027654173817427	0.097309	DYN_0004_D10.fastq	DYN_0004_D10	illumina	sylph	default	sylph_default
0	0	CAG-177	CAG-177	genus	0.4961	abund	0.4961	2.9934	5.098192356308255	0.097309	DYN_0004_D10.fastq	DYN_0004_D10	illumina	sylph	default	sylph_default
0	0	CAG-273	CAG-273	genus	0.0016	abund	0.0016	0.0063	0.016442466781078833	0.097309	DYN_0004_D10.fastq	DYN_0004_D10	illumina	sylph	default	sylph_default
0	0	CAG-314	CAG-314	genus	0.0005	abund	0.0005	0.002	0.005138270869087135	0.097309	DYN_0004_D10.fastq	DYN_0004_D10	illumina	sylph	default	sylph_default
0	0	CAG-349	CAG-349	genus	0.0077	abund	0.0077	0.0343	0.07912937138394188	0.097309	DYN_0004_D10.fastq	DYN_0004_D10	illumina	sylph	default	sylph_default
0	0	CAJFTX01	CAJFTX01	genus	0.0004	abund	0.0004	0.0022	0.004110616695269708	0.097309	DYN_0004_D10.fastq	DYN_0004_D10	illumina	sylph	default	sylph_default
0	0	CAJFUR01	CAJFUR01	genus	0.004	abund	0.004	0.0346	0.04110616695269708	0.097309	DYN_0004_D10.fastq	DYN_0004_D10	illumina	sylph	default	sylph_default
0	0	CAJTWN01	CAJTWN01	genus	0.0003	abund	0.0003	0.002	0.0030829625214522805	0.097309	DYN_0004_D10.fastq	DYN_0004_D10	illumina	sylph	default	sylph_default
0	0	CAKTXU01	CAKTXU01	genus	0.0028	abund	0.0028	0.0283999999999999	0.02877431686688795	0.097309	DYN_0004_D10.fastq	DYN_0004_D10	illumina	sylph	default	sylph_default
0	0	CAKXIK01	CAKXIK01	genus	0.0012	abund	0.0012	0.0067	0.012331850085809122	0.097309	DYN_0004_D10.fastq	DYN_0004_D10	illumina	sylph	default	sylph_default
0	0	CALVVN01	CALVVN01	genus	0.0036	abund	0.0036	0.0093	0.036995550257427366	0.097309	DYN_0004_D10.fastq	DYN_0004_D10	illumina	sylph	default	sylph_default
0	0	CALWKX01	CALWKX01	genus	0.0013	abund	0.0013	0.006	0.01335950425962655	0.097309	DYN_0004_D10.fastq	DYN_0004_D10	illumina	sylph	default	sylph_default
0	0	CALXDZ01	CALXDZ01	genus	0.0016	abund	0.0016	0.011	0.016442466781078833	0.097309	DYN_0004_D10.fastq	DYN_0004_D10	illumina	sylph	default	sylph_default
0	0	CALXRW01	CALXRW01	genus	0.0067	abund	0.0067	0.0278	0.06885282964576761	0.097309	DYN_0004_D10.fastq	DYN_0004_D10	illumina	sylph	default	sylph_default
0	0	CALXSV01	CALXSV01	genus	0.0007	abund	0.0007	0.0039	0.007193579216721988	0.097309	DYN_0004_D10.fastq	DYN_0004_D10	illumina	sylph	default	sylph_default
0	0	CHH4-2	CHH4-2	genus	0.0006	abund	0.0006	0.0096	0.006165925042904561	0.097309	DYN_0004_D10.fastq	DYN_0004_D10	illumina	sylph	default	sylph_default
0	0	DXTB01	DXTB01	genus	0.0235	abund	0.0235	0.0994	0.24149873084709533	0.097309	DYN_0004_D10.fastq	DYN_0004_D10	illumina	sylph	default	sylph_default
0	0	HGM11327	HGM11327	genus	0.0005	abund	0.0005	0.0023	0.005138270869087135	0.097309	DYN_0004_D10.fastq	DYN_0004_D10	illumina	sylph	default	sylph_default
0	0	HGM11616	HGM11616	genus	0.0009	abund	0.0009	0.0054	0.009248887564356842	0.097309	DYN_0004_D10.fastq	DYN_0004_D10	illumina	sylph	default	sylph_default
0	0	HGM12998	HGM12998	genus	0.0004	abund	0.0004	0.0033	0.004110616695269708	0.097309	DYN_0004_D10.fastq	DYN_0004_D10	illumina	sylph	default	sylph_default
0	0	HGM13010	HGM13010	genus	0.0012	abund	0.0012	0.0059	0.012331850085809122	0.097309	DYN_0004_D10.fastq	DYN_0004_D10	illumina	sylph	default	sylph_default
0	0	HGM13222	HGM13222	genus	0.0004	abund	0.0004	0.0035	0.004110616695269708	0.097309	DYN_0004_D10.fastq	DYN_0004_D10	illumina	sylph	default	sylph_default
0	0	HGM13862	HGM13862	genus	0.0008	abund	0.0008	0.0038	0.008221233390539416	0.097309	DYN_0004_D10.fastq	DYN_0004_D10	illumina	sylph	default	sylph_default
0	0	JAGZMM01	JAGZMM01	genus	0.0007	abund	0.0007	0.0042	0.007193579216721988	0.097309	DYN_0004_D10.fastq	DYN_0004_D10	illumina	sylph	default	sylph_default
0	0	Pseudoscilispira	Pseudoscilispira	genus	0.0015	abund	0.0015	0.0116	0.015414812607261404	0.097309	DYN_0004_D10.fastq	DYN_0004_D10	illumina	sylph	default	sylph_default
0	0	QAKD01	QAKD01	genus	0.0001	abund	0.0001	0.0007	0.001027654173817427	0.097309	DYN_0004_D10.fastq	DYN_0004_D10	illumina	sylph	default	sylph_default
0	0	QANA01	QANA01	genus	0.0007	abund	0.0007	0.0044	0.007193579216721988	0.097309	DYN_0004_D10.fastq	DYN_0004_D10	illumina	sylph	default	sylph_default
0	0	QAND01	QAND01	genus	0.0034	abund	0.0034	0.0145	0.034940241909792516	0.097309	DYN_0004_D10.fastq	DYN_0004_D10	illumina	sylph	default	sylph_default
0	0	RGIG7193	RGIG7193	genus	0.0007	abund	0.0007	0.0057	0.007193579216721988	0.097309	DYN_0004_D10.fastq	DYN_0004_D10	illumina	sylph	default	sylph_default
0	0	RGIG9041	RGIG9041	genus	0.0007	abund	0.0007	0.0039	0.007193579216721988	0.097309	DYN_0004_D10.fastq	DYN_0004_D10	illumina	sylph	default	sylph_default
0	0	S5-A14a	S5-A14a	genus	0.0003	abund	0.0003	0.0012	0.0030829625214522805	0.097309	DYN_0004_D10.fastq	DYN_0004_D10	illumina	sylph	default	sylph_default
0	0	UBA10677	UBA10677	genus	0.0039	abund	0.0039	0.0174	0.040078512778879645	0.097309	DYN_0004_D10.fastq	DYN_0004_D10	illumina	sylph	default	sylph_default
0	0	UBA3818	UBA3818	genus	0.0011	abund	0.0011	0.0052	0.011304195911991697	0.097309	DYN_0004_D10.fastq	DYN_0004_D10	illumina	sylph	default	sylph_default
0	0	UBA7185	UBA7185	genus	0.0056	abund	0.0056	0.0365	0.0575486337337759	0.097309	DYN_0004_D10.fastq	DYN_0004_D10	illumina	sylph	default	sylph_default
0	0	UMGS1071	UMGS1071	genus	0.0362	abund	0.0362	0.2048	0.3720108109219086	0.097309	DYN_0004_D10.fastq	DYN_0004_D10	illumina	sylph	default	sylph_default
0	0	UMGS1264	UMGS1264	genus	0.0003	abund	0.0003	0.0022	0.0030829625214522805	0.097309	DYN_0004_D10.fastq	DYN_0004_D10	illumina	sylph	default	sylph_default
0	0	UMGS1322	UMGS1322	genus	0.001	abund	0.001	0.0066	0.01027654173817427	0.097309	DYN_0004_D10.fastq	DYN_0004_D10	illumina	sylph	default	sylph_default
0	0	UMGS1370	UMGS1370	genus	0.0009	abund	0.0009	0.0077	0.009248887564356842	0.097309	DYN_0004_D10.fastq	DYN_0004_D10	illumina	sylph	default	sylph_default
0	0	UMGS1591	UMGS1591	genus	0.0272	abund	0.0272	0.2356	0.27952193527834013	0.097309	DYN_0004_D10.fastq	DYN_0004_D10	illumina	sylph	default	sylph_default
0	0	UMGS1623	UMGS1623	genus	0.066	abund	0.066	0.5195	0.6782517547195018	0.097309	DYN_0004_D10.fastq	DYN_0004_D10	illumina	sylph	default	sylph_default
0	0	UMGS1766	UMGS1766	genus	0.0023	abund	0.0023	0.0185	0.02363604599780082	0.097309	DYN_0004_D10.fastq	DYN_0004_D10	illumina	sylph	default	sylph_default
0	0	UMGS1783	UMGS1783	genus	0.0005	abund	0.0005	0.0034	0.005138270869087135	0.097309	DYN_0004_D10.fastq	DYN_0004_D10	illumina	sylph	default	sylph_default
0	0	UMGS1851	UMGS1851	genus	0.0103	abund	0.0103	0.0808	0.10584837990319498	0.097309	DYN_0004_D10.fastq	DYN_0004_D10	illumina	sylph	default	sylph_default
0	0	UMGS1975	UMGS1975	genus	0.0005	abund	0.0005	0.0024	0.005138270869087135	0.097309	DYN_0004_D10.fastq	DYN_0004_D10	illumina	sylph	default	sylph_default
0	0	UMGS775	UMGS775	genus	0.0062	abund	0.0062	0.0355	0.06371455877668047	0.097309	DYN_0004_D10.fastq	DYN_0004_D10	illumina	sylph	default	sylph_default
0	0	UMGS856	UMGS856	genus	0.0008	abund	0.0008	0.0087	0.008221233390539416	0.097309	DYN_0004_D10.fastq	DYN_0004_D10	illumina	sylph	default	sylph_default
0	0	UMGS946	UMGS946	genus	0.0063	abund	0.0063	0.0356	0.0647422129504979	0.097309	DYN_0004_D10.fastq	DYN_0004_D10	illumina	sylph	default	sylph_default
0	0	Woodwardibium	Woodwardibium	genus	0.0044	abund	0.0044	0.0296	0.04521678364796679	0.097309	DYN_0004_D10.fastq	DYN_0004_D10	illumina	sylph	default	sylph_default
194	194	Campylobacter_B	Campylobacter	genus	0.0005	abund	0.0005	0.0027	0.005138270869087135	0.097309	DYN_0004_D10.fastq	DYN_0004_D10	illumina	sylph	default	sylph_default
286	286	Pseudomonas	Pseudomonas	genus	0.0005	abund	0.0005	0.0083	0.005138270869087135	0.097309	DYN_0004_D10.fastq	DYN_0004_D10	illumina	sylph	default	sylph_default
544	544	Citrobacter	Citrobacter	genus	0.001	abund	0.001	0.014	0.01027654173817427	0.097309	DYN_0004_D10.fastq	DYN_0004_D10	illumina	sylph	default	sylph_default
547	547	Enterobacter	Enterobacter	genus	0.0015	abund	0.0015	0.0216	0.015414812607261404	0.097309	DYN_0004_D10.fastq	DYN_0004_D10	illumina	sylph	default	sylph_default
561	561	Escherichia	Escherichia	genus	0.0192	abund	0.0192	0.2816	0.19730960137294595	0.097309	DYN_0004_D10.fastq	DYN_0004_D10	illumina	sylph	default	sylph_default
570	570	Klebsiella	Klebsiella	genus	0.0009	abund	0.0009	0.0151	0.009248887564356842	0.097309	DYN_0004_D10.fastq	DYN_0004_D10	illumina	sylph	default	sylph_default
816	816	Bacteroides	Bacteroides	genus	1.3385999999999998	abund	1.3385999999999998	20.4797	13.756178770720076	0.097309	DYN_0004_D10.fastq	DYN_0004_D10	illumina	sylph	default	sylph_default
836	836	Porphyromonas	Porphyromonas	genus	0.0055	abund	0.0055	0.0328	0.056520979559958474	0.097309	DYN_0004_D10.fastq	DYN_0004_D10	illumina	sylph	default	sylph_default
838	838	Prevotella	Prevotella	genus	0.019	abund	0.019	0.1308	0.1952542930253111	0.097309	DYN_0004_D10.fastq	DYN_0004_D10	illumina	sylph	default	sylph_default
841	841	Roseburia	Roseburia	genus	0.0268	abund	0.0268	0.3436999999999999	0.27541131858307044	0.097309	DYN_0004_D10.fastq	DYN_0004_D10	illumina	sylph	default	sylph_default
846	846	Oxalobacter	Oxalobacter	genus	0.0071	abund	0.0071	0.0495	0.07296344634103732	0.097309	DYN_0004_D10.fastq	DYN_0004_D10	illumina	sylph	default	sylph_default
872	872	Desulfovibrio	Desulfovibrio	genus	0.604	abund	0.604	6.0461	6.207031209857258	0.097309	DYN_0004_D10.fastq	DYN_0004_D10	illumina	sylph	default	sylph_default
1257	1257	Peptostreptococcus	Peptostreptococcus	genus	0.0003	abund	0.0003	0.0016	0.0030829625214522805	0.097309	DYN_0004_D10.fastq	DYN_0004_D10	illumina	sylph	default	sylph_default
1263	1263	Ruminococcus_E	Ruminococcus	genus	0.0349999999999999	abund	0.0349999999999999	0.2448	0.3596789608360984	0.097309	DYN_0004_D10.fastq	DYN_0004_D10	illumina	sylph	default	sylph_default
1301	1301	Streptococcus	Streptococcus	genus	0.0094	abund	0.0094	0.0571	0.09659949233883813	0.097309	DYN_0004_D10.fastq	DYN_0004_D10	illumina	sylph	default	sylph_default
1485	1485	Clostridium_AP	Clostridium	genus	0.034999999999999996	abund	0.034999999999999996	0.3754	0.3596789608360994	0.097309	DYN_0004_D10.fastq	DYN_0004_D10	illumina	sylph	default	sylph_default
1654	1654	Actinomyces	Actinomyces	genus	0.0007	abund	0.0007	0.0065	0.007193579216721988	0.097309	DYN_0004_D10.fastq	DYN_0004_D10	illumina	sylph	default	sylph_default
1730	1730	Eubacterium	Eubacterium	genus	0.0078	abund	0.0078	0.0857	0.08015702555775929	0.097309	DYN_0004_D10.fastq	DYN_0004_D10	illumina	sylph	default	sylph_default
1743	1743	Propionibacterium	Propionibacterium	genus	0.0012	abund	0.0012	0.0096	0.012331850085809122	0.097309	DYN_0004_D10.fastq	DYN_0004_D10	illumina	sylph	default	sylph_default
2172	2172	Methanobrevibacter_A	Methanobrevibacter	genus	0.1432	abund	0.1432	0.7721	1.4716007769065553	0.097309	DYN_0004_D10.fastq	DYN_0004_D10	illumina	sylph	default	sylph_default
28050	28050	Lachnospira	Lachnospira	genus	0.0258	abund	0.0258	0.2266	0.26513477684489617	0.097309	DYN_0004_D10.fastq	DYN_0004_D10	illumina	sylph	default	sylph_default
29465	29465	Veillonella	Veillonella	genus	0.001	abund	0.001	0.0057	0.01027654173817427	0.097309	DYN_0004_D10.fastq	DYN_0004_D10	illumina	sylph	default	sylph_default
32207	32207	Rothia	Rothia	genus	0.0038	abund	0.0038	0.0252	0.03905085860506222	0.097309	DYN_0004_D10.fastq	DYN_0004_D10	illumina	sylph	default	sylph_default
35832	35832	Bilophila	Bilophila	genus	0.0019	abund	0.0019	0.0252	0.01952542930253111	0.097309	DYN_0004_D10.fastq	DYN_0004_D10	illumina	sylph	default	sylph_default
39948	39948	Dialister	Dialister	genus	0.3273	abund	0.3273	1.8056	3.363512110904438	0.097309	DYN_0004_D10.fastq	DYN_0004_D10	illumina	sylph	default	sylph_default
47670	47670	Lautropia	Lautropia	genus	0.0003	abund	0.0003	0.0026	0.0030829625214522805	0.097309	DYN_0004_D10.fastq	DYN_0004_D10	illumina	sylph	default	sylph_default
61170	61170	Holdemania	Holdemania	genus	0.002	abund	0.002	0.0233	0.02055308347634854	0.097309	DYN_0004_D10.fastq	DYN_0004_D10	illumina	sylph	default	sylph_default
84108	84108	Slackia	Slackia	genus	0.0015	abund	0.0015	0.0091	0.015414812607261404	0.097309	DYN_0004_D10.fastq	DYN_0004_D10	illumina	sylph	default	sylph_default
84111	84111	Eggerthella	Eggerthella	genus	0.0013	abund	0.0013	0.0141	0.01335950425962655	0.097309	DYN_0004_D10.fastq	DYN_0004_D10	illumina	sylph	default	sylph_default
86331	86331	Mogibacterium	Mogibacterium	genus	0.0016	abund	0.0016	0.0084	0.016442466781078833	0.097309	DYN_0004_D10.fastq	DYN_0004_D10	illumina	sylph	default	sylph_default
102106	102106	Collinsella	Collinsella	genus	0.0384	abund	0.0384	0.2024	0.3946192027458919	0.097309	DYN_0004_D10.fastq	DYN_0004_D10	illumina	sylph	default	sylph_default
165779	165779	Anaerococcus	Anaerococcus	genus	0.0004	abund	0.0004	0.0023	0.004110616695269708	0.097309	DYN_0004_D10.fastq	DYN_0004_D10	illumina	sylph	default	sylph_default
172900	172900	Victivallis	Victivallis	genus	0.0009	abund	0.0009	0.0132	0.009248887564356842	0.097309	DYN_0004_D10.fastq	DYN_0004_D10	illumina	sylph	default	sylph_default
184869	184869	Varibaculum	Varibaculum	genus	0.0003	abund	0.0003	0.0022	0.0030829625214522805	0.097309	DYN_0004_D10.fastq	DYN_0004_D10	illumina	sylph	default	sylph_default
189330	189330	Dorea_D	Dorea	genus	0.0156	abund	0.0156	0.1061	0.16031405111551858	0.097309	DYN_0004_D10.fastq	DYN_0004_D10	illumina	sylph	default	sylph_default
204475	204475	Gemmiger	Gemmiger	genus	0.0272	abund	0.0272	0.1629	0.27952193527834013	0.097309	DYN_0004_D10.fastq	DYN_0004_D10	illumina	sylph	default	sylph_default
207244	207244	Anaerostipes	Anaerostipes	genus	0.0006	abund	0.0006	0.0043999999999999	0.006165925042904561	0.097309	DYN_0004_D10.fastq	DYN_0004_D10	illumina	sylph	default	sylph_default
216851	216851	Faecalibacterium	Faecalibacterium	genus	0.0157	abund	0.0157	0.1388	0.161341705289336	0.097309	DYN_0004_D10.fastq	DYN_0004_D10	illumina	sylph	default	sylph_default
239759	239759	Alistipes	Alistipes	genus	0.5725999999999999	abund	0.5725999999999999	5.5482000000000005	5.8843477992785855	0.097309	DYN_0004_D10.fastq	DYN_0004_D10	illumina	sylph	default	sylph_default
239934	239934	Akkermansia	Akkermansia	genus	3.0124	abund	3.0124	23.3491	30.95705433207617	0.097309	DYN_0004_D10.fastq	DYN_0004_D10	illumina	sylph	default	sylph_default
244127	244127	Anaerotruncus	Anaerotruncus	genus	0.115	abund	0.115	1.0562	1.181802299890041	0.097309	DYN_0004_D10.fastq	DYN_0004_D10	illumina	sylph	default	sylph_default
264995	264995	Anaerofustis	Anaerofustis	genus	0.0013	abund	0.0013	0.0086	0.01335950425962655	0.097309	DYN_0004_D10.fastq	DYN_0004_D10	illumina	sylph	default	sylph_default
283168	283168	Odoribacter	Odoribacter	genus	0.0163	abund	0.0163	0.2083	0.1675076303322406	0.097309	DYN_0004_D10.fastq	DYN_0004_D10	illumina	sylph	default	sylph_default
375288	375288	Parabacteroides	Parabacteroides	genus	0.2409	abund	0.2409	3.1666000000000003	2.4756189047261814	0.097309	DYN_0004_D10.fastq	DYN_0004_D10	illumina	sylph	default	sylph_default
397864	397864	Barnesiella	Barnesiella	genus	0.0146	abund	0.0146	0.1458	0.15003750937734434	0.097309	DYN_0004_D10.fastq	DYN_0004_D10	illumina	sylph	default	sylph_default
419014	419014	Alloscardovia	Alloscardovia	genus	0.0018	abund	0.0018	0.0099	0.018497775128713683	0.097309	DYN_0004_D10.fastq	DYN_0004_D10	illumina	sylph	default	sylph_default
420345	420345	Lactonifactor	Lactonifactor	genus	0.0006	abund	0.0006	0.0085	0.006165925042904561	0.097309	DYN_0004_D10.fastq	DYN_0004_D10	illumina	sylph	default	sylph_default
447020	447020	Adlercreutzia	Adlercreutzia	genus	0.0036	abund	0.0036	0.0296	0.036995550257427366	0.097309	DYN_0004_D10.fastq	DYN_0004_D10	illumina	sylph	default	sylph_default
508459	508459	Cloacibacillus	Cloacibacillus	genus	0.0036	abund	0.0036	0.0364	0.036995550257427366	0.097309	DYN_0004_D10.fastq	DYN_0004_D10	illumina	sylph	default	sylph_default
572511	572511	Blautia_A	Blautia	genus	0.0435999999999998	abund	0.0435999999999998	0.5475	0.4480572197843961	0.097309	DYN_0004_D10.fastq	DYN_0004_D10	illumina	sylph	default	sylph_default
574697	574697	Butyricimonas	Butyricimonas	genus	0.0072	abund	0.0072	0.1079	0.07399110051485473	0.097309	DYN_0004_D10.fastq	DYN_0004_D10	illumina	sylph	default	sylph_default
577310	577310	Parasutterella	Parasutterella	genus	0.0362	abund	0.0362	0.2979	0.3720108109219086	0.097309	DYN_0004_D10.fastq	DYN_0004_D10	illumina	sylph	default	sylph_default
644652	644652	Gordonibacter	Gordonibacter	genus	0.0083	abund	0.0083	0.0871	0.08529529642684643	0.097309	DYN_0004_D10.fastq	DYN_0004_D10	illumina	sylph	default	sylph_default
909656	909656	Phocaeicola	Phocaeicola	genus	0.3761	abund	0.3761	6.0972	3.865007347727343	0.097309	DYN_0004_D10.fastq	DYN_0004_D10	illumina	sylph	default	sylph_default
946234	946234	Flavonifractor	Flavonifractor	genus	0.0259	abund	0.0259	0.288	0.26616243101871356	0.097309	DYN_0004_D10.fastq	DYN_0004_D10	illumina	sylph	default	sylph_default
990721	990721	Christensenella	Christensenella	genus	0.0017	abund	0.0017	0.0133	0.017470120954896258	0.097309	DYN_0004_D10.fastq	DYN_0004_D10	illumina	sylph	default	sylph_default
1331051	1331051	Saccharimonas	Saccharimonas	genus	0.0004	abund	0.0004	0.001	0.004110616695269708	0.097309	DYN_0004_D10.fastq	DYN_0004_D10	illumina	sylph	default	sylph_default
1392389	1392389	Intestinimonas	Intestinimonas	genus	0.0304	abund	0.0304	0.2783	0.3124068688404978	0.097309	DYN_0004_D10.fastq	DYN_0004_D10	illumina	sylph	default	sylph_default
1427378	1427378	Acetatifactor	Acetatifactor	genus	0.001	abund	0.001	0.0124	0.01027654173817427	0.097309	DYN_0004_D10.fastq	DYN_0004_D10	illumina	sylph	default	sylph_default
1432051	1432051	Eisenbergiella	Eisenbergiella	genus	0.0149	abund	0.0149	0.3275	0.1531204718987966	0.097309	DYN_0004_D10.fastq	DYN_0004_D10	illumina	sylph	default	sylph_default
1501226	1501226	Romboutsia	Romboutsia	genus	0.0004	abund	0.0004	0.0036	0.004110616695269708	0.097309	DYN_0004_D10.fastq	DYN_0004_D10	illumina	sylph	default	sylph_default
1506553	1506553	Lachnoclostridium_B	Lachnoclostridium	genus	0.0086	abund	0.0086	0.0749	0.08837825894829872	0.097309	DYN_0004_D10.fastq	DYN_0004_D10	illumina	sylph	default	sylph_default
1508657	1508657	Ruminiclostridium_E	Ruminiclostridium	genus	0.0003	abund	0.0003	0.0023	0.0030829625214522805	0.097309	DYN_0004_D10.fastq	DYN_0004_D10	illumina	sylph	default	sylph_default
1573536	1573536	Faecalicoccus	Faecalicoccus	genus	0.3069	abund	0.3069	1.779	3.1538706594456833	0.097309	DYN_0004_D10.fastq	DYN_0004_D10	illumina	sylph	default	sylph_default
1649459	1649459	Hungatella	Hungatella	genus	0.0024	abund	0.0024	0.047	0.024663700171618244	0.097309	DYN_0004_D10.fastq	DYN_0004_D10	illumina	sylph	default	sylph_default
1686313	1686313	Fenollaria	Fenollaria	genus	0.0027	abund	0.0027	0.0125	0.02774666269307053	0.097309	DYN_0004_D10.fastq	DYN_0004_D10	illumina	sylph	default	sylph_default
1766253	1766253	Agathobacter	Agathobacter	genus	0.0142	abund	0.0142	0.1399	0.14592689268207465	0.097309	DYN_0004_D10.fastq	DYN_0004_D10	illumina	sylph	default	sylph_default
1769710	1769710	Sellimonas	Sellimonas	genus	0.0035	abund	0.0035	0.0328	0.035967896083609945	0.097309	DYN_0004_D10.fastq	DYN_0004_D10	illumina	sylph	default	sylph_default
1774128	1774128	Murimonas	Murimonas	genus	0.0003	abund	0.0003	0.0053	0.0030829625214522805	0.097309	DYN_0004_D10.fastq	DYN_0004_D10	illumina	sylph	default	sylph_default
1892380	1892380	Harryflintia	Harryflintia	genus	0.0076	abund	0.0076	0.0652	0.07810171721012445	0.097309	DYN_0004_D10.fastq	DYN_0004_D10	illumina	sylph	default	sylph_default
1905344	1905344	Ruthenibacterium	Ruthenibacterium	genus	0.2695	abund	0.2695	2.9368	2.7695279984379657	0.097309	DYN_0004_D10.fastq	DYN_0004_D10	illumina	sylph	default	sylph_default
1918385	1918385	Acutalibacter	Acutalibacter	genus	0.0408	abund	0.0408	0.3763	0.4192829029175102	0.097309	DYN_0004_D10.fastq	DYN_0004_D10	illumina	sylph	default	sylph_default
1918450	1918450	Cuneatibacter	Cuneatibacter	genus	0.0012	abund	0.0012	0.0126	0.012331850085809122	0.097309	DYN_0004_D10.fastq	DYN_0004_D10	illumina	sylph	default	sylph_default
1918511	1918511	Frisingicoccus	Frisingicoccus	genus	0.0099	abund	0.0099	0.0629	0.10173776320792528	0.097309	DYN_0004_D10.fastq	DYN_0004_D10	illumina	sylph	default	sylph_default
1918536	1918536	Longicatena	Longicatena	genus	0.0105	abund	0.0105	0.0898	0.10790368825082984	0.097309	DYN_0004_D10.fastq	DYN_0004_D10	illumina	sylph	default	sylph_default
1918538	1918538	Longibaculum	Longibaculum	genus	0.0005	abund	0.0005	0.0047	0.005138270869087135	0.097309	DYN_0004_D10.fastq	DYN_0004_D10	illumina	sylph	default	sylph_default
1918542	1918542	Muricomes	Muricomes	genus	0.0013	abund	0.0013	0.0206	0.01335950425962655	0.097309	DYN_0004_D10.fastq	DYN_0004_D10	illumina	sylph	default	sylph_default
1924093	1924093	Anaeromassilibacillus	Anaeromassilibacillus	genus	0.0032	abund	0.0032	0.0235	0.032884933562157666	0.097309	DYN_0004_D10.fastq	DYN_0004_D10	illumina	sylph	default	sylph_default
1926556	1926556	Emergencia	Emergencia	genus	0.0015	abund	0.0015	0.0108	0.015414812607261404	0.097309	DYN_0004_D10.fastq	DYN_0004_D10	illumina	sylph	default	sylph_default
1926677	1926677	Raoultibacter	Raoultibacter	genus	0.0003	abund	0.0003	0.0029	0.0030829625214522805	0.097309	DYN_0004_D10.fastq	DYN_0004_D10	illumina	sylph	default	sylph_default
1929083	1929083	Tidjanibacter	Tidjanibacter	genus	0.0021	abund	0.0021	0.0144	0.021580737650165965	0.097309	DYN_0004_D10.fastq	DYN_0004_D10	illumina	sylph	default	sylph_default
1935200	1935200	Merdibacter	Merdibacter	genus	0.0071	abund	0.0071	0.0465	0.07296344634103732	0.097309	DYN_0004_D10.fastq	DYN_0004_D10	illumina	sylph	default	sylph_default
1940255	1940255	Fournierella	Fournierella	genus	0.0040999999999999	abund	0.0040999999999999	0.034	0.042133821126513475	0.097309	DYN_0004_D10.fastq	DYN_0004_D10	illumina	sylph	default	sylph_default
1980693	1980693	Negativibacillus	Negativibacillus	genus	0.0220999999999999	abund	0.0220999999999999	0.1809	0.22711157241365035	0.097309	DYN_0004_D10.fastq	DYN_0004_D10	illumina	sylph	default	sylph_default
1981028	1981028	Mailhella	Mailhella	genus	0.0335	abund	0.0335	0.2376	0.34426414822883805	0.097309	DYN_0004_D10.fastq	DYN_0004_D10	illumina	sylph	default	sylph_default
2005355	2005355	Faecalimonas	Faecalimonas	genus	0.0006	abund	0.0006	0.0052	0.006165925042904561	0.097309	DYN_0004_D10.fastq	DYN_0004_D10	illumina	sylph	default	sylph_default
2039240	2039240	Anaerotignum	Anaerotignum	genus	0.0002	abund	0.0002	0.002	0.002055308347634854	0.097309	DYN_0004_D10.fastq	DYN_0004_D10	illumina	sylph	default	sylph_default
2039302	2039302	Monoglobus	Monoglobus	genus	0.0018	abund	0.0018	0.0122	0.018497775128713683	0.097309	DYN_0004_D10.fastq	DYN_0004_D10	illumina	sylph	default	sylph_default
2048137	2048137	Agathobaculum	Agathobaculum	genus	0.0259	abund	0.0259	0.1623	0.26616243101871356	0.097309	DYN_0004_D10.fastq	DYN_0004_D10	illumina	sylph	default	sylph_default
2172004	2172004	Lawsonibacter	Lawsonibacter	genus	0.0458999999999999	abund	0.0458999999999999	0.4588	0.47169326578219795	0.097309	DYN_0004_D10.fastq	DYN_0004_D10	illumina	sylph	default	sylph_default
2211178	2211178	Evtepia	Evtepia	genus	0.0113	abund	0.0113	0.0823	0.11612492164136923	0.097309	DYN_0004_D10.fastq	DYN_0004_D10	illumina	sylph	default	sylph_default
2316020	2316020	Mediterraneibacter	Mediterraneibacter	genus	0.0981999999999999	abund	0.0981999999999999	0.7317999999999999	1.0091563986887122	0.097309	DYN_0004_D10.fastq	DYN_0004_D10	illumina	sylph	default	sylph_default
2508948	2508948	Borkfalkia	Borkfalkia	genus	0.0005	abund	0.0005	0.0041	0.005138270869087135	0.097309	DYN_0004_D10.fastq	DYN_0004_D10	illumina	sylph	default	sylph_default
2569097	2569097	Anaerobutyricum	Anaerobutyricum	genus	0.0255	abund	0.0255	0.1726	0.2620518143234439	0.097309	DYN_0004_D10.fastq	DYN_0004_D10	illumina	sylph	default	sylph_default
2591381	2591381	Dysosmobacter	Dysosmobacter	genus	0.073	abund	0.073	0.6853000000000001	0.7501875468867216	0.097309	DYN_0004_D10.fastq	DYN_0004_D10	illumina	sylph	default	sylph_default
2717089	2717089	Massilistercora	Massilistercora	genus	0.026	abund	0.026	0.2091	0.267190085192531	0.097309	DYN_0004_D10.fastq	DYN_0004_D10	illumina	sylph	default	sylph_default
2719313	2719313	Enterocloster	Enterocloster	genus	0.081	abund	0.081	1.5561	0.8323998807921158	0.097309	DYN_0004_D10.fastq	DYN_0004_D10	illumina	sylph	default	sylph_default
2720795	2720795	Allochristensenella	Allochristensenella	genus	0.0006	abund	0.0006	0.0032	0.006165925042904561	0.097309	DYN_0004_D10.fastq	DYN_0004_D10	illumina	sylph	default	sylph_default
2720799	2720799	Aristotella	Aristotella	genus	0.0004	abund	0.0004	0.0023	0.004110616695269708	0.097309	DYN_0004_D10.fastq	DYN_0004_D10	illumina	sylph	default	sylph_default
2720800	2720800	Avimicrobium	Avimicrobium	genus	0.0034	abund	0.0034	0.0195	0.034940241909792516	0.097309	DYN_0004_D10.fastq	DYN_0004_D10	illumina	sylph	default	sylph_default
2720801	2720801	Avimonas_A	Avimonas	genus	0.0039	abund	0.0039	0.0287	0.040078512778879645	0.097309	DYN_0004_D10.fastq	DYN_0004_D10	illumina	sylph	default	sylph_default
2720802	2720802	Avispirillum	Avispirillum	genus	0.0007	abund	0.0007	0.0037	0.007193579216721988	0.097309	DYN_0004_D10.fastq	DYN_0004_D10	illumina	sylph	default	sylph_default
2720809	2720809	Alangreenwoodia	Alangreenwoodia	genus	0.0008	abund	0.0008	0.0051	0.008221233390539416	0.097309	DYN_0004_D10.fastq	DYN_0004_D10	illumina	sylph	default	sylph_default
2721100	2721100	Heritagella	Heritagella	genus	0.0028	abund	0.0028	0.0165	0.02877431686688795	0.097309	DYN_0004_D10.fastq	DYN_0004_D10	illumina	sylph	default	sylph_default
2721107	2721107	Metalachnospira	Metalachnospira	genus	0.0005	abund	0.0005	0.0036	0.005138270869087135	0.097309	DYN_0004_D10.fastq	DYN_0004_D10	illumina	sylph	default	sylph_default
2721108	2721108	Metaruminococcus_A	Metaruminococcus	genus	0.0011	abund	0.0011	0.0082	0.011304195911991697	0.097309	DYN_0004_D10.fastq	DYN_0004_D10	illumina	sylph	default	sylph_default
2721110	2721110	Neochristensenella	Neochristensenella	genus	0.0005	abund	0.0005	0.0035	0.005138270869087135	0.097309	DYN_0004_D10.fastq	DYN_0004_D10	illumina	sylph	default	sylph_default
2721113	2721113	Parachristensenella	Parachristensenella	genus	0.0015	abund	0.0015	0.0129	0.015414812607261404	0.097309	DYN_0004_D10.fastq	DYN_0004_D10	illumina	sylph	default	sylph_default
2721117	2721117	Pseudobutyricicoccus	Pseudobutyricicoccus	genus	0.0019	abund	0.0019	0.0171	0.01952542930253111	0.097309	DYN_0004_D10.fastq	DYN_0004_D10	illumina	sylph	default	sylph_default
2721118	2721118	Pseudolachnospira	Pseudolachnospira	genus	0.0004	abund	0.0004	0.0035	0.004110616695269708	0.097309	DYN_0004_D10.fastq	DYN_0004_D10	illumina	sylph	default	sylph_default
2721119	2721119	Pseudoruminococcus_B	Pseudoruminococcus	genus	0.0002	abund	0.0002	0.0015	0.002055308347634854	0.097309	DYN_0004_D10.fastq	DYN_0004_D10	illumina	sylph	default	sylph_default
2721122	2721122	Schneewindia	Schneewindia	genus	0.0017	abund	0.0017	0.0087	0.017470120954896258	0.097309	DYN_0004_D10.fastq	DYN_0004_D10	illumina	sylph	default	sylph_default
2740557	2740557	Pauljensenia	Pauljensenia	genus	0.0005	abund	0.0005	0.0040999999999999	0.005138270869087135	0.097309	DYN_0004_D10.fastq	DYN_0004_D10	illumina	sylph	default	sylph_default
2764317	2764317	Hydrogeniiclostridium	Hydrogeniiclostridium	genus	0.0024	abund	0.0024	0.0215	0.024663700171618244	0.097309	DYN_0004_D10.fastq	DYN_0004_D10	illumina	sylph	default	sylph_default
2767887	2767887	Ligilactobacillus	Ligilactobacillus	genus	0.0004	abund	0.0004	0.0025	0.004110616695269708	0.097309	DYN_0004_D10.fastq	DYN_0004_D10	illumina	sylph	default	sylph_default
2840563	2840563	Excrementavichristensenella	Excrementavichristensenella	genus	0.0006	abund	0.0006	0.0048	0.006165925042904561	0.097309	DYN_0004_D10.fastq	DYN_0004_D10	illumina	sylph	default	sylph_default
2840567	2840567	Pullichristensenella	Pullichristensenella	genus	0.0146999999999999	abund	0.0146999999999999	0.095	0.15106516355116073	0.097309	DYN_0004_D10.fastq	DYN_0004_D10	illumina	sylph	default	sylph_default
2840568	2840568	Scatosoma	Scatosoma	genus	0.008	abund	0.008	0.0591999999999999	0.08221233390539416	0.097309	DYN_0004_D10.fastq	DYN_0004_D10	illumina	sylph	default	sylph_default
2840569	2840569	Ventrisoma	Ventrisoma	genus	0.011	abund	0.011	0.0758	0.11304195911991695	0.097309	DYN_0004_D10.fastq	DYN_0004_D10	illumina	sylph	default	sylph_default
2840571	2840571	Enterenecus	Enterenecus	genus	0.0018999999999999	abund	0.0018999999999999	0.0121	0.019525429302530085	0.097309	DYN_0004_D10.fastq	DYN_0004_D10	illumina	sylph	default	sylph_default
2840572	2840572	Gallacutalibacter_A	Gallacutalibacter	genus	0.0004	abund	0.0004	0.0033	0.004110616695269708	0.097309	DYN_0004_D10.fastq	DYN_0004_D10	illumina	sylph	default	sylph_default
2840576	2840576	Aphodomonas	Aphodomonas	genus	0.0007	abund	0.0007	0.004	0.007193579216721988	0.097309	DYN_0004_D10.fastq	DYN_0004_D10	illumina	sylph	default	sylph_default
2840580	2840580	Avimonoglobus	Avimonoglobus	genus	0.0009	abund	0.0009	0.0048	0.009248887564356842	0.097309	DYN_0004_D10.fastq	DYN_0004_D10	illumina	sylph	default	sylph_default
2840586	2840586	Faecimorpha	Faecimorpha	genus	0.0003	abund	0.0003	0.0023	0.0030829625214522805	0.097309	DYN_0004_D10.fastq	DYN_0004_D10	illumina	sylph	default	sylph_default
2840587	2840587	Faecivicinus	Faecivicinus	genus	0.0038	abund	0.0038	0.0315	0.03905085860506222	0.097309	DYN_0004_D10.fastq	DYN_0004_D10	illumina	sylph	default	sylph_default
2840588	2840588	Faecousia	Faecousia	genus	0.0004	abund	0.0004	0.0031	0.004110616695269708	0.097309	DYN_0004_D10.fastq	DYN_0004_D10	illumina	sylph	default	sylph_default
2840592	2840592	Fimisoma	Fimisoma	genus	0.0579	abund	0.0579	0.3462	0.5950117666402902	0.097309	DYN_0004_D10.fastq	DYN_0004_D10	illumina	sylph	default	sylph_default
2840594	2840594	Limiplasma	Limiplasma	genus	0.0377	abund	0.0377	0.2973	0.3874256235291699	0.097309	DYN_0004_D10.fastq	DYN_0004_D10	illumina	sylph	default	sylph_default
2840597	2840597	Pelethousia	Pelethousia	genus	0.0003	abund	0.0003	0.0016	0.0030829625214522805	0.097309	DYN_0004_D10.fastq	DYN_0004_D10	illumina	sylph	default	sylph_default
2840598	2840598	Scatomorpha	Scatomorpha	genus	0.2580999999999999	abund	0.2580999999999999	1.6118	2.652375422622778	0.097309	DYN_0004_D10.fastq	DYN_0004_D10	illumina	sylph	default	sylph_default
2840601	2840601	Ventricola	Ventricola	genus	0.0015	abund	0.0015	0.0099	0.015414812607261404	0.097309	DYN_0004_D10.fastq	DYN_0004_D10	illumina	sylph	default	sylph_default
2840605	2840605	Spyradocola	Spyradocola	genus	0.0075	abund	0.0075	0.0549	0.07707406303630703	0.097309	DYN_0004_D10.fastq	DYN_0004_D10	illumina	sylph	default	sylph_default
2840606	2840606	Ventrousia	Ventrousia	genus	0.0002	abund	0.0002	0.0012	0.002055308347634854	0.097309	DYN_0004_D10.fastq	DYN_0004_D10	illumina	sylph	default	sylph_default
2840608	2840608	Limenecus	Limenecus	genus	0.0157	abund	0.0157	0.0951	0.161341705289336	0.097309	DYN_0004_D10.fastq	DYN_0004_D10	illumina	sylph	default	sylph_default
2840612	2840612	Pullilachnospira_A	Pullilachnospira	genus	0.0008	abund	0.0008	0.0054	0.008221233390539416	0.097309	DYN_0004_D10.fastq	DYN_0004_D10	illumina	sylph	default	sylph_default
2840613	2840613	Choladousia	Choladousia	genus	0.0005	abund	0.0005	0.0035	0.005138270869087135	0.097309	DYN_0004_D10.fastq	DYN_0004_D10	illumina	sylph	default	sylph_default
2840615	2840615	Merdiplasma	Merdiplasma	genus	0.0006	abund	0.0006	0.0033	0.006165925042904561	0.097309	DYN_0004_D10.fastq	DYN_0004_D10	illumina	sylph	default	sylph_default
2840617	2840617	Scatomonas	Scatomonas	genus	0.0032	abund	0.0032	0.025	0.032884933562157666	0.097309	DYN_0004_D10.fastq	DYN_0004_D10	illumina	sylph	default	sylph_default
2840624	2840624	Avoscillospira_A	Avoscillospira	genus	0.0015	abund	0.0015	0.0116	0.015414812607261404	0.097309	DYN_0004_D10.fastq	DYN_0004_D10	illumina	sylph	default	sylph_default
2840627	2840627	Pelethomonas	Pelethomonas	genus	0.0295	abund	0.0295	0.1878	0.3031579812761409	0.097309	DYN_0004_D10.fastq	DYN_0004_D10	illumina	sylph	default	sylph_default
2840631	2840631	Fimivicinus	Fimivicinus	genus	0.0024	abund	0.0024	0.0192	0.024663700171618244	0.097309	DYN_0004_D10.fastq	DYN_0004_D10	illumina	sylph	default	sylph_default
2840661	2840661	Limivivens	Limivivens	genus	0.0008	abund	0.0008	0.0079	0.008221233390539416	0.097309	DYN_0004_D10.fastq	DYN_0004_D10	illumina	sylph	default	sylph_default
2840962	2840962	Egerieisoma	Egerieisoma	genus	0.0492	abund	0.0492	0.2808	0.505605853518174	0.097309	DYN_0004_D10.fastq	DYN_0004_D10	illumina	sylph	default	sylph_default
2842531	2842531	Solibaculum	Solibaculum	genus	0.0013	abund	0.0013	0.0093	0.01335950425962655	0.097309	DYN_0004_D10.fastq	DYN_0004_D10	illumina	sylph	default	sylph_default
2895461	2895461	Massiliimalia	Massiliimalia	genus	0.0005	abund	0.0005	0.0041	0.005138270869087135	0.097309	DYN_0004_D10.fastq	DYN_0004_D10	illumina	sylph	default	sylph_default
2918511	2918511	Diplocloster	Diplocloster	genus	0.0007	abund	0.0007	0.0121	0.007193579216721988	0.097309	DYN_0004_D10.fastq	DYN_0004_D10	illumina	sylph	default	sylph_default
2941495	2941495	Otoolea	Otoolea	genus	0.0036	abund	0.0036	0.0527	0.036995550257427366	0.097309	DYN_0004_D10.fastq	DYN_0004_D10	illumina	sylph	default	sylph_default
2941497	2941497	Anaerotardibacter	Anaerotardibacter	genus	0.0069	abund	0.0069	0.0375	0.07090813799340245	0.097309	DYN_0004_D10.fastq	DYN_0004_D10	illumina	sylph	default	sylph_default
2944144	2944144	Luoshenia	Luoshenia	genus	0.0005	abund	0.0005	0.0035	0.005138270869087135	0.097309	DYN_0004_D10.fastq	DYN_0004_D10	illumina	sylph	default	sylph_default
2944146	2944146	Bianquea	Bianquea	genus	0.0072	abund	0.0072	0.0827	0.07399110051485473	0.097309	DYN_0004_D10.fastq	DYN_0004_D10	illumina	sylph	default	sylph_default
2944148	2944148	Guopingia	Guopingia	genus	0.0011	abund	0.0011	0.0071	0.011304195911991697	0.097309	DYN_0004_D10.fastq	DYN_0004_D10	illumina	sylph	default	sylph_default
2944200	2944200	Lentihominibacter	Lentihominibacter	genus	0.0085	abund	0.0085	0.0494999999999999	0.0873506047744813	0.097309	DYN_0004_D10.fastq	DYN_0004_D10	illumina	sylph	default	sylph_default
2981632	2981632	Brotonthovivens	Brotonthovivens	genus	0.0002	abund	0.0002	0.0018	0.002055308347634854	0.097309	DYN_0004_D10.fastq	DYN_0004_D10	illumina	sylph	default	sylph_default
2981633	2981633	Gallintestinimicrobium	Gallintestinimicrobium	genus	0.0007	abund	0.0007	0.0081	0.007193579216721988	0.097309	DYN_0004_D10.fastq	DYN_0004_D10	illumina	sylph	default	sylph_default
2981637	2981637	Laedolimicola	Laedolimicola	genus	0.0031	abund	0.0031	0.0329	0.03185727938834024	0.097309	DYN_0004_D10.fastq	DYN_0004_D10	illumina	sylph	default	sylph_default
2983249	2983249	Zongyangia	Zongyangia	genus	0.0005	abund	0.0005	0.0032	0.005138270869087135	0.097309	DYN_0004_D10.fastq	DYN_0004_D10	illumina	sylph	default	sylph_default
3016626	3016626	Hominibacterium	Hominibacterium	genus	0.0026	abund	0.0026	0.027	0.0267190085192531	0.097309	DYN_0004_D10.fastq	DYN_0004_D10	illumina	sylph	default	sylph_default
3025755	3025755	Thomasclavelia	Thomasclavelia	genus	0.0045	abund	0.0045	0.0427	0.04624443782178421	0.097309	DYN_0004_D10.fastq	DYN_0004_D10	illumina	sylph	default	sylph_default
3028852	3028852	Merdimmobilis	Merdimmobilis	genus	0.0025	abund	0.0025	0.0159	0.025691354345435673	0.097309	DYN_0004_D10.fastq	DYN_0004_D10	illumina	sylph	default	sylph_default
3028853	3028853	Lientehia	Lientehia	genus	0.0003	abund	0.0003	0.0025	0.0030829625214522805	0.097309	DYN_0004_D10.fastq	DYN_0004_D10	illumina	sylph	default	sylph_default
3059504	3059504	Allocoprobacillus	Allocoprobacillus	genus	0.0103	abund	0.0103	0.071	0.10584837990319498	0.097309	DYN_0004_D10.fastq	DYN_0004_D10	illumina	sylph	default	sylph_default
3073564	3073564	Hominicoprocola	Hominicoprocola	genus	0.0005	abund	0.0005	0.0038	0.005138270869087135	0.097309	DYN_0004_D10.fastq	DYN_0004_D10	illumina	sylph	default	sylph_default
3073575	3073575	Hominenteromicrobium	Hominenteromicrobium	genus	0.0033	abund	0.0033	0.0277	0.033912587735975094	0.097309	DYN_0004_D10.fastq	DYN_0004_D10	illumina	sylph	default	sylph_default
0	0	Bittarella	Bittarella	genus	0.0007	abund	0.0007	0.0045	0.00595126762000306	0.117622	DYN_0007_D01.fastq	DYN_0007_D01	illumina	sylph	default	sylph_default
0	0	CABSMD01	CABSMD01	genus	0.0029	abund	0.0029	0.0218	0.024655251568584106	0.117622	DYN_0007_D01.fastq	DYN_0007_D01	illumina	sylph	default	sylph_default
0	0	CAG-103	CAG-103	genus	0.0305	abund	0.0305	0.1529	0.2593052320144191	0.117622	DYN_0007_D01.fastq	DYN_0007_D01	illumina	sylph	default	sylph_default
0	0	CAG-170	CAG-170	genus	0.1849	abund	0.1849	1.1232000000000002	1.57198483276938	0.117622	DYN_0007_D01.fastq	DYN_0007_D01	illumina	sylph	default	sylph_default
0	0	CAG-177	CAG-177	genus	0.4732	abund	0.4732	2.506	4.023056911122069	0.117622	DYN_0007_D01.fastq	DYN_0007_D01	illumina	sylph	default	sylph_default
0	0	CAG-238	CAG-238	genus	0.0117	abund	0.0117	0.0648	0.09947118736290829	0.117622	DYN_0007_D01.fastq	DYN_0007_D01	illumina	sylph	default	sylph_default
0	0	CAG-349	CAG-349	genus	0.0006	abund	0.0006	0.0021	0.0051010865314311945	0.117622	DYN_0007_D01.fastq	DYN_0007_D01	illumina	sylph	default	sylph_default
0	0	CAG-411	CAG-411	genus	0.0103	abund	0.0103	0.0766	0.08756865212290219	0.117622	DYN_0007_D01.fastq	DYN_0007_D01	illumina	sylph	default	sylph_default
0	0	CAG-449	CAG-449	genus	0.0015	abund	0.0015	0.0074	0.012752716328577987	0.117622	DYN_0007_D01.fastq	DYN_0007_D01	illumina	sylph	default	sylph_default
0	0	CAJFTX01	CAJFTX01	genus	0.001	abund	0.001	0.0045	0.008501810885718658	0.117622	DYN_0007_D01.fastq	DYN_0007_D01	illumina	sylph	default	sylph_default
0	0	CAJFUR01	CAJFUR01	genus	0.002	abund	0.002	0.0148	0.017003621771437317	0.117622	DYN_0007_D01.fastq	DYN_0007_D01	illumina	sylph	default	sylph_default
0	0	CAKQOE01	CAKQOE01	genus	0.0015	abund	0.0015	0.0089	0.012752716328577987	0.117622	DYN_0007_D01.fastq	DYN_0007_D01	illumina	sylph	default	sylph_default
0	0	CAKRHR01	CAKRHR01	genus	0.0021	abund	0.0021	0.0155	0.01785380286000918	0.117622	DYN_0007_D01.fastq	DYN_0007_D01	illumina	sylph	default	sylph_default
0	0	CAKSEI01	CAKSEI01	genus	0.0017	abund	0.0017	0.0071	0.014453078505721717	0.117622	DYN_0007_D01.fastq	DYN_0007_D01	illumina	sylph	default	sylph_default
0	0	CAKTXU01	CAKTXU01	genus	0.0033	abund	0.0033	0.0186	0.028055975922871575	0.117622	DYN_0007_D01.fastq	DYN_0007_D01	illumina	sylph	default	sylph_default
0	0	CAKXIK01	CAKXIK01	genus	0.0015	abund	0.0015	0.007	0.012752716328577987	0.117622	DYN_0007_D01.fastq	DYN_0007_D01	illumina	sylph	default	sylph_default
0	0	CALWWS01	CALWWS01	genus	0.0008	abund	0.0008	0.0037	0.006801448708574927	0.117622	DYN_0007_D01.fastq	DYN_0007_D01	illumina	sylph	default	sylph_default
0	0	CALXGH01	CALXGH01	genus	0.0014	abund	0.0014	0.0055	0.01190253524000612	0.117622	DYN_0007_D01.fastq	DYN_0007_D01	illumina	sylph	default	sylph_default
0	0	CAMYCP01	CAMYCP01	genus	0.0004	abund	0.0004	0.0013	0.0034007243542874635	0.117622	DYN_0007_D01.fastq	DYN_0007_D01	illumina	sylph	default	sylph_default
0	0	DXTB01	DXTB01	genus	0.0016	abund	0.0016	0.0058	0.013602897417149854	0.117622	DYN_0007_D01.fastq	DYN_0007_D01	illumina	sylph	default	sylph_default
0	0	F23-B02	F23-B02	genus	0.0131	abund	0.0131	0.0547	0.11137372260291442	0.117622	DYN_0007_D01.fastq	DYN_0007_D01	illumina	sylph	default	sylph_default
0	0	Flemingibacterium	Flemingibacterium	genus	0.0004	abund	0.0004	0.003	0.0034007243542874635	0.117622	DYN_0007_D01.fastq	DYN_0007_D01	illumina	sylph	default	sylph_default
0	0	HGM11417	HGM11417	genus	0.0006	abund	0.0006	0.0038	0.0051010865314311945	0.117622	DYN_0007_D01.fastq	DYN_0007_D01	illumina	sylph	default	sylph_default
0	0	HGM11616	HGM11616	genus	0.011	abund	0.011	0.0414	0.09351991974290523	0.117622	DYN_0007_D01.fastq	DYN_0007_D01	illumina	sylph	default	sylph_default
0	0	HGM12998	HGM12998	genus	0.0015	abund	0.0015	0.0108	0.012752716328577987	0.117622	DYN_0007_D01.fastq	DYN_0007_D01	illumina	sylph	default	sylph_default
0	0	Instestinimonas_A	Instestinimonas	genus	0.0018	abund	0.0018	0.0114	0.015303259594293584	0.117622	DYN_0007_D01.fastq	DYN_0007_D01	illumina	sylph	default	sylph_default
0	0	JAGTTR01	JAGTTR01	genus	0.0024	abund	0.0024	0.0185	0.020404346125724778	0.117622	DYN_0007_D01.fastq	DYN_0007_D01	illumina	sylph	default	sylph_default
0	0	PeH17	PeH17	genus	0.2144	abund	0.2144	1.041	1.8227882538980804	0.117622	DYN_0007_D01.fastq	DYN_0007_D01	illumina	sylph	default	sylph_default
0	0	Pseudoscilispira	Pseudoscilispira	genus	0.0028	abund	0.0028	0.0152	0.02380507048001224	0.117622	DYN_0007_D01.fastq	DYN_0007_D01	illumina	sylph	default	sylph_default
0	0	QAMH01	QAMH01	genus	0.0255	abund	0.0255	0.1096	0.21679617758582576	0.117622	DYN_0007_D01.fastq	DYN_0007_D01	illumina	sylph	default	sylph_default
0	0	QANA01	QANA01	genus	0.0021	abund	0.0021	0.0077	0.01785380286000918	0.117622	DYN_0007_D01.fastq	DYN_0007_D01	illumina	sylph	default	sylph_default
0	0	QAND01	QAND01	genus	0.0015	abund	0.0015	0.0053	0.012752716328577987	0.117622	DYN_0007_D01.fastq	DYN_0007_D01	illumina	sylph	default	sylph_default
0	0	RGIG1902	RGIG1902	genus	0.0032	abund	0.0032	0.0136	0.027205794834299708	0.117622	DYN_0007_D01.fastq	DYN_0007_D01	illumina	sylph	default	sylph_default
0	0	RGIG3159	RGIG3159	genus	0.0015	abund	0.0015	0.0066	0.012752716328577987	0.117622	DYN_0007_D01.fastq	DYN_0007_D01	illumina	sylph	default	sylph_default
0	0	RGIG4076	RGIG4076	genus	0.0087	abund	0.0087	0.0595	0.07396575470575231	0.117622	DYN_0007_D01.fastq	DYN_0007_D01	illumina	sylph	default	sylph_default
0	0	SFJ001	SFJ001	genus	0.0024	abund	0.0024	0.0129	0.020404346125724778	0.117622	DYN_0007_D01.fastq	DYN_0007_D01	illumina	sylph	default	sylph_default
0	0	Scybalousia	Scybalousia	genus	0.0054	abund	0.0054	0.0164	0.04590977878288076	0.117622	DYN_0007_D01.fastq	DYN_0007_D01	illumina	sylph	default	sylph_default
0	0	UBA10281	UBA10281	genus	0.0005	abund	0.0005	0.0023	0.004250905442859329	0.117622	DYN_0007_D01.fastq	DYN_0007_D01	illumina	sylph	default	sylph_default
0	0	UBA10677	UBA10677	genus	0.0022	abund	0.0022	0.0079	0.018703983948581047	0.117622	DYN_0007_D01.fastq	DYN_0007_D01	illumina	sylph	default	sylph_default
0	0	UBA11512	UBA11512	genus	0.0066	abund	0.0066	0.0328	0.05611195184574315	0.117622	DYN_0007_D01.fastq	DYN_0007_D01	illumina	sylph	default	sylph_default
0	0	UBA11774	UBA11774	genus	0.0009	abund	0.0009	0.0048	0.007651629797146792	0.117622	DYN_0007_D01.fastq	DYN_0007_D01	illumina	sylph	default	sylph_default
0	0	UBA3402	UBA3402	genus	0.0038	abund	0.0038	0.0285	0.0323068813657309	0.117622	DYN_0007_D01.fastq	DYN_0007_D01	illumina	sylph	default	sylph_default
0	0	UBA3818	UBA3818	genus	0.0035	abund	0.0035	0.0179	0.029756338100015305	0.117622	DYN_0007_D01.fastq	DYN_0007_D01	illumina	sylph	default	sylph_default
0	0	UBA5905	UBA5905	genus	0.0035	abund	0.0035	0.0205	0.029756338100015305	0.117622	DYN_0007_D01.fastq	DYN_0007_D01	illumina	sylph	default	sylph_default
0	0	UBA7173	UBA7173	genus	0.0075	abund	0.0075	0.0461	0.06376358164288994	0.117622	DYN_0007_D01.fastq	DYN_0007_D01	illumina	sylph	default	sylph_default
0	0	UBA7185	UBA7185	genus	0.0045	abund	0.0045	0.0331	0.03825814898573396	0.117622	DYN_0007_D01.fastq	DYN_0007_D01	illumina	sylph	default	sylph_default
0	0	UBA737	UBA737	genus	0.0036	abund	0.0036	0.0184	0.03060651918858717	0.117622	DYN_0007_D01.fastq	DYN_0007_D01	illumina	sylph	default	sylph_default
0	0	UBA738	UBA738	genus	0.0765	abund	0.0765	0.3482	0.6503885327574773	0.117622	DYN_0007_D01.fastq	DYN_0007_D01	illumina	sylph	default	sylph_default
0	0	UBA866	UBA866	genus	0.0141	abund	0.0141	0.0772	0.11987553348863307	0.117622	DYN_0007_D01.fastq	DYN_0007_D01	illumina	sylph	default	sylph_default
0	0	UMGS1071	UMGS1071	genus	0.0139	abund	0.0139	0.0718	0.11817517131148934	0.117622	DYN_0007_D01.fastq	DYN_0007_D01	illumina	sylph	default	sylph_default
0	0	UMGS1312	UMGS1312	genus	0.0016	abund	0.0016	0.0071	0.013602897417149854	0.117622	DYN_0007_D01.fastq	DYN_0007_D01	illumina	sylph	default	sylph_default
0	0	UMGS1484	UMGS1484	genus	0.0161	abund	0.0161	0.0719	0.13687915526007038	0.117622	DYN_0007_D01.fastq	DYN_0007_D01	illumina	sylph	default	sylph_default
0	0	UMGS1623	UMGS1623	genus	0.0216	abund	0.0216	0.1431	0.18363911513152303	0.117622	DYN_0007_D01.fastq	DYN_0007_D01	illumina	sylph	default	sylph_default
0	0	UMGS1696	UMGS1696	genus	0.0054	abund	0.0054	0.0344	0.04590977878288076	0.117622	DYN_0007_D01.fastq	DYN_0007_D01	illumina	sylph	default	sylph_default
0	0	UMGS1783	UMGS1783	genus	0.0016	abund	0.0016	0.0065	0.013602897417149854	0.117622	DYN_0007_D01.fastq	DYN_0007_D01	illumina	sylph	default	sylph_default
0	0	UMGS1975	UMGS1975	genus	0.0039	abund	0.0039	0.0161	0.03315706245430276	0.117622	DYN_0007_D01.fastq	DYN_0007_D01	illumina	sylph	default	sylph_default
0	0	UMGS856	UMGS856	genus	0.0026	abund	0.0026	0.0239	0.022104708302868512	0.117622	DYN_0007_D01.fastq	DYN_0007_D01	illumina	sylph	default	sylph_default
0	0	UMGS973	UMGS973	genus	0.0054	abund	0.0054	0.0325	0.04590977878288076	0.117622	DYN_0007_D01.fastq	DYN_0007_D01	illumina	sylph	default	sylph_default
482	482	Neisseria	Neisseria	genus	0.0024	abund	0.0024	0.0132	0.020404346125724778	0.117622	DYN_0007_D01.fastq	DYN_0007_D01	illumina	sylph	default	sylph_default
538	538	Eikenella	Eikenella	genus	0.0005	abund	0.0005	0.0026	0.004250905442859329	0.117622	DYN_0007_D01.fastq	DYN_0007_D01	illumina	sylph	default	sylph_default
544	544	Citrobacter	Citrobacter	genus	0.001	abund	0.001	0.0122	0.008501810885718658	0.117622	DYN_0007_D01.fastq	DYN_0007_D01	illumina	sylph	default	sylph_default
561	561	Escherichia	Escherichia	genus	0.0578	abund	0.0578	0.7142	0.4914046691945384	0.117622	DYN_0007_D01.fastq	DYN_0007_D01	illumina	sylph	default	sylph_default
570	570	Klebsiella	Klebsiella	genus	0.2144	abund	0.2144	2.9167	1.8227882538980804	0.117622	DYN_0007_D01.fastq	DYN_0007_D01	illumina	sylph	default	sylph_default
724	724	Haemophilus_D	Haemophilus	genus	0.0204	abund	0.0204	0.1032	0.17343694206866062	0.117622	DYN_0007_D01.fastq	DYN_0007_D01	illumina	sylph	default	sylph_default
816	816	Bacteroides	Bacteroides	genus	0.6895	abund	0.6895	7.732700000000001	5.861998605703015	0.117622	DYN_0007_D01.fastq	DYN_0007_D01	illumina	sylph	default	sylph_default
830	830	Butyrivibrio_A	Butyrivibrio	genus	0.5456	abund	0.5456	3.367	4.6385880192480995	0.117622	DYN_0007_D01.fastq	DYN_0007_D01	illumina	sylph	default	sylph_default
836	836	Porphyromonas_A	Porphyromonas	genus	0.0027	abund	0.0027	0.0154	0.02295488939144038	0.117622	DYN_0007_D01.fastq	DYN_0007_D01	illumina	sylph	default	sylph_default
838	838	Prevotella	Prevotella	genus	0.0031	abund	0.0031	0.0213	0.02635561374572784	0.117622	DYN_0007_D01.fastq	DYN_0007_D01	illumina	sylph	default	sylph_default
841	841	Roseburia	Roseburia	genus	0.0292	abund	0.0292	0.28909999999999997	0.2482528778629848	0.117622	DYN_0007_D01.fastq	DYN_0007_D01	illumina	sylph	default	sylph_default
848	848	Fusobacterium	Fusobacterium	genus	0.0025	abund	0.0025	0.0159	0.021254527214296645	0.117622	DYN_0007_D01.fastq	DYN_0007_D01	illumina	sylph	default	sylph_default
872	872	Desulfovibrio	Desulfovibrio	genus	0.0726	abund	0.0726	0.5897	0.6172314703031746	0.117622	DYN_0007_D01.fastq	DYN_0007_D01	illumina	sylph	default	sylph_default
1243	1243	Leuconostoc	Leuconostoc	genus	0.0003	abund	0.0003	0.0009	0.0025505432657155973	0.117622	DYN_0007_D01.fastq	DYN_0007_D01	illumina	sylph	default	sylph_default
1263	1263	Ruminococcus_E	Ruminococcus	genus	0.08199999999999999	abund	0.08199999999999999	0.5065	0.6971484926289299	0.117622	DYN_0007_D01.fastq	DYN_0007_D01	illumina	sylph	default	sylph_default
1279	1279	Staphylococcus	Staphylococcus	genus	0.0016	abund	0.0016	0.0108	0.013602897417149854	0.117622	DYN_0007_D01.fastq	DYN_0007_D01	illumina	sylph	default	sylph_default
1301	1301	Streptococcus	Streptococcus	genus	0.2452	abund	0.2452	1.2776999999999996	2.084644029178215	0.117622	DYN_0007_D01.fastq	DYN_0007_D01	illumina	sylph	default	sylph_default
1350	1350	Enterococcus_A	Enterococcus	genus	0.0143	abund	0.0143	0.1369	0.12157589566577681	0.117622	DYN_0007_D01.fastq	DYN_0007_D01	illumina	sylph	default	sylph_default
1378	1378	Gemella	Gemella	genus	0.0046	abund	0.0046	0.0212	0.03910833007430582	0.117622	DYN_0007_D01.fastq	DYN_0007_D01	illumina	sylph	default	sylph_default
1485	1485	Clostridium_A	Clostridium	genus	0.0254	abund	0.0254	0.2379	0.2159459964972539	0.117622	DYN_0007_D01.fastq	DYN_0007_D01	illumina	sylph	default	sylph_default
1654	1654	Actinomyces	Actinomyces	genus	0.0054	abund	0.0054	0.0334	0.04590977878288076	0.117622	DYN_0007_D01.fastq	DYN_0007_D01	illumina	sylph	default	sylph_default
1678	1678	Bifidobacterium	Bifidobacterium	genus	0.0004	abund	0.0004	0.0022	0.0034007243542874635	0.117622	DYN_0007_D01.fastq	DYN_0007_D01	illumina	sylph	default	sylph_default
1730	1730	Eubacterium_I	Eubacterium	genus	0.0206	abund	0.0206	0.15239999999999998	0.17513730424580437	0.117622	DYN_0007_D01.fastq	DYN_0007_D01	illumina	sylph	default	sylph_default
2050	2050	Mobiluncus	Mobiluncus	genus	0.0023	abund	0.0023	0.0123	0.01955416503715291	0.117622	DYN_0007_D01.fastq	DYN_0007_D01	illumina	sylph	default	sylph_default
2172	2172	Methanobrevibacter_A	Methanobrevibacter	genus	0.0797	abund	0.0797	0.3625	0.677594327591777	0.117622	DYN_0007_D01.fastq	DYN_0007_D01	illumina	sylph	default	sylph_default
28050	28050	Lachnospira	Lachnospira	genus	0.2668	abund	0.2668	1.9694	2.2682831443097378	0.117622	DYN_0007_D01.fastq	DYN_0007_D01	illumina	sylph	default	sylph_default
29465	29465	Veillonella	Veillonella	genus	0.0289	abund	0.0289	0.1464	0.2457023345972692	0.117622	DYN_0007_D01.fastq	DYN_0007_D01	illumina	sylph	default	sylph_default
32207	32207	Rothia	Rothia	genus	0.0037	abund	0.0037	0.0216	0.031456700277159036	0.117622	DYN_0007_D01.fastq	DYN_0007_D01	illumina	sylph	default	sylph_default
33024	33024	Phascolarctobacterium	Phascolarctobacterium	genus	0.1109	abund	0.1109	0.6303	0.9428508272261992	0.117622	DYN_0007_D01.fastq	DYN_0007_D01	illumina	sylph	default	sylph_default
33042	33042	Coprococcus_A	Coprococcus	genus	0.0054	abund	0.0054	0.0473	0.04590977878288076	0.117622	DYN_0007_D01.fastq	DYN_0007_D01	illumina	sylph	default	sylph_default
35832	35832	Bilophila	Bilophila	genus	0.0447	abund	0.0447	0.5081	0.380030946591624	0.117622	DYN_0007_D01.fastq	DYN_0007_D01	illumina	sylph	default	sylph_default
39948	39948	Dialister	Dialister	genus	0.0035	abund	0.0035	0.0161	0.029756338100015305	0.117622	DYN_0007_D01.fastq	DYN_0007_D01	illumina	sylph	default	sylph_default
61170	61170	Holdemania	Holdemania	genus	0.005	abund	0.005	0.0464	0.04250905442859329	0.117622	DYN_0007_D01.fastq	DYN_0007_D01	illumina	sylph	default	sylph_default
84111	84111	Eggerthella	Eggerthella	genus	0.0226	abund	0.0226	0.201	0.19214092601724164	0.117622	DYN_0007_D01.fastq	DYN_0007_D01	illumina	sylph	default	sylph_default
117563	117563	Granulicatella	Granulicatella	genus	0.0060999999999999	abund	0.0060999999999999	0.0194	0.051861046402882964	0.117622	DYN_0007_D01.fastq	DYN_0007_D01	illumina	sylph	default	sylph_default
135858	135858	Catenibacterium	Catenibacterium	genus	0.0673	abund	0.0673	0.3643	0.5721718726088656	0.117622	DYN_0007_D01.fastq	DYN_0007_D01	illumina	sylph	default	sylph_default
172900	172900	Victivallis	Victivallis	genus	0.0027	abund	0.0027	0.0361	0.02295488939144038	0.117622	DYN_0007_D01.fastq	DYN_0007_D01	illumina	sylph	default	sylph_default
189330	189330	Dorea_A	Dorea	genus	0.0567	abund	0.0567	0.3926	0.4820526772202479	0.117622	DYN_0007_D01.fastq	DYN_0007_D01	illumina	sylph	default	sylph_default
204475	204475	Gemmiger	Gemmiger	genus	0.1518	abund	0.1518	1.0718	1.2905748924520923	0.117622	DYN_0007_D01.fastq	DYN_0007_D01	illumina	sylph	default	sylph_default
207244	207244	Anaerostipes	Anaerostipes	genus	0.0499	abund	0.0499	0.3462	0.4242403631973611	0.117622	DYN_0007_D01.fastq	DYN_0007_D01	illumina	sylph	default	sylph_default
216851	216851	Faecalibacterium	Faecalibacterium	genus	0.2402999999999999	abund	0.2402999999999999	1.7497999999999998	2.042985155838193	0.117622	DYN_0007_D01.fastq	DYN_0007_D01	illumina	sylph	default	sylph_default
239759	239759	Alistipes	Alistipes	genus	0.9269000000000001	abund	0.9269000000000001	7.18	7.8803285099726255	0.117622	DYN_0007_D01.fastq	DYN_0007_D01	illumina	sylph	default	sylph_default
244127	244127	Anaerotruncus	Anaerotruncus	genus	0.0021	abund	0.0021	0.0172	0.01785380286000918	0.117622	DYN_0007_D01.fastq	DYN_0007_D01	illumina	sylph	default	sylph_default
264995	264995	Anaerofustis	Anaerofustis	genus	0.0005	abund	0.0005	0.0028	0.004250905442859329	0.117622	DYN_0007_D01.fastq	DYN_0007_D01	illumina	sylph	default	sylph_default
265975	265975	Oribacterium	Oribacterium	genus	0.0005	abund	0.0005	0.0033	0.004250905442859329	0.117622	DYN_0007_D01.fastq	DYN_0007_D01	illumina	sylph	default	sylph_default
283168	283168	Odoribacter	Odoribacter	genus	0.0685	abund	0.0685	0.7375	0.5823740456717281	0.117622	DYN_0007_D01.fastq	DYN_0007_D01	illumina	sylph	default	sylph_default
375288	375288	Parabacteroides	Parabacteroides	genus	0.1478	abund	0.1478	1.6772000000000002	1.2565676489092177	0.117622	DYN_0007_D01.fastq	DYN_0007_D01	illumina	sylph	default	sylph_default
397864	397864	Barnesiella	Barnesiella	genus	0.1083	abund	0.1083	0.9145	0.9207461189233307	0.117622	DYN_0007_D01.fastq	DYN_0007_D01	illumina	sylph	default	sylph_default
416916	416916	Aggregatibacter	Aggregatibacter	genus	0.005	abund	0.005	0.0246	0.04250905442859329	0.117622	DYN_0007_D01.fastq	DYN_0007_D01	illumina	sylph	default	sylph_default
420345	420345	Lactonifactor	Lactonifactor	genus	0.0006	abund	0.0006	0.0072	0.0051010865314311945	0.117622	DYN_0007_D01.fastq	DYN_0007_D01	illumina	sylph	default	sylph_default
437755	437755	Moryella	Moryella	genus	0.0005	abund	0.0005	0.0029	0.004250905442859329	0.117622	DYN_0007_D01.fastq	DYN_0007_D01	illumina	sylph	default	sylph_default
447020	447020	Adlercreutzia	Adlercreutzia	genus	0.0013	abund	0.0013	0.0094	0.011052354151434256	0.117622	DYN_0007_D01.fastq	DYN_0007_D01	illumina	sylph	default	sylph_default
572511	572511	Blautia_A	Blautia	genus	0.1084	abund	0.1084	1.0603999999999998	0.9215963000119025	0.117622	DYN_0007_D01.fastq	DYN_0007_D01	illumina	sylph	default	sylph_default
574697	574697	Butyricimonas	Butyricimonas	genus	0.0466	abund	0.0466	0.5548000000000001	0.39618438727448946	0.117622	DYN_0007_D01.fastq	DYN_0007_D01	illumina	sylph	default	sylph_default
580596	580596	Butyricicoccus_A	Butyricicoccus	genus	0.0341	abund	0.0341	0.2271	0.2899117512030062	0.117622	DYN_0007_D01.fastq	DYN_0007_D01	illumina	sylph	default	sylph_default
644652	644652	Gordonibacter	Gordonibacter	genus	0.002	abund	0.002	0.018	0.017003621771437317	0.117622	DYN_0007_D01.fastq	DYN_0007_D01	illumina	sylph	default	sylph_default
909656	909656	Phocaeicola	Phocaeicola	genus	0.8753000000000001	abund	0.8753000000000001	10.261899999999999	7.441635068269542	0.117622	DYN_0007_D01.fastq	DYN_0007_D01	illumina	sylph	default	sylph_default
946234	946234	Flavonifractor	Flavonifractor	genus	0.0016	abund	0.0016	0.0146	0.013602897417149854	0.117622	DYN_0007_D01.fastq	DYN_0007_D01	illumina	sylph	default	sylph_default
990721	990721	Christensenella	Christensenella	genus	0.0024	abund	0.0024	0.0157	0.020404346125724778	0.117622	DYN_0007_D01.fastq	DYN_0007_D01	illumina	sylph	default	sylph_default
1017280	1017280	Pseudoflavonifractor_A	Pseudoflavonifractor	genus	0.0013	abund	0.0013	0.0085	0.011052354151434256	0.117622	DYN_0007_D01.fastq	DYN_0007_D01	illumina	sylph	default	sylph_default
1161127	1161127	Murdochiella	Murdochiella	genus	0.0006	abund	0.0006	0.002	0.0051010865314311945	0.117622	DYN_0007_D01.fastq	DYN_0007_D01	illumina	sylph	default	sylph_default
1392389	1392389	Intestinimonas	Intestinimonas	genus	0.0993	abund	0.0993	0.7585999999999999	0.8442298209518627	0.117622	DYN_0007_D01.fastq	DYN_0007_D01	illumina	sylph	default	sylph_default
1407607	1407607	Fusicatenibacter	Fusicatenibacter	genus	0.0326	abund	0.0326	0.3024	0.2771590348744282	0.117622	DYN_0007_D01.fastq	DYN_0007_D01	illumina	sylph	default	sylph_default
1427378	1427378	Acetatifactor	Acetatifactor	genus	0.0046	abund	0.0046	0.0458	0.03910833007430582	0.117622	DYN_0007_D01.fastq	DYN_0007_D01	illumina	sylph	default	sylph_default
1432051	1432051	Eisenbergiella	Eisenbergiella	genus	0.1171	abund	0.1171	1.7929	0.9955620547176548	0.117622	DYN_0007_D01.fastq	DYN_0007_D01	illumina	sylph	default	sylph_default
1473205	1473205	Senegalimassilia	Senegalimassilia	genus	0.0064	abund	0.0064	0.0327	0.054411589668599415	0.117622	DYN_0007_D01.fastq	DYN_0007_D01	illumina	sylph	default	sylph_default
1506553	1506553	Lachnoclostridium_B	Lachnoclostridium	genus	0.0046	abund	0.0046	0.0306	0.03910833007430582	0.117622	DYN_0007_D01.fastq	DYN_0007_D01	illumina	sylph	default	sylph_default
1508657	1508657	Ruminiclostridium_E	Ruminiclostridium	genus	0.0424	abund	0.0424	0.2803	0.3604767815544711	0.117622	DYN_0007_D01.fastq	DYN_0007_D01	illumina	sylph	default	sylph_default
1573535	1573535	Holdemanella	Holdemanella	genus	0.0283	abund	0.0283	0.1749	0.24060124806583802	0.117622	DYN_0007_D01.fastq	DYN_0007_D01	illumina	sylph	default	sylph_default
1582879	1582879	Ezakiella	Ezakiella	genus	0.0011	abund	0.0011	0.0046	0.009351991974290524	0.117622	DYN_0007_D01.fastq	DYN_0007_D01	illumina	sylph	default	sylph_default
1649459	1649459	Hungatella	Hungatella	genus	0.0593999999999999	abund	0.0593999999999999	1.0038	0.5050075666116874	0.117622	DYN_0007_D01.fastq	DYN_0007_D01	illumina	sylph	default	sylph_default
1766253	1766253	Agathobacter	Agathobacter	genus	0.0462	abund	0.0462	0.3876	0.392783662920202	0.117622	DYN_0007_D01.fastq	DYN_0007_D01	illumina	sylph	default	sylph_default
1892380	1892380	Harryflintia	Harryflintia	genus	0.0006	abund	0.0006	0.0042	0.0051010865314311945	0.117622	DYN_0007_D01.fastq	DYN_0007_D01	illumina	sylph	default	sylph_default
1905344	1905344	Ruthenibacterium	Ruthenibacterium	genus	0.5329	abund	0.5329	5.2617	4.530615020999473	0.117622	DYN_0007_D01.fastq	DYN_0007_D01	illumina	sylph	default	sylph_default
1918385	1918385	Acutalibacter	Acutalibacter	genus	0.0017	abund	0.0017	0.0157	0.014453078505721717	0.117622	DYN_0007_D01.fastq	DYN_0007_D01	illumina	sylph	default	sylph_default
1918540	1918540	Muribaculum	Muribaculum	genus	0.0033	abund	0.0033	0.028	0.028055975922871575	0.117622	DYN_0007_D01.fastq	DYN_0007_D01	illumina	sylph	default	sylph_default
1918542	1918542	Muricomes	Muricomes	genus	0.0041	abund	0.0041	0.0528	0.034857424631446504	0.117622	DYN_0007_D01.fastq	DYN_0007_D01	illumina	sylph	default	sylph_default
1924081	1924081	Bariatricus	Bariatricus	genus	0.0104	abund	0.0104	0.0861	0.08841883321147405	0.117622	DYN_0007_D01.fastq	DYN_0007_D01	illumina	sylph	default	sylph_default
1926677	1926677	Raoultibacter	Raoultibacter	genus	0.0012	abund	0.0012	0.0119	0.010202173062862389	0.117622	DYN_0007_D01.fastq	DYN_0007_D01	illumina	sylph	default	sylph_default
1935176	1935176	Angelakisella	Angelakisella	genus	0.1044	abund	0.1044	0.4619	0.887589056469028	0.117622	DYN_0007_D01.fastq	DYN_0007_D01	illumina	sylph	default	sylph_default
1935927	1935927	Massilioclostridium	Massilioclostridium	genus	0.0008	abund	0.0008	0.0067	0.006801448708574927	0.117622	DYN_0007_D01.fastq	DYN_0007_D01	illumina	sylph	default	sylph_default
1980693	1980693	Negativibacillus	Negativibacillus	genus	0.0344	abund	0.0344	0.1445	0.29246229446872185	0.117622	DYN_0007_D01.fastq	DYN_0007_D01	illumina	sylph	default	sylph_default
2005387	2005387	Bacilliculturomica	Bacilliculturomica	genus	0.0012	abund	0.0012	0.0132	0.010202173062862389	0.117622	DYN_0007_D01.fastq	DYN_0007_D01	illumina	sylph	default	sylph_default
2039240	2039240	Anaerotignum	Anaerotignum	genus	0.0284	abund	0.0284	0.1756	0.24145142915440992	0.117622	DYN_0007_D01.fastq	DYN_0007_D01	illumina	sylph	default	sylph_default
2048137	2048137	Agathobaculum	Agathobaculum	genus	0.0022	abund	0.0022	0.0114	0.018703983948581047	0.117622	DYN_0007_D01.fastq	DYN_0007_D01	illumina	sylph	default	sylph_default
2093823	2093823	Nanosynbacter	Nanosynbacter	genus	0.0008	abund	0.0008	0.0013	0.006801448708574927	0.117622	DYN_0007_D01.fastq	DYN_0007_D01	illumina	sylph	default	sylph_default
2126544	2126544	Neobittarella	Neobittarella	genus	0.0033	abund	0.0033	0.0263	0.028055975922871575	0.117622	DYN_0007_D01.fastq	DYN_0007_D01	illumina	sylph	default	sylph_default
2172004	2172004	Lawsonibacter	Lawsonibacter	genus	0.0193	abund	0.0193	0.1353	0.1640849500943701	0.117622	DYN_0007_D01.fastq	DYN_0007_D01	illumina	sylph	default	sylph_default
2211178	2211178	Evtepia	Evtepia	genus	0.0173	abund	0.0173	0.0802	0.14708132832293278	0.117622	DYN_0007_D01.fastq	DYN_0007_D01	illumina	sylph	default	sylph_default
2316020	2316020	Mediterraneibacter	Mediterraneibacter	genus	0.4306	abund	0.4306	2.926	3.660879767390454	0.117622	DYN_0007_D01.fastq	DYN_0007_D01	illumina	sylph	default	sylph_default
2569097	2569097	Anaerobutyricum	Anaerobutyricum	genus	0.0354	abund	0.0354	0.2976999999999999	0.3009641053544405	0.117622	DYN_0007_D01.fastq	DYN_0007_D01	illumina	sylph	default	sylph_default
2591381	2591381	Dysosmobacter	Dysosmobacter	genus	0.0871	abund	0.0871	0.7412	0.740507728146095	0.117622	DYN_0007_D01.fastq	DYN_0007_D01	illumina	sylph	default	sylph_default
2717089	2717089	Massilistercora	Massilistercora	genus	0.007	abund	0.007	0.0575	0.05951267620003061	0.117622	DYN_0007_D01.fastq	DYN_0007_D01	illumina	sylph	default	sylph_default
2719313	2719313	Enterocloster	Enterocloster	genus	0.0247	abund	0.0247	0.2843	0.20999472887725085	0.117622	DYN_0007_D01.fastq	DYN_0007_D01	illumina	sylph	default	sylph_default
2720801	2720801	Avimonas_A	Avimonas	genus	0.0049	abund	0.0049	0.0294	0.04165887334002143	0.117622	DYN_0007_D01.fastq	DYN_0007_D01	illumina	sylph	default	sylph_default
2720808	2720808	Geddesella	Geddesella	genus	0.0022	abund	0.0022	0.0083	0.018703983948581047	0.117622	DYN_0007_D01.fastq	DYN_0007_D01	illumina	sylph	default	sylph_default
2721109	2721109	Neoanaerotignum_A	Neoanaerotignum	genus	0.0003	abund	0.0003	0.0017	0.0025505432657155973	0.117622	DYN_0007_D01.fastq	DYN_0007_D01	illumina	sylph	default	sylph_default
2721112	2721112	Neoruminococcus	Neoruminococcus	genus	0.0004	abund	0.0004	0.0017	0.0034007243542874635	0.117622	DYN_0007_D01.fastq	DYN_0007_D01	illumina	sylph	default	sylph_default
2721117	2721117	Pseudobutyricicoccus	Pseudobutyricicoccus	genus	0.0133	abund	0.0133	0.0988	0.11307408478005813	0.117622	DYN_0007_D01.fastq	DYN_0007_D01	illumina	sylph	default	sylph_default
2740557	2740557	Pauljensenia	Pauljensenia	genus	0.0116	abund	0.0116	0.0571	0.09862100627433643	0.117622	DYN_0007_D01.fastq	DYN_0007_D01	illumina	sylph	default	sylph_default
2767353	2767353	Lancefieldella	Lancefieldella	genus	0.0017	abund	0.0017	0.006	0.014453078505721717	0.117622	DYN_0007_D01.fastq	DYN_0007_D01	illumina	sylph	default	sylph_default
2815777	2815777	Oliverpabstia	Oliverpabstia	genus	0.0097	abund	0.0097	0.0705	0.08246756559147098	0.117622	DYN_0007_D01.fastq	DYN_0007_D01	illumina	sylph	default	sylph_default
2822463	2822463	Butyribacter	Butyribacter	genus	0.0065	abund	0.0065	0.0434	0.05526177075717128	0.117622	DYN_0007_D01.fastq	DYN_0007_D01	illumina	sylph	default	sylph_default
2840564	2840564	Fimenecus	Fimenecus	genus	0.4141	abund	0.4141	1.9116	3.5205998877760964	0.117622	DYN_0007_D01.fastq	DYN_0007_D01	illumina	sylph	default	sylph_default
2840567	2840567	Pullichristensenella	Pullichristensenella	genus	0.0024	abund	0.0024	0.0091	0.020404346125724778	0.117622	DYN_0007_D01.fastq	DYN_0007_D01	illumina	sylph	default	sylph_default
2840568	2840568	Scatosoma	Scatosoma	genus	0.0048	abund	0.0048	0.0366	0.040808692251449556	0.117622	DYN_0007_D01.fastq	DYN_0007_D01	illumina	sylph	default	sylph_default
2840582	2840582	Copromonas	Copromonas	genus	0.0018	abund	0.0018	0.0095	0.015303259594293584	0.117622	DYN_0007_D01.fastq	DYN_0007_D01	illumina	sylph	default	sylph_default
2840584	2840584	Egerieenecus	Egerieenecus	genus	0.0029	abund	0.0029	0.0158	0.024655251568584106	0.117622	DYN_0007_D01.fastq	DYN_0007_D01	illumina	sylph	default	sylph_default
2840586	2840586	Faecimorpha	Faecimorpha	genus	0.0026	abund	0.0026	0.0153	0.022104708302868512	0.117622	DYN_0007_D01.fastq	DYN_0007_D01	illumina	sylph	default	sylph_default
2840588	2840588	Faecousia	Faecousia	genus	0.057	abund	0.057	0.3162999999999999	0.48460322048596355	0.117622	DYN_0007_D01.fastq	DYN_0007_D01	illumina	sylph	default	sylph_default
2840589	2840589	Fimadaptatus	Fimadaptatus	genus	0.0016	abund	0.0016	0.0078	0.013602897417149854	0.117622	DYN_0007_D01.fastq	DYN_0007_D01	illumina	sylph	default	sylph_default
2840594	2840594	Limiplasma	Limiplasma	genus	0.0118	abund	0.0118	0.0782	0.10032136845148017	0.117622	DYN_0007_D01.fastq	DYN_0007_D01	illumina	sylph	default	sylph_default
2840595	2840595	Limivicinus	Limivicinus	genus	0.043	abund	0.043	0.2106	0.36557786808590226	0.117622	DYN_0007_D01.fastq	DYN_0007_D01	illumina	sylph	default	sylph_default
2840601	2840601	Ventricola	Ventricola	genus	0.0103	abund	0.0103	0.068	0.08756865212290219	0.117622	DYN_0007_D01.fastq	DYN_0007_D01	illumina	sylph	default	sylph_default
2840613	2840613	Choladousia	Choladousia	genus	0.0055	abund	0.0055	0.0545	0.046759959871452615	0.117622	DYN_0007_D01.fastq	DYN_0007_D01	illumina	sylph	default	sylph_default
2840615	2840615	Merdiplasma	Merdiplasma	genus	0.001	abund	0.001	0.0065	0.008501810885718658	0.117622	DYN_0007_D01.fastq	DYN_0007_D01	illumina	sylph	default	sylph_default
2840617	2840617	Scatomonas	Scatomonas	genus	0.0012	abund	0.0012	0.0115	0.010202173062862389	0.117622	DYN_0007_D01.fastq	DYN_0007_D01	illumina	sylph	default	sylph_default
2840626	2840626	Onthomonas	Onthomonas	genus	0.0062	abund	0.0062	0.0299	0.05271122749145568	0.117622	DYN_0007_D01.fastq	DYN_0007_D01	illumina	sylph	default	sylph_default
2840627	2840627	Pelethomonas	Pelethomonas	genus	0.007	abund	0.007	0.0372	0.05951267620003061	0.117622	DYN_0007_D01.fastq	DYN_0007_D01	illumina	sylph	default	sylph_default
2840632	2840632	Fimivivens	Fimivivens	genus	0.0145	abund	0.0145	0.0938	0.12327625784292055	0.117622	DYN_0007_D01.fastq	DYN_0007_D01	illumina	sylph	default	sylph_default
2840661	2840661	Limivivens	Limivivens	genus	0.0066	abund	0.0066	0.0615	0.05611195184574315	0.117622	DYN_0007_D01.fastq	DYN_0007_D01	illumina	sylph	default	sylph_default
2892396	2892396	Vescimonas	Vescimonas	genus	2.1653	abund	2.1653	17.2211	18.408971110846608	0.117622	DYN_0007_D01.fastq	DYN_0007_D01	illumina	sylph	default	sylph_default
2895461	2895461	Massiliimalia	Massiliimalia	genus	0.0009	abund	0.0009	0.0061	0.007651629797146792	0.117622	DYN_0007_D01.fastq	DYN_0007_D01	illumina	sylph	default	sylph_default
2918511	2918511	Diplocloster	Diplocloster	genus	0.0013	abund	0.0013	0.0188	0.011052354151434256	0.117622	DYN_0007_D01.fastq	DYN_0007_D01	illumina	sylph	default	sylph_default
2941495	2941495	Otoolea	Otoolea	genus	0.0048	abund	0.0048	0.0388	0.040808692251449556	0.117622	DYN_0007_D01.fastq	DYN_0007_D01	illumina	sylph	default	sylph_default
2941497	2941497	Anaerotardibacter	Anaerotardibacter	genus	0.0103	abund	0.0103	0.0472	0.08756865212290219	0.117622	DYN_0007_D01.fastq	DYN_0007_D01	illumina	sylph	default	sylph_default
2941498	2941498	Hominisplanchenecus	Hominisplanchenecus	genus	0.0363	abund	0.0363	0.2908	0.3086157351515873	0.117622	DYN_0007_D01.fastq	DYN_0007_D01	illumina	sylph	default	sylph_default
2944143	2944143	Yeguia	Yeguia	genus	0.0019	abund	0.0019	0.0141	0.01615344068286545	0.117622	DYN_0007_D01.fastq	DYN_0007_D01	illumina	sylph	default	sylph_default
2944146	2944146	Bianquea	Bianquea	genus	0.0007	abund	0.0007	0.0064	0.00595126762000306	0.117622	DYN_0007_D01.fastq	DYN_0007_D01	illumina	sylph	default	sylph_default
2944148	2944148	Guopingia	Guopingia	genus	0.0013	abund	0.0013	0.0069	0.011052354151434256	0.117622	DYN_0007_D01.fastq	DYN_0007_D01	illumina	sylph	default	sylph_default
2944150	2944150	Congzhengia	Congzhengia	genus	0.0033	abund	0.0033	0.0227	0.028055975922871575	0.117622	DYN_0007_D01.fastq	DYN_0007_D01	illumina	sylph	default	sylph_default
2944151	2944151	Fumia	Fumia	genus	0.0008	abund	0.0008	0.0054	0.006801448708574927	0.117622	DYN_0007_D01.fastq	DYN_0007_D01	illumina	sylph	default	sylph_default
2944152	2944152	Wujia	Wujia	genus	0.0058	abund	0.0058	0.0416	0.04931050313716821	0.117622	DYN_0007_D01.fastq	DYN_0007_D01	illumina	sylph	default	sylph_default
2944194	2944194	Jutongia	Jutongia	genus	0.0229	abund	0.0229	0.1721	0.19469146928295727	0.117622	DYN_0007_D01.fastq	DYN_0007_D01	illumina	sylph	default	sylph_default
2944200	2944200	Lentihominibacter	Lentihominibacter	genus	0.0147	abund	0.0147	0.078	0.12497662002006427	0.117622	DYN_0007_D01.fastq	DYN_0007_D01	illumina	sylph	default	sylph_default
2946539	2946539	Pararoseburia	Pararoseburia	genus	0.0011	abund	0.0011	0.0067	0.009351991974290524	0.117622	DYN_0007_D01.fastq	DYN_0007_D01	illumina	sylph	default	sylph_default
2981629	2981629	Alitiscatomonas	Alitiscatomonas	genus	0.015	abund	0.015	0.1261	0.12752716328577987	0.117622	DYN_0007_D01.fastq	DYN_0007_D01	illumina	sylph	default	sylph_default
2981630	2981630	Anthropogastromicrobium	Anthropogastromicrobium	genus	0.0062	abund	0.0062	0.0578	0.05271122749145568	0.117622	DYN_0007_D01.fastq	DYN_0007_D01	illumina	sylph	default	sylph_default
2981633	2981633	Gallintestinimicrobium	Gallintestinimicrobium	genus	0.0017	abund	0.0017	0.0162	0.014453078505721717	0.117622	DYN_0007_D01.fastq	DYN_0007_D01	illumina	sylph	default	sylph_default
2981637	2981637	Laedolimicola	Laedolimicola	genus	0.0046	abund	0.0046	0.0407	0.03910833007430582	0.117622	DYN_0007_D01.fastq	DYN_0007_D01	illumina	sylph	default	sylph_default
2981638	2981638	Muricoprocola	Muricoprocola	genus	0.0012	abund	0.0012	0.0106	0.010202173062862389	0.117622	DYN_0007_D01.fastq	DYN_0007_D01	illumina	sylph	default	sylph_default
2981640	2981640	Suilimivivens	Suilimivivens	genus	0.0058	abund	0.0058	0.0475	0.04931050313716821	0.117622	DYN_0007_D01.fastq	DYN_0007_D01	illumina	sylph	default	sylph_default
2983249	2983249	Zongyangia	Zongyangia	genus	0.0012	abund	0.0012	0.0063	0.010202173062862389	0.117622	DYN_0007_D01.fastq	DYN_0007_D01	illumina	sylph	default	sylph_default
3028852	3028852	Merdimmobilis	Merdimmobilis	genus	0.0013	abund	0.0013	0.007	0.011052354151434256	0.117622	DYN_0007_D01.fastq	DYN_0007_D01	illumina	sylph	default	sylph_default
3028853	3028853	Lientehia	Lientehia	genus	0.0025	abund	0.0025	0.0131	0.021254527214296645	0.117622	DYN_0007_D01.fastq	DYN_0007_D01	illumina	sylph	default	sylph_default
3073564	3073564	Hominicoprocola	Hominicoprocola	genus	0.2338	abund	0.2338	1.4842	1.9877233850810225	0.117622	DYN_0007_D01.fastq	DYN_0007_D01	illumina	sylph	default	sylph_default
3073565	3073565	Hominilimicola	Hominilimicola	genus	0.0021	abund	0.0021	0.0159	0.01785380286000918	0.117622	DYN_0007_D01.fastq	DYN_0007_D01	illumina	sylph	default	sylph_default
3073574	3073574	Brotaphodocola	Brotaphodocola	genus	0.0031	abund	0.0031	0.0241	0.02635561374572784	0.117622	DYN_0007_D01.fastq	DYN_0007_D01	illumina	sylph	default	sylph_default
3073575	3073575	Hominenteromicrobium	Hominenteromicrobium	genus	0.0053	abund	0.0053	0.037	0.04505959769430889	0.117622	DYN_0007_D01.fastq	DYN_0007_D01	illumina	sylph	default	sylph_default
3073584	3073584	Hominiventricola	Hominiventricola	genus	0.0137	abund	0.0137	0.1149999999999999	0.11647480913434563	0.117622	DYN_0007_D01.fastq	DYN_0007_D01	illumina	sylph	default	sylph_default
0	0	DXTB01	DXTB01	genus	0.0155	abund	0.0155	0.0878	0.30805310438031647	0.05031599999999999	DYN_0021_D03.fastq	DYN_0021_D03	illumina	sylph	default	sylph_default
0	0	Pseudoscilispira	Pseudoscilispira	genus	0.0055	abund	0.0055	0.0472	0.10930916607043485	0.05031599999999999	DYN_0021_D03.fastq	DYN_0021_D03	illumina	sylph	default	sylph_default
0	0	QANA01	QANA01	genus	0.0002	abund	0.0002	0.0008	0.003974878766197632	0.05031599999999999	DYN_0021_D03.fastq	DYN_0021_D03	illumina	sylph	default	sylph_default
0	0	UMGS1071	UMGS1071	genus	0.0204	abund	0.0204	0.1541	0.40543763415215844	0.05031599999999999	DYN_0021_D03.fastq	DYN_0021_D03	illumina	sylph	default	sylph_default
286	286	Pseudomonas	Pseudomonas	genus	0.0659	abund	0.0659	1.617	1.3097225534621195	0.05031599999999999	DYN_0021_D03.fastq	DYN_0021_D03	illumina	sylph	default	sylph_default
482	482	Neisseria	Neisseria	genus	0.0006	abund	0.0006	0.0056	0.011924636298592894	0.05031599999999999	DYN_0021_D03.fastq	DYN_0021_D03	illumina	sylph	default	sylph_default
538	538	Eikenella	Eikenella	genus	0.005	abund	0.005	0.0426	0.09937196915494079	0.05031599999999999	DYN_0021_D03.fastq	DYN_0021_D03	illumina	sylph	default	sylph_default
544	544	Citrobacter	Citrobacter	genus	0.0389	abund	0.0389	0.8428	0.7731139200254393	0.05031599999999999	DYN_0021_D03.fastq	DYN_0021_D03	illumina	sylph	default	sylph_default
547	547	Enterobacter	Enterobacter	genus	0.6052	abund	0.6052	10.7383	12.027983146514032	0.05031599999999999	DYN_0021_D03.fastq	DYN_0021_D03	illumina	sylph	default	sylph_default
568	568	Hafnia	Hafnia	genus	0.0003	abund	0.0003	0.0053	0.005962318149296447	0.05031599999999999	DYN_0021_D03.fastq	DYN_0021_D03	illumina	sylph	default	sylph_default
570	570	Klebsiella	Klebsiella	genus	0.0618	abund	0.0618	1.4861	1.2282375387550681	0.05031599999999999	DYN_0021_D03.fastq	DYN_0021_D03	illumina	sylph	default	sylph_default
816	816	Bacteroides	Bacteroides	genus	0.7884999999999999	abund	0.7884999999999999	14.38	15.67095953573416	0.05031599999999999	DYN_0021_D03.fastq	DYN_0021_D03	illumina	sylph	default	sylph_default
1301	1301	Streptococcus	Streptococcus	genus	0.0003	abund	0.0003	0.0027	0.005962318149296447	0.05031599999999999	DYN_0021_D03.fastq	DYN_0021_D03	illumina	sylph	default	sylph_default
1350	1350	Enterococcus_A	Enterococcus	genus	0.0002	abund	0.0002	0.0033	0.003974878766197632	0.05031599999999999	DYN_0021_D03.fastq	DYN_0021_D03	illumina	sylph	default	sylph_default
1378	1378	Gemella	Gemella	genus	0.0005	abund	0.0005	0.0034	0.00993719691549408	0.05031599999999999	DYN_0021_D03.fastq	DYN_0021_D03	illumina	sylph	default	sylph_default
1485	1485	Clostridium_AQ	Clostridium	genus	0.1359	abund	0.1359	2.4913	2.700930121631291	0.05031599999999999	DYN_0021_D03.fastq	DYN_0021_D03	illumina	sylph	default	sylph_default
1678	1678	Bifidobacterium	Bifidobacterium	genus	0.0003	abund	0.0003	0.0027	0.005962318149296447	0.05031599999999999	DYN_0021_D03.fastq	DYN_0021_D03	illumina	sylph	default	sylph_default
1730	1730	Eubacterium	Eubacterium	genus	0.0004	abund	0.0004	0.0069	0.007949757532395263	0.05031599999999999	DYN_0021_D03.fastq	DYN_0021_D03	illumina	sylph	default	sylph_default
29465	29465	Veillonella	Veillonella	genus	0.0022	abund	0.0022	0.0183	0.04372366642817395	0.05031599999999999	DYN_0021_D03.fastq	DYN_0021_D03	illumina	sylph	default	sylph_default
32207	32207	Rothia	Rothia	genus	0.0002	abund	0.0002	0.0023	0.003974878766197632	0.05031599999999999	DYN_0021_D03.fastq	DYN_0021_D03	illumina	sylph	default	sylph_default
33024	33024	Phascolarctobacterium	Phascolarctobacterium	genus	0.0618	abund	0.0618	0.556	1.2282375387550681	0.05031599999999999	DYN_0021_D03.fastq	DYN_0021_D03	illumina	sylph	default	sylph_default
35832	35832	Bilophila	Bilophila	genus	0.177	abund	0.177	3.1854	3.5177677080849037	0.05031599999999999	DYN_0021_D03.fastq	DYN_0021_D03	illumina	sylph	default	sylph_default
61170	61170	Holdemania	Holdemania	genus	0.009	abund	0.009	0.1381	0.17886954447889342	0.05031599999999999	DYN_0021_D03.fastq	DYN_0021_D03	illumina	sylph	default	sylph_default
84111	84111	Eggerthella	Eggerthella	genus	0.0005	abund	0.0005	0.0066	0.00993719691549408	0.05031599999999999	DYN_0021_D03.fastq	DYN_0021_D03	illumina	sylph	default	sylph_default
117563	117563	Granulicatella	Granulicatella	genus	0.0004	abund	0.0004	0.0029	0.007949757532395263	0.05031599999999999	DYN_0021_D03.fastq	DYN_0021_D03	illumina	sylph	default	sylph_default
209879	209879	Allisonella	Allisonella	genus	0.004	abund	0.004	0.0196	0.07949757532395264	0.05031599999999999	DYN_0021_D03.fastq	DYN_0021_D03	illumina	sylph	default	sylph_default
239759	239759	Alistipes	Alistipes	genus	0.1708	abund	0.1708	2.3883	3.394546466332778	0.05031599999999999	DYN_0021_D03.fastq	DYN_0021_D03	illumina	sylph	default	sylph_default
264995	264995	Anaerofustis	Anaerofustis	genus	0.0006	abund	0.0006	0.0057	0.011924636298592894	0.05031599999999999	DYN_0021_D03.fastq	DYN_0021_D03	illumina	sylph	default	sylph_default
283168	283168	Odoribacter	Odoribacter	genus	0.0016	abund	0.0016	0.028	0.03179903012958105	0.05031599999999999	DYN_0021_D03.fastq	DYN_0021_D03	illumina	sylph	default	sylph_default
375288	375288	Parabacteroides	Parabacteroides	genus	0.5649	abund	0.5649	10.5121	11.22704507512521	0.05031599999999999	DYN_0021_D03.fastq	DYN_0021_D03	illumina	sylph	default	sylph_default
419014	419014	Alloscardovia	Alloscardovia	genus	0.0003	abund	0.0003	0.0021	0.005962318149296447	0.05031599999999999	DYN_0021_D03.fastq	DYN_0021_D03	illumina	sylph	default	sylph_default
447792	447792	Phytobacter	Phytobacter	genus	0.7246	abund	0.7246	15.6108	14.400985769934021	0.05031599999999999	DYN_0021_D03.fastq	DYN_0021_D03	illumina	sylph	default	sylph_default
572511	572511	Blautia	Blautia	genus	0.0003	abund	0.0003	0.0067	0.005962318149296447	0.05031599999999999	DYN_0021_D03.fastq	DYN_0021_D03	illumina	sylph	default	sylph_default
577309	577309	Paraprevotella	Paraprevotella	genus	0.0339	abund	0.0339	0.5573	0.6737419508704986	0.05031599999999999	DYN_0021_D03.fastq	DYN_0021_D03	illumina	sylph	default	sylph_default
577310	577310	Parasutterella	Parasutterella	genus	0.4035	abund	0.4035	4.4396	8.019317910803721	0.05031599999999999	DYN_0021_D03.fastq	DYN_0021_D03	illumina	sylph	default	sylph_default
580596	580596	Butyricicoccus	Butyricicoccus	genus	0.0005	abund	0.0005	0.0047	0.00993719691549408	0.05031599999999999	DYN_0021_D03.fastq	DYN_0021_D03	illumina	sylph	default	sylph_default
644652	644652	Gordonibacter	Gordonibacter	genus	0.0003	abund	0.0003	0.0033	0.005962318149296447	0.05031599999999999	DYN_0021_D03.fastq	DYN_0021_D03	illumina	sylph	default	sylph_default
909656	909656	Phocaeicola	Phocaeicola	genus	0.5352	abund	0.5352	10.7382	10.636775578344864	0.05031599999999999	DYN_0021_D03.fastq	DYN_0021_D03	illumina	sylph	default	sylph_default
946234	946234	Flavonifractor	Flavonifractor	genus	0.0144	abund	0.0144	0.2139	0.28619127116622944	0.05031599999999999	DYN_0021_D03.fastq	DYN_0021_D03	illumina	sylph	default	sylph_default
990721	990721	Christensenella	Christensenella	genus	0.0042	abund	0.0042	0.0518	0.08347245409015026	0.05031599999999999	DYN_0021_D03.fastq	DYN_0021_D03	illumina	sylph	default	sylph_default
1348911	1348911	Coprobacter	Coprobacter	genus	0.0009	abund	0.0009	0.0142	0.01788695444788934	0.05031599999999999	DYN_0021_D03.fastq	DYN_0021_D03	illumina	sylph	default	sylph_default
1392389	1392389	Intestinimonas	Intestinimonas	genus	0.0014	abund	0.0014	0.0181	0.02782415136338342	0.05031599999999999	DYN_0021_D03.fastq	DYN_0021_D03	illumina	sylph	default	sylph_default
1472649	1472649	Dielma	Dielma	genus	0.0042	abund	0.0042	0.0587	0.08347245409015026	0.05031599999999999	DYN_0021_D03.fastq	DYN_0021_D03	illumina	sylph	default	sylph_default
1769710	1769710	Sellimonas	Sellimonas	genus	0.0009	abund	0.0009	0.0108	0.01788695444788934	0.05031599999999999	DYN_0021_D03.fastq	DYN_0021_D03	illumina	sylph	default	sylph_default
1905344	1905344	Ruthenibacterium	Ruthenibacterium	genus	0.0337	abund	0.0337	0.5233000000000001	0.669767072104301	0.05031599999999999	DYN_0021_D03.fastq	DYN_0021_D03	illumina	sylph	default	sylph_default
1918511	1918511	Frisingicoccus	Frisingicoccus	genus	0.0006	abund	0.0006	0.0063	0.011924636298592894	0.05031599999999999	DYN_0021_D03.fastq	DYN_0021_D03	illumina	sylph	default	sylph_default
1918536	1918536	Longicatena	Longicatena	genus	0.0151	abund	0.0151	0.1722	0.30010334684792117	0.05031599999999999	DYN_0021_D03.fastq	DYN_0021_D03	illumina	sylph	default	sylph_default
1918542	1918542	Muricomes	Muricomes	genus	0.0031	abund	0.0031	0.0662	0.06161062087606329	0.05031599999999999	DYN_0021_D03.fastq	DYN_0021_D03	illumina	sylph	default	sylph_default
1924093	1924093	Anaeromassilibacillus	Anaeromassilibacillus	genus	0.0004	abund	0.0004	0.004	0.007949757532395263	0.05031599999999999	DYN_0021_D03.fastq	DYN_0021_D03	illumina	sylph	default	sylph_default
1926556	1926556	Emergencia	Emergencia	genus	0.0005	abund	0.0005	0.005	0.00993719691549408	0.05031599999999999	DYN_0021_D03.fastq	DYN_0021_D03	illumina	sylph	default	sylph_default
1940255	1940255	Fournierella	Fournierella	genus	0.0216	abund	0.0216	0.2841	0.4292869067493442	0.05031599999999999	DYN_0021_D03.fastq	DYN_0021_D03	illumina	sylph	default	sylph_default
2039240	2039240	Anaerotignum	Anaerotignum	genus	0.2594	abund	0.2594	2.749	5.155417759758328	0.05031599999999999	DYN_0021_D03.fastq	DYN_0021_D03	illumina	sylph	default	sylph_default
2126002	2126002	Rubneribacter	Rubneribacter	genus	0.0002	abund	0.0002	0.0026	0.003974878766197632	0.05031599999999999	DYN_0021_D03.fastq	DYN_0021_D03	illumina	sylph	default	sylph_default
2172004	2172004	Lawsonibacter	Lawsonibacter	genus	0.0485	abund	0.0485	0.781	0.9639081008029258	0.05031599999999999	DYN_0021_D03.fastq	DYN_0021_D03	illumina	sylph	default	sylph_default
2211178	2211178	Evtepia	Evtepia	genus	0.0009	abund	0.0009	0.0072	0.01788695444788934	0.05031599999999999	DYN_0021_D03.fastq	DYN_0021_D03	illumina	sylph	default	sylph_default
2316020	2316020	Mediterraneibacter	Mediterraneibacter	genus	0.0135	abund	0.0135	0.1443	0.26830431671834015	0.05031599999999999	DYN_0021_D03.fastq	DYN_0021_D03	illumina	sylph	default	sylph_default
2591381	2591381	Dysosmobacter	Dysosmobacter	genus	0.0185	abund	0.0185	0.2538	0.3676762858732809	0.05031599999999999	DYN_0021_D03.fastq	DYN_0021_D03	illumina	sylph	default	sylph_default
2719313	2719313	Enterocloster	Enterocloster	genus	0.1461	abund	0.1461	3.6975	2.90364893870737	0.05031599999999999	DYN_0021_D03.fastq	DYN_0021_D03	illumina	sylph	default	sylph_default
2740557	2740557	Pauljensenia	Pauljensenia	genus	0.0006	abund	0.0006	0.0057	0.011924636298592894	0.05031599999999999	DYN_0021_D03.fastq	DYN_0021_D03	illumina	sylph	default	sylph_default
2767353	2767353	Lancefieldella	Lancefieldella	genus	0.0002	abund	0.0002	0.0015	0.003974878766197632	0.05031599999999999	DYN_0021_D03.fastq	DYN_0021_D03	illumina	sylph	default	sylph_default
2840598	2840598	Scatomorpha	Scatomorpha	genus	0.0007	abund	0.0007	0.0068	0.01391207568169171	0.05031599999999999	DYN_0021_D03.fastq	DYN_0021_D03	illumina	sylph	default	sylph_default
2840617	2840617	Scatomonas	Scatomonas	genus	0.0005	abund	0.0005	0.0074	0.00993719691549408	0.05031599999999999	DYN_0021_D03.fastq	DYN_0021_D03	illumina	sylph	default	sylph_default
2840631	2840631	Fimivicinus	Fimivicinus	genus	0.0035	abund	0.0035	0.0372	0.06956037840845856	0.05031599999999999	DYN_0021_D03.fastq	DYN_0021_D03	illumina	sylph	default	sylph_default
2941495	2941495	Otoolea	Otoolea	genus	0.0006	abund	0.0006	0.0115	0.011924636298592894	0.05031599999999999	DYN_0021_D03.fastq	DYN_0021_D03	illumina	sylph	default	sylph_default
3016626	3016626	Hominibacterium	Hominibacterium	genus	0.0003	abund	0.0003	0.0032	0.005962318149296447	0.05031599999999999	DYN_0021_D03.fastq	DYN_0021_D03	illumina	sylph	default	sylph_default
3059504	3059504	Allocoprobacillus	Allocoprobacillus	genus	0.0001	abund	0.0001	0.0013	0.001987439383098816	0.05031599999999999	DYN_0021_D03.fastq	DYN_0021_D03	illumina	sylph	default	sylph_default
0	0	AF33-28	AF33-28	genus	0.001	abund	0.001	0.02	0.013206376038351316	0.07572100000000001	DYN_0024_D01.fastq	DYN_0024_D01	illumina	sylph	default	sylph_default
0	0	Bittarella	Bittarella	genus	0.0042	abund	0.0042	0.0478	0.05546677936107552	0.07572100000000001	DYN_0024_D01.fastq	DYN_0024_D01	illumina	sylph	default	sylph_default
0	0	CAG-103	CAG-103	genus	0.003	abund	0.003	0.0224	0.03961912811505394	0.07572100000000001	DYN_0024_D01.fastq	DYN_0024_D01	illumina	sylph	default	sylph_default
0	0	CAG-303	CAG-303	genus	0.0023	abund	0.0023	0.0209	0.03037466488820802	0.07572100000000001	DYN_0024_D01.fastq	DYN_0024_D01	illumina	sylph	default	sylph_default
0	0	CAJFUH01	CAJFUH01	genus	0.0051	abund	0.0051	0.0442	0.0673525177955917	0.07572100000000001	DYN_0024_D01.fastq	DYN_0024_D01	illumina	sylph	default	sylph_default
0	0	CAJFUR01	CAJFUR01	genus	0.0505	abund	0.0505	0.6014	0.6669219899367415	0.07572100000000001	DYN_0024_D01.fastq	DYN_0024_D01	illumina	sylph	default	sylph_default
0	0	CAJPQU01	CAJPQU01	genus	0.0088	abund	0.0088	0.0657	0.11621610913749157	0.07572100000000001	DYN_0024_D01.fastq	DYN_0024_D01	illumina	sylph	default	sylph_default
0	0	CAJTWN01	CAJTWN01	genus	0.0006	abund	0.0006	0.0061	0.007923825623010788	0.07572100000000001	DYN_0024_D01.fastq	DYN_0024_D01	illumina	sylph	default	sylph_default
0	0	CALXEM01	CALXEM01	genus	0.0176	abund	0.0176	0.2313	0.23243221827498314	0.07572100000000001	DYN_0024_D01.fastq	DYN_0024_D01	illumina	sylph	default	sylph_default
0	0	CALXSR01	CALXSR01	genus	0.0013	abund	0.0013	0.0091	0.01716828884985671	0.07572100000000001	DYN_0024_D01.fastq	DYN_0024_D01	illumina	sylph	default	sylph_default
0	0	CAMMKL01	CAMMKL01	genus	0.0012	abund	0.0012	0.0103	0.015847651246021575	0.07572100000000001	DYN_0024_D01.fastq	DYN_0024_D01	illumina	sylph	default	sylph_default
0	0	CHH4-2	CHH4-2	genus	0.0003	abund	0.0003	0.0068	0.003961912811505394	0.07572100000000001	DYN_0024_D01.fastq	DYN_0024_D01	illumina	sylph	default	sylph_default
0	0	DXWE01	DXWE01	genus	0.0006	abund	0.0006	0.0048	0.007923825623010788	0.07572100000000001	DYN_0024_D01.fastq	DYN_0024_D01	illumina	sylph	default	sylph_default
0	0	HGM13862	HGM13862	genus	0.0015	abund	0.0015	0.01	0.01980956405752697	0.07572100000000001	DYN_0024_D01.fastq	DYN_0024_D01	illumina	sylph	default	sylph_default
0	0	HGM14224	HGM14224	genus	0.0061	abund	0.0061	0.0546	0.08055889383394302	0.07572100000000001	DYN_0024_D01.fastq	DYN_0024_D01	illumina	sylph	default	sylph_default
0	0	JAGZMM01	JAGZMM01	genus	0.0083	abund	0.0083	0.0755	0.1096129211183159	0.07572100000000001	DYN_0024_D01.fastq	DYN_0024_D01	illumina	sylph	default	sylph_default
0	0	MGBC163490	MGBC163490	genus	0.0003	abund	0.0003	0.003	0.003961912811505394	0.07572100000000001	DYN_0024_D01.fastq	DYN_0024_D01	illumina	sylph	default	sylph_default
0	0	QAND01	QAND01	genus	0.0043	abund	0.0043	0.0252	0.05678741696491065	0.07572100000000001	DYN_0024_D01.fastq	DYN_0024_D01	illumina	sylph	default	sylph_default
0	0	RGIG7067	RGIG7067	genus	0.0018	abund	0.0018	0.016	0.023771476869032367	0.07572100000000001	DYN_0024_D01.fastq	DYN_0024_D01	illumina	sylph	default	sylph_default
0	0	RGIG7773	RGIG7773	genus	0.0006	abund	0.0006	0.005	0.007923825623010788	0.07572100000000001	DYN_0024_D01.fastq	DYN_0024_D01	illumina	sylph	default	sylph_default
0	0	Scybalocola	Scybalocola	genus	0.0016	abund	0.0016	0.0171	0.021130201661362105	0.07572100000000001	DYN_0024_D01.fastq	DYN_0024_D01	illumina	sylph	default	sylph_default
0	0	UBA11774	UBA11774	genus	0.0052	abund	0.0052	0.0462	0.06867315539942684	0.07572100000000001	DYN_0024_D01.fastq	DYN_0024_D01	illumina	sylph	default	sylph_default
0	0	UBA7185	UBA7185	genus	0.0017	abund	0.0017	0.0165	0.022450839265197232	0.07572100000000001	DYN_0024_D01.fastq	DYN_0024_D01	illumina	sylph	default	sylph_default
0	0	UMGS1071	UMGS1071	genus	0.0018	abund	0.0018	0.0139	0.023771476869032367	0.07572100000000001	DYN_0024_D01.fastq	DYN_0024_D01	illumina	sylph	default	sylph_default
0	0	UMGS1623	UMGS1623	genus	0.001	abund	0.001	0.0114	0.013206376038351316	0.07572100000000001	DYN_0024_D01.fastq	DYN_0024_D01	illumina	sylph	default	sylph_default
0	0	UMGS1783	UMGS1783	genus	0.0217	abund	0.0217	0.1902	0.28657836003222353	0.07572100000000001	DYN_0024_D01.fastq	DYN_0024_D01	illumina	sylph	default	sylph_default
0	0	UMGS856	UMGS856	genus	0.0049	abund	0.0049	0.0724	0.06471124258792144	0.07572100000000001	DYN_0024_D01.fastq	DYN_0024_D01	illumina	sylph	default	sylph_default
0	0	UMGS946	UMGS946	genus	0.1007	abund	0.1007	0.7863	1.3298820670619775	0.07572100000000001	DYN_0024_D01.fastq	DYN_0024_D01	illumina	sylph	default	sylph_default
544	544	Citrobacter_B	Citrobacter	genus	0.0068	abund	0.0068	0.1275	0.08980335706078893	0.07572100000000001	DYN_0024_D01.fastq	DYN_0024_D01	illumina	sylph	default	sylph_default
561	561	Escherichia	Escherichia	genus	0.0032	abund	0.0032	0.0653	0.04226040332272421	0.07572100000000001	DYN_0024_D01.fastq	DYN_0024_D01	illumina	sylph	default	sylph_default
583	583	Proteus	Proteus	genus	0.0024	abund	0.0024	0.039	0.03169530249204315	0.07572100000000001	DYN_0024_D01.fastq	DYN_0024_D01	illumina	sylph	default	sylph_default
816	816	Bacteroides	Bacteroides	genus	1.3432	abund	1.3432	21.8303	17.738804294713486	0.07572100000000001	DYN_0024_D01.fastq	DYN_0024_D01	illumina	sylph	default	sylph_default
838	838	Prevotella	Prevotella	genus	0.0008	abund	0.0008	0.0078	0.010565100830681053	0.07572100000000001	DYN_0024_D01.fastq	DYN_0024_D01	illumina	sylph	default	sylph_default
841	841	Roseburia	Roseburia	genus	0.0051	abund	0.0051	0.08	0.0673525177955917	0.07572100000000001	DYN_0024_D01.fastq	DYN_0024_D01	illumina	sylph	default	sylph_default
1263	1263	Ruminococcus_B	Ruminococcus	genus	0.0028	abund	0.0028	0.0394	0.03697785290738368	0.07572100000000001	DYN_0024_D01.fastq	DYN_0024_D01	illumina	sylph	default	sylph_default
1266	1266	Sarcina	Sarcina	genus	0.0007	abund	0.0007	0.0098	0.00924446322684592	0.07572100000000001	DYN_0024_D01.fastq	DYN_0024_D01	illumina	sylph	default	sylph_default
1279	1279	Staphylococcus	Staphylococcus	genus	0.0006	abund	0.0006	0.0062	0.007923825623010788	0.07572100000000001	DYN_0024_D01.fastq	DYN_0024_D01	illumina	sylph	default	sylph_default
1301	1301	Streptococcus	Streptococcus	genus	0.074	abund	0.074	0.5914	0.9772718268379972	0.07572100000000001	DYN_0024_D01.fastq	DYN_0024_D01	illumina	sylph	default	sylph_default
1350	1350	Enterococcus	Enterococcus	genus	0.014199999999999999	abund	0.014199999999999999	0.1661999999999999	0.18753053974458866	0.07572100000000001	DYN_0024_D01.fastq	DYN_0024_D01	illumina	sylph	default	sylph_default
1485	1485	Clostridium_X	Clostridium	genus	0.0516	abund	0.0516	0.7118999999999999	0.6814490035789279	0.07572100000000001	DYN_0024_D01.fastq	DYN_0024_D01	illumina	sylph	default	sylph_default
1654	1654	Actinomyces	Actinomyces	genus	0.0009	abund	0.0009	0.011	0.011885738434516183	0.07572100000000001	DYN_0024_D01.fastq	DYN_0024_D01	illumina	sylph	default	sylph_default
1678	1678	Bifidobacterium	Bifidobacterium	genus	0.0762	abund	0.0762	0.7145	1.0063258541223703	0.07572100000000001	DYN_0024_D01.fastq	DYN_0024_D01	illumina	sylph	default	sylph_default
1730	1730	Eubacterium_G	Eubacterium	genus	0.0189	abund	0.0189	0.2221	0.24960050712483986	0.07572100000000001	DYN_0024_D01.fastq	DYN_0024_D01	illumina	sylph	default	sylph_default
28050	28050	Lachnospira	Lachnospira	genus	0.0091	abund	0.0091	0.0936	0.12017802194899697	0.07572100000000001	DYN_0024_D01.fastq	DYN_0024_D01	illumina	sylph	default	sylph_default
29465	29465	Veillonella	Veillonella	genus	0.0023	abund	0.0023	0.0194	0.03037466488820802	0.07572100000000001	DYN_0024_D01.fastq	DYN_0024_D01	illumina	sylph	default	sylph_default
32207	32207	Rothia	Rothia	genus	0.0007	abund	0.0007	0.0064	0.00924446322684592	0.07572100000000001	DYN_0024_D01.fastq	DYN_0024_D01	illumina	sylph	default	sylph_default
33042	33042	Coprococcus_A	Coprococcus	genus	0.0093	abund	0.0093	0.1312	0.12281929715666721	0.07572100000000001	DYN_0024_D01.fastq	DYN_0024_D01	illumina	sylph	default	sylph_default
39948	39948	Dialister	Dialister	genus	0.0019	abund	0.0019	0.0147	0.025092114472867497	0.07572100000000001	DYN_0024_D01.fastq	DYN_0024_D01	illumina	sylph	default	sylph_default
84111	84111	Eggerthella	Eggerthella	genus	0.1482	abund	0.1482	2.1667	1.957184928883665	0.07572100000000001	DYN_0024_D01.fastq	DYN_0024_D01	illumina	sylph	default	sylph_default
118747	118747	Bulleidia	Bulleidia	genus	0.0005	abund	0.0005	0.0049	0.006603188019175658	0.07572100000000001	DYN_0024_D01.fastq	DYN_0024_D01	illumina	sylph	default	sylph_default
162289	162289	Peptoniphilus_A	Peptoniphilus	genus	0.0013	abund	0.0013	0.0104999999999999	0.01716828884985671	0.07572100000000001	DYN_0024_D01.fastq	DYN_0024_D01	illumina	sylph	default	sylph_default
165779	165779	Anaerococcus	Anaerococcus	genus	0.0019	abund	0.0019	0.0152	0.025092114472867497	0.07572100000000001	DYN_0024_D01.fastq	DYN_0024_D01	illumina	sylph	default	sylph_default
189330	189330	Dorea_A	Dorea	genus	0.054	abund	0.054	0.6838	0.713144306070971	0.07572100000000001	DYN_0024_D01.fastq	DYN_0024_D01	illumina	sylph	default	sylph_default
191303	191303	Turicibacter	Turicibacter	genus	0.0036	abund	0.0036	0.0419	0.04754295373806473	0.07572100000000001	DYN_0024_D01.fastq	DYN_0024_D01	illumina	sylph	default	sylph_default
207244	207244	Anaerostipes	Anaerostipes	genus	0.0062	abund	0.0062	0.0785	0.08187953143777815	0.07572100000000001	DYN_0024_D01.fastq	DYN_0024_D01	illumina	sylph	default	sylph_default
216851	216851	Faecalibacterium	Faecalibacterium	genus	0.0060999999999999	abund	0.0060999999999999	0.0755	0.0805588938339417	0.07572100000000001	DYN_0024_D01.fastq	DYN_0024_D01	illumina	sylph	default	sylph_default
239759	239759	Alistipes	Alistipes	genus	0.3334	abund	0.3334	5.012	4.4030057711863275	0.07572100000000001	DYN_0024_D01.fastq	DYN_0024_D01	illumina	sylph	default	sylph_default
239934	239934	Akkermansia	Akkermansia	genus	0.8373	abund	0.8373	11.0553	11.057698656911557	0.07572100000000001	DYN_0024_D01.fastq	DYN_0024_D01	illumina	sylph	default	sylph_default
244127	244127	Anaerotruncus	Anaerotruncus	genus	0.0029	abund	0.0029	0.0414999999999999	0.03829849051121881	0.07572100000000001	DYN_0024_D01.fastq	DYN_0024_D01	illumina	sylph	default	sylph_default
248744	248744	Marvinbryantia	Marvinbryantia	genus	0.0177	abund	0.0177	0.2916	0.23375285587881828	0.07572100000000001	DYN_0024_D01.fastq	DYN_0024_D01	illumina	sylph	default	sylph_default
264995	264995	Anaerofustis	Anaerofustis	genus	0.0004	abund	0.0004	0.004	0.005282550415340526	0.07572100000000001	DYN_0024_D01.fastq	DYN_0024_D01	illumina	sylph	default	sylph_default
420345	420345	Lactonifactor	Lactonifactor	genus	0.0005	abund	0.0005	0.0097	0.006603188019175658	0.07572100000000001	DYN_0024_D01.fastq	DYN_0024_D01	illumina	sylph	default	sylph_default
572511	572511	Blautia_A	Blautia	genus	0.1208	abund	0.1208	1.8136999999999996	1.5953302254328388	0.07572100000000001	DYN_0024_D01.fastq	DYN_0024_D01	illumina	sylph	default	sylph_default
946234	946234	Flavonifractor	Flavonifractor	genus	0.0011	abund	0.0011	0.0175	0.014527013642186446	0.07572100000000001	DYN_0024_D01.fastq	DYN_0024_D01	illumina	sylph	default	sylph_default
1392389	1392389	Intestinimonas	Intestinimonas	genus	0.0248	abund	0.0248	0.3215	0.3275181257511126	0.07572100000000001	DYN_0024_D01.fastq	DYN_0024_D01	illumina	sylph	default	sylph_default
1407607	1407607	Fusicatenibacter	Fusicatenibacter	genus	0.0014	abund	0.0014	0.0211	0.01848892645369184	0.07572100000000001	DYN_0024_D01.fastq	DYN_0024_D01	illumina	sylph	default	sylph_default
1432051	1432051	Eisenbergiella	Eisenbergiella	genus	0.0423	abund	0.0423	1.2427	0.5586297064222605	0.07572100000000001	DYN_0024_D01.fastq	DYN_0024_D01	illumina	sylph	default	sylph_default
1501226	1501226	Romboutsia	Romboutsia	genus	0.0044	abund	0.0044	0.055900000000000005	0.058108054568745786	0.07572100000000001	DYN_0024_D01.fastq	DYN_0024_D01	illumina	sylph	default	sylph_default
1505652	1505652	Terrisporobacter	Terrisporobacter	genus	0.0009	abund	0.0009	0.0152	0.011885738434516183	0.07572100000000001	DYN_0024_D01.fastq	DYN_0024_D01	illumina	sylph	default	sylph_default
1505657	1505657	Intestinibacter	Intestinibacter	genus	0.0012	abund	0.0012	0.0139	0.015847651246021575	0.07572100000000001	DYN_0024_D01.fastq	DYN_0024_D01	illumina	sylph	default	sylph_default
1506553	1506553	Lachnoclostridium_B	Lachnoclostridium	genus	0.0019	abund	0.0019	0.023	0.025092114472867497	0.07572100000000001	DYN_0024_D01.fastq	DYN_0024_D01	illumina	sylph	default	sylph_default
1508657	1508657	Ruminiclostridium_E	Ruminiclostridium	genus	0.0175	abund	0.0175	0.1902	0.23111158067114804	0.07572100000000001	DYN_0024_D01.fastq	DYN_0024_D01	illumina	sylph	default	sylph_default
1649459	1649459	Hungatella	Hungatella	genus	0.0101	abund	0.0101	0.2815	0.13338439798734827	0.07572100000000001	DYN_0024_D01.fastq	DYN_0024_D01	illumina	sylph	default	sylph_default
1766253	1766253	Agathobacter	Agathobacter	genus	0.0455	abund	0.0455	0.6319	0.6008901097449848	0.07572100000000001	DYN_0024_D01.fastq	DYN_0024_D01	illumina	sylph	default	sylph_default
1847725	1847725	Lawsonella	Lawsonella	genus	0.0025	abund	0.0025	0.0187	0.033015940095878285	0.07572100000000001	DYN_0024_D01.fastq	DYN_0024_D01	illumina	sylph	default	sylph_default
1905344	1905344	Ruthenibacterium	Ruthenibacterium	genus	0.1815	abund	0.1815	1.5672	2.3969572509607633	0.07572100000000001	DYN_0024_D01.fastq	DYN_0024_D01	illumina	sylph	default	sylph_default
1918385	1918385	Acutalibacter	Acutalibacter	genus	0.0247	abund	0.0247	0.2150999999999999	0.32619748814727745	0.07572100000000001	DYN_0024_D01.fastq	DYN_0024_D01	illumina	sylph	default	sylph_default
1918452	1918452	Extibacter	Extibacter	genus	0.0004	abund	0.0004	0.0064	0.005282550415340526	0.07572100000000001	DYN_0024_D01.fastq	DYN_0024_D01	illumina	sylph	default	sylph_default
1918511	1918511	Frisingicoccus	Frisingicoccus	genus	0.0043	abund	0.0043	0.047	0.05678741696491065	0.07572100000000001	DYN_0024_D01.fastq	DYN_0024_D01	illumina	sylph	default	sylph_default
1918536	1918536	Longicatena	Longicatena	genus	0.0596	abund	0.0596	0.7061	0.7871000118857383	0.07572100000000001	DYN_0024_D01.fastq	DYN_0024_D01	illumina	sylph	default	sylph_default
1918542	1918542	Muricomes	Muricomes	genus	0.0016	abund	0.0016	0.0343	0.021130201661362105	0.07572100000000001	DYN_0024_D01.fastq	DYN_0024_D01	illumina	sylph	default	sylph_default
1924081	1924081	Bariatricus	Bariatricus	genus	0.0007	abund	0.0007	0.0068	0.00924446322684592	0.07572100000000001	DYN_0024_D01.fastq	DYN_0024_D01	illumina	sylph	default	sylph_default
1924093	1924093	Anaeromassilibacillus	Anaeromassilibacillus	genus	0.0014	abund	0.0014	0.0174	0.01848892645369184	0.07572100000000001	DYN_0024_D01.fastq	DYN_0024_D01	illumina	sylph	default	sylph_default
1926556	1926556	Emergencia	Emergencia	genus	0.0073	abund	0.0073	0.0711	0.0964065450799646	0.07572100000000001	DYN_0024_D01.fastq	DYN_0024_D01	illumina	sylph	default	sylph_default
1935200	1935200	Merdibacter	Merdibacter	genus	0.055	abund	0.055	0.4251	0.7263506821093223	0.07572100000000001	DYN_0024_D01.fastq	DYN_0024_D01	illumina	sylph	default	sylph_default
1935927	1935927	Massilioclostridium	Massilioclostridium	genus	0.0072	abund	0.0072	0.1008	0.09508590747612947	0.07572100000000001	DYN_0024_D01.fastq	DYN_0024_D01	illumina	sylph	default	sylph_default
1980693	1980693	Negativibacillus	Negativibacillus	genus	0.0021	abund	0.0021	0.0243	0.02773338968053776	0.07572100000000001	DYN_0024_D01.fastq	DYN_0024_D01	illumina	sylph	default	sylph_default
2005355	2005355	Faecalimonas	Faecalimonas	genus	0.0208	abund	0.0208	0.1876	0.27469262159770735	0.07572100000000001	DYN_0024_D01.fastq	DYN_0024_D01	illumina	sylph	default	sylph_default
2023266	2023266	Merdimonas	Merdimonas	genus	0.0026	abund	0.0026	0.0348	0.03433657769971342	0.07572100000000001	DYN_0024_D01.fastq	DYN_0024_D01	illumina	sylph	default	sylph_default
2039240	2039240	Anaerotignum	Anaerotignum	genus	0.0023	abund	0.0023	0.0325	0.03037466488820802	0.07572100000000001	DYN_0024_D01.fastq	DYN_0024_D01	illumina	sylph	default	sylph_default
2039302	2039302	Monoglobus	Monoglobus	genus	0.0681	abund	0.0681	0.756	0.8993542082117245	0.07572100000000001	DYN_0024_D01.fastq	DYN_0024_D01	illumina	sylph	default	sylph_default
2048137	2048137	Agathobaculum	Agathobaculum	genus	0.0012	abund	0.0012	0.0139	0.015847651246021575	0.07572100000000001	DYN_0024_D01.fastq	DYN_0024_D01	illumina	sylph	default	sylph_default
2126544	2126544	Neobittarella	Neobittarella	genus	0.0013	abund	0.0013	0.0174	0.01716828884985671	0.07572100000000001	DYN_0024_D01.fastq	DYN_0024_D01	illumina	sylph	default	sylph_default
2163168	2163168	Kineothrix	Kineothrix	genus	0.0018	abund	0.0018	0.0251	0.023771476869032367	0.07572100000000001	DYN_0024_D01.fastq	DYN_0024_D01	illumina	sylph	default	sylph_default
2172004	2172004	Lawsonibacter_A	Lawsonibacter	genus	0.0411	abund	0.0411	0.5859999999999999	0.542782055176239	0.07572100000000001	DYN_0024_D01.fastq	DYN_0024_D01	illumina	sylph	default	sylph_default
2211178	2211178	Evtepia	Evtepia	genus	0.0286	abund	0.0286	0.2868	0.3777023546968476	0.07572100000000001	DYN_0024_D01.fastq	DYN_0024_D01	illumina	sylph	default	sylph_default
2316020	2316020	Mediterraneibacter	Mediterraneibacter	genus	0.006	abund	0.006	0.0726	0.07923825623010788	0.07572100000000001	DYN_0024_D01.fastq	DYN_0024_D01	illumina	sylph	default	sylph_default
2316203	2316203	Catenibacillus	Catenibacillus	genus	0.0028	abund	0.0028	0.0377	0.03697785290738368	0.07572100000000001	DYN_0024_D01.fastq	DYN_0024_D01	illumina	sylph	default	sylph_default
2569097	2569097	Anaerobutyricum	Anaerobutyricum	genus	0.0068	abund	0.0068	0.0818	0.08980335706078893	0.07572100000000001	DYN_0024_D01.fastq	DYN_0024_D01	illumina	sylph	default	sylph_default
2591381	2591381	Dysosmobacter	Dysosmobacter	genus	0.0126	abund	0.0126	0.1814	0.16640033808322657	0.07572100000000001	DYN_0024_D01.fastq	DYN_0024_D01	illumina	sylph	default	sylph_default
2676048	2676048	Schaedlerella	Schaedlerella	genus	0.0012	abund	0.0012	0.0141	0.015847651246021575	0.07572100000000001	DYN_0024_D01.fastq	DYN_0024_D01	illumina	sylph	default	sylph_default
2683202	2683202	Massilicoli	Massilicoli	genus	0.0495	abund	0.0495	0.4995	0.6537156138983901	0.07572100000000001	DYN_0024_D01.fastq	DYN_0024_D01	illumina	sylph	default	sylph_default
2717089	2717089	Massilistercora	Massilistercora	genus	0.0037	abund	0.0037	0.0412	0.04886359134189987	0.07572100000000001	DYN_0024_D01.fastq	DYN_0024_D01	illumina	sylph	default	sylph_default
2719313	2719313	Enterocloster	Enterocloster	genus	0.0069	abund	0.0069	0.1799	0.09112399466462406	0.07572100000000001	DYN_0024_D01.fastq	DYN_0024_D01	illumina	sylph	default	sylph_default
2720795	2720795	Allochristensenella	Allochristensenella	genus	0.0013	abund	0.0013	0.0083	0.01716828884985671	0.07572100000000001	DYN_0024_D01.fastq	DYN_0024_D01	illumina	sylph	default	sylph_default
2720801	2720801	Avimonas_A	Avimonas	genus	0.0048	abund	0.0048	0.0477	0.0633906049840863	0.07572100000000001	DYN_0024_D01.fastq	DYN_0024_D01	illumina	sylph	default	sylph_default
2720803	2720803	Cryptoclostridium	Cryptoclostridium	genus	0.0002	abund	0.0002	0.002	0.002641275207670263	0.07572100000000001	DYN_0024_D01.fastq	DYN_0024_D01	illumina	sylph	default	sylph_default
2721107	2721107	Metalachnospira	Metalachnospira	genus	0.0014999999999999	abund	0.0014999999999999	0.0118	0.019809564057525653	0.07572100000000001	DYN_0024_D01.fastq	DYN_0024_D01	illumina	sylph	default	sylph_default
2721108	2721108	Metaruminococcus_A	Metaruminococcus	genus	0.0013	abund	0.0013	0.012	0.01716828884985671	0.07572100000000001	DYN_0024_D01.fastq	DYN_0024_D01	illumina	sylph	default	sylph_default
2721116	2721116	Protoclostridium	Protoclostridium	genus	0.0008	abund	0.0008	0.0055	0.010565100830681053	0.07572100000000001	DYN_0024_D01.fastq	DYN_0024_D01	illumina	sylph	default	sylph_default
2721119	2721119	Pseudoruminococcus_B	Pseudoruminococcus	genus	0.0018	abund	0.0018	0.0162	0.023771476869032367	0.07572100000000001	DYN_0024_D01.fastq	DYN_0024_D01	illumina	sylph	default	sylph_default
2721122	2721122	Schneewindia	Schneewindia	genus	0.0071	abund	0.0071	0.0503	0.09376526987229435	0.07572100000000001	DYN_0024_D01.fastq	DYN_0024_D01	illumina	sylph	default	sylph_default
2721124	2721124	Timburyella	Timburyella	genus	0.0219	abund	0.0219	0.1245	0.2892196352398938	0.07572100000000001	DYN_0024_D01.fastq	DYN_0024_D01	illumina	sylph	default	sylph_default
2740557	2740557	Pauljensenia	Pauljensenia	genus	0.0054	abund	0.0054	0.0448	0.0713144306070971	0.07572100000000001	DYN_0024_D01.fastq	DYN_0024_D01	illumina	sylph	default	sylph_default
2749267	2749267	Amedibacterium	Amedibacterium	genus	0.0093	abund	0.0093	0.0933	0.12281929715666721	0.07572100000000001	DYN_0024_D01.fastq	DYN_0024_D01	illumina	sylph	default	sylph_default
2749846	2749846	Amedibacillus	Amedibacillus	genus	0.0035	abund	0.0035	0.031	0.046222316134229606	0.07572100000000001	DYN_0024_D01.fastq	DYN_0024_D01	illumina	sylph	default	sylph_default
2759736	2759736	Lacticaseibacillus	Lacticaseibacillus	genus	0.0959	abund	0.0959	1.1564	1.266491462077891	0.07572100000000001	DYN_0024_D01.fastq	DYN_0024_D01	illumina	sylph	default	sylph_default
2764317	2764317	Hydrogeniiclostridium	Hydrogeniiclostridium	genus	0.013	abund	0.013	0.1574	0.1716828884985671	0.07572100000000001	DYN_0024_D01.fastq	DYN_0024_D01	illumina	sylph	default	sylph_default
2767353	2767353	Lancefieldella	Lancefieldella	genus	0.0005	abund	0.0005	0.0032	0.006603188019175658	0.07572100000000001	DYN_0024_D01.fastq	DYN_0024_D01	illumina	sylph	default	sylph_default
2815777	2815777	Oliverpabstia	Oliverpabstia	genus	0.0238	abund	0.0238	0.31	0.3143117497127613	0.07572100000000001	DYN_0024_D01.fastq	DYN_0024_D01	illumina	sylph	default	sylph_default
2840549	2840549	Onthocola_A	Onthocola	genus	0.0021	abund	0.0021	0.0206	0.02773338968053776	0.07572100000000001	DYN_0024_D01.fastq	DYN_0024_D01	illumina	sylph	default	sylph_default
2840567	2840567	Pullichristensenella	Pullichristensenella	genus	0.0083	abund	0.0083	0.0683	0.1096129211183159	0.07572100000000001	DYN_0024_D01.fastq	DYN_0024_D01	illumina	sylph	default	sylph_default
2840571	2840571	Enterenecus	Enterenecus	genus	0.0075	abund	0.0075	0.078	0.09904782028763486	0.07572100000000001	DYN_0024_D01.fastq	DYN_0024_D01	illumina	sylph	default	sylph_default
2840587	2840587	Faecivicinus	Faecivicinus	genus	0.0009	abund	0.0009	0.0099	0.011885738434516183	0.07572100000000001	DYN_0024_D01.fastq	DYN_0024_D01	illumina	sylph	default	sylph_default
2840588	2840588	Faecousia	Faecousia	genus	0.941	abund	0.941	7.9385	12.427199852088586	0.07572100000000001	DYN_0024_D01.fastq	DYN_0024_D01	illumina	sylph	default	sylph_default
2840594	2840594	Limiplasma	Limiplasma	genus	0.0373	abund	0.0373	0.3866	0.492597826230504	0.07572100000000001	DYN_0024_D01.fastq	DYN_0024_D01	illumina	sylph	default	sylph_default
2840597	2840597	Pelethousia	Pelethousia	genus	0.0248	abund	0.0248	0.2139	0.3275181257511126	0.07572100000000001	DYN_0024_D01.fastq	DYN_0024_D01	illumina	sylph	default	sylph_default
2840598	2840598	Scatomorpha	Scatomorpha	genus	0.5489	abund	0.5489	4.8695	7.248979807451038	0.07572100000000001	DYN_0024_D01.fastq	DYN_0024_D01	illumina	sylph	default	sylph_default
2840612	2840612	Pullilachnospira_A	Pullilachnospira	genus	0.0017	abund	0.0017	0.0165	0.022450839265197232	0.07572100000000001	DYN_0024_D01.fastq	DYN_0024_D01	illumina	sylph	default	sylph_default
2840614	2840614	Egerieimonas	Egerieimonas	genus	0.001	abund	0.001	0.012	0.013206376038351316	0.07572100000000001	DYN_0024_D01.fastq	DYN_0024_D01	illumina	sylph	default	sylph_default
2840617	2840617	Scatomonas	Scatomonas	genus	0.003	abund	0.003	0.0471	0.03961912811505394	0.07572100000000001	DYN_0024_D01.fastq	DYN_0024_D01	illumina	sylph	default	sylph_default
2840627	2840627	Pelethomonas	Pelethomonas	genus	0.0026	abund	0.0026	0.0255	0.03433657769971342	0.07572100000000001	DYN_0024_D01.fastq	DYN_0024_D01	illumina	sylph	default	sylph_default
2840631	2840631	Fimivicinus	Fimivicinus	genus	0.1726	abund	0.1726	1.7133	2.2794205042194373	0.07572100000000001	DYN_0024_D01.fastq	DYN_0024_D01	illumina	sylph	default	sylph_default
2840633	2840633	Merdivicinus	Merdivicinus	genus	0.0021	abund	0.0021	0.0232	0.02773338968053776	0.07572100000000001	DYN_0024_D01.fastq	DYN_0024_D01	illumina	sylph	default	sylph_default
2840635	2840635	Scatavimonas	Scatavimonas	genus	1.2448	abund	1.2448	12.6497	16.439296892539716	0.07572100000000001	DYN_0024_D01.fastq	DYN_0024_D01	illumina	sylph	default	sylph_default
2840661	2840661	Limivivens	Limivivens	genus	0.0012	abund	0.0012	0.0173	0.015847651246021575	0.07572100000000001	DYN_0024_D01.fastq	DYN_0024_D01	illumina	sylph	default	sylph_default
2840962	2840962	Egerieisoma	Egerieisoma	genus	0.0476	abund	0.0476	0.4907	0.6286234994255226	0.07572100000000001	DYN_0024_D01.fastq	DYN_0024_D01	illumina	sylph	default	sylph_default
2918511	2918511	Diplocloster	Diplocloster	genus	0.0005	abund	0.0005	0.0116	0.006603188019175658	0.07572100000000001	DYN_0024_D01.fastq	DYN_0024_D01	illumina	sylph	default	sylph_default
2941495	2941495	Otoolea	Otoolea	genus	0.0233	abund	0.0233	0.4521	0.3077085616935856	0.07572100000000001	DYN_0024_D01.fastq	DYN_0024_D01	illumina	sylph	default	sylph_default
2944146	2944146	Bianquea	Bianquea	genus	0.0129	abund	0.0129	0.2045	0.17036225089473198	0.07572100000000001	DYN_0024_D01.fastq	DYN_0024_D01	illumina	sylph	default	sylph_default
2944148	2944148	Guopingia	Guopingia	genus	0.0052	abund	0.0052	0.0461	0.06867315539942684	0.07572100000000001	DYN_0024_D01.fastq	DYN_0024_D01	illumina	sylph	default	sylph_default
2944151	2944151	Fumia	Fumia	genus	0.0066	abund	0.0066	0.0758	0.08716208185311868	0.07572100000000001	DYN_0024_D01.fastq	DYN_0024_D01	illumina	sylph	default	sylph_default
2944200	2944200	Lentihominibacter	Lentihominibacter	genus	0.0146	abund	0.0146	0.112	0.1928130901599292	0.07572100000000001	DYN_0024_D01.fastq	DYN_0024_D01	illumina	sylph	default	sylph_default
2981629	2981629	Alitiscatomonas	Alitiscatomonas	genus	0.0108	abund	0.0108	0.1724	0.1426288612141942	0.07572100000000001	DYN_0024_D01.fastq	DYN_0024_D01	illumina	sylph	default	sylph_default
2981637	2981637	Laedolimicola	Laedolimicola	genus	0.0012	abund	0.0012	0.0173	0.015847651246021575	0.07572100000000001	DYN_0024_D01.fastq	DYN_0024_D01	illumina	sylph	default	sylph_default
2981643	2981643	Porcipelethomonas	Porcipelethomonas	genus	0.0495	abund	0.0495	0.5134	0.6537156138983901	0.07572100000000001	DYN_0024_D01.fastq	DYN_0024_D01	illumina	sylph	default	sylph_default
2983249	2983249	Zongyangia	Zongyangia	genus	0.0012	abund	0.0012	0.0109	0.015847651246021575	0.07572100000000001	DYN_0024_D01.fastq	DYN_0024_D01	illumina	sylph	default	sylph_default
2983477	2983477	Paratissierella	Paratissierella	genus	0.0036	abund	0.0036	0.0444	0.04754295373806473	0.07572100000000001	DYN_0024_D01.fastq	DYN_0024_D01	illumina	sylph	default	sylph_default
2992720	2992720	Acidilutibacter	Acidilutibacter	genus	0.0006	abund	0.0006	0.0096	0.007923825623010788	0.07572100000000001	DYN_0024_D01.fastq	DYN_0024_D01	illumina	sylph	default	sylph_default
3025755	3025755	Thomasclavelia	Thomasclavelia	genus	0.0131	abund	0.0131	0.1362	0.17300352610240224	0.07572100000000001	DYN_0024_D01.fastq	DYN_0024_D01	illumina	sylph	default	sylph_default
3059504	3059504	Allocoprobacillus	Allocoprobacillus	genus	0.014	abund	0.014	0.1324	0.18488926453691842	0.07572100000000001	DYN_0024_D01.fastq	DYN_0024_D01	illumina	sylph	default	sylph_default
3073575	3073575	Hominenteromicrobium	Hominenteromicrobium	genus	0.0013	abund	0.0013	0.0132	0.01716828884985671	0.07572100000000001	DYN_0024_D01.fastq	DYN_0024_D01	illumina	sylph	default	sylph_default
0	0	UBA4285	UBA4285	genus	0.0016	abund	0.0016	0.0087	0.027591915568738357	0.05798800000000001	DYN_0036_D05.fastq	DYN_0036_D05	illumina	sylph	default	sylph_default
194	194	Campylobacter_A	Campylobacter	genus	0.0114	abund	0.0114	0.0784	0.1965923984272608	0.05798800000000001	DYN_0036_D05.fastq	DYN_0036_D05	illumina	sylph	default	sylph_default
544	544	Citrobacter	Citrobacter	genus	0.1404	abund	0.1404	2.3998	2.4211905911567904	0.05798800000000001	DYN_0036_D05.fastq	DYN_0036_D05	illumina	sylph	default	sylph_default
547	547	Enterobacter	Enterobacter	genus	0.055	abund	0.055	0.8747	0.948472097675381	0.05798800000000001	DYN_0036_D05.fastq	DYN_0036_D05	illumina	sylph	default	sylph_default
570	570	Klebsiella	Klebsiella	genus	1.7249	abund	1.7249	33.2928	29.745809477822995	0.05798800000000001	DYN_0036_D05.fastq	DYN_0036_D05	illumina	sylph	default	sylph_default
581	581	Morganella	Morganella	genus	0.0287	abund	0.0287	0.3814	0.4949299855142443	0.05798800000000001	DYN_0036_D05.fastq	DYN_0036_D05	illumina	sylph	default	sylph_default
724	724	Haemophilus_D	Haemophilus	genus	0.0118999999999999	abund	0.0118999999999999	0.0854	0.20521487204248978	0.05798800000000001	DYN_0036_D05.fastq	DYN_0036_D05	illumina	sylph	default	sylph_default
816	816	Bacteroides	Bacteroides	genus	1.8123	abund	1.8123	37.5856	31.253017865765326	0.05798800000000001	DYN_0036_D05.fastq	DYN_0036_D05	illumina	sylph	default	sylph_default
838	838	Prevotella	Prevotella	genus	0.0046	abund	0.0046	0.0521	0.07932675726012277	0.05798800000000001	DYN_0036_D05.fastq	DYN_0036_D05	illumina	sylph	default	sylph_default
848	848	Fusobacterium	Fusobacterium	genus	0.0227	abund	0.0227	0.1932999999999999	0.3914603021314754	0.05798800000000001	DYN_0036_D05.fastq	DYN_0036_D05	illumina	sylph	default	sylph_default
970	970	Selenomonas	Selenomonas	genus	0.0003	abund	0.0003	0.0029	0.005173484169138442	0.05798800000000001	DYN_0036_D05.fastq	DYN_0036_D05	illumina	sylph	default	sylph_default
1257	1257	Peptostreptococcus	Peptostreptococcus	genus	0.0002	abund	0.0002	0.0013	0.0034489894460922946	0.05798800000000001	DYN_0036_D05.fastq	DYN_0036_D05	illumina	sylph	default	sylph_default
1301	1301	Streptococcus	Streptococcus	genus	0.0106	abund	0.0106	0.0771	0.1827964406428916	0.05798800000000001	DYN_0036_D05.fastq	DYN_0036_D05	illumina	sylph	default	sylph_default
1350	1350	Enterococcus_B	Enterococcus	genus	0.013	abund	0.013	0.1297	0.22418431399599914	0.05798800000000001	DYN_0036_D05.fastq	DYN_0036_D05	illumina	sylph	default	sylph_default
1386	1386	Bacillus_J	Bacillus	genus	0.0006	abund	0.0006	0.0081	0.010346968338276884	0.05798800000000001	DYN_0036_D05.fastq	DYN_0036_D05	illumina	sylph	default	sylph_default
1485	1485	Clostridium_F	Clostridium	genus	0.0029	abund	0.0029	0.041499999999999995	0.05001034696833827	0.05798800000000001	DYN_0036_D05.fastq	DYN_0036_D05	illumina	sylph	default	sylph_default
1654	1654	Actinomyces	Actinomyces	genus	0.0025	abund	0.0025	0.0276	0.04311236807615368	0.05798800000000001	DYN_0036_D05.fastq	DYN_0036_D05	illumina	sylph	default	sylph_default
1678	1678	Bifidobacterium	Bifidobacterium	genus	0.5162	abund	0.5162	4.2847	8.901841760364212	0.05798800000000001	DYN_0036_D05.fastq	DYN_0036_D05	illumina	sylph	default	sylph_default
1716	1716	Corynebacterium	Corynebacterium	genus	0.0009	abund	0.0009	0.0063	0.015520452507415324	0.05798800000000001	DYN_0036_D05.fastq	DYN_0036_D05	illumina	sylph	default	sylph_default
1730	1730	Eubacterium_B	Eubacterium	genus	0.0019	abund	0.0019	0.0116	0.032765399737876795	0.05798800000000001	DYN_0036_D05.fastq	DYN_0036_D05	illumina	sylph	default	sylph_default
2717	2717	Cardiobacterium	Cardiobacterium	genus	0.0013	abund	0.0013	0.0124	0.022418431399599915	0.05798800000000001	DYN_0036_D05.fastq	DYN_0036_D05	illumina	sylph	default	sylph_default
29465	29465	Veillonella	Veillonella	genus	0.9882	abund	0.9882	7.3463	17.041456853142027	0.05798800000000001	DYN_0036_D05.fastq	DYN_0036_D05	illumina	sylph	default	sylph_default
32207	32207	Rothia	Rothia	genus	0.0018	abund	0.0018	0.016	0.031040905014830648	0.05798800000000001	DYN_0036_D05.fastq	DYN_0036_D05	illumina	sylph	default	sylph_default
39948	39948	Dialister	Dialister	genus	0.0017	abund	0.0017	0.011	0.0293164102917845	0.05798800000000001	DYN_0036_D05.fastq	DYN_0036_D05	illumina	sylph	default	sylph_default
44249	44249	Paenibacillus_A	Paenibacillus	genus	0.002	abund	0.002	0.0399	0.034489894460922946	0.05798800000000001	DYN_0036_D05.fastq	DYN_0036_D05	illumina	sylph	default	sylph_default
82202	82202	Centipeda	Centipeda	genus	0.0018	abund	0.0018	0.0136	0.031040905014830648	0.05798800000000001	DYN_0036_D05.fastq	DYN_0036_D05	illumina	sylph	default	sylph_default
84108	84108	Slackia	Slackia	genus	0.0028	abund	0.0028	0.0201	0.04828585224529212	0.05798800000000001	DYN_0036_D05.fastq	DYN_0036_D05	illumina	sylph	default	sylph_default
84162	84162	Cryptobacterium	Cryptobacterium	genus	0.0038	abund	0.0038	0.0214	0.06553079947575359	0.05798800000000001	DYN_0036_D05.fastq	DYN_0036_D05	illumina	sylph	default	sylph_default
86331	86331	Mogibacterium	Mogibacterium	genus	0.0024	abund	0.0024	0.0151	0.041387873353107535	0.05798800000000001	DYN_0036_D05.fastq	DYN_0036_D05	illumina	sylph	default	sylph_default
133925	133925	Olsenella	Olsenella	genus	0.0036	abund	0.0036	0.0258	0.062081810029661295	0.05798800000000001	DYN_0036_D05.fastq	DYN_0036_D05	illumina	sylph	default	sylph_default
156454	156454	Anaeroglobus	Anaeroglobus	genus	0.0044	abund	0.0044	0.0268	0.07587776781403048	0.05798800000000001	DYN_0036_D05.fastq	DYN_0036_D05	illumina	sylph	default	sylph_default
177971	177971	Shuttleworthia	Shuttleworthia	genus	0.0043	abund	0.0043	0.0324	0.07415327309098432	0.05798800000000001	DYN_0036_D05.fastq	DYN_0036_D05	illumina	sylph	default	sylph_default
184869	184869	Varibaculum	Varibaculum	genus	0.0022	abund	0.0022	0.0158	0.03793888390701524	0.05798800000000001	DYN_0036_D05.fastq	DYN_0036_D05	illumina	sylph	default	sylph_default
203133	203133	Propionimicrobium	Propionimicrobium	genus	0.0008	abund	0.0008	0.0055	0.013795957784369178	0.05798800000000001	DYN_0036_D05.fastq	DYN_0036_D05	illumina	sylph	default	sylph_default
265975	265975	Oribacterium	Oribacterium	genus	0.0004	abund	0.0004	0.003	0.006897978892184589	0.05798800000000001	DYN_0036_D05.fastq	DYN_0036_D05	illumina	sylph	default	sylph_default
698776	698776	Cellulosilyticum	Cellulosilyticum	genus	0.0546	abund	0.0546	0.8955	0.9415741187831964	0.05798800000000001	DYN_0036_D05.fastq	DYN_0036_D05	illumina	sylph	default	sylph_default
1164882	1164882	Lachnoanaerobaculum	Lachnoanaerobaculum	genus	0.0022	abund	0.0022	0.017	0.03793888390701524	0.05798800000000001	DYN_0036_D05.fastq	DYN_0036_D05	illumina	sylph	default	sylph_default
1331051	1331051	Saccharimonas	Saccharimonas	genus	0.0002	abund	0.0002	0.0009	0.0034489894460922946	0.05798800000000001	DYN_0036_D05.fastq	DYN_0036_D05	illumina	sylph	default	sylph_default
1392389	1392389	Intestinimonas	Intestinimonas	genus	0.0294	abund	0.0294	0.3296	0.5070014485755673	0.05798800000000001	DYN_0036_D05.fastq	DYN_0036_D05	illumina	sylph	default	sylph_default
1505657	1505657	Intestinibacter	Intestinibacter	genus	0.0103	abund	0.0103	0.107	0.17762295647375317	0.05798800000000001	DYN_0036_D05.fastq	DYN_0036_D05	illumina	sylph	default	sylph_default
1623303	1623303	Brussowvirus	Brussowvirus	genus	0.0954	abund	0.0954	0.0118	1.6451679657860243	0.05798800000000001	DYN_0036_D05.fastq	DYN_0036_D05	illumina	sylph	default	sylph_default
1843210	1843210	Anaerocolumna	Anaerocolumna	genus	0.003	abund	0.003	0.0478	0.05173484169138441	0.05798800000000001	DYN_0036_D05.fastq	DYN_0036_D05	illumina	sylph	default	sylph_default
2093823	2093823	Nanosynbacter	Nanosynbacter	genus	0.0004	abund	0.0004	0.0008	0.006897978892184589	0.05798800000000001	DYN_0036_D05.fastq	DYN_0036_D05	illumina	sylph	default	sylph_default
2692113	2692113	Gleimia	Gleimia	genus	0.0019	abund	0.0019	0.0135	0.032765399737876795	0.05798800000000001	DYN_0036_D05.fastq	DYN_0036_D05	illumina	sylph	default	sylph_default
2740557	2740557	Pauljensenia	Pauljensenia	genus	0.0088	abund	0.0088	0.0665	0.15175553562806096	0.05798800000000001	DYN_0036_D05.fastq	DYN_0036_D05	illumina	sylph	default	sylph_default
2759736	2759736	Lacticaseibacillus	Lacticaseibacillus	genus	0.0002	abund	0.0002	0.0017	0.0034489894460922946	0.05798800000000001	DYN_0036_D05.fastq	DYN_0036_D05	illumina	sylph	default	sylph_default
2767353	2767353	Lancefieldella	Lancefieldella	genus	0.2052	abund	0.2052	1.1097	3.538663171690694	0.05798800000000001	DYN_0036_D05.fastq	DYN_0036_D05	illumina	sylph	default	sylph_default
2888809	2888809	Novisyntrophococcus	Novisyntrophococcus	genus	0.0013	abund	0.0013	0.0155	0.022418431399599915	0.05798800000000001	DYN_0036_D05.fastq	DYN_0036_D05	illumina	sylph	default	sylph_default
3059504	3059504	Allocoprobacillus	Allocoprobacillus	genus	0.0018	abund	0.0018	0.0139	0.031040905014830648	0.05798800000000001	DYN_0036_D05.fastq	DYN_0036_D05	illumina	sylph	default	sylph_default
0	0	UBA4285	UBA4285	genus	0.0044	abund	0.0044	0.0236	0.07535795026375283	0.05838799999999999	DYN_0036_D08.fastq	DYN_0036_D08	illumina	sylph	default	sylph_default
194	194	Campylobacter_A	Campylobacter	genus	0.018	abund	0.018	0.1266	0.3082825238062616	0.05838799999999999	DYN_0036_D08.fastq	DYN_0036_D08	illumina	sylph	default	sylph_default
544	544	Citrobacter_A	Citrobacter	genus	0.1399	abund	0.1399	2.5077	2.396040282249778	0.05838799999999999	DYN_0036_D08.fastq	DYN_0036_D08	illumina	sylph	default	sylph_default
547	547	Enterobacter	Enterobacter	genus	0.7401	abund	0.7401	12.0623	12.675549770500789	0.05838799999999999	DYN_0036_D08.fastq	DYN_0036_D08	illumina	sylph	default	sylph_default
570	570	Klebsiella	Klebsiella	genus	1.032	abund	1.032	20.4329	17.674864698225665	0.05838799999999999	DYN_0036_D08.fastq	DYN_0036_D08	illumina	sylph	default	sylph_default
581	581	Morganella	Morganella	genus	0.1201	abund	0.1201	1.6359	2.05692950606289	0.05838799999999999	DYN_0036_D08.fastq	DYN_0036_D08	illumina	sylph	default	sylph_default
724	724	Haemophilus_D	Haemophilus	genus	0.0019	abund	0.0019	0.0138	0.03254093306843873	0.05838799999999999	DYN_0036_D08.fastq	DYN_0036_D08	illumina	sylph	default	sylph_default
816	816	Bacteroides	Bacteroides	genus	1.7108	abund	1.7108	36.3927	29.300541207097357	0.05838799999999999	DYN_0036_D08.fastq	DYN_0036_D08	illumina	sylph	default	sylph_default
838	838	Prevotella	Prevotella	genus	0.121	abund	0.121	1.418	2.072343632253203	0.05838799999999999	DYN_0036_D08.fastq	DYN_0036_D08	illumina	sylph	default	sylph_default
848	848	Fusobacterium	Fusobacterium	genus	0.0105	abund	0.0105	0.0911	0.17983147222031928	0.05838799999999999	DYN_0036_D08.fastq	DYN_0036_D08	illumina	sylph	default	sylph_default
970	970	Selenomonas	Selenomonas	genus	0.0014	abund	0.0014	0.0128	0.0239775296293759	0.05838799999999999	DYN_0036_D08.fastq	DYN_0036_D08	illumina	sylph	default	sylph_default
1301	1301	Streptococcus	Streptococcus	genus	0.0076	abund	0.0076	0.0562999999999999	0.1301637322737549	0.05838799999999999	DYN_0036_D08.fastq	DYN_0036_D08	illumina	sylph	default	sylph_default
1350	1350	Enterococcus_B	Enterococcus	genus	0.013	abund	0.013	0.1343	0.2226484894156334	0.05838799999999999	DYN_0036_D08.fastq	DYN_0036_D08	illumina	sylph	default	sylph_default
1386	1386	Bacillus_J	Bacillus	genus	0.0003	abund	0.0003	0.0039	0.005138042063437693	0.05838799999999999	DYN_0036_D08.fastq	DYN_0036_D08	illumina	sylph	default	sylph_default
1485	1485	Clostridium	Clostridium	genus	0.0055	abund	0.0055	0.0791	0.09419743782969103	0.05838799999999999	DYN_0036_D08.fastq	DYN_0036_D08	illumina	sylph	default	sylph_default
1578	1578	Lactobacillus	Lactobacillus	genus	0.0007999999999999	abund	0.0007999999999999	0.0048	0.013701445502498803	0.05838799999999999	DYN_0036_D08.fastq	DYN_0036_D08	illumina	sylph	default	sylph_default
1654	1654	Actinomyces	Actinomyces	genus	0.0016999999999999	abund	0.0016999999999999	0.0193	0.029115571692811884	0.05838799999999999	DYN_0036_D08.fastq	DYN_0036_D08	illumina	sylph	default	sylph_default
1678	1678	Bifidobacterium	Bifidobacterium	genus	0.1538	abund	0.1538	1.3093	2.634102897855724	0.05838799999999999	DYN_0036_D08.fastq	DYN_0036_D08	illumina	sylph	default	sylph_default
1716	1716	Corynebacterium	Corynebacterium	genus	0.0026	abund	0.0026	0.0185	0.044529697883126676	0.05838799999999999	DYN_0036_D08.fastq	DYN_0036_D08	illumina	sylph	default	sylph_default
1730	1730	Eubacterium_B	Eubacterium	genus	0.0033	abund	0.0033	0.0208	0.05651846269781463	0.05838799999999999	DYN_0036_D08.fastq	DYN_0036_D08	illumina	sylph	default	sylph_default
2717	2717	Cardiobacterium	Cardiobacterium	genus	0.0005	abund	0.0005	0.0044	0.008563403439062823	0.05838799999999999	DYN_0036_D08.fastq	DYN_0036_D08	illumina	sylph	default	sylph_default
29465	29465	Veillonella	Veillonella	genus	0.7349	abund	0.7349	5.6115	12.586490374734536	0.05838799999999999	DYN_0036_D08.fastq	DYN_0036_D08	illumina	sylph	default	sylph_default
32207	32207	Rothia	Rothia	genus	0.0015	abund	0.0015	0.0132	0.025690210317188468	0.05838799999999999	DYN_0036_D08.fastq	DYN_0036_D08	illumina	sylph	default	sylph_default
39948	39948	Dialister	Dialister	genus	0.0028	abund	0.0028	0.0187	0.0479550592587518	0.05838799999999999	DYN_0036_D08.fastq	DYN_0036_D08	illumina	sylph	default	sylph_default
44249	44249	Paenibacillus_A	Paenibacillus	genus	0.0003	abund	0.0003	0.0078	0.005138042063437693	0.05838799999999999	DYN_0036_D08.fastq	DYN_0036_D08	illumina	sylph	default	sylph_default
82202	82202	Centipeda	Centipeda	genus	0.0026	abund	0.0026	0.0201	0.044529697883126676	0.05838799999999999	DYN_0036_D08.fastq	DYN_0036_D08	illumina	sylph	default	sylph_default
84108	84108	Slackia	Slackia	genus	0.0024	abund	0.0024	0.0182	0.041104336507501546	0.05838799999999999	DYN_0036_D08.fastq	DYN_0036_D08	illumina	sylph	default	sylph_default
84162	84162	Cryptobacterium	Cryptobacterium	genus	0.0027	abund	0.0027	0.0157	0.04624237857093924	0.05838799999999999	DYN_0036_D08.fastq	DYN_0036_D08	illumina	sylph	default	sylph_default
86331	86331	Mogibacterium	Mogibacterium	genus	0.0023	abund	0.0023	0.0148	0.03939165581968898	0.05838799999999999	DYN_0036_D08.fastq	DYN_0036_D08	illumina	sylph	default	sylph_default
117563	117563	Granulicatella	Granulicatella	genus	0.0007	abund	0.0007	0.0034	0.01198876481468795	0.05838799999999999	DYN_0036_D08.fastq	DYN_0036_D08	illumina	sylph	default	sylph_default
118747	118747	Bulleidia	Bulleidia	genus	0.0009	abund	0.0009	0.0078	0.01541412619031308	0.05838799999999999	DYN_0036_D08.fastq	DYN_0036_D08	illumina	sylph	default	sylph_default
133925	133925	Olsenella	Olsenella	genus	0.0036	abund	0.0036	0.0262	0.06165650476125232	0.05838799999999999	DYN_0036_D08.fastq	DYN_0036_D08	illumina	sylph	default	sylph_default
156454	156454	Anaeroglobus	Anaeroglobus	genus	0.0045	abund	0.0045	0.0282	0.0770706309515654	0.05838799999999999	DYN_0036_D08.fastq	DYN_0036_D08	illumina	sylph	default	sylph_default
177971	177971	Shuttleworthia	Shuttleworthia	genus	0.0468	abund	0.0468	0.362	0.8015345618962801	0.05838799999999999	DYN_0036_D08.fastq	DYN_0036_D08	illumina	sylph	default	sylph_default
184869	184869	Varibaculum	Varibaculum	genus	0.0038	abund	0.0038	0.0273	0.06508186613687746	0.05838799999999999	DYN_0036_D08.fastq	DYN_0036_D08	illumina	sylph	default	sylph_default
203133	203133	Propionimicrobium	Propionimicrobium	genus	0.0006	abund	0.0006	0.0044	0.010276084126875386	0.05838799999999999	DYN_0036_D08.fastq	DYN_0036_D08	illumina	sylph	default	sylph_default
698776	698776	Cellulosilyticum	Cellulosilyticum	genus	0.0002	abund	0.0002	0.0035	0.003425361375625129	0.05838799999999999	DYN_0036_D08.fastq	DYN_0036_D08	illumina	sylph	default	sylph_default
1164882	1164882	Lachnoanaerobaculum	Lachnoanaerobaculum	genus	0.0327	abund	0.0327	0.2898	0.5600465849147086	0.05838799999999999	DYN_0036_D08.fastq	DYN_0036_D08	illumina	sylph	default	sylph_default
1392389	1392389	Intestinimonas	Intestinimonas	genus	0.2643	abund	0.2643	3.0422	4.526615057888608	0.05838799999999999	DYN_0036_D08.fastq	DYN_0036_D08	illumina	sylph	default	sylph_default
1505657	1505657	Intestinibacter	Intestinibacter	genus	0.0066	abund	0.0066	0.0696	0.11303692539562926	0.05838799999999999	DYN_0036_D08.fastq	DYN_0036_D08	illumina	sylph	default	sylph_default
1623303	1623303	Brussowvirus	Brussowvirus	genus	0.0459	abund	0.0459	0.0058	0.7861204357059672	0.05838799999999999	DYN_0036_D08.fastq	DYN_0036_D08	illumina	sylph	default	sylph_default
1843210	1843210	Anaerocolumna	Anaerocolumna	genus	0.0186	abund	0.0186	0.3065	0.31855860793313695	0.05838799999999999	DYN_0036_D08.fastq	DYN_0036_D08	illumina	sylph	default	sylph_default
2093823	2093823	Nanosynbacter	Nanosynbacter	genus	0.0005	abund	0.0005	0.0008	0.008563403439062823	0.05838799999999999	DYN_0036_D08.fastq	DYN_0036_D08	illumina	sylph	default	sylph_default
2692113	2692113	Gleimia	Gleimia	genus	0.0015	abund	0.0015	0.0108	0.025690210317188468	0.05838799999999999	DYN_0036_D08.fastq	DYN_0036_D08	illumina	sylph	default	sylph_default
2740557	2740557	Pauljensenia	Pauljensenia	genus	0.0300999999999999	abund	0.0300999999999999	0.2430999999999999	0.5155168870315802	0.05838799999999999	DYN_0036_D08.fastq	DYN_0036_D08	illumina	sylph	default	sylph_default
2767353	2767353	Lancefieldella	Lancefieldella	genus	0.5318	abund	0.5318	2.9599	9.10803589778722	0.05838799999999999	DYN_0036_D08.fastq	DYN_0036_D08	illumina	sylph	default	sylph_default
2767885	2767885	Latilactobacillus	Latilactobacillus	genus	0.0009	abund	0.0009	0.0061	0.01541412619031308	0.05838799999999999	DYN_0036_D08.fastq	DYN_0036_D08	illumina	sylph	default	sylph_default
2888809	2888809	Novisyntrophococcus	Novisyntrophococcus	genus	0.0037	abund	0.0037	0.0447	0.06336918544906489	0.05838799999999999	DYN_0036_D08.fastq	DYN_0036_D08	illumina	sylph	default	sylph_default
3059504	3059504	Allocoprobacillus	Allocoprobacillus	genus	0.0024	abund	0.0024	0.0188	0.041104336507501546	0.05838799999999999	DYN_0036_D08.fastq	DYN_0036_D08	illumina	sylph	default	sylph_default
0	0	UBA4285	UBA4285	genus	0.0032	abund	0.0032	0.0173	0.05825914395470352	0.054927000000000004	DYN_0036_D11.fastq	DYN_0036_D11	illumina	sylph	default	sylph_default
194	194	Campylobacter_A	Campylobacter	genus	0.0234	abund	0.0234	0.1676	0.4260199901687694	0.054927000000000004	DYN_0036_D11.fastq	DYN_0036_D11	illumina	sylph	default	sylph_default
544	544	Citrobacter_A	Citrobacter	genus	0.2859	abund	0.2859	5.2363	5.205090392703042	0.054927000000000004	DYN_0036_D11.fastq	DYN_0036_D11	illumina	sylph	default	sylph_default
547	547	Enterobacter	Enterobacter	genus	1.0172	abund	1.0172	16.7899	18.51912538460138	0.054927000000000004	DYN_0036_D11.fastq	DYN_0036_D11	illumina	sylph	default	sylph_default
570	570	Klebsiella	Klebsiella	genus	0.7074	abund	0.7074	14.1955	12.878912010486648	0.054927000000000004	DYN_0036_D11.fastq	DYN_0036_D11	illumina	sylph	default	sylph_default
581	581	Morganella	Morganella	genus	0.1942	abund	0.1942	2.6773	3.53560179875107	0.054927000000000004	DYN_0036_D11.fastq	DYN_0036_D11	illumina	sylph	default	sylph_default
724	724	Haemophilus_D	Haemophilus	genus	0.0131	abund	0.0131	0.0975	0.23849837056456752	0.054927000000000004	DYN_0036_D11.fastq	DYN_0036_D11	illumina	sylph	default	sylph_default
816	816	Bacteroides	Bacteroides	genus	1.798	abund	1.798	38.7341	32.73435650954904	0.054927000000000004	DYN_0036_D11.fastq	DYN_0036_D11	illumina	sylph	default	sylph_default
838	838	Prevotella	Prevotella	genus	0.0675	abund	0.0675	0.8017	1.2289038177945273	0.054927000000000004	DYN_0036_D11.fastq	DYN_0036_D11	illumina	sylph	default	sylph_default
848	848	Fusobacterium	Fusobacterium	genus	0.0368	abund	0.0368	0.3265	0.6699801554790904	0.054927000000000004	DYN_0036_D11.fastq	DYN_0036_D11	illumina	sylph	default	sylph_default
970	970	Selenomonas	Selenomonas	genus	0.0016	abund	0.0016	0.0154	0.02912957197735176	0.054927000000000004	DYN_0036_D11.fastq	DYN_0036_D11	illumina	sylph	default	sylph_default
1257	1257	Peptostreptococcus	Peptostreptococcus	genus	0.0007	abund	0.0007	0.0044	0.012744187740091393	0.054927000000000004	DYN_0036_D11.fastq	DYN_0036_D11	illumina	sylph	default	sylph_default
1263	1263	Ruminococcus_B	Ruminococcus	genus	0.0003	abund	0.0003	0.0038	0.0054617947457534545	0.054927000000000004	DYN_0036_D11.fastq	DYN_0036_D11	illumina	sylph	default	sylph_default
1301	1301	Streptococcus	Streptococcus	genus	0.0028	abund	0.0028	0.0195	0.05097675096036557	0.054927000000000004	DYN_0036_D11.fastq	DYN_0036_D11	illumina	sylph	default	sylph_default
1350	1350	Enterococcus_B	Enterococcus	genus	0.0256	abund	0.0256	0.2746	0.46607315163762814	0.054927000000000004	DYN_0036_D11.fastq	DYN_0036_D11	illumina	sylph	default	sylph_default
1386	1386	Bacillus_J	Bacillus	genus	0.0007	abund	0.0007	0.0111	0.012744187740091393	0.054927000000000004	DYN_0036_D11.fastq	DYN_0036_D11	illumina	sylph	default	sylph_default
1485	1485	Clostridium	Clostridium	genus	0.007299999999999999	abund	0.007299999999999999	0.1086	0.13290367214666737	0.054927000000000004	DYN_0036_D11.fastq	DYN_0036_D11	illumina	sylph	default	sylph_default
1654	1654	Actinomyces	Actinomyces	genus	0.0003	abund	0.0003	0.005	0.0054617947457534545	0.054927000000000004	DYN_0036_D11.fastq	DYN_0036_D11	illumina	sylph	default	sylph_default
1678	1678	Bifidobacterium	Bifidobacterium	genus	0.1899	abund	0.1899	1.6376	3.457316074061937	0.054927000000000004	DYN_0036_D11.fastq	DYN_0036_D11	illumina	sylph	default	sylph_default
1716	1716	Corynebacterium	Corynebacterium	genus	0.0043	abund	0.0043	0.0313	0.07828572468913285	0.054927000000000004	DYN_0036_D11.fastq	DYN_0036_D11	illumina	sylph	default	sylph_default
1730	1730	Eubacterium_B	Eubacterium	genus	0.0096	abund	0.0096	0.0603	0.17477743186411054	0.054927000000000004	DYN_0036_D11.fastq	DYN_0036_D11	illumina	sylph	default	sylph_default
2717	2717	Cardiobacterium	Cardiobacterium	genus	0.0003	abund	0.0003	0.003	0.0054617947457534545	0.054927000000000004	DYN_0036_D11.fastq	DYN_0036_D11	illumina	sylph	default	sylph_default
29465	29465	Veillonella	Veillonella	genus	0.4711999999999999	abund	0.4711999999999999	3.1806000000000005	8.57865894733009	0.054927000000000004	DYN_0036_D11.fastq	DYN_0036_D11	illumina	sylph	default	sylph_default
32207	32207	Rothia	Rothia	genus	0.0001	abund	0.0001	0.0012	0.001820598248584485	0.054927000000000004	DYN_0036_D11.fastq	DYN_0036_D11	illumina	sylph	default	sylph_default
39948	39948	Dialister	Dialister	genus	0.0014	abund	0.0014	0.0097	0.025488375480182787	0.054927000000000004	DYN_0036_D11.fastq	DYN_0036_D11	illumina	sylph	default	sylph_default
44249	44249	Paenibacillus_A	Paenibacillus	genus	0.0063999999999999	abund	0.0063999999999999	0.1667	0.11651828790940522	0.054927000000000004	DYN_0036_D11.fastq	DYN_0036_D11	illumina	sylph	default	sylph_default
46123	46123	Abiotrophia	Abiotrophia	genus	0.0004	abund	0.0004	0.0029	0.00728239299433794	0.054927000000000004	DYN_0036_D11.fastq	DYN_0036_D11	illumina	sylph	default	sylph_default
82202	82202	Centipeda	Centipeda	genus	0.0064	abund	0.0064	0.054	0.11651828790940703	0.054927000000000004	DYN_0036_D11.fastq	DYN_0036_D11	illumina	sylph	default	sylph_default
84108	84108	Slackia	Slackia	genus	0.0018	abund	0.0018	0.0135	0.03277076847452073	0.054927000000000004	DYN_0036_D11.fastq	DYN_0036_D11	illumina	sylph	default	sylph_default
84162	84162	Cryptobacterium	Cryptobacterium	genus	0.0006	abund	0.0006	0.0033	0.010923589491506909	0.054927000000000004	DYN_0036_D11.fastq	DYN_0036_D11	illumina	sylph	default	sylph_default
86331	86331	Mogibacterium	Mogibacterium	genus	0.0045	abund	0.0045	0.0294	0.08192692118630181	0.054927000000000004	DYN_0036_D11.fastq	DYN_0036_D11	illumina	sylph	default	sylph_default
117563	117563	Granulicatella	Granulicatella	genus	0.0027	abund	0.0027	0.013	0.049156152711781094	0.054927000000000004	DYN_0036_D11.fastq	DYN_0036_D11	illumina	sylph	default	sylph_default
118747	118747	Bulleidia	Bulleidia	genus	0.0012	abund	0.0012	0.0099	0.021847178983013818	0.054927000000000004	DYN_0036_D11.fastq	DYN_0036_D11	illumina	sylph	default	sylph_default
133925	133925	Olsenella	Olsenella	genus	0.0031	abund	0.0031	0.023	0.05643854570611903	0.054927000000000004	DYN_0036_D11.fastq	DYN_0036_D11	illumina	sylph	default	sylph_default
156454	156454	Anaeroglobus	Anaeroglobus	genus	0.0003	abund	0.0003	0.0019	0.0054617947457534545	0.054927000000000004	DYN_0036_D11.fastq	DYN_0036_D11	illumina	sylph	default	sylph_default
177971	177971	Shuttleworthia	Shuttleworthia	genus	0.0223	abund	0.0223	0.175	0.4059934094343401	0.054927000000000004	DYN_0036_D11.fastq	DYN_0036_D11	illumina	sylph	default	sylph_default
184869	184869	Varibaculum	Varibaculum	genus	0.0043	abund	0.0043	0.0317	0.07828572468913285	0.054927000000000004	DYN_0036_D11.fastq	DYN_0036_D11	illumina	sylph	default	sylph_default
203133	203133	Propionimicrobium	Propionimicrobium	genus	0.0007	abund	0.0007	0.0048	0.012744187740091393	0.054927000000000004	DYN_0036_D11.fastq	DYN_0036_D11	illumina	sylph	default	sylph_default
909928	909928	Negativicoccus	Negativicoccus	genus	0.0005	abund	0.0005	0.0023	0.009102991242922425	0.054927000000000004	DYN_0036_D11.fastq	DYN_0036_D11	illumina	sylph	default	sylph_default
1164882	1164882	Lachnoanaerobaculum	Lachnoanaerobaculum	genus	0.0516999999999999	abund	0.0516999999999999	0.4649	0.9412492945181768	0.054927000000000004	DYN_0036_D11.fastq	DYN_0036_D11	illumina	sylph	default	sylph_default
1392389	1392389	Intestinimonas	Intestinimonas	genus	0.1857	abund	0.1857	2.1647	3.380850947621388	0.054927000000000004	DYN_0036_D11.fastq	DYN_0036_D11	illumina	sylph	default	sylph_default
1505657	1505657	Intestinibacter	Intestinibacter	genus	0.0171	abund	0.0171	0.1842	0.3113223005079469	0.054927000000000004	DYN_0036_D11.fastq	DYN_0036_D11	illumina	sylph	default	sylph_default
1623303	1623303	Brussowvirus	Brussowvirus	genus	0.1266	abund	0.1266	0.0163	2.3048773827079576	0.054927000000000004	DYN_0036_D11.fastq	DYN_0036_D11	illumina	sylph	default	sylph_default
1843210	1843210	Anaerocolumna	Anaerocolumna	genus	0.0153	abund	0.0153	0.2557	0.2785515320334262	0.054927000000000004	DYN_0036_D11.fastq	DYN_0036_D11	illumina	sylph	default	sylph_default
2692113	2692113	Gleimia	Gleimia	genus	0.0023	abund	0.0023	0.0165	0.04187375971744315	0.054927000000000004	DYN_0036_D11.fastq	DYN_0036_D11	illumina	sylph	default	sylph_default
2740557	2740557	Pauljensenia	Pauljensenia	genus	0.0259	abund	0.0259	0.2141	0.47153494638338156	0.054927000000000004	DYN_0036_D11.fastq	DYN_0036_D11	illumina	sylph	default	sylph_default
2767353	2767353	Lancefieldella	Lancefieldella	genus	0.1232	abund	0.1232	0.6909	2.2429770422560855	0.054927000000000004	DYN_0036_D11.fastq	DYN_0036_D11	illumina	sylph	default	sylph_default
2767885	2767885	Latilactobacillus	Latilactobacillus	genus	0.0005	abund	0.0005	0.0031	0.009102991242922425	0.054927000000000004	DYN_0036_D11.fastq	DYN_0036_D11	illumina	sylph	default	sylph_default
2888809	2888809	Novisyntrophococcus	Novisyntrophococcus	genus	0.014	abund	0.014	0.1727	0.2548837548018279	0.054927000000000004	DYN_0036_D11.fastq	DYN_0036_D11	illumina	sylph	default	sylph_default
3059504	3059504	Allocoprobacillus	Allocoprobacillus	genus	0.0124	abund	0.0124	0.0994	0.22575418282447612	0.054927000000000004	DYN_0036_D11.fastq	DYN_0036_D11	illumina	sylph	default	sylph_default
0	0	UBA4285	UBA4285	genus	0.0023	abund	0.0023	0.0109	0.03818378019423922	0.060235000000000004	DYN_0036_D14.fastq	DYN_0036_D14	illumina	sylph	default	sylph_default
194	194	Campylobacter_A	Campylobacter	genus	0.0047	abund	0.0047	0.0289	0.07802772474474973	0.060235000000000004	DYN_0036_D14.fastq	DYN_0036_D14	illumina	sylph	default	sylph_default
544	544	Citrobacter_A	Citrobacter	genus	0.2145	abund	0.2145	3.3395	3.5610525442018757	0.060235000000000004	DYN_0036_D14.fastq	DYN_0036_D14	illumina	sylph	default	sylph_default
547	547	Enterobacter	Enterobacter	genus	0.0438	abund	0.0438	0.6197	0.7271519880468166	0.060235000000000004	DYN_0036_D14.fastq	DYN_0036_D14	illumina	sylph	default	sylph_default
570	570	Klebsiella	Klebsiella	genus	3.0883	abund	3.0883	53.0301	51.27085581472565	0.060235000000000004	DYN_0036_D14.fastq	DYN_0036_D14	illumina	sylph	default	sylph_default
581	581	Morganella	Morganella	genus	0.1101	abund	0.1101	1.3	1.8278409562546691	0.060235000000000004	DYN_0036_D14.fastq	DYN_0036_D14	illumina	sylph	default	sylph_default
724	724	Haemophilus_D	Haemophilus	genus	0.0068	abund	0.0068	0.0397	0.1128911762264464	0.060235000000000004	DYN_0036_D14.fastq	DYN_0036_D14	illumina	sylph	default	sylph_default
816	816	Bacteroides	Bacteroides	genus	1.1462	abund	1.1462	21.1272	19.028803851581305	0.060235000000000004	DYN_0036_D14.fastq	DYN_0036_D14	illumina	sylph	default	sylph_default
838	838	Prevotella	Prevotella	genus	0.0787	abund	0.0787	0.8003	1.3065493483854902	0.060235000000000004	DYN_0036_D14.fastq	DYN_0036_D14	illumina	sylph	default	sylph_default
848	848	Fusobacterium	Fusobacterium	genus	0.023	abund	0.023	0.1751	0.38183780194239225	0.060235000000000004	DYN_0036_D14.fastq	DYN_0036_D14	illumina	sylph	default	sylph_default
970	970	Selenomonas	Selenomonas	genus	0.007	abund	0.007	0.0566	0.11621150493898896	0.060235000000000004	DYN_0036_D14.fastq	DYN_0036_D14	illumina	sylph	default	sylph_default
1263	1263	Ruminococcus_B	Ruminococcus	genus	0.3425	abund	0.3425	3.7669	5.686062920229102	0.060235000000000004	DYN_0036_D14.fastq	DYN_0036_D14	illumina	sylph	default	sylph_default
1301	1301	Streptococcus	Streptococcus	genus	0.0213	abund	0.0213	0.1352	0.35361500788578065	0.060235000000000004	DYN_0036_D14.fastq	DYN_0036_D14	illumina	sylph	default	sylph_default
1350	1350	Enterococcus_B	Enterococcus	genus	0.0456	abund	0.0456	0.453	0.7570349464596996	0.060235000000000004	DYN_0036_D14.fastq	DYN_0036_D14	illumina	sylph	default	sylph_default
1485	1485	Clostridium_F	Clostridium	genus	0.0031	abund	0.0031	0.04	0.051465095044409395	0.060235000000000004	DYN_0036_D14.fastq	DYN_0036_D14	illumina	sylph	default	sylph_default
1578	1578	Lactobacillus	Lactobacillus	genus	0.0009	abund	0.0009	0.0046	0.014941479206441436	0.060235000000000004	DYN_0036_D14.fastq	DYN_0036_D14	illumina	sylph	default	sylph_default
1654	1654	Actinomyces	Actinomyces	genus	0.0012	abund	0.0012	0.0121	0.01992197227525525	0.060235000000000004	DYN_0036_D14.fastq	DYN_0036_D14	illumina	sylph	default	sylph_default
1678	1678	Bifidobacterium	Bifidobacterium	genus	0.1125	abund	0.1125	0.8303	1.8676849008051797	0.060235000000000004	DYN_0036_D14.fastq	DYN_0036_D14	illumina	sylph	default	sylph_default
1716	1716	Corynebacterium	Corynebacterium	genus	0.0072	abund	0.0072	0.0455	0.11953183365153149	0.060235000000000004	DYN_0036_D14.fastq	DYN_0036_D14	illumina	sylph	default	sylph_default
1730	1730	Eubacterium_B	Eubacterium	genus	0.0225	abund	0.0225	0.1213	0.3735369801610359	0.060235000000000004	DYN_0036_D14.fastq	DYN_0036_D14	illumina	sylph	default	sylph_default
2717	2717	Cardiobacterium	Cardiobacterium	genus	0.0006	abund	0.0006	0.0051	0.009960986137627624	0.060235000000000004	DYN_0036_D14.fastq	DYN_0036_D14	illumina	sylph	default	sylph_default
29465	29465	Veillonella	Veillonella	genus	0.3947999999999999	abund	0.3947999999999999	2.6706	6.554328878558976	0.060235000000000004	DYN_0036_D14.fastq	DYN_0036_D14	illumina	sylph	default	sylph_default
32207	32207	Rothia	Rothia	genus	0.0021999999999999	abund	0.0021999999999999	0.0157999999999999	0.036523615837966296	0.060235000000000004	DYN_0036_D14.fastq	DYN_0036_D14	illumina	sylph	default	sylph_default
39948	39948	Dialister	Dialister	genus	0.0063	abund	0.0063	0.0368	0.10459035444509006	0.060235000000000004	DYN_0036_D14.fastq	DYN_0036_D14	illumina	sylph	default	sylph_default
84108	84108	Slackia	Slackia	genus	0.01	abund	0.01	0.0652	0.1660164356271271	0.060235000000000004	DYN_0036_D14.fastq	DYN_0036_D14	illumina	sylph	default	sylph_default
86331	86331	Mogibacterium	Mogibacterium	genus	0.0062	abund	0.0062	0.035	0.10293019008881879	0.060235000000000004	DYN_0036_D14.fastq	DYN_0036_D14	illumina	sylph	default	sylph_default
118747	118747	Bulleidia	Bulleidia	genus	0.0014	abund	0.0014	0.0102	0.02324230098779779	0.060235000000000004	DYN_0036_D14.fastq	DYN_0036_D14	illumina	sylph	default	sylph_default
133925	133925	Olsenella	Olsenella	genus	0.0035	abund	0.0035	0.0224	0.05810575246949448	0.060235000000000004	DYN_0036_D14.fastq	DYN_0036_D14	illumina	sylph	default	sylph_default
177971	177971	Shuttleworthia	Shuttleworthia	genus	0.0073	abund	0.0073	0.0489	0.12119199800780277	0.060235000000000004	DYN_0036_D14.fastq	DYN_0036_D14	illumina	sylph	default	sylph_default
184869	184869	Varibaculum	Varibaculum	genus	0.0028	abund	0.0028	0.0176	0.04648460197559558	0.060235000000000004	DYN_0036_D14.fastq	DYN_0036_D14	illumina	sylph	default	sylph_default
203133	203133	Propionimicrobium	Propionimicrobium	genus	0.0012	abund	0.0012	0.0075	0.01992197227525525	0.060235000000000004	DYN_0036_D14.fastq	DYN_0036_D14	illumina	sylph	default	sylph_default
698776	698776	Cellulosilyticum	Cellulosilyticum	genus	0.0055	abund	0.0055	0.0807	0.09130903959491989	0.060235000000000004	DYN_0036_D14.fastq	DYN_0036_D14	illumina	sylph	default	sylph_default
1164882	1164882	Lachnoanaerobaculum	Lachnoanaerobaculum	genus	0.0004	abund	0.0004	0.0027	0.006640657425085083	0.060235000000000004	DYN_0036_D14.fastq	DYN_0036_D14	illumina	sylph	default	sylph_default
1392389	1392389	Intestinimonas	Intestinimonas	genus	0.1434	abund	0.1434	1.4312	2.380675686893002	0.060235000000000004	DYN_0036_D14.fastq	DYN_0036_D14	illumina	sylph	default	sylph_default
1505657	1505657	Intestinibacter	Intestinibacter	genus	0.0203	abund	0.0203	0.1866	0.33701336432306794	0.060235000000000004	DYN_0036_D14.fastq	DYN_0036_D14	illumina	sylph	default	sylph_default
1623303	1623303	Brussowvirus	Brussowvirus	genus	0.0606	abund	0.0606	0.0067	1.00605959990039	0.060235000000000004	DYN_0036_D14.fastq	DYN_0036_D14	illumina	sylph	default	sylph_default
1843210	1843210	Anaerocolumna	Anaerocolumna	genus	0.0056	abund	0.0056	0.0798	0.09296920395119115	0.060235000000000004	DYN_0036_D14.fastq	DYN_0036_D14	illumina	sylph	default	sylph_default
2692113	2692113	Gleimia	Gleimia	genus	0.0014	abund	0.0014	0.0089	0.02324230098779779	0.060235000000000004	DYN_0036_D14.fastq	DYN_0036_D14	illumina	sylph	default	sylph_default
2740557	2740557	Pauljensenia	Pauljensenia	genus	0.0138	abund	0.0138	0.0936999999999999	0.22910268116543536	0.060235000000000004	DYN_0036_D14.fastq	DYN_0036_D14	illumina	sylph	default	sylph_default
2759736	2759736	Lacticaseibacillus	Lacticaseibacillus	genus	0.0014	abund	0.0014	0.0134	0.02324230098779779	0.060235000000000004	DYN_0036_D14.fastq	DYN_0036_D14	illumina	sylph	default	sylph_default
2767353	2767353	Lancefieldella	Lancefieldella	genus	0.0378999999999999	abund	0.0378999999999999	0.1815	0.6292022910268099	0.060235000000000004	DYN_0036_D14.fastq	DYN_0036_D14	illumina	sylph	default	sylph_default
2888809	2888809	Novisyntrophococcus	Novisyntrophococcus	genus	0.0109	abund	0.0109	0.1149	0.18095791483356852	0.060235000000000004	DYN_0036_D14.fastq	DYN_0036_D14	illumina	sylph	default	sylph_default
3059504	3059504	Allocoprobacillus	Allocoprobacillus	genus	0.0038	abund	0.0038	0.0261	0.06308624553830829	0.060235000000000004	DYN_0036_D14.fastq	DYN_0036_D14	illumina	sylph	default	sylph_default
0	0	UBA4285	UBA4285	genus	0.0022	abund	0.0022	0.0121	0.04397713189141647	0.050025999999999994	DYN_0036_D16.fastq	DYN_0036_D16	illumina	sylph	default	sylph_default
194	194	Campylobacter_A	Campylobacter	genus	0.0151	abund	0.0151	0.1067	0.3018430416183585	0.050025999999999994	DYN_0036_D16.fastq	DYN_0036_D16	illumina	sylph	default	sylph_default
544	544	Citrobacter_A	Citrobacter	genus	0.2197	abund	0.2197	3.9189	4.39171630752009	0.050025999999999994	DYN_0036_D16.fastq	DYN_0036_D16	illumina	sylph	default	sylph_default
547	547	Enterobacter	Enterobacter	genus	0.0036	abund	0.0036	0.0595	0.0719625794586815	0.050025999999999994	DYN_0036_D16.fastq	DYN_0036_D16	illumina	sylph	default	sylph_default
570	570	Klebsiella	Klebsiella	genus	1.9802	abund	1.9802	39.3447	39.58341662335586	0.050025999999999994	DYN_0036_D16.fastq	DYN_0036_D16	illumina	sylph	default	sylph_default
581	581	Morganella	Morganella	genus	0.0524	abund	0.0524	0.7163	1.0474553232319197	0.050025999999999994	DYN_0036_D16.fastq	DYN_0036_D16	illumina	sylph	default	sylph_default
724	724	Haemophilus_D	Haemophilus	genus	0.0014	abund	0.0014	0.0111	0.027985447567265023	0.050025999999999994	DYN_0036_D16.fastq	DYN_0036_D16	illumina	sylph	default	sylph_default
816	816	Bacteroides	Bacteroides	genus	1.6004	abund	1.6004	33.554700000000004	31.99136449046496	0.050025999999999994	DYN_0036_D16.fastq	DYN_0036_D16	illumina	sylph	default	sylph_default
838	838	Prevotella	Prevotella	genus	0.0332	abund	0.0332	0.3906	0.6636548994522848	0.050025999999999994	DYN_0036_D16.fastq	DYN_0036_D16	illumina	sylph	default	sylph_default
848	848	Fusobacterium	Fusobacterium	genus	0.0167	abund	0.0167	0.1466	0.3338264102666614	0.050025999999999994	DYN_0036_D16.fastq	DYN_0036_D16	illumina	sylph	default	sylph_default
970	970	Selenomonas	Selenomonas	genus	0.0131	abund	0.0131	0.1228	0.2618638308079799	0.050025999999999994	DYN_0036_D16.fastq	DYN_0036_D16	illumina	sylph	default	sylph_default
1263	1263	Ruminococcus_B	Ruminococcus	genus	0.1576	abund	0.1576	2.0057	3.1503618118578345	0.050025999999999994	DYN_0036_D16.fastq	DYN_0036_D16	illumina	sylph	default	sylph_default
1301	1301	Streptococcus	Streptococcus	genus	0.0103	abund	0.0103	0.0775	0.20589293567344985	0.050025999999999994	DYN_0036_D16.fastq	DYN_0036_D16	illumina	sylph	default	sylph_default
1350	1350	Enterococcus_B	Enterococcus	genus	0.033	abund	0.033	0.3798	0.6596569783712471	0.050025999999999994	DYN_0036_D16.fastq	DYN_0036_D16	illumina	sylph	default	sylph_default
1485	1485	Clostridium_F	Clostridium	genus	0.0028	abund	0.0028	0.0421	0.055970895134530046	0.050025999999999994	DYN_0036_D16.fastq	DYN_0036_D16	illumina	sylph	default	sylph_default
1654	1654	Actinomyces	Actinomyces	genus	0.0009	abund	0.0009	0.01	0.017990644864670374	0.050025999999999994	DYN_0036_D16.fastq	DYN_0036_D16	illumina	sylph	default	sylph_default
1678	1678	Bifidobacterium	Bifidobacterium	genus	0.0908	abund	0.0908	0.7753	1.815056170791189	0.050025999999999994	DYN_0036_D16.fastq	DYN_0036_D16	illumina	sylph	default	sylph_default
1716	1716	Corynebacterium	Corynebacterium	genus	0.0044	abund	0.0044	0.0318	0.08795426378283294	0.050025999999999994	DYN_0036_D16.fastq	DYN_0036_D16	illumina	sylph	default	sylph_default
1730	1730	Eubacterium_B	Eubacterium	genus	0.0113	abund	0.0113	0.0702	0.22588254107863912	0.050025999999999994	DYN_0036_D16.fastq	DYN_0036_D16	illumina	sylph	default	sylph_default
29465	29465	Veillonella	Veillonella	genus	0.3409	abund	0.3409	2.6654000000000004	6.8144564826290335	0.050025999999999994	DYN_0036_D16.fastq	DYN_0036_D16	illumina	sylph	default	sylph_default
32207	32207	Rothia	Rothia	genus	0.0024	abund	0.0024	0.0206	0.04797505297245433	0.050025999999999994	DYN_0036_D16.fastq	DYN_0036_D16	illumina	sylph	default	sylph_default
39948	39948	Dialister	Dialister	genus	0.0265	abund	0.0265	0.1801	0.5297245432375165	0.050025999999999994	DYN_0036_D16.fastq	DYN_0036_D16	illumina	sylph	default	sylph_default
82202	82202	Centipeda	Centipeda	genus	0.0003	abund	0.0003	0.0023	0.005996881621556791	0.050025999999999994	DYN_0036_D16.fastq	DYN_0036_D16	illumina	sylph	default	sylph_default
84108	84108	Slackia	Slackia	genus	0.0049	abund	0.0049	0.0368	0.09794906648542759	0.050025999999999994	DYN_0036_D16.fastq	DYN_0036_D16	illumina	sylph	default	sylph_default
84162	84162	Cryptobacterium	Cryptobacterium	genus	0.0006	abund	0.0006	0.0035	0.011993763243113582	0.050025999999999994	DYN_0036_D16.fastq	DYN_0036_D16	illumina	sylph	default	sylph_default
86331	86331	Mogibacterium	Mogibacterium	genus	0.0054	abund	0.0054	0.0349	0.10794386918802225	0.050025999999999994	DYN_0036_D16.fastq	DYN_0036_D16	illumina	sylph	default	sylph_default
133925	133925	Olsenella	Olsenella	genus	0.0054	abund	0.0054	0.0398	0.10794386918802225	0.050025999999999994	DYN_0036_D16.fastq	DYN_0036_D16	illumina	sylph	default	sylph_default
156454	156454	Anaeroglobus	Anaeroglobus	genus	0.0005	abund	0.0005	0.0029	0.009994802702594653	0.050025999999999994	DYN_0036_D16.fastq	DYN_0036_D16	illumina	sylph	default	sylph_default
177971	177971	Shuttleworthia	Shuttleworthia	genus	0.0106	abund	0.0106	0.082	0.21188981729500664	0.050025999999999994	DYN_0036_D16.fastq	DYN_0036_D16	illumina	sylph	default	sylph_default
184869	184869	Varibaculum	Varibaculum	genus	0.0033	abund	0.0033	0.0236	0.0659656978371247	0.050025999999999994	DYN_0036_D16.fastq	DYN_0036_D16	illumina	sylph	default	sylph_default
203133	203133	Propionimicrobium	Propionimicrobium	genus	0.0029	abund	0.0029	0.0208	0.057969855675048976	0.050025999999999994	DYN_0036_D16.fastq	DYN_0036_D16	illumina	sylph	default	sylph_default
909656	909656	Phocaeicola	Phocaeicola	genus	0.0717	abund	0.0717	1.4436	1.4332547075520732	0.050025999999999994	DYN_0036_D16.fastq	DYN_0036_D16	illumina	sylph	default	sylph_default
909928	909928	Negativicoccus	Negativicoccus	genus	0.0027	abund	0.0027	0.0136	0.053971934594011124	0.050025999999999994	DYN_0036_D16.fastq	DYN_0036_D16	illumina	sylph	default	sylph_default
1392389	1392389	Intestinimonas	Intestinimonas	genus	0.2006	abund	0.2006	2.3169	4.009914844280974	0.050025999999999994	DYN_0036_D16.fastq	DYN_0036_D16	illumina	sylph	default	sylph_default
1505657	1505657	Intestinibacter	Intestinibacter	genus	0.0048	abund	0.0048	0.0509	0.09595010594490866	0.050025999999999994	DYN_0036_D16.fastq	DYN_0036_D16	illumina	sylph	default	sylph_default
1623303	1623303	Brussowvirus	Brussowvirus	genus	0.0161	abund	0.0161	0.002	0.3218326470235478	0.050025999999999994	DYN_0036_D16.fastq	DYN_0036_D16	illumina	sylph	default	sylph_default
1843210	1843210	Anaerocolumna	Anaerocolumna	genus	0.0065	abund	0.0065	0.1079	0.12993243513373048	0.050025999999999994	DYN_0036_D16.fastq	DYN_0036_D16	illumina	sylph	default	sylph_default
1918542	1918542	Muricomes	Muricomes	genus	0.0008	abund	0.0008	0.0113	0.015991684324151444	0.050025999999999994	DYN_0036_D16.fastq	DYN_0036_D16	illumina	sylph	default	sylph_default
2692113	2692113	Gleimia	Gleimia	genus	0.0004	abund	0.0004	0.0029	0.007995842162075722	0.050025999999999994	DYN_0036_D16.fastq	DYN_0036_D16	illumina	sylph	default	sylph_default
2740557	2740557	Pauljensenia	Pauljensenia	genus	0.0096	abund	0.0096	0.0785	0.19190021188981732	0.050025999999999994	DYN_0036_D16.fastq	DYN_0036_D16	illumina	sylph	default	sylph_default
2767353	2767353	Lancefieldella	Lancefieldella	genus	0.0197	abund	0.0197	0.1094	0.3937952264822293	0.050025999999999994	DYN_0036_D16.fastq	DYN_0036_D16	illumina	sylph	default	sylph_default
2888809	2888809	Novisyntrophococcus	Novisyntrophococcus	genus	0.0103	abund	0.0103	0.1257	0.20589293567344985	0.050025999999999994	DYN_0036_D16.fastq	DYN_0036_D16	illumina	sylph	default	sylph_default
3059504	3059504	Allocoprobacillus	Allocoprobacillus	genus	0.0066	abund	0.0066	0.0524	0.1319313956742494	0.050025999999999994	DYN_0036_D16.fastq	DYN_0036_D16	illumina	sylph	default	sylph_default
