tool,db,tool_db,data_type,project,technology,sample,taxid_raw,taxid,name_raw,name,rank,value,value_type,abundance_raw,genomeSize,numReads,numUniqueReads,taxRank_raw,norm_abund,classified_fraction
Centrifuger,unified,Centrifuger_unified,simulated,simulated,ont,sim_ont,9,9,Buchnera_aphidicola,Buchnera aphidicola,species,0.0,abund,0.0,596134,31,19,species,0.0,1.0000002
Centrifuger,unified,Centrifuger_unified,simulated,simulated,ont,sim_ont,19,19,Syntrophotalea_carbinolica,Syntrophotalea carbinolica,species,0.0,abund,0.0,3665893,1,1,species,0.0,1.0000002
Centrifuger,unified,Centrifuger_unified,simulated,simulated,ont,sim_ont,41,41,Stigmatella_aurantiaca,Stigmatella aurantiaca,species,0.0,abund,0.0,10260756,1,1,species,0.0,1.0000002
Centrifuger,unified,Centrifuger_unified,simulated,simulated,ont,sim_ont,43,43,Cystobacter_fuscus,Cystobacter fuscus,species,0.0,abund,0.0,24084199,1,0,species,0.0,1.0000002
Centrifuger,unified,Centrifuger_unified,simulated,simulated,ont,sim_ont,142,142,Borrelia_turicatae,Borrelia turicatae,species,0.0,abund,0.0,1588872,3,3,species,0.0,1.0000002
Centrifuger,unified,Centrifuger_unified,simulated,simulated,ont,sim_ont,144,144,Borrelia_coriaceae,Borrelia coriaceae,species,0.0,abund,0.0,1758903,2,0,species,0.0,1.0000002
Centrifuger,unified,Centrifuger_unified,simulated,simulated,ont,sim_ont,159,159,Brachyspira_hyodysenteriae,Brachyspira hyodysenteriae,species,0.0,abund,0.0,6092864,1,0,species,0.0,1.0000002
Centrifuger,unified,Centrifuger_unified,simulated,simulated,ont,sim_ont,162,162,Treponema_phagedenis,Treponema phagedenis,species,0.0,abund,0.0,20395031,2,0,species,0.0,1.0000002
Centrifuger,unified,Centrifuger_unified,simulated,simulated,ont,sim_ont,163,163,Treponema_bryantii,Treponema bryantii,species,0.0,abund,0.0,3516600,1,1,species,0.0,1.0000002
Centrifuger,unified,Centrifuger_unified,simulated,simulated,ont,sim_ont,165,165,Treponema_saccharophilum,Treponema saccharophilum,species,0.0,abund,0.0,3459320,1,1,species,0.0,1.0000002
Centrifuger,unified,Centrifuger_unified,simulated,simulated,ont,sim_ont,167,167,Treponema_succinifaciens,Treponema succinifaciens,species,0.0,abund,0.0,2897425,7,7,species,0.0,1.0000002
Centrifuger,unified,Centrifuger_unified,simulated,simulated,ont,sim_ont,173,173,Leptospira_interrogans,Leptospira interrogans,species,0.0,abund,0.0,7255679,7,2,species,0.0,1.0000002
Centrifuger,unified,Centrifuger_unified,simulated,simulated,ont,sim_ont,199,199,Campylobacter_concisus,Campylobacter concisus,species,0.2633,abund,0.002633,5760548,10710,10649,species,0.26329994734001055,1.0000002
Centrifuger,unified,Centrifuger_unified,simulated,simulated,ont,sim_ont,210,210,Helicobacter_pylori,Helicobacter pylori,species,0.0,abund,0.0,2594084,1,0,species,0.0,1.0000002
Centrifuger,unified,Centrifuger_unified,simulated,simulated,ont,sim_ont,217,217,Helicobacter_mustelae,Helicobacter mustelae,species,0.0,abund,0.0,1577352,1,0,species,0.0,1.0000002
Centrifuger,unified,Centrifuger_unified,simulated,simulated,ont,sim_ont,250,250,Chryseobacterium_gleum,Chryseobacterium gleum,species,0.0,abund,0.0,5643221,4,0,species,0.0,1.0000002
Centrifuger,unified,Centrifuger_unified,simulated,simulated,ont,sim_ont,256,256,Myroides_odoratus,Myroides odoratus,species,0.0,abund,0.0,6353369,1,0,species,0.0,1.0000002
Centrifuger,unified,Centrifuger_unified,simulated,simulated,ont,sim_ont,259,259,Sphingobacterium_thalpophilum,Sphingobacterium thalpophilum,species,0.0,abund,0.0,5962893,2,2,species,0.0,1.0000002
Centrifuger,unified,Centrifuger_unified,simulated,simulated,ont,sim_ont,287,287,Pseudomonas_aeruginosa,Pseudomonas aeruginosa,species,0.0,abund,0.0,20861276,1,1,species,0.0,1.0000002
Centrifuger,unified,Centrifuger_unified,simulated,simulated,ont,sim_ont,300,300,Ectopseudomonas_mendocina,Ectopseudomonas mendocina,species,0.0,abund,0.0,5526791,1,1,species,0.0,1.0000002
Centrifuger,unified,Centrifuger_unified,simulated,simulated,ont,sim_ont,317,317,Pseudomonas_syringae,Pseudomonas syringae,species,0.0,abund,0.0,6594800,3,3,species,0.0,1.0000002
Centrifuger,unified,Centrifuger_unified,simulated,simulated,ont,sim_ont,358,358,Agrobacterium_tumefaciens,Agrobacterium tumefaciens,species,0.0,abund,0.0,21475300,4,4,species,0.0,1.0000002
Centrifuger,unified,Centrifuger_unified,simulated,simulated,ont,sim_ont,380,380,Sinorhizobium_fredii,Sinorhizobium fredii,species,0.0,abund,0.0,6778698,3,3,species,0.0,1.0000002
Centrifuger,unified,Centrifuger_unified,simulated,simulated,ont,sim_ont,435,435,Acetobacter_aceti,Acetobacter aceti,species,0.0,abund,0.0,3830509,1,1,species,0.0,1.0000002
Centrifuger,unified,Centrifuger_unified,simulated,simulated,ont,sim_ont,454,454,Legionella_israelensis,Legionella israelensis,species,0.0,abund,0.0,3265172,4,1,species,0.0,1.0000002
Centrifuger,unified,Centrifuger_unified,simulated,simulated,ont,sim_ont,470,470,Acinetobacter_baumannii,Acinetobacter baumannii,species,0.0,abund,0.0,11661057,2,1,species,0.0,1.0000002
Centrifuger,unified,Centrifuger_unified,simulated,simulated,ont,sim_ont,500,500,Thermomicrobium_roseum,Thermomicrobium roseum,species,0.0,abund,0.0,2003004,4,4,species,0.0,1.0000002
Centrifuger,unified,Centrifuger_unified,simulated,simulated,ont,sim_ont,504,504,Kingella_kingae,Kingella kingae,species,0.0,abund,0.0,4076991,4,0,species,0.0,1.0000002
Centrifuger,unified,Centrifuger_unified,simulated,simulated,ont,sim_ont,562,562,Escherichia_coli,Escherichia coli,species,0.0,abund,0.0,7472123,5,2,species,0.0,1.0000002
Centrifuger,unified,Centrifuger_unified,simulated,simulated,ont,sim_ont,587,587,Providencia_rettgeri,Providencia rettgeri,species,0.0,abund,0.0,8967809,3,3,species,0.0,1.0000002
Centrifuger,unified,Centrifuger_unified,simulated,simulated,ont,sim_ont,588,588,Providencia_stuartii,Providencia stuartii,species,0.0,abund,0.0,9166738,1,0,species,0.0,1.0000002
Centrifuger,unified,Centrifuger_unified,simulated,simulated,ont,sim_ont,628,628,Xenorhabdus_nematophila,Xenorhabdus nematophila,species,0.0,abund,0.0,4436021,3,0,species,0.0,1.0000002
Centrifuger,unified,Centrifuger_unified,simulated,simulated,ont,sim_ont,630,630,Yersinia_enterocolitica,Yersinia enterocolitica,species,0.0,abund,0.0,16760350,2,0,species,0.0,1.0000002
Centrifuger,unified,Centrifuger_unified,simulated,simulated,ont,sim_ont,670,670,Vibrio_parahaemolyticus,Vibrio parahaemolyticus,species,0.0,abund,0.0,38981933,3,2,species,0.0,1.0000002
Centrifuger,unified,Centrifuger_unified,simulated,simulated,ont,sim_ont,674,674,Vibrio_mimicus,Vibrio mimicus,species,0.0,abund,0.0,4484015,1,1,species,0.0,1.0000002
Centrifuger,unified,Centrifuger_unified,simulated,simulated,ont,sim_ont,687,687,Vibrio_gazogenes,Vibrio gazogenes,species,0.0,abund,0.0,4786552,1,0,species,0.0,1.0000002
Centrifuger,unified,Centrifuger_unified,simulated,simulated,ont,sim_ont,726,726,Haemophilus_haemolyticus,Haemophilus haemolyticus,species,0.87403,abund,0.0087403,1973061,11316,11259,species,0.8740298251940349,1.0000002
Centrifuger,unified,Centrifuger_unified,simulated,simulated,ont,sim_ont,727,727,Haemophilus_influenzae,Haemophilus influenzae,species,0.40957,abund,0.0040957,5511813,10933,3287,species,0.40956991808601645,1.0000002
Centrifuger,unified,Centrifuger_unified,simulated,simulated,ont,sim_ont,728,728,Avibacterium_paragallinarum,Avibacterium paragallinarum,species,1.9999999999999998e-05,abund,2e-07,19828660,3,0,species,1.9999996000000804e-05,1.0000002
Centrifuger,unified,Centrifuger_unified,simulated,simulated,ont,sim_ont,729,729,Haemophilus_parainfluenzae,Haemophilus parainfluenzae,species,0.26248,abund,0.0026248,8815138,12356,322,species,0.2624799475040105,1.0000002
Centrifuger,unified,Centrifuger_unified,simulated,simulated,ont,sim_ont,731,731,Histophilus_somni,Histophilus somni,species,0.0,abund,0.0,12810272,1,0,species,0.0,1.0000002
Centrifuger,unified,Centrifuger_unified,simulated,simulated,ont,sim_ont,732,732,Aggregatibacter_aphrophilus,Aggregatibacter aphrophilus,species,0.9619300000000001,abund,0.0096193,2354945,13445,12126,species,0.9619298076140387,1.0000002
Centrifuger,unified,Centrifuger_unified,simulated,simulated,ont,sim_ont,735,735,Haemophilus_parahaemolyticus,Haemophilus parahaemolyticus,species,0.7385499999999999,abund,0.0073855,2093459,11981,624,species,0.7385498522900295,1.0000002
Centrifuger,unified,Centrifuger_unified,simulated,simulated,ont,sim_ont,738,738,Glaesserella_parasuis,Glaesserella parasuis,species,0.0,abund,0.0,3775949,1,0,species,0.0,1.0000002
Centrifuger,unified,Centrifuger_unified,simulated,simulated,ont,sim_ont,817,817,Bacteroides_fragilis,Bacteroides fragilis,species,0.00098,abund,9.8e-06,10652239,130,128,species,0.0009799998040000393,1.0000002
Centrifuger,unified,Centrifuger_unified,simulated,simulated,ont,sim_ont,818,818,Bacteroides_thetaiotaomicron,Bacteroides thetaiotaomicron,species,0.2802,abund,0.002802,32028362,35456,3769,species,0.28019994396001124,1.0000002
Centrifuger,unified,Centrifuger_unified,simulated,simulated,ont,sim_ont,820,820,Bacteroides_uniformis,Bacteroides uniformis,species,0.8349000000000001,abund,0.008349,7730875,25560,1985,species,0.8348998330200336,1.0000002
Centrifuger,unified,Centrifuger_unified,simulated,simulated,ont,sim_ont,821,821,Phocaeicola_vulgatus,Phocaeicola vulgatus,species,0.65776,abund,0.0065776,10114784,28996,4070,species,0.6577598684480264,1.0000002
Centrifuger,unified,Centrifuger_unified,simulated,simulated,ont,sim_ont,823,823,Parabacteroides_distasonis,Parabacteroides distasonis,species,1.3661100000000002,abund,0.0136611,5279052,32760,27450,species,1.3661097267780549,1.0000002
Centrifuger,unified,Centrifuger_unified,simulated,simulated,ont,sim_ont,831,831,Butyrivibrio_fibrisolvens,Butyrivibrio fibrisolvens,species,0.0,abund,0.0,4934336,47,46,species,0.0,1.0000002
Centrifuger,unified,Centrifuger_unified,simulated,simulated,ont,sim_ont,833,833,Fibrobacter_succinogenes,Fibrobacter succinogenes,species,0.0,abund,0.0,3843004,1,0,species,0.0,1.0000002
Centrifuger,unified,Centrifuger_unified,simulated,simulated,ont,sim_ont,849,849,Fusobacterium_gonidiaformans,Fusobacterium gonidiaformans,species,0.0,abund,0.0,1678881,2,2,species,0.0,1.0000002
Centrifuger,unified,Centrifuger_unified,simulated,simulated,ont,sim_ont,851,851,Fusobacterium_nucleatum,Fusobacterium nucleatum,species,0.87443,abund,0.0087443,4887871,1466,1162,species,0.874429825114035,1.0000002
Centrifuger,unified,Centrifuger_unified,simulated,simulated,ont,sim_ont,853,853,Faecalibacterium_prausnitzii,Faecalibacterium prausnitzii,species,0.38726,abund,0.0038726,8991799,16922,16768,species,0.3872599225480155,1.0000002
Centrifuger,unified,Centrifuger_unified,simulated,simulated,ont,sim_ont,856,856,Fusobacterium_varium,Fusobacterium varium,species,0.0,abund,0.0,5322892,5,1,species,0.0,1.0000002
Centrifuger,unified,Centrifuger_unified,simulated,simulated,ont,sim_ont,859,859,Fusobacterium_necrophorum,Fusobacterium necrophorum,species,0.0,abund,0.0,2230525,1,1,species,0.0,1.0000002
Centrifuger,unified,Centrifuger_unified,simulated,simulated,ont,sim_ont,863,863,Syntrophomonas_wolfei,Syntrophomonas wolfei,species,0.0,abund,0.0,2936195,1,1,species,0.0,1.0000002
Centrifuger,unified,Centrifuger_unified,simulated,simulated,ont,sim_ont,907,907,Megasphaera_elsdenii,Megasphaera elsdenii,species,9.999999999999999e-06,abund,1e-07,2516493,2,2,species,9.999998000000402e-06,1.0000002
Centrifuger,unified,Centrifuger_unified,simulated,simulated,ont,sim_ont,940,940,Hydrogenobacter_thermophilus,Hydrogenobacter thermophilus,species,0.0,abund,0.0,1768796,2,0,species,0.0,1.0000002
Centrifuger,unified,Centrifuger_unified,simulated,simulated,ont,sim_ont,959,959,Bdellovibrio_bacteriovorus,Bdellovibrio bacteriovorus,species,0.0,abund,0.0,12678185,5,3,species,0.0,1.0000002
Centrifuger,unified,Centrifuger_unified,simulated,simulated,ont,sim_ont,971,971,Selenomonas_ruminantium,Selenomonas ruminantium,species,0.0,abund,0.0,3222355,6,6,species,0.0,1.0000002
Centrifuger,unified,Centrifuger_unified,simulated,simulated,ont,sim_ont,979,979,Cellulophaga_lytica,Cellulophaga lytica,species,0.0,abund,0.0,3859446,1,1,species,0.0,1.0000002
Centrifuger,unified,Centrifuger_unified,simulated,simulated,ont,sim_ont,984,984,Pedobacter_heparinus,Pedobacter heparinus,species,0.0,abund,0.0,5167383,1,1,species,0.0,1.0000002
Centrifuger,unified,Centrifuger_unified,simulated,simulated,ont,sim_ont,999,999,Bernardetia_litoralis,Bernardetia litoralis,species,0.0,abund,0.0,4919337,1,1,species,0.0,1.0000002
Centrifuger,unified,Centrifuger_unified,simulated,simulated,ont,sim_ont,1004,1004,Chitinophaga_sancti,Chitinophaga sancti,species,0.0,abund,0.0,8491830,1,1,species,0.0,1.0000002
Centrifuger,unified,Centrifuger_unified,simulated,simulated,ont,sim_ont,1014,1014,Weeksella_virosa,Weeksella virosa,species,0.0,abund,0.0,2280043,2,2,species,0.0,1.0000002
Centrifuger,unified,Centrifuger_unified,simulated,simulated,ont,sim_ont,1053,1053,Halorhodospira_halophila,Halorhodospira halophila,species,0.0,abund,0.0,2678452,1,1,species,0.0,1.0000002
Centrifuger,unified,Centrifuger_unified,simulated,simulated,ont,sim_ont,1054,1054,Ectothiorhodospira_shaposhnikovii,Ectothiorhodospira shaposhnikovii,species,0.0,abund,0.0,3440079,21,21,species,0.0,1.0000002
Centrifuger,unified,Centrifuger_unified,simulated,simulated,ont,sim_ont,1076,1076,Rhodopseudomonas_palustris,Rhodopseudomonas palustris,species,0.0,abund,0.0,6539784,1,0,species,0.0,1.0000002
Centrifuger,unified,Centrifuger_unified,simulated,simulated,ont,sim_ont,1079,1079,Blastochloris_viridis,Blastochloris viridis,species,0.0,abund,0.0,3726627,1,0,species,0.0,1.0000002
Centrifuger,unified,Centrifuger_unified,simulated,simulated,ont,sim_ont,1160,1160,Planktothrix_agardhii,Planktothrix agardhii,species,0.0,abund,0.0,12734371,1,1,species,0.0,1.0000002
Centrifuger,unified,Centrifuger_unified,simulated,simulated,ont,sim_ont,1219,1219,Prochlorococcus_marinus,Prochlorococcus marinus,species,0.0,abund,0.0,1886548,19,5,species,0.0,1.0000002
Centrifuger,unified,Centrifuger_unified,simulated,simulated,ont,sim_ont,1244,1244,Leuconostoc_gelidum,Leuconostoc gelidum,species,0.0,abund,0.0,1910064,1,1,species,0.0,1.0000002
Centrifuger,unified,Centrifuger_unified,simulated,simulated,ont,sim_ont,1247,1247,Oenococcus_oeni,Oenococcus oeni,species,0.0,abund,0.0,1885110,2,0,species,0.0,1.0000002
Centrifuger,unified,Centrifuger_unified,simulated,simulated,ont,sim_ont,1255,1255,Pediococcus_pentosaceus,Pediococcus pentosaceus,species,0.87585,abund,0.0087585,2786543,10661,3484,species,0.8758498248300352,1.0000002
Centrifuger,unified,Centrifuger_unified,simulated,simulated,ont,sim_ont,1260,1260,Finegoldia_magna,Finegoldia magna,species,0.0,abund,0.0,2476389,5,0,species,0.0,1.0000002
Centrifuger,unified,Centrifuger_unified,simulated,simulated,ont,sim_ont,1264,1264,Ruminococcus_albus,Ruminococcus albus,species,0.0,abund,0.0,3685408,5,5,species,0.0,1.0000002
Centrifuger,unified,Centrifuger_unified,simulated,simulated,ont,sim_ont,1280,1280,Staphylococcus_aureus,Staphylococcus aureus,species,4.9999999999999996e-05,abund,5e-07,6920189,13,13,species,4.9999990000001994e-05,1.0000002
Centrifuger,unified,Centrifuger_unified,simulated,simulated,ont,sim_ont,1282,1282,Staphylococcus_epidermidis,Staphylococcus epidermidis,species,0.0,abund,0.0,38682851,1,0,species,0.0,1.0000002
Centrifuger,unified,Centrifuger_unified,simulated,simulated,ont,sim_ont,1284,1284,Staphylococcus_hyicus,Staphylococcus hyicus,species,0.0,abund,0.0,26116218,1,1,species,0.0,1.0000002
Centrifuger,unified,Centrifuger_unified,simulated,simulated,ont,sim_ont,1286,1286,Staphylococcus_simulans,Staphylococcus simulans,species,0.0,abund,0.0,21814456,2,0,species,0.0,1.0000002
Centrifuger,unified,Centrifuger_unified,simulated,simulated,ont,sim_ont,1288,1288,Staphylococcus_xylosus,Staphylococcus xylosus,species,0.0,abund,0.0,8749057,1,0,species,0.0,1.0000002
Centrifuger,unified,Centrifuger_unified,simulated,simulated,ont,sim_ont,1290,1290,Staphylococcus_hominis,Staphylococcus hominis,species,0.0,abund,0.0,3059405,1,0,species,0.0,1.0000002
Centrifuger,unified,Centrifuger_unified,simulated,simulated,ont,sim_ont,1296,1296,Mammaliicoccus_sciuri,Mammaliicoccus sciuri,species,0.0,abund,0.0,28329038,1,1,species,0.0,1.0000002
Centrifuger,unified,Centrifuger_unified,simulated,simulated,ont,sim_ont,1302,1302,Streptococcus_gordonii,Streptococcus gordonii,species,1.1900300000000001,abund,0.0119003,2239984,12546,4726,species,1.1900297619940479,1.0000002
Centrifuger,unified,Centrifuger_unified,simulated,simulated,ont,sim_ont,1303,1303,Streptococcus_oralis,Streptococcus oralis,species,0.86461,abund,0.0086461,2640922,10280,4170,species,0.8646098270780347,1.0000002
Centrifuger,unified,Centrifuger_unified,simulated,simulated,ont,sim_ont,1304,1304,Streptococcus_salivarius,Streptococcus salivarius,species,0.90006,abund,0.0090006,7656266,12266,11117,species,0.9000598199880361,1.0000002
Centrifuger,unified,Centrifuger_unified,simulated,simulated,ont,sim_ont,1305,1305,Streptococcus_sanguinis,Streptococcus sanguinis,species,0.85839,abund,0.0085839,2418981,12792,12459,species,0.8583898283220344,1.0000002
Centrifuger,unified,Centrifuger_unified,simulated,simulated,ont,sim_ont,1307,1307,Streptococcus_suis,Streptococcus suis,species,0.001,abund,1e-05,3182057,78,40,species,0.00099999980000004,1.0000002
Centrifuger,unified,Centrifuger_unified,simulated,simulated,ont,sim_ont,1308,1308,Streptococcus_thermophilus,Streptococcus thermophilus,species,0.39233999999999997,abund,0.0039234,5085550,10328,3648,species,0.3923399215320157,1.0000002
Centrifuger,unified,Centrifuger_unified,simulated,simulated,ont,sim_ont,1309,1309,Streptococcus_mutans,Streptococcus mutans,species,0.0,abund,0.0,2820467,1,1,species,0.0,1.0000002
Centrifuger,unified,Centrifuger_unified,simulated,simulated,ont,sim_ont,1310,1310,Streptococcus_sobrinus,Streptococcus sobrinus,species,0.0,abund,0.0,4343861,1,1,species,0.0,1.0000002
Centrifuger,unified,Centrifuger_unified,simulated,simulated,ont,sim_ont,1311,1311,Streptococcus_agalactiae,Streptococcus agalactiae,species,8.999999999999999e-05,abund,9e-07,3788405,7,7,species,8.99999820000036e-05,1.0000002
Centrifuger,unified,Centrifuger_unified,simulated,simulated,ont,sim_ont,1313,1313,Streptococcus_pneumoniae,Streptococcus pneumoniae,species,0.00017,abund,1.7e-06,3888167,4,3,species,0.00016999996600000682,1.0000002
Centrifuger,unified,Centrifuger_unified,simulated,simulated,ont,sim_ont,1314,1314,Streptococcus_pyogenes,Streptococcus pyogenes,species,7e-05,abund,7e-07,4821093,9,9,species,6.99999860000028e-05,1.0000002
Centrifuger,unified,Centrifuger_unified,simulated,simulated,ont,sim_ont,1318,1318,Streptococcus_parasanguinis,Streptococcus parasanguinis,species,0.94287,abund,0.0094287,2153979,12620,12166,species,0.9428698114260378,1.0000002
Centrifuger,unified,Centrifuger_unified,simulated,simulated,ont,sim_ont,1322,1322,Blautia_hansenii,Blautia hansenii,species,0.00013000000000000002,abund,1.3e-06,2913538,102,37,species,0.00012999997400000522,1.0000002
Centrifuger,unified,Centrifuger_unified,simulated,simulated,ont,sim_ont,1328,1328,Streptococcus_anginosus,Streptococcus anginosus,species,0.17195000000000002,abund,0.0017195,2451558,2420,2216,species,0.1719499656100069,1.0000002
Centrifuger,unified,Centrifuger_unified,simulated,simulated,ont,sim_ont,1334,1334,Streptococcus_dysgalactiae,Streptococcus dysgalactiae,species,0.0,abund,0.0,5032887,1,1,species,0.0,1.0000002
Centrifuger,unified,Centrifuger_unified,simulated,simulated,ont,sim_ont,1336,1336,Streptococcus_equi,Streptococcus equi,species,0.0,abund,0.0,2138152,1,1,species,0.0,1.0000002
Centrifuger,unified,Centrifuger_unified,simulated,simulated,ont,sim_ont,1338,1338,Streptococcus_intermedius,Streptococcus intermedius,species,1.0054699999999999,abund,0.0100547,1974357,11172,133,species,1.0054697989060402,1.0000002
Centrifuger,unified,Centrifuger_unified,simulated,simulated,ont,sim_ont,1340,1340,Streptococcus_porcinus,Streptococcus porcinus,species,0.0,abund,0.0,3735086,1,1,species,0.0,1.0000002
Centrifuger,unified,Centrifuger_unified,simulated,simulated,ont,sim_ont,1343,1343,Streptococcus_vestibularis,Streptococcus vestibularis,species,0.9001,abund,0.009001,1950305,11231,11199,species,0.9000998199800361,1.0000002
Centrifuger,unified,Centrifuger_unified,simulated,simulated,ont,sim_ont,1346,1346,Streptococcus_iniae,Streptococcus iniae,species,0.0,abund,0.0,6313228,1,0,species,0.0,1.0000002
Centrifuger,unified,Centrifuger_unified,simulated,simulated,ont,sim_ont,1348,1348,Streptococcus_parauberis,Streptococcus parauberis,species,0.0,abund,0.0,10135448,2,1,species,0.0,1.0000002
Centrifuger,unified,Centrifuger_unified,simulated,simulated,ont,sim_ont,1351,1351,Enterococcus_faecalis,Enterococcus faecalis,species,0.00014,abund,1.4e-06,8906089,36,36,species,0.0001399999720000056,1.0000002
Centrifuger,unified,Centrifuger_unified,simulated,simulated,ont,sim_ont,1352,1352,Enterococcus_faecium,Enterococcus faecium,species,1.9999999999999998e-05,abund,2e-07,14384922,12,11,species,1.9999996000000804e-05,1.0000002
Centrifuger,unified,Centrifuger_unified,simulated,simulated,ont,sim_ont,1358,1358,Lactococcus_lactis,Lactococcus lactis,species,0.0,abund,0.0,3791573,1,1,species,0.0,1.0000002
Centrifuger,unified,Centrifuger_unified,simulated,simulated,ont,sim_ont,1363,1363,Lactococcus_garvieae,Lactococcus garvieae,species,0.0,abund,0.0,4780097,3,3,species,0.0,1.0000002
Centrifuger,unified,Centrifuger_unified,simulated,simulated,ont,sim_ont,1366,1366,Lactococcus_raffinolactis,Lactococcus raffinolactis,species,0.0,abund,0.0,5031512,1,1,species,0.0,1.0000002
Centrifuger,unified,Centrifuger_unified,simulated,simulated,ont,sim_ont,1390,1390,Bacillus_amyloliquefaciens,Bacillus amyloliquefaciens,species,0.0,abund,0.0,4706946,2,0,species,0.0,1.0000002
Centrifuger,unified,Centrifuger_unified,simulated,simulated,ont,sim_ont,1396,1396,Bacillus_cereus,Bacillus cereus,species,0.0,abund,0.0,9578738,3,3,species,0.0,1.0000002
Centrifuger,unified,Centrifuger_unified,simulated,simulated,ont,sim_ont,1399,1399,Cytobacillus_firmus,Cytobacillus firmus,species,0.0,abund,0.0,5411308,2,1,species,0.0,1.0000002
Centrifuger,unified,Centrifuger_unified,simulated,simulated,ont,sim_ont,1402,1402,Bacillus_licheniformis,Bacillus licheniformis,species,0.0,abund,0.0,7230094,1,0,species,0.0,1.0000002
Centrifuger,unified,Centrifuger_unified,simulated,simulated,ont,sim_ont,1404,1404,Priestia_megaterium,Priestia megaterium,species,0.0,abund,0.0,8009521,3,2,species,0.0,1.0000002
Centrifuger,unified,Centrifuger_unified,simulated,simulated,ont,sim_ont,1405,1405,Bacillus_mycoides,Bacillus mycoides,species,0.0,abund,0.0,27084704,25,19,species,0.0,1.0000002
Centrifuger,unified,Centrifuger_unified,simulated,simulated,ont,sim_ont,1406,1406,Paenibacillus_polymyxa,Paenibacillus polymyxa,species,0.0,abund,0.0,9917962,1,0,species,0.0,1.0000002
Centrifuger,unified,Centrifuger_unified,simulated,simulated,ont,sim_ont,1408,1408,Bacillus_pumilus,Bacillus pumilus,species,0.0,abund,0.0,7399122,3,0,species,0.0,1.0000002
Centrifuger,unified,Centrifuger_unified,simulated,simulated,ont,sim_ont,1413,1413,Evansella_cellulosilytica,Evansella cellulosilytica,species,0.0,abund,0.0,4681672,1,1,species,0.0,1.0000002
Centrifuger,unified,Centrifuger_unified,simulated,simulated,ont,sim_ont,1423,1423,Bacillus_subtilis,Bacillus subtilis,species,0.0,abund,0.0,6993598,4,3,species,0.0,1.0000002
Centrifuger,unified,Centrifuger_unified,simulated,simulated,ont,sim_ont,1426,1426,Parageobacillus_thermoglucosidasius,Parageobacillus thermoglucosidasius,species,0.0,abund,0.0,3891236,1,0,species,0.0,1.0000002
Centrifuger,unified,Centrifuger_unified,simulated,simulated,ont,sim_ont,1428,1428,Bacillus_thuringiensis,Bacillus thuringiensis,species,0.0,abund,0.0,7588830,5,3,species,0.0,1.0000002
Centrifuger,unified,Centrifuger_unified,simulated,simulated,ont,sim_ont,1450,1450,Alicyclobacillus_acidoterrestris,Alicyclobacillus acidoterrestris,species,0.0,abund,0.0,4346939,1,1,species,0.0,1.0000002
Centrifuger,unified,Centrifuger_unified,simulated,simulated,ont,sim_ont,1467,1467,Lederbergia_lenta,Lederbergia lenta,species,0.0,abund,0.0,4384366,3,3,species,0.0,1.0000002
Centrifuger,unified,Centrifuger_unified,simulated,simulated,ont,sim_ont,1473,1473,Virgibacillus_pantothenticus,Virgibacillus pantothenticus,species,0.0,abund,0.0,4761851,3,3,species,0.0,1.0000002
Centrifuger,unified,Centrifuger_unified,simulated,simulated,ont,sim_ont,1490,1490,Paraclostridium_bifermentans,Paraclostridium bifermentans,species,0.0,abund,0.0,3762896,2,2,species,0.0,1.0000002
Centrifuger,unified,Centrifuger_unified,simulated,simulated,ont,sim_ont,1491,1491,Clostridium_botulinum,Clostridium botulinum,species,0.0,abund,0.0,5267493,8,6,species,0.0,1.0000002
Centrifuger,unified,Centrifuger_unified,simulated,simulated,ont,sim_ont,1492,1492,Clostridium_butyricum,Clostridium butyricum,species,0.0,abund,0.0,9493631,5,0,species,0.0,1.0000002
Centrifuger,unified,Centrifuger_unified,simulated,simulated,ont,sim_ont,1493,1493,Clostridium_cellulovorans,Clostridium cellulovorans,species,0.0,abund,0.0,5262222,10,10,species,0.0,1.0000002
Centrifuger,unified,Centrifuger_unified,simulated,simulated,ont,sim_ont,1496,1496,Clostridioides_difficile,Clostridioides difficile,species,0.00124,abund,1.24e-05,16267201,178,112,species,0.0012399997520000498,1.0000002
Centrifuger,unified,Centrifuger_unified,simulated,simulated,ont,sim_ont,1502,1502,Clostridium_perfringens,Clostridium perfringens,species,0.0,abund,0.0,18735296,16,14,species,0.0,1.0000002
Centrifuger,unified,Centrifuger_unified,simulated,simulated,ont,sim_ont,1504,1504,Clostridium_septicum,Clostridium septicum,species,0.0,abund,0.0,3454144,6,5,species,0.0,1.0000002
Centrifuger,unified,Centrifuger_unified,simulated,simulated,ont,sim_ont,1505,1505,Paraclostridium_sordellii,Paraclostridium sordellii,species,0.0,abund,0.0,21739454,13,2,species,0.0,1.0000002
Centrifuger,unified,Centrifuger_unified,simulated,simulated,ont,sim_ont,1506,1506,Clostridium_sp.,Clostridium_sp.,species,0.0,abund,0.0,2617478,2,2,species,0.0,1.0000002
Centrifuger,unified,Centrifuger_unified,simulated,simulated,ont,sim_ont,1509,1509,Clostridium_sporogenes,Clostridium sporogenes,species,0.0,abund,0.0,8745252,1,1,species,0.0,1.0000002
Centrifuger,unified,Centrifuger_unified,simulated,simulated,ont,sim_ont,1512,1512,[Clostridium]_symbiosum,[Clostridium]_symbiosum,species,0.0,abund,0.0,5299950,29,0,species,0.0,1.0000002
Centrifuger,unified,Centrifuger_unified,simulated,simulated,ont,sim_ont,1513,1513,Clostridium_tetani,Clostridium tetani,species,0.0,abund,0.0,11548799,19,19,species,0.0,1.0000002
Centrifuger,unified,Centrifuger_unified,simulated,simulated,ont,sim_ont,1515,1515,Acetivibrio_thermocellus,Acetivibrio thermocellus,species,0.0,abund,0.0,3701767,1,0,species,0.0,1.0000002
Centrifuger,unified,Centrifuger_unified,simulated,simulated,ont,sim_ont,1520,1520,Clostridium_beijerinckii,Clostridium beijerinckii,species,0.0,abund,0.0,6168017,4,2,species,0.0,1.0000002
Centrifuger,unified,Centrifuger_unified,simulated,simulated,ont,sim_ont,1522,1522,[Clostridium]_innocuum,[Clostridium]_innocuum,species,0.64537,abund,0.0064537,9008608,26655,14260,species,0.6453698709260259,1.0000002
Centrifuger,unified,Centrifuger_unified,simulated,simulated,ont,sim_ont,1531,1531,Enterocloster_clostridioformis,Enterocloster clostridioformis,species,0.00011,abund,1.1e-06,5832416,51,47,species,0.00010999997800000442,1.0000002
Centrifuger,unified,Centrifuger_unified,simulated,simulated,ont,sim_ont,1532,1532,Blautia_coccoides,Blautia coccoides,species,7e-05,abund,7e-07,6500967,22,10,species,6.99999860000028e-05,1.0000002
Centrifuger,unified,Centrifuger_unified,simulated,simulated,ont,sim_ont,1534,1534,Clostridium_kluyveri,Clostridium kluyveri,species,0.0,abund,0.0,4156629,2,0,species,0.0,1.0000002
Centrifuger,unified,Centrifuger_unified,simulated,simulated,ont,sim_ont,1541,1541,Terrisporobacter_mayombei,Terrisporobacter mayombei,species,0.0,abund,0.0,4064271,3,3,species,0.0,1.0000002
Centrifuger,unified,Centrifuger_unified,simulated,simulated,ont,sim_ont,1547,1547,Thomasclavelia_ramosa,Thomasclavelia ramosa,species,0.0,abund,0.0,5368158,3,1,species,0.0,1.0000002
Centrifuger,unified,Centrifuger_unified,simulated,simulated,ont,sim_ont,1548,1548,Clostridium_scatologenes,Clostridium scatologenes,species,0.0,abund,0.0,5749410,1,1,species,0.0,1.0000002
Centrifuger,unified,Centrifuger_unified,simulated,simulated,ont,sim_ont,1561,1561,Clostridium_baratii,Clostridium baratii,species,0.0,abund,0.0,11264484,1,1,species,0.0,1.0000002
Centrifuger,unified,Centrifuger_unified,simulated,simulated,ont,sim_ont,1563,1563,Desulfosporosinus_orientis,Desulfosporosinus orientis,species,0.0,abund,0.0,5863081,4,4,species,0.0,1.0000002
Centrifuger,unified,Centrifuger_unified,simulated,simulated,ont,sim_ont,1564,1564,Desulforamulus_ruminis,Desulforamulus ruminis,species,0.0,abund,0.0,3969014,3,3,species,0.0,1.0000002
Centrifuger,unified,Centrifuger_unified,simulated,simulated,ont,sim_ont,1571,1571,Sporosarcina_ureae,Sporosarcina ureae,species,0.0,abund,0.0,6774761,4,4,species,0.0,1.0000002
Centrifuger,unified,Centrifuger_unified,simulated,simulated,ont,sim_ont,1580,1580,Levilactobacillus_brevis,Levilactobacillus brevis,species,0.8316199999999999,abund,0.0083162,3233016,14306,12007,species,0.8316198336760332,1.0000002
Centrifuger,unified,Centrifuger_unified,simulated,simulated,ont,sim_ont,1590,1590,Lactiplantibacillus_plantarum,Lactiplantibacillus plantarum,species,0.16476,abund,0.0016476,4972210,10349,8562,species,0.1647599670480066,1.0000002
Centrifuger,unified,Centrifuger_unified,simulated,simulated,ont,sim_ont,1597,1597,Lacticaseibacillus_paracasei,Lacticaseibacillus paracasei,species,0.40861,abund,0.0040861,6162391,10713,9643,species,0.40860991827801635,1.0000002
Centrifuger,unified,Centrifuger_unified,simulated,simulated,ont,sim_ont,1598,1598,Limosilactobacillus_reuteri,Limosilactobacillus reuteri,species,0.0,abund,0.0,2902870,4,0,species,0.0,1.0000002
Centrifuger,unified,Centrifuger_unified,simulated,simulated,ont,sim_ont,1600,1600,Lactobacillus_acetotolerans,Lactobacillus acetotolerans,species,0.0,abund,0.0,1704859,1,1,species,0.0,1.0000002
Centrifuger,unified,Centrifuger_unified,simulated,simulated,ont,sim_ont,1603,1603,Amylolactobacillus_amylophilus,Amylolactobacillus amylophilus,species,0.00054,abund,5.4e-06,1610352,14,14,species,0.0005399998920000217,1.0000002
Centrifuger,unified,Centrifuger_unified,simulated,simulated,ont,sim_ont,1605,1605,Ligilactobacillus_animalis,Ligilactobacillus animalis,species,0.0,abund,0.0,3751062,19,19,species,0.0,1.0000002
Centrifuger,unified,Centrifuger_unified,simulated,simulated,ont,sim_ont,1618,1618,Liquorilactobacillus_mali,Liquorilactobacillus mali,species,0.0,abund,0.0,2611959,1,1,species,0.0,1.0000002
Centrifuger,unified,Centrifuger_unified,simulated,simulated,ont,sim_ont,1623,1623,Ligilactobacillus_ruminis,Ligilactobacillus ruminis,species,0.00014,abund,1.4e-06,2127269,2,1,species,0.0001399999720000056,1.0000002
Centrifuger,unified,Centrifuger_unified,simulated,simulated,ont,sim_ont,1641,1641,Listeria_grayi,Listeria grayi,species,0.0,abund,0.0,2751104,2,2,species,0.0,1.0000002
Centrifuger,unified,Centrifuger_unified,simulated,simulated,ont,sim_ont,1642,1642,Listeria_innocua,Listeria innocua,species,0.0,abund,0.0,7665147,3,1,species,0.0,1.0000002
Centrifuger,unified,Centrifuger_unified,simulated,simulated,ont,sim_ont,1643,1643,Listeria_welshimeri,Listeria welshimeri,species,0.0,abund,0.0,2823976,1,0,species,0.0,1.0000002
Centrifuger,unified,Centrifuger_unified,simulated,simulated,ont,sim_ont,1655,1655,Actinomyces_naeslundii,Actinomyces naeslundii,species,0.81385,abund,0.0081385,3152123,18286,18218,species,0.8138498372300326,1.0000002
Centrifuger,unified,Centrifuger_unified,simulated,simulated,ont,sim_ont,1660,1660,Schaalia_odontolytica,Schaalia odontolytica,species,0.7821,abund,0.007821,2455831,14356,14320,species,0.7820998435800314,1.0000002
Centrifuger,unified,Centrifuger_unified,simulated,simulated,ont,sim_ont,1680,1680,Bifidobacterium_adolescentis,Bifidobacterium adolescentis,species,0.85358,abund,0.0085358,2291036,5763,142,species,0.8535798292840342,1.0000002
Centrifuger,unified,Centrifuger_unified,simulated,simulated,ont,sim_ont,1681,1681,Bifidobacterium_bifidum,Bifidobacterium bifidum,species,0.0,abund,0.0,2229516,1,1,species,0.0,1.0000002
Centrifuger,unified,Centrifuger_unified,simulated,simulated,ont,sim_ont,1686,1686,Bifidobacterium_catenulatum,Bifidobacterium catenulatum,species,0.00027,abund,2.7e-06,2216815,1,1,species,0.00026999994600001084,1.0000002
Centrifuger,unified,Centrifuger_unified,simulated,simulated,ont,sim_ont,1689,1689,Bifidobacterium_dentium,Bifidobacterium dentium,species,0.0,abund,0.0,3453344,1,1,species,0.0,1.0000002
Centrifuger,unified,Centrifuger_unified,simulated,simulated,ont,sim_ont,1705,1705,Corynebacterium_stationis,Corynebacterium stationis,species,0.0,abund,0.0,2871159,5,3,species,0.0,1.0000002
Centrifuger,unified,Centrifuger_unified,simulated,simulated,ont,sim_ont,1736,1736,Eubacterium_limosum,Eubacterium limosum,species,0.0,abund,0.0,4740532,1,0,species,0.0,1.0000002
Centrifuger,unified,Centrifuger_unified,simulated,simulated,ont,sim_ont,1750,1750,Arachnia_propionica,Arachnia propionica,species,0.0,abund,0.0,5151116,1,0,species,0.0,1.0000002
Centrifuger,unified,Centrifuger_unified,simulated,simulated,ont,sim_ont,1800,1800,Mycolicibacterium_chubuense,Mycolicibacterium chubuense,species,0.0,abund,0.0,5583723,1,1,species,0.0,1.0000002
Centrifuger,unified,Centrifuger_unified,simulated,simulated,ont,sim_ont,1906,1906,Streptomyces_fradiae,Streptomyces fradiae,species,0.0,abund,0.0,7304687,1,1,species,0.0,1.0000002
Centrifuger,unified,Centrifuger_unified,simulated,simulated,ont,sim_ont,2001,2001,Streptosporangium_roseum,Streptosporangium roseum,species,0.0,abund,0.0,10369518,1,1,species,0.0,1.0000002
Centrifuger,unified,Centrifuger_unified,simulated,simulated,ont,sim_ont,2033,2033,Microbacterium_testaceum,Microbacterium testaceum,species,0.0,abund,0.0,3778898,1,1,species,0.0,1.0000002
Centrifuger,unified,Centrifuger_unified,simulated,simulated,ont,sim_ont,2047,2047,Rothia_dentocariosa,Rothia dentocariosa,species,0.54101,abund,0.0054101,4985476,14374,1026,species,0.5410098917980217,1.0000002
Centrifuger,unified,Centrifuger_unified,simulated,simulated,ont,sim_ont,2095,2095,Mycoplasma_capricolum,Mycoplasma capricolum,species,0.0,abund,0.0,1014687,1,0,species,0.0,1.0000002
Centrifuger,unified,Centrifuger_unified,simulated,simulated,ont,sim_ont,2102,2102,Mycoplasma_mycoides,Mycoplasma mycoides,species,0.0,abund,0.0,1167510,4,0,species,0.0,1.0000002
Centrifuger,unified,Centrifuger_unified,simulated,simulated,ont,sim_ont,2109,2109,Mycoplasmopsis_synoviae,Mycoplasmopsis synoviae,species,0.0,abund,0.0,2137977,1,0,species,0.0,1.0000002
Centrifuger,unified,Centrifuger_unified,simulated,simulated,ont,sim_ont,2112,2112,Mycoplasmopsis_bovigenitalium,Mycoplasmopsis bovigenitalium,species,0.0,abund,0.0,853553,2,2,species,0.0,1.0000002
Centrifuger,unified,Centrifuger_unified,simulated,simulated,ont,sim_ont,2128,2128,Mesomycoplasma_flocculare,Mesomycoplasma flocculare,species,0.0,abund,0.0,778866,1,1,species,0.0,1.0000002
Centrifuger,unified,Centrifuger_unified,simulated,simulated,ont,sim_ont,2143,2143,Spiroplasma_gladiatoris,Spiroplasma gladiatoris,species,0.0,abund,0.0,1164642,11,11,species,0.0,1.0000002
Centrifuger,unified,Centrifuger_unified,simulated,simulated,ont,sim_ont,2151,2151,Mesoplasma_florum,Mesoplasma florum,species,0.0,abund,0.0,1321546,2,0,species,0.0,1.0000002
Centrifuger,unified,Centrifuger_unified,simulated,simulated,ont,sim_ont,2190,2190,Methanocaldococcus_jannaschii,Methanocaldococcus jannaschii,species,0.0,abund,0.0,1664957,1,1,species,0.0,1.0000002
Centrifuger,unified,Centrifuger_unified,simulated,simulated,ont,sim_ont,2208,2208,Methanosarcina_barkeri,Methanosarcina barkeri,species,0.0,abund,0.0,4606249,2,2,species,0.0,1.0000002
Centrifuger,unified,Centrifuger_unified,simulated,simulated,ont,sim_ont,2265,2265,Thermococcus_litoralis,Thermococcus litoralis,species,0.0,abund,0.0,2215128,1,1,species,0.0,1.0000002
Centrifuger,unified,Centrifuger_unified,simulated,simulated,ont,sim_ont,2358,2358,Desulfomonile_tiedjei,Desulfomonile tiedjei,species,0.0,abund,0.0,6527027,1,1,species,0.0,1.0000002
Centrifuger,unified,Centrifuger_unified,simulated,simulated,ont,sim_ont,2377,2377,Sporomusa_termitida,Sporomusa termitida,species,0.0,abund,0.0,5316008,3,3,species,0.0,1.0000002
Centrifuger,unified,Centrifuger_unified,simulated,simulated,ont,sim_ont,2378,2378,Sporomusa_ovata,Sporomusa ovata,species,0.0,abund,0.0,5433971,1,1,species,0.0,1.0000002
Centrifuger,unified,Centrifuger_unified,simulated,simulated,ont,sim_ont,2423,2423,Fervidobacterium_islandicum,Fervidobacterium islandicum,species,0.0,abund,0.0,2237453,1,1,species,0.0,1.0000002
Centrifuger,unified,Centrifuger_unified,simulated,simulated,ont,sim_ont,2702,2702,Gardnerella_vaginalis,Gardnerella vaginalis,species,0.6605599999999999,abund,0.0066056,3387807,9644,2091,species,0.6605598678880265,1.0000002
Centrifuger,unified,Centrifuger_unified,simulated,simulated,ont,sim_ont,2718,2718,Cardiobacterium_hominis,Cardiobacterium hominis,species,0.0,abund,0.0,2670755,1,1,species,0.0,1.0000002
Centrifuger,unified,Centrifuger_unified,simulated,simulated,ont,sim_ont,2724,2724,Hirschia_baltica,Hirschia baltica,species,0.0,abund,0.0,3540114,3,3,species,0.0,1.0000002
Centrifuger,unified,Centrifuger_unified,simulated,simulated,ont,sim_ont,2751,2751,Carnobacterium_maltaromaticum,Carnobacterium maltaromaticum,species,0.0,abund,0.0,3857851,2,1,species,0.0,1.0000002
Centrifuger,unified,Centrifuger_unified,simulated,simulated,ont,sim_ont,2756,2756,Brochothrix_thermosphacta,Brochothrix thermosphacta,species,0.0,abund,0.0,3878478,1,1,species,0.0,1.0000002
Centrifuger,unified,Centrifuger_unified,simulated,simulated,ont,sim_ont,4909,4909,Pichia_kudriavzevii,Pichia kudriavzevii,species,0.0,abund,0.0,9603573,1,1,species,0.0,1.0000002
Centrifuger,unified,Centrifuger_unified,simulated,simulated,ont,sim_ont,4952,4952,Yarrowia_lipolytica,Yarrowia lipolytica,species,0.0,abund,0.0,18781082,1,1,species,0.0,1.0000002
Centrifuger,unified,Centrifuger_unified,simulated,simulated,ont,sim_ont,5141,5141,Neurospora_crassa,Neurospora crassa,species,0.0,abund,0.0,34463920,1,1,species,0.0,1.0000002
Centrifuger,unified,Centrifuger_unified,simulated,simulated,ont,sim_ont,5147,5147,Sordaria_macrospora,Sordaria macrospora,species,0.0,abund,0.0,35177418,1,1,species,0.0,1.0000002
Centrifuger,unified,Centrifuger_unified,simulated,simulated,ont,sim_ont,5207,5207,Cryptococcus_neoformans,Cryptococcus neoformans,species,0.0,abund,0.0,15128935,1,0,species,0.0,1.0000002
Centrifuger,unified,Centrifuger_unified,simulated,simulated,ont,sim_ont,5208,5208,Cryptococcus_depauperatus,Cryptococcus depauperatus,species,0.0,abund,0.0,14951817,1,1,species,0.0,1.0000002
Centrifuger,unified,Centrifuger_unified,simulated,simulated,ont,sim_ont,5507,5507,Fusarium_oxysporum,Fusarium oxysporum,species,0.0,abund,0.0,50657585,2,0,species,0.0,1.0000002
Centrifuger,unified,Centrifuger_unified,simulated,simulated,ont,sim_ont,27350,27350,Puccinia_striiformis,Puccinia striiformis,species,0.0,abund,0.0,66103470,5,4,species,0.0,1.0000002
Centrifuger,unified,Centrifuger_unified,simulated,simulated,ont,sim_ont,28025,28025,Bifidobacterium_animalis,Bifidobacterium animalis,species,0.41305,abund,0.0041305,1947626,4349,796,species,0.41304991739001656,1.0000002
Centrifuger,unified,Centrifuger_unified,simulated,simulated,ont,sim_ont,28037,28037,Streptococcus_mitis,Streptococcus mitis,species,0.34541,abund,0.0034541,5635340,10868,10724,species,0.3454099309180138,1.0000002
Centrifuger,unified,Centrifuger_unified,simulated,simulated,ont,sim_ont,28090,28090,Acinetobacter_lwoffii,Acinetobacter lwoffii,species,0.0,abund,0.0,3815757,2,2,species,0.0,1.0000002
Centrifuger,unified,Centrifuger_unified,simulated,simulated,ont,sim_ont,28104,28104,Mesorhizobium_huakuii,Mesorhizobium huakuii,species,0.0,abund,0.0,8449246,1,1,species,0.0,1.0000002
Centrifuger,unified,Centrifuger_unified,simulated,simulated,ont,sim_ont,28111,28111,Bacteroides_eggerthii,Bacteroides eggerthii,species,1.13809,abund,0.0113809,5106652,23198,8140,species,1.1380897723820456,1.0000002
Centrifuger,unified,Centrifuger_unified,simulated,simulated,ont,sim_ont,28112,28112,Tannerella_forsythia,Tannerella forsythia,species,0.0,abund,0.0,3383153,4,4,species,0.0,1.0000002
Centrifuger,unified,Centrifuger_unified,simulated,simulated,ont,sim_ont,28116,28116,Bacteroides_ovatus,Bacteroides ovatus,species,1.22773,abund,0.0122773,6857275,34177,6967,species,1.227729754454049,1.0000002
Centrifuger,unified,Centrifuger_unified,simulated,simulated,ont,sim_ont,28117,28117,Alistipes_putredinis,Alistipes putredinis,species,0.75339,abund,0.0075339,2576134,14217,14183,species,0.7533898493220302,1.0000002
Centrifuger,unified,Centrifuger_unified,simulated,simulated,ont,sim_ont,28118,28118,Odoribacter_splanchnicus,Odoribacter splanchnicus,species,1.25963,abund,0.0125963,4392720,25294,5042,species,1.2596297480740506,1.0000002
Centrifuger,unified,Centrifuger_unified,simulated,simulated,ont,sim_ont,28125,28125,Prevotella_bivia,Prevotella bivia,species,0.76848,abund,0.0076848,2427673,14030,13915,species,0.7684798463040308,1.0000002
Centrifuger,unified,Centrifuger_unified,simulated,simulated,ont,sim_ont,28127,28127,Hoylesella_buccalis,Hoylesella buccalis,species,8.999999999999999e-05,abund,9e-07,3308059,4,4,species,8.99999820000036e-05,1.0000002
Centrifuger,unified,Centrifuger_unified,simulated,simulated,ont,sim_ont,28128,28128,Prevotella_corporis,Prevotella corporis,species,0.78551,abund,0.0078551,2947105,16801,16735,species,0.7855098428980315,1.0000002
Centrifuger,unified,Centrifuger_unified,simulated,simulated,ont,sim_ont,28129,28129,Prevotella_denticola,Prevotella denticola,species,4.9999999999999996e-05,abund,5e-07,6010163,1,1,species,4.9999990000001994e-05,1.0000002
Centrifuger,unified,Centrifuger_unified,simulated,simulated,ont,sim_ont,28131,28131,Prevotella_intermedia,Prevotella intermedia,species,0.00017,abund,1.7e-06,5513780,7,7,species,0.00016999996600000682,1.0000002
Centrifuger,unified,Centrifuger_unified,simulated,simulated,ont,sim_ont,28132,28132,Prevotella_melaninogenica,Prevotella melaninogenica,species,0.0,abund,0.0,11519673,2,2,species,0.0,1.0000002
Centrifuger,unified,Centrifuger_unified,simulated,simulated,ont,sim_ont,28171,28171,Vibrio_aestuarianus,Vibrio aestuarianus,species,0.0,abund,0.0,6474562,1,1,species,0.0,1.0000002
Centrifuger,unified,Centrifuger_unified,simulated,simulated,ont,sim_ont,28198,28198,Aliarcobacter_cryaerophilus,Aliarcobacter cryaerophilus,species,0.0,abund,0.0,9048934,4,0,species,0.0,1.0000002
Centrifuger,unified,Centrifuger_unified,simulated,simulated,ont,sim_ont,28251,28251,Ornithobacterium_rhinotracheale,Ornithobacterium rhinotracheale,species,0.0,abund,0.0,16365013,4,4,species,0.0,1.0000002
Centrifuger,unified,Centrifuger_unified,simulated,simulated,ont,sim_ont,28901,28901,Salmonella_enterica,Salmonella enterica,species,0.0,abund,0.0,5432593,2,2,species,0.0,1.0000002
Centrifuger,unified,Centrifuger_unified,simulated,simulated,ont,sim_ont,29347,29347,[Clostridium]_scindens,[Clostridium]_scindens,species,0.00338,abund,3.38e-05,11968617,1180,881,species,0.0033799993240001356,1.0000002
Centrifuger,unified,Centrifuger_unified,simulated,simulated,ont,sim_ont,29358,29358,Paraclostridium_ghonii,Paraclostridium ghonii,species,0.0,abund,0.0,3657532,4,4,species,0.0,1.0000002
Centrifuger,unified,Centrifuger_unified,simulated,simulated,ont,sim_ont,29360,29360,Cellulosilyticum_lentocellum,Cellulosilyticum lentocellum,species,0.0,abund,0.0,4714237,1,1,species,0.0,1.0000002
Centrifuger,unified,Centrifuger_unified,simulated,simulated,ont,sim_ont,29362,29362,Ruminiclostridium_papyrosolvens,Ruminiclostridium papyrosolvens,species,0.0,abund,0.0,5027861,1,1,species,0.0,1.0000002
Centrifuger,unified,Centrifuger_unified,simulated,simulated,ont,sim_ont,29370,29370,Lacrimispora_sphenoides,Lacrimispora sphenoides,species,0.0,abund,0.0,5300135,14,14,species,0.0,1.0000002
Centrifuger,unified,Centrifuger_unified,simulated,simulated,ont,sim_ont,29375,29375,Lacrimispora_xylanolytica,Lacrimispora xylanolytica,species,0.0,abund,0.0,4516221,19,19,species,0.0,1.0000002
Centrifuger,unified,Centrifuger_unified,simulated,simulated,ont,sim_ont,29379,29379,Staphylococcus_auricularis,Staphylococcus auricularis,species,0.0,abund,0.0,2263046,10,1,species,0.0,1.0000002
Centrifuger,unified,Centrifuger_unified,simulated,simulated,ont,sim_ont,29382,29382,Staphylococcus_cohnii,Staphylococcus cohnii,species,0.0,abund,0.0,2798844,2,2,species,0.0,1.0000002
Centrifuger,unified,Centrifuger_unified,simulated,simulated,ont,sim_ont,29389,29389,Streptococcus_alactolyticus,Streptococcus alactolyticus,species,0.0,abund,0.0,1832198,27,27,species,0.0,1.0000002
Centrifuger,unified,Centrifuger_unified,simulated,simulated,ont,sim_ont,29391,29391,Gemella_morbillorum,Gemella morbillorum,species,0.0,abund,0.0,1779451,1,1,species,0.0,1.0000002
Centrifuger,unified,Centrifuger_unified,simulated,simulated,ont,sim_ont,29394,29394,Dolosigranulum_pigrum,Dolosigranulum pigrum,species,0.0,abund,0.0,32919203,2,0,species,0.0,1.0000002
Centrifuger,unified,Centrifuger_unified,simulated,simulated,ont,sim_ont,29466,29466,Veillonella_parvula,Veillonella parvula,species,1.19633,abund,0.0119633,2163492,12281,1956,species,1.196329760734048,1.0000002
Centrifuger,unified,Centrifuger_unified,simulated,simulated,ont,sim_ont,29486,29486,Yersinia_ruckeri,Yersinia ruckeri,species,0.0,abund,0.0,57327642,1,0,species,0.0,1.0000002
Centrifuger,unified,Centrifuger_unified,simulated,simulated,ont,sim_ont,29549,29549,Rhodothermus_marinus,Rhodothermus marinus,species,0.0,abund,0.0,4495448,4,4,species,0.0,1.0000002
Centrifuger,unified,Centrifuger_unified,simulated,simulated,ont,sim_ont,29558,29558,Mycoplasmopsis_hyopharyngis,Mycoplasmopsis hyopharyngis,species,0.0,abund,0.0,876322,1,1,species,0.0,1.0000002
Centrifuger,unified,Centrifuger_unified,simulated,simulated,ont,sim_ont,29559,29559,Metamycoplasma_hyosynoviae,Metamycoplasma hyosynoviae,species,0.0,abund,0.0,2675657,1,0,species,0.0,1.0000002
Centrifuger,unified,Centrifuger_unified,simulated,simulated,ont,sim_ont,29562,29562,Mesomycoplasma_ovipneumoniae,Mesomycoplasma ovipneumoniae,species,0.0,abund,0.0,17584871,4,4,species,0.0,1.0000002
Centrifuger,unified,Centrifuger_unified,simulated,simulated,ont,sim_ont,33025,33025,Phascolarctobacterium_faecium,Phascolarctobacterium faecium,species,0.0,abund,0.0,2550003,2,0,species,0.0,1.0000002
Centrifuger,unified,Centrifuger_unified,simulated,simulated,ont,sim_ont,33031,33031,Peptoniphilus_lacrimalis,Peptoniphilus lacrimalis,species,0.741,abund,0.00741,1675552,9611,9587,species,0.7409998518000297,1.0000002
Centrifuger,unified,Centrifuger_unified,simulated,simulated,ont,sim_ont,33033,33033,Parvimonas_micra,Parvimonas micra,species,0.0,abund,0.0,11716974,1,0,species,0.0,1.0000002
Centrifuger,unified,Centrifuger_unified,simulated,simulated,ont,sim_ont,33035,33035,Blautia_producta,Blautia producta,species,7e-05,abund,7e-07,6275977,33,29,species,6.99999860000028e-05,1.0000002
Centrifuger,unified,Centrifuger_unified,simulated,simulated,ont,sim_ont,33038,33038,Mediterraneibacter_gnavus,Mediterraneibacter gnavus,species,0.00027,abund,2.7e-06,40026036,768,314,species,0.00026999994600001084,1.0000002
Centrifuger,unified,Centrifuger_unified,simulated,simulated,ont,sim_ont,33039,33039,[Ruminococcus]_torques,[Ruminococcus]_torques,species,0.8209799999999999,abund,0.0082098,3128780,16841,13016,species,0.8209798358040329,1.0000002
Centrifuger,unified,Centrifuger_unified,simulated,simulated,ont,sim_ont,33043,33043,Coprococcus_eutactus,Coprococcus eutactus,species,0.00030000000000000003,abund,3e-06,3113127,10,10,species,0.00029999994000001203,1.0000002
Centrifuger,unified,Centrifuger_unified,simulated,simulated,ont,sim_ont,33045,33045,Bartonella_grahamii,Bartonella grahamii,species,0.0,abund,0.0,3014993,1,1,species,0.0,1.0000002
Centrifuger,unified,Centrifuger_unified,simulated,simulated,ont,sim_ont,33889,33889,Brevibacterium_casei,Brevibacterium casei,species,0.0,abund,0.0,7748130,1,1,species,0.0,1.0000002
Centrifuger,unified,Centrifuger_unified,simulated,simulated,ont,sim_ont,33940,33940,Geobacillus_thermodenitrificans,Geobacillus thermodenitrificans,species,0.0,abund,0.0,3686987,5,0,species,0.0,1.0000002
Centrifuger,unified,Centrifuger_unified,simulated,simulated,ont,sim_ont,33952,33952,Acetobacterium_woodii,Acetobacterium woodii,species,0.0,abund,0.0,4044777,1,1,species,0.0,1.0000002
Centrifuger,unified,Centrifuger_unified,simulated,simulated,ont,sim_ont,33959,33959,Lactobacillus_johnsonii,Lactobacillus johnsonii,species,0.0,abund,0.0,2336148,1,0,species,0.0,1.0000002
Centrifuger,unified,Centrifuger_unified,simulated,simulated,ont,sim_ont,33987,33987,Exiguobacterium_aurantiacum,Exiguobacterium aurantiacum,species,0.0,abund,0.0,3154266,6,6,species,0.0,1.0000002
Centrifuger,unified,Centrifuger_unified,simulated,simulated,ont,sim_ont,34003,34003,Paracoccus_aminophilus,Paracoccus aminophilus,species,0.0,abund,0.0,4232571,4,4,species,0.0,1.0000002
Centrifuger,unified,Centrifuger_unified,simulated,simulated,ont,sim_ont,34085,34085,Riemerella_anatipestifer,Riemerella anatipestifer,species,0.0,abund,0.0,4475521,9,9,species,0.0,1.0000002
Centrifuger,unified,Centrifuger_unified,simulated,simulated,ont,sim_ont,34090,34090,Pelodictyon_phaeoclathratiforme,Pelodictyon phaeoclathratiforme,species,0.0,abund,0.0,3018238,25,25,species,0.0,1.0000002
Centrifuger,unified,Centrifuger_unified,simulated,simulated,ont,sim_ont,36050,36050,Fusarium_poae,Fusarium poae,species,0.0,abund,0.0,35002316,1,1,species,0.0,1.0000002
Centrifuger,unified,Centrifuger_unified,simulated,simulated,ont,sim_ont,36818,36818,Streptomyces_subrutilus,Streptomyces subrutilus,species,0.0,abund,0.0,7823131,1,1,species,0.0,1.0000002
Centrifuger,unified,Centrifuger_unified,simulated,simulated,ont,sim_ont,36841,36841,Terrisporobacter_glycolicus,Terrisporobacter glycolicus,species,0.0,abund,0.0,4060596,59,59,species,0.0,1.0000002
Centrifuger,unified,Centrifuger_unified,simulated,simulated,ont,sim_ont,36845,36845,Clostridium_intestinale,Clostridium intestinale,species,0.0,abund,0.0,4796776,1,0,species,0.0,1.0000002
Centrifuger,unified,Centrifuger_unified,simulated,simulated,ont,sim_ont,36854,36854,Desulfitobacterium_dehalogenans,Desulfitobacterium dehalogenans,species,0.0,abund,0.0,4321753,2,2,species,0.0,1.0000002
Centrifuger,unified,Centrifuger_unified,simulated,simulated,ont,sim_ont,37326,37326,Nocardia_brasiliensis,Nocardia brasiliensis,species,0.0,abund,0.0,9185930,1,1,species,0.0,1.0000002
Centrifuger,unified,Centrifuger_unified,simulated,simulated,ont,sim_ont,37734,37734,Enterococcus_casseliflavus,Enterococcus casseliflavus,species,0.0,abund,0.0,7138620,1,1,species,0.0,1.0000002
Centrifuger,unified,Centrifuger_unified,simulated,simulated,ont,sim_ont,37930,37930,Glutamicibacter_protophormiae,Glutamicibacter protophormiae,species,0.0,abund,0.0,7733948,1,0,species,0.0,1.0000002
Centrifuger,unified,Centrifuger_unified,simulated,simulated,ont,sim_ont,38293,38293,Photobacterium_damselae,Photobacterium damselae,species,0.0,abund,0.0,15848432,1,1,species,0.0,1.0000002
Centrifuger,unified,Centrifuger_unified,simulated,simulated,ont,sim_ont,38308,38308,Gluconobacter_frateurii,Gluconobacter frateurii,species,0.0,abund,0.0,3309710,3,3,species,0.0,1.0000002
Centrifuger,unified,Centrifuger_unified,simulated,simulated,ont,sim_ont,39485,39485,Lachnospira_eligens,Lachnospira eligens,species,1.1012,abund,0.011012,2458486,12436,4054,species,1.1011997797600441,1.0000002
Centrifuger,unified,Centrifuger_unified,simulated,simulated,ont,sim_ont,39486,39486,Dorea_formicigenerans,Dorea formicigenerans,species,0.78002,abund,0.0078002,3192759,17967,17461,species,0.7800198439960313,1.0000002
Centrifuger,unified,Centrifuger_unified,simulated,simulated,ont,sim_ont,39488,39488,Anaerobutyricum_hallii,Anaerobutyricum hallii,species,0.8828199999999999,abund,0.0088282,3664709,21312,20992,species,0.8828198234360354,1.0000002
Centrifuger,unified,Centrifuger_unified,simulated,simulated,ont,sim_ont,39490,39490,Eubacterium_ramulus,Eubacterium ramulus,species,0.8028000000000001,abund,0.008028,3378009,19593,19519,species,0.8027998394400322,1.0000002
Centrifuger,unified,Centrifuger_unified,simulated,simulated,ont,sim_ont,39491,39491,Agathobacter_rectalis,Agathobacter rectalis,species,1.00102,abund,0.0100102,3571899,19938,1130,species,1.0010197997960402,1.0000002
Centrifuger,unified,Centrifuger_unified,simulated,simulated,ont,sim_ont,39496,39496,Eubacterium_ventriosum,Eubacterium ventriosum,species,0.78069,abund,0.0078069,2856089,16364,16354,species,0.7806898438620313,1.0000002
Centrifuger,unified,Centrifuger_unified,simulated,simulated,ont,sim_ont,39766,39766,Sulfurimonas_denitrificans,Sulfurimonas denitrificans,species,0.0,abund,0.0,2201561,4,4,species,0.0,1.0000002
Centrifuger,unified,Centrifuger_unified,simulated,simulated,ont,sim_ont,39777,39777,Veillonella_atypica,Veillonella atypica,species,0.78012,abund,0.0078012,2071952,12051,11992,species,0.7801198439760313,1.0000002
Centrifuger,unified,Centrifuger_unified,simulated,simulated,ont,sim_ont,40324,40324,Stenotrophomonas_maltophilia,Stenotrophomonas maltophilia,species,0.0,abund,0.0,8322058,1,1,species,0.0,1.0000002
Centrifuger,unified,Centrifuger_unified,simulated,simulated,ont,sim_ont,40520,40520,Blautia_obeum,Blautia obeum,species,1.38218,abund,0.0138218,3611763,20970,19299,species,1.3821797235640554,1.0000002
Centrifuger,unified,Centrifuger_unified,simulated,simulated,ont,sim_ont,40545,40545,Sutterella_wadsworthensis,Sutterella wadsworthensis,species,0.8521799999999999,abund,0.0085218,3026517,17810,16120,species,0.852179829564034,1.0000002
Centrifuger,unified,Centrifuger_unified,simulated,simulated,ont,sim_ont,40577,40577,Xenorhabdus_poinarii,Xenorhabdus poinarii,species,0.0,abund,0.0,3659523,2,2,species,0.0,1.0000002
Centrifuger,unified,Centrifuger_unified,simulated,simulated,ont,sim_ont,42858,42858,Mammaliicoccus_lentus,Mammaliicoccus lentus,species,0.0,abund,0.0,8368227,2,0,species,0.0,1.0000002
Centrifuger,unified,Centrifuger_unified,simulated,simulated,ont,sim_ont,43305,43305,Butyrivibrio_proteoclasticus,Butyrivibrio proteoclasticus,species,0.0,abund,0.0,4404877,14,14,species,0.0,1.0000002
Centrifuger,unified,Centrifuger_unified,simulated,simulated,ont,sim_ont,43662,43662,Pseudoalteromonas_piscicida,Pseudoalteromonas piscicida,species,0.0,abund,0.0,10744866,1,1,species,0.0,1.0000002
Centrifuger,unified,Centrifuger_unified,simulated,simulated,ont,sim_ont,43675,43675,Rothia_mucilaginosa,Rothia mucilaginosa,species,0.38750999999999997,abund,0.0038751,5730049,13352,13142,species,0.3875099224980155,1.0000002
Centrifuger,unified,Centrifuger_unified,simulated,simulated,ont,sim_ont,43774,43774,Syntrophus_buswellii,Syntrophus buswellii,species,0.0,abund,0.0,3252431,1,1,species,0.0,1.0000002
Centrifuger,unified,Centrifuger_unified,simulated,simulated,ont,sim_ont,43948,43948,Tolumonas_auensis,Tolumonas auensis,species,0.0,abund,0.0,3385129,1,1,species,0.0,1.0000002
Centrifuger,unified,Centrifuger_unified,simulated,simulated,ont,sim_ont,44001,44001,Caldicellulosiruptor_saccharolyticus,Caldicellulosiruptor saccharolyticus,species,0.0,abund,0.0,2970275,2,2,species,0.0,1.0000002
Centrifuger,unified,Centrifuger_unified,simulated,simulated,ont,sim_ont,44008,44008,Enterococcus_cecorum,Enterococcus cecorum,species,0.0,abund,0.0,19625849,16,1,species,0.0,1.0000002
Centrifuger,unified,Centrifuger_unified,simulated,simulated,ont,sim_ont,44252,44252,Paenibacillus_macerans,Paenibacillus macerans,species,0.0,abund,0.0,7113008,3,3,species,0.0,1.0000002
Centrifuger,unified,Centrifuger_unified,simulated,simulated,ont,sim_ont,44930,44930,Natronobacterium_gregoryi,Natronobacterium gregoryi,species,0.0,abund,0.0,3788356,3,3,species,0.0,1.0000002
Centrifuger,unified,Centrifuger_unified,simulated,simulated,ont,sim_ont,45286,45286,Eremothecium_sinecaudum,Eremothecium sinecaudum,species,0.0,abund,0.0,8514347,1,1,species,0.0,1.0000002
Centrifuger,unified,Centrifuger_unified,simulated,simulated,ont,sim_ont,45497,45497,Schnuerera_ultunensis,Schnuerera ultunensis,species,0.0,abund,0.0,3091666,1,1,species,0.0,1.0000002
Centrifuger,unified,Centrifuger_unified,simulated,simulated,ont,sim_ont,45634,45634,Streptococcus_cristatus,Streptococcus cristatus,species,0.0,abund,0.0,2116462,1,1,species,0.0,1.0000002
Centrifuger,unified,Centrifuger_unified,simulated,simulated,ont,sim_ont,45658,45658,Vibrio_scophthalmi,Vibrio scophthalmi,species,0.0,abund,0.0,9728810,1,0,species,0.0,1.0000002
Centrifuger,unified,Centrifuger_unified,simulated,simulated,ont,sim_ont,45668,45668,Halobacillus_litoralis,Halobacillus litoralis,species,0.0,abund,0.0,4280777,1,1,species,0.0,1.0000002
Centrifuger,unified,Centrifuger_unified,simulated,simulated,ont,sim_ont,45851,45851,Eshraghiella_crossota,Eshraghiella crossota,species,0.7781,abund,0.007781,2521323,14459,14417,species,0.7780998443800312,1.0000002
Centrifuger,unified,Centrifuger_unified,simulated,simulated,ont,sim_ont,45972,45972,Staphylococcus_pasteuri,Staphylococcus pasteuri,species,0.0,abund,0.0,3875488,1,0,species,0.0,1.0000002
Centrifuger,unified,Centrifuger_unified,simulated,simulated,ont,sim_ont,46228,46228,[Ruminococcus]_lactaris,[Ruminococcus]_lactaris,species,0.00011,abund,1.1e-06,2733858,141,141,species,0.00010999997800000442,1.0000002
Centrifuger,unified,Centrifuger_unified,simulated,simulated,ont,sim_ont,46503,46503,Parabacteroides_merdae,Parabacteroides merdae,species,1.29444,abund,0.0129444,4588480,26022,23648,species,1.294439741112052,1.0000002
Centrifuger,unified,Centrifuger_unified,simulated,simulated,ont,sim_ont,46506,46506,Bacteroides_stercoris,Bacteroides stercoris,species,0.82181,abund,0.0082181,4371348,21396,20863,species,0.8218098356380329,1.0000002
Centrifuger,unified,Centrifuger_unified,simulated,simulated,ont,sim_ont,46507,46507,Ezakiella_coagulans,Ezakiella coagulans,species,0.0,abund,0.0,1986775,1,1,species,0.0,1.0000002
Centrifuger,unified,Centrifuger_unified,simulated,simulated,ont,sim_ont,46679,46679,Pseudomonas_mucidolens,Pseudomonas mucidolens,species,0.0,abund,0.0,5853067,1,1,species,0.0,1.0000002
Centrifuger,unified,Centrifuger_unified,simulated,simulated,ont,sim_ont,47490,47490,Thermoanaerobacterium_aotearoense,Thermoanaerobacterium aotearoense,species,0.0,abund,0.0,2668690,2,2,species,0.0,1.0000002
Centrifuger,unified,Centrifuger_unified,simulated,simulated,ont,sim_ont,47678,47678,Bacteroides_caccae,Bacteroides caccae,species,1.20418,abund,0.0120418,5261272,29428,23723,species,1.2041797591640484,1.0000002
Centrifuger,unified,Centrifuger_unified,simulated,simulated,ont,sim_ont,47679,47679,Sporomusa_sphaeroides,Sporomusa sphaeroides,species,0.0,abund,0.0,5015343,1,1,species,0.0,1.0000002
Centrifuger,unified,Centrifuger_unified,simulated,simulated,ont,sim_ont,47715,47715,Lacticaseibacillus_rhamnosus,Lacticaseibacillus rhamnosus,species,0.0,abund,0.0,5217019,1,0,species,0.0,1.0000002
Centrifuger,unified,Centrifuger_unified,simulated,simulated,ont,sim_ont,47770,47770,Lactobacillus_crispatus,Lactobacillus crispatus,species,0.0,abund,0.0,4117244,2,2,species,0.0,1.0000002
Centrifuger,unified,Centrifuger_unified,simulated,simulated,ont,sim_ont,48003,48003,Mycoplasmopsis_pullorum,Mycoplasmopsis pullorum,species,0.0,abund,0.0,1007172,3,3,species,0.0,1.0000002
Centrifuger,unified,Centrifuger_unified,simulated,simulated,ont,sim_ont,48095,48095,Alternaria_dauci,Alternaria dauci,species,0.0,abund,0.0,32019803,1,1,species,0.0,1.0000002
Centrifuger,unified,Centrifuger_unified,simulated,simulated,ont,sim_ont,51101,51101,Brevibacillus_agri,Brevibacillus agri,species,0.0,abund,0.0,5679319,1,1,species,0.0,1.0000002
Centrifuger,unified,Centrifuger_unified,simulated,simulated,ont,sim_ont,51663,51663,Pediococcus_damnosus,Pediococcus damnosus,species,0.0,abund,0.0,11570178,11,0,species,0.0,1.0000002
Centrifuger,unified,Centrifuger_unified,simulated,simulated,ont,sim_ont,51665,51665,Aerococcus_urinaeequi,Aerococcus urinaeequi,species,0.0,abund,0.0,2171316,2,2,species,0.0,1.0000002
Centrifuger,unified,Centrifuger_unified,simulated,simulated,ont,sim_ont,52694,52694,Acetobacterium_wieringae,Acetobacterium wieringae,species,0.0,abund,0.0,4082090,7,7,species,0.0,1.0000002
Centrifuger,unified,Centrifuger_unified,simulated,simulated,ont,sim_ont,53336,53336,Tatumella_citrea,Tatumella citrea,species,0.0,abund,0.0,8982233,1,0,species,0.0,1.0000002
Centrifuger,unified,Centrifuger_unified,simulated,simulated,ont,sim_ont,53408,53408,Pseudomonas_citronellolis,Pseudomonas citronellolis,species,0.0,abund,0.0,7679759,2,2,species,0.0,1.0000002
Centrifuger,unified,Centrifuger_unified,simulated,simulated,ont,sim_ont,53442,53442,Eubacterium_callanderi,Eubacterium callanderi,species,9.999999999999999e-06,abund,1e-07,13635247,24,1,species,9.999998000000402e-06,1.0000002
Centrifuger,unified,Centrifuger_unified,simulated,simulated,ont,sim_ont,53443,53443,Blautia_hydrogenotrophica,Blautia hydrogenotrophica,species,0.0,abund,0.0,3597785,32,32,species,0.0,1.0000002
Centrifuger,unified,Centrifuger_unified,simulated,simulated,ont,sim_ont,53444,53444,Fructilactobacillus_lindneri,Fructilactobacillus lindneri,species,0.0,abund,0.0,1452432,1,0,species,0.0,1.0000002
Centrifuger,unified,Centrifuger_unified,simulated,simulated,ont,sim_ont,54005,54005,Peptoniphilus_harei,Peptoniphilus harei,species,0.0,abund,0.0,1929566,1,1,species,0.0,1.0000002
Centrifuger,unified,Centrifuger_unified,simulated,simulated,ont,sim_ont,54062,54062,Pediococcus_parvulus,Pediococcus parvulus,species,0.0,abund,0.0,8325328,1,0,species,0.0,1.0000002
Centrifuger,unified,Centrifuger_unified,simulated,simulated,ont,sim_ont,54297,54297,Limnospira_fusiformis,Limnospira fusiformis,species,0.0,abund,0.0,6012077,2,0,species,0.0,1.0000002
Centrifuger,unified,Centrifuger_unified,simulated,simulated,ont,sim_ont,54736,54736,Salmonella_bongori,Salmonella bongori,species,0.0,abund,0.0,5066118,1,0,species,0.0,1.0000002
Centrifuger,unified,Centrifuger_unified,simulated,simulated,ont,sim_ont,55583,55583,Dehalobacter_restrictus,Dehalobacter restrictus,species,0.0,abund,0.0,3182571,3,0,species,0.0,1.0000002
Centrifuger,unified,Centrifuger_unified,simulated,simulated,ont,sim_ont,56426,56426,Bartonella_clarridgeiae,Bartonella clarridgeiae,species,0.0,abund,0.0,1528245,1,1,species,0.0,1.0000002
Centrifuger,unified,Centrifuger_unified,simulated,simulated,ont,sim_ont,57487,57487,Pseudothermotoga_hypogea,Pseudothermotoga hypogea,species,0.0,abund,0.0,2165416,8,8,species,0.0,1.0000002
Centrifuger,unified,Centrifuger_unified,simulated,simulated,ont,sim_ont,61635,61635,Paracholeplasma_brassicae,Paracholeplasma brassicae,species,0.0,abund,0.0,1877792,1,1,species,0.0,1.0000002
Centrifuger,unified,Centrifuger_unified,simulated,simulated,ont,sim_ont,62320,62320,Haloterrigena_turkmenica,Haloterrigena turkmenica,species,0.0,abund,0.0,5440782,2,2,species,0.0,1.0000002
Centrifuger,unified,Centrifuger_unified,simulated,simulated,ont,sim_ont,66883,66883,Streptomyces_cyaneofuscatus,Streptomyces cyaneofuscatus,species,0.0,abund,0.0,8505222,1,1,species,0.0,1.0000002
Centrifuger,unified,Centrifuger_unified,simulated,simulated,ont,sim_ont,67280,67280,Streptomyces_bobili,Streptomyces bobili,species,0.0,abund,0.0,9925366,1,1,species,0.0,1.0000002
Centrifuger,unified,Centrifuger_unified,simulated,simulated,ont,sim_ont,67304,67304,Streptomyces_griseorubiginosus,Streptomyces griseorubiginosus,species,0.0,abund,0.0,19543353,1,0,species,0.0,1.0000002
Centrifuger,unified,Centrifuger_unified,simulated,simulated,ont,sim_ont,68231,68231,Streptomyces_longwoodensis,Streptomyces longwoodensis,species,0.0,abund,0.0,17143853,1,0,species,0.0,1.0000002
Centrifuger,unified,Centrifuger_unified,simulated,simulated,ont,sim_ont,68334,68334,Erwinia_aphidicola,Erwinia aphidicola,species,0.0,abund,0.0,169563158,2,0,species,0.0,1.0000002
Centrifuger,unified,Centrifuger_unified,simulated,simulated,ont,sim_ont,69223,69223,Musicola_paradisiaca,Musicola paradisiaca,species,0.0,abund,0.0,4653408,1,0,species,0.0,1.0000002
Centrifuger,unified,Centrifuger_unified,simulated,simulated,ont,sim_ont,69823,69823,Selenomonas_sputigena,Selenomonas sputigena,species,0.0,abund,0.0,2654473,1,1,species,0.0,1.0000002
Centrifuger,unified,Centrifuger_unified,simulated,simulated,ont,sim_ont,69966,69966,Macrococcoides_caseolyticum,Macrococcoides caseolyticum,species,0.0,abund,0.0,3321205,6,5,species,0.0,1.0000002
Centrifuger,unified,Centrifuger_unified,simulated,simulated,ont,sim_ont,70255,70255,Staphylococcus_condimenti,Staphylococcus condimenti,species,0.0,abund,0.0,2708286,1,0,species,0.0,1.0000002
Centrifuger,unified,Centrifuger_unified,simulated,simulated,ont,sim_ont,71452,71452,Enterococcus_raffinosus,Enterococcus raffinosus,species,0.0,abund,0.0,8641529,5,1,species,0.0,1.0000002
Centrifuger,unified,Centrifuger_unified,simulated,simulated,ont,sim_ont,71998,71998,Thermococcus_pacificus,Thermococcus pacificus,species,0.0,abund,0.0,1785673,2,2,species,0.0,1.0000002
Centrifuger,unified,Centrifuger_unified,simulated,simulated,ont,sim_ont,74426,74426,Collinsella_aerofaciens,Collinsella aerofaciens,species,0.80314,abund,0.0080314,2393724,13967,13665,species,0.8031398393720321,1.0000002
Centrifuger,unified,Centrifuger_unified,simulated,simulated,ont,sim_ont,76259,76259,Ferribacterium_limneticum,Ferribacterium limneticum,species,0.0,abund,0.0,17000930,1,1,species,0.0,1.0000002
Centrifuger,unified,Centrifuger_unified,simulated,simulated,ont,sim_ont,76853,76853,Solibacillus_silvestris,Solibacillus silvestris,species,0.0,abund,0.0,3969327,2,2,species,0.0,1.0000002
Centrifuger,unified,Centrifuger_unified,simulated,simulated,ont,sim_ont,76857,76857,Fusobacterium_polymorphum,Fusobacterium polymorphum,species,0.0,abund,0.0,8967733,2,1,species,0.0,1.0000002
Centrifuger,unified,Centrifuger_unified,simulated,simulated,ont,sim_ont,76859,76859,Fusobacterium_animalis,Fusobacterium animalis,species,0.0,abund,0.0,4570042,1,0,species,0.0,1.0000002
Centrifuger,unified,Centrifuger_unified,simulated,simulated,ont,sim_ont,78535,78535,Streptococcus_viridans,Streptococcus viridans,species,0.0,abund,0.0,1998575,1,1,species,0.0,1.0000002
Centrifuger,unified,Centrifuger_unified,simulated,simulated,ont,sim_ont,79209,79209,Desulfosporosinus_meridiei,Desulfosporosinus meridiei,species,0.0,abund,0.0,4873567,1,1,species,0.0,1.0000002
Centrifuger,unified,Centrifuger_unified,simulated,simulated,ont,sim_ont,79263,79263,Paenibacillus_chitinolyticus,Paenibacillus chitinolyticus,species,0.0,abund,0.0,6509090,1,0,species,0.0,1.0000002
Centrifuger,unified,Centrifuger_unified,simulated,simulated,ont,sim_ont,79329,79329,Chitinophaga_pinensis,Chitinophaga pinensis,species,0.0,abund,0.0,9127347,6,6,species,0.0,1.0000002
Centrifuger,unified,Centrifuger_unified,simulated,simulated,ont,sim_ont,79880,79880,Shouchella_clausii,Shouchella clausii,species,0.0,abund,0.0,6650866,1,1,species,0.0,1.0000002
Centrifuger,unified,Centrifuger_unified,simulated,simulated,ont,sim_ont,79883,79883,Sutcliffiella_horikoshii,Sutcliffiella horikoshii,species,0.0,abund,0.0,8368071,3,2,species,0.0,1.0000002
Centrifuger,unified,Centrifuger_unified,simulated,simulated,ont,sim_ont,80869,80869,Paracidovorax_citrulli,Paracidovorax citrulli,species,0.0,abund,0.0,15840721,4,0,species,0.0,1.0000002
Centrifuger,unified,Centrifuger_unified,simulated,simulated,ont,sim_ont,81028,81028,Treponema_brennaborense,Treponema brennaborense,species,0.0,abund,0.0,3055580,2,2,species,0.0,1.0000002
Centrifuger,unified,Centrifuger_unified,simulated,simulated,ont,sim_ont,81947,81947,Vagococcus_lutrae,Vagococcus lutrae,species,0.0,abund,0.0,4121959,3,3,species,0.0,1.0000002
Centrifuger,unified,Centrifuger_unified,simulated,simulated,ont,sim_ont,82116,82116,Acetobacterium_dehalogenans,Acetobacterium dehalogenans,species,0.0,abund,0.0,4140558,3,3,species,0.0,1.0000002
Centrifuger,unified,Centrifuger_unified,simulated,simulated,ont,sim_ont,82348,82348,Streptococcus_pluranimalium,Streptococcus pluranimalium,species,0.0,abund,0.0,2246024,1,1,species,0.0,1.0000002
Centrifuger,unified,Centrifuger_unified,simulated,simulated,ont,sim_ont,82367,82367,Paracoccus_pantotrophus,Paracoccus pantotrophus,species,0.0,abund,0.0,4626003,1,1,species,0.0,1.0000002
Centrifuger,unified,Centrifuger_unified,simulated,simulated,ont,sim_ont,82688,82688,Liquorilactobacillus_nagelii,Liquorilactobacillus nagelii,species,0.0,abund,0.0,2555196,2,2,species,0.0,1.0000002
Centrifuger,unified,Centrifuger_unified,simulated,simulated,ont,sim_ont,83451,83451,Archangium_violaceum,Archangium violaceum,species,0.0,abund,0.0,13332545,2,2,species,0.0,1.0000002
Centrifuger,unified,Centrifuger_unified,simulated,simulated,ont,sim_ont,83559,83559,Chlamydia_suis,Chlamydia suis,species,0.0,abund,0.0,20533370,1,1,species,0.0,1.0000002
Centrifuger,unified,Centrifuger_unified,simulated,simulated,ont,sim_ont,83564,83564,Desulfosarcina_ovata,Desulfosarcina ovata,species,0.0,abund,0.0,8021889,1,1,species,0.0,1.0000002
Centrifuger,unified,Centrifuger_unified,simulated,simulated,ont,sim_ont,83655,83655,Leclercia_adecarboxylata,Leclercia adecarboxylata,species,0.0,abund,0.0,9697677,2,2,species,0.0,1.0000002
Centrifuger,unified,Centrifuger_unified,simulated,simulated,ont,sim_ont,83656,83656,Streptomyces_tsukubensis,Streptomyces tsukubensis,species,0.0,abund,0.0,8319989,1,0,species,0.0,1.0000002
Centrifuger,unified,Centrifuger_unified,simulated,simulated,ont,sim_ont,83771,83771,Succinivibrio_dextrinosolvens,Succinivibrio dextrinosolvens,species,0.0,abund,0.0,3468545,2,2,species,0.0,1.0000002
Centrifuger,unified,Centrifuger_unified,simulated,simulated,ont,sim_ont,83984,83984,Methanocorpusculum_labreanum,Methanocorpusculum labreanum,species,0.0,abund,0.0,1804962,1,1,species,0.0,1.0000002
Centrifuger,unified,Centrifuger_unified,simulated,simulated,ont,sim_ont,84023,84023,Clostridium_autoethanogenum,Clostridium autoethanogenum,species,0.0,abund,0.0,4351178,1,0,species,0.0,1.0000002
Centrifuger,unified,Centrifuger_unified,simulated,simulated,ont,sim_ont,84030,84030,Lacrimispora_saccharolytica,Lacrimispora saccharolytica,species,0.0,abund,0.0,4670420,140,138,species,0.0,1.0000002
Centrifuger,unified,Centrifuger_unified,simulated,simulated,ont,sim_ont,84110,84110,Slackia_heliotrinireducens,Slackia heliotrinireducens,species,0.0,abund,0.0,3165598,1,0,species,0.0,1.0000002
Centrifuger,unified,Centrifuger_unified,simulated,simulated,ont,sim_ont,84112,84112,Eggerthella_lenta,Eggerthella lenta,species,0.30432,abund,0.0030432,13942320,20157,9559,species,0.3043199391360122,1.0000002
Centrifuger,unified,Centrifuger_unified,simulated,simulated,ont,sim_ont,84135,84135,Gemella_sanguinis,Gemella sanguinis,species,0.73878,abund,0.0073878,1796606,10397,10378,species,0.7387798522440296,1.0000002
Centrifuger,unified,Centrifuger_unified,simulated,simulated,ont,sim_ont,84163,84163,Cryptobacterium_curtum,Cryptobacterium curtum,species,0.0,abund,0.0,1617804,1,1,species,0.0,1.0000002
Centrifuger,unified,Centrifuger_unified,simulated,simulated,ont,sim_ont,84377,84377,Brachyspira_intermedia,Brachyspira intermedia,species,0.0,abund,0.0,3308048,2,2,species,0.0,1.0000002
Centrifuger,unified,Centrifuger_unified,simulated,simulated,ont,sim_ont,84378,84378,Brachyspira_murdochii,Brachyspira murdochii,species,0.0,abund,0.0,3241804,8,8,species,0.0,1.0000002
Centrifuger,unified,Centrifuger_unified,simulated,simulated,ont,sim_ont,86332,86332,Mogibacterium_pumilum,Mogibacterium pumilum,species,0.0,abund,0.0,1839617,1,1,species,0.0,1.0000002
Centrifuger,unified,Centrifuger_unified,simulated,simulated,ont,sim_ont,88058,88058,Treponema_primitia,Treponema primitia,species,0.0,abund,0.0,4059867,1,1,species,0.0,1.0000002
Centrifuger,unified,Centrifuger_unified,simulated,simulated,ont,sim_ont,88431,88431,Dorea_longicatena,Dorea longicatena,species,0.91783,abund,0.0091783,3442572,17540,16319,species,0.9178298164340368,1.0000002
Centrifuger,unified,Centrifuger_unified,simulated,simulated,ont,sim_ont,89014,89014,Blautia_luti,Blautia luti,species,1.06429,abund,0.0106429,3741599,21214,21209,species,1.0642897871420427,1.0000002
Centrifuger,unified,Centrifuger_unified,simulated,simulated,ont,sim_ont,89152,89152,Peptacetobacter_hiranonis,Peptacetobacter hiranonis,species,0.0,abund,0.0,2534695,9,9,species,0.0,1.0000002
Centrifuger,unified,Centrifuger_unified,simulated,simulated,ont,sim_ont,89153,89153,[Clostridium]_hylemonae,[Clostridium]_hylemonae,species,0.00058,abund,5.8e-06,3923821,394,279,species,0.0005799998840000232,1.0000002
Centrifuger,unified,Centrifuger_unified,simulated,simulated,ont,sim_ont,90244,90244,Oligella_ureolytica,Oligella ureolytica,species,0.0,abund,0.0,2832856,1,1,species,0.0,1.0000002
Centrifuger,unified,Centrifuger_unified,simulated,simulated,ont,sim_ont,92401,92401,Metamycoplasma_cloacale,Metamycoplasma cloacale,species,0.0,abund,0.0,689509,1,1,species,0.0,1.0000002
Centrifuger,unified,Centrifuger_unified,simulated,simulated,ont,sim_ont,94138,94138,Staphylococcus_ureilyticus,Staphylococcus ureilyticus,species,0.0,abund,0.0,2677037,2,0,species,0.0,1.0000002
Centrifuger,unified,Centrifuger_unified,simulated,simulated,ont,sim_ont,94625,94625,Brucella_intermedia,Brucella intermedia,species,0.0,abund,0.0,4860729,2,2,species,0.0,1.0000002
Centrifuger,unified,Centrifuger_unified,simulated,simulated,ont,sim_ont,96345,96345,Flavobacterium_psychrophilum,Flavobacterium psychrophilum,species,0.0,abund,0.0,12775894,4,0,species,0.0,1.0000002
Centrifuger,unified,Centrifuger_unified,simulated,simulated,ont,sim_ont,97138,97138,Clostridium_sp._MD294,Clostridium_sp._MD294,species,0.0,abund,0.0,2924599,2,2,species,0.0,1.0000002
Centrifuger,unified,Centrifuger_unified,simulated,simulated,ont,sim_ont,97478,97478,Limosilactobacillus_mucosae,Limosilactobacillus mucosae,species,0.0,abund,0.0,2385545,6,6,species,0.0,1.0000002
Centrifuger,unified,Centrifuger_unified,simulated,simulated,ont,sim_ont,100886,100886,Catenibacterium_mitsuokai,Catenibacterium mitsuokai,species,0.0,abund,0.0,2650196,2,2,species,0.0,1.0000002
Centrifuger,unified,Centrifuger_unified,simulated,simulated,ont,sim_ont,101070,101070,Rummeliibacillus_pycnus,Rummeliibacillus pycnus,species,0.0,abund,0.0,4346358,2,2,species,0.0,1.0000002
Centrifuger,unified,Centrifuger_unified,simulated,simulated,ont,sim_ont,102148,102148,Solobacterium_moorei,Solobacterium moorei,species,0.0,abund,0.0,2615268,1,1,species,0.0,1.0000002
Centrifuger,unified,Centrifuger_unified,simulated,simulated,ont,sim_ont,102862,102862,Proteus_penneri,Proteus penneri,species,0.0,abund,0.0,4023090,2,2,species,0.0,1.0000002
Centrifuger,unified,Centrifuger_unified,simulated,simulated,ont,sim_ont,105219,105219,Ralstonia_mannitolilytica,Ralstonia mannitolilytica,species,0.0,abund,0.0,5072301,4,0,species,0.0,1.0000002
Centrifuger,unified,Centrifuger_unified,simulated,simulated,ont,sim_ont,105841,105841,Anaerostipes_caccae,Anaerostipes caccae,species,0.00027,abund,2.7e-06,3534392,63,19,species,0.00026999994600001084,1.0000002
Centrifuger,unified,Centrifuger_unified,simulated,simulated,ont,sim_ont,110321,110321,Sinorhizobium_medicae,Sinorhizobium medicae,species,0.0,abund,0.0,11241976,1,0,species,0.0,1.0000002
Centrifuger,unified,Centrifuger_unified,simulated,simulated,ont,sim_ont,112234,112234,Chryseobacterium_joostei,Chryseobacterium joostei,species,0.0,abund,0.0,4890621,4,4,species,0.0,1.0000002
Centrifuger,unified,Centrifuger_unified,simulated,simulated,ont,sim_ont,112900,112900,Sporomusa_acidovorans,Sporomusa acidovorans,species,0.0,abund,0.0,5955502,1,1,species,0.0,1.0000002
Centrifuger,unified,Centrifuger_unified,simulated,simulated,ont,sim_ont,112901,112901,Sporomusa_malonica,Sporomusa malonica,species,0.0,abund,0.0,5312210,2,2,species,0.0,1.0000002
Centrifuger,unified,Centrifuger_unified,simulated,simulated,ont,sim_ont,113107,113107,Streptococcus_australis,Streptococcus australis,species,0.91104,abund,0.0091104,2161464,12399,12395,species,0.9110398177920365,1.0000002
Centrifuger,unified,Centrifuger_unified,simulated,simulated,ont,sim_ont,114527,114527,Mogibacterium_diversum,Mogibacterium diversum,species,0.72319,abund,0.0072319,1815831,10386,10128,species,0.7231898553620291,1.0000002
Centrifuger,unified,Centrifuger_unified,simulated,simulated,ont,sim_ont,116085,116085,Coprococcus_catus,Coprococcus catus,species,0.00055,abund,5.5e-06,3463414,58,0,species,0.000549999890000022,1.0000002
Centrifuger,unified,Centrifuger_unified,simulated,simulated,ont,sim_ont,116090,116090,Caloranaerobacter_azorensis,Caloranaerobacter azorensis,species,0.7833100000000001,abund,0.0078331,2539490,14708,14599,species,0.7833098433380314,1.0000002
Centrifuger,unified,Centrifuger_unified,simulated,simulated,ont,sim_ont,119542,119542,Roseinatronobacter_bogoriensis,Roseinatronobacter bogoriensis,species,0.0,abund,0.0,3899419,2,2,species,0.0,1.0000002
Centrifuger,unified,Centrifuger_unified,simulated,simulated,ont,sim_ont,126385,126385,Providencia_alcalifaciens,Providencia alcalifaciens,species,0.0,abund,0.0,21670717,1,1,species,0.0,1.0000002
Centrifuger,unified,Centrifuger_unified,simulated,simulated,ont,sim_ont,128574,128574,Paenibacillus_brasilensis,Paenibacillus brasilensis,species,0.0,abund,0.0,5643381,3,3,species,0.0,1.0000002
Centrifuger,unified,Centrifuger_unified,simulated,simulated,ont,sim_ont,129985,129985,Mesobacillus_jeotgali,Mesobacillus jeotgali,species,0.0,abund,0.0,4835561,1,1,species,0.0,1.0000002
Centrifuger,unified,Centrifuger_unified,simulated,simulated,ont,sim_ont,130049,130049,Paenibacillus_dendritiformis,Paenibacillus dendritiformis,species,0.0,abund,0.0,6764851,1,1,species,0.0,1.0000002
Centrifuger,unified,Centrifuger_unified,simulated,simulated,ont,sim_ont,131112,131112,Arcanobacterium_phocae,Arcanobacterium phocae,species,0.0,abund,0.0,1998242,1,1,species,0.0,1.0000002
Centrifuger,unified,Centrifuger_unified,simulated,simulated,ont,sim_ont,131568,131568,Kineococcus_radiotolerans,Kineococcus radiotolerans,species,0.0,abund,0.0,4761183,1,1,species,0.0,1.0000002
Centrifuger,unified,Centrifuger_unified,simulated,simulated,ont,sim_ont,132132,132132,Desulfomicrobium_orale,Desulfomicrobium orale,species,0.0,abund,0.0,2783374,1,1,species,0.0,1.0000002
Centrifuger,unified,Centrifuger_unified,simulated,simulated,ont,sim_ont,132920,132920,Exiguobacterium_antarcticum,Exiguobacterium antarcticum,species,0.0,abund,0.0,2815863,2,2,species,0.0,1.0000002
Centrifuger,unified,Centrifuger_unified,simulated,simulated,ont,sim_ont,136992,136992,Methylomicrobium_lacus,Methylomicrobium lacus,species,0.0,abund,0.0,4493006,1,1,species,0.0,1.0000002
Centrifuger,unified,Centrifuger_unified,simulated,simulated,ont,sim_ont,143361,143361,Filifactor_alocis,Filifactor alocis,species,0.0,abund,0.0,1931012,3,3,species,0.0,1.0000002
Centrifuger,unified,Centrifuger_unified,simulated,simulated,ont,sim_ont,143495,143495,Aneurinibacillus_thermoaerophilus,Aneurinibacillus thermoaerophilus,species,0.0,abund,0.0,3731915,4,0,species,0.0,1.0000002
Centrifuger,unified,Centrifuger_unified,simulated,simulated,ont,sim_ont,147206,147206,Collinsella_stercoris,Collinsella stercoris,species,0.0,abund,0.0,2460748,10,10,species,0.0,1.0000002
Centrifuger,unified,Centrifuger_unified,simulated,simulated,ont,sim_ont,147802,147802,Lactobacillus_iners,Lactobacillus iners,species,0.0,abund,0.0,8497964,2,2,species,0.0,1.0000002
Centrifuger,unified,Centrifuger_unified,simulated,simulated,ont,sim_ont,152268,152268,Metabacillus_litoralis,Metabacillus litoralis,species,0.0,abund,0.0,5327848,1,1,species,0.0,1.0000002
Centrifuger,unified,Centrifuger_unified,simulated,simulated,ont,sim_ont,152331,152331,Lentilactobacillus_parabuchneri,Lentilactobacillus parabuchneri,species,0.0,abund,0.0,2726576,1,0,species,0.0,1.0000002
Centrifuger,unified,Centrifuger_unified,simulated,simulated,ont,sim_ont,154046,154046,Hungatella_hathewayi,Hungatella hathewayi,species,0.90807,abund,0.0090807,6296958,39710,39232,species,0.9080698183860364,1.0000002
Centrifuger,unified,Centrifuger_unified,simulated,simulated,ont,sim_ont,154288,154288,Turicibacter_sanguinis,Turicibacter sanguinis,species,0.8225899999999999,abund,0.0082259,2999687,17253,17172,species,0.8225898354820328,1.0000002
Centrifuger,unified,Centrifuger_unified,simulated,simulated,ont,sim_ont,154981,154981,Aliiroseovarius_crassostreae,Aliiroseovarius crassostreae,species,0.0,abund,0.0,26776908,1,0,species,0.0,1.0000002
Centrifuger,unified,Centrifuger_unified,simulated,simulated,ont,sim_ont,155085,155085,Staphylococcus_lutrae,Staphylococcus lutrae,species,0.0,abund,0.0,2533115,1,1,species,0.0,1.0000002
Centrifuger,unified,Centrifuger_unified,simulated,simulated,ont,sim_ont,157692,157692,Pseudoleptotrichia_goodfellowii,Pseudoleptotrichia goodfellowii,species,0.0,abund,0.0,2290729,2,2,species,0.0,1.0000002
Centrifuger,unified,Centrifuger_unified,simulated,simulated,ont,sim_ont,158847,158847,Megamonas_hypermegale,Megamonas hypermegale,species,0.0,abund,0.0,2616786,2,1,species,0.0,1.0000002
Centrifuger,unified,Centrifuger_unified,simulated,simulated,ont,sim_ont,163604,163604,Nocardiopsis_exhalans,Nocardiopsis exhalans,species,0.0,abund,0.0,7597621,1,1,species,0.0,1.0000002
Centrifuger,unified,Centrifuger_unified,simulated,simulated,ont,sim_ont,164546,164546,Cupriavidus_taiwanensis,Cupriavidus taiwanensis,species,0.0,abund,0.0,31683492,2,0,species,0.0,1.0000002
Centrifuger,unified,Centrifuger_unified,simulated,simulated,ont,sim_ont,165096,165096,Weissella_koreensis,Weissella koreensis,species,0.0,abund,0.0,1479745,2,2,species,0.0,1.0000002
Centrifuger,unified,Centrifuger_unified,simulated,simulated,ont,sim_ont,165179,165179,Segatella_copri,Segatella copri,species,0.0,abund,0.0,12135130,1,1,species,0.0,1.0000002
Centrifuger,unified,Centrifuger_unified,simulated,simulated,ont,sim_ont,166486,166486,Roseburia_intestinalis,Roseburia intestinalis,species,1.07829,abund,0.0107829,4300352,25654,1861,species,1.0782897843420431,1.0000002
Centrifuger,unified,Centrifuger_unified,simulated,simulated,ont,sim_ont,168384,168384,Marvinbryantia_formatexigens,Marvinbryantia formatexigens,species,0.0,abund,0.0,4577574,89,89,species,0.0,1.0000002
Centrifuger,unified,Centrifuger_unified,simulated,simulated,ont,sim_ont,169402,169402,Wolbachia_endosymbiont_of_Folsomia_candida,Wolbachia endosymbiont_of Folsomia_candida,species,0.0,abund,0.0,1801626,1,1,species,0.0,1.0000002
Centrifuger,unified,Centrifuger_unified,simulated,simulated,ont,sim_ont,169427,169427,Paraburkholderia_terricola,Paraburkholderia terricola,species,0.0,abund,0.0,7205063,1,1,species,0.0,1.0000002
Centrifuger,unified,Centrifuger_unified,simulated,simulated,ont,sim_ont,169435,169435,Anaerotruncus_colihominis,Anaerotruncus colihominis,species,1.08351,abund,0.0108351,3563916,20149,17604,species,1.0835097832980434,1.0000002
Centrifuger,unified,Centrifuger_unified,simulated,simulated,ont,sim_ont,169760,169760,Paenibacillus_stellifer,Paenibacillus stellifer,species,0.0,abund,0.0,5658798,2,2,species,0.0,1.0000002
Centrifuger,unified,Centrifuger_unified,simulated,simulated,ont,sim_ont,171284,171284,Mycoplasmopsis_cynos,Mycoplasmopsis cynos,species,0.0,abund,0.0,4925047,3,0,species,0.0,1.0000002
Centrifuger,unified,Centrifuger_unified,simulated,simulated,ont,sim_ont,172713,172713,Paenibacillus_kribbensis,Paenibacillus kribbensis,species,0.0,abund,0.0,5778702,1,1,species,0.0,1.0000002
Centrifuger,unified,Centrifuger_unified,simulated,simulated,ont,sim_ont,179636,179636,Alicycliphilus_denitrificans,Alicycliphilus denitrificans,species,0.0,abund,0.0,4913990,2,2,species,0.0,1.0000002
Centrifuger,unified,Centrifuger_unified,simulated,simulated,ont,sim_ont,182640,182640,Kribbella_flavida,Kribbella flavida,species,0.0,abund,0.0,7579488,10,10,species,0.0,1.0000002
Centrifuger,unified,Centrifuger_unified,simulated,simulated,ont,sim_ont,182773,182773,Clostridium_isatidis,Clostridium isatidis,species,0.0,abund,0.0,2869927,1,1,species,0.0,1.0000002
Centrifuger,unified,Centrifuger_unified,simulated,simulated,ont,sim_ont,184914,184914,Corallococcus_coralloides,Corallococcus coralloides,species,0.0,abund,0.0,9867848,1,1,species,0.0,1.0000002
Centrifuger,unified,Centrifuger_unified,simulated,simulated,ont,sim_ont,185007,185007,Pseudobutyrivibrio_xylanivorans,Pseudobutyrivibrio xylanivorans,species,0.0,abund,0.0,3584426,7,7,species,0.0,1.0000002
Centrifuger,unified,Centrifuger_unified,simulated,simulated,ont,sim_ont,185008,185008,Butyrivibrio_hungatei,Butyrivibrio hungatei,species,0.0,abund,0.0,3386311,9,9,species,0.0,1.0000002
Centrifuger,unified,Centrifuger_unified,simulated,simulated,ont,sim_ont,187452,187452,Pediococcus_claussenii,Pediococcus claussenii,species,0.0,abund,0.0,2914499,1,0,species,0.0,1.0000002
Centrifuger,unified,Centrifuger_unified,simulated,simulated,ont,sim_ont,188913,188913,Cetobacterium_somerae,Cetobacterium somerae,species,0.0,abund,0.0,4901920,2,2,species,0.0,1.0000002
Centrifuger,unified,Centrifuger_unified,simulated,simulated,ont,sim_ont,189381,189381,Rossellomorea_marisflavi,Rossellomorea marisflavi,species,0.0,abund,0.0,4549254,6,6,species,0.0,1.0000002
Centrifuger,unified,Centrifuger_unified,simulated,simulated,ont,sim_ont,189425,189425,Paenibacillus_graminis,Paenibacillus graminis,species,0.0,abund,0.0,7166464,1,1,species,0.0,1.0000002
Centrifuger,unified,Centrifuger_unified,simulated,simulated,ont,sim_ont,189665,189665,uncultured_Trichococcus_sp.,uncultured Trichococcus_sp.,species,0.0,abund,0.0,3315642,3,1,species,0.0,1.0000002
Centrifuger,unified,Centrifuger_unified,simulated,simulated,ont,sim_ont,189691,189691,Paenibacillus_elgii,Paenibacillus elgii,species,0.0,abund,0.0,7750416,2,2,species,0.0,1.0000002
Centrifuger,unified,Centrifuger_unified,simulated,simulated,ont,sim_ont,191390,191390,Pseudomonas_palleroniana,Pseudomonas palleroniana,species,0.0,abund,0.0,6367331,1,1,species,0.0,1.0000002
Centrifuger,unified,Centrifuger_unified,simulated,simulated,ont,sim_ont,191579,191579,Fluviicola_taffensis,Fluviicola taffensis,species,0.0,abund,0.0,4633577,4,4,species,0.0,1.0000002
Centrifuger,unified,Centrifuger_unified,simulated,simulated,ont,sim_ont,195105,195105,Haematobacter_massiliensis,Haematobacter massiliensis,species,0.0,abund,0.0,4232912,4,4,species,0.0,1.0000002
Centrifuger,unified,Centrifuger_unified,simulated,simulated,ont,sim_ont,196162,196162,Nocardioides_sp._JS614,Nocardioides_sp._JS614,species,0.0,abund,0.0,4985871,1,1,species,0.0,1.0000002
Centrifuger,unified,Centrifuger_unified,simulated,simulated,ont,sim_ont,197614,197614,Streptococcus_pasteurianus,Streptococcus pasteurianus,species,0.0,abund,0.0,3380902,12,12,species,0.0,1.0000002
Centrifuger,unified,Centrifuger_unified,simulated,simulated,ont,sim_ont,197653,197653,Anabaena_azotica,Anabaena azotica,species,0.0,abund,0.0,6477821,1,1,species,0.0,1.0000002
Centrifuger,unified,Centrifuger_unified,simulated,simulated,ont,sim_ont,198119,198119,Paenibacillus_barcinonensis,Paenibacillus barcinonensis,species,0.0,abund,0.0,6393895,6,6,species,0.0,1.0000002
Centrifuger,unified,Centrifuger_unified,simulated,simulated,ont,sim_ont,198467,198467,Anoxybacillus_gonensis,Anoxybacillus gonensis,species,0.0,abund,0.0,2803668,1,1,species,0.0,1.0000002
Centrifuger,unified,Centrifuger_unified,simulated,simulated,ont,sim_ont,200991,200991,Planococcus_rifietoensis,Planococcus rifietoensis,species,0.0,abund,0.0,3662571,1,1,species,0.0,1.0000002
Centrifuger,unified,Centrifuger_unified,simulated,simulated,ont,sim_ont,201828,201828,Staphylococcus_casei,Staphylococcus casei,species,0.0,abund,0.0,2913362,8,8,species,0.0,1.0000002
Centrifuger,unified,Centrifuger_unified,simulated,simulated,ont,sim_ont,202747,202747,Sulfurimonas_autotrophica,Sulfurimonas autotrophica,species,0.0,abund,0.0,2153198,2,2,species,0.0,1.0000002
Centrifuger,unified,Centrifuger_unified,simulated,simulated,ont,sim_ont,202862,202862,Streptomyces_drozdowiczii,Streptomyces drozdowiczii,species,0.0,abund,0.0,7386614,2,2,species,0.0,1.0000002
Centrifuger,unified,Centrifuger_unified,simulated,simulated,ont,sim_ont,208223,208223,Kosakonia_cowanii,Kosakonia cowanii,species,0.0,abund,0.0,7184522,1,1,species,0.0,1.0000002
Centrifuger,unified,Centrifuger_unified,simulated,simulated,ont,sim_ont,208226,208226,Alkaliphilus_metalliredigens,Alkaliphilus metalliredigens,species,0.0,abund,0.0,4929566,1,1,species,0.0,1.0000002
Centrifuger,unified,Centrifuger_unified,simulated,simulated,ont,sim_ont,208479,208479,Enterocloster_bolteae,Enterocloster bolteae,species,0.0,abund,0.0,6614036,97,88,species,0.0,1.0000002
Centrifuger,unified,Centrifuger_unified,simulated,simulated,ont,sim_ont,208602,208602,Nocardia_puris,Nocardia puris,species,0.0,abund,0.0,8059414,1,1,species,0.0,1.0000002
Centrifuger,unified,Centrifuger_unified,simulated,simulated,ont,sim_ont,214851,214851,Subdoligranulum_variabile,Subdoligranulum variabile,species,0.0,abund,0.0,3244954,4,4,species,0.0,1.0000002
Centrifuger,unified,Centrifuger_unified,simulated,simulated,ont,sim_ont,214853,214853,Anaerofustis_stercorihominis,Anaerofustis stercorihominis,species,0.0,abund,0.0,2297660,1,1,species,0.0,1.0000002
Centrifuger,unified,Centrifuger_unified,simulated,simulated,ont,sim_ont,214856,214856,Alistipes_finegoldii,Alistipes finegoldii,species,0.95133,abund,0.0095133,3925747,21761,21054,species,0.9513298097340381,1.0000002
Centrifuger,unified,Centrifuger_unified,simulated,simulated,ont,sim_ont,216142,216142,Pseudomonas_rhizosphaerae,Pseudomonas rhizosphaerae,species,0.0,abund,0.0,4688635,1,1,species,0.0,1.0000002
Centrifuger,unified,Centrifuger_unified,simulated,simulated,ont,sim_ont,216816,216816,Bifidobacterium_longum,Bifidobacterium longum,species,0.44675000000000004,abund,0.0044675,3143527,7804,3520,species,0.44674991065001796,1.0000002
Centrifuger,unified,Centrifuger_unified,simulated,simulated,ont,sim_ont,217139,217139,uncultured_Acetobacterium_sp.,uncultured Acetobacterium_sp.,species,0.0,abund,0.0,4084676,7,7,species,0.0,1.0000002
Centrifuger,unified,Centrifuger_unified,simulated,simulated,ont,sim_ont,217159,217159,Clostridium_carboxidivorans,Clostridium carboxidivorans,species,0.0,abund,0.0,5752782,1,1,species,0.0,1.0000002
Centrifuger,unified,Centrifuger_unified,simulated,simulated,ont,sim_ont,217203,217203,Achromobacter_spanius,Achromobacter spanius,species,0.0,abund,0.0,6687823,1,1,species,0.0,1.0000002
Centrifuger,unified,Centrifuger_unified,simulated,simulated,ont,sim_ont,217204,217204,Achromobacter_insolitus,Achromobacter insolitus,species,0.0,abund,0.0,6893045,1,0,species,0.0,1.0000002
Centrifuger,unified,Centrifuger_unified,simulated,simulated,ont,sim_ont,218144,218144,Vagococcus_carniphilus,Vagococcus carniphilus,species,0.0,abund,0.0,3128613,1,1,species,0.0,1.0000002
Centrifuger,unified,Centrifuger_unified,simulated,simulated,ont,sim_ont,218300,218300,uncultured_Methanolobus_sp.,uncultured Methanolobus_sp.,species,0.0,abund,0.0,3293617,5,5,species,0.0,1.0000002
Centrifuger,unified,Centrifuger_unified,simulated,simulated,ont,sim_ont,220684,220684,Neobacillus_drentensis,Neobacillus drentensis,species,0.0,abund,0.0,6255529,1,1,species,0.0,1.0000002
Centrifuger,unified,Centrifuger_unified,simulated,simulated,ont,sim_ont,221402,221402,Mergibacter_septicus,Mergibacter septicus,species,0.0,abund,0.0,7544962,9,9,species,0.0,1.0000002
Centrifuger,unified,Centrifuger_unified,simulated,simulated,ont,sim_ont,221822,221822,Phaeobacter_inhibens,Phaeobacter inhibens,species,0.0,abund,0.0,25206179,3,3,species,0.0,1.0000002
Centrifuger,unified,Centrifuger_unified,simulated,simulated,ont,sim_ont,223786,223786,Hydrogenimonas_thermophila,Hydrogenimonas thermophila,species,0.0,abund,0.0,5075151,1,0,species,0.0,1.0000002
Centrifuger,unified,Centrifuger_unified,simulated,simulated,ont,sim_ont,224402,224402,Halococcus_qingdaonensis,Halococcus qingdaonensis,species,0.0,abund,0.0,2703393,10,10,species,0.0,1.0000002
Centrifuger,unified,Centrifuger_unified,simulated,simulated,ont,sim_ont,226505,226505,Algoriphagus_halophilus,Algoriphagus halophilus,species,0.0,abund,0.0,5146454,1,1,species,0.0,1.0000002
Centrifuger,unified,Centrifuger_unified,simulated,simulated,ont,sim_ont,228899,228899,Peribacillus_asahii,Peribacillus asahii,species,0.0,abund,0.0,14649067,1,0,species,0.0,1.0000002
Centrifuger,unified,Centrifuger_unified,simulated,simulated,ont,sim_ont,232259,232259,Belliella_baltica,Belliella baltica,species,0.0,abund,0.0,4196595,3,3,species,0.0,1.0000002
Centrifuger,unified,Centrifuger_unified,simulated,simulated,ont,sim_ont,232346,232346,Halomonas_alkaliantarctica,Halomonas alkaliantarctica,species,0.0,abund,0.0,4228891,1,1,species,0.0,1.0000002
Centrifuger,unified,Centrifuger_unified,simulated,simulated,ont,sim_ont,233055,233055,Desulfitobacterium_dichloroeliminans,Desulfitobacterium dichloroeliminans,species,0.0,abund,0.0,3624449,1,1,species,0.0,1.0000002
Centrifuger,unified,Centrifuger_unified,simulated,simulated,ont,sim_ont,236753,236753,Fastidiosipila_sanguinis,Fastidiosipila sanguinis,species,0.0,abund,0.0,1785891,1,1,species,0.0,1.0000002
Centrifuger,unified,Centrifuger_unified,simulated,simulated,ont,sim_ont,238834,238834,Clostridium_estertheticum,Clostridium estertheticum,species,0.0,abund,0.0,14930099,12,8,species,0.0,1.0000002
Centrifuger,unified,Centrifuger_unified,simulated,simulated,ont,sim_ont,239935,239935,Akkermansia_muciniphila,Akkermansia muciniphila,species,0.0,abund,0.0,22042729,3,0,species,0.0,1.0000002
Centrifuger,unified,Centrifuger_unified,simulated,simulated,ont,sim_ont,244787,244787,Nautilia_profundicola,Nautilia profundicola,species,0.0,abund,0.0,1676444,5,5,species,0.0,1.0000002
Centrifuger,unified,Centrifuger_unified,simulated,simulated,ont,sim_ont,246432,246432,Staphylococcus_equorum,Staphylococcus equorum,species,0.0,abund,0.0,5533410,4,4,species,0.0,1.0000002
Centrifuger,unified,Centrifuger_unified,simulated,simulated,ont,sim_ont,246787,246787,Bacteroides_cellulosilyticus,Bacteroides cellulosilyticus,species,9.999999999999999e-05,abund,1e-06,7271073,9,9,species,9.999998000000399e-05,1.0000002
Centrifuger,unified,Centrifuger_unified,simulated,simulated,ont,sim_ont,248315,248315,Veillonella_rodentium,Veillonella rodentium,species,0.0,abund,0.0,2041290,2,2,species,0.0,1.0000002
Centrifuger,unified,Centrifuger_unified,simulated,simulated,ont,sim_ont,248903,248903,Paenibacillus_xylanilyticus,Paenibacillus xylanilyticus,species,0.0,abund,0.0,6447596,3,3,species,0.0,1.0000002
Centrifuger,unified,Centrifuger_unified,simulated,simulated,ont,sim_ont,249188,249188,Haemophilus_pittmaniae,Haemophilus pittmaniae,species,0.72873,abund,0.0072873,2181355,12508,12465,species,0.7287298542540293,1.0000002
Centrifuger,unified,Centrifuger_unified,simulated,simulated,ont,sim_ont,252966,252966,Mahella_australiensis,Mahella australiensis,species,0.0,abund,0.0,3135972,1,1,species,0.0,1.0000002
Centrifuger,unified,Centrifuger_unified,simulated,simulated,ont,sim_ont,254758,254758,Siminovitchia_fortis,Siminovitchia fortis,species,0.0,abund,0.0,3738453,2,2,species,0.0,1.0000002
Centrifuger,unified,Centrifuger_unified,simulated,simulated,ont,sim_ont,254785,254785,Streptococcus_halichoeri,Streptococcus halichoeri,species,0.0,abund,0.0,2026498,1,1,species,0.0,1.0000002
Centrifuger,unified,Centrifuger_unified,simulated,simulated,ont,sim_ont,255247,255247,Fictibacillus_arsenicus,Fictibacillus arsenicus,species,0.0,abund,0.0,4055461,3,3,species,0.0,1.0000002
Centrifuger,unified,Centrifuger_unified,simulated,simulated,ont,sim_ont,260552,260552,Microbulbifer_agarilyticus,Microbulbifer agarilyticus,species,0.0,abund,0.0,4255625,1,1,species,0.0,1.0000002
Centrifuger,unified,Centrifuger_unified,simulated,simulated,ont,sim_ont,260554,260554,Bacillus_halotolerans,Bacillus halotolerans,species,0.0,abund,0.0,4404030,1,1,species,0.0,1.0000002
Centrifuger,unified,Centrifuger_unified,simulated,simulated,ont,sim_ont,261299,261299,Intestinibacter_bartlettii,Intestinibacter bartlettii,species,0.78545,abund,0.0078545,3006269,17418,17347,species,0.7854498429100315,1.0000002
Centrifuger,unified,Centrifuger_unified,simulated,simulated,ont,sim_ont,262503,262503,uncultured_Methanospirillum_sp.,uncultured Methanospirillum_sp.,species,0.0,abund,0.0,3926859,1,1,species,0.0,1.0000002
Centrifuger,unified,Centrifuger_unified,simulated,simulated,ont,sim_ont,263765,263765,uncultured_Tolumonas_sp.,uncultured Tolumonas_sp.,species,0.0,abund,0.0,4069707,1,1,species,0.0,1.0000002
Centrifuger,unified,Centrifuger_unified,simulated,simulated,ont,sim_ont,264697,264697,Peribacillus_muralis,Peribacillus muralis,species,0.0,abund,0.0,5007016,1,1,species,0.0,1.0000002
Centrifuger,unified,Centrifuger_unified,simulated,simulated,ont,sim_ont,265426,265426,Pontibacillus_chungwhensis,Pontibacillus chungwhensis,species,0.0,abund,0.0,4173421,1,1,species,0.0,1.0000002
Centrifuger,unified,Centrifuger_unified,simulated,simulated,ont,sim_ont,265877,265877,Mint_vein_banding-associated_virus,Mint vein_banding-associated_virus,species,0.0,abund,0.0,13387,1,1,species,0.0,1.0000002
Centrifuger,unified,Centrifuger_unified,simulated,simulated,ont,sim_ont,266748,266748,Kaistella_antarctica,Kaistella antarctica,species,0.0,abund,0.0,3137220,2,2,species,0.0,1.0000002
Centrifuger,unified,Centrifuger_unified,simulated,simulated,ont,sim_ont,269673,269673,Sporolactobacillus_terrae,Sporolactobacillus terrae,species,0.0,abund,0.0,6494380,2,0,species,0.0,1.0000002
Centrifuger,unified,Centrifuger_unified,simulated,simulated,ont,sim_ont,271881,271881,Lactiplantibacillus_argentoratensis,Lactiplantibacillus argentoratensis,species,0.0,abund,0.0,3350338,1,1,species,0.0,1.0000002
Centrifuger,unified,Centrifuger_unified,simulated,simulated,ont,sim_ont,273371,273371,Candida_orthopsilosis,Candida orthopsilosis,species,0.0,abund,0.0,6146296,5,5,species,0.0,1.0000002
Centrifuger,unified,Centrifuger_unified,simulated,simulated,ont,sim_ont,273528,273528,Exiguobacterium_marinum,Exiguobacterium marinum,species,0.0,abund,0.0,2806374,2,2,species,0.0,1.0000002
Centrifuger,unified,Centrifuger_unified,simulated,simulated,ont,sim_ont,279826,279826,Mesobacillus_foraminis,Mesobacillus foraminis,species,0.0,abund,0.0,5977666,4,4,species,0.0,1.0000002
Centrifuger,unified,Centrifuger_unified,simulated,simulated,ont,sim_ont,281093,281093,Prosthecochloris_sp._GSB1,Prosthecochloris_sp._GSB1,species,0.0,abund,0.0,2468479,1,1,species,0.0,1.0000002
Centrifuger,unified,Centrifuger_unified,simulated,simulated,ont,sim_ont,283734,283734,Staphylococcus_pseudintermedius,Staphylococcus pseudintermedius,species,0.0,abund,0.0,13124036,11,10,species,0.0,1.0000002
Centrifuger,unified,Centrifuger_unified,simulated,simulated,ont,sim_ont,285729,285729,Fusobacterium_canifelinum,Fusobacterium canifelinum,species,0.0,abund,0.0,2425164,4,0,species,0.0,1.0000002
Centrifuger,unified,Centrifuger_unified,simulated,simulated,ont,sim_ont,286727,286727,Azospirillum_oryzae,Azospirillum oryzae,species,0.0,abund,0.0,6809363,1,1,species,0.0,1.0000002
Centrifuger,unified,Centrifuger_unified,simulated,simulated,ont,sim_ont,288965,288965,Acetivibrio_clariflavus,Acetivibrio clariflavus,species,0.0,abund,0.0,4897678,1,1,species,0.0,1.0000002
Centrifuger,unified,Centrifuger_unified,simulated,simulated,ont,sim_ont,291048,291048,Caminibacter_mediatlanticus,Caminibacter mediatlanticus,species,0.0,abund,0.0,1685887,2,2,species,0.0,1.0000002
Centrifuger,unified,Centrifuger_unified,simulated,simulated,ont,sim_ont,291644,291644,Bacteroides_salyersiae,Bacteroides salyersiae,species,0.00392,abund,3.92e-05,10811684,284,283,species,0.003919999216000157,1.0000002
Centrifuger,unified,Centrifuger_unified,simulated,simulated,ont,sim_ont,291645,291645,Bacteroides_nordii,Bacteroides nordii,species,0.00013000000000000002,abund,1.3e-06,5678582,4,4,species,0.00012999997400000522,1.0000002
Centrifuger,unified,Centrifuger_unified,simulated,simulated,ont,sim_ont,292800,292800,Flavonifractor_plautii,Flavonifractor plautii,species,0.9693999999999999,abund,0.009694,4691745,24080,21832,species,0.9693998061200388,1.0000002
Centrifuger,unified,Centrifuger_unified,simulated,simulated,ont,sim_ont,293091,293091,Haloquadratum_walsbyi,Haloquadratum walsbyi,species,0.0,abund,0.0,3219918,1,1,species,0.0,1.0000002
Centrifuger,unified,Centrifuger_unified,simulated,simulated,ont,sim_ont,299767,299767,Enterobacter_ludwigii,Enterobacter ludwigii,species,0.0,abund,0.0,14455645,1,0,species,0.0,1.0000002
Centrifuger,unified,Centrifuger_unified,simulated,simulated,ont,sim_ont,301301,301301,Roseburia_hominis,Roseburia hominis,species,1.0359699999999998,abund,0.0103597,3592125,20347,187,species,1.0359697928060414,1.0000002
Centrifuger,unified,Centrifuger_unified,simulated,simulated,ont,sim_ont,301302,301302,Roseburia_faecis,Roseburia faecis,species,0.80274,abund,0.0080274,3385415,19256,19229,species,0.8027398394520322,1.0000002
Centrifuger,unified,Centrifuger_unified,simulated,simulated,ont,sim_ont,308754,308754,Rhodovulum_sp._MB263,Rhodovulum_sp._MB263,species,0.0,abund,0.0,4162560,2,2,species,0.0,1.0000002
Centrifuger,unified,Centrifuger_unified,simulated,simulated,ont,sim_ont,310769,310769,Fervidobacterium_changbaicum,Fervidobacterium changbaicum,species,0.0,abund,0.0,2266349,1,1,species,0.0,1.0000002
Centrifuger,unified,Centrifuger_unified,simulated,simulated,ont,sim_ont,311400,311400,Thermococcus_kodakarensis,Thermococcus kodakarensis,species,0.0,abund,0.0,3126457,2,0,species,0.0,1.0000002
Centrifuger,unified,Centrifuger_unified,simulated,simulated,ont,sim_ont,312306,312306,Pseudomonas_entomophila,Pseudomonas entomophila,species,0.0,abund,0.0,5924885,8,8,species,0.0,1.0000002
Centrifuger,unified,Centrifuger_unified,simulated,simulated,ont,sim_ont,312539,312539,Acidianus_sulfidivorans,Acidianus sulfidivorans,species,0.0,abund,0.0,2265309,1,1,species,0.0,1.0000002
Centrifuger,unified,Centrifuger_unified,simulated,simulated,ont,sim_ont,313985,313985,Trichlorobacter_lovleyi,Trichlorobacter lovleyi,species,0.0,abund,0.0,3999044,1,0,species,0.0,1.0000002
Centrifuger,unified,Centrifuger_unified,simulated,simulated,ont,sim_ont,317658,317658,Sulfurimonas_paralvinellae,Sulfurimonas paralvinellae,species,0.0,abund,0.0,2078871,2,2,species,0.0,1.0000002
Centrifuger,unified,Centrifuger_unified,simulated,simulated,ont,sim_ont,319970,319970,Enterococcus_devriesei,Enterococcus devriesei,species,0.0,abund,0.0,3468287,3,3,species,0.0,1.0000002
Centrifuger,unified,Centrifuger_unified,simulated,simulated,ont,sim_ont,322095,322095,Porphyromonas_somerae,Porphyromonas somerae,species,0.0,abund,0.0,2727503,2,2,species,0.0,1.0000002
Centrifuger,unified,Centrifuger_unified,simulated,simulated,ont,sim_ont,324767,324767,Bacillus_infantis,Bacillus infantis,species,0.0,abund,0.0,4893817,1,1,species,0.0,1.0000002
Centrifuger,unified,Centrifuger_unified,simulated,simulated,ont,sim_ont,328812,328812,Parabacteroides_goldsteinii,Parabacteroides goldsteinii,species,0.9455399999999999,abund,0.0094554,7053599,39424,36458,species,0.9455398108920378,1.0000002
Centrifuger,unified,Centrifuger_unified,simulated,simulated,ont,sim_ont,328813,328813,Alistipes_onderdonkii,Alistipes onderdonkii,species,0.47923000000000004,abund,0.0047923,5247448,19667,19266,species,0.4792299041540192,1.0000002
Centrifuger,unified,Centrifuger_unified,simulated,simulated,ont,sim_ont,328814,328814,Alistipes_shahii,Alistipes shahii,species,0.00092,abund,9.2e-06,3778517,36,33,species,0.0009199998160000369,1.0000002
Centrifuger,unified,Centrifuger_unified,simulated,simulated,ont,sim_ont,332101,332101,Clostridium_drakei,Clostridium drakei,species,0.0,abund,0.0,5695241,1,1,species,0.0,1.0000002
Centrifuger,unified,Centrifuger_unified,simulated,simulated,ont,sim_ont,333367,333367,Enterocloster_asparagiformis,Enterocloster asparagiformis,species,0.0,abund,0.0,6353279,7,7,species,0.0,1.0000002
Centrifuger,unified,Centrifuger_unified,simulated,simulated,ont,sim_ont,334542,334542,Rhodococcus_qingshengii,Rhodococcus qingshengii,species,0.0,abund,0.0,7496402,1,1,species,0.0,1.0000002
Centrifuger,unified,Centrifuger_unified,simulated,simulated,ont,sim_ont,338645,338645,Candidatus_Contubernalis_alkalaceticus,Candidatus Contubernalis_alkalaceticus,species,0.0,abund,0.0,3558951,1,1,species,0.0,1.0000002
Centrifuger,unified,Centrifuger_unified,simulated,simulated,ont,sim_ont,339617,339617,Pseudoalteromonas_viridis,Pseudoalteromonas viridis,species,0.0,abund,0.0,5549631,1,1,species,0.0,1.0000002
Centrifuger,unified,Centrifuger_unified,simulated,simulated,ont,sim_ont,341045,341045,Herbaspirillum_hiltneri,Herbaspirillum hiltneri,species,0.0,abund,0.0,4965474,1,1,species,0.0,1.0000002
Centrifuger,unified,Centrifuger_unified,simulated,simulated,ont,sim_ont,341220,341220,Lactonifactor_longoviformis,Lactonifactor longoviformis,species,0.00013000000000000002,abund,1.3e-06,4899275,28,28,species,0.00012999997400000522,1.0000002
Centrifuger,unified,Centrifuger_unified,simulated,simulated,ont,sim_ont,342942,342942,Mediterraneibacter_glycyrrhizinilyticus,Mediterraneibacter glycyrrhizinilyticus,species,0.8083999999999999,abund,0.008084,3271904,18987,18720,species,0.8083998383200323,1.0000002
Centrifuger,unified,Centrifuger_unified,simulated,simulated,ont,sim_ont,343874,343874,Empedobacter_falsenii,Empedobacter falsenii,species,0.0,abund,0.0,2988039,1,1,species,0.0,1.0000002
Centrifuger,unified,Centrifuger_unified,simulated,simulated,ont,sim_ont,351604,351604,Geotalea_uraniireducens,Geotalea uraniireducens,species,0.0,abund,0.0,4664737,5,5,species,0.0,1.0000002
Centrifuger,unified,Centrifuger_unified,simulated,simulated,ont,sim_ont,353852,353852,Mycoplasma_nasistruthionis,Mycoplasma nasistruthionis,species,0.0,abund,0.0,803230,2,1,species,0.0,1.0000002
Centrifuger,unified,Centrifuger_unified,simulated,simulated,ont,sim_ont,355243,355243,Amphritea_atlantica,Amphritea atlantica,species,0.0,abund,0.0,4804482,3,3,species,0.0,1.0000002
Centrifuger,unified,Centrifuger_unified,simulated,simulated,ont,sim_ont,356322,356322,Heliorestis_convoluta,Heliorestis convoluta,species,0.0,abund,0.0,3218981,1,1,species,0.0,1.0000002
Centrifuger,unified,Centrifuger_unified,simulated,simulated,ont,sim_ont,356837,356837,Azoarcus_sp._DN11,Azoarcus_sp._DN11,species,0.0,abund,0.0,4956835,2,2,species,0.0,1.0000002
Centrifuger,unified,Centrifuger_unified,simulated,simulated,ont,sim_ont,357276,357276,Phocaeicola_dorei,Phocaeicola dorei,species,0.39448,abund,0.0039448,16497524,30717,1337,species,0.3944799211040158,1.0000002
Centrifuger,unified,Centrifuger_unified,simulated,simulated,ont,sim_ont,357999,357999,Sporomusa_rhizae,Sporomusa rhizae,species,0.0,abund,0.0,5829736,2,2,species,0.0,1.0000002
Centrifuger,unified,Centrifuger_unified,simulated,simulated,ont,sim_ont,359370,359370,Microbulbifer_sp._A4B17,Microbulbifer_sp._A4B17,species,0.0,abund,0.0,5035829,1,1,species,0.0,1.0000002
Centrifuger,unified,Centrifuger_unified,simulated,simulated,ont,sim_ont,360422,360422,Clostridium_tagluense,Clostridium tagluense,species,0.0,abund,0.0,5507024,1,1,species,0.0,1.0000002
Centrifuger,unified,Centrifuger_unified,simulated,simulated,ont,sim_ont,361101,361101,Streptococcus_pseudoporcinus,Streptococcus pseudoporcinus,species,0.00014,abund,1.4e-06,2156061,3,3,species,0.0001399999720000056,1.0000002
Centrifuger,unified,Centrifuger_unified,simulated,simulated,ont,sim_ont,364197,364197,Pseudomonas_pohangensis,Pseudomonas pohangensis,species,0.0,abund,0.0,3769589,1,1,species,0.0,1.0000002
Centrifuger,unified,Centrifuger_unified,simulated,simulated,ont,sim_ont,370038,370038,Oceanidesulfovibrio_marinus,Oceanidesulfovibrio marinus,species,0.0,abund,0.0,4761435,1,1,species,0.0,1.0000002
Centrifuger,unified,Centrifuger_unified,simulated,simulated,ont,sim_ont,371601,371601,Bacteroides_xylanisolvens,Bacteroides xylanisolvens,species,0.78172,abund,0.0078172,9593183,32626,23154,species,0.7817198436560313,1.0000002
Centrifuger,unified,Centrifuger_unified,simulated,simulated,ont,sim_ont,376490,376490,Desulfobaculum_bizertense,Desulfobaculum bizertense,species,0.0,abund,0.0,3388341,1,1,species,0.0,1.0000002
Centrifuger,unified,Centrifuger_unified,simulated,simulated,ont,sim_ont,376805,376805,Phocaeicola_salanitronis,Phocaeicola salanitronis,species,0.0,abund,0.0,4289383,7,7,species,0.0,1.0000002
Centrifuger,unified,Centrifuger_unified,simulated,simulated,ont,sim_ont,379064,379064,Cyanobacterium_aponinum,Cyanobacterium aponinum,species,0.0,abund,0.0,4297535,1,0,species,0.0,1.0000002
Centrifuger,unified,Centrifuger_unified,simulated,simulated,ont,sim_ont,379347,379347,Tritonibacter_mobilis,Tritonibacter mobilis,species,0.0,abund,0.0,4911557,2,1,species,0.0,1.0000002
Centrifuger,unified,Centrifuger_unified,simulated,simulated,ont,sim_ont,380021,380021,Pseudomonas_protegens,Pseudomonas protegens,species,0.0,abund,0.0,15592809,2,0,species,0.0,1.0000002
Centrifuger,unified,Centrifuger_unified,simulated,simulated,ont,sim_ont,381829,381829,Pediococcus_siamensis,Pediococcus siamensis,species,0.0,abund,0.0,2298821,1,1,species,0.0,1.0000002
Centrifuger,unified,Centrifuger_unified,simulated,simulated,ont,sim_ont,384636,384636,Lacrimispora_xylanisolvens,Lacrimispora xylanisolvens,species,0.0,abund,0.0,5633035,14,14,species,0.0,1.0000002
Centrifuger,unified,Centrifuger_unified,simulated,simulated,ont,sim_ont,387090,387090,Phocaeicola_coprophilus,Phocaeicola coprophilus,species,7.999999999999999e-05,abund,8e-07,4113613,6,6,species,7.999998400000321e-05,1.0000002
Centrifuger,unified,Centrifuger_unified,simulated,simulated,ont,sim_ont,387661,387661,Parabacteroides_johnsonii,Parabacteroides johnsonii,species,0.98627,abund,0.0098627,4757806,26929,713,species,0.9862698027460395,1.0000002
Centrifuger,unified,Centrifuger_unified,simulated,simulated,ont,sim_ont,392734,392734,Terriglobus_roseus,Terriglobus roseus,species,0.0,abund,0.0,5039912,2,2,species,0.0,1.0000002
Centrifuger,unified,Centrifuger_unified,simulated,simulated,ont,sim_ont,400092,400092,Pontibacter_korlensis,Pontibacter korlensis,species,0.0,abund,0.0,5462537,13,13,species,0.0,1.0000002
Centrifuger,unified,Centrifuger_unified,simulated,simulated,ont,sim_ont,404405,404405,Azospira_restricta,Azospira restricta,species,0.0,abund,0.0,3975213,1,1,species,0.0,1.0000002
Centrifuger,unified,Centrifuger_unified,simulated,simulated,ont,sim_ont,409322,409322,Treponema_pedis,Treponema pedis,species,0.0,abund,0.0,2983394,1,1,species,0.0,1.0000002
Centrifuger,unified,Centrifuger_unified,simulated,simulated,ont,sim_ont,410072,410072,Coprococcus_comes,Coprococcus comes,species,0.80816,abund,0.0080816,3373066,21038,426,species,0.8081598383680324,1.0000002
Centrifuger,unified,Centrifuger_unified,simulated,simulated,ont,sim_ont,411483,411483,Faecalibacterium_duncaniae,Faecalibacterium duncaniae,species,1.23668,abund,0.0123668,3110044,16570,6839,species,1.2366797526640496,1.0000002
Centrifuger,unified,Centrifuger_unified,simulated,simulated,ont,sim_ont,411486,411486,Clostridium_sp._M62/1,Clostridium_sp._M62/1,species,0.7998,abund,0.007998,3923895,22254,22173,species,0.7997998400400319,1.0000002
Centrifuger,unified,Centrifuger_unified,simulated,simulated,ont,sim_ont,413497,413497,Cronobacter_dublinensis,Cronobacter dublinensis,species,0.0,abund,0.0,9421060,2,2,species,0.0,1.0000002
Centrifuger,unified,Centrifuger_unified,simulated,simulated,ont,sim_ont,414771,414771,Paenibacillus_donghaensis,Paenibacillus donghaensis,species,0.0,abund,0.0,8542333,2,2,species,0.0,1.0000002
Centrifuger,unified,Centrifuger_unified,simulated,simulated,ont,sim_ont,417203,417203,Mycetohabitans_endofungorum,Mycetohabitans endofungorum,species,0.0,abund,0.0,7193966,4,4,species,0.0,1.0000002
Centrifuger,unified,Centrifuger_unified,simulated,simulated,ont,sim_ont,418240,418240,Blautia_wexlerae,Blautia wexlerae,species,1.0732300000000001,abund,0.0107323,4665133,26152,24740,species,1.0732297853540431,1.0000002
Centrifuger,unified,Centrifuger_unified,simulated,simulated,ont,sim_ont,420336,420336,Candidatus_Epulonipiscium_viviparus,Candidatus Epulonipiscium_viviparus,species,0.0,abund,0.0,3282201,1,1,species,0.0,1.0000002
Centrifuger,unified,Centrifuger_unified,simulated,simulated,ont,sim_ont,423477,423477,Veillonella_rogosae,Veillonella rogosae,species,0.79162,abund,0.0079162,2205714,12733,12575,species,0.7916198416760318,1.0000002
Centrifuger,unified,Centrifuger_unified,simulated,simulated,ont,sim_ont,433286,433286,Anaerocolumna_cellulosilytica,Anaerocolumna cellulosilytica,species,0.0,abund,0.0,5430627,1,1,species,0.0,1.0000002
Centrifuger,unified,Centrifuger_unified,simulated,simulated,ont,sim_ont,433296,433296,Aminipila_butyrica,Aminipila butyrica,species,0.0,abund,0.0,3334849,5,5,species,0.0,1.0000002
Centrifuger,unified,Centrifuger_unified,simulated,simulated,ont,sim_ont,434009,434009,Variovorax_sp._PBL-H6,Variovorax_sp._PBL-H6,species,0.0,abund,0.0,6871554,2,2,species,0.0,1.0000002
Centrifuger,unified,Centrifuger_unified,simulated,simulated,ont,sim_ont,436114,436114,Sulfurihydrogenibium_sp._YO3AOP1,Sulfurihydrogenibium_sp._YO3AOP1,species,0.0,abund,0.0,1838442,1,1,species,0.0,1.0000002
Centrifuger,unified,Centrifuger_unified,simulated,simulated,ont,sim_ont,436516,436516,Lysinibacillus_parviboronicapiens,Lysinibacillus parviboronicapiens,species,0.0,abund,0.0,4822805,1,1,species,0.0,1.0000002
Centrifuger,unified,Centrifuger_unified,simulated,simulated,ont,sim_ont,437505,437505,Granulosicoccus_antarcticus,Granulosicoccus antarcticus,species,0.0,abund,0.0,7783862,3,3,species,0.0,1.0000002
Centrifuger,unified,Centrifuger_unified,simulated,simulated,ont,sim_ont,437897,437897,Megamonas_funiformis,Megamonas funiformis,species,0.0,abund,0.0,2568766,1,1,species,0.0,1.0000002
Centrifuger,unified,Centrifuger_unified,simulated,simulated,ont,sim_ont,438033,438033,Ruminococcus_gauvreauii,Ruminococcus gauvreauii,species,0.0,abund,0.0,4145839,63,21,species,0.0,1.0000002
Centrifuger,unified,Centrifuger_unified,simulated,simulated,ont,sim_ont,446374,446374,Vibrio_artabrorum,Vibrio artabrorum,species,0.0,abund,0.0,4443332,1,1,species,0.0,1.0000002
Centrifuger,unified,Centrifuger_unified,simulated,simulated,ont,sim_ont,450378,450378,Croceicoccus_marinus,Croceicoccus marinus,species,0.0,abund,0.0,4268603,1,1,species,0.0,1.0000002
Centrifuger,unified,Centrifuger_unified,simulated,simulated,ont,sim_ont,454154,454154,Paraprevotella_clara,Paraprevotella clara,species,0.77619,abund,0.0077619,4034988,23131,23042,species,0.7761898447620311,1.0000002
Centrifuger,unified,Centrifuger_unified,simulated,simulated,ont,sim_ont,454155,454155,Paraprevotella_xylaniphila,Paraprevotella xylaniphila,species,7.999999999999999e-05,abund,8e-07,4125322,4,4,species,7.999998400000321e-05,1.0000002
Centrifuger,unified,Centrifuger_unified,simulated,simulated,ont,sim_ont,459526,459526,Flavobacterium_anhuiense,Flavobacterium anhuiense,species,0.0,abund,0.0,5377387,1,1,species,0.0,1.0000002
Centrifuger,unified,Centrifuger_unified,simulated,simulated,ont,sim_ont,460384,460384,Enterocloster_lavalensis,Enterocloster lavalensis,species,0.00015000000000000001,abund,1.5e-06,6444357,4,4,species,0.00014999997000000602,1.0000002
Centrifuger,unified,Centrifuger_unified,simulated,simulated,ont,sim_ont,470931,470931,Pantoea_anthophila,Pantoea anthophila,species,0.0,abund,0.0,4594065,12,12,species,0.0,1.0000002
Centrifuger,unified,Centrifuger_unified,simulated,simulated,ont,sim_ont,474394,474394,Vibrio_mangrovi,Vibrio mangrovi,species,0.0,abund,0.0,5007139,2,2,species,0.0,1.0000002
Centrifuger,unified,Centrifuger_unified,simulated,simulated,ont,sim_ont,475088,475088,Methanosphaerula_palustris,Methanosphaerula palustris,species,0.0,abund,0.0,2922917,2,2,species,0.0,1.0000002
Centrifuger,unified,Centrifuger_unified,simulated,simulated,ont,sim_ont,480520,480520,Myroides_profundi,Myroides profundi,species,0.0,abund,0.0,4064534,1,1,species,0.0,1.0000002
Centrifuger,unified,Centrifuger_unified,simulated,simulated,ont,sim_ont,484184,484184,Paenibacillus_taichungensis,Paenibacillus taichungensis,species,0.0,abund,0.0,7326728,7,7,species,0.0,1.0000002
Centrifuger,unified,Centrifuger_unified,simulated,simulated,ont,sim_ont,486398,486398,Bacillus_sp._S3,Bacillus_sp._S3,species,0.0,abund,0.0,5677811,1,1,species,0.0,1.0000002
Centrifuger,unified,Centrifuger_unified,simulated,simulated,ont,sim_ont,487174,487174,Barnesiella_intestinihominis,Barnesiella intestinihominis,species,0.7412099999999999,abund,0.0074121,3260079,18486,18433,species,0.7412098517580297,1.0000002
Centrifuger,unified,Centrifuger_unified,simulated,simulated,ont,sim_ont,488546,488546,Campylobacter_peloridis,Campylobacter peloridis,species,0.0,abund,0.0,1744023,2,0,species,0.0,1.0000002
Centrifuger,unified,Centrifuger_unified,simulated,simulated,ont,sim_ont,504468,504468,Rhodovastum_atsumiense,Rhodovastum atsumiense,species,0.0,abund,0.0,7423543,1,1,species,0.0,1.0000002
Centrifuger,unified,Centrifuger_unified,simulated,simulated,ont,sim_ont,505249,505249,Malaciobacter_marinus,Malaciobacter marinus,species,0.0,abund,0.0,2917098,1,1,species,0.0,1.0000002
Centrifuger,unified,Centrifuger_unified,simulated,simulated,ont,sim_ont,512298,512298,uncultured_Subdoligranulum_sp.,uncultured Subdoligranulum_sp.,species,0.0,abund,0.0,2991239,1,1,species,0.0,1.0000002
Centrifuger,unified,Centrifuger_unified,simulated,simulated,ont,sim_ont,512749,512749,Mycoplasma_seminis,Mycoplasma seminis,species,0.0,abund,0.0,1064223,2,2,species,0.0,1.0000002
Centrifuger,unified,Centrifuger_unified,simulated,simulated,ont,sim_ont,517719,517719,Pseudooceanicola_nitratireducens,Pseudooceanicola nitratireducens,species,0.0,abund,0.0,3475808,1,1,species,0.0,1.0000002
Centrifuger,unified,Centrifuger_unified,simulated,simulated,ont,sim_ont,521520,521520,Paenibacillus_urinalis,Paenibacillus urinalis,species,0.0,abund,0.0,17342944,3,0,species,0.0,1.0000002
Centrifuger,unified,Centrifuger_unified,simulated,simulated,ont,sim_ont,528187,528187,Paenibacillus_tundrae,Paenibacillus tundrae,species,0.0,abund,0.0,6534616,1,1,species,0.0,1.0000002
Centrifuger,unified,Centrifuger_unified,simulated,simulated,ont,sim_ont,544580,544580,Actinomyces_oris,Actinomyces oris,species,0.9705,abund,0.009705,3154798,18066,17942,species,0.9704998059000388,1.0000002
Centrifuger,unified,Centrifuger_unified,simulated,simulated,ont,sim_ont,544718,544718,Aliarcobacter_thereius,Aliarcobacter thereius,species,0.0,abund,0.0,1915080,1,1,species,0.0,1.0000002
Centrifuger,unified,Centrifuger_unified,simulated,simulated,ont,sim_ont,552386,552386,Vibrio_gallaecicus,Vibrio gallaecicus,species,0.0,abund,0.0,5126655,1,1,species,0.0,1.0000002
Centrifuger,unified,Centrifuger_unified,simulated,simulated,ont,sim_ont,555317,555317,Phyllobacterium_sp._T1293,Phyllobacterium_sp._T1293,species,0.0,abund,0.0,5074034,3,3,species,0.0,1.0000002
Centrifuger,unified,Centrifuger_unified,simulated,simulated,ont,sim_ont,556259,556259,Bacteroides_sp._D2,Bacteroides_sp._D2,species,0.00026000000000000003,abund,2.6e-06,6955292,10,10,species,0.00025999994800001043,1.0000002
Centrifuger,unified,Centrifuger_unified,simulated,simulated,ont,sim_ont,564064,564064,Spirosoma_rigui,Spirosoma rigui,species,0.0,abund,0.0,5828404,1,1,species,0.0,1.0000002
Centrifuger,unified,Centrifuger_unified,simulated,simulated,ont,sim_ont,565033,565033,Geoglobus_acetivorans,Geoglobus acetivorans,species,0.0,abund,0.0,1903522,1,1,species,0.0,1.0000002
Centrifuger,unified,Centrifuger_unified,simulated,simulated,ont,sim_ont,570278,570278,Allobacillus_halotolerans,Allobacillus halotolerans,species,0.0,abund,0.0,2700296,1,1,species,0.0,1.0000002
Centrifuger,unified,Centrifuger_unified,simulated,simulated,ont,sim_ont,571177,571177,Desulfosarcina_alkanivorans,Desulfosarcina alkanivorans,species,0.0,abund,0.0,7324708,1,1,species,0.0,1.0000002
Centrifuger,unified,Centrifuger_unified,simulated,simulated,ont,sim_ont,580165,580165,Bacillus_cytotoxicus,Bacillus cytotoxicus,species,0.0,abund,0.0,23634461,1,0,species,0.0,1.0000002
Centrifuger,unified,Centrifuger_unified,simulated,simulated,ont,sim_ont,584609,584609,Tenacibaculum_jejuense,Tenacibaculum jejuense,species,0.0,abund,0.0,4614879,1,1,species,0.0,1.0000002
Centrifuger,unified,Centrifuger_unified,simulated,simulated,ont,sim_ont,591197,591197,Ignavibacterium_album,Ignavibacterium album,species,0.0,abund,0.0,3658997,2,2,species,0.0,1.0000002
Centrifuger,unified,Centrifuger_unified,simulated,simulated,ont,sim_ont,617123,617123,Lachnoanaerobaculum_umeaense,Lachnoanaerobaculum umeaense,species,0.0,abund,0.0,2810441,25,0,species,0.0,1.0000002
Centrifuger,unified,Centrifuger_unified,simulated,simulated,ont,sim_ont,626937,626937,Christensenella_minuta,Christensenella minuta,species,0.0,abund,0.0,5541073,1,1,species,0.0,1.0000002
Centrifuger,unified,Centrifuger_unified,simulated,simulated,ont,sim_ont,641107,641107,Clostridium_sp._DL-VIII,Clostridium_sp._DL-VIII,species,0.0,abund,0.0,6477257,3,3,species,0.0,1.0000002
Centrifuger,unified,Centrifuger_unified,simulated,simulated,ont,sim_ont,648794,648794,Aeromonas_rivuli,Aeromonas rivuli,species,0.0,abund,0.0,4357928,2,2,species,0.0,1.0000002
Centrifuger,unified,Centrifuger_unified,simulated,simulated,ont,sim_ont,648995,648995,Agrobacterium_pusense,Agrobacterium pusense,species,0.0,abund,0.0,6318557,2,0,species,0.0,1.0000002
Centrifuger,unified,Centrifuger_unified,simulated,simulated,ont,sim_ont,649756,649756,Anaerostipes_hadrus,Anaerostipes hadrus,species,0.70953,abund,0.0070953,4328833,17114,734,species,0.7095298580940285,1.0000002
Centrifuger,unified,Centrifuger_unified,simulated,simulated,ont,sim_ont,651822,651822,Fretibacterium_fastidiosum,Fretibacterium fastidiosum,species,0.0,abund,0.0,2849698,3,2,species,0.0,1.0000002
Centrifuger,unified,Centrifuger_unified,simulated,simulated,ont,sim_ont,653937,653937,Candidatus_Francisella_endociliophora,Candidatus Francisella_endociliophora,species,0.0,abund,0.0,2015987,2,2,species,0.0,1.0000002
Centrifuger,unified,Centrifuger_unified,simulated,simulated,ont,sim_ont,656519,656519,Halanaerobium_hydrogeniformans,Halanaerobium hydrogeniformans,species,0.0,abund,0.0,2613117,3,3,species,0.0,1.0000002
Centrifuger,unified,Centrifuger_unified,simulated,simulated,ont,sim_ont,657323,657323,Ruminococcus_sp._SR1/5,Ruminococcus_sp._SR1/5,species,0.00058,abund,5.8e-06,3511612,49,49,species,0.0005799998840000232,1.0000002
Centrifuger,unified,Centrifuger_unified,simulated,simulated,ont,sim_ont,659350,659350,Paracoccus_stylophorae,Paracoccus stylophorae,species,0.0,abund,0.0,3642172,4,4,species,0.0,1.0000002
Centrifuger,unified,Centrifuger_unified,simulated,simulated,ont,sim_ont,661488,661488,Pseudobacter_ginsenosidimutans,Pseudobacter ginsenosidimutans,species,0.0,abund,0.0,7797595,4,4,species,0.0,1.0000002
Centrifuger,unified,Centrifuger_unified,simulated,simulated,ont,sim_ont,674529,674529,Bacteroides_faecis,Bacteroides faecis,species,0.56868,abund,0.0056868,13258959,34888,13403,species,0.5686798862640228,1.0000002
Centrifuger,unified,Centrifuger_unified,simulated,simulated,ont,sim_ont,674703,674703,Rhodoplanes_sp._Z2-YC6860,Rhodoplanes_sp._Z2-YC6860,species,0.0,abund,0.0,8193889,2,2,species,0.0,1.0000002
Centrifuger,unified,Centrifuger_unified,simulated,simulated,ont,sim_ont,684066,684066,Streptococcus_lactarius,Streptococcus lactarius,species,0.0,abund,0.0,2144372,1,1,species,0.0,1.0000002
Centrifuger,unified,Centrifuger_unified,simulated,simulated,ont,sim_ont,696485,696485,Vibrio_owensii,Vibrio owensii,species,0.0,abund,0.0,6424315,1,1,species,0.0,1.0000002
Centrifuger,unified,Centrifuger_unified,simulated,simulated,ont,sim_ont,706438,706438,Actinomyces_sp._oral_taxon_171,Actinomyces_sp._oral taxon_171,species,9.999999999999999e-06,abund,1e-07,3097489,1,1,species,9.999998000000402e-06,1.0000002
Centrifuger,unified,Centrifuger_unified,simulated,simulated,ont,sim_ont,708126,708126,Jeotgalibaca_dankookensis,Jeotgalibaca dankookensis,species,0.0,abund,0.0,2116498,1,1,species,0.0,1.0000002
Centrifuger,unified,Centrifuger_unified,simulated,simulated,ont,sim_ont,712357,712357,Leptotrichia_sp._oral_taxon_212,Leptotrichia_sp._oral taxon_212,species,0.0,abund,0.0,2444904,2,2,species,0.0,1.0000002
Centrifuger,unified,Centrifuger_unified,simulated,simulated,ont,sim_ont,712411,712411,Olsenella_sp._oral_taxon_807,Olsenella_sp._oral taxon_807,species,0.76798,abund,0.0076798,3213585,18520,18480,species,0.7679798464040308,1.0000002
Centrifuger,unified,Centrifuger_unified,simulated,simulated,ont,sim_ont,712471,712471,Prevotella_sp._oral_taxon_475,Prevotella_sp._oral taxon_475,species,0.0,abund,0.0,2560308,2,2,species,0.0,1.0000002
Centrifuger,unified,Centrifuger_unified,simulated,simulated,ont,sim_ont,713030,713030,Selenomonas_sp._oral_taxon_136,Selenomonas_sp._oral taxon_136,species,0.0,abund,0.0,2458072,1,1,species,0.0,1.0000002
Centrifuger,unified,Centrifuger_unified,simulated,simulated,ont,sim_ont,714067,714067,Kroppenstedtia_eburnea,Kroppenstedtia eburnea,species,0.0,abund,0.0,3564999,2,2,species,0.0,1.0000002
Centrifuger,unified,Centrifuger_unified,simulated,simulated,ont,sim_ont,751585,751585,Coprococcus_sp._ART55/1,Coprococcus_sp._ART55/1,species,0.0,abund,0.0,2888039,1,1,species,0.0,1.0000002
Centrifuger,unified,Centrifuger_unified,simulated,simulated,ont,sim_ont,754423,754423,Tenacibaculum_sp._SZ-18,Tenacibaculum_sp._SZ-18,species,0.0,abund,0.0,4019179,1,1,species,0.0,1.0000002
Centrifuger,unified,Centrifuger_unified,simulated,simulated,ont,sim_ont,756892,756892,Acinetobacter_indicus,Acinetobacter indicus,species,0.0,abund,0.0,12549089,1,0,species,0.0,1.0000002
Centrifuger,unified,Centrifuger_unified,simulated,simulated,ont,sim_ont,758802,758802,Mycolicibacterium_litorale,Mycolicibacterium litorale,species,0.0,abund,0.0,5634149,1,1,species,0.0,1.0000002
Centrifuger,unified,Centrifuger_unified,simulated,simulated,ont,sim_ont,762833,762833,Ligilactobacillus_faecis,Ligilactobacillus faecis,species,0.0,abund,0.0,2382213,3,3,species,0.0,1.0000002
Centrifuger,unified,Centrifuger_unified,simulated,simulated,ont,sim_ont,859144,859144,Cytobacillus_gottheilii,Cytobacillus gottheilii,species,0.0,abund,0.0,4584688,2,2,species,0.0,1.0000002
Centrifuger,unified,Centrifuger_unified,simulated,simulated,ont,sim_ont,871694,871694,Flavobacterium_ginsengisoli,Flavobacterium ginsengisoli,species,0.0,abund,0.0,5414540,2,2,species,0.0,1.0000002
Centrifuger,unified,Centrifuger_unified,simulated,simulated,ont,sim_ont,878220,878220,Chryseobacterium_sp._StRB126,Chryseobacterium_sp._StRB126,species,0.0,abund,0.0,5503743,3,3,species,0.0,1.0000002
Centrifuger,unified,Centrifuger_unified,simulated,simulated,ont,sim_ont,879970,879970,Defluviitalea_saccharophila,Defluviitalea saccharophila,species,0.0,abund,0.0,3014560,2,2,species,0.0,1.0000002
Centrifuger,unified,Centrifuger_unified,simulated,simulated,ont,sim_ont,882104,882104,Methanoregula_formicica,Methanoregula formicica,species,0.0,abund,0.0,2820858,1,1,species,0.0,1.0000002
Centrifuger,unified,Centrifuger_unified,simulated,simulated,ont,sim_ont,884684,884684,Mageeibacillus_indolicus,Mageeibacillus indolicus,species,0.0,abund,0.0,1809746,2,2,species,0.0,1.0000002
Centrifuger,unified,Centrifuger_unified,simulated,simulated,ont,sim_ont,885581,885581,Desulfosporosinus_acidiphilus,Desulfosporosinus acidiphilus,species,0.0,abund,0.0,4991181,1,1,species,0.0,1.0000002
Centrifuger,unified,Centrifuger_unified,simulated,simulated,ont,sim_ont,914150,914150,Kangiella_geojedonensis,Kangiella geojedonensis,species,0.0,abund,0.0,2495242,1,1,species,0.0,1.0000002
Centrifuger,unified,Centrifuger_unified,simulated,simulated,ont,sim_ont,930124,930124,Metabacillus_halosaccharovorans,Metabacillus halosaccharovorans,species,0.0,abund,0.0,5833127,1,1,species,0.0,1.0000002
Centrifuger,unified,Centrifuger_unified,simulated,simulated,ont,sim_ont,931531,931531,Tunicatimonas_pelagia,Tunicatimonas pelagia,species,0.0,abund,0.0,7291608,1,1,species,0.0,1.0000002
Centrifuger,unified,Centrifuger_unified,simulated,simulated,ont,sim_ont,938288,938288,Fenollaria_massiliensis,Fenollaria massiliensis,species,0.73702,abund,0.0073702,1609887,9404,9396,species,0.7370198525960295,1.0000002
Centrifuger,unified,Centrifuger_unified,simulated,simulated,ont,sim_ont,944547,944547,Arcobacter_sp._L,Arcobacter_sp._L,species,0.0,abund,0.0,2947662,1,1,species,0.0,1.0000002
Centrifuger,unified,Centrifuger_unified,simulated,simulated,ont,sim_ont,985043,985043,Polaribacter_sejongensis,Polaribacter sejongensis,species,0.0,abund,0.0,4504946,1,0,species,0.0,1.0000002
Centrifuger,unified,Centrifuger_unified,simulated,simulated,ont,sim_ont,993502,993502,Bradyrhizobium_daqingense,Bradyrhizobium daqingense,species,0.0,abund,0.0,7998085,1,1,species,0.0,1.0000002
Centrifuger,unified,Centrifuger_unified,simulated,simulated,ont,sim_ont,996558,996558,Caldifermentibacillus_hisashii,Caldifermentibacillus hisashii,species,0.0,abund,0.0,15823763,2,1,species,0.0,1.0000002
Centrifuger,unified,Centrifuger_unified,simulated,simulated,ont,sim_ont,996801,996801,Polaribacter_reichenbachii,Polaribacter reichenbachii,species,0.0,abund,0.0,4125016,9,0,species,0.0,1.0000002
Centrifuger,unified,Centrifuger_unified,simulated,simulated,ont,sim_ont,1005933,1005933,uncultured_Methanoregula_sp.,uncultured Methanoregula_sp.,species,0.0,abund,0.0,3173737,3,3,species,0.0,1.0000002
Centrifuger,unified,Centrifuger_unified,simulated,simulated,ont,sim_ont,1006155,1006155,Listeria_weihenstephanensis,Listeria weihenstephanensis,species,0.0,abund,0.0,3406292,3,3,species,0.0,1.0000002
Centrifuger,unified,Centrifuger_unified,simulated,simulated,ont,sim_ont,1006576,1006576,Defluviitoga_tunisiensis,Defluviitoga tunisiensis,species,0.0,abund,0.0,2053097,2,2,species,0.0,1.0000002
Centrifuger,unified,Centrifuger_unified,simulated,simulated,ont,sim_ont,1008307,1008307,Maricurvus_nonylphenolicus,Maricurvus nonylphenolicus,species,0.0,abund,0.0,5859353,1,1,species,0.0,1.0000002
Centrifuger,unified,Centrifuger_unified,simulated,simulated,ont,sim_ont,1017270,1017270,Fictibacillus_enclensis,Fictibacillus enclensis,species,0.0,abund,0.0,5093378,1,1,species,0.0,1.0000002
Centrifuger,unified,Centrifuger_unified,simulated,simulated,ont,sim_ont,1032072,1032072,Malaciobacter_molluscorum,Malaciobacter molluscorum,species,0.0,abund,0.0,2800582,2,2,species,0.0,1.0000002
Centrifuger,unified,Centrifuger_unified,simulated,simulated,ont,sim_ont,1033846,1033846,Marinobacter_adhaerens,Marinobacter adhaerens,species,0.0,abund,0.0,4537890,2,2,species,0.0,1.0000002
Centrifuger,unified,Centrifuger_unified,simulated,simulated,ont,sim_ont,1042156,1042156,Clostridium_sp._SY8519,Clostridium_sp._SY8519,species,0.0,abund,0.0,2835737,23,23,species,0.0,1.0000002
Centrifuger,unified,Centrifuger_unified,simulated,simulated,ont,sim_ont,1077946,1077946,Streptomyces_hundungensis,Streptomyces hundungensis,species,0.0,abund,0.0,8393044,1,1,species,0.0,1.0000002
Centrifuger,unified,Centrifuger_unified,simulated,simulated,ont,sim_ont,1080223,1080223,Malaciobacter_pacificus,Malaciobacter pacificus,species,0.0,abund,0.0,2657991,1,1,species,0.0,1.0000002
Centrifuger,unified,Centrifuger_unified,simulated,simulated,ont,sim_ont,1099853,1099853,Coprobacter_fastidiosus,Coprobacter fastidiosus,species,0.77268,abund,0.0077268,3444538,19908,19844,species,0.772679845464031,1.0000002
Centrifuger,unified,Centrifuger_unified,simulated,simulated,ont,sim_ont,1117645,1117645,Elizabethkingia_anophelis,Elizabethkingia anophelis,species,0.0,abund,0.0,20713460,2,1,species,0.0,1.0000002
Centrifuger,unified,Centrifuger_unified,simulated,simulated,ont,sim_ont,1124835,1124835,Chryseobacterium_carnipullorum,Chryseobacterium carnipullorum,species,0.0,abund,0.0,10917867,3,0,species,0.0,1.0000002
Centrifuger,unified,Centrifuger_unified,simulated,simulated,ont,sim_ont,1131703,1131703,Sphaerochaeta_globosa,Sphaerochaeta globosa,species,0.0,abund,0.0,3316466,1,1,species,0.0,1.0000002
Centrifuger,unified,Centrifuger_unified,simulated,simulated,ont,sim_ont,1155388,1155388,Clostridium_sp._C1,Clostridium_sp._C1,species,9.999999999999999e-05,abund,1e-06,3035113,7,7,species,9.999998000000399e-05,1.0000002
Centrifuger,unified,Centrifuger_unified,simulated,simulated,ont,sim_ont,1155739,1155739,Moorena_producens,Moorena producens,species,0.0,abund,0.0,9684123,6,6,species,0.0,1.0000002
Centrifuger,unified,Centrifuger_unified,simulated,simulated,ont,sim_ont,1156431,1156431,Streptococcus_ilei,Streptococcus ilei,species,0.004,abund,4e-05,2023580,46,43,species,0.00399999920000016,1.0000002
Centrifuger,unified,Centrifuger_unified,simulated,simulated,ont,sim_ont,1159327,1159327,Pontimonas_salivibrio,Pontimonas salivibrio,species,0.0,abund,0.0,1760810,1,1,species,0.0,1.0000002
Centrifuger,unified,Centrifuger_unified,simulated,simulated,ont,sim_ont,1159556,1159556,Ustilaginoidea_virens,Ustilaginoidea virens,species,0.0,abund,0.0,28156414,18,18,species,0.0,1.0000002
Centrifuger,unified,Centrifuger_unified,simulated,simulated,ont,sim_ont,1160721,1160721,Ruminococcus_bicirculans_(ex_Wegman_et_al._2014),Ruminococcus bicirculans_(ex_Wegman et_al._2014),species,0.78038,abund,0.0078038,2968500,16953,16848,species,0.7803798439240313,1.0000002
Centrifuger,unified,Centrifuger_unified,simulated,simulated,ont,sim_ont,1161942,1161942,Ruminococcus_champanellensis,Ruminococcus champanellensis,species,0.00025,abund,2.5e-06,2513381,4,0,species,0.00024999995000001,1.0000002
Centrifuger,unified,Centrifuger_unified,simulated,simulated,ont,sim_ont,1168034,1168034,Draconibacterium_orientale,Draconibacterium orientale,species,0.0,abund,0.0,5128973,5,5,species,0.0,1.0000002
Centrifuger,unified,Centrifuger_unified,simulated,simulated,ont,sim_ont,1170562,1170562,Calothrix_sp._PCC_6303,Calothrix_sp._PCC_6303,species,0.0,abund,0.0,6823171,1,1,species,0.0,1.0000002
Centrifuger,unified,Centrifuger_unified,simulated,simulated,ont,sim_ont,1176536,1176536,Novosphingobium_ginsenosidimutans,Novosphingobium ginsenosidimutans,species,0.0,abund,0.0,3118872,4,4,species,0.0,1.0000002
Centrifuger,unified,Centrifuger_unified,simulated,simulated,ont,sim_ont,1176587,1176587,Niabella_ginsenosidivorans,Niabella ginsenosidivorans,species,0.0,abund,0.0,5627734,5,5,species,0.0,1.0000002
Centrifuger,unified,Centrifuger_unified,simulated,simulated,ont,sim_ont,1176721,1176721,Mucilaginibacter_jinjuensis,Mucilaginibacter jinjuensis,species,0.0,abund,0.0,6157393,1,1,species,0.0,1.0000002
Centrifuger,unified,Centrifuger_unified,simulated,simulated,ont,sim_ont,1178825,1178825,Algibacter_luteus,Algibacter luteus,species,0.0,abund,0.0,3746993,1,1,species,0.0,1.0000002
Centrifuger,unified,Centrifuger_unified,simulated,simulated,ont,sim_ont,1191459,1191459,Flammeovirga_sp._MY04,Flammeovirga_sp._MY04,species,0.0,abund,0.0,7327613,1,1,species,0.0,1.0000002
Centrifuger,unified,Centrifuger_unified,simulated,simulated,ont,sim_ont,1193095,1193095,Paucilactobacillus_hokkaidonensis,Paucilactobacillus hokkaidonensis,species,0.0,abund,0.0,2400586,1,1,species,0.0,1.0000002
Centrifuger,unified,Centrifuger_unified,simulated,simulated,ont,sim_ont,1193713,1193713,Neobacillus_mesonae,Neobacillus mesonae,species,0.0,abund,0.0,5839313,1,1,species,0.0,1.0000002
Centrifuger,unified,Centrifuger_unified,simulated,simulated,ont,sim_ont,1196083,1196083,Snodgrassella_alvi,Snodgrassella alvi,species,0.0,abund,0.0,10038884,1,0,species,0.0,1.0000002
Centrifuger,unified,Centrifuger_unified,simulated,simulated,ont,sim_ont,1197460,1197460,Bradyrhizobium_sp._6(2017),Bradyrhizobium_sp._6(2017),species,0.0,abund,0.0,9994154,1,1,species,0.0,1.0000002
Centrifuger,unified,Centrifuger_unified,simulated,simulated,ont,sim_ont,1197717,1197717,Cloacibacillus_porcorum,Cloacibacillus porcorum,species,0.0,abund,0.0,3585186,1,1,species,0.0,1.0000002
Centrifuger,unified,Centrifuger_unified,simulated,simulated,ont,sim_ont,1207075,1207075,Pseudomonas_sp._UW4,Pseudomonas_sp._UW4,species,0.0,abund,0.0,6183388,1,1,species,0.0,1.0000002
Centrifuger,unified,Centrifuger_unified,simulated,simulated,ont,sim_ont,1209493,1209493,Halomicronema_hongdechloris,Halomicronema hongdechloris,species,0.0,abund,0.0,5577845,2,2,species,0.0,1.0000002
Centrifuger,unified,Centrifuger_unified,simulated,simulated,ont,sim_ont,1216932,1216932,Clostridium_bornimense,Clostridium bornimense,species,0.0,abund,0.0,3617025,2,2,species,0.0,1.0000002
Centrifuger,unified,Centrifuger_unified,simulated,simulated,ont,sim_ont,1217282,1217282,Parabacteroides_faecis,Parabacteroides faecis,species,0.0,abund,0.0,6826483,1,1,species,0.0,1.0000002
Centrifuger,unified,Centrifuger_unified,simulated,simulated,ont,sim_ont,1218493,1218493,Lactobacillus_kullabergensis,Lactobacillus kullabergensis,species,0.0,abund,0.0,2018944,2,2,species,0.0,1.0000002
Centrifuger,unified,Centrifuger_unified,simulated,simulated,ont,sim_ont,1222016,1222016,Caldicellulosiruptor_changbaiensis,Caldicellulosiruptor changbaiensis,species,0.0,abund,0.0,2905633,1,1,species,0.0,1.0000002
Centrifuger,unified,Centrifuger_unified,simulated,simulated,ont,sim_ont,1223566,1223566,Bradyrhizobium_sp._CCGE-LA001,Bradyrhizobium_sp._CCGE-LA001,species,0.0,abund,0.0,7833499,1,1,species,0.0,1.0000002
Centrifuger,unified,Centrifuger_unified,simulated,simulated,ont,sim_ont,1226757,1226757,Streptomyces_rapamycinicus,Streptomyces rapamycinicus,species,0.0,abund,0.0,12584889,1,0,species,0.0,1.0000002
Centrifuger,unified,Centrifuger_unified,simulated,simulated,ont,sim_ont,1229621,1229621,Anaerostipes_rhamnosivorans,Anaerostipes rhamnosivorans,species,0.00017999999999999998,abund,1.8e-06,3588860,20,20,species,0.0001799999640000072,1.0000002
Centrifuger,unified,Centrifuger_unified,simulated,simulated,ont,sim_ont,1229909,1229909,Candidatus_Nitrosopumilus_sediminis,Candidatus Nitrosopumilus_sediminis,species,0.0,abund,0.0,1690905,2,2,species,0.0,1.0000002
Centrifuger,unified,Centrifuger_unified,simulated,simulated,ont,sim_ont,1234680,1234680,Streptococcus_rubneri,Streptococcus rubneri,species,0.0,abund,0.0,1970631,4,4,species,0.0,1.0000002
Centrifuger,unified,Centrifuger_unified,simulated,simulated,ont,sim_ont,1247712,1247712,Kwoniella_europaea,Kwoniella europaea,species,0.0,abund,0.0,20723996,1,1,species,0.0,1.0000002
Centrifuger,unified,Centrifuger_unified,simulated,simulated,ont,sim_ont,1261634,1261634,Roseburia_sp._499,Roseburia_sp._499,species,0.0,abund,0.0,3381825,34,34,species,0.0,1.0000002
Centrifuger,unified,Centrifuger_unified,simulated,simulated,ont,sim_ont,1261635,1261635,Roseburia_sp._831b,Roseburia_sp._831b,species,8.999999999999999e-05,abund,9e-07,3368602,80,56,species,8.99999820000036e-05,1.0000002
Centrifuger,unified,Centrifuger_unified,simulated,simulated,ont,sim_ont,1277350,1277350,Geobacter_sp._DSM_9736,Geobacter_sp._DSM_9736,species,0.0,abund,0.0,3957673,1,1,species,0.0,1.0000002
Centrifuger,unified,Centrifuger_unified,simulated,simulated,ont,sim_ont,1286698,1286698,Crassaminicella_profunda,Crassaminicella profunda,species,0.0,abund,0.0,4589101,4,4,species,0.0,1.0000002
Centrifuger,unified,Centrifuger_unified,simulated,simulated,ont,sim_ont,1287055,1287055,Brachyspira_hampsonii,Brachyspira hampsonii,species,0.0,abund,0.0,3189639,2,2,species,0.0,1.0000002
Centrifuger,unified,Centrifuger_unified,simulated,simulated,ont,sim_ont,1287640,1287640,Anaerococcus_obesiensis,Anaerococcus obesiensis,species,0.0,abund,0.0,1894618,3,3,species,0.0,1.0000002
Centrifuger,unified,Centrifuger_unified,simulated,simulated,ont,sim_ont,1288121,1288121,Alistipes_senegalensis,Alistipes senegalensis,species,7.999999999999999e-05,abund,8e-07,4023245,1,1,species,7.999998400000321e-05,1.0000002
Centrifuger,unified,Centrifuger_unified,simulated,simulated,ont,sim_ont,1297121,1297121,Cyclobacterium_xiamenense,Cyclobacterium xiamenense,species,0.0,abund,0.0,5806256,1,1,species,0.0,1.0000002
Centrifuger,unified,Centrifuger_unified,simulated,simulated,ont,sim_ont,1297617,1297617,Intestinimonas_butyriciproducens,Intestinimonas butyriciproducens,species,0.85705,abund,0.0085705,3376471,18580,17911,species,0.8570498285900343,1.0000002
Centrifuger,unified,Centrifuger_unified,simulated,simulated,ont,sim_ont,1316444,1316444,Blattabacterium_sp._(Nauphoeta_cinerea),Blattabacterium_sp._(Nauphoeta_cinerea),species,0.0,abund,0.0,626626,1,1,species,0.0,1.0000002
Centrifuger,unified,Centrifuger_unified,simulated,simulated,ont,sim_ont,1324352,1324352,Chryseobacterium_gallinarum,Chryseobacterium gallinarum,species,0.0,abund,0.0,4633632,1,1,species,0.0,1.0000002
Centrifuger,unified,Centrifuger_unified,simulated,simulated,ont,sim_ont,1324864,1324864,[Pantoea]_beijingensis,[Pantoea]_beijingensis,species,0.0,abund,0.0,4107390,1,1,species,0.0,1.0000002
Centrifuger,unified,Centrifuger_unified,simulated,simulated,ont,sim_ont,1325107,1325107,Bradyrhizobium_zhanjiangense,Bradyrhizobium zhanjiangense,species,0.0,abund,0.0,9342022,1,1,species,0.0,1.0000002
Centrifuger,unified,Centrifuger_unified,simulated,simulated,ont,sim_ont,1325120,1325120,Bradyrhizobium_sp._CCBAU_53421,Bradyrhizobium_sp._CCBAU_53421,species,0.0,abund,0.0,9259049,6,6,species,0.0,1.0000002
Centrifuger,unified,Centrifuger_unified,simulated,simulated,ont,sim_ont,1328300,1328300,Fusarium_keratoplasticum,Fusarium keratoplasticum,species,0.0,abund,0.0,45269664,1,1,species,0.0,1.0000002
Centrifuger,unified,Centrifuger_unified,simulated,simulated,ont,sim_ont,1333662,1333662,Polaribacter_atrinae,Polaribacter atrinae,species,0.0,abund,0.0,4010129,1,1,species,0.0,1.0000002
Centrifuger,unified,Centrifuger_unified,simulated,simulated,ont,sim_ont,1335613,1335613,Gordonibacter_urolithinfaciens,Gordonibacter urolithinfaciens,species,1.2116500000000001,abund,0.0121165,3294868,18698,5274,species,1.2116497576700487,1.0000002
Centrifuger,unified,Centrifuger_unified,simulated,simulated,ont,sim_ont,1348613,1348613,Vallitalea_pronyensis,Vallitalea pronyensis,species,0.0,abund,0.0,6325483,2,2,species,0.0,1.0000002
Centrifuger,unified,Centrifuger_unified,simulated,simulated,ont,sim_ont,1353138,1353138,Synechococcus_sp._CBW1006,Synechococcus_sp._CBW1006,species,0.0,abund,0.0,3860130,3,3,species,0.0,1.0000002
Centrifuger,unified,Centrifuger_unified,simulated,simulated,ont,sim_ont,1353886,1353886,Caballeronia_cordobensis,Caballeronia cordobensis,species,0.0,abund,0.0,8685756,2,2,species,0.0,1.0000002
Centrifuger,unified,Centrifuger_unified,simulated,simulated,ont,sim_ont,1380362,1380362,Ralstonia_sp._UNC404CL21Col,Ralstonia_sp._UNC404CL21Col,species,0.0,abund,0.0,5110718,1,1,species,0.0,1.0000002
Centrifuger,unified,Centrifuger_unified,simulated,simulated,ont,sim_ont,1381081,1381081,Vibrio_panuliri,Vibrio panuliri,species,0.0,abund,0.0,4855939,1,1,species,0.0,1.0000002
Centrifuger,unified,Centrifuger_unified,simulated,simulated,ont,sim_ont,1385715,1385715,Hymenobacter_qilianensis,Hymenobacter qilianensis,species,0.0,abund,0.0,5026296,2,2,species,0.0,1.0000002
Centrifuger,unified,Centrifuger_unified,simulated,simulated,ont,sim_ont,1391654,1391654,Labilithrix_luteola,Labilithrix luteola,species,0.0,abund,0.0,12191466,1,1,species,0.0,1.0000002
Centrifuger,unified,Centrifuger_unified,simulated,simulated,ont,sim_ont,1397108,1397108,Celeribacter_marinus,Celeribacter marinus,species,0.0,abund,0.0,3096705,2,1,species,0.0,1.0000002
Centrifuger,unified,Centrifuger_unified,simulated,simulated,ont,sim_ont,1402861,1402861,Priestia_filamentosa,Priestia filamentosa,species,0.0,abund,0.0,5190983,1,0,species,0.0,1.0000002
Centrifuger,unified,Centrifuger_unified,simulated,simulated,ont,sim_ont,1408204,1408204,Candidatus_Endomicrobiellum_trichonymphae,Candidatus Endomicrobiellum_trichonymphae,species,0.0,abund,0.0,1148570,1,0,species,0.0,1.0000002
Centrifuger,unified,Centrifuger_unified,simulated,simulated,ont,sim_ont,1424294,1424294,Geosporobacter_ferrireducens,Geosporobacter ferrireducens,species,0.0,abund,0.0,5817221,2,2,species,0.0,1.0000002
Centrifuger,unified,Centrifuger_unified,simulated,simulated,ont,sim_ont,1434102,1434102,Methanosarcina_sp._WH1,Methanosarcina_sp._WH1,species,0.0,abund,0.0,3914034,1,1,species,0.0,1.0000002
Centrifuger,unified,Centrifuger_unified,simulated,simulated,ont,sim_ont,1435069,1435069,Vibrio_tritonius,Vibrio tritonius,species,0.0,abund,0.0,5309703,1,1,species,0.0,1.0000002
Centrifuger,unified,Centrifuger_unified,simulated,simulated,ont,sim_ont,1441386,1441386,Athalassotoga_saccharophila,Athalassotoga saccharophila,species,0.0,abund,0.0,2044999,2,2,species,0.0,1.0000002
Centrifuger,unified,Centrifuger_unified,simulated,simulated,ont,sim_ont,1443036,1443036,Vespertiliibacter_pulmonis,Vespertiliibacter pulmonis,species,0.0,abund,0.0,1831739,1,1,species,0.0,1.0000002
Centrifuger,unified,Centrifuger_unified,simulated,simulated,ont,sim_ont,1450761,1450761,Aneurinibacillus_sp._XH2,Aneurinibacillus_sp._XH2,species,0.0,abund,0.0,3664835,3,3,species,0.0,1.0000002
Centrifuger,unified,Centrifuger_unified,simulated,simulated,ont,sim_ont,1454229,1454229,Bifidobacterium_faecale,Bifidobacterium faecale,species,0.00171,abund,1.71e-05,2213206,10,10,species,0.0017099996580000683,1.0000002
Centrifuger,unified,Centrifuger_unified,simulated,simulated,ont,sim_ont,1457141,1457141,Chlamydia_avium,Chlamydia avium,species,0.0,abund,0.0,1048257,1,1,species,0.0,1.0000002
Centrifuger,unified,Centrifuger_unified,simulated,simulated,ont,sim_ont,1460447,1460447,Terrisporobacter_petrolearius,Terrisporobacter petrolearius,species,0.0,abund,0.0,8245096,2,2,species,0.0,1.0000002
Centrifuger,unified,Centrifuger_unified,simulated,simulated,ont,sim_ont,1461582,1461582,Jeotgalicoccus_saudimassiliensis,Jeotgalicoccus saudimassiliensis,species,0.0,abund,0.0,2191063,2,2,species,0.0,1.0000002
Centrifuger,unified,Centrifuger_unified,simulated,simulated,ont,sim_ont,1462527,1462527,Oceanobacillus_jeddahense,Oceanobacillus jeddahense,species,0.0,abund,0.0,5167912,1,1,species,0.0,1.0000002
Centrifuger,unified,Centrifuger_unified,simulated,simulated,ont,sim_ont,1462996,1462996,Paenibacillus_yonginensis,Paenibacillus yonginensis,species,0.0,abund,0.0,4985901,1,1,species,0.0,1.0000002
Centrifuger,unified,Centrifuger_unified,simulated,simulated,ont,sim_ont,1463165,1463165,Klebsiella_quasipneumoniae,Klebsiella quasipneumoniae,species,0.0,abund,0.0,30892639,4,4,species,0.0,1.0000002
Centrifuger,unified,Centrifuger_unified,simulated,simulated,ont,sim_ont,1468449,1468449,Holdemania_massiliensis,Holdemania massiliensis,species,0.0,abund,0.0,4017176,6,6,species,0.0,1.0000002
Centrifuger,unified,Centrifuger_unified,simulated,simulated,ont,sim_ont,1470200,1470200,Neisseria_arctica,Neisseria arctica,species,0.0,abund,0.0,2378219,1,1,species,0.0,1.0000002
Centrifuger,unified,Centrifuger_unified,simulated,simulated,ont,sim_ont,1471761,1471761,Novibacillus_thermophilus,Novibacillus thermophilus,species,0.0,abund,0.0,3629225,1,1,species,0.0,1.0000002
Centrifuger,unified,Centrifuger_unified,simulated,simulated,ont,sim_ont,1472416,1472416,Butyricimonas_faecihominis,Butyricimonas faecihominis,species,7e-05,abund,7e-07,4851806,12,12,species,6.99999860000028e-05,1.0000002
Centrifuger,unified,Centrifuger_unified,simulated,simulated,ont,sim_ont,1472417,1472417,Butyricimonas_paravirosa,Butyricimonas paravirosa,species,0.00034,abund,3.4e-06,5607917,15,15,species,0.00033999993200001363,1.0000002
Centrifuger,unified,Centrifuger_unified,simulated,simulated,ont,sim_ont,1473112,1473112,Paenibacillus_guangzhouensis,Paenibacillus guangzhouensis,species,0.0,abund,0.0,6948340,1,1,species,0.0,1.0000002
Centrifuger,unified,Centrifuger_unified,simulated,simulated,ont,sim_ont,1501268,1501268,Prochlorococcus_sp._MIT_0604,Prochlorococcus_sp._MIT_0604,species,0.0,abund,0.0,1780061,1,1,species,0.0,1.0000002
Centrifuger,unified,Centrifuger_unified,simulated,simulated,ont,sim_ont,1501392,1501392,Coprobacter_secundus,Coprobacter secundus,species,0.00015000000000000001,abund,1.5e-06,4171466,4,4,species,0.00014999997000000602,1.0000002
Centrifuger,unified,Centrifuger_unified,simulated,simulated,ont,sim_ont,1501662,1501662,Streptococcus_parasuis,Streptococcus parasuis,species,0.0,abund,0.0,4087067,5,5,species,0.0,1.0000002
Centrifuger,unified,Centrifuger_unified,simulated,simulated,ont,sim_ont,1510150,1510150,Permianibacter_aggregans,Permianibacter aggregans,species,0.0,abund,0.0,4266648,1,1,species,0.0,1.0000002
Centrifuger,unified,Centrifuger_unified,simulated,simulated,ont,sim_ont,1513468,1513468,Rouxiella_chamberiensis,Rouxiella chamberiensis,species,0.0,abund,0.0,4639296,1,1,species,0.0,1.0000002
Centrifuger,unified,Centrifuger_unified,simulated,simulated,ont,sim_ont,1529069,1529069,Polaribacter_sp._BM10,Polaribacter_sp._BM10,species,0.0,abund,0.0,3254403,2,2,species,0.0,1.0000002
Centrifuger,unified,Centrifuger_unified,simulated,simulated,ont,sim_ont,1543721,1543721,Sedimenticola_thiotaurini,Sedimenticola thiotaurini,species,0.0,abund,0.0,3962284,1,1,species,0.0,1.0000002
Centrifuger,unified,Centrifuger_unified,simulated,simulated,ont,sim_ont,1544730,1544730,Kribbella_qitaiheensis,Kribbella qitaiheensis,species,0.0,abund,0.0,8156807,9,9,species,0.0,1.0000002
Centrifuger,unified,Centrifuger_unified,simulated,simulated,ont,sim_ont,1550024,1550024,Ruthenibacterium_lactatiformans,Ruthenibacterium lactatiformans,species,0.8090999999999999,abund,0.008091,4419852,25507,25440,species,0.8090998381800324,1.0000002
Centrifuger,unified,Centrifuger_unified,simulated,simulated,ont,sim_ont,1573718,1573718,Pseudomonas_sp._S34,Pseudomonas_sp._S34,species,0.0,abund,0.0,6269896,1,1,species,0.0,1.0000002
Centrifuger,unified,Centrifuger_unified,simulated,simulated,ont,sim_ont,1573823,1573823,uncultured_Draconibacterium_sp.,uncultured Draconibacterium_sp.,species,0.0,abund,0.0,6124257,2,2,species,0.0,1.0000002
Centrifuger,unified,Centrifuger_unified,simulated,simulated,ont,sim_ont,1577685,1577685,Acidilobus_sp._7A,Acidilobus_sp._7A,species,0.0,abund,0.0,1539049,2,2,species,0.0,1.0000002
Centrifuger,unified,Centrifuger_unified,simulated,simulated,ont,sim_ont,1632018,1632018,Hydrogenobacter_sp._T-2,Hydrogenobacter_sp._T-2,species,0.0,abund,0.0,1692950,1,1,species,0.0,1.0000002
Centrifuger,unified,Centrifuger_unified,simulated,simulated,ont,sim_ont,1637975,1637975,Cytobacillus_solani,Cytobacillus solani,species,0.0,abund,0.0,5453361,3,3,species,0.0,1.0000002
Centrifuger,unified,Centrifuger_unified,simulated,simulated,ont,sim_ont,1643336,1643336,Mesobacillus_maritimus,Mesobacillus maritimus,species,0.0,abund,0.0,5701365,7,7,species,0.0,1.0000002
Centrifuger,unified,Centrifuger_unified,simulated,simulated,ont,sim_ont,1648923,1648923,Bacillus_paralicheniformis,Bacillus paralicheniformis,species,0.0,abund,0.0,8938496,1,1,species,0.0,1.0000002
Centrifuger,unified,Centrifuger_unified,simulated,simulated,ont,sim_ont,1653434,1653434,Sellimonas_intestinalis,Sellimonas intestinalis,species,9.999999999999999e-05,abund,1e-06,3228050,250,240,species,9.999998000000399e-05,1.0000002
Centrifuger,unified,Centrifuger_unified,simulated,simulated,ont,sim_ont,1653831,1653831,Blattabacterium_cuenoti,Blattabacterium cuenoti,species,0.0,abund,0.0,4084979,3,3,species,0.0,1.0000002
Centrifuger,unified,Centrifuger_unified,simulated,simulated,ont,sim_ont,1660083,1660083,Leptospirillum_sp._Group_II_'CF-1',Leptospirillum_sp._Group II_'CF-1',species,0.0,abund,0.0,2709324,1,1,species,0.0,1.0000002
Centrifuger,unified,Centrifuger_unified,simulated,simulated,ont,sim_ont,1667239,1667239,Alkalicoccus_halolimnae,Alkalicoccus halolimnae,species,0.0,abund,0.0,3694897,3,3,species,0.0,1.0000002
Centrifuger,unified,Centrifuger_unified,simulated,simulated,ont,sim_ont,1675036,1675036,Megasphaera_hexanoica,Megasphaera hexanoica,species,0.0,abund,0.0,2882543,12,11,species,0.0,1.0000002
Centrifuger,unified,Centrifuger_unified,simulated,simulated,ont,sim_ont,1679721,1679721,Herbinix_luporum,Herbinix luporum,species,0.0,abund,0.0,2609352,13,13,species,0.0,1.0000002
Centrifuger,unified,Centrifuger_unified,simulated,simulated,ont,sim_ont,1685970,1685970,Bradyrhizobium_sp._ORS_86,Bradyrhizobium_sp._ORS_86,species,0.0,abund,0.0,7816174,1,1,species,0.0,1.0000002
Centrifuger,unified,Centrifuger_unified,simulated,simulated,ont,sim_ont,1695218,1695218,Paenibacillus_sp._32O-W,Paenibacillus_sp._32O-W,species,0.0,abund,0.0,5375858,3,3,species,0.0,1.0000002
Centrifuger,unified,Centrifuger_unified,simulated,simulated,ont,sim_ont,1702221,1702221,Faecalibaculum_rodentium,Faecalibaculum rodentium,species,0.0,abund,0.0,2542486,4,4,species,0.0,1.0000002
Centrifuger,unified,Centrifuger_unified,simulated,simulated,ont,sim_ont,1705566,1705566,Bacillus_sp._FJAT-18017,Bacillus_sp._FJAT-18017,species,0.0,abund,0.0,5265381,2,2,species,0.0,1.0000002
Centrifuger,unified,Centrifuger_unified,simulated,simulated,ont,sim_ont,1712675,1712675,Turicibacter_sp._H121,Turicibacter_sp._H121,species,0.00011999999999999999,abund,1.2e-06,2622031,24,24,species,0.00011999997600000479,1.0000002
Centrifuger,unified,Centrifuger_unified,simulated,simulated,ont,sim_ont,1717717,1717717,Labilibaculum_antarcticum,Labilibaculum antarcticum,species,0.0,abund,0.0,5718991,1,1,species,0.0,1.0000002
Centrifuger,unified,Centrifuger_unified,simulated,simulated,ont,sim_ont,1720343,1720343,Pseudoalteromonas_sp._1_2015MBL_MicDiv,Pseudoalteromonas_sp._1_2015MBL_MicDiv,species,0.0,abund,0.0,4859883,1,1,species,0.0,1.0000002
Centrifuger,unified,Centrifuger_unified,simulated,simulated,ont,sim_ont,1725411,1725411,Streptomyces_sp._CdTB01,Streptomyces_sp._CdTB01,species,0.0,abund,0.0,10191567,2,2,species,0.0,1.0000002
Centrifuger,unified,Centrifuger_unified,simulated,simulated,ont,sim_ont,1727145,1727145,Anaerocolumna_chitinilytica,Anaerocolumna chitinilytica,species,0.0,abund,0.0,5621910,34,34,species,0.0,1.0000002
Centrifuger,unified,Centrifuger_unified,simulated,simulated,ont,sim_ont,1737424,1737424,Blautia_massiliensis_(ex_Durand_et_al._2017),Blautia massiliensis_(ex_Durand et_al._2017),species,0.049260000000000005,abund,0.0004926,3732792,866,866,species,0.049259990148001975,1.0000002
Centrifuger,unified,Centrifuger_unified,simulated,simulated,ont,sim_ont,1737571,1737571,Niallia_oryzisoli,Niallia oryzisoli,species,0.0,abund,0.0,6231504,8,8,species,0.0,1.0000002
Centrifuger,unified,Centrifuger_unified,simulated,simulated,ont,sim_ont,1738647,1738647,uncultured_Caproiciproducens_sp.,uncultured Caproiciproducens_sp.,species,0.0,abund,0.0,3125711,1,1,species,0.0,1.0000002
Centrifuger,unified,Centrifuger_unified,simulated,simulated,ont,sim_ont,1748242,1748242,Spongiibacter_taiwanensis,Spongiibacter taiwanensis,species,0.0,abund,0.0,3714182,1,1,species,0.0,1.0000002
Centrifuger,unified,Centrifuger_unified,simulated,simulated,ont,sim_ont,1750719,1750719,Kurthia_sp._11kri321,Kurthia_sp._11kri321,species,0.0,abund,0.0,2964527,2,2,species,0.0,1.0000002
Centrifuger,unified,Centrifuger_unified,simulated,simulated,ont,sim_ont,1752063,1752063,Fischerella_sp._NIES-3754,Fischerella_sp._NIES-3754,species,0.0,abund,0.0,5826863,1,1,species,0.0,1.0000002
Centrifuger,unified,Centrifuger_unified,simulated,simulated,ont,sim_ont,1756149,1756149,Elizabethkingia_bruuniana,Elizabethkingia bruuniana,species,0.0,abund,0.0,4632013,3,0,species,0.0,1.0000002
Centrifuger,unified,Centrifuger_unified,simulated,simulated,ont,sim_ont,1763363,1763363,cyanobacterium_endosymbiont_of_Rhopalodia_gibberula,cyanobacterium endosymbiont_of Rhopalodia_gibberula,species,0.0,abund,0.0,3020309,3,3,species,0.0,1.0000002
Centrifuger,unified,Centrifuger_unified,simulated,simulated,ont,sim_ont,1776384,1776384,Emergencia_timonensis,Emergencia timonensis,species,0.0,abund,0.0,8728673,6,6,species,0.0,1.0000002
Centrifuger,unified,Centrifuger_unified,simulated,simulated,ont,sim_ont,1776392,1776392,Massilimicrobiota_timonensis,Massilimicrobiota timonensis,species,0.0,abund,0.0,2661126,3,3,species,0.0,1.0000002
Centrifuger,unified,Centrifuger_unified,simulated,simulated,ont,sim_ont,1780507,1780507,Myotis_gammaherpesvirus_8,Myotis gammaherpesvirus_8,species,0.0,abund,0.0,129563,1,1,species,0.0,1.0000002
Centrifuger,unified,Centrifuger_unified,simulated,simulated,ont,sim_ont,1788301,1788301,Pseudomonas_versuta,Pseudomonas versuta,species,0.0,abund,0.0,5149788,5,5,species,0.0,1.0000002
Centrifuger,unified,Centrifuger_unified,simulated,simulated,ont,sim_ont,1789672,1789672,Skermanella_mucosa,Skermanella mucosa,species,0.0,abund,0.0,7840710,1,1,species,0.0,1.0000002
Centrifuger,unified,Centrifuger_unified,simulated,simulated,ont,sim_ont,1796613,1796613,Bacteroides_caecimuris,Bacteroides caecimuris,species,1.4060899999999998,abund,0.0140609,4839927,27454,5703,species,1.4060897187820562,1.0000002
Centrifuger,unified,Centrifuger_unified,simulated,simulated,ont,sim_ont,1796616,1796616,Blautia_pseudococcoides,Blautia pseudococcoides,species,0.0,abund,0.0,5498201,84,47,species,0.0,1.0000002
Centrifuger,unified,Centrifuger_unified,simulated,simulated,ont,sim_ont,1796620,1796620,Acutalibacter_muris,Acutalibacter muris,species,0.0,abund,0.0,3802813,4,0,species,0.0,1.0000002
Centrifuger,unified,Centrifuger_unified,simulated,simulated,ont,sim_ont,1796635,1796635,Longicatena_caecimuris,Longicatena caecimuris,species,0.00039999999999999996,abund,4e-06,3103757,45,45,species,0.00039999992000001595,1.0000002
Centrifuger,unified,Centrifuger_unified,simulated,simulated,ont,sim_ont,1796652,1796652,Turicimonas_muris,Turicimonas muris,species,0.74219,abund,0.0074219,2887709,16636,16507,species,0.7421898515620299,1.0000002
Centrifuger,unified,Centrifuger_unified,simulated,simulated,ont,sim_ont,1798205,1798205,Cohaesibacter_sp._ES.047,Cohaesibacter_sp._ES.047,species,0.0,abund,0.0,5110232,2,2,species,0.0,1.0000002
Centrifuger,unified,Centrifuger_unified,simulated,simulated,ont,sim_ont,1805714,1805714,Christensenella_massiliensis,Christensenella massiliensis,species,0.0,abund,0.0,2589935,4,4,species,0.0,1.0000002
Centrifuger,unified,Centrifuger_unified,simulated,simulated,ont,sim_ont,1811807,1811807,Sulfuriflexus_mobilis,Sulfuriflexus mobilis,species,0.0,abund,0.0,3111340,1,1,species,0.0,1.0000002
Centrifuger,unified,Centrifuger_unified,simulated,simulated,ont,sim_ont,1813871,1813871,Panacibacter_ginsenosidivorans,Panacibacter ginsenosidivorans,species,0.0,abund,0.0,5528026,1,1,species,0.0,1.0000002
Centrifuger,unified,Centrifuger_unified,simulated,simulated,ont,sim_ont,1813879,1813879,Sphingomonas_panacisoli,Sphingomonas panacisoli,species,0.0,abund,0.0,3403025,1,1,species,0.0,1.0000002
Centrifuger,unified,Centrifuger_unified,simulated,simulated,ont,sim_ont,1814128,1814128,Streptococcus_halotolerans,Streptococcus halotolerans,species,0.0,abund,0.0,2182100,7,7,species,0.0,1.0000002
Centrifuger,unified,Centrifuger_unified,simulated,simulated,ont,sim_ont,1827580,1827580,Streptomyces_nigra,Streptomyces nigra,species,0.0,abund,0.0,7750322,1,1,species,0.0,1.0000002
Centrifuger,unified,Centrifuger_unified,simulated,simulated,ont,sim_ont,1834192,1834192,Candidatus_Enterococcus_dunnyi,Candidatus Enterococcus_dunnyi,species,0.0,abund,0.0,3499413,1,1,species,0.0,1.0000002
Centrifuger,unified,Centrifuger_unified,simulated,simulated,ont,sim_ont,1839798,1839798,Bacillus_sp._FDAARGOS_235,Bacillus_sp._FDAARGOS_235,species,0.0,abund,0.0,5608392,2,2,species,0.0,1.0000002
Centrifuger,unified,Centrifuger_unified,simulated,simulated,ont,sim_ont,1839799,1839799,Streptococcus_sp._FDAARGOS_192,Streptococcus_sp._FDAARGOS_192,species,0.0,abund,0.0,2435494,1,1,species,0.0,1.0000002
Centrifuger,unified,Centrifuger_unified,simulated,simulated,ont,sim_ont,1847728,1847728,Companilactobacillus_allii,Companilactobacillus allii,species,0.0,abund,0.0,2556534,1,0,species,0.0,1.0000002
Centrifuger,unified,Centrifuger_unified,simulated,simulated,ont,sim_ont,1852373,1852373,Murdochiella_vaginalis,Murdochiella vaginalis,species,0.0,abund,0.0,1671491,1,1,species,0.0,1.0000002
Centrifuger,unified,Centrifuger_unified,simulated,simulated,ont,sim_ont,1853276,1853276,Neisseria_weixii,Neisseria weixii,species,0.0,abund,0.0,2511904,8,8,species,0.0,1.0000002
Centrifuger,unified,Centrifuger_unified,simulated,simulated,ont,sim_ont,1854492,1854492,Sulfurospirillum_diekertiae,Sulfurospirillum diekertiae,species,0.0,abund,0.0,2876576,1,0,species,0.0,1.0000002
Centrifuger,unified,Centrifuger_unified,simulated,simulated,ont,sim_ont,1855823,1855823,Macrococcoides_canis,Macrococcoides canis,species,0.0,abund,0.0,6927892,1,0,species,0.0,1.0000002
Centrifuger,unified,Centrifuger_unified,simulated,simulated,ont,sim_ont,1867719,1867719,Phyllobacterium_zundukense,Phyllobacterium zundukense,species,0.0,abund,0.0,6413776,1,1,species,0.0,1.0000002
Centrifuger,unified,Centrifuger_unified,simulated,simulated,ont,sim_ont,1870819,1870819,Paenibacillus_sp._BIHB_4019,Paenibacillus_sp._BIHB_4019,species,0.0,abund,0.0,7246671,1,1,species,0.0,1.0000002
Centrifuger,unified,Centrifuger_unified,simulated,simulated,ont,sim_ont,1871047,1871047,Chryseobacterium_sp.,Chryseobacterium_sp.,species,0.0,abund,0.0,2757396,1,1,species,0.0,1.0000002
Centrifuger,unified,Centrifuger_unified,simulated,simulated,ont,sim_ont,1873425,1873425,Paenibacillus_tritici,Paenibacillus tritici,species,0.0,abund,0.0,7708938,1,1,species,0.0,1.0000002
Centrifuger,unified,Centrifuger_unified,simulated,simulated,ont,sim_ont,1873716,1873716,Hyphomonas_sp._CACIAM_19H1,Hyphomonas_sp._CACIAM_19H1,species,0.0,abund,0.0,4076735,2,2,species,0.0,1.0000002
Centrifuger,unified,Centrifuger_unified,simulated,simulated,ont,sim_ont,1881016,1881016,Achromobacter_sp._MFA1_R4,Achromobacter_sp._MFA1_R4,species,0.0,abund,0.0,6227225,1,1,species,0.0,1.0000002
Centrifuger,unified,Centrifuger_unified,simulated,simulated,ont,sim_ont,1897060,1897060,Cryobacterium_sp._SO2,Cryobacterium_sp._SO2,species,0.0,abund,0.0,4097436,1,1,species,0.0,1.0000002
Centrifuger,unified,Centrifuger_unified,simulated,simulated,ont,sim_ont,1903704,1903704,Tumebacillus_avium,Tumebacillus avium,species,0.0,abund,0.0,5249768,1,1,species,0.0,1.0000002
Centrifuger,unified,Centrifuger_unified,simulated,simulated,ont,sim_ont,1911587,1911587,Virgibacillus_sp._6R,Virgibacillus_sp._6R,species,0.0,abund,0.0,4749385,2,2,species,0.0,1.0000002
Centrifuger,unified,Centrifuger_unified,simulated,simulated,ont,sim_ont,1912855,1912855,Faecalimonas_umbilicata,Faecalimonas umbilicata,species,0.0,abund,0.0,2919754,137,137,species,0.0,1.0000002
Centrifuger,unified,Centrifuger_unified,simulated,simulated,ont,sim_ont,1912897,1912897,Blautia_argi,Blautia argi,species,0.0,abund,0.0,3297975,63,63,species,0.0,1.0000002
Centrifuger,unified,Centrifuger_unified,simulated,simulated,ont,sim_ont,1914243,1914243,Citrobacter_europaeus,Citrobacter europaeus,species,0.0,abund,0.0,5194170,1,1,species,0.0,1.0000002
Centrifuger,unified,Centrifuger_unified,simulated,simulated,ont,sim_ont,1917485,1917485,Sulfitobacter_alexandrii,Sulfitobacter alexandrii,species,0.0,abund,0.0,4691010,7,7,species,0.0,1.0000002
Centrifuger,unified,Centrifuger_unified,simulated,simulated,ont,sim_ont,1920422,1920422,Paenibacillus_sp._FSL_H8-0548,Paenibacillus_sp._FSL_H8-0548,species,0.0,abund,0.0,7351569,3,3,species,0.0,1.0000002
Centrifuger,unified,Centrifuger_unified,simulated,simulated,ont,sim_ont,1922217,1922217,Candidatus_Erwinia_haradaeae,Candidatus Erwinia_haradaeae,species,0.0,abund,0.0,2244565,2,2,species,0.0,1.0000002
Centrifuger,unified,Centrifuger_unified,simulated,simulated,ont,sim_ont,1922222,1922222,Sphingorhabdus_sp._Alg231-15,Sphingorhabdus_sp._Alg231-15,species,0.0,abund,0.0,3622901,1,1,species,0.0,1.0000002
Centrifuger,unified,Centrifuger_unified,simulated,simulated,ont,sim_ont,1926868,1926868,Paenacidovorax_monticola,Paenacidovorax monticola,species,0.0,abund,0.0,4679990,1,1,species,0.0,1.0000002
Centrifuger,unified,Centrifuger_unified,simulated,simulated,ont,sim_ont,1938604,1938604,Aquaspirillum_sp._LM1,Aquaspirillum_sp._LM1,species,0.0,abund,0.0,3962240,1,1,species,0.0,1.0000002
Centrifuger,unified,Centrifuger_unified,simulated,simulated,ont,sim_ont,1940690,1940690,Pseudidiomarina_andamanensis,Pseudidiomarina andamanensis,species,0.0,abund,0.0,2414243,2,2,species,0.0,1.0000002
Centrifuger,unified,Centrifuger_unified,simulated,simulated,ont,sim_ont,1944646,1944646,Phoenicibacter_congonensis,Phoenicibacter congonensis,species,0.0,abund,0.0,1447956,8,0,species,0.0,1.0000002
Centrifuger,unified,Centrifuger_unified,simulated,simulated,ont,sim_ont,1965571,1965571,Erysipelatoclostridium_sp._An173,Erysipelatoclostridium_sp._An173,species,0.0,abund,0.0,2863686,18,18,species,0.0,1.0000002
Centrifuger,unified,Centrifuger_unified,simulated,simulated,ont,sim_ont,1969821,1969821,Ciceribacter_thiooxidans,Ciceribacter thiooxidans,species,0.0,abund,0.0,5043386,1,1,species,0.0,1.0000002
Centrifuger,unified,Centrifuger_unified,simulated,simulated,ont,sim_ont,1974213,1974213,Prosthecochloris_sp._HL-130-GSB,Prosthecochloris_sp._HL-130-GSB,species,0.0,abund,0.0,2414726,4,4,species,0.0,1.0000002
Centrifuger,unified,Centrifuger_unified,simulated,simulated,ont,sim_ont,1978566,1978566,Cryobacterium_sp._LW097,Cryobacterium_sp._LW097,species,0.0,abund,0.0,3790170,1,1,species,0.0,1.0000002
Centrifuger,unified,Centrifuger_unified,simulated,simulated,ont,sim_ont,1981510,1981510,Monoglobus_pectinilyticus,Monoglobus pectinilyticus,species,0.0,abund,0.0,2810259,3,3,species,0.0,1.0000002
Centrifuger,unified,Centrifuger_unified,simulated,simulated,ont,sim_ont,1982626,1982626,Faecalibacillus_intestinalis,Faecalibacillus intestinalis,species,0.76803,abund,0.0076803,2890523,16475,14841,species,0.7680298463940307,1.0000002
Centrifuger,unified,Centrifuger_unified,simulated,simulated,ont,sim_ont,2025659,2025659,Bacteroides_sp._KFT8,Bacteroides_sp._KFT8,species,0.00017999999999999998,abund,1.8e-06,6031385,9,9,species,0.0001799999640000072,1.0000002
Centrifuger,unified,Centrifuger_unified,simulated,simulated,ont,sim_ont,2025876,2025876,Parabacteroides_sp._CT06,Parabacteroides_sp._CT06,species,0.40543999999999997,abund,0.0040544,5372666,9673,9667,species,0.4054399189120162,1.0000002
Centrifuger,unified,Centrifuger_unified,simulated,simulated,ont,sim_ont,2027860,2027860,Mucilaginibacter_rubeus,Mucilaginibacter rubeus,species,0.0,abund,0.0,30883671,1,1,species,0.0,1.0000002
Centrifuger,unified,Centrifuger_unified,simulated,simulated,ont,sim_ont,2027911,2027911,Cupriavidus_sp._P-10,Cupriavidus_sp._P-10,species,0.0,abund,0.0,9083096,1,1,species,0.0,1.0000002
Centrifuger,unified,Centrifuger_unified,simulated,simulated,ont,sim_ont,2039166,2039166,Chryseobacterium_sp._6424,Chryseobacterium_sp._6424,species,0.0,abund,0.0,2586303,2,2,species,0.0,1.0000002
Centrifuger,unified,Centrifuger_unified,simulated,simulated,ont,sim_ont,2041044,2041044,Eubacterium_maltosivorans,Eubacterium maltosivorans,species,0.0,abund,0.0,4337501,2,2,species,0.0,1.0000002
Centrifuger,unified,Centrifuger_unified,simulated,simulated,ont,sim_ont,2042057,2042057,Pectobacterium_polaris,Pectobacterium polaris,species,0.0,abund,0.0,9835240,4,4,species,0.0,1.0000002
Centrifuger,unified,Centrifuger_unified,simulated,simulated,ont,sim_ont,2057791,2057791,Enterococcus_sp._CR-Ec1,Enterococcus_sp._CR-Ec1,species,0.0,abund,0.0,3889849,1,1,species,0.0,1.0000002
Centrifuger,unified,Centrifuger_unified,simulated,simulated,ont,sim_ont,2058137,2058137,Polaribacter_sp._ALD11,Polaribacter_sp._ALD11,species,0.0,abund,0.0,3567309,2,2,species,0.0,1.0000002
Centrifuger,unified,Centrifuger_unified,simulated,simulated,ont,sim_ont,2058624,2058624,Undibacterium_sp._KW1,Undibacterium_sp._KW1,species,0.0,abund,0.0,6692966,1,1,species,0.0,1.0000002
Centrifuger,unified,Centrifuger_unified,simulated,simulated,ont,sim_ont,2068655,2068655,Novisyntrophococcus_fermenticellae,Novisyntrophococcus fermenticellae,species,0.0,abund,0.0,3420321,34,34,species,0.0,1.0000002
Centrifuger,unified,Centrifuger_unified,simulated,simulated,ont,sim_ont,2070369,2070369,Sulfitobacter_sp._JL08,Sulfitobacter_sp._JL08,species,0.0,abund,0.0,4323690,1,1,species,0.0,1.0000002
Centrifuger,unified,Centrifuger_unified,simulated,simulated,ont,sim_ont,2072590,2072590,Pseudoduganella_armeniaca,Pseudoduganella armeniaca,species,0.0,abund,0.0,6337491,1,1,species,0.0,1.0000002
Centrifuger,unified,Centrifuger_unified,simulated,simulated,ont,sim_ont,2072642,2072642,Paenibacillus_sp._PK3_47,Paenibacillus_sp._PK3_47,species,0.0,abund,0.0,6806831,1,1,species,0.0,1.0000002
Centrifuger,unified,Centrifuger_unified,simulated,simulated,ont,sim_ont,2086471,2086471,Adhaeribacter_swui,Adhaeribacter swui,species,0.0,abund,0.0,6225914,1,1,species,0.0,1.0000002
Centrifuger,unified,Centrifuger_unified,simulated,simulated,ont,sim_ont,2086577,2086577,Lysinibacillus_timonensis,Lysinibacillus timonensis,species,0.0,abund,0.0,4219301,1,1,species,0.0,1.0000002
Centrifuger,unified,Centrifuger_unified,simulated,simulated,ont,sim_ont,2086584,2086584,Massilistercora_timonensis,Massilistercora timonensis,species,0.00011,abund,1.1e-06,2769591,69,69,species,0.00010999997800000442,1.0000002
Centrifuger,unified,Centrifuger_unified,simulated,simulated,ont,sim_ont,2093856,2093856,Butyricimonas_faecalis,Butyricimonas faecalis,species,5.9999999999999995e-05,abund,6e-07,4976422,11,11,species,5.9999988000002394e-05,1.0000002
Centrifuger,unified,Centrifuger_unified,simulated,simulated,ont,sim_ont,2093857,2093857,Dysosmobacter_welbionis,Dysosmobacter welbionis,species,0.10336,abund,0.0010336,3576111,5802,5787,species,0.10335997932800413,1.0000002
Centrifuger,unified,Centrifuger_unified,simulated,simulated,ont,sim_ont,2094020,2094020,Trichococcus_shcherbakoviae,Trichococcus shcherbakoviae,species,0.0,abund,0.0,3127540,1,1,species,0.0,1.0000002
Centrifuger,unified,Centrifuger_unified,simulated,simulated,ont,sim_ont,2099387,2099387,Tolypothrix_sp._PCC_7910,Tolypothrix_sp._PCC_7910,species,0.0,abund,0.0,8761534,1,1,species,0.0,1.0000002
Centrifuger,unified,Centrifuger_unified,simulated,simulated,ont,sim_ont,2108523,2108523,Lawsonibacter_asaccharolyticus,Lawsonibacter asaccharolyticus,species,0.7912,abund,0.007912,3126090,17917,17917,species,0.7911998417600318,1.0000002
Centrifuger,unified,Centrifuger_unified,simulated,simulated,ont,sim_ont,2109687,2109687,Oscillibacter_sp._PEA192,Oscillibacter_sp._PEA192,species,0.14154,abund,0.0014154,3320462,7146,7144,species,0.14153997169200566,1.0000002
Centrifuger,unified,Centrifuger_unified,simulated,simulated,ont,sim_ont,2126352,2126352,Brevibacillus_fortis,Brevibacillus fortis,species,0.0,abund,0.0,6558902,1,1,species,0.0,1.0000002
Centrifuger,unified,Centrifuger_unified,simulated,simulated,ont,sim_ont,2133944,2133944,Pseudoprevotella_muciniphila,Pseudoprevotella muciniphila,species,0.0,abund,0.0,2920169,1,1,species,0.0,1.0000002
Centrifuger,unified,Centrifuger_unified,simulated,simulated,ont,sim_ont,2144175,2144175,Megasphaera_stantonii,Megasphaera stantonii,species,0.0,abund,0.0,2753874,2,2,species,0.0,1.0000002
Centrifuger,unified,Centrifuger_unified,simulated,simulated,ont,sim_ont,2161821,2161821,Dialister_massiliensis,Dialister massiliensis,species,0.0,abund,0.0,2320244,1,1,species,0.0,1.0000002
Centrifuger,unified,Centrifuger_unified,simulated,simulated,ont,sim_ont,2161872,2161872,Colwellia_sp._Arc7-D,Colwellia_sp._Arc7-D,species,0.0,abund,0.0,4305442,1,1,species,0.0,1.0000002
Centrifuger,unified,Centrifuger_unified,simulated,simulated,ont,sim_ont,2162637,2162637,Bacteroides_sp._PHL_2737,Bacteroides_sp._PHL_2737,species,0.0,abund,0.0,5539106,4,4,species,0.0,1.0000002
Centrifuger,unified,Centrifuger_unified,simulated,simulated,ont,sim_ont,2173034,2173034,Petrocella_atlantisensis,Petrocella atlantisensis,species,0.0,abund,0.0,3518882,6,6,species,0.0,1.0000002
Centrifuger,unified,Centrifuger_unified,simulated,simulated,ont,sim_ont,2173169,2173169,Dokdonia_sp._Dokd-P16,Dokdonia_sp._Dokd-P16,species,0.0,abund,0.0,3623447,1,1,species,0.0,1.0000002
Centrifuger,unified,Centrifuger_unified,simulated,simulated,ont,sim_ont,2183896,2183896,Flavobacterium_crocinum,Flavobacterium crocinum,species,0.0,abund,0.0,5877431,1,1,species,0.0,1.0000002
Centrifuger,unified,Centrifuger_unified,simulated,simulated,ont,sim_ont,2184575,2184575,Acetobacterium_sp._KB-1,Acetobacterium_sp._KB-1,species,0.0,abund,0.0,3973659,2,2,species,0.0,1.0000002
Centrifuger,unified,Centrifuger_unified,simulated,simulated,ont,sim_ont,2185142,2185142,Altererythrobacter_sp._ZODW24,Altererythrobacter_sp._ZODW24,species,0.0,abund,0.0,2813280,1,1,species,0.0,1.0000002
Centrifuger,unified,Centrifuger_unified,simulated,simulated,ont,sim_ont,2201181,2201181,Flavobacterium_sediminis,Flavobacterium sediminis,species,0.0,abund,0.0,3441304,1,1,species,0.0,1.0000002
Centrifuger,unified,Centrifuger_unified,simulated,simulated,ont,sim_ont,2211210,2211210,Arthrobacter_dokdonellae,Arthrobacter dokdonellae,species,0.0,abund,0.0,4530754,1,1,species,0.0,1.0000002
Centrifuger,unified,Centrifuger_unified,simulated,simulated,ont,sim_ont,2213200,2213200,Nocardia_mangyaensis,Nocardia mangyaensis,species,0.0,abund,0.0,7310115,2,2,species,0.0,1.0000002
Centrifuger,unified,Centrifuger_unified,simulated,simulated,ont,sim_ont,2213226,2213226,Entomomonas_moraniae,Entomomonas moraniae,species,0.0,abund,0.0,3337477,2,2,species,0.0,1.0000002
Centrifuger,unified,Centrifuger_unified,simulated,simulated,ont,sim_ont,2230867,2230867,Enterococcus_sp._DIV0212c,Enterococcus_sp._DIV0212c,species,0.0,abund,0.0,3568944,2,2,species,0.0,1.0000002
Centrifuger,unified,Centrifuger_unified,simulated,simulated,ont,sim_ont,2230879,2230879,Enterococcus_sp._DIV0849a,Enterococcus_sp._DIV0849a,species,0.0,abund,0.0,3667791,2,2,species,0.0,1.0000002
Centrifuger,unified,Centrifuger_unified,simulated,simulated,ont,sim_ont,2233542,2233542,Planococcus_halotolerans,Planococcus halotolerans,species,0.0,abund,0.0,3519247,2,2,species,0.0,1.0000002
Centrifuger,unified,Centrifuger_unified,simulated,simulated,ont,sim_ont,2249356,2249356,Flavobacterium_fluviale,Flavobacterium fluviale,species,0.0,abund,0.0,4839571,1,1,species,0.0,1.0000002
Centrifuger,unified,Centrifuger_unified,simulated,simulated,ont,sim_ont,2267521,2267521,Chitinophaga_caseinilytica,Chitinophaga caseinilytica,species,0.0,abund,0.0,6517700,1,1,species,0.0,1.0000002
Centrifuger,unified,Centrifuger_unified,simulated,simulated,ont,sim_ont,2282420,2282420,Streptococcus_hillyeri,Streptococcus hillyeri,species,0.0,abund,0.0,4455787,1,0,species,0.0,1.0000002
Centrifuger,unified,Centrifuger_unified,simulated,simulated,ont,sim_ont,2303332,2303332,Cellvibrio_sp._KY-GH-1,Cellvibrio_sp._KY-GH-1,species,0.0,abund,0.0,5762391,1,1,species,0.0,1.0000002
Centrifuger,unified,Centrifuger_unified,simulated,simulated,ont,sim_ont,2315449,2315449,Yamadazyma_tenuis,Yamadazyma tenuis,species,0.0,abund,0.0,9926594,4,4,species,0.0,1.0000002
Centrifuger,unified,Centrifuger_unified,simulated,simulated,ont,sim_ont,2316383,2316383,Biomaibacter_acetigenes,Biomaibacter acetigenes,species,0.0,abund,0.0,3398311,1,1,species,0.0,1.0000002
Centrifuger,unified,Centrifuger_unified,simulated,simulated,ont,sim_ont,2320270,2320270,Pseudomonas_sp._DG56-2,Pseudomonas_sp._DG56-2,species,0.0,abund,0.0,5820432,1,1,species,0.0,1.0000002
Centrifuger,unified,Centrifuger_unified,simulated,simulated,ont,sim_ont,2320868,2320868,Clostridium_manihotivorum,Clostridium manihotivorum,species,0.0,abund,0.0,6364326,1,1,species,0.0,1.0000002
Centrifuger,unified,Centrifuger_unified,simulated,simulated,ont,sim_ont,2358479,2358479,Tenacibaculum_singaporense,Tenacibaculum singaporense,species,0.0,abund,0.0,3511704,1,1,species,0.0,1.0000002
Centrifuger,unified,Centrifuger_unified,simulated,simulated,ont,sim_ont,2364787,2364787,Alistipes_megaguti,Alistipes megaguti,species,0.0,abund,0.0,3270861,1,1,species,0.0,1.0000002
Centrifuger,unified,Centrifuger_unified,simulated,simulated,ont,sim_ont,2382163,2382163,Streptococcus_koreensis,Streptococcus koreensis,species,0.9289999999999999,abund,0.00929,2009598,10798,10798,species,0.9289998142000372,1.0000002
Centrifuger,unified,Centrifuger_unified,simulated,simulated,ont,sim_ont,2419841,2419841,Virgibacillus_sp._Bac330,Virgibacillus_sp._Bac330,species,0.0,abund,0.0,4456326,1,1,species,0.0,1.0000002
Centrifuger,unified,Centrifuger_unified,simulated,simulated,ont,sim_ont,2479767,2479767,Blautia_sp._SC05B48,Blautia_sp._SC05B48,species,0.00159,abund,1.59e-05,3731576,78,78,species,0.0015899996820000638,1.0000002
Centrifuger,unified,Centrifuger_unified,simulated,simulated,ont,sim_ont,2483110,2483110,Clostridium_sp._JN-1,Clostridium_sp._JN-1,species,0.0,abund,0.0,2795954,1,1,species,0.0,1.0000002
Centrifuger,unified,Centrifuger_unified,simulated,simulated,ont,sim_ont,2485124,2485124,Pectobacterium_polonicum,Pectobacterium polonicum,species,0.0,abund,0.0,5090712,1,1,species,0.0,1.0000002
Centrifuger,unified,Centrifuger_unified,simulated,simulated,ont,sim_ont,2487064,2487064,Chryseobacterium_sp._G0186,Chryseobacterium_sp._G0186,species,0.0,abund,0.0,5038771,2,2,species,0.0,1.0000002
Centrifuger,unified,Centrifuger_unified,simulated,simulated,ont,sim_ont,2487276,2487276,Bacillus_cabrialesii,Bacillus cabrialesii,species,0.0,abund,0.0,4125766,1,1,species,0.0,1.0000002
Centrifuger,unified,Centrifuger_unified,simulated,simulated,ont,sim_ont,2488810,2488810,Ruminiclostridium_herbifermentans,Ruminiclostridium herbifermentans,species,0.0,abund,0.0,4817678,3,3,species,0.0,1.0000002
Centrifuger,unified,Centrifuger_unified,simulated,simulated,ont,sim_ont,2490851,2490851,Pantoea_sp._CCBC3-3-1,Pantoea_sp._CCBC3-3-1,species,0.0,abund,0.0,5159767,1,1,species,0.0,1.0000002
Centrifuger,unified,Centrifuger_unified,simulated,simulated,ont,sim_ont,2490858,2490858,Staphylospora_marina,Staphylospora marina,species,0.0,abund,0.0,2751094,1,1,species,0.0,1.0000002
Centrifuger,unified,Centrifuger_unified,simulated,simulated,ont,sim_ont,2495582,2495582,Paenibacillus_albus,Paenibacillus albus,species,0.0,abund,0.0,6632345,6,6,species,0.0,1.0000002
Centrifuger,unified,Centrifuger_unified,simulated,simulated,ont,sim_ont,2497860,2497860,Cellulosilyticum_sp._WCF-2,Cellulosilyticum_sp._WCF-2,species,0.0,abund,0.0,4779774,1,1,species,0.0,1.0000002
Centrifuger,unified,Centrifuger_unified,simulated,simulated,ont,sim_ont,2498113,2498113,Limnobaculum_zhutongyuii,Limnobaculum zhutongyuii,species,0.0,abund,0.0,4631943,3,3,species,0.0,1.0000002
Centrifuger,unified,Centrifuger_unified,simulated,simulated,ont,sim_ont,2500547,2500547,Apibacter_raozihei,Apibacter raozihei,species,0.0,abund,0.0,3293048,1,1,species,0.0,1.0000002
Centrifuger,unified,Centrifuger_unified,simulated,simulated,ont,sim_ont,2507160,2507160,Aminipila_luticellarii,Aminipila luticellarii,species,0.0,abund,0.0,2750839,1,1,species,0.0,1.0000002
Centrifuger,unified,Centrifuger_unified,simulated,simulated,ont,sim_ont,2507161,2507161,Acidilutibacter_cellobiosedens,Acidilutibacter cellobiosedens,species,0.0,abund,0.0,3743723,8,8,species,0.0,1.0000002
Centrifuger,unified,Centrifuger_unified,simulated,simulated,ont,sim_ont,2512235,2512235,Pseudomonas_sp._REST10,Pseudomonas_sp._REST10,species,0.0,abund,0.0,5073321,1,1,species,0.0,1.0000002
Centrifuger,unified,Centrifuger_unified,simulated,simulated,ont,sim_ont,2516557,2516557,Aquirufa_nivalisilvae,Aquirufa nivalisilvae,species,0.0,abund,0.0,3116291,3,3,species,0.0,1.0000002
Centrifuger,unified,Centrifuger_unified,simulated,simulated,ont,sim_ont,2527973,2527973,Gimesia_alba,Gimesia alba,species,0.0,abund,0.0,7752345,1,1,species,0.0,1.0000002
Centrifuger,unified,Centrifuger_unified,simulated,simulated,ont,sim_ont,2528007,2528007,Polystyrenella_longa,Polystyrenella longa,species,0.0,abund,0.0,6125480,1,1,species,0.0,1.0000002
Centrifuger,unified,Centrifuger_unified,simulated,simulated,ont,sim_ont,2528019,2528019,Planctopirus_ephydatiae,Planctopirus ephydatiae,species,0.0,abund,0.0,5214061,1,1,species,0.0,1.0000002
Centrifuger,unified,Centrifuger_unified,simulated,simulated,ont,sim_ont,2528203,2528203,Bacteroides_sp._A1C1,Bacteroides_sp._A1C1,species,0.0,abund,0.0,4502190,4,4,species,0.0,1.0000002
Centrifuger,unified,Centrifuger_unified,simulated,simulated,ont,sim_ont,2530390,2530390,Muribaculum_gordoncarteri,Muribaculum gordoncarteri,species,0.0,abund,0.0,3430362,1,1,species,0.0,1.0000002
Centrifuger,unified,Centrifuger_unified,simulated,simulated,ont,sim_ont,2563664,2563664,Treponema_sp._OMZ_788,Treponema_sp._OMZ_788,species,0.0,abund,0.0,2814576,1,1,species,0.0,1.0000002
Centrifuger,unified,Centrifuger_unified,simulated,simulated,ont,sim_ont,2563669,2563669,Treponema_sp._OMZ_787,Treponema_sp._OMZ_787,species,0.0,abund,0.0,2756918,1,1,species,0.0,1.0000002
Centrifuger,unified,Centrifuger_unified,simulated,simulated,ont,sim_ont,2565558,2565558,Hydrogenophaga_sp._PAMC20947,Hydrogenophaga_sp._PAMC20947,species,0.0,abund,0.0,4850867,1,1,species,0.0,1.0000002
Centrifuger,unified,Centrifuger_unified,simulated,simulated,ont,sim_ont,2565926,2565926,Paenibacillus_algicola,Paenibacillus algicola,species,0.0,abund,0.0,4475055,12,12,species,0.0,1.0000002
Centrifuger,unified,Centrifuger_unified,simulated,simulated,ont,sim_ont,2567896,2567896,Polyangium_aurulentum,Polyangium aurulentum,species,0.0,abund,0.0,12320079,1,1,species,0.0,1.0000002
Centrifuger,unified,Centrifuger_unified,simulated,simulated,ont,sim_ont,2569541,2569541,Desulfosediminicola_flagellatus,Desulfosediminicola flagellatus,species,0.0,abund,0.0,6751878,1,1,species,0.0,1.0000002
Centrifuger,unified,Centrifuger_unified,simulated,simulated,ont,sim_ont,2570586,2570586,Candidatus_Bandiella_numerosa,Candidatus Bandiella_numerosa,species,0.0,abund,0.0,1584328,1,1,species,0.0,1.0000002
Centrifuger,unified,Centrifuger_unified,simulated,simulated,ont,sim_ont,2576376,2576376,Streptococcus_sp._1643,Streptococcus_sp._1643,species,0.0,abund,0.0,1898954,1,1,species,0.0,1.0000002
Centrifuger,unified,Centrifuger_unified,simulated,simulated,ont,sim_ont,2576902,2576902,Nostoc_sp._C052,Nostoc_sp._C052,species,0.0,abund,0.0,9879831,3,3,species,0.0,1.0000002
Centrifuger,unified,Centrifuger_unified,simulated,simulated,ont,sim_ont,2578106,2578106,Pedobacter_sp._KBS0701,Pedobacter_sp._KBS0701,species,0.0,abund,0.0,6334343,3,3,species,0.0,1.0000002
Centrifuger,unified,Centrifuger_unified,simulated,simulated,ont,sim_ont,2582419,2582419,Dialister_hominis,Dialister hominis,species,0.0,abund,0.0,2407548,1,1,species,0.0,1.0000002
Centrifuger,unified,Centrifuger_unified,simulated,simulated,ont,sim_ont,2583374,2583374,Salinibacterium_sp._M195,Salinibacterium_sp._M195,species,0.0,abund,0.0,3035657,1,1,species,0.0,1.0000002
Centrifuger,unified,Centrifuger_unified,simulated,simulated,ont,sim_ont,2583452,2583452,Amedibacterium_intestinale,Amedibacterium intestinale,species,0.0,abund,0.0,2996298,2,2,species,0.0,1.0000002
Centrifuger,unified,Centrifuger_unified,simulated,simulated,ont,sim_ont,2583532,2583532,Martelella_lutilitoris,Martelella lutilitoris,species,0.0,abund,0.0,4787079,2,2,species,0.0,1.0000002
Centrifuger,unified,Centrifuger_unified,simulated,simulated,ont,sim_ont,2585118,2585118,Alistipes_communis,Alistipes communis,species,0.74466,abund,0.0074466,3334777,18501,14797,species,0.7446598510680298,1.0000002
Centrifuger,unified,Centrifuger_unified,simulated,simulated,ont,sim_ont,2587848,2587848,Bacillus_sp._THAF10,Bacillus_sp._THAF10,species,0.0,abund,0.0,4087834,2,2,species,0.0,1.0000002
Centrifuger,unified,Centrifuger_unified,simulated,simulated,ont,sim_ont,2588535,2588535,Candidatus_Methylopumilus_rimovensis,Candidatus Methylopumilus_rimovensis,species,0.0,abund,0.0,2584834,1,0,species,0.0,1.0000002
Centrifuger,unified,Centrifuger_unified,simulated,simulated,ont,sim_ont,2590012,2590012,Lysinibacillus_agricola,Lysinibacillus agricola,species,0.0,abund,0.0,5285903,1,1,species,0.0,1.0000002
Centrifuger,unified,Centrifuger_unified,simulated,simulated,ont,sim_ont,2590551,2590551,Sulfurimonas_marina,Sulfurimonas marina,species,0.0,abund,0.0,2261034,1,1,species,0.0,1.0000002
Centrifuger,unified,Centrifuger_unified,simulated,simulated,ont,sim_ont,2592333,2592333,Sellimonas_caecigallum,Sellimonas caecigallum,species,0.0,abund,0.0,2758996,181,181,species,0.0,1.0000002
Centrifuger,unified,Centrifuger_unified,simulated,simulated,ont,sim_ont,2592382,2592382,Paenalkalicoccus_suaedae,Paenalkalicoccus suaedae,species,0.0,abund,0.0,4040495,5,5,species,0.0,1.0000002
Centrifuger,unified,Centrifuger_unified,simulated,simulated,ont,sim_ont,2592653,2592653,Lactococcus_protaetiae,Lactococcus protaetiae,species,0.0,abund,0.0,2696018,1,1,species,0.0,1.0000002
Centrifuger,unified,Centrifuger_unified,simulated,simulated,ont,sim_ont,2594042,2594042,Promethearchaeum_syntrophicum,Promethearchaeum syntrophicum,species,0.0,abund,0.0,4324194,7,7,species,0.0,1.0000002
Centrifuger,unified,Centrifuger_unified,simulated,simulated,ont,sim_ont,2597358,2597358,Sporosarcina_sp._ANT_H38,Sporosarcina_sp._ANT_H38,species,0.0,abund,0.0,4685507,1,1,species,0.0,1.0000002
Centrifuger,unified,Centrifuger_unified,simulated,simulated,ont,sim_ont,2598458,2598458,Cohnella_cholangitidis,Cohnella cholangitidis,species,0.0,abund,0.0,6408853,1,1,species,0.0,1.0000002
Centrifuger,unified,Centrifuger_unified,simulated,simulated,ont,sim_ont,2599293,2599293,Humibacter_ginsenosidimutans,Humibacter ginsenosidimutans,species,0.0,abund,0.0,4183638,4,4,species,0.0,1.0000002
Centrifuger,unified,Centrifuger_unified,simulated,simulated,ont,sim_ont,2599401,2599401,Streptomyces_qinzhouensis,Streptomyces qinzhouensis,species,0.0,abund,0.0,8146484,2,2,species,0.0,1.0000002
Centrifuger,unified,Centrifuger_unified,simulated,simulated,ont,sim_ont,2602070,2602070,Granulicella_sp._WH15,Granulicella_sp._WH15,species,0.0,abund,0.0,4673153,1,1,species,0.0,1.0000002
Centrifuger,unified,Centrifuger_unified,simulated,simulated,ont,sim_ont,2605989,2605989,Gimesia_chilikensis,Gimesia chilikensis,species,0.0,abund,0.0,8282765,3,0,species,0.0,1.0000002
Centrifuger,unified,Centrifuger_unified,simulated,simulated,ont,sim_ont,2606626,2606626,Sodaliphilus_pleomorphus,Sodaliphilus pleomorphus,species,0.0,abund,0.0,3340670,1,1,species,0.0,1.0000002
Centrifuger,unified,Centrifuger_unified,simulated,simulated,ont,sim_ont,2610895,2610895,Flintibacter_sp._KGMB00164,Flintibacter_sp._KGMB00164,species,0.0,abund,0.0,2917795,29,29,species,0.0,1.0000002
Centrifuger,unified,Centrifuger_unified,simulated,simulated,ont,sim_ont,2610896,2610896,Streptococcus_sp._LPB0220,Streptococcus_sp._LPB0220,species,0.92168,abund,0.0092168,2133380,12031,12024,species,0.921679815664037,1.0000002
Centrifuger,unified,Centrifuger_unified,simulated,simulated,ont,sim_ont,2613334,2613334,Brevibacillus_sedimenti,Brevibacillus sedimenti,species,0.0,abund,0.0,3931259,3,3,species,0.0,1.0000002
Centrifuger,unified,Centrifuger_unified,simulated,simulated,ont,sim_ont,2613773,2613773,Sinorhizobium_sp._BG8,Sinorhizobium_sp._BG8,species,0.0,abund,0.0,5667563,1,1,species,0.0,1.0000002
Centrifuger,unified,Centrifuger_unified,simulated,simulated,ont,sim_ont,2650157,2650157,Bacteroides_zhangwenhongii,Bacteroides zhangwenhongii,species,7e-05,abund,7e-07,5320612,3,3,species,6.99999860000028e-05,1.0000002
Centrifuger,unified,Centrifuger_unified,simulated,simulated,ont,sim_ont,2650158,2650158,Bacteroides_luhongzhouii,Bacteroides luhongzhouii,species,0.0,abund,0.0,5760088,1,1,species,0.0,1.0000002
Centrifuger,unified,Centrifuger_unified,simulated,simulated,ont,sim_ont,2652274,2652274,Eisenbergiella_porci,Eisenbergiella porci,species,0.0,abund,0.0,7083291,30,30,species,0.0,1.0000002
Centrifuger,unified,Centrifuger_unified,simulated,simulated,ont,sim_ont,2660554,2660554,Paenibacillus_sp._B01,Paenibacillus_sp._B01,species,0.0,abund,0.0,5825233,3,3,species,0.0,1.0000002
Centrifuger,unified,Centrifuger_unified,simulated,simulated,ont,sim_ont,2662261,2662261,Raineyella_fluvialis,Raineyella fluvialis,species,0.0,abund,0.0,3649865,1,1,species,0.0,1.0000002
Centrifuger,unified,Centrifuger_unified,simulated,simulated,ont,sim_ont,2664091,2664091,Streptococcus_zhangguiae,Streptococcus zhangguiae,species,0.0,abund,0.0,2092558,1,1,species,0.0,1.0000002
Centrifuger,unified,Centrifuger_unified,simulated,simulated,ont,sim_ont,2666138,2666138,Caproicibacterium_lactatifermentans,Caproicibacterium lactatifermentans,species,4.9999999999999996e-05,abund,5e-07,1989979,1,1,species,4.9999990000001994e-05,1.0000002
Centrifuger,unified,Centrifuger_unified,simulated,simulated,ont,sim_ont,2678261,2678261,Pseudomonas_sp._Pc102,Pseudomonas_sp._Pc102,species,0.0,abund,0.0,6682531,1,1,species,0.0,1.0000002
Centrifuger,unified,Centrifuger_unified,simulated,simulated,ont,sim_ont,2682455,2682455,Veillonella_orientalis,Veillonella orientalis,species,0.814,abund,0.00814,2072807,11831,11814,species,0.8139998372000325,1.0000002
Centrifuger,unified,Centrifuger_unified,simulated,simulated,ont,sim_ont,2682456,2682456,Veillonella_nakazawae,Veillonella nakazawae,species,0.81011,abund,0.0081011,2097818,11983,11970,species,0.8101098379780324,1.0000002
Centrifuger,unified,Centrifuger_unified,simulated,simulated,ont,sim_ont,2683967,2683967,Mycoplasma_sp._NEAQ87857,Mycoplasma_sp._NEAQ87857,species,0.0,abund,0.0,1200019,1,1,species,0.0,1.0000002
Centrifuger,unified,Centrifuger_unified,simulated,simulated,ont,sim_ont,2684113,2684113,Candidatus_Pelagisphaera_phototrophica,Candidatus Pelagisphaera_phototrophica,species,0.0,abund,0.0,4086264,1,1,species,0.0,1.0000002
Centrifuger,unified,Centrifuger_unified,simulated,simulated,ont,sim_ont,2684468,2684468,Streptomyces_sp._QHH-9511,Streptomyces_sp._QHH-9511,species,0.0,abund,0.0,7615276,2,2,species,0.0,1.0000002
Centrifuger,unified,Centrifuger_unified,simulated,simulated,ont,sim_ont,2685834,2685834,Parabacteroides_chongii,Parabacteroides chongii,species,0.00025,abund,2.5e-06,6031130,6,6,species,0.00024999995000001,1.0000002
Centrifuger,unified,Centrifuger_unified,simulated,simulated,ont,sim_ont,2686210,2686210,Streptococcus_ruminicola,Streptococcus ruminicola,species,0.0,abund,0.0,2046950,1,1,species,0.0,1.0000002
Centrifuger,unified,Centrifuger_unified,simulated,simulated,ont,sim_ont,2691918,2691918,Campylobacter_bilis,Campylobacter bilis,species,0.0,abund,0.0,2922071,2,2,species,0.0,1.0000002
Centrifuger,unified,Centrifuger_unified,simulated,simulated,ont,sim_ont,2692134,2692134,Spirosoma_aureum,Spirosoma aureum,species,0.0,abund,0.0,8898242,3,3,species,0.0,1.0000002
Centrifuger,unified,Centrifuger_unified,simulated,simulated,ont,sim_ont,2696063,2696063,Anaerocolumna_sedimenticola,Anaerocolumna sedimenticola,species,0.0,abund,0.0,5500435,4,4,species,0.0,1.0000002
Centrifuger,unified,Centrifuger_unified,simulated,simulated,ont,sim_ont,2697030,2697030,Aminipila_terrae,Aminipila terrae,species,0.0,abund,0.0,3512404,1,1,species,0.0,1.0000002
Centrifuger,unified,Centrifuger_unified,simulated,simulated,ont,sim_ont,2697043,2697043,Tichowtungia_aerotolerans,Tichowtungia aerotolerans,species,0.0,abund,0.0,3882676,7,7,species,0.0,1.0000002
Centrifuger,unified,Centrifuger_unified,simulated,simulated,ont,sim_ont,2697363,2697363,Acidocella_sp._MX-AZ03,Acidocella_sp._MX-AZ03,species,0.0,abund,0.0,3735595,1,1,species,0.0,1.0000002
Centrifuger,unified,Centrifuger_unified,simulated,simulated,ont,sim_ont,2697371,2697371,Klebsiella_sp._MPUS7,Klebsiella_sp._MPUS7,species,0.0,abund,0.0,5823634,1,1,species,0.0,1.0000002
Centrifuger,unified,Centrifuger_unified,simulated,simulated,ont,sim_ont,2703788,2703788,Edaphobacter_sp._12200R-103,Edaphobacter_sp._12200R-103,species,0.0,abund,0.0,4554841,4,4,species,0.0,1.0000002
Centrifuger,unified,Centrifuger_unified,simulated,simulated,ont,sim_ont,2703885,2703885,Rahnella_aceris,Rahnella aceris,species,0.0,abund,0.0,5614252,3,2,species,0.0,1.0000002
Centrifuger,unified,Centrifuger_unified,simulated,simulated,ont,sim_ont,2704463,2704463,Paenibacillus_rhizovicinus,Paenibacillus rhizovicinus,species,0.0,abund,0.0,7524325,2,2,species,0.0,1.0000002
Centrifuger,unified,Centrifuger_unified,simulated,simulated,ont,sim_ont,2704465,2704465,Rhodocytophaga_rosea,Rhodocytophaga rosea,species,0.0,abund,0.0,8983451,4,4,species,0.0,1.0000002
Centrifuger,unified,Centrifuger_unified,simulated,simulated,ont,sim_ont,2705472,2705472,Pseudomonas_sp._MTM4,Pseudomonas_sp._MTM4,species,0.0,abund,0.0,4694626,1,1,species,0.0,1.0000002
Centrifuger,unified,Centrifuger_unified,simulated,simulated,ont,sim_ont,2707525,2707525,Sulfuriroseicoccus_oceanibius,Sulfuriroseicoccus oceanibius,species,0.0,abund,0.0,3496488,5,5,species,0.0,1.0000002
Centrifuger,unified,Centrifuger_unified,simulated,simulated,ont,sim_ont,2708301,2708301,Kineobactrum_salinum,Kineobactrum salinum,species,0.0,abund,0.0,4649503,1,1,species,0.0,1.0000002
Centrifuger,unified,Centrifuger_unified,simulated,simulated,ont,sim_ont,2708346,2708346,Jeotgalicoccus_sp._WY2,Jeotgalicoccus_sp._WY2,species,0.0,abund,0.0,2433118,1,1,species,0.0,1.0000002
Centrifuger,unified,Centrifuger_unified,simulated,simulated,ont,sim_ont,2709410,2709410,Chordicoccus_furentiruminis,Chordicoccus furentiruminis,species,0.00019,abund,1.9e-06,3267205,41,41,species,0.00018999996200000762,1.0000002
Centrifuger,unified,Centrifuger_unified,simulated,simulated,ont,sim_ont,2713414,2713414,Chryseobacterium_sp._POL2,Chryseobacterium_sp._POL2,species,0.0,abund,0.0,3243462,1,1,species,0.0,1.0000002
Centrifuger,unified,Centrifuger_unified,simulated,simulated,ont,sim_ont,2714353,2714353,Vescimonas_fastidiosa,Vescimonas fastidiosa,species,0.00013000000000000002,abund,1.3e-06,2504406,45,45,species,0.00012999997400000522,1.0000002
Centrifuger,unified,Centrifuger_unified,simulated,simulated,ont,sim_ont,2714355,2714355,Vescimonas_coprocola,Vescimonas coprocola,species,0.7818,abund,0.007818,2557760,14279,14213,species,0.7817998436400314,1.0000002
Centrifuger,unified,Centrifuger_unified,simulated,simulated,ont,sim_ont,2714358,2714358,Pusillibacter_faecalis,Pusillibacter faecalis,species,0.68392,abund,0.0068392,3407680,16759,16741,species,0.6839198632160274,1.0000002
Centrifuger,unified,Centrifuger_unified,simulated,simulated,ont,sim_ont,2714939,2714939,Nocardioides_sp._HDW12B,Nocardioides_sp._HDW12B,species,0.0,abund,0.0,4192138,1,1,species,0.0,1.0000002
Centrifuger,unified,Centrifuger_unified,simulated,simulated,ont,sim_ont,2714940,2714940,Pedobacter_sp._HDW13,Pedobacter_sp._HDW13,species,0.0,abund,0.0,6376638,14,14,species,0.0,1.0000002
Centrifuger,unified,Centrifuger_unified,simulated,simulated,ont,sim_ont,2714946,2714946,Vagococcus_coleopterorum,Vagococcus coleopterorum,species,0.0,abund,0.0,1530734,5,5,species,0.0,1.0000002
Centrifuger,unified,Centrifuger_unified,simulated,simulated,ont,sim_ont,2719989,2719989,Entomospira_culicis,Entomospira culicis,species,0.0,abund,0.0,3539274,1,0,species,0.0,1.0000002
Centrifuger,unified,Centrifuger_unified,simulated,simulated,ont,sim_ont,2726954,2726954,Sarcina_sp._JB2,Sarcina_sp._JB2,species,0.0,abund,0.0,2641856,3,3,species,0.0,1.0000002
Centrifuger,unified,Centrifuger_unified,simulated,simulated,ont,sim_ont,2728022,2728022,Mucilaginibacter_robiniae,Mucilaginibacter robiniae,species,0.0,abund,0.0,4984039,2,2,species,0.0,1.0000002
Centrifuger,unified,Centrifuger_unified,simulated,simulated,ont,sim_ont,2728023,2728023,Cohnella_herbarum,Cohnella herbarum,species,0.0,abund,0.0,8522788,1,1,species,0.0,1.0000002
Centrifuger,unified,Centrifuger_unified,simulated,simulated,ont,sim_ont,2729421,2729421,Sediminibacillus_dalangtanensis,Sediminibacillus dalangtanensis,species,0.0,abund,0.0,4100703,1,1,species,0.0,1.0000002
Centrifuger,unified,Centrifuger_unified,simulated,simulated,ont,sim_ont,2731219,2731219,Alkaliphilus_sp._B6464,Alkaliphilus_sp._B6464,species,0.0,abund,0.0,3862939,2,2,species,0.0,1.0000002
Centrifuger,unified,Centrifuger_unified,simulated,simulated,ont,sim_ont,2732067,2732067,Usitatibacter_rugosus,Usitatibacter rugosus,species,0.0,abund,0.0,4563145,1,1,species,0.0,1.0000002
Centrifuger,unified,Centrifuger_unified,simulated,simulated,ont,sim_ont,2735723,2735723,Turicibacter_bilis,Turicibacter bilis,species,0.2728,abund,0.002728,8200899,13249,12730,species,0.2727999454400109,1.0000002
Centrifuger,unified,Centrifuger_unified,simulated,simulated,ont,sim_ont,2739058,2739058,Pedobacter_foliorum,Pedobacter foliorum,species,0.0,abund,0.0,6131055,1,1,species,0.0,1.0000002
Centrifuger,unified,Centrifuger_unified,simulated,simulated,ont,sim_ont,2740298,2740298,Martelella_sp._NC20,Martelella_sp._NC20,species,0.0,abund,0.0,6109677,3,3,species,0.0,1.0000002
Centrifuger,unified,Centrifuger_unified,simulated,simulated,ont,sim_ont,2740837,2740837,Acaryochloris_sp._'Moss_Beach',Acaryochloris_sp._'Moss_Beach',species,0.0,abund,0.0,7254703,1,1,species,0.0,1.0000002
Centrifuger,unified,Centrifuger_unified,simulated,simulated,ont,sim_ont,2741301,2741301,Paenibacillus_sp._URB8-2,Paenibacillus_sp._URB8-2,species,0.0,abund,0.0,5583866,4,4,species,0.0,1.0000002
Centrifuger,unified,Centrifuger_unified,simulated,simulated,ont,sim_ont,2742131,2742131,Amycolatopsis_sp._Hca4,Amycolatopsis_sp._Hca4,species,0.0,abund,0.0,10972864,1,1,species,0.0,1.0000002
Centrifuger,unified,Centrifuger_unified,simulated,simulated,ont,sim_ont,2742137,2742137,Streptomyces_sp._NA02950,Streptomyces_sp._NA02950,species,0.0,abund,0.0,9771669,1,1,species,0.0,1.0000002
Centrifuger,unified,Centrifuger_unified,simulated,simulated,ont,sim_ont,2742204,2742204,Methyloligella_sp._GL2,Methyloligella_sp._GL2,species,0.0,abund,0.0,3230794,4,4,species,0.0,1.0000002
Centrifuger,unified,Centrifuger_unified,simulated,simulated,ont,sim_ont,2742675,2742675,Citrobacter_sp._RHBSTW-00986,Citrobacter_sp._RHBSTW-00986,species,0.0,abund,0.0,5363930,1,1,species,0.0,1.0000002
Centrifuger,unified,Centrifuger_unified,simulated,simulated,ont,sim_ont,2743000,2743000,Salicibibacter_cibarius,Salicibibacter cibarius,species,0.0,abund,0.0,4513310,1,1,species,0.0,1.0000002
Centrifuger,unified,Centrifuger_unified,simulated,simulated,ont,sim_ont,2743001,2743001,Salicibibacter_cibi,Salicibibacter cibi,species,0.0,abund,0.0,3814380,2,2,species,0.0,1.0000002
Centrifuger,unified,Centrifuger_unified,simulated,simulated,ont,sim_ont,2744027,2744027,Rasiella_rasia,Rasiella rasia,species,0.0,abund,0.0,3388965,1,1,species,0.0,1.0000002
Centrifuger,unified,Centrifuger_unified,simulated,simulated,ont,sim_ont,2744521,2744521,Mesorhizobium_sp._L-2-11,Mesorhizobium_sp._L-2-11,species,0.0,abund,0.0,7416043,2,2,species,0.0,1.0000002
Centrifuger,unified,Centrifuger_unified,simulated,simulated,ont,sim_ont,2745153,2745153,Chryseobacterium_sp._MYb264,Chryseobacterium_sp._MYb264,species,0.0,abund,0.0,5234367,1,1,species,0.0,1.0000002
Centrifuger,unified,Centrifuger_unified,simulated,simulated,ont,sim_ont,2746230,2746230,Moritella_sp._24,Moritella_sp._24,species,0.0,abund,0.0,4731068,2,2,species,0.0,1.0000002
Centrifuger,unified,Centrifuger_unified,simulated,simulated,ont,sim_ont,2749996,2749996,Coxiella_endosymbiont_of_Amblyomma_nuttalli,Coxiella endosymbiont_of Amblyomma_nuttalli,species,0.0,abund,0.0,1003026,1,1,species,0.0,1.0000002
Centrifuger,unified,Centrifuger_unified,simulated,simulated,ont,sim_ont,2755405,2755405,Bacteroides_sp._CACC_737,Bacteroides_sp._CACC_737,species,0.0,abund,0.0,4634436,3,2,species,0.0,1.0000002
Centrifuger,unified,Centrifuger_unified,simulated,simulated,ont,sim_ont,2758563,2758563,Paenibacillus_sp._19GGS1-52,Paenibacillus_sp._19GGS1-52,species,0.0,abund,0.0,6830273,1,1,species,0.0,1.0000002
Centrifuger,unified,Centrifuger_unified,simulated,simulated,ont,sim_ont,2760307,2760307,Paracoccus_sp._MC1862,Paracoccus_sp._MC1862,species,0.0,abund,0.0,3633757,1,1,species,0.0,1.0000002
Centrifuger,unified,Centrifuger_unified,simulated,simulated,ont,sim_ont,2760713,2760713,Lacibacter_sediminis,Lacibacter sediminis,species,0.0,abund,0.0,5119652,1,1,species,0.0,1.0000002
Centrifuger,unified,Centrifuger_unified,simulated,simulated,ont,sim_ont,2761579,2761579,Hymenobacter_sediminicola,Hymenobacter sediminicola,species,0.0,abund,0.0,4511071,1,1,species,0.0,1.0000002
Centrifuger,unified,Centrifuger_unified,simulated,simulated,ont,sim_ont,2762277,2762277,Entomobacter_blattae,Entomobacter blattae,species,0.0,abund,0.0,2701842,2,2,species,0.0,1.0000002
Centrifuger,unified,Centrifuger_unified,simulated,simulated,ont,sim_ont,2762563,2762563,Sporosarcina_sp._resist,Sporosarcina_sp._resist,species,0.0,abund,0.0,5090475,1,1,species,0.0,1.0000002
Centrifuger,unified,Centrifuger_unified,simulated,simulated,ont,sim_ont,2763022,2763022,Bacteroides_sp._M10,Bacteroides_sp._M10,species,0.0,abund,0.0,6745934,4,4,species,0.0,1.0000002
Centrifuger,unified,Centrifuger_unified,simulated,simulated,ont,sim_ont,2763056,2763056,Oscillibacter_hominis,Oscillibacter hominis,species,0.0116,abund,0.000116,2823723,295,295,species,0.011599997680000465,1.0000002
Centrifuger,unified,Centrifuger_unified,simulated,simulated,ont,sim_ont,2763062,2763062,Roseburia_rectibacter,Roseburia rectibacter,species,0.00025,abund,2.5e-06,3959994,125,125,species,0.00024999995000001,1.0000002
Centrifuger,unified,Centrifuger_unified,simulated,simulated,ont,sim_ont,2763667,2763667,Wansuia_hejianensis,Wansuia hejianensis,species,0.80108,abund,0.0080108,3949724,23061,22985,species,0.8010798397840322,1.0000002
Centrifuger,unified,Centrifuger_unified,simulated,simulated,ont,sim_ont,2763669,2763669,Qiania_dongpingensis,Qiania dongpingensis,species,0.0,abund,0.0,3084832,14,14,species,0.0,1.0000002
Centrifuger,unified,Centrifuger_unified,simulated,simulated,ont,sim_ont,2763670,2763670,Wujia_chipingensis,Wujia chipingensis,species,0.0,abund,0.0,2942917,37,37,species,0.0,1.0000002
Centrifuger,unified,Centrifuger_unified,simulated,simulated,ont,sim_ont,2763672,2763672,Simiaoa_sunii,Simiaoa sunii,species,0.80263,abund,0.0080263,3572951,20439,20406,species,0.8026298394740321,1.0000002
Centrifuger,unified,Centrifuger_unified,simulated,simulated,ont,sim_ont,2764325,2764325,[Eubacterium]_hominis,[Eubacterium]_hominis,species,0.0,abund,0.0,3879049,1,1,species,0.0,1.0000002
Centrifuger,unified,Centrifuger_unified,simulated,simulated,ont,sim_ont,2765360,2765360,Massilia_antarctica,Massilia antarctica,species,0.0,abund,0.0,7432405,1,1,species,0.0,1.0000002
Centrifuger,unified,Centrifuger_unified,simulated,simulated,ont,sim_ont,2766537,2766537,Caproicibacterium_amylolyticum,Caproicibacterium amylolyticum,species,7e-05,abund,7e-07,2996201,2,2,species,6.99999860000028e-05,1.0000002
Centrifuger,unified,Centrifuger_unified,simulated,simulated,ont,sim_ont,2770776,2770776,Clostridioides_sp._ES-S-0010-02,Clostridioides_sp._ES-S-0010-02,species,0.0,abund,0.0,4259110,1,1,species,0.0,1.0000002
Centrifuger,unified,Centrifuger_unified,simulated,simulated,ont,sim_ont,2772483,2772483,Algoriphagus_sp._Y33,Algoriphagus_sp._Y33,species,0.0,abund,0.0,6378979,1,1,species,0.0,1.0000002
Centrifuger,unified,Centrifuger_unified,simulated,simulated,ont,sim_ont,2772557,2772557,Desulfomarina_profundi,Desulfomarina profundi,species,0.0,abund,0.0,4307339,2,2,species,0.0,1.0000002
Centrifuger,unified,Centrifuger_unified,simulated,simulated,ont,sim_ont,2778077,2778077,Chryseobacterium_sp._FDAARGOS_1104,Chryseobacterium_sp._FDAARGOS_1104,species,0.0,abund,0.0,3699485,3,3,species,0.0,1.0000002
Centrifuger,unified,Centrifuger_unified,simulated,simulated,ont,sim_ont,2779352,2779352,Pseudoflavonifractor_gallinarum,Pseudoflavonifractor gallinarum,species,0.0,abund,0.0,3280003,5,5,species,0.0,1.0000002
Centrifuger,unified,Centrifuger_unified,simulated,simulated,ont,sim_ont,2779518,2779518,Blautia_liquoris,Blautia liquoris,species,0.0,abund,0.0,3518434,34,34,species,0.0,1.0000002
Centrifuger,unified,Centrifuger_unified,simulated,simulated,ont,sim_ont,2779527,2779527,Viridibacillus_sp._JNUCC-6,Viridibacillus_sp._JNUCC-6,species,0.0,abund,0.0,4526142,1,1,species,0.0,1.0000002
Centrifuger,unified,Centrifuger_unified,simulated,simulated,ont,sim_ont,2780922,2780922,Solibaculum_mannosilyticum,Solibaculum mannosilyticum,species,0.0,abund,0.0,2541474,3,3,species,0.0,1.0000002
Centrifuger,unified,Centrifuger_unified,simulated,simulated,ont,sim_ont,2782168,2782168,Microbacterium_atlanticum,Microbacterium atlanticum,species,0.0,abund,0.0,3712988,1,1,species,0.0,1.0000002
Centrifuger,unified,Centrifuger_unified,simulated,simulated,ont,sim_ont,2785025,2785025,Anaeromicropila_herbilytica,Anaeromicropila herbilytica,species,0.0,abund,0.0,5089009,7,7,species,0.0,1.0000002
Centrifuger,unified,Centrifuger_unified,simulated,simulated,ont,sim_ont,2785531,2785531,Bacteroides_sp._HF-162,Bacteroides_sp._HF-162,species,0.00025,abund,2.5e-06,4384378,10,10,species,0.00024999995000001,1.0000002
Centrifuger,unified,Centrifuger_unified,simulated,simulated,ont,sim_ont,2789425,2789425,Actinomyces_sp._HMT_175,Actinomyces_sp._HMT_175,species,0.00023,abund,2.3e-06,3024208,5,5,species,0.00022999995400000922,1.0000002
Centrifuger,unified,Centrifuger_unified,simulated,simulated,ont,sim_ont,2789739,2789739,Rhodococcus_sp._USK10,Rhodococcus_sp._USK10,species,0.0,abund,0.0,9870030,1,1,species,0.0,1.0000002
Centrifuger,unified,Centrifuger_unified,simulated,simulated,ont,sim_ont,2792479,2792479,Lysinibacillus_sp._JNUCC-51,Lysinibacillus_sp._JNUCC-51,species,0.0,abund,0.0,5122675,2,2,species,0.0,1.0000002
Centrifuger,unified,Centrifuger_unified,simulated,simulated,ont,sim_ont,2792859,2792859,Bacteroides_humanifaecis,Bacteroides humanifaecis,species,7.999999999999999e-05,abund,8e-07,4248411,1,1,species,7.999998400000321e-05,1.0000002
Centrifuger,unified,Centrifuger_unified,simulated,simulated,ont,sim_ont,2795000,2795000,Maridesulfovibrio_sp.,Maridesulfovibrio_sp.,species,0.0,abund,0.0,4354367,1,1,species,0.0,1.0000002
Centrifuger,unified,Centrifuger_unified,simulated,simulated,ont,sim_ont,2796470,2796470,Brevibacillus_composti,Brevibacillus composti,species,0.0,abund,0.0,4468589,1,0,species,0.0,1.0000002
Centrifuger,unified,Centrifuger_unified,simulated,simulated,ont,sim_ont,2803864,2803864,Shewanella_sp._KX20019,Shewanella_sp._KX20019,species,0.0,abund,0.0,5329217,1,1,species,0.0,1.0000002
Centrifuger,unified,Centrifuger_unified,simulated,simulated,ont,sim_ont,2806443,2806443,Turicibacter_sp._TJ11,Turicibacter_sp._TJ11,species,0.82285,abund,0.0082285,2651593,15215,15107,species,0.822849835430033,1.0000002
Centrifuger,unified,Centrifuger_unified,simulated,simulated,ont,sim_ont,2807101,2807101,Microvirga_sp._VF16,Microvirga_sp._VF16,species,0.0,abund,0.0,9951011,1,1,species,0.0,1.0000002
Centrifuger,unified,Centrifuger_unified,simulated,simulated,ont,sim_ont,2810348,2810348,Mycoplasma_sp._SG1,Mycoplasma_sp._SG1,species,0.0,abund,0.0,622752,1,1,species,0.0,1.0000002
Centrifuger,unified,Centrifuger_unified,simulated,simulated,ont,sim_ont,2810512,2810512,Fulvivirga_lutea,Fulvivirga lutea,species,0.0,abund,0.0,4137993,1,1,species,0.0,1.0000002
Centrifuger,unified,Centrifuger_unified,simulated,simulated,ont,sim_ont,2810514,2810514,Sporosarcina_sp._Marseille-Q4063,Sporosarcina_sp._Marseille-Q4063,species,0.0,abund,0.0,3978257,3,3,species,0.0,1.0000002
Centrifuger,unified,Centrifuger_unified,simulated,simulated,ont,sim_ont,2811111,2811111,Natronosporangium_hydrolyticum,Natronosporangium hydrolyticum,species,0.0,abund,0.0,5699854,1,1,species,0.0,1.0000002
Centrifuger,unified,Centrifuger_unified,simulated,simulated,ont,sim_ont,2815577,2815577,Alkalibacter_rhizosphaerae,Alkalibacter rhizosphaerae,species,0.0,abund,0.0,2449552,1,1,species,0.0,1.0000002
Centrifuger,unified,Centrifuger_unified,simulated,simulated,ont,sim_ont,2816908,2816908,Sedimentibacter_sp._zth1,Sedimentibacter_sp._zth1,species,0.0,abund,0.0,3133930,1,1,species,0.0,1.0000002
Centrifuger,unified,Centrifuger_unified,simulated,simulated,ont,sim_ont,2819619,2819619,Streptococcus_toyakuensis,Streptococcus toyakuensis,species,0.00015000000000000001,abund,1.5e-06,2055023,3,3,species,0.00014999997000000602,1.0000002
Centrifuger,unified,Centrifuger_unified,simulated,simulated,ont,sim_ont,2820270,2820270,Candidatus_Kaistella_beijingensis,Candidatus Kaistella_beijingensis,species,0.0,abund,0.0,2816191,1,1,species,0.0,1.0000002
Centrifuger,unified,Centrifuger_unified,simulated,simulated,ont,sim_ont,2821543,2821543,Chloracidobacterium_validum,Chloracidobacterium validum,species,0.0,abund,0.0,3659143,1,1,species,0.0,1.0000002
Centrifuger,unified,Centrifuger_unified,simulated,simulated,ont,sim_ont,2822760,2822760,Rhodoferax_sp._PAMC_29310,Rhodoferax_sp._PAMC_29310,species,0.0,abund,0.0,4593249,3,3,species,0.0,1.0000002
Centrifuger,unified,Centrifuger_unified,simulated,simulated,ont,sim_ont,2829187,2829187,Psychrobacillus_sp._INOP01,Psychrobacillus_sp._INOP01,species,0.0,abund,0.0,4301978,2,2,species,0.0,1.0000002
Centrifuger,unified,Centrifuger_unified,simulated,simulated,ont,sim_ont,2830983,2830983,Arthrobacter_sp._NtRootA1,Arthrobacter_sp._NtRootA1,species,0.0,abund,0.0,5279883,1,1,species,0.0,1.0000002
Centrifuger,unified,Centrifuger_unified,simulated,simulated,ont,sim_ont,2830998,2830998,Arthrobacter_sp._NicSoilB8,Arthrobacter_sp._NicSoilB8,species,0.0,abund,0.0,5171632,2,2,species,0.0,1.0000002
Centrifuger,unified,Centrifuger_unified,simulated,simulated,ont,sim_ont,2831148,2831148,Paraneptunicella_aestuarii,Paraneptunicella aestuarii,species,0.0,abund,0.0,4913533,6,6,species,0.0,1.0000002
Centrifuger,unified,Centrifuger_unified,simulated,simulated,ont,sim_ont,2831780,2831780,Bradyrhizobium_sp._sBnM-33,Bradyrhizobium_sp._sBnM-33,species,0.0,abund,0.0,9184954,1,1,species,0.0,1.0000002
Centrifuger,unified,Centrifuger_unified,simulated,simulated,ont,sim_ont,2831966,2831966,Ruminococcus_sp._FMBCY1,Ruminococcus_sp._FMBCY1,species,0.0,abund,0.0,2375995,1,1,species,0.0,1.0000002
Centrifuger,unified,Centrifuger_unified,simulated,simulated,ont,sim_ont,2834276,2834276,Methanospirillum_purgamenti,Methanospirillum purgamenti,species,0.0,abund,0.0,3524547,1,1,species,0.0,1.0000002
Centrifuger,unified,Centrifuger_unified,simulated,simulated,ont,sim_ont,2834459,2834459,Allobaculum_mucilyticum,Allobaculum mucilyticum,species,0.0,abund,0.0,3144153,2,2,species,0.0,1.0000002
Centrifuger,unified,Centrifuger_unified,simulated,simulated,ont,sim_ont,2835869,2835869,Paenibacillus_sp._481,Paenibacillus_sp._481,species,0.0,abund,0.0,5693878,2,2,species,0.0,1.0000002
Centrifuger,unified,Centrifuger_unified,simulated,simulated,ont,sim_ont,2838156,2838156,Flavihumibacter_rivuli,Flavihumibacter rivuli,species,0.0,abund,0.0,4297234,2,2,species,0.0,1.0000002
Centrifuger,unified,Centrifuger_unified,simulated,simulated,ont,sim_ont,2838157,2838157,Flavihumibacter_fluvii,Flavihumibacter fluvii,species,0.0,abund,0.0,5001887,2,2,species,0.0,1.0000002
Centrifuger,unified,Centrifuger_unified,simulated,simulated,ont,sim_ont,2840371,2840371,Gemella_sp._zg-570,Gemella_sp._zg-570,species,0.0,abund,0.0,1558665,4,4,species,0.0,1.0000002
Centrifuger,unified,Centrifuger_unified,simulated,simulated,ont,sim_ont,2841518,2841518,Christensenella_sp._MSJ-20,Christensenella_sp._MSJ-20,species,0.0,abund,0.0,1879219,5,5,species,0.0,1.0000002
Centrifuger,unified,Centrifuger_unified,simulated,simulated,ont,sim_ont,2841528,2841528,Eubacterium_sp._MSJ-33,Eubacterium_sp._MSJ-33,species,0.0,abund,0.0,2908239,9,9,species,0.0,1.0000002
Centrifuger,unified,Centrifuger_unified,simulated,simulated,ont,sim_ont,2847299,2847299,Bacteroides_sp._DH3716P,Bacteroides_sp._DH3716P,species,0.7272500000000001,abund,0.0072725,6629470,24084,24084,species,0.7272498545500292,1.0000002
Centrifuger,unified,Centrifuger_unified,simulated,simulated,ont,sim_ont,2853432,2853432,Allobaculum_sp._Allo2,Allobaculum_sp._Allo2,species,0.0,abund,0.0,2728410,2,2,species,0.0,1.0000002
Centrifuger,unified,Centrifuger_unified,simulated,simulated,ont,sim_ont,2854036,2854036,Nitratireductor_rhodophyticola,Nitratireductor rhodophyticola,species,0.0,abund,0.0,4678628,2,2,species,0.0,1.0000002
Centrifuger,unified,Centrifuger_unified,simulated,simulated,ont,sim_ont,2855394,2855394,Crassaminicella_indica,Crassaminicella indica,species,0.0,abund,0.0,2756133,1,1,species,0.0,1.0000002
Centrifuger,unified,Centrifuger_unified,simulated,simulated,ont,sim_ont,2855841,2855841,Polaribacter_sp._NJDZ03,Polaribacter_sp._NJDZ03,species,0.0,abund,0.0,4078668,1,1,species,0.0,1.0000002
Centrifuger,unified,Centrifuger_unified,simulated,simulated,ont,sim_ont,2860051,2860051,Blautia_sp._KLE_1732_HM_1032,Blautia_sp._KLE_1732_HM_1032,species,0.00093,abund,9.3e-06,3732965,45,45,species,0.0009299998140000372,1.0000002
Centrifuger,unified,Centrifuger_unified,simulated,simulated,ont,sim_ont,2861283,2861283,Massilia_sp._PAMC28688,Massilia_sp._PAMC28688,species,0.0,abund,0.0,5455977,1,1,species,0.0,1.0000002
Centrifuger,unified,Centrifuger_unified,simulated,simulated,ont,sim_ont,2866201,2866201,Enterobacter_sp._Colony194,Enterobacter_sp._Colony194,species,0.0,abund,0.0,3976281,8,8,species,0.0,1.0000002
Centrifuger,unified,Centrifuger_unified,simulated,simulated,ont,sim_ont,2866810,2866810,Paenibacillus_sp._PSB04,Paenibacillus_sp._PSB04,species,0.0,abund,0.0,7323761,2,2,species,0.0,1.0000002
Centrifuger,unified,Centrifuger_unified,simulated,simulated,ont,sim_ont,2867025,2867025,Sulfitobacter_sp._W027,Sulfitobacter_sp._W027,species,0.0,abund,0.0,4147109,1,1,species,0.0,1.0000002
Centrifuger,unified,Centrifuger_unified,simulated,simulated,ont,sim_ont,2875706,2875706,Streptomyces_gobiensis,Streptomyces gobiensis,species,0.0,abund,0.0,5691859,1,1,species,0.0,1.0000002
Centrifuger,unified,Centrifuger_unified,simulated,simulated,ont,sim_ont,2875764,2875764,Macrococcus_armenti,Macrococcus armenti,species,0.0,abund,0.0,15743995,1,0,species,0.0,1.0000002
Centrifuger,unified,Centrifuger_unified,simulated,simulated,ont,sim_ont,2875962,2875962,Candidatus_Sulfidibacterium_hydrothermale,Candidatus Sulfidibacterium_hydrothermale,species,0.0,abund,0.0,3266086,1,1,species,0.0,1.0000002
Centrifuger,unified,Centrifuger_unified,simulated,simulated,ont,sim_ont,2877527,2877527,Blautia_parvula,Blautia parvula,species,0.0,abund,0.0,6247046,52,51,species,0.0,1.0000002
Centrifuger,unified,Centrifuger_unified,simulated,simulated,ont,sim_ont,2878098,2878098,Pectobacterium_colocasium,Pectobacterium colocasium,species,0.0,abund,0.0,4912018,2,2,species,0.0,1.0000002
Centrifuger,unified,Centrifuger_unified,simulated,simulated,ont,sim_ont,2879116,2879116,Pseudochrobactrum_sp._XF203,Pseudochrobactrum_sp._XF203,species,0.0,abund,0.0,3895835,1,1,species,0.0,1.0000002
Centrifuger,unified,Centrifuger_unified,simulated,simulated,ont,sim_ont,2879939,2879939,Chryseobacterium_sp._MEBOG07,Chryseobacterium_sp._MEBOG07,species,0.0,abund,0.0,5184168,2,2,species,0.0,1.0000002
Centrifuger,unified,Centrifuger_unified,simulated,simulated,ont,sim_ont,2880218,2880218,Paraburkholderia_sp._D15,Paraburkholderia_sp._D15,species,0.0,abund,0.0,8325170,17,17,species,0.0,1.0000002
Centrifuger,unified,Centrifuger_unified,simulated,simulated,ont,sim_ont,2885078,2885078,Rhodococcus_sp._RDE2,Rhodococcus_sp._RDE2,species,0.0,abund,0.0,5715406,4,4,species,0.0,1.0000002
Centrifuger,unified,Centrifuger_unified,simulated,simulated,ont,sim_ont,2885764,2885764,Globicatella_sp._PHS-GS-PNBC-21-1553,Globicatella_sp._PHS-GS-PNBC-21-1553,species,0.00011999999999999999,abund,1.2e-06,2539934,1,1,species,0.00011999997600000479,1.0000002
Centrifuger,unified,Centrifuger_unified,simulated,simulated,ont,sim_ont,2892440,2892440,Staphylococcus_ratti,Staphylococcus ratti,species,0.0,abund,0.0,2323337,6,6,species,0.0,1.0000002
Centrifuger,unified,Centrifuger_unified,simulated,simulated,ont,sim_ont,2893882,2893882,Chryseobacterium_sp._C-71,Chryseobacterium_sp._C-71,species,0.0,abund,0.0,4219626,1,1,species,0.0,1.0000002
Centrifuger,unified,Centrifuger_unified,simulated,simulated,ont,sim_ont,2893886,2893886,Flavobacterium_galactosidilyticum,Flavobacterium galactosidilyticum,species,0.0,abund,0.0,3530395,5,5,species,0.0,1.0000002
Centrifuger,unified,Centrifuger_unified,simulated,simulated,ont,sim_ont,2895352,2895352,Aliamphritea_hakodatensis,Aliamphritea hakodatensis,species,0.0,abund,0.0,5208344,2,2,species,0.0,1.0000002
Centrifuger,unified,Centrifuger_unified,simulated,simulated,ont,sim_ont,2895946,2895946,Paenibacillus_sp._MMS20-IR301,Paenibacillus_sp._MMS20-IR301,species,0.0,abund,0.0,7692718,4,4,species,0.0,1.0000002
Centrifuger,unified,Centrifuger_unified,simulated,simulated,ont,sim_ont,2895947,2895947,Flavobacterium_cyclinae,Flavobacterium cyclinae,species,0.0,abund,0.0,3017062,1,1,species,0.0,1.0000002
Centrifuger,unified,Centrifuger_unified,simulated,simulated,ont,sim_ont,2896848,2896848,Yinghuangia_sp._ASG_101,Yinghuangia_sp._ASG_101,species,0.0,abund,0.0,8343587,1,1,species,0.0,1.0000002
Centrifuger,unified,Centrifuger_unified,simulated,simulated,ont,sim_ont,2896849,2896849,Novosphingobium_kaempferiae,Novosphingobium kaempferiae,species,0.0,abund,0.0,5698134,3,3,species,0.0,1.0000002
Centrifuger,unified,Centrifuger_unified,simulated,simulated,ont,sim_ont,2899121,2899121,Tannockella_kyphosi,Tannockella kyphosi,species,0.0,abund,0.0,2260890,15,15,species,0.0,1.0000002
Centrifuger,unified,Centrifuger_unified,simulated,simulated,ont,sim_ont,2900738,2900738,Sinomicrobium_kalidii,Sinomicrobium kalidii,species,0.0,abund,0.0,5364211,1,1,species,0.0,1.0000002
Centrifuger,unified,Centrifuger_unified,simulated,simulated,ont,sim_ont,2903577,2903577,Kitasatospora_sp._NBC_01539,Kitasatospora_sp._NBC_01539,species,0.0,abund,0.0,9364696,2,2,species,0.0,1.0000002
Centrifuger,unified,Centrifuger_unified,simulated,simulated,ont,sim_ont,2903584,2903584,Microbispora_sp._NBC_01389,Microbispora_sp._NBC_01389,species,0.0,abund,0.0,7460551,2,2,species,0.0,1.0000002
Centrifuger,unified,Centrifuger_unified,simulated,simulated,ont,sim_ont,2903596,2903596,Nocardia_sp._NBC_01388,Nocardia_sp._NBC_01388,species,0.0,abund,0.0,8957172,1,1,species,0.0,1.0000002
Centrifuger,unified,Centrifuger_unified,simulated,simulated,ont,sim_ont,2903671,2903671,Streptomyces_sp._NBC_00691,Streptomyces_sp._NBC_00691,species,0.0,abund,0.0,8336306,1,1,species,0.0,1.0000002
Centrifuger,unified,Centrifuger_unified,simulated,simulated,ont,sim_ont,2903774,2903774,Streptomyces_sp._NBC_01210,Streptomyces_sp._NBC_01210,species,0.0,abund,0.0,9208508,3,3,species,0.0,1.0000002
Centrifuger,unified,Centrifuger_unified,simulated,simulated,ont,sim_ont,2903797,2903797,Streptomyces_sp._NBC_01244,Streptomyces_sp._NBC_01244,species,0.0,abund,0.0,10001243,1,1,species,0.0,1.0000002
Centrifuger,unified,Centrifuger_unified,simulated,simulated,ont,sim_ont,2903835,2903835,Streptomyces_sp._NBC_01353,Streptomyces_sp._NBC_01353,species,0.0,abund,0.0,8565674,3,3,species,0.0,1.0000002
Centrifuger,unified,Centrifuger_unified,simulated,simulated,ont,sim_ont,2903878,2903878,Streptomyces_sp._NBC_01465,Streptomyces_sp._NBC_01465,species,0.0,abund,0.0,9138776,11,11,species,0.0,1.0000002
Centrifuger,unified,Centrifuger_unified,simulated,simulated,ont,sim_ont,2903885,2903885,Streptomyces_sp._NBC_01497,Streptomyces_sp._NBC_01497,species,0.0,abund,0.0,9081801,2,2,species,0.0,1.0000002
Centrifuger,unified,Centrifuger_unified,simulated,simulated,ont,sim_ont,2904121,2904121,Moraxella_nasovis,Moraxella nasovis,species,0.0,abund,0.0,2028236,1,1,species,0.0,1.0000002
Centrifuger,unified,Centrifuger_unified,simulated,simulated,ont,sim_ont,2904245,2904245,Fulvivirga_ulvae,Fulvivirga ulvae,species,0.0,abund,0.0,6978354,1,1,species,0.0,1.0000002
Centrifuger,unified,Centrifuger_unified,simulated,simulated,ont,sim_ont,2904247,2904247,Fulvivirga_maritima,Fulvivirga maritima,species,0.0,abund,0.0,6392613,24,24,species,0.0,1.0000002
Centrifuger,unified,Centrifuger_unified,simulated,simulated,ont,sim_ont,2904790,2904790,Cellulomonas_sp._S1-8,Cellulomonas_sp._S1-8,species,0.0,abund,0.0,4504702,1,1,species,0.0,1.0000002
Centrifuger,unified,Centrifuger_unified,simulated,simulated,ont,sim_ont,2907205,2907205,Tellurirhabdus_bombi,Tellurirhabdus bombi,species,0.0,abund,0.0,4941522,2,2,species,0.0,1.0000002
Centrifuger,unified,Centrifuger_unified,simulated,simulated,ont,sim_ont,2907827,2907827,Dehalobacter_sp._DCM,Dehalobacter_sp._DCM,species,0.0,abund,0.0,4497720,1,1,species,0.0,1.0000002
Centrifuger,unified,Centrifuger_unified,simulated,simulated,ont,sim_ont,2908210,2908210,Antarcticibacterium_sp._1MA-6-2,Antarcticibacterium_sp._1MA-6-2,species,0.0,abund,0.0,4383004,1,1,species,0.0,1.0000002
Centrifuger,unified,Centrifuger_unified,simulated,simulated,ont,sim_ont,2908211,2908211,Jeotgalibaca_sp._MA1X17-3,Jeotgalibaca_sp._MA1X17-3,species,0.0,abund,0.0,2489616,6,6,species,0.0,1.0000002
Centrifuger,unified,Centrifuger_unified,simulated,simulated,ont,sim_ont,2908839,2908839,Paenibacillus_hexagrammi,Paenibacillus hexagrammi,species,0.0,abund,0.0,6639679,1,1,species,0.0,1.0000002
Centrifuger,unified,Centrifuger_unified,simulated,simulated,ont,sim_ont,2908840,2908840,Planococcus_sp._107-1,Planococcus_sp._107-1,species,0.0,abund,0.0,3513248,1,1,species,0.0,1.0000002
Centrifuger,unified,Centrifuger_unified,simulated,simulated,ont,sim_ont,2910158,2910158,Dyadobacter_pollutisoli,Dyadobacter pollutisoli,species,0.0,abund,0.0,7688350,1,1,species,0.0,1.0000002
Centrifuger,unified,Centrifuger_unified,simulated,simulated,ont,sim_ont,2912824,2912824,Niallia_sp._Man26,Niallia_sp._Man26,species,0.0,abund,0.0,5714135,3,3,species,0.0,1.0000002
Centrifuger,unified,Centrifuger_unified,simulated,simulated,ont,sim_ont,2913620,2913620,Prevotella_sp._E2-28,Prevotella_sp._E2-28,species,0.0,abund,0.0,3761659,1,1,species,0.0,1.0000002
Centrifuger,unified,Centrifuger_unified,simulated,simulated,ont,sim_ont,2913621,2913621,Prevotella_sp._E9-3,Prevotella_sp._E9-3,species,0.0,abund,0.0,3733400,2,2,species,0.0,1.0000002
Centrifuger,unified,Centrifuger_unified,simulated,simulated,ont,sim_ont,2917160,2917160,Bacillus_phage_FADO,Bacillus phage_FADO,species,0.0,abund,0.0,164756,2,2,species,0.0,1.0000002
Centrifuger,unified,Centrifuger_unified,simulated,simulated,ont,sim_ont,2918914,2918914,Chakrabartyella_piscis,Chakrabartyella piscis,species,0.0,abund,0.0,3403101,8,8,species,0.0,1.0000002
Centrifuger,unified,Centrifuger_unified,simulated,simulated,ont,sim_ont,2921361,2921361,Paenibacillus_sp._FSL_E2-0178,Paenibacillus_sp._FSL_E2-0178,species,0.0,abund,0.0,8346813,1,1,species,0.0,1.0000002
Centrifuger,unified,Centrifuger_unified,simulated,simulated,ont,sim_ont,2921379,2921379,Paenibacillus_sp._FSL_H8-0175,Paenibacillus_sp._FSL_H8-0175,species,0.0,abund,0.0,7158814,1,1,species,0.0,1.0000002
Centrifuger,unified,Centrifuger_unified,simulated,simulated,ont,sim_ont,2921648,2921648,Paenibacillus_sp._FSL_R5-0519,Paenibacillus_sp._FSL_R5-0519,species,0.0,abund,0.0,6586589,1,1,species,0.0,1.0000002
Centrifuger,unified,Centrifuger_unified,simulated,simulated,ont,sim_ont,2921670,2921670,Sutcliffiella_sp._FSL_R7-0096,Sutcliffiella_sp._FSL_R7-0096,species,0.0,abund,0.0,4908118,7,7,species,0.0,1.0000002
Centrifuger,unified,Centrifuger_unified,simulated,simulated,ont,sim_ont,2921677,2921677,Paenibacillus_sp._FSL_R7-0216,Paenibacillus_sp._FSL_R7-0216,species,0.0,abund,0.0,5219956,1,1,species,0.0,1.0000002
Centrifuger,unified,Centrifuger_unified,simulated,simulated,ont,sim_ont,2921687,2921687,Paenibacillus_sp._FSL_R7-0652,Paenibacillus_sp._FSL_R7-0652,species,0.0,abund,0.0,6671596,1,1,species,0.0,1.0000002
Centrifuger,unified,Centrifuger_unified,simulated,simulated,ont,sim_ont,2921709,2921709,Paenibacillus_sp._FSL_W8-0186,Paenibacillus_sp._FSL_W8-0186,species,0.0,abund,0.0,5657310,1,1,species,0.0,1.0000002
Centrifuger,unified,Centrifuger_unified,simulated,simulated,ont,sim_ont,2921711,2921711,Paenibacillus_sp._FSL_W8-0194,Paenibacillus_sp._FSL_W8-0194,species,0.0,abund,0.0,6055669,1,1,species,0.0,1.0000002
Centrifuger,unified,Centrifuger_unified,simulated,simulated,ont,sim_ont,2922857,2922857,Bifidobacterium_sp._FKU,Bifidobacterium_sp._FKU,species,0.03473,abund,0.0003473,2615721,291,291,species,0.03472999305400139,1.0000002
Centrifuger,unified,Centrifuger_unified,simulated,simulated,ont,sim_ont,2923364,2923364,Apilactobacillus_apisilvae,Apilactobacillus apisilvae,species,0.0,abund,0.0,1550949,2,2,species,0.0,1.0000002
Centrifuger,unified,Centrifuger_unified,simulated,simulated,ont,sim_ont,2925845,2925845,Paenibacillus_sp._N3/727,Paenibacillus_sp._N3/727,species,0.0,abund,0.0,6347527,2,2,species,0.0,1.0000002
Centrifuger,unified,Centrifuger_unified,simulated,simulated,ont,sim_ont,2927875,2927875,Streptomyces_sp._HP-A2021,Streptomyces_sp._HP-A2021,species,0.0,abund,0.0,9607552,1,1,species,0.0,1.0000002
Centrifuger,unified,Centrifuger_unified,simulated,simulated,ont,sim_ont,2929488,2929488,Faecalibacterium_sp._IP-1-18,Faecalibacterium_sp._IP-1-18,species,0.75872,abund,0.0075872,3038545,12424,12414,species,0.7587198482560304,1.0000002
Centrifuger,unified,Centrifuger_unified,simulated,simulated,ont,sim_ont,2929489,2929489,Faecalibacterium_sp._IP-3-29,Faecalibacterium_sp._IP-3-29,species,1.03734,abund,0.0103734,3002063,16444,16429,species,1.0373397925320416,1.0000002
Centrifuger,unified,Centrifuger_unified,simulated,simulated,ont,sim_ont,2929490,2929490,Faecalibacterium_sp._I2-3-92,Faecalibacterium_sp._I2-3-92,species,1.06406,abund,0.0106406,2963404,16407,16395,species,1.0640597871880426,1.0000002
Centrifuger,unified,Centrifuger_unified,simulated,simulated,ont,sim_ont,2929492,2929492,Faecalibacterium_sp._I3-3-33,Faecalibacterium_sp._I3-3-33,species,0.0,abund,0.0,2994777,1,1,species,0.0,1.0000002
Centrifuger,unified,Centrifuger_unified,simulated,simulated,ont,sim_ont,2929493,2929493,Faecalibacterium_sp._I3-3-89,Faecalibacterium_sp._I3-3-89,species,0.9332,abund,0.009332,2816187,15994,15939,species,0.9331998133600374,1.0000002
Centrifuger,unified,Centrifuger_unified,simulated,simulated,ont,sim_ont,2929494,2929494,Faecalibacterium_sp._I4-1-79,Faecalibacterium_sp._I4-1-79,species,1.02937,abund,0.0102937,3227950,18423,18378,species,1.0293697941260411,1.0000002
Centrifuger,unified,Centrifuger_unified,simulated,simulated,ont,sim_ont,2929495,2929495,Faecalibacterium_sp._I4-3-84,Faecalibacterium_sp._I4-3-84,species,1.05495,abund,0.0105495,3119411,17592,17552,species,1.0549497890100423,1.0000002
Centrifuger,unified,Centrifuger_unified,simulated,simulated,ont,sim_ont,2931921,2931921,Alicyclobacillus_mengziensis,Alicyclobacillus mengziensis,species,0.0,abund,0.0,5293537,8,8,species,0.0,1.0000002
Centrifuger,unified,Centrifuger_unified,simulated,simulated,ont,sim_ont,2932259,2932259,Halobacillus_amylolyticus,Halobacillus amylolyticus,species,0.0,abund,0.0,4299351,1,1,species,0.0,1.0000002
Centrifuger,unified,Centrifuger_unified,simulated,simulated,ont,sim_ont,2933872,2933872,Ectobacillus_sp._JY-23,Ectobacillus_sp._JY-23,species,0.0,abund,0.0,3893080,4,4,species,0.0,1.0000002
Centrifuger,unified,Centrifuger_unified,simulated,simulated,ont,sim_ont,2935863,2935863,Alkalimarinus_coralli,Alkalimarinus coralli,species,0.0,abund,0.0,14466384,1,0,species,0.0,1.0000002
Centrifuger,unified,Centrifuger_unified,simulated,simulated,ont,sim_ont,2937442,2937442,Flavobacterium_humidisoli,Flavobacterium humidisoli,species,0.0,abund,0.0,5636211,1,1,species,0.0,1.0000002
Centrifuger,unified,Centrifuger_unified,simulated,simulated,ont,sim_ont,2944914,2944914,Allocoprobacillus_halotolerans,Allocoprobacillus halotolerans,species,0.7925700000000001,abund,0.0079257,2931125,16970,16822,species,0.7925698414860318,1.0000002
Centrifuger,unified,Centrifuger_unified,simulated,simulated,ont,sim_ont,2950108,2950108,Sneathiella_marina,Sneathiella marina,species,0.0,abund,0.0,4067215,1,1,species,0.0,1.0000002
Centrifuger,unified,Centrifuger_unified,simulated,simulated,ont,sim_ont,2950874,2950874,Halomonas_sp._H10-59,Halomonas_sp._H10-59,species,0.0,abund,0.0,4776972,4,4,species,0.0,1.0000002
Centrifuger,unified,Centrifuger_unified,simulated,simulated,ont,sim_ont,2952571,2952571,Chitinophaga_sp._HK235,Chitinophaga_sp._HK235,species,0.0,abund,0.0,8341603,8,8,species,0.0,1.0000002
Centrifuger,unified,Centrifuger_unified,simulated,simulated,ont,sim_ont,2953748,2953748,Halorussus_aquaticus,Halorussus aquaticus,species,0.0,abund,0.0,4739434,1,1,species,0.0,1.0000002
Centrifuger,unified,Centrifuger_unified,simulated,simulated,ont,sim_ont,2954084,2954084,Pseudomonas_sp._FP198,Pseudomonas_sp._FP198,species,0.0,abund,0.0,5859309,1,1,species,0.0,1.0000002
Centrifuger,unified,Centrifuger_unified,simulated,simulated,ont,sim_ont,2954094,2954094,Pseudomonas_sp._FP453,Pseudomonas_sp._FP453,species,0.0,abund,0.0,6282155,5,5,species,0.0,1.0000002
Centrifuger,unified,Centrifuger_unified,simulated,simulated,ont,sim_ont,2954525,2954525,Paenibacillus_sp._FSL_M8-0142,Paenibacillus_sp._FSL_M8-0142,species,0.0,abund,0.0,6721699,3,3,species,0.0,1.0000002
Centrifuger,unified,Centrifuger_unified,simulated,simulated,ont,sim_ont,2954545,2954545,Streptococcus_sp._FSL_W7-1342,Streptococcus_sp._FSL_W7-1342,species,3.9999999999999996e-05,abund,4e-07,2195094,1,1,species,3.999999200000161e-05,1.0000002
Centrifuger,unified,Centrifuger_unified,simulated,simulated,ont,sim_ont,2954593,2954593,Ureibacillus_sp._FSL_W7-1570,Ureibacillus_sp._FSL_W7-1570,species,0.0,abund,0.0,3280775,2,2,species,0.0,1.0000002
Centrifuger,unified,Centrifuger_unified,simulated,simulated,ont,sim_ont,2954661,2954661,Paenibacillus_sp._FSL_R10-2782,Paenibacillus_sp._FSL_R10-2782,species,0.0,abund,0.0,5603820,1,1,species,0.0,1.0000002
Centrifuger,unified,Centrifuger_unified,simulated,simulated,ont,sim_ont,2954672,2954672,Neobacillus_sp._FSL_H8-0543,Neobacillus_sp._FSL_H8-0543,species,0.0,abund,0.0,5295870,5,5,species,0.0,1.0000002
Centrifuger,unified,Centrifuger_unified,simulated,simulated,ont,sim_ont,2954679,2954679,Paenibacillus_sp._FSL_K6-2441,Paenibacillus_sp._FSL_K6-2441,species,0.0,abund,0.0,4654919,3,3,species,0.0,1.0000002
Centrifuger,unified,Centrifuger_unified,simulated,simulated,ont,sim_ont,2954681,2954681,Ureibacillus_sp._FSL_K6-3587,Ureibacillus_sp._FSL_K6-3587,species,0.0,abund,0.0,3434567,7,7,species,0.0,1.0000002
Centrifuger,unified,Centrifuger_unified,simulated,simulated,ont,sim_ont,2954684,2954684,Ureibacillus_sp._FSL_K6-8385,Ureibacillus_sp._FSL_K6-8385,species,0.0,abund,0.0,2913419,1,1,species,0.0,1.0000002
Centrifuger,unified,Centrifuger_unified,simulated,simulated,ont,sim_ont,2954685,2954685,Paenibacillus_sp._FSL_L8-0340,Paenibacillus_sp._FSL_L8-0340,species,0.0,abund,0.0,7459600,2,2,species,0.0,1.0000002
Centrifuger,unified,Centrifuger_unified,simulated,simulated,ont,sim_ont,2961896,2961896,Pseudomonas_nunensis,Pseudomonas nunensis,species,0.0,abund,0.0,7328926,9,9,species,0.0,1.0000002
Centrifuger,unified,Centrifuger_unified,simulated,simulated,ont,sim_ont,2963365,2963365,Turicibacter_faecis,Turicibacter faecis,species,0.0,abund,0.0,2431147,1,1,species,0.0,1.0000002
Centrifuger,unified,Centrifuger_unified,simulated,simulated,ont,sim_ont,2963939,2963939,Methylomonas_rapida,Methylomonas rapida,species,0.0,abund,0.0,4592903,1,1,species,0.0,1.0000002
Centrifuger,unified,Centrifuger_unified,simulated,simulated,ont,sim_ont,2964669,2964669,Streptomyces_changanensis,Streptomyces changanensis,species,0.0,abund,0.0,6900504,3,3,species,0.0,1.0000002
Centrifuger,unified,Centrifuger_unified,simulated,simulated,ont,sim_ont,2973072,2973072,Pseudodesulfovibrio_nedwellii,Pseudodesulfovibrio nedwellii,species,0.0,abund,0.0,3762062,2,2,species,0.0,1.0000002
Centrifuger,unified,Centrifuger_unified,simulated,simulated,ont,sim_ont,2974023,2974023,Fontisphaera_persica,Fontisphaera persica,species,0.0,abund,0.0,4726914,2,2,species,0.0,1.0000002
Centrifuger,unified,Centrifuger_unified,simulated,simulated,ont,sim_ont,2975289,2975289,Peribacillus_sp._FSL_E2-0159,Peribacillus_sp._FSL_E2-0159,species,0.0,abund,0.0,5828524,1,1,species,0.0,1.0000002
Centrifuger,unified,Centrifuger_unified,simulated,simulated,ont,sim_ont,2975710,2975710,Streptomyces_sp._NBC_00316,Streptomyces_sp._NBC_00316,species,0.0,abund,0.0,9468941,1,1,species,0.0,1.0000002
Centrifuger,unified,Centrifuger_unified,simulated,simulated,ont,sim_ont,2975751,2975751,Streptomyces_sp._NBC_00464,Streptomyces_sp._NBC_00464,species,0.0,abund,0.0,8961255,1,1,species,0.0,1.0000002
Centrifuger,unified,Centrifuger_unified,simulated,simulated,ont,sim_ont,2975783,2975783,Streptomyces_sp._NBC_00582,Streptomyces_sp._NBC_00582,species,0.0,abund,0.0,11145185,1,1,species,0.0,1.0000002
Centrifuger,unified,Centrifuger_unified,simulated,simulated,ont,sim_ont,2975848,2975848,Streptomyces_sp._NBC_00842,Streptomyces_sp._NBC_00842,species,0.0,abund,0.0,9686107,2,2,species,0.0,1.0000002
Centrifuger,unified,Centrifuger_unified,simulated,simulated,ont,sim_ont,2975859,2975859,Streptomyces_sp._NBC_00887,Streptomyces_sp._NBC_00887,species,0.0,abund,0.0,10314838,6,6,species,0.0,1.0000002
Centrifuger,unified,Centrifuger_unified,simulated,simulated,ont,sim_ont,2975940,2975940,Streptomyces_sp._NBC_01788,Streptomyces_sp._NBC_01788,species,0.0,abund,0.0,8269445,1,1,species,0.0,1.0000002
Centrifuger,unified,Centrifuger_unified,simulated,simulated,ont,sim_ont,2975950,2975950,Streptosporangium_sp._NBC_01756,Streptosporangium_sp._NBC_01756,species,0.0,abund,0.0,9002924,1,1,species,0.0,1.0000002
Centrifuger,unified,Centrifuger_unified,simulated,simulated,ont,sim_ont,2976335,2976335,Chlorobaculum_sp._MV4-Y,Chlorobaculum_sp._MV4-Y,species,0.0,abund,0.0,2239776,1,1,species,0.0,1.0000002
Centrifuger,unified,Centrifuger_unified,simulated,simulated,ont,sim_ont,2976982,2976982,Pigmentibacter_sp._JX0631,Pigmentibacter_sp._JX0631,species,0.0,abund,0.0,3654982,1,1,species,0.0,1.0000002
Centrifuger,unified,Centrifuger_unified,simulated,simulated,ont,sim_ont,2976983,2976983,Desulfovibrio_mangrovi,Desulfovibrio mangrovi,species,0.0,abund,0.0,3947083,1,1,species,0.0,1.0000002
Centrifuger,unified,Centrifuger_unified,simulated,simulated,ont,sim_ont,2978392,2978392,Phyllobacterium_sp._A18/5-2,Phyllobacterium_sp._A18/5-2,species,0.0,abund,0.0,5805043,14,14,species,0.0,1.0000002
Centrifuger,unified,Centrifuger_unified,simulated,simulated,ont,sim_ont,2980026,2980026,Fervidibacillus_albus,Fervidibacillus albus,species,0.0,abund,0.0,3150493,2,2,species,0.0,1.0000002
Centrifuger,unified,Centrifuger_unified,simulated,simulated,ont,sim_ont,2980554,2980554,Maribacter_halichondriae,Maribacter halichondriae,species,0.0,abund,0.0,4529002,2,2,species,0.0,1.0000002
Centrifuger,unified,Centrifuger_unified,simulated,simulated,ont,sim_ont,2982615,2982615,Polynucleobacter_sp._KF022,Polynucleobacter_sp._KF022,species,0.0,abund,0.0,1868546,2,2,species,0.0,1.0000002
Centrifuger,unified,Centrifuger_unified,simulated,simulated,ont,sim_ont,2983267,2983267,Chryseobacterium_sp._PET-29,Chryseobacterium_sp._PET-29,species,0.0,abund,0.0,4125210,1,1,species,0.0,1.0000002
Centrifuger,unified,Centrifuger_unified,simulated,simulated,ont,sim_ont,2985571,2985571,Bifidobacterium_sp._KRGSERBCFTRI,Bifidobacterium_sp._KRGSERBCFTRI,species,0.23582999999999998,abund,0.0023583,3379484,2553,2553,species,0.23582995283400943,1.0000002
Centrifuger,unified,Centrifuger_unified,simulated,simulated,ont,sim_ont,2991051,2991051,Pseudomonas_sp._KU26590,Pseudomonas_sp._KU26590,species,0.0,abund,0.0,6179442,4,4,species,0.0,1.0000002
Centrifuger,unified,Centrifuger_unified,simulated,simulated,ont,sim_ont,2991053,2991053,Fictibacillus_sp._KU28468,Fictibacillus_sp._KU28468,species,0.0,abund,0.0,4355050,1,1,species,0.0,1.0000002
Centrifuger,unified,Centrifuger_unified,simulated,simulated,ont,sim_ont,2992140,2992140,Bradyrhizobium_barranii,Bradyrhizobium barranii,species,0.0,abund,0.0,14362482,1,1,species,0.0,1.0000002
Centrifuger,unified,Centrifuger_unified,simulated,simulated,ont,sim_ont,2993563,2993563,Hydrogenimonas_cancrithermarum,Hydrogenimonas cancrithermarum,species,0.0,abund,0.0,2378694,2,2,species,0.0,1.0000002
Centrifuger,unified,Centrifuger_unified,simulated,simulated,ont,sim_ont,2994035,2994035,Sellimonas_catena,Sellimonas catena,species,0.00041999999999999996,abund,4.2e-06,3825976,439,249,species,0.0004199999160000168,1.0000002
Centrifuger,unified,Centrifuger_unified,simulated,simulated,ont,sim_ont,2994493,2994493,Sodalis-like_secondary_symbiont_of_Drepanosiphum_platanoidis,Sodalis-like_secondary symbiont_of Drepanosiphum_platanoidis,species,0.0,abund,0.0,472091,1,1,species,0.0,1.0000002
Centrifuger,unified,Centrifuger_unified,simulated,simulated,ont,sim_ont,2994496,2994496,Dyella_sp._GSA-30,Dyella_sp._GSA-30,species,0.0,abund,0.0,5501810,1,1,species,0.0,1.0000002
Centrifuger,unified,Centrifuger_unified,simulated,simulated,ont,sim_ont,2995141,2995141,Agrococcus_sp._SL85,Agrococcus_sp._SL85,species,0.0,abund,0.0,2705363,1,1,species,0.0,1.0000002
Centrifuger,unified,Centrifuger_unified,simulated,simulated,ont,sim_ont,2995304,2995304,Nannocystis_poenicansa,Nannocystis poenicansa,species,0.0,abund,0.0,13228663,3,3,species,0.0,1.0000002
Centrifuger,unified,Centrifuger_unified,simulated,simulated,ont,sim_ont,2996004,2996004,Brachybacterium_sp._NBEC-018,Brachybacterium_sp._NBEC-018,species,0.0,abund,0.0,3863999,1,1,species,0.0,1.0000002
Centrifuger,unified,Centrifuger_unified,simulated,simulated,ont,sim_ont,2996794,2996794,Haliovirga_abyssi,Haliovirga abyssi,species,0.0,abund,0.0,2725473,1,1,species,0.0,1.0000002
Centrifuger,unified,Centrifuger_unified,simulated,simulated,ont,sim_ont,3002743,3002743,Chlamydia_sp._16-02,Chlamydia_sp._16-02,species,0.0,abund,0.0,1234537,1,1,species,0.0,1.0000002
Centrifuger,unified,Centrifuger_unified,simulated,simulated,ont,sim_ont,3003257,3003257,Flavobacterium_aestivum,Flavobacterium aestivum,species,0.0,abund,0.0,4580707,2,2,species,0.0,1.0000002
Centrifuger,unified,Centrifuger_unified,simulated,simulated,ont,sim_ont,3003261,3003261,Flavobacterium_aquiphilum,Flavobacterium aquiphilum,species,0.0,abund,0.0,5054800,1,1,species,0.0,1.0000002
Centrifuger,unified,Centrifuger_unified,simulated,simulated,ont,sim_ont,3003263,3003263,Flavobacterium_eburneipallidum,Flavobacterium eburneipallidum,species,0.0,abund,0.0,3845436,2,2,species,0.0,1.0000002
Centrifuger,unified,Centrifuger_unified,simulated,simulated,ont,sim_ont,3003601,3003601,Peptostreptococcus_equinus,Peptostreptococcus equinus,species,0.0,abund,0.0,1995029,1,1,species,0.0,1.0000002
Centrifuger,unified,Centrifuger_unified,simulated,simulated,ont,sim_ont,3009078,3009078,Endozoicomonas_sp._GU-1,Endozoicomonas_sp._GU-1,species,0.0,abund,0.0,6098955,2,0,species,0.0,1.0000002
Centrifuger,unified,Centrifuger_unified,simulated,simulated,ont,sim_ont,3015154,3015154,Streptomyces_sp._WMMC500,Streptomyces_sp._WMMC500,species,0.0,abund,0.0,8614341,1,1,species,0.0,1.0000002
Centrifuger,unified,Centrifuger_unified,simulated,simulated,ont,sim_ont,3015168,3015168,Zunongwangia_sp._HGR-M22,Zunongwangia_sp._HGR-M22,species,0.0,abund,0.0,4040619,1,1,species,0.0,1.0000002
Centrifuger,unified,Centrifuger_unified,simulated,simulated,ont,sim_ont,3016343,3016343,Peptoniphilus_equinus,Peptoniphilus equinus,species,0.0,abund,0.0,1709189,2,2,species,0.0,1.0000002
Centrifuger,unified,Centrifuger_unified,simulated,simulated,ont,sim_ont,3016528,3016528,Vibrio_sp._CB1-14,Vibrio_sp._CB1-14,species,0.0,abund,0.0,5543559,1,1,species,0.0,1.0000002
Centrifuger,unified,Centrifuger_unified,simulated,simulated,ont,sim_ont,3020716,3020716,Acinetobacter_sp._GSS19,Acinetobacter_sp._GSS19,species,0.0,abund,0.0,2586360,3,3,species,0.0,1.0000002
Centrifuger,unified,Centrifuger_unified,simulated,simulated,ont,sim_ont,3020899,3020899,Candidatus_Nitrospira_neomarina,Candidatus Nitrospira_neomarina,species,0.0,abund,0.0,4796525,1,1,species,0.0,1.0000002
Centrifuger,unified,Centrifuger_unified,simulated,simulated,ont,sim_ont,3025668,3025668,Flavobacterium_sp._KACC_22763,Flavobacterium_sp._KACC_22763,species,0.0,abund,0.0,5561005,1,1,species,0.0,1.0000002
Centrifuger,unified,Centrifuger_unified,simulated,simulated,ont,sim_ont,3025671,3025671,Mucilaginibacter_sp._KACC_22773,Mucilaginibacter_sp._KACC_22773,species,0.0,abund,0.0,7541737,1,1,species,0.0,1.0000002
Centrifuger,unified,Centrifuger_unified,simulated,simulated,ont,sim_ont,3026424,3026424,Bremerella_sp._P1,Bremerella_sp._P1,species,0.0,abund,0.0,6955728,1,1,species,0.0,1.0000002
Centrifuger,unified,Centrifuger_unified,simulated,simulated,ont,sim_ont,3028070,3028070,Claveliimonas_bilis,Claveliimonas bilis,species,0.0,abund,0.0,9567555,345,88,species,0.0,1.0000002
Centrifuger,unified,Centrifuger_unified,simulated,simulated,ont,sim_ont,3028298,3028298,Methanolapillus_ohkumae,Methanolapillus ohkumae,species,0.0,abund,0.0,1895112,1,1,species,0.0,1.0000002
Centrifuger,unified,Centrifuger_unified,simulated,simulated,ont,sim_ont,3029174,3029174,Caloramator_sp._Dgby_cultured_2,Caloramator_sp._Dgby cultured_2,species,0.0,abund,0.0,2598869,1,1,species,0.0,1.0000002
Centrifuger,unified,Centrifuger_unified,simulated,simulated,ont,sim_ont,3030017,3030017,Caproiciproducens_sp._CPB-2,Caproiciproducens_sp._CPB-2,species,0.0,abund,0.0,3446181,12,12,species,0.0,1.0000002
Centrifuger,unified,Centrifuger_unified,simulated,simulated,ont,sim_ont,3030638,3030638,Faecalibacterium_taiwanense,Faecalibacterium taiwanense,species,0.0,abund,0.0,2955389,28,28,species,0.0,1.0000002
Centrifuger,unified,Centrifuger_unified,simulated,simulated,ont,sim_ont,3031803,3031803,Chryseobacterium_sp._WX,Chryseobacterium_sp._WX,species,0.0,abund,0.0,5306780,1,1,species,0.0,1.0000002
Centrifuger,unified,Centrifuger_unified,simulated,simulated,ont,sim_ont,3031916,3031916,Halobaculum_limi,Halobaculum limi,species,0.0,abund,0.0,3478749,2,2,species,0.0,1.0000002
Centrifuger,unified,Centrifuger_unified,simulated,simulated,ont,sim_ont,3032282,3032282,Cupriavidus_sp._WKF15,Cupriavidus_sp._WKF15,species,0.0,abund,0.0,7376596,1,1,species,0.0,1.0000002
Centrifuger,unified,Centrifuger_unified,simulated,simulated,ont,sim_ont,3032584,3032584,Haloarcula_halophila,Haloarcula halophila,species,0.0,abund,0.0,4041616,1,1,species,0.0,1.0000002
Centrifuger,unified,Centrifuger_unified,simulated,simulated,ont,sim_ont,3032586,3032586,Zobellia_alginiliquefaciens,Zobellia alginiliquefaciens,species,0.0,abund,0.0,5066785,1,1,species,0.0,1.0000002
Centrifuger,unified,Centrifuger_unified,simulated,simulated,ont,sim_ont,3034233,3034233,Mammaliicoccus_sp._Dog046,Mammaliicoccus_sp._Dog046,species,0.0,abund,0.0,2567439,2,2,species,0.0,1.0000002
Centrifuger,unified,Centrifuger_unified,simulated,simulated,ont,sim_ont,3034506,3034506,Teredinibacter_sp._KSP-S5-2,Teredinibacter_sp._KSP-S5-2,species,0.0,abund,0.0,5033530,1,1,species,0.0,1.0000002
Centrifuger,unified,Centrifuger_unified,simulated,simulated,ont,sim_ont,3035453,3035453,Vibrio_sp._FE10,Vibrio_sp._FE10,species,0.0,abund,0.0,5999096,8,8,species,0.0,1.0000002
Centrifuger,unified,Centrifuger_unified,simulated,simulated,ont,sim_ont,3035694,3035694,Tissierella_sp._Yu-01,Tissierella_sp._Yu-01,species,0.0,abund,0.0,2947135,2,2,species,0.0,1.0000002
Centrifuger,unified,Centrifuger_unified,simulated,simulated,ont,sim_ont,3036300,3036300,Anaerococcus_sp._Marseille-Q7828,Anaerococcus_sp._Marseille-Q7828,species,0.0,abund,0.0,1946085,1,1,species,0.0,1.0000002
Centrifuger,unified,Centrifuger_unified,simulated,simulated,ont,sim_ont,3036926,3036926,Anaerostipes_sp._PC18,Anaerostipes_sp._PC18,species,0.0,abund,0.0,3423836,25,25,species,0.0,1.0000002
Centrifuger,unified,Centrifuger_unified,simulated,simulated,ont,sim_ont,3036945,3036945,Proteiniclasticum_sp._QWL-01,Proteiniclasticum_sp._QWL-01,species,0.0,abund,0.0,3691162,1,1,species,0.0,1.0000002
Centrifuger,unified,Centrifuger_unified,simulated,simulated,ont,sim_ont,3037457,3037457,Lactococcus_sp._bn62,Lactococcus_sp._bn62,species,0.0,abund,0.0,2265274,3,3,species,0.0,1.0000002
Centrifuger,unified,Centrifuger_unified,simulated,simulated,ont,sim_ont,3039116,3039116,Anaerocolumna_sp._AGMB13025,Anaerocolumna_sp._AGMB13025,species,0.0,abund,0.0,6817888,4,4,species,0.0,1.0000002
Centrifuger,unified,Centrifuger_unified,simulated,simulated,ont,sim_ont,3043847,3043847,Arthrobacter_sp._EM1,Arthrobacter_sp._EM1,species,0.0,abund,0.0,3885750,1,1,species,0.0,1.0000002
Centrifuger,unified,Centrifuger_unified,simulated,simulated,ont,sim_ont,3045146,3045146,Petroclostridium_sp._X23,Petroclostridium_sp._X23,species,0.0,abund,0.0,5512510,1,1,species,0.0,1.0000002
Centrifuger,unified,Centrifuger_unified,simulated,simulated,ont,sim_ont,3046382,3046382,Aristaeella_hokkaidonensis,Aristaeella hokkaidonensis,species,0.0,abund,0.0,3390518,1,1,species,0.0,1.0000002
Centrifuger,unified,Centrifuger_unified,simulated,simulated,ont,sim_ont,3046383,3046383,Aristaeella_lactis,Aristaeella lactis,species,0.0,abund,0.0,3450610,1,1,species,0.0,1.0000002
Centrifuger,unified,Centrifuger_unified,simulated,simulated,ont,sim_ont,3047753,3047753,Alphabaculovirus_chrychalcites,Alphabaculovirus chrychalcites,species,0.0,abund,0.0,149622,3,3,species,0.0,1.0000002
Centrifuger,unified,Centrifuger_unified,simulated,simulated,ont,sim_ont,3047871,3047871,Neobacillus_sp._DY30,Neobacillus_sp._DY30,species,0.0,abund,0.0,6139711,4,4,species,0.0,1.0000002
Centrifuger,unified,Centrifuger_unified,simulated,simulated,ont,sim_ont,3047873,3047873,Neobacillus_sp._WH10,Neobacillus_sp._WH10,species,0.0,abund,0.0,5588297,3,3,species,0.0,1.0000002
Centrifuger,unified,Centrifuger_unified,simulated,simulated,ont,sim_ont,3047874,3047874,Neobacillus_sp._YX16,Neobacillus_sp._YX16,species,0.0,abund,0.0,6231385,5,5,species,0.0,1.0000002
Centrifuger,unified,Centrifuger_unified,simulated,simulated,ont,sim_ont,3047875,3047875,Neobacillus_sp._SuZ13,Neobacillus_sp._SuZ13,species,0.0,abund,0.0,6085354,1,1,species,0.0,1.0000002
Centrifuger,unified,Centrifuger_unified,simulated,simulated,ont,sim_ont,3048535,3048535,Neobacillus_sp._114,Neobacillus_sp._114,species,0.0,abund,0.0,6399285,3,3,species,0.0,1.0000002
Centrifuger,unified,Centrifuger_unified,simulated,simulated,ont,sim_ont,3050072,3050072,Proteiniborus_sp._MB09-C3,Proteiniborus_sp._MB09-C3,species,0.0,abund,0.0,3881360,1,1,species,0.0,1.0000002
Centrifuger,unified,Centrifuger_unified,simulated,simulated,ont,sim_ont,3050112,3050112,Paenibacillus_polygoni,Paenibacillus polygoni,species,0.0,abund,0.0,4939088,2,2,species,0.0,1.0000002
Centrifuger,unified,Centrifuger_unified,simulated,simulated,ont,sim_ont,3051614,3051614,Cytobacillus_pseudoceanisediminis,Cytobacillus pseudoceanisediminis,species,0.0,abund,0.0,5690443,5,5,species,0.0,1.0000002
Centrifuger,unified,Centrifuger_unified,simulated,simulated,ont,sim_ont,3052048,3052048,Bocaparvovirus_ungulate4,Bocaparvovirus_ungulate4,species,0.0,abund,0.0,5267,29,29,species,0.0,1.0000002
Centrifuger,unified,Centrifuger_unified,simulated,simulated,ont,sim_ont,3053613,3053613,Maribacter_sp._BPC-D8,Maribacter_sp._BPC-D8,species,0.0,abund,0.0,4783464,1,1,species,0.0,1.0000002
Centrifuger,unified,Centrifuger_unified,simulated,simulated,ont,sim_ont,3058373,3058373,Leptotrichia_sp._HMT-225,Leptotrichia_sp._HMT-225,species,0.0,abund,0.0,2452811,1,1,species,0.0,1.0000002
Centrifuger,unified,Centrifuger_unified,simulated,simulated,ont,sim_ont,3058393,3058393,Planococcus_shixiaomingii,Planococcus shixiaomingii,species,0.0,abund,0.0,4019851,1,1,species,0.0,1.0000002
Centrifuger,unified,Centrifuger_unified,simulated,simulated,ont,sim_ont,3058419,3058419,Desulfoferula_mesophila,Desulfoferula mesophila,species,0.0,abund,0.0,4479191,3,3,species,0.0,1.0000002
Centrifuger,unified,Centrifuger_unified,simulated,simulated,ont,sim_ont,3059027,3059027,Asticcacaulis_sp._ZE23SCel15,Asticcacaulis_sp._ZE23SCel15,species,0.0,abund,0.0,3774217,1,1,species,0.0,1.0000002
Centrifuger,unified,Centrifuger_unified,simulated,simulated,ont,sim_ont,3059028,3059028,Schaalia_sp._HMT-172,Schaalia_sp._HMT-172,species,0.0,abund,0.0,2533704,1,1,species,0.0,1.0000002
Centrifuger,unified,Centrifuger_unified,simulated,simulated,ont,sim_ont,3059030,3059030,Stomatobaculum_sp._F0698,Stomatobaculum_sp._F0698,species,0.0,abund,0.0,2151431,2,2,species,0.0,1.0000002
Centrifuger,unified,Centrifuger_unified,simulated,simulated,ont,sim_ont,3059038,3059038,Bifidobacterium_aquikefiricola,Bifidobacterium aquikefiricola,species,0.0,abund,0.0,2359920,6,6,species,0.0,1.0000002
Centrifuger,unified,Centrifuger_unified,simulated,simulated,ont,sim_ont,3060162,3060162,Lentimonavirus_armillariae,Lentimonavirus armillariae,species,0.0,abund,0.0,10812,2,2,species,0.0,1.0000002
Centrifuger,unified,Centrifuger_unified,simulated,simulated,ont,sim_ont,3065157,3065157,Helicovermis_profundi,Helicovermis profundi,species,0.0,abund,0.0,3122901,2,2,species,0.0,1.0000002
Centrifuger,unified,Centrifuger_unified,simulated,simulated,ont,sim_ont,3066267,3066267,Rickettsia_endosymbiont_of_Pantilius_tunicatus,Rickettsia endosymbiont_of Pantilius_tunicatus,species,0.0,abund,0.0,1750414,1,1,species,0.0,1.0000002
Centrifuger,unified,Centrifuger_unified,simulated,simulated,ont,sim_ont,3066306,3066306,Spiroplasma_endosymbiont_of_Acasis_viretata,Spiroplasma endosymbiont_of Acasis_viretata,species,0.0,abund,0.0,1484762,1,1,species,0.0,1.0000002
Centrifuger,unified,Centrifuger_unified,simulated,simulated,ont,sim_ont,3066321,3066321,Spiroplasma_endosymbiont_of_Seladonia_tumulorum,Spiroplasma endosymbiont_of Seladonia_tumulorum,species,0.0,abund,0.0,2137610,2,2,species,0.0,1.0000002
Centrifuger,unified,Centrifuger_unified,simulated,simulated,ont,sim_ont,3068329,3068329,Candidatus_Akkermansia_timonensis,Candidatus Akkermansia_timonensis,species,0.0,abund,0.0,9592072,1,1,species,0.0,1.0000002
Centrifuger,unified,Centrifuger_unified,simulated,simulated,ont,sim_ont,3069264,3069264,Rhodoligotrophos_sp._CJ14,Rhodoligotrophos_sp._CJ14,species,0.0,abund,0.0,4813108,3,3,species,0.0,1.0000002
Centrifuger,unified,Centrifuger_unified,simulated,simulated,ont,sim_ont,3069686,3069686,Tunturiibacter_psychrotolerans,Tunturiibacter psychrotolerans,species,0.0,abund,0.0,5636298,1,1,species,0.0,1.0000002
Centrifuger,unified,Centrifuger_unified,simulated,simulated,ont,sim_ont,3070215,3070215,Kineothrix_sp._MB12-C1,Kineothrix_sp._MB12-C1,species,0.0,abund,0.0,3935490,27,27,species,0.0,1.0000002
Centrifuger,unified,Centrifuger_unified,simulated,simulated,ont,sim_ont,3070658,3070658,Nitrosomonas_sp._sh817,Nitrosomonas_sp._sh817,species,0.0,abund,0.0,3152890,1,1,species,0.0,1.0000002
Centrifuger,unified,Centrifuger_unified,simulated,simulated,ont,sim_ont,3070676,3070676,Neobacillus_sp._PS2-9,Neobacillus_sp._PS2-9,species,0.0,abund,0.0,5192194,1,1,species,0.0,1.0000002
Centrifuger,unified,Centrifuger_unified,simulated,simulated,ont,sim_ont,3070678,3070678,Neobacillus_sp._PS3-34,Neobacillus_sp._PS3-34,species,0.0,abund,0.0,4899526,2,2,species,0.0,1.0000002
Centrifuger,unified,Centrifuger_unified,simulated,simulated,ont,sim_ont,3070681,3070681,Clostridium_sp._OS1-26,Clostridium_sp._OS1-26,species,0.0,abund,0.0,5878538,2,2,species,0.0,1.0000002
Centrifuger,unified,Centrifuger_unified,simulated,simulated,ont,sim_ont,3070997,3070997,Anaerocolumna_sp._MB42-C2,Anaerocolumna_sp._MB42-C2,species,0.0,abund,0.0,6437239,1,1,species,0.0,1.0000002
Centrifuger,unified,Centrifuger_unified,simulated,simulated,ont,sim_ont,3072978,3072978,Methanolobus_sediminis,Methanolobus sediminis,species,0.0,abund,0.0,2798037,5,5,species,0.0,1.0000002
Centrifuger,unified,Centrifuger_unified,simulated,simulated,ont,sim_ont,3073092,3073092,Paenibacillus_sp._D2_2,Paenibacillus_sp._D2_2,species,0.0,abund,0.0,5748347,2,2,species,0.0,1.0000002
Centrifuger,unified,Centrifuger_unified,simulated,simulated,ont,sim_ont,3073143,3073143,Bengtsoniella_intestinalis,Bengtsoniella intestinalis,species,0.0,abund,0.0,3827159,18,18,species,0.0,1.0000002
Centrifuger,unified,Centrifuger_unified,simulated,simulated,ont,sim_ont,3073816,3073816,Bacillus_sp._NEB1478,Bacillus_sp._NEB1478,species,0.0,abund,0.0,3930924,2,2,species,0.0,1.0000002
Centrifuger,unified,Centrifuger_unified,simulated,simulated,ont,sim_ont,3074854,3074854,Streptococcus_sp._SN-1,Streptococcus_sp._SN-1,species,0.0,abund,0.0,2111706,1,1,species,0.0,1.0000002
Centrifuger,unified,Centrifuger_unified,simulated,simulated,ont,sim_ont,3074898,3074898,Pontibacter_sp._G13,Pontibacter_sp._G13,species,0.0,abund,0.0,7674920,4,4,species,0.0,1.0000002
Centrifuger,unified,Centrifuger_unified,simulated,simulated,ont,sim_ont,3077789,3077789,Domibacillus_sp._DTU_2020_1001157_1_SI_ALB_TIR_016,Domibacillus_sp._DTU_2020_1001157_1_SI ALB_TIR_016,species,0.0,abund,0.0,5102716,6,6,species,0.0,1.0000002
Centrifuger,unified,Centrifuger_unified,simulated,simulated,ont,sim_ont,3077937,3077937,Rickettsiella_endosymbiont_of_Rhagonycha_lignosa,Rickettsiella endosymbiont_of Rhagonycha_lignosa,species,0.0,abund,0.0,1677843,2,2,species,0.0,1.0000002
Centrifuger,unified,Centrifuger_unified,simulated,simulated,ont,sim_ont,3077951,3077951,Candidatus_Zinderia_endosymbiont_of_Aphrophora_alni,Candidatus Zinderia_endosymbiont of_Aphrophora alni,species,0.0,abund,0.0,336619,1,1,species,0.0,1.0000002
Centrifuger,unified,Centrifuger_unified,simulated,simulated,ont,sim_ont,3079302,3079302,Agathobaculum_sp._NTUH-O15-33,Agathobaculum_sp._NTUH-O15-33,species,0.0,abund,0.0,4005854,2,2,species,0.0,1.0000002
Centrifuger,unified,Centrifuger_unified,simulated,simulated,ont,sim_ont,3079303,3079303,Intestinibacillus_sp._NTUH-41-i26,Intestinibacillus_sp._NTUH-41-i26,species,0.0,abund,0.0,3035319,2,2,species,0.0,1.0000002
Centrifuger,unified,Centrifuger_unified,simulated,simulated,ont,sim_ont,3080532,3080532,Nitrosospira_sp._Is2,Nitrosospira_sp._Is2,species,0.0,abund,0.0,3574273,1,1,species,0.0,1.0000002
Centrifuger,unified,Centrifuger_unified,simulated,simulated,ont,sim_ont,3081750,3081750,Anaerocolumna_sp._AGMB13020,Anaerocolumna_sp._AGMB13020,species,0.8193300000000001,abund,0.0081933,5810646,33657,33603,species,0.8193298361340329,1.0000002
Centrifuger,unified,Centrifuger_unified,simulated,simulated,ont,sim_ont,3082520,3082520,Prochlorococcus_sp._MIT_1011,Prochlorococcus_sp._MIT_1011,species,0.0,abund,0.0,1937723,2,2,species,0.0,1.0000002
Centrifuger,unified,Centrifuger_unified,simulated,simulated,ont,sim_ont,3082521,3082521,Prochlorococcus_sp._MIT_0916,Prochlorococcus_sp._MIT_0916,species,0.0,abund,0.0,1944257,2,2,species,0.0,1.0000002
Centrifuger,unified,Centrifuger_unified,simulated,simulated,ont,sim_ont,3093634,3093634,Staphylococcus_sp._KG4-3,Staphylococcus_sp._KG4-3,species,0.0,abund,0.0,3018374,9,9,species,0.0,1.0000002
Centrifuger,unified,Centrifuger_unified,simulated,simulated,ont,sim_ont,3093767,3093767,Pseudomonas_hormoni,Pseudomonas hormoni,species,0.0,abund,0.0,6488189,1,1,species,0.0,1.0000002
Centrifuger,unified,Centrifuger_unified,simulated,simulated,ont,sim_ont,3093856,3093856,Dokdonia_sp._R86516,Dokdonia_sp._R86516,species,0.0,abund,0.0,3370075,17,17,species,0.0,1.0000002
Centrifuger,unified,Centrifuger_unified,simulated,simulated,ont,sim_ont,3093870,3093870,Polaribacter_sp._R77954,Polaribacter_sp._R77954,species,0.0,abund,0.0,4091795,1,1,species,0.0,1.0000002
Centrifuger,unified,Centrifuger_unified,simulated,simulated,ont,sim_ont,3093873,3093873,Algibacter_sp._R77976,Algibacter_sp._R77976,species,0.0,abund,0.0,3795434,1,1,species,0.0,1.0000002
Centrifuger,unified,Centrifuger_unified,simulated,simulated,ont,sim_ont,3096000,3096000,Bacteroides_sp._CG01,Bacteroides_sp._CG01,species,0.0,abund,0.0,6061704,1,1,species,0.0,1.0000002
Centrifuger,unified,Centrifuger_unified,simulated,simulated,ont,sim_ont,3098076,3098076,Streptococcus_lingualis,Streptococcus lingualis,species,0.0,abund,0.0,2111933,2,2,species,0.0,1.0000002
Centrifuger,unified,Centrifuger_unified,simulated,simulated,ont,sim_ont,3100113,3100113,Candidatus_Thalassolituus_haligoni,Candidatus Thalassolituus_haligoni,species,0.0,abund,0.0,4376545,4,4,species,0.0,1.0000002
Centrifuger,unified,Centrifuger_unified,simulated,simulated,ont,sim_ont,3109366,3109366,Sedimentibacter_sp._MB31-C6,Sedimentibacter_sp._MB31-C6,species,0.0,abund,0.0,3023553,1,1,species,0.0,1.0000002
Centrifuger,unified,Centrifuger_unified,simulated,simulated,ont,sim_ont,3110539,3110539,Paenibacillus_silvisoli,Paenibacillus silvisoli,species,0.0,abund,0.0,6734763,1,1,species,0.0,1.0000002
Centrifuger,unified,Centrifuger_unified,simulated,simulated,ont,sim_ont,3111456,3111456,Lacrimispora_sinapis,Lacrimispora sinapis,species,0.0,abund,0.0,3753647,8,8,species,0.0,1.0000002
Centrifuger,unified,Centrifuger_unified,simulated,simulated,ont,sim_ont,3111540,3111540,Sinanaerobacter_sp._ZZT-01,Sinanaerobacter_sp._ZZT-01,species,0.0,abund,0.0,3370808,2,2,species,0.0,1.0000002
Centrifuger,unified,Centrifuger_unified,simulated,simulated,ont,sim_ont,3114359,3114359,Salinimicrobium_sp._3283s,Salinimicrobium_sp._3283s,species,0.0,abund,0.0,3702683,1,1,species,0.0,1.0000002
Centrifuger,unified,Centrifuger_unified,simulated,simulated,ont,sim_ont,3115291,3115291,Pseudalkalibacillus_sp._SCS-8,Pseudalkalibacillus_sp._SCS-8,species,0.0,abund,0.0,3623697,1,1,species,0.0,1.0000002
Centrifuger,unified,Centrifuger_unified,simulated,simulated,ont,sim_ont,3116480,3116480,Enterobacter_sp._ECC-219,Enterobacter_sp._ECC-219,species,0.0,abund,0.0,5027913,7,7,species,0.0,1.0000002
Centrifuger,unified,Centrifuger_unified,simulated,simulated,ont,sim_ont,3117552,3117552,Bacteroides_sp._MSB163,Bacteroides_sp._MSB163,species,5.9999999999999995e-05,abund,6e-07,6440948,2,2,species,5.9999988000002394e-05,1.0000002
Centrifuger,unified,Centrifuger_unified,simulated,simulated,ont,sim_ont,3117746,3117746,Metabacillus_sediminis,Metabacillus sediminis,species,0.0,abund,0.0,4129957,3,3,species,0.0,1.0000002
Centrifuger,unified,Centrifuger_unified,simulated,simulated,ont,sim_ont,3117747,3117747,Metabacillus_rhizosphaerae,Metabacillus rhizosphaerae,species,0.0,abund,0.0,5655960,1,1,species,0.0,1.0000002
Centrifuger,unified,Centrifuger_unified,simulated,simulated,ont,sim_ont,3118333,3118333,Thermodesulfovibrio_autotrophicus,Thermodesulfovibrio autotrophicus,species,0.0,abund,0.0,1935540,2,2,species,0.0,1.0000002
Centrifuger,unified,Centrifuger_unified,simulated,simulated,ont,sim_ont,3122054,3122054,Sphingopyxis_sp._J-6,Sphingopyxis_sp._J-6,species,0.0,abund,0.0,4610911,1,1,species,0.0,1.0000002
Centrifuger,unified,Centrifuger_unified,simulated,simulated,ont,sim_ont,3123317,3123317,Kineothrix_sp._IPX-CK,Kineothrix_sp._IPX-CK,species,0.0,abund,0.0,4723253,37,37,species,0.0,1.0000002
Centrifuger,unified,Centrifuger_unified,simulated,simulated,ont,sim_ont,3125785,3125785,Methanolobus_sp._WCC5,Methanolobus_sp._WCC5,species,0.0,abund,0.0,2889260,1,1,species,0.0,1.0000002
Centrifuger,unified,Centrifuger_unified,simulated,simulated,ont,sim_ont,3132707,3132707,Alistipes_sp._i18-0019-D1,Alistipes_sp._i18-0019-D1,species,0.0007300000000000001,abund,7.3e-06,3900426,19,19,species,0.0007299998540000294,1.0000002
Centrifuger,unified,Centrifuger_unified,simulated,simulated,ont,sim_ont,3136601,3136601,Owariibacterium_komagatae,Owariibacterium komagatae,species,8.999999999999999e-05,abund,9e-07,3606305,29,29,species,8.99999820000036e-05,1.0000002
Centrifuger,unified,Centrifuger_unified,simulated,simulated,ont,sim_ont,3139392,3139392,Chryseobacterium_sp._Chry.R1,Chryseobacterium_sp._Chry.R1,species,0.0,abund,0.0,4836547,5,5,species,0.0,1.0000002
Centrifuger,unified,Centrifuger_unified,simulated,simulated,ont,sim_ont,3141185,3141185,Faecalibacterium_sp._i25-0019-C1,Faecalibacterium_sp._i25-0019-C1,species,0.00023999999999999998,abund,2.4e-06,2876947,28,28,species,0.00023999995200000958,1.0000002
Centrifuger,unified,Centrifuger_unified,simulated,simulated,ont,sim_ont,3142537,3142537,Enterobacter_adelaidei,Enterobacter adelaidei,species,0.0,abund,0.0,5117812,1,1,species,0.0,1.0000002
Centrifuger,unified,Centrifuger_unified,simulated,simulated,ont,sim_ont,3143534,3143534,Hyphococcus_formosus,Hyphococcus formosus,species,0.0,abund,0.0,3241686,1,1,species,0.0,1.0000002
Centrifuger,unified,Centrifuger_unified,simulated,simulated,ont,sim_ont,3144104,3144104,Microbispora_maris,Microbispora maris,species,0.0,abund,0.0,8776641,2,2,species,0.0,1.0000002
Centrifuger,unified,Centrifuger_unified,simulated,simulated,ont,sim_ont,3149044,3149044,Thioclava_sp._'Guangxiensis',Thioclava_sp._'Guangxiensis',species,0.0,abund,0.0,4441749,1,1,species,0.0,1.0000002
Centrifuger,unified,Centrifuger_unified,simulated,simulated,ont,sim_ont,3151764,3151764,Flavobacterium_sp._WV_118_3,Flavobacterium_sp._WV_118_3,species,0.0,abund,0.0,3853966,2,2,species,0.0,1.0000002
Centrifuger,unified,Centrifuger_unified,simulated,simulated,ont,sim_ont,3151850,3151850,Lacrimispora_sp._BS-2,Lacrimispora_sp._BS-2,species,0.0,abund,0.0,4489992,7,7,species,0.0,1.0000002
Centrifuger,unified,Centrifuger_unified,simulated,simulated,ont,sim_ont,3156079,3156079,Psychrobacter_sp._KFRI-CH2-11,Psychrobacter_sp._KFRI-CH2-11,species,0.0,abund,0.0,3159857,1,1,species,0.0,1.0000002
Centrifuger,unified,Centrifuger_unified,simulated,simulated,ont,sim_ont,3177515,3177515,Flagellimonas_sp._C4,Flagellimonas_sp._C4,species,0.0,abund,0.0,3722406,1,1,species,0.0,1.0000002
Centrifuger,unified,Centrifuger_unified,simulated,simulated,ont,sim_ont,3230977,3230977,Halioglobus_sp._Uisw_031,Halioglobus_sp._Uisw_031,species,0.0,abund,0.0,3715040,3,3,species,0.0,1.0000002
Centrifuger,unified,Centrifuger_unified,simulated,simulated,ont,sim_ont,3230992,3230992,Candidatus_Pelagibacter_sp._Uisw_137,Candidatus Pelagibacter_sp._Uisw_137,species,0.0,abund,0.0,1403101,1,1,species,0.0,1.0000002
Centrifuger,unified,Centrifuger_unified,simulated,simulated,ont,sim_ont,3233381,3233381,Ruminococcus_sp._JL13D9,Ruminococcus_sp._JL13D9,species,0.0,abund,0.0,2475787,3,3,species,0.0,1.0000002
Centrifuger,unified,Centrifuger_unified,simulated,simulated,ont,sim_ont,3235037,3235037,Dehalobacter_sp._TBBPA1,Dehalobacter_sp._TBBPA1,species,0.0,abund,0.0,3012452,2,2,species,0.0,1.0000002
Centrifuger,unified,Centrifuger_unified,simulated,simulated,ont,sim_ont,3236815,3236815,Butyrivibrio_sp._JL13D10,Butyrivibrio_sp._JL13D10,species,0.0,abund,0.0,4136620,4,4,species,0.0,1.0000002
Centrifuger,unified,Centrifuger_unified,simulated,simulated,ont,sim_ont,3236891,3236891,Psychrobacillus_sp._L3,Psychrobacillus_sp._L3,species,0.0,abund,0.0,3960493,1,1,species,0.0,1.0000002
Centrifuger,unified,Centrifuger_unified,simulated,simulated,ont,sim_ont,3238303,3238303,Streptococcus_sp._CP1998,Streptococcus_sp._CP1998,species,0.0,abund,0.0,2051949,1,1,species,0.0,1.0000002
Centrifuger,unified,Centrifuger_unified,simulated,simulated,ont,sim_ont,3238594,3238594,Clostridium_sp._HCS.1,Clostridium_sp._HCS.1,species,0.0,abund,0.0,3816008,8,8,species,0.0,1.0000002
Centrifuger,unified,Centrifuger_unified,simulated,simulated,ont,sim_ont,3238632,3238632,Streptomyces_sp._R41,Streptomyces_sp._R41,species,0.0,abund,0.0,10462393,1,1,species,0.0,1.0000002
Centrifuger,unified,Centrifuger_unified,simulated,simulated,ont,sim_ont,3239304,3239304,Leptotrichia_sp._HSP-536,Leptotrichia_sp._HSP-536,species,0.0,abund,0.0,2508032,3,3,species,0.0,1.0000002
Centrifuger,unified,Centrifuger_unified,simulated,simulated,ont,sim_ont,3241167,3241167,Vibrio_sp._BS-M-Sm-2,Vibrio_sp._BS-M-Sm-2,species,0.0,abund,0.0,5430483,1,0,species,0.0,1.0000002
Centrifuger,unified,Centrifuger_unified,simulated,simulated,ont,sim_ont,3242193,3242193,Paenibacillus_pedocola,Paenibacillus pedocola,species,0.0,abund,0.0,6472393,3,3,species,0.0,1.0000002
Centrifuger,unified,Centrifuger_unified,simulated,simulated,ont,sim_ont,3242682,3242682,Bacillus_sp._RS11,Bacillus_sp._RS11,species,0.0,abund,0.0,4918501,3,3,species,0.0,1.0000002
Centrifuger,unified,Centrifuger_unified,simulated,simulated,ont,sim_ont,3242727,3242727,Methanobrevibacter_sp._DSM_116169,Methanobrevibacter_sp._DSM_116169,species,0.0,abund,0.0,1924084,1,1,species,0.0,1.0000002
Centrifuger,unified,Centrifuger_unified,simulated,simulated,ont,sim_ont,3243076,3243076,Rossellomorea_sp._FM04394,Rossellomorea_sp._FM04394,species,0.0,abund,0.0,4468078,3,3,species,0.0,1.0000002
Centrifuger,unified,Centrifuger_unified,simulated,simulated,ont,sim_ont,3296934,3296934,Paenibacillus_sp._WLX2291,Paenibacillus_sp._WLX2291,species,0.0,abund,0.0,5609592,1,1,species,0.0,1.0000002
Centrifuger,unified,Centrifuger_unified,simulated,simulated,ont,sim_ont,3298609,3298609,Haloimpatiens_sp._FM7315,Haloimpatiens_sp._FM7315,species,0.0,abund,0.0,3035062,1,1,species,0.0,1.0000002
Centrifuger,unified,Centrifuger_unified,simulated,simulated,ont,sim_ont,3342247,3342247,Aquimarina_sp._SS2-1,Aquimarina_sp._SS2-1,species,0.0,abund,0.0,5140829,1,1,species,0.0,1.0000002
Centrifuger,unified,Centrifuger_unified,simulated,simulated,ont,sim_ont,3342538,3342538,Paenibacillus_sp._P36,Paenibacillus_sp._P36,species,0.0,abund,0.0,8735798,9,9,species,0.0,1.0000002
Centrifuger,unified,Centrifuger_unified,simulated,simulated,ont,sim_ont,3349878,3349878,Noviherbaspirillum_sp._ST_5-3,Noviherbaspirillum_sp._ST_5-3,species,0.0,abund,0.0,5792128,1,1,species,0.0,1.0000002
Centrifuger,unified,Centrifuger_unified,simulated,simulated,ont,sim_ont,3350165,3350165,Bosea_sp._UC22_33,Bosea_sp._UC22_33,species,0.0,abund,0.0,5447794,1,1,species,0.0,1.0000002
Centrifuger,unified,Centrifuger_unified,simulated,simulated,ont,sim_ont,3350174,3350174,Pseudoduganella_sp._UC29_71,Pseudoduganella_sp._UC29_71,species,0.0,abund,0.0,6923737,2,2,species,0.0,1.0000002
Centrifuger,unified,Centrifuger_unified,simulated,simulated,ont,sim_ont,3366811,3366811,Alcaligenes_sp._WGS1538,Alcaligenes_sp._WGS1538,species,0.0,abund,0.0,3910973,2,2,species,0.0,1.0000002
Centrifuger,unified,Centrifuger_unified,simulated,simulated,ont,sim_ont,3367288,3367288,Legionella_sp._227,Legionella_sp._227,species,0.0,abund,0.0,4074181,2,2,species,0.0,1.0000002
Centrifuger,unified,Centrifuger_unified,simulated,simulated,ont,sim_ont,3373541,3373541,Krasilnikovia_sp._MM14-A1004,Krasilnikovia_sp._MM14-A1004,species,0.0,abund,0.0,7249319,2,2,species,0.0,1.0000002
Centrifuger,unified,Centrifuger_unified,simulated,simulated,ont,sim_ont,3373597,3373597,Chitinibacter_sp._S2-10,Chitinibacter_sp._S2-10,species,0.0,abund,0.0,3204158,1,1,species,0.0,1.0000002
Centrifuger,unified,Centrifuger_unified,simulated,simulated,ont,sim_ont,3375704,3375704,Lacrimispora_sp._HJ-01,Lacrimispora_sp._HJ-01,species,0.0,abund,0.0,5411172,10,10,species,0.0,1.0000002
Centrifuger,unified,Centrifuger_unified,simulated,simulated,ont,sim_ont,3376990,3376990,Brevibacterium_sp._GP-SGM9,Brevibacterium_sp._GP-SGM9,species,0.0,abund,0.0,4005417,1,1,species,0.0,1.0000002
Centrifuger,unified,Centrifuger_unified,simulated,simulated,ont,sim_ont,3381348,3381348,Eubacterium_sp._F2,Eubacterium_sp._F2,species,0.0,abund,0.0,2425940,8,8,species,0.0,1.0000002
Centrifuger,unified,Centrifuger_unified,simulated,simulated,ont,sim_ont,3381356,3381356,Halobacillus_sp._SY10,Halobacillus_sp._SY10,species,0.0,abund,0.0,4312143,3,3,species,0.0,1.0000002
Centrifuger,unified,Centrifuger_unified,simulated,simulated,ont,sim_ont,3383025,3383025,Peredibacter_sp._HCB2-198,Peredibacter_sp._HCB2-198,species,0.0,abund,0.0,3992670,2,2,species,0.0,1.0000002
Centrifuger,unified,Centrifuger_unified,simulated,simulated,ont,sim_ont,3384157,3384157,Flavobacterium_sp._PS2,Flavobacterium_sp._PS2,species,0.0,abund,0.0,5492246,2,2,species,0.0,1.0000002
Centrifuger,unified,Centrifuger_unified,simulated,simulated,ont,sim_ont,3386277,3386277,Pseudobdellovibrio_sp._HCB154,Pseudobdellovibrio_sp._HCB154,species,0.0,abund,0.0,3392249,2,2,species,0.0,1.0000002
Centrifuger,unified,Centrifuger_unified,simulated,simulated,ont,sim_ont,3387407,3387407,Leptospira_sp._'Mane',Leptospira_sp._'Mane',species,0.0,abund,0.0,4165421,2,2,species,0.0,1.0000002
Centrifuger,unified,Centrifuger_unified,simulated,simulated,ont,sim_ont,3388267,3388267,Nocardioides_terrisoli,Nocardioides terrisoli,species,0.0,abund,0.0,4228226,2,2,species,0.0,1.0000002
Centrifuger,unified,Centrifuger_unified,simulated,simulated,ont,sim_ont,3394320,3394320,Salipaludibacillus_sp._HK11,Salipaludibacillus_sp._HK11,species,0.0,abund,0.0,5190280,1,1,species,0.0,1.0000002
Centrifuger,unified,Centrifuger_unified,simulated,simulated,ont,sim_ont,3396309,3396309,Alcanivorax_sp._IL3,Alcanivorax_sp._IL3,species,0.0,abund,0.0,3623893,1,1,species,0.0,1.0000002
Centrifuger,unified,Centrifuger_unified,simulated,simulated,ont,sim_ont,10,10,Cellvibrio,Cellvibrio,genus,0.0,abund,0.0,5004593,1,1,genus,0.0,1.0000002
Centrifuger,unified,Centrifuger_unified,simulated,simulated,ont,sim_ont,22,22,Shewanella,Shewanella,genus,0.0,abund,0.0,5248939,1,1,genus,0.0,1.0000002
Centrifuger,unified,Centrifuger_unified,simulated,simulated,ont,sim_ont,40,40,Stigmatella,Stigmatella,genus,0.0,abund,0.0,10260756,1,1,genus,0.0,1.0000002
Centrifuger,unified,Centrifuger_unified,simulated,simulated,ont,sim_ont,42,42,Cystobacter,Cystobacter,genus,0.0,abund,0.0,24084199,1,0,genus,0.0,1.0000002
Centrifuger,unified,Centrifuger_unified,simulated,simulated,ont,sim_ont,47,47,Archangium,Archangium,genus,0.0,abund,0.0,13013056,2,2,genus,0.0,1.0000002
Centrifuger,unified,Centrifuger_unified,simulated,simulated,ont,sim_ont,53,53,Nannocystis,Nannocystis,genus,0.0,abund,0.0,13228663,3,3,genus,0.0,1.0000002
Centrifuger,unified,Centrifuger_unified,simulated,simulated,ont,sim_ont,55,55,Polyangium,Polyangium,genus,0.0,abund,0.0,12320079,1,1,genus,0.0,1.0000002
Centrifuger,unified,Centrifuger_unified,simulated,simulated,ont,sim_ont,85,85,Hyphomonas,Hyphomonas,genus,0.0,abund,0.0,3626595,2,2,genus,0.0,1.0000002
Centrifuger,unified,Centrifuger_unified,simulated,simulated,ont,sim_ont,107,107,Spirosoma,Spirosoma,genus,0.0,abund,0.0,7518434,4,4,genus,0.0,1.0000002
Centrifuger,unified,Centrifuger_unified,simulated,simulated,ont,sim_ont,138,138,Borrelia,Borrelia,genus,0.0,abund,0.0,1222305,8,3,genus,0.0,1.0000002
Centrifuger,unified,Centrifuger_unified,simulated,simulated,ont,sim_ont,157,157,Treponema,Treponema,genus,0.0,abund,0.0,2958505,20,15,genus,0.0,1.0000002
Centrifuger,unified,Centrifuger_unified,simulated,simulated,ont,sim_ont,171,171,Leptospira,Leptospira,genus,0.0,abund,0.0,6464084,9,4,genus,0.0,1.0000002
Centrifuger,unified,Centrifuger_unified,simulated,simulated,ont,sim_ont,179,179,Leptospirillum,Leptospirillum,genus,0.0,abund,0.0,2501401,1,1,genus,0.0,1.0000002
Centrifuger,unified,Centrifuger_unified,simulated,simulated,ont,sim_ont,187,187,Aquaspirillum,Aquaspirillum,genus,0.0,abund,0.0,3962240,1,1,genus,0.0,1.0000002
Centrifuger,unified,Centrifuger_unified,simulated,simulated,ont,sim_ont,191,191,Azospirillum,Azospirillum,genus,0.0,abund,0.0,7397581,1,1,genus,0.0,1.0000002
Centrifuger,unified,Centrifuger_unified,simulated,simulated,ont,sim_ont,194,194,Campylobacter,Campylobacter,genus,0.2633,abund,0.002633,1805972,10715,10651,genus,0.26329994734001055,1.0000002
Centrifuger,unified,Centrifuger_unified,simulated,simulated,ont,sim_ont,209,209,Helicobacter,Helicobacter,genus,0.0,abund,0.0,1683637,2,0,genus,0.0,1.0000002
Centrifuger,unified,Centrifuger_unified,simulated,simulated,ont,sim_ont,222,222,Achromobacter,Achromobacter,genus,0.0,abund,0.0,6871928,3,2,genus,0.0,1.0000002
Centrifuger,unified,Centrifuger_unified,simulated,simulated,ont,sim_ont,234,234,Brucella,Brucella,genus,0.0,abund,0.0,3441072,2,2,genus,0.0,1.0000002
Centrifuger,unified,Centrifuger_unified,simulated,simulated,ont,sim_ont,237,237,Flavobacterium,Flavobacterium,genus,0.0,abund,0.0,4161490,53,23,genus,0.0,1.0000002
Centrifuger,unified,Centrifuger_unified,simulated,simulated,ont,sim_ont,262,262,Francisella,Francisella,genus,0.0,abund,0.0,2135135,2,2,genus,0.0,1.0000002
Centrifuger,unified,Centrifuger_unified,simulated,simulated,ont,sim_ont,265,265,Paracoccus,Paracoccus,genus,0.0,abund,0.0,3932461,10,10,genus,0.0,1.0000002
Centrifuger,unified,Centrifuger_unified,simulated,simulated,ont,sim_ont,283,283,Comamonas,Comamonas,genus,0.0,abund,0.0,4878985,1,0,genus,0.0,1.0000002
Centrifuger,unified,Centrifuger_unified,simulated,simulated,ont,sim_ont,286,286,Pseudomonas,Pseudomonas,genus,0.0,abund,0.0,6674888,98,49,genus,0.0,1.0000002
Centrifuger,unified,Centrifuger_unified,simulated,simulated,ont,sim_ont,357,357,Agrobacterium,Agrobacterium,genus,0.0,abund,0.0,6475970,7,4,genus,0.0,1.0000002
Centrifuger,unified,Centrifuger_unified,simulated,simulated,ont,sim_ont,374,374,Bradyrhizobium,Bradyrhizobium,genus,0.0,abund,0.0,9007056,14,13,genus,0.0,1.0000002
Centrifuger,unified,Centrifuger_unified,simulated,simulated,ont,sim_ont,379,379,Rhizobium,Rhizobium,genus,0.0,abund,0.0,6772316,5,0,genus,0.0,1.0000002
Centrifuger,unified,Centrifuger_unified,simulated,simulated,ont,sim_ont,413,413,Methylococcus,Methylococcus,genus,0.0,abund,0.0,3952586,9,0,genus,0.0,1.0000002
Centrifuger,unified,Centrifuger_unified,simulated,simulated,ont,sim_ont,416,416,Methylomonas,Methylomonas,genus,0.0,abund,0.0,4924650,1,1,genus,0.0,1.0000002
Centrifuger,unified,Centrifuger_unified,simulated,simulated,ont,sim_ont,434,434,Acetobacter,Acetobacter,genus,0.0,abund,0.0,3339466,1,1,genus,0.0,1.0000002
Centrifuger,unified,Centrifuger_unified,simulated,simulated,ont,sim_ont,441,441,Gluconobacter,Gluconobacter,genus,0.0,abund,0.0,3150489,3,3,genus,0.0,1.0000002
Centrifuger,unified,Centrifuger_unified,simulated,simulated,ont,sim_ont,445,445,Legionella,Legionella,genus,0.0,abund,0.0,3763512,6,3,genus,0.0,1.0000002
Centrifuger,unified,Centrifuger_unified,simulated,simulated,ont,sim_ont,469,469,Acinetobacter,Acinetobacter,genus,0.0,abund,0.0,4744311,14,6,genus,0.0,1.0000002
Centrifuger,unified,Centrifuger_unified,simulated,simulated,ont,sim_ont,475,475,Moraxella,Moraxella,genus,0.0,abund,0.0,4285328,1,1,genus,0.0,1.0000002
Centrifuger,unified,Centrifuger_unified,simulated,simulated,ont,sim_ont,482,482,Neisseria,Neisseria,genus,0.0,abund,0.0,2482023,9,9,genus,0.0,1.0000002
Centrifuger,unified,Centrifuger_unified,simulated,simulated,ont,sim_ont,497,497,Psychrobacter,Psychrobacter,genus,0.0,abund,0.0,3207475,1,1,genus,0.0,1.0000002
Centrifuger,unified,Centrifuger_unified,simulated,simulated,ont,sim_ont,499,499,Thermomicrobium,Thermomicrobium,genus,0.0,abund,0.0,2003004,4,4,genus,0.0,1.0000002
Centrifuger,unified,Centrifuger_unified,simulated,simulated,ont,sim_ont,507,507,Alcaligenes,Alcaligenes,genus,0.0,abund,0.0,4384438,4,2,genus,0.0,1.0000002
Centrifuger,unified,Centrifuger_unified,simulated,simulated,ont,sim_ont,544,544,Citrobacter,Citrobacter,genus,0.0,abund,0.0,6400241,2,2,genus,0.0,1.0000002
Centrifuger,unified,Centrifuger_unified,simulated,simulated,ont,sim_ont,547,547,Enterobacter,Enterobacter,genus,0.0,abund,0.0,5474809,17,16,genus,0.0,1.0000002
Centrifuger,unified,Centrifuger_unified,simulated,simulated,ont,sim_ont,551,551,Erwinia,Erwinia,genus,0.0,abund,0.0,11627113,6,3,genus,0.0,1.0000002
Centrifuger,unified,Centrifuger_unified,simulated,simulated,ont,sim_ont,561,561,Escherichia,Escherichia,genus,0.0,abund,0.0,5891761,6,2,genus,0.0,1.0000002
Centrifuger,unified,Centrifuger_unified,simulated,simulated,ont,sim_ont,570,570,Klebsiella,Klebsiella,genus,0.0,abund,0.0,6678712,23,5,genus,0.0,1.0000002
Centrifuger,unified,Centrifuger_unified,simulated,simulated,ont,sim_ont,583,583,Proteus,Proteus,genus,0.0,abund,0.0,4458454,2,2,genus,0.0,1.0000002
Centrifuger,unified,Centrifuger_unified,simulated,simulated,ont,sim_ont,586,586,Providencia,Providencia,genus,0.0,abund,0.0,5021812,6,4,genus,0.0,1.0000002
Centrifuger,unified,Centrifuger_unified,simulated,simulated,ont,sim_ont,590,590,Salmonella,Salmonella,genus,0.0,abund,0.0,5247608,3,2,genus,0.0,1.0000002
Centrifuger,unified,Centrifuger_unified,simulated,simulated,ont,sim_ont,613,613,Serratia,Serratia,genus,0.0,abund,0.0,8295890,1,0,genus,0.0,1.0000002
Centrifuger,unified,Centrifuger_unified,simulated,simulated,ont,sim_ont,626,626,Xenorhabdus,Xenorhabdus,genus,0.0,abund,0.0,4687160,5,2,genus,0.0,1.0000002
Centrifuger,unified,Centrifuger_unified,simulated,simulated,ont,sim_ont,629,629,Yersinia,Yersinia,genus,0.0,abund,0.0,5767271,3,0,genus,0.0,1.0000002
Centrifuger,unified,Centrifuger_unified,simulated,simulated,ont,sim_ont,642,642,Aeromonas,Aeromonas,genus,0.0,abund,0.0,5847809,2,2,genus,0.0,1.0000002
Centrifuger,unified,Centrifuger_unified,simulated,simulated,ont,sim_ont,657,657,Photobacterium,Photobacterium,genus,0.0,abund,0.0,8332875,1,1,genus,0.0,1.0000002
Centrifuger,unified,Centrifuger_unified,simulated,simulated,ont,sim_ont,662,662,Vibrio,Vibrio,genus,0.0,abund,0.0,5517093,39,20,genus,0.0,1.0000002
Centrifuger,unified,Centrifuger_unified,simulated,simulated,ont,sim_ont,724,724,Haemophilus,Haemophilus,genus,3.01335,abund,0.0301335,2178393,59194,27957,genus,3.0133493973301206,1.0000002
Centrifuger,unified,Centrifuger_unified,simulated,simulated,ont,sim_ont,773,773,Bartonella,Bartonella,genus,0.0,abund,0.0,2783776,3,2,genus,0.0,1.0000002
Centrifuger,unified,Centrifuger_unified,simulated,simulated,ont,sim_ont,776,776,Coxiella,Coxiella,genus,0.0,abund,0.0,1667806,1,1,genus,0.0,1.0000002
Centrifuger,unified,Centrifuger_unified,simulated,simulated,ont,sim_ont,780,780,Rickettsia,Rickettsia,genus,0.0,abund,0.0,1402798,1,1,genus,0.0,1.0000002
Centrifuger,unified,Centrifuger_unified,simulated,simulated,ont,sim_ont,810,810,Chlamydia,Chlamydia,genus,0.0,abund,0.0,1241383,3,3,genus,0.0,1.0000002
Centrifuger,unified,Centrifuger_unified,simulated,simulated,ont,sim_ont,816,816,Bacteroides,Bacteroides,genus,8.99667,abund,0.0899667,5799046,314203,132266,genus,8.996668200666361,1.0000002
Centrifuger,unified,Centrifuger_unified,simulated,simulated,ont,sim_ont,830,830,Butyrivibrio,Butyrivibrio,genus,0.0,abund,0.0,4215536,92,73,genus,0.0,1.0000002
Centrifuger,unified,Centrifuger_unified,simulated,simulated,ont,sim_ont,832,832,Fibrobacter,Fibrobacter,genus,0.0,abund,0.0,3843004,1,0,genus,0.0,1.0000002
Centrifuger,unified,Centrifuger_unified,simulated,simulated,ont,sim_ont,836,836,Porphyromonas,Porphyromonas,genus,0.0,abund,0.0,2362768,2,2,genus,0.0,1.0000002
Centrifuger,unified,Centrifuger_unified,simulated,simulated,ont,sim_ont,838,838,Prevotella,Prevotella,genus,1.5542200000000002,abund,0.0155422,3832744,30865,30665,genus,1.5542196891560625,1.0000002
Centrifuger,unified,Centrifuger_unified,simulated,simulated,ont,sim_ont,841,841,Roseburia,Roseburia,genus,2.91734,abund,0.0291734,3800853,65743,21492,genus,2.917339416532117,1.0000002
Centrifuger,unified,Centrifuger_unified,simulated,simulated,ont,sim_ont,848,848,Fusobacterium,Fusobacterium,genus,0.87443,abund,0.0087443,3080410,1493,1167,genus,0.874429825114035,1.0000002
Centrifuger,unified,Centrifuger_unified,simulated,simulated,ont,sim_ont,862,862,Syntrophomonas,Syntrophomonas,genus,0.0,abund,0.0,2936195,1,1,genus,0.0,1.0000002
Centrifuger,unified,Centrifuger_unified,simulated,simulated,ont,sim_ont,872,872,Desulfovibrio,Desulfovibrio,genus,0.0,abund,0.0,3367701,1,1,genus,0.0,1.0000002
Centrifuger,unified,Centrifuger_unified,simulated,simulated,ont,sim_ont,898,898,Desulfomicrobium,Desulfomicrobium,genus,0.0,abund,0.0,3531203,1,1,genus,0.0,1.0000002
Centrifuger,unified,Centrifuger_unified,simulated,simulated,ont,sim_ont,906,906,Megasphaera,Megasphaera,genus,9.999999999999999e-06,abund,1e-07,2593285,16,15,genus,9.999998000000402e-06,1.0000002
Centrifuger,unified,Centrifuger_unified,simulated,simulated,ont,sim_ont,914,914,Nitrosomonas,Nitrosomonas,genus,0.0,abund,0.0,3364215,1,1,genus,0.0,1.0000002
Centrifuger,unified,Centrifuger_unified,simulated,simulated,ont,sim_ont,939,939,Hydrogenobacter,Hydrogenobacter,genus,0.0,abund,0.0,1747300,3,1,genus,0.0,1.0000002
Centrifuger,unified,Centrifuger_unified,simulated,simulated,ont,sim_ont,953,953,Wolbachia,Wolbachia,genus,0.0,abund,0.0,1506563,3,1,genus,0.0,1.0000002
Centrifuger,unified,Centrifuger_unified,simulated,simulated,ont,sim_ont,958,958,Bdellovibrio,Bdellovibrio,genus,0.0,abund,0.0,3866309,5,3,genus,0.0,1.0000002
Centrifuger,unified,Centrifuger_unified,simulated,simulated,ont,sim_ont,963,963,Herbaspirillum,Herbaspirillum,genus,0.0,abund,0.0,5512989,1,1,genus,0.0,1.0000002
Centrifuger,unified,Centrifuger_unified,simulated,simulated,ont,sim_ont,970,970,Selenomonas,Selenomonas,genus,0.0,abund,0.0,2543633,8,8,genus,0.0,1.0000002
Centrifuger,unified,Centrifuger_unified,simulated,simulated,ont,sim_ont,1013,1013,Weeksella,Weeksella,genus,0.0,abund,0.0,2272954,2,2,genus,0.0,1.0000002
Centrifuger,unified,Centrifuger_unified,simulated,simulated,ont,sim_ont,1016,1016,Capnocytophaga,Capnocytophaga,genus,0.0,abund,0.0,2760780,1,0,genus,0.0,1.0000002
Centrifuger,unified,Centrifuger_unified,simulated,simulated,ont,sim_ont,1051,1051,Ectothiorhodospira,Ectothiorhodospira,genus,0.0,abund,0.0,3478847,26,21,genus,0.0,1.0000002
Centrifuger,unified,Centrifuger_unified,simulated,simulated,ont,sim_ont,1073,1073,Rhodopseudomonas,Rhodopseudomonas,genus,0.0,abund,0.0,5807481,1,0,genus,0.0,1.0000002
Centrifuger,unified,Centrifuger_unified,simulated,simulated,ont,sim_ont,1099,1099,Pelodictyon,Pelodictyon,genus,0.0,abund,0.0,2691540,25,25,genus,0.0,1.0000002
Centrifuger,unified,Centrifuger_unified,simulated,simulated,ont,sim_ont,1101,1101,Prosthecochloris,Prosthecochloris,genus,0.0,abund,0.0,2418730,5,5,genus,0.0,1.0000002
Centrifuger,unified,Centrifuger_unified,simulated,simulated,ont,sim_ont,1129,1129,Synechococcus,Synechococcus,genus,0.0,abund,0.0,2813042,3,3,genus,0.0,1.0000002
Centrifuger,unified,Centrifuger_unified,simulated,simulated,ont,sim_ont,1163,1163,Anabaena,Anabaena,genus,0.0,abund,0.0,6120742,1,1,genus,0.0,1.0000002
Centrifuger,unified,Centrifuger_unified,simulated,simulated,ont,sim_ont,1177,1177,Nostoc,Nostoc,genus,0.0,abund,0.0,8097175,3,3,genus,0.0,1.0000002
Centrifuger,unified,Centrifuger_unified,simulated,simulated,ont,sim_ont,1186,1186,Calothrix,Calothrix,genus,0.0,abund,0.0,6563096,1,1,genus,0.0,1.0000002
Centrifuger,unified,Centrifuger_unified,simulated,simulated,ont,sim_ont,1190,1190,Fischerella,Fischerella,genus,0.0,abund,0.0,6423777,1,1,genus,0.0,1.0000002
Centrifuger,unified,Centrifuger_unified,simulated,simulated,ont,sim_ont,1218,1218,Prochlorococcus,Prochlorococcus,genus,0.0,abund,0.0,1990024,24,10,genus,0.0,1.0000002
Centrifuger,unified,Centrifuger_unified,simulated,simulated,ont,sim_ont,1234,1234,Nitrospira,Nitrospira,genus,0.0,abund,0.0,4365740,1,1,genus,0.0,1.0000002
Centrifuger,unified,Centrifuger_unified,simulated,simulated,ont,sim_ont,1243,1243,Leuconostoc,Leuconostoc,genus,0.0,abund,0.0,1956437,1,1,genus,0.0,1.0000002
Centrifuger,unified,Centrifuger_unified,simulated,simulated,ont,sim_ont,1253,1253,Pediococcus,Pediococcus,genus,0.87585,abund,0.0087585,4204557,10678,3485,genus,0.8758498248300352,1.0000002
Centrifuger,unified,Centrifuger_unified,simulated,simulated,ont,sim_ont,1257,1257,Peptostreptococcus,Peptostreptococcus,genus,0.0,abund,0.0,1995029,1,1,genus,0.0,1.0000002
Centrifuger,unified,Centrifuger_unified,simulated,simulated,ont,sim_ont,1263,1263,Ruminococcus,Ruminococcus,genus,0.7812,abund,0.007812,2892002,17093,16927,genus,0.7811998437600314,1.0000002
Centrifuger,unified,Centrifuger_unified,simulated,simulated,ont,sim_ont,1266,1266,Sarcina,Sarcina,genus,0.0,abund,0.0,2641856,3,3,genus,0.0,1.0000002
Centrifuger,unified,Centrifuger_unified,simulated,simulated,ont,sim_ont,1279,1279,Staphylococcus,Staphylococcus,genus,4.9999999999999996e-05,abund,5e-07,3908870,81,55,genus,4.9999990000001994e-05,1.0000002
Centrifuger,unified,Centrifuger_unified,simulated,simulated,ont,sim_ont,1301,1301,Streptococcus,Streptococcus,genus,10.33859,abund,0.1033859,2252004,144643,107958,genus,10.338587932282413,1.0000002
Centrifuger,unified,Centrifuger_unified,simulated,simulated,ont,sim_ont,1350,1350,Enterococcus,Enterococcus,genus,0.00015999999999999999,abund,1.6e-06,3900086,86,59,genus,0.00015999996800000643,1.0000002
Centrifuger,unified,Centrifuger_unified,simulated,simulated,ont,sim_ont,1357,1357,Lactococcus,Lactococcus,genus,0.0,abund,0.0,2839226,11,9,genus,0.0,1.0000002
Centrifuger,unified,Centrifuger_unified,simulated,simulated,ont,sim_ont,1372,1372,Planococcus,Planococcus,genus,0.0,abund,0.0,3610518,6,5,genus,0.0,1.0000002
Centrifuger,unified,Centrifuger_unified,simulated,simulated,ont,sim_ont,1375,1375,Aerococcus,Aerococcus,genus,0.0,abund,0.0,2036251,2,2,genus,0.0,1.0000002
Centrifuger,unified,Centrifuger_unified,simulated,simulated,ont,sim_ont,1378,1378,Gemella,Gemella,genus,0.73878,abund,0.0073878,1797275,10414,10383,genus,0.7387798522440296,1.0000002
Centrifuger,unified,Centrifuger_unified,simulated,simulated,ont,sim_ont,1386,1386,Bacillus,Bacillus,genus,0.0,abund,0.0,4699370,103,44,genus,0.0,1.0000002
Centrifuger,unified,Centrifuger_unified,simulated,simulated,ont,sim_ont,1485,1485,Clostridium,Clostridium,genus,1.44527,abund,0.0144527,4510973,49056,36555,genus,1.4452697109460582,1.0000002
Centrifuger,unified,Centrifuger_unified,simulated,simulated,ont,sim_ont,1569,1569,Sporosarcina,Sporosarcina,genus,0.0,abund,0.0,3918700,11,9,genus,0.0,1.0000002
Centrifuger,unified,Centrifuger_unified,simulated,simulated,ont,sim_ont,1578,1578,Lactobacillus,Lactobacillus,genus,0.0,abund,0.0,2422331,8,7,genus,0.0,1.0000002
Centrifuger,unified,Centrifuger_unified,simulated,simulated,ont,sim_ont,1637,1637,Listeria,Listeria,genus,0.0,abund,0.0,2988078,9,6,genus,0.0,1.0000002
Centrifuger,unified,Centrifuger_unified,simulated,simulated,ont,sim_ont,1649,1649,Kurthia,Kurthia,genus,0.0,abund,0.0,3064526,4,2,genus,0.0,1.0000002
Centrifuger,unified,Centrifuger_unified,simulated,simulated,ont,sim_ont,1654,1654,Actinomyces,Actinomyces,genus,1.7845799999999998,abund,0.0178458,3027043,36484,36166,genus,1.7845796430840712,1.0000002
Centrifuger,unified,Centrifuger_unified,simulated,simulated,ont,sim_ont,1663,1663,Arthrobacter,Arthrobacter,genus,0.0,abund,0.0,4310066,5,5,genus,0.0,1.0000002
Centrifuger,unified,Centrifuger_unified,simulated,simulated,ont,sim_ont,1678,1678,Bifidobacterium,Bifidobacterium,genus,1.9859200000000001,abund,0.0198592,2365338,33313,7321,genus,1.9859196028160797,1.0000002
Centrifuger,unified,Centrifuger_unified,simulated,simulated,ont,sim_ont,1696,1696,Brevibacterium,Brevibacterium,genus,0.0,abund,0.0,4944367,2,2,genus,0.0,1.0000002
Centrifuger,unified,Centrifuger_unified,simulated,simulated,ont,sim_ont,1707,1707,Cellulomonas,Cellulomonas,genus,0.0,abund,0.0,4052539,1,1,genus,0.0,1.0000002
Centrifuger,unified,Centrifuger_unified,simulated,simulated,ont,sim_ont,1716,1716,Corynebacterium,Corynebacterium,genus,0.0,abund,0.0,3145945,6,3,genus,0.0,1.0000002
Centrifuger,unified,Centrifuger_unified,simulated,simulated,ont,sim_ont,1730,1730,Eubacterium,Eubacterium,genus,1.5834899999999998,abund,0.0158349,4897365,36001,35893,genus,1.5834896833020633,1.0000002
Centrifuger,unified,Centrifuger_unified,simulated,simulated,ont,sim_ont,1754,1754,Thermoanaerobacter,Thermoanaerobacter,genus,0.0,abund,0.0,2546689,2,0,genus,0.0,1.0000002
Centrifuger,unified,Centrifuger_unified,simulated,simulated,ont,sim_ont,1813,1813,Amycolatopsis,Amycolatopsis,genus,0.0,abund,0.0,9699861,1,1,genus,0.0,1.0000002
Centrifuger,unified,Centrifuger_unified,simulated,simulated,ont,sim_ont,1817,1817,Nocardia,Nocardia,genus,0.0,abund,0.0,8983278,5,5,genus,0.0,1.0000002
Centrifuger,unified,Centrifuger_unified,simulated,simulated,ont,sim_ont,1827,1827,Rhodococcus,Rhodococcus,genus,0.0,abund,0.0,6698359,7,6,genus,0.0,1.0000002
Centrifuger,unified,Centrifuger_unified,simulated,simulated,ont,sim_ont,1839,1839,Nocardioides,Nocardioides,genus,0.0,abund,0.0,4473120,4,4,genus,0.0,1.0000002
Centrifuger,unified,Centrifuger_unified,simulated,simulated,ont,sim_ont,1873,1873,Micromonospora,Micromonospora,genus,0.0,abund,0.0,7034663,2,0,genus,0.0,1.0000002
Centrifuger,unified,Centrifuger_unified,simulated,simulated,ont,sim_ont,1883,1883,Streptomyces,Streptomyces,genus,0.0,abund,0.0,9367943,75,55,genus,0.0,1.0000002
Centrifuger,unified,Centrifuger_unified,simulated,simulated,ont,sim_ont,2000,2000,Streptosporangium,Streptosporangium,genus,0.0,abund,0.0,9917876,2,2,genus,0.0,1.0000002
Centrifuger,unified,Centrifuger_unified,simulated,simulated,ont,sim_ont,2005,2005,Microbispora,Microbispora,genus,0.0,abund,0.0,10301799,4,4,genus,0.0,1.0000002
Centrifuger,unified,Centrifuger_unified,simulated,simulated,ont,sim_ont,2013,2013,Nocardiopsis,Nocardiopsis,genus,0.0,abund,0.0,6769741,6,1,genus,0.0,1.0000002
Centrifuger,unified,Centrifuger_unified,simulated,simulated,ont,sim_ont,2063,2063,Kitasatospora,Kitasatospora,genus,0.0,abund,0.0,9051046,2,2,genus,0.0,1.0000002
Centrifuger,unified,Centrifuger_unified,simulated,simulated,ont,sim_ont,2077,2077,Sporolactobacillus,Sporolactobacillus,genus,0.0,abund,0.0,4859399,2,0,genus,0.0,1.0000002
Centrifuger,unified,Centrifuger_unified,simulated,simulated,ont,sim_ont,2093,2093,Mycoplasma,Mycoplasma,genus,0.0,abund,0.0,1018642,12,5,genus,0.0,1.0000002
Centrifuger,unified,Centrifuger_unified,simulated,simulated,ont,sim_ont,2132,2132,Spiroplasma,Spiroplasma,genus,0.0,abund,0.0,1390090,15,14,genus,0.0,1.0000002
Centrifuger,unified,Centrifuger_unified,simulated,simulated,ont,sim_ont,2160,2160,Methanobacterium,Methanobacterium,genus,0.0,abund,0.0,2480423,1,0,genus,0.0,1.0000002
Centrifuger,unified,Centrifuger_unified,simulated,simulated,ont,sim_ont,2172,2172,Methanobrevibacter,Methanobrevibacter,genus,0.0,abund,0.0,2175532,1,1,genus,0.0,1.0000002
Centrifuger,unified,Centrifuger_unified,simulated,simulated,ont,sim_ont,2192,2192,Methanocorpusculum,Methanocorpusculum,genus,0.0,abund,0.0,1782974,1,1,genus,0.0,1.0000002
Centrifuger,unified,Centrifuger_unified,simulated,simulated,ont,sim_ont,2202,2202,Methanospirillum,Methanospirillum,genus,0.0,abund,0.0,3728318,2,2,genus,0.0,1.0000002
Centrifuger,unified,Centrifuger_unified,simulated,simulated,ont,sim_ont,2207,2207,Methanosarcina,Methanosarcina,genus,0.0,abund,0.0,4357663,4,3,genus,0.0,1.0000002
Centrifuger,unified,Centrifuger_unified,simulated,simulated,ont,sim_ont,2220,2220,Methanolobus,Methanolobus,genus,0.0,abund,0.0,2948790,11,11,genus,0.0,1.0000002
Centrifuger,unified,Centrifuger_unified,simulated,simulated,ont,sim_ont,2237,2237,Haloarcula,Haloarcula,genus,0.0,abund,0.0,4164023,1,1,genus,0.0,1.0000002
Centrifuger,unified,Centrifuger_unified,simulated,simulated,ont,sim_ont,2249,2249,Halococcus,Halococcus,genus,0.0,abund,0.0,3334429,10,10,genus,0.0,1.0000002
Centrifuger,unified,Centrifuger_unified,simulated,simulated,ont,sim_ont,2251,2251,Haloferax,Haloferax,genus,0.0,abund,0.0,3862785,5,0,genus,0.0,1.0000002
Centrifuger,unified,Centrifuger_unified,simulated,simulated,ont,sim_ont,2256,2256,Natronobacterium,Natronobacterium,genus,0.0,abund,0.0,3788356,3,3,genus,0.0,1.0000002
Centrifuger,unified,Centrifuger_unified,simulated,simulated,ont,sim_ont,2263,2263,Thermococcus,Thermococcus,genus,0.0,abund,0.0,1975937,5,3,genus,0.0,1.0000002
Centrifuger,unified,Centrifuger_unified,simulated,simulated,ont,sim_ont,2299,2299,Desulfosarcina,Desulfosarcina,genus,0.0,abund,0.0,6968258,2,2,genus,0.0,1.0000002
Centrifuger,unified,Centrifuger_unified,simulated,simulated,ont,sim_ont,2330,2330,Halanaerobium,Halanaerobium,genus,0.0,abund,0.0,2461189,3,3,genus,0.0,1.0000002
Centrifuger,unified,Centrifuger_unified,simulated,simulated,ont,sim_ont,2357,2357,Desulfomonile,Desulfomonile,genus,0.0,abund,0.0,6527027,1,1,genus,0.0,1.0000002
Centrifuger,unified,Centrifuger_unified,simulated,simulated,ont,sim_ont,2375,2375,Sporomusa,Sporomusa,genus,0.0,abund,0.0,5521628,10,10,genus,0.0,1.0000002
Centrifuger,unified,Centrifuger_unified,simulated,simulated,ont,sim_ont,2383,2383,Candidatus_Epulonipiscium,Candidatus Epulonipiscium,genus,0.0,abund,0.0,3282201,1,1,genus,0.0,1.0000002
Centrifuger,unified,Centrifuger_unified,simulated,simulated,ont,sim_ont,2422,2422,Fervidobacterium,Fervidobacterium,genus,0.0,abund,0.0,2113915,2,2,genus,0.0,1.0000002
Centrifuger,unified,Centrifuger_unified,simulated,simulated,ont,sim_ont,2425,2425,Teredinibacter,Teredinibacter,genus,0.0,abund,0.0,5008835,1,1,genus,0.0,1.0000002
Centrifuger,unified,Centrifuger_unified,simulated,simulated,ont,sim_ont,2701,2701,Gardnerella,Gardnerella,genus,0.6605599999999999,abund,0.0066056,1652145,9668,2091,genus,0.6605598678880265,1.0000002
Centrifuger,unified,Centrifuger_unified,simulated,simulated,ont,sim_ont,2717,2717,Cardiobacterium,Cardiobacterium,genus,0.0,abund,0.0,2649060,1,1,genus,0.0,1.0000002
Centrifuger,unified,Centrifuger_unified,simulated,simulated,ont,sim_ont,2723,2723,Hirschia,Hirschia,genus,0.0,abund,0.0,3540114,3,3,genus,0.0,1.0000002
Centrifuger,unified,Centrifuger_unified,simulated,simulated,ont,sim_ont,2737,2737,Vagococcus,Vagococcus,genus,0.0,abund,0.0,4153950,10,9,genus,0.0,1.0000002
Centrifuger,unified,Centrifuger_unified,simulated,simulated,ont,sim_ont,2742,2742,Marinobacter,Marinobacter,genus,0.0,abund,0.0,4391526,2,2,genus,0.0,1.0000002
Centrifuger,unified,Centrifuger_unified,simulated,simulated,ont,sim_ont,2745,2745,Halomonas,Halomonas,genus,0.0,abund,0.0,4209331,5,5,genus,0.0,1.0000002
Centrifuger,unified,Centrifuger_unified,simulated,simulated,ont,sim_ont,2747,2747,Carnobacterium,Carnobacterium,genus,0.0,abund,0.0,2683339,2,1,genus,0.0,1.0000002
Centrifuger,unified,Centrifuger_unified,simulated,simulated,ont,sim_ont,2755,2755,Brochothrix,Brochothrix,genus,0.0,abund,0.0,2444106,1,1,genus,0.0,1.0000002
Centrifuger,unified,Centrifuger_unified,simulated,simulated,ont,sim_ont,4919,4919,Pichia,Pichia,genus,0.0,abund,0.0,9603573,1,1,genus,0.0,1.0000002
Centrifuger,unified,Centrifuger_unified,simulated,simulated,ont,sim_ont,4951,4951,Yarrowia,Yarrowia,genus,0.0,abund,0.0,18781082,1,1,genus,0.0,1.0000002
Centrifuger,unified,Centrifuger_unified,simulated,simulated,ont,sim_ont,5140,5140,Neurospora,Neurospora,genus,0.0,abund,0.0,34463920,1,1,genus,0.0,1.0000002
Centrifuger,unified,Centrifuger_unified,simulated,simulated,ont,sim_ont,5146,5146,Sordaria,Sordaria,genus,0.0,abund,0.0,35177418,1,1,genus,0.0,1.0000002
Centrifuger,unified,Centrifuger_unified,simulated,simulated,ont,sim_ont,5206,5206,Cryptococcus,Cryptococcus,genus,0.0,abund,0.0,15709403,2,1,genus,0.0,1.0000002
Centrifuger,unified,Centrifuger_unified,simulated,simulated,ont,sim_ont,5296,5296,Puccinia,Puccinia,genus,0.0,abund,0.0,80465120,5,4,genus,0.0,1.0000002
Centrifuger,unified,Centrifuger_unified,simulated,simulated,ont,sim_ont,5455,5455,Colletotrichum,Colletotrichum,genus,0.0,abund,0.0,45690426,1,0,genus,0.0,1.0000002
Centrifuger,unified,Centrifuger_unified,simulated,simulated,ont,sim_ont,5475,5475,Candida,Candida,genus,0.0,abund,0.0,9533581,5,5,genus,0.0,1.0000002
Centrifuger,unified,Centrifuger_unified,simulated,simulated,ont,sim_ont,5506,5506,Fusarium,Fusarium,genus,0.0,abund,0.0,41469677,7,2,genus,0.0,1.0000002
Centrifuger,unified,Centrifuger_unified,simulated,simulated,ont,sim_ont,5598,5598,Alternaria,Alternaria,genus,0.0,abund,0.0,32019803,1,1,genus,0.0,1.0000002
Centrifuger,unified,Centrifuger_unified,simulated,simulated,ont,sim_ont,10286,10286,Betaentomopoxvirus,Betaentomopoxvirus,genus,0.0,abund,0.0,223810,3,0,genus,0.0,1.0000002
Centrifuger,unified,Centrifuger_unified,simulated,simulated,ont,sim_ont,12914,12914,Acidianus,Acidianus,genus,0.0,abund,0.0,2478954,1,1,genus,0.0,1.0000002
Centrifuger,unified,Centrifuger_unified,simulated,simulated,ont,sim_ont,12960,12960,Azoarcus,Azoarcus,genus,0.0,abund,0.0,5029371,2,2,genus,0.0,1.0000002
Centrifuger,unified,Centrifuger_unified,simulated,simulated,ont,sim_ont,13075,13075,Globicatella,Globicatella,genus,0.00011999999999999999,abund,1.2e-06,2581158,1,1,genus,0.00011999997600000479,1.0000002
Centrifuger,unified,Centrifuger_unified,simulated,simulated,ont,sim_ont,13687,13687,Sphingomonas,Sphingomonas,genus,0.0,abund,0.0,3920971,1,1,genus,0.0,1.0000002
Centrifuger,unified,Centrifuger_unified,simulated,simulated,ont,sim_ont,28050,28050,Lachnospira,Lachnospira,genus,1.1012,abund,0.011012,2144190,12436,4054,genus,1.1011997797600441,1.0000002
Centrifuger,unified,Centrifuger_unified,simulated,simulated,ont,sim_ont,28065,28065,Rhodoferax,Rhodoferax,genus,0.0,abund,0.0,4714464,3,3,genus,0.0,1.0000002
Centrifuger,unified,Centrifuger_unified,simulated,simulated,ont,sim_ont,28100,28100,Phyllobacterium,Phyllobacterium,genus,0.0,abund,0.0,5283911,18,18,genus,0.0,1.0000002
Centrifuger,unified,Centrifuger_unified,simulated,simulated,ont,sim_ont,28105,28105,Sinorhizobium,Sinorhizobium,genus,0.0,abund,0.0,6621753,5,4,genus,0.0,1.0000002
Centrifuger,unified,Centrifuger_unified,simulated,simulated,ont,sim_ont,28196,28196,Arcobacter,Arcobacter,genus,0.0,abund,0.0,2793414,1,1,genus,0.0,1.0000002
Centrifuger,unified,Centrifuger_unified,simulated,simulated,ont,sim_ont,28228,28228,Colwellia,Colwellia,genus,0.0,abund,0.0,4718889,1,1,genus,0.0,1.0000002
Centrifuger,unified,Centrifuger_unified,simulated,simulated,ont,sim_ont,28231,28231,Geobacter,Geobacter,genus,0.0,abund,0.0,3931568,1,1,genus,0.0,1.0000002
Centrifuger,unified,Centrifuger_unified,simulated,simulated,ont,sim_ont,28250,28250,Ornithobacterium,Ornithobacterium,genus,0.0,abund,0.0,2277983,4,4,genus,0.0,1.0000002
Centrifuger,unified,Centrifuger_unified,simulated,simulated,ont,sim_ont,28261,28261,Thermodesulfovibrio,Thermodesulfovibrio,genus,0.0,abund,0.0,1919446,2,2,genus,0.0,1.0000002
Centrifuger,unified,Centrifuger_unified,simulated,simulated,ont,sim_ont,28263,28263,Arcanobacterium,Arcanobacterium,genus,0.0,abund,0.0,1967992,1,1,genus,0.0,1.0000002
Centrifuger,unified,Centrifuger_unified,simulated,simulated,ont,sim_ont,28453,28453,Sphingobacterium,Sphingobacterium,genus,0.0,abund,0.0,5917914,3,2,genus,0.0,1.0000002
Centrifuger,unified,Centrifuger_unified,simulated,simulated,ont,sim_ont,28895,28895,Thermoanaerobacterium,Thermoanaerobacterium,genus,0.0,abund,0.0,2845918,2,2,genus,0.0,1.0000002
Centrifuger,unified,Centrifuger_unified,simulated,simulated,ont,sim_ont,29330,29330,Alicyclobacillus,Alicyclobacillus,genus,0.0,abund,0.0,4779383,9,9,genus,0.0,1.0000002
Centrifuger,unified,Centrifuger_unified,simulated,simulated,ont,sim_ont,29393,29393,Dolosigranulum,Dolosigranulum,genus,0.0,abund,0.0,20516226,2,0,genus,0.0,1.0000002
Centrifuger,unified,Centrifuger_unified,simulated,simulated,ont,sim_ont,29407,29407,Rhodoplanes,Rhodoplanes,genus,0.0,abund,0.0,8193889,2,2,genus,0.0,1.0000002
Centrifuger,unified,Centrifuger_unified,simulated,simulated,ont,sim_ont,29465,29465,Veillonella,Veillonella,genus,4.39219,abund,0.0439219,2110435,61324,50309,genus,4.3921891215621764,1.0000002
Centrifuger,unified,Centrifuger_unified,simulated,simulated,ont,sim_ont,29521,29521,Brachyspira,Brachyspira,genus,0.0,abund,0.0,2953876,14,12,genus,0.0,1.0000002
Centrifuger,unified,Centrifuger_unified,simulated,simulated,ont,sim_ont,29548,29548,Rhodothermus,Rhodothermus,genus,0.0,abund,0.0,3307705,4,4,genus,0.0,1.0000002
Centrifuger,unified,Centrifuger_unified,simulated,simulated,ont,sim_ont,29580,29580,Janthinobacterium,Janthinobacterium,genus,0.0,abund,0.0,6028664,4,0,genus,0.0,1.0000002
Centrifuger,unified,Centrifuger_unified,simulated,simulated,ont,sim_ont,32008,32008,Burkholderia,Burkholderia,genus,0.0,abund,0.0,7360932,4,0,genus,0.0,1.0000002
Centrifuger,unified,Centrifuger_unified,simulated,simulated,ont,sim_ont,32067,32067,Leptotrichia,Leptotrichia,genus,0.0,abund,0.0,2520003,9,6,genus,0.0,1.0000002
Centrifuger,unified,Centrifuger_unified,simulated,simulated,ont,sim_ont,32199,32199,Buchnera,Buchnera,genus,0.0,abund,0.0,597450,31,19,genus,0.0,1.0000002
Centrifuger,unified,Centrifuger_unified,simulated,simulated,ont,sim_ont,32207,32207,Rothia,Rothia,genus,0.92852,abund,0.0092852,2450796,27728,14168,genus,0.9285198142960372,1.0000002
Centrifuger,unified,Centrifuger_unified,simulated,simulated,ont,sim_ont,32257,32257,Kingella,Kingella,genus,0.0,abund,0.0,3102527,4,0,genus,0.0,1.0000002
Centrifuger,unified,Centrifuger_unified,simulated,simulated,ont,sim_ont,33024,33024,Phascolarctobacterium,Phascolarctobacterium,genus,0.0,abund,0.0,2426810,2,0,genus,0.0,1.0000002
Centrifuger,unified,Centrifuger_unified,simulated,simulated,ont,sim_ont,33042,33042,Coprococcus,Coprococcus,genus,0.8090200000000001,abund,0.0080902,3209463,21107,437,genus,0.8090198381960324,1.0000002
Centrifuger,unified,Centrifuger_unified,simulated,simulated,ont,sim_ont,33170,33170,Eremothecium,Eremothecium,genus,0.0,abund,0.0,8661038,1,1,genus,0.0,1.0000002
Centrifuger,unified,Centrifuger_unified,simulated,simulated,ont,sim_ont,33882,33882,Microbacterium,Microbacterium,genus,0.0,abund,0.0,3591969,2,2,genus,0.0,1.0000002
Centrifuger,unified,Centrifuger_unified,simulated,simulated,ont,sim_ont,33951,33951,Acetobacterium,Acetobacterium,genus,0.0,abund,0.0,4070030,21,20,genus,0.0,1.0000002
Centrifuger,unified,Centrifuger_unified,simulated,simulated,ont,sim_ont,33981,33981,Kineococcus,Kineococcus,genus,0.0,abund,0.0,5006648,1,1,genus,0.0,1.0000002
Centrifuger,unified,Centrifuger_unified,simulated,simulated,ont,sim_ont,33986,33986,Exiguobacterium,Exiguobacterium,genus,0.0,abund,0.0,3103511,13,10,genus,0.0,1.0000002
Centrifuger,unified,Centrifuger_unified,simulated,simulated,ont,sim_ont,34008,34008,Rhodovulum,Rhodovulum,genus,0.0,abund,0.0,4287689,2,2,genus,0.0,1.0000002
Centrifuger,unified,Centrifuger_unified,simulated,simulated,ont,sim_ont,34037,34037,Rahnella,Rahnella,genus,0.0,abund,0.0,5334281,3,2,genus,0.0,1.0000002
Centrifuger,unified,Centrifuger_unified,simulated,simulated,ont,sim_ont,34072,34072,Variovorax,Variovorax,genus,0.0,abund,0.0,7062446,2,2,genus,0.0,1.0000002
Centrifuger,unified,Centrifuger_unified,simulated,simulated,ont,sim_ont,34084,34084,Riemerella,Riemerella,genus,0.0,abund,0.0,2177884,9,9,genus,0.0,1.0000002
Centrifuger,unified,Centrifuger_unified,simulated,simulated,ont,sim_ont,34098,34098,Blattabacterium,Blattabacterium,genus,0.0,abund,0.0,625550,4,4,genus,0.0,1.0000002
Centrifuger,unified,Centrifuger_unified,simulated,simulated,ont,sim_ont,35798,35798,Nitrosospira,Nitrosospira,genus,0.0,abund,0.0,3335709,1,1,genus,0.0,1.0000002
Centrifuger,unified,Centrifuger_unified,simulated,simulated,ont,sim_ont,35829,35829,Acetivibrio,Acetivibrio,genus,0.0,abund,0.0,3839929,2,1,genus,0.0,1.0000002
Centrifuger,unified,Centrifuger_unified,simulated,simulated,ont,sim_ont,36853,36853,Desulfitobacterium,Desulfitobacterium,genus,0.0,abund,0.0,4425788,3,3,genus,0.0,1.0000002
Centrifuger,unified,Centrifuger_unified,simulated,simulated,ont,sim_ont,39773,39773,Methylomicrobium,Methylomicrobium,genus,0.0,abund,0.0,4493175,1,1,genus,0.0,1.0000002
Centrifuger,unified,Centrifuger_unified,simulated,simulated,ont,sim_ont,39948,39948,Dialister,Dialister,genus,0.0,abund,0.0,2286576,2,2,genus,0.0,1.0000002
Centrifuger,unified,Centrifuger_unified,simulated,simulated,ont,sim_ont,40323,40323,Stenotrophomonas,Stenotrophomonas,genus,0.0,abund,0.0,4525503,3,1,genus,0.0,1.0000002
Centrifuger,unified,Centrifuger_unified,simulated,simulated,ont,sim_ont,40544,40544,Sutterella,Sutterella,genus,0.8521799999999999,abund,0.0085218,2913187,17811,16120,genus,0.852179829564034,1.0000002
Centrifuger,unified,Centrifuger_unified,simulated,simulated,ont,sim_ont,41273,41273,Tissierella,Tissierella,genus,0.0,abund,0.0,3701769,2,2,genus,0.0,1.0000002
Centrifuger,unified,Centrifuger_unified,simulated,simulated,ont,sim_ont,43668,43668,Brachybacterium,Brachybacterium,genus,0.0,abund,0.0,3813248,1,1,genus,0.0,1.0000002
Centrifuger,unified,Centrifuger_unified,simulated,simulated,ont,sim_ont,43773,43773,Syntrophus,Syntrophus,genus,0.0,abund,0.0,3215865,1,1,genus,0.0,1.0000002
Centrifuger,unified,Centrifuger_unified,simulated,simulated,ont,sim_ont,43927,43927,Halobaculum,Halobaculum,genus,0.0,abund,0.0,3398697,2,2,genus,0.0,1.0000002
Centrifuger,unified,Centrifuger_unified,simulated,simulated,ont,sim_ont,43947,43947,Tolumonas,Tolumonas,genus,0.0,abund,0.0,3770499,2,2,genus,0.0,1.0000002
Centrifuger,unified,Centrifuger_unified,simulated,simulated,ont,sim_ont,44000,44000,Caldicellulosiruptor,Caldicellulosiruptor,genus,0.0,abund,0.0,2708261,3,3,genus,0.0,1.0000002
Centrifuger,unified,Centrifuger_unified,simulated,simulated,ont,sim_ont,44013,44013,Polynucleobacter,Polynucleobacter,genus,0.0,abund,0.0,2227601,2,2,genus,0.0,1.0000002
Centrifuger,unified,Centrifuger_unified,simulated,simulated,ont,sim_ont,44249,44249,Paenibacillus,Paenibacillus,genus,0.0,abund,0.0,6921948,173,116,genus,0.0,1.0000002
Centrifuger,unified,Centrifuger_unified,simulated,simulated,ont,sim_ont,44258,44258,Caloramator,Caloramator,genus,0.0,abund,0.0,2771920,1,1,genus,0.0,1.0000002
Centrifuger,unified,Centrifuger_unified,simulated,simulated,ont,sim_ont,44259,44259,Filifactor,Filifactor,genus,0.0,abund,0.0,1931012,3,3,genus,0.0,1.0000002
Centrifuger,unified,Centrifuger_unified,simulated,simulated,ont,sim_ont,45667,45667,Halobacillus,Halobacillus,genus,0.0,abund,0.0,4250115,5,5,genus,0.0,1.0000002
Centrifuger,unified,Centrifuger_unified,simulated,simulated,ont,sim_ont,46205,46205,Pseudobutyrivibrio,Pseudobutyrivibrio,genus,0.0,abund,0.0,3584426,7,7,genus,0.0,1.0000002
Centrifuger,unified,Centrifuger_unified,simulated,simulated,ont,sim_ont,46239,46239,Mesoplasma,Mesoplasma,genus,0.0,abund,0.0,925279,2,0,genus,0.0,1.0000002
Centrifuger,unified,Centrifuger_unified,simulated,simulated,ont,sim_ont,46254,46254,Oenococcus,Oenococcus,genus,0.0,abund,0.0,1762337,2,0,genus,0.0,1.0000002
Centrifuger,unified,Centrifuger_unified,simulated,simulated,ont,sim_ont,46255,46255,Weissella,Weissella,genus,0.0,abund,0.0,2316783,2,2,genus,0.0,1.0000002
Centrifuger,unified,Centrifuger_unified,simulated,simulated,ont,sim_ont,46352,46352,Agrococcus,Agrococcus,genus,0.0,abund,0.0,2853050,1,1,genus,0.0,1.0000002
Centrifuger,unified,Centrifuger_unified,simulated,simulated,ont,sim_ont,47251,47251,Leptolyngbya,Leptolyngbya,genus,0.0,abund,0.0,6393936,2,0,genus,0.0,1.0000002
Centrifuger,unified,Centrifuger_unified,simulated,simulated,ont,sim_ont,47420,47420,Hydrogenophaga,Hydrogenophaga,genus,0.0,abund,0.0,5472838,1,1,genus,0.0,1.0000002
Centrifuger,unified,Centrifuger_unified,simulated,simulated,ont,sim_ont,48073,48073,Microbulbifer,Microbulbifer,genus,0.0,abund,0.0,4615317,4,2,genus,0.0,1.0000002
Centrifuger,unified,Centrifuger_unified,simulated,simulated,ont,sim_ont,48736,48736,Ralstonia,Ralstonia,genus,0.0,abund,0.0,5459107,5,1,genus,0.0,1.0000002
Centrifuger,unified,Centrifuger_unified,simulated,simulated,ont,sim_ont,50709,50709,Acidocella,Acidocella,genus,0.0,abund,0.0,3735595,1,1,genus,0.0,1.0000002
Centrifuger,unified,Centrifuger_unified,simulated,simulated,ont,sim_ont,52959,52959,Polaribacter,Polaribacter,genus,0.0,abund,0.0,3792809,26,7,genus,0.0,1.0000002
Centrifuger,unified,Centrifuger_unified,simulated,simulated,ont,sim_ont,53246,53246,Pseudoalteromonas,Pseudoalteromonas,genus,0.0,abund,0.0,4727145,3,3,genus,0.0,1.0000002
Centrifuger,unified,Centrifuger_unified,simulated,simulated,ont,sim_ont,53335,53335,Pantoea,Pantoea,genus,0.0,abund,0.0,4947003,15,13,genus,0.0,1.0000002
Centrifuger,unified,Centrifuger_unified,simulated,simulated,ont,sim_ont,54304,54304,Planktothrix,Planktothrix,genus,0.0,abund,0.0,5886228,1,1,genus,0.0,1.0000002
Centrifuger,unified,Centrifuger_unified,simulated,simulated,ont,sim_ont,55079,55079,Aneurinibacillus,Aneurinibacillus,genus,0.0,abund,0.0,4213961,7,3,genus,0.0,1.0000002
Centrifuger,unified,Centrifuger_unified,simulated,simulated,ont,sim_ont,55080,55080,Brevibacillus,Brevibacillus,genus,0.0,abund,0.0,5481634,8,5,genus,0.0,1.0000002
Centrifuger,unified,Centrifuger_unified,simulated,simulated,ont,sim_ont,56112,56112,Dehalobacter,Dehalobacter,genus,0.0,abund,0.0,3258546,13,3,genus,0.0,1.0000002
Centrifuger,unified,Centrifuger_unified,simulated,simulated,ont,sim_ont,57665,57665,Sulfurospirillum,Sulfurospirillum,genus,0.0,abund,0.0,2696237,1,0,genus,0.0,1.0000002
Centrifuger,unified,Centrifuger_unified,simulated,simulated,ont,sim_ont,58050,58050,Moritella,Moritella,genus,0.0,abund,0.0,4841935,2,2,genus,0.0,1.0000002
Centrifuger,unified,Centrifuger_unified,simulated,simulated,ont,sim_ont,59195,59195,Rickettsiella,Rickettsiella,genus,0.0,abund,0.0,1674984,2,2,genus,0.0,1.0000002
Centrifuger,unified,Centrifuger_unified,simulated,simulated,ont,sim_ont,59282,59282,Blastochloris,Blastochloris,genus,0.0,abund,0.0,3838008,1,0,genus,0.0,1.0000002
Centrifuger,unified,Centrifuger_unified,simulated,simulated,ont,sim_ont,59732,59732,Chryseobacterium,Chryseobacterium,genus,0.0,abund,0.0,5024056,37,28,genus,0.0,1.0000002
Centrifuger,unified,Centrifuger_unified,simulated,simulated,ont,sim_ont,59734,59734,Empedobacter,Empedobacter,genus,0.0,abund,0.0,3285541,1,1,genus,0.0,1.0000002
Centrifuger,unified,Centrifuger_unified,simulated,simulated,ont,sim_ont,59739,59739,Flammeovirga,Flammeovirga,genus,0.0,abund,0.0,7102320,1,1,genus,0.0,1.0000002
Centrifuger,unified,Centrifuger_unified,simulated,simulated,ont,sim_ont,59753,59753,Alcanivorax,Alcanivorax,genus,0.0,abund,0.0,4119931,1,1,genus,0.0,1.0000002
Centrifuger,unified,Centrifuger_unified,simulated,simulated,ont,sim_ont,60136,60136,Sulfitobacter,Sulfitobacter,genus,0.0,abund,0.0,4715534,9,9,genus,0.0,1.0000002
Centrifuger,unified,Centrifuger_unified,simulated,simulated,ont,sim_ont,61170,61170,Holdemania,Holdemania,genus,0.0,abund,0.0,4017176,6,6,genus,0.0,1.0000002
Centrifuger,unified,Centrifuger_unified,simulated,simulated,ont,sim_ont,68287,68287,Mesorhizobium,Mesorhizobium,genus,0.0,abund,0.0,6832309,10,3,genus,0.0,1.0000002
Centrifuger,unified,Centrifuger_unified,simulated,simulated,ont,sim_ont,68288,68288,Cyclobacterium,Cyclobacterium,genus,0.0,abund,0.0,6062119,1,1,genus,0.0,1.0000002
Centrifuger,unified,Centrifuger_unified,simulated,simulated,ont,sim_ont,69578,69578,Cryobacterium,Cryobacterium,genus,0.0,abund,0.0,4118796,2,2,genus,0.0,1.0000002
Centrifuger,unified,Centrifuger_unified,simulated,simulated,ont,sim_ont,69965,69965,Macrococcus,Macrococcus,genus,0.0,abund,0.0,3498234,5,0,genus,0.0,1.0000002
Centrifuger,unified,Centrifuger_unified,simulated,simulated,ont,sim_ont,74968,74968,Ferroplasma,Ferroplasma,genus,0.0,abund,0.0,1879617,1,0,genus,0.0,1.0000002
Centrifuger,unified,Centrifuger_unified,simulated,simulated,ont,sim_ont,76831,76831,Myroides,Myroides,genus,0.0,abund,0.0,3801028,2,1,genus,0.0,1.0000002
Centrifuger,unified,Centrifuger_unified,simulated,simulated,ont,sim_ont,76890,76890,Asticcacaulis,Asticcacaulis,genus,0.0,abund,0.0,4123942,1,1,genus,0.0,1.0000002
Centrifuger,unified,Centrifuger_unified,simulated,simulated,ont,sim_ont,79206,79206,Desulfosporosinus,Desulfosporosinus,genus,0.0,abund,0.0,5362612,6,6,genus,0.0,1.0000002
Centrifuger,unified,Centrifuger_unified,simulated,simulated,ont,sim_ont,79328,79328,Chitinophaga,Chitinophaga,genus,0.0,abund,0.0,7722829,16,16,genus,0.0,1.0000002
Centrifuger,unified,Centrifuger_unified,simulated,simulated,ont,sim_ont,79598,79598,Heliorestis,Heliorestis,genus,0.0,abund,0.0,3218981,1,1,genus,0.0,1.0000002
Centrifuger,unified,Centrifuger_unified,simulated,simulated,ont,sim_ont,82802,82802,Trichococcus,Trichococcus,genus,0.0,abund,0.0,3177627,4,2,genus,0.0,1.0000002
Centrifuger,unified,Centrifuger_unified,simulated,simulated,ont,sim_ont,82986,82986,Tatumella,Tatumella,genus,0.0,abund,0.0,6285230,1,0,genus,0.0,1.0000002
Centrifuger,unified,Centrifuger_unified,simulated,simulated,ont,sim_ont,83461,83461,Corallococcus,Corallococcus,genus,0.0,abund,0.0,9643545,1,1,genus,0.0,1.0000002
Centrifuger,unified,Centrifuger_unified,simulated,simulated,ont,sim_ont,83654,83654,Leclercia,Leclercia,genus,0.0,abund,0.0,5409780,3,2,genus,0.0,1.0000002
Centrifuger,unified,Centrifuger_unified,simulated,simulated,ont,sim_ont,83770,83770,Succinivibrio,Succinivibrio,genus,0.0,abund,0.0,3468545,2,2,genus,0.0,1.0000002
Centrifuger,unified,Centrifuger_unified,simulated,simulated,ont,sim_ont,84108,84108,Slackia,Slackia,genus,0.0,abund,0.0,3165038,1,0,genus,0.0,1.0000002
Centrifuger,unified,Centrifuger_unified,simulated,simulated,ont,sim_ont,84111,84111,Eggerthella,Eggerthella,genus,0.30432,abund,0.0030432,3643702,20177,9559,genus,0.3043199391360122,1.0000002
Centrifuger,unified,Centrifuger_unified,simulated,simulated,ont,sim_ont,84162,84162,Cryptobacterium,Cryptobacterium,genus,0.0,abund,0.0,1617804,1,1,genus,0.0,1.0000002
Centrifuger,unified,Centrifuger_unified,simulated,simulated,ont,sim_ont,84406,84406,Virgibacillus,Virgibacillus,genus,0.0,abund,0.0,4207323,7,6,genus,0.0,1.0000002
Centrifuger,unified,Centrifuger_unified,simulated,simulated,ont,sim_ont,84565,84565,Sodalis,Sodalis,genus,0.0,abund,0.0,5051386,3,1,genus,0.0,1.0000002
Centrifuger,unified,Centrifuger_unified,simulated,simulated,ont,sim_ont,84567,84567,Pedobacter,Pedobacter,genus,0.0,abund,0.0,5700758,19,19,genus,0.0,1.0000002
Centrifuger,unified,Centrifuger_unified,simulated,simulated,ont,sim_ont,85108,85108,Halorhodospira,Halorhodospira,genus,0.0,abund,0.0,2756506,1,1,genus,0.0,1.0000002
Centrifuger,unified,Centrifuger_unified,simulated,simulated,ont,sim_ont,85413,85413,Bosea,Bosea,genus,0.0,abund,0.0,6032766,1,1,genus,0.0,1.0000002
Centrifuger,unified,Centrifuger_unified,simulated,simulated,ont,sim_ont,86331,86331,Mogibacterium,Mogibacterium,genus,0.72319,abund,0.0072319,1800896,10395,10129,genus,0.7231898553620291,1.0000002
Centrifuger,unified,Centrifuger_unified,simulated,simulated,ont,sim_ont,88875,88875,Ferribacterium,Ferribacterium,genus,0.0,abund,0.0,17000930,1,1,genus,0.0,1.0000002
Centrifuger,unified,Centrifuger_unified,simulated,simulated,ont,sim_ont,89966,89966,Hymenobacter,Hymenobacter,genus,0.0,abund,0.0,5142629,3,3,genus,0.0,1.0000002
Centrifuger,unified,Centrifuger_unified,simulated,simulated,ont,sim_ont,90243,90243,Oligella,Oligella,genus,0.0,abund,0.0,2706687,1,1,genus,0.0,1.0000002
Centrifuger,unified,Centrifuger_unified,simulated,simulated,ont,sim_ont,102106,102106,Collinsella,Collinsella,genus,0.80314,abund,0.0080314,2293248,14101,13675,genus,0.8031398393720321,1.0000002
Centrifuger,unified,Centrifuger_unified,simulated,simulated,ont,sim_ont,102234,102234,Cyanobacterium,Cyanobacterium,genus,0.0,abund,0.0,4041719,1,0,genus,0.0,1.0000002
Centrifuger,unified,Centrifuger_unified,simulated,simulated,ont,sim_ont,104264,104264,Cellulophaga,Cellulophaga,genus,0.0,abund,0.0,4392989,1,1,genus,0.0,1.0000002
Centrifuger,unified,Centrifuger_unified,simulated,simulated,ont,sim_ont,104267,104267,Tenacibaculum,Tenacibaculum,genus,0.0,abund,0.0,3478080,3,3,genus,0.0,1.0000002
Centrifuger,unified,Centrifuger_unified,simulated,simulated,ont,sim_ont,105850,105850,Acidilobus,Acidilobus,genus,0.0,abund,0.0,1517751,2,2,genus,0.0,1.0000002
Centrifuger,unified,Centrifuger_unified,simulated,simulated,ont,sim_ont,106589,106589,Cupriavidus,Cupriavidus,genus,0.0,abund,0.0,7620806,4,2,genus,0.0,1.0000002
Centrifuger,unified,Centrifuger_unified,simulated,simulated,ont,sim_ont,111782,111782,Tolypothrix,Tolypothrix,genus,0.0,abund,0.0,9668624,1,1,genus,0.0,1.0000002
Centrifuger,unified,Centrifuger_unified,simulated,simulated,ont,sim_ont,112040,112040,Zobellia,Zobellia,genus,0.0,abund,0.0,5087906,1,1,genus,0.0,1.0000002
Centrifuger,unified,Centrifuger_unified,simulated,simulated,ont,sim_ont,114627,114627,Alkaliphilus,Alkaliphilus,genus,0.0,abund,0.0,3972021,3,3,genus,0.0,1.0000002
Centrifuger,unified,Centrifuger_unified,simulated,simulated,ont,sim_ont,115782,115782,Trichlorobacter,Trichlorobacter,genus,0.0,abund,0.0,3526928,1,0,genus,0.0,1.0000002
Centrifuger,unified,Centrifuger_unified,simulated,simulated,ont,sim_ont,120831,120831,Dyadobacter,Dyadobacter,genus,0.0,abund,0.0,6902816,1,1,genus,0.0,1.0000002
Centrifuger,unified,Centrifuger_unified,simulated,simulated,ont,sim_ont,121820,121820,Roseinatronobacter,Roseinatronobacter,genus,0.0,abund,0.0,4172632,2,2,genus,0.0,1.0000002
Centrifuger,unified,Centrifuger_unified,simulated,simulated,ont,sim_ont,121871,121871,Haloterrigena,Haloterrigena,genus,0.0,abund,0.0,4748280,2,2,genus,0.0,1.0000002
Centrifuger,unified,Centrifuger_unified,simulated,simulated,ont,sim_ont,122277,122277,Pectobacterium,Pectobacterium,genus,0.0,abund,0.0,8676040,9,7,genus,0.0,1.0000002
Centrifuger,unified,Centrifuger_unified,simulated,simulated,ont,sim_ont,123375,123375,Solobacterium,Solobacterium,genus,0.0,abund,0.0,2615268,1,1,genus,0.0,1.0000002
Centrifuger,unified,Centrifuger_unified,simulated,simulated,ont,sim_ont,124426,124426,Ustilaginoidea,Ustilaginoidea,genus,0.0,abund,0.0,28156414,18,18,genus,0.0,1.0000002
Centrifuger,unified,Centrifuger_unified,simulated,simulated,ont,sim_ont,129337,129337,Geobacillus,Geobacillus,genus,0.0,abund,0.0,3707224,5,0,genus,0.0,1.0000002
Centrifuger,unified,Centrifuger_unified,simulated,simulated,ont,sim_ont,133925,133925,Olsenella,Olsenella,genus,0.76798,abund,0.0076798,2480739,18520,18480,genus,0.7679798464040308,1.0000002
Centrifuger,unified,Centrifuger_unified,simulated,simulated,ont,sim_ont,135858,135858,Catenibacterium,Catenibacterium,genus,0.0,abund,0.0,2587765,2,2,genus,0.0,1.0000002
Centrifuger,unified,Centrifuger_unified,simulated,simulated,ont,sim_ont,146937,146937,Azospira,Azospira,genus,0.0,abund,0.0,3803808,1,1,genus,0.0,1.0000002
Centrifuger,unified,Centrifuger_unified,simulated,simulated,ont,sim_ont,149698,149698,Massilia,Massilia,genus,0.0,abund,0.0,6166900,4,2,genus,0.0,1.0000002
Centrifuger,unified,Centrifuger_unified,simulated,simulated,ont,sim_ont,150022,150022,Finegoldia,Finegoldia,genus,0.0,abund,0.0,1852794,5,0,genus,0.0,1.0000002
Centrifuger,unified,Centrifuger_unified,simulated,simulated,ont,sim_ont,150247,150247,Anoxybacillus,Anoxybacillus,genus,0.0,abund,0.0,3344319,1,1,genus,0.0,1.0000002
Centrifuger,unified,Centrifuger_unified,simulated,simulated,ont,sim_ont,155977,155977,Acaryochloris,Acaryochloris,genus,0.0,abund,0.0,7594200,1,1,genus,0.0,1.0000002
Centrifuger,unified,Centrifuger_unified,simulated,simulated,ont,sim_ont,158846,158846,Megamonas,Megamonas,genus,0.0,abund,0.0,2592776,3,2,genus,0.0,1.0000002
Centrifuger,unified,Centrifuger_unified,simulated,simulated,ont,sim_ont,160795,160795,Ureibacillus,Ureibacillus,genus,0.0,abund,0.0,3351282,10,10,genus,0.0,1.0000002
Centrifuger,unified,Centrifuger_unified,simulated,simulated,ont,sim_ont,160798,160798,Marinitoga,Marinitoga,genus,0.0,abund,0.0,2321943,1,0,genus,0.0,1.0000002
Centrifuger,unified,Centrifuger_unified,simulated,simulated,ont,sim_ont,162289,162289,Peptoniphilus,Peptoniphilus,genus,0.741,abund,0.00741,1808067,9614,9590,genus,0.7409998518000297,1.0000002
Centrifuger,unified,Centrifuger_unified,simulated,simulated,ont,sim_ont,165696,165696,Novosphingobium,Novosphingobium,genus,0.0,abund,0.0,5022627,7,7,genus,0.0,1.0000002
Centrifuger,unified,Centrifuger_unified,simulated,simulated,ont,sim_ont,165697,165697,Sphingopyxis,Sphingopyxis,genus,0.0,abund,0.0,4320555,1,1,genus,0.0,1.0000002
Centrifuger,unified,Centrifuger_unified,simulated,simulated,ont,sim_ont,165779,165779,Anaerococcus,Anaerococcus,genus,0.0,abund,0.0,1820442,7,4,genus,0.0,1.0000002
Centrifuger,unified,Centrifuger_unified,simulated,simulated,ont,sim_ont,170610,170610,Halomicronema,Halomicronema,genus,0.0,abund,0.0,5577845,2,2,genus,0.0,1.0000002
Centrifuger,unified,Centrifuger_unified,simulated,simulated,ont,sim_ont,171003,171003,Caloranaerobacter,Caloranaerobacter,genus,0.7833100000000001,abund,0.0078331,2539490,14708,14599,genus,0.7833098433380314,1.0000002
Centrifuger,unified,Centrifuger_unified,simulated,simulated,ont,sim_ont,174708,174708,Allobaculum,Allobaculum,genus,0.0,abund,0.0,2936281,4,4,genus,0.0,1.0000002
Centrifuger,unified,Centrifuger_unified,simulated,simulated,ont,sim_ont,180162,180162,Cetobacterium,Cetobacterium,genus,0.0,abund,0.0,3211149,2,2,genus,0.0,1.0000002
Centrifuger,unified,Centrifuger_unified,simulated,simulated,ont,sim_ont,182639,182639,Kribbella,Kribbella,genus,0.0,abund,0.0,8656178,19,19,genus,0.0,1.0000002
Centrifuger,unified,Centrifuger_unified,simulated,simulated,ont,sim_ont,182709,182709,Oceanobacillus,Oceanobacillus,genus,0.0,abund,0.0,4346983,1,1,genus,0.0,1.0000002
Centrifuger,unified,Centrifuger_unified,simulated,simulated,ont,sim_ont,186650,186650,Microvirga,Microvirga,genus,0.0,abund,0.0,6797400,1,1,genus,0.0,1.0000002
Centrifuger,unified,Centrifuger_unified,simulated,simulated,ont,sim_ont,187492,187492,Thalassolituus,Thalassolituus,genus,0.0,abund,0.0,4089318,4,4,genus,0.0,1.0000002
Centrifuger,unified,Centrifuger_unified,simulated,simulated,ont,sim_ont,189330,189330,Dorea,Dorea,genus,1.69785,abund,0.0169785,3317665,35543,33780,genus,1.697849660430068,1.0000002
Centrifuger,unified,Centrifuger_unified,simulated,simulated,ont,sim_ont,190818,190818,Geoglobus,Geoglobus,genus,0.0,abund,0.0,1836807,1,1,genus,0.0,1.0000002
Centrifuger,unified,Centrifuger_unified,simulated,simulated,ont,sim_ont,190972,190972,Sedimentibacter,Sedimentibacter,genus,0.0,abund,0.0,3259696,2,2,genus,0.0,1.0000002
Centrifuger,unified,Centrifuger_unified,simulated,simulated,ont,sim_ont,191291,191291,Nautilia,Nautilia,genus,0.0,abund,0.0,1733770,5,5,genus,0.0,1.0000002
Centrifuger,unified,Centrifuger_unified,simulated,simulated,ont,sim_ont,191301,191301,Caminibacter,Caminibacter,genus,0.0,abund,0.0,1732612,2,2,genus,0.0,1.0000002
Centrifuger,unified,Centrifuger_unified,simulated,simulated,ont,sim_ont,191303,191303,Turicibacter,Turicibacter,genus,1.9183599999999998,abund,0.0191836,3568088,47921,45034,genus,1.9183596163280767,1.0000002
Centrifuger,unified,Centrifuger_unified,simulated,simulated,ont,sim_ont,195950,195950,Tannerella,Tannerella,genus,0.0,abund,0.0,3290740,4,4,genus,0.0,1.0000002
Centrifuger,unified,Centrifuger_unified,simulated,simulated,ont,sim_ont,196118,196118,Methanocaldococcus,Methanocaldococcus,genus,0.0,abund,0.0,1597179,1,1,genus,0.0,1.0000002
Centrifuger,unified,Centrifuger_unified,simulated,simulated,ont,sim_ont,198251,198251,Candidatus_Pelagibacter,Candidatus Pelagibacter,genus,0.0,abund,0.0,1350017,1,1,genus,0.0,1.0000002
Centrifuger,unified,Centrifuger_unified,simulated,simulated,ont,sim_ont,201096,201096,Alicycliphilus,Alicycliphilus,genus,0.0,abund,0.0,4893373,2,2,genus,0.0,1.0000002
Centrifuger,unified,Centrifuger_unified,simulated,simulated,ont,sim_ont,202746,202746,Sulfurimonas,Sulfurimonas,genus,0.0,abund,0.0,2554572,9,9,genus,0.0,1.0000002
Centrifuger,unified,Centrifuger_unified,simulated,simulated,ont,sim_ont,203135,203135,Halomicrobium,Halomicrobium,genus,0.0,abund,0.0,4210010,2,0,genus,0.0,1.0000002
Centrifuger,unified,Centrifuger_unified,simulated,simulated,ont,sim_ont,204447,204447,Skermanella,Skermanella,genus,0.0,abund,0.0,7259824,1,1,genus,0.0,1.0000002
Centrifuger,unified,Centrifuger_unified,simulated,simulated,ont,sim_ont,207244,207244,Anaerostipes,Anaerostipes,genus,0.70997,abund,0.0070997,3351878,17225,798,genus,0.7099698580060284,1.0000002
Centrifuger,unified,Centrifuger_unified,simulated,simulated,ont,sim_ont,212790,212790,Sulfurihydrogenibium,Sulfurihydrogenibium,genus,0.0,abund,0.0,1739659,1,1,genus,0.0,1.0000002
Centrifuger,unified,Centrifuger_unified,simulated,simulated,ont,sim_ont,214906,214906,Histophilus,Histophilus,genus,0.0,abund,0.0,2263857,1,0,genus,0.0,1.0000002
Centrifuger,unified,Centrifuger_unified,simulated,simulated,ont,sim_ont,216851,216851,Faecalibacterium,Faecalibacterium,genus,7.50183,abund,0.0750183,3023890,139354,120771,genus,7.501828499634301,1.0000002
Centrifuger,unified,Centrifuger_unified,simulated,simulated,ont,sim_ont,223785,223785,Hydrogenimonas,Hydrogenimonas,genus,0.0,abund,0.0,3001575,3,2,genus,0.0,1.0000002
Centrifuger,unified,Centrifuger_unified,simulated,simulated,ont,sim_ont,227979,227979,Jeotgalicoccus,Jeotgalicoccus,genus,0.0,abund,0.0,2238212,3,3,genus,0.0,1.0000002
Centrifuger,unified,Centrifuger_unified,simulated,simulated,ont,sim_ont,230666,230666,Chitinibacter,Chitinibacter,genus,0.0,abund,0.0,3511014,1,1,genus,0.0,1.0000002
Centrifuger,unified,Centrifuger_unified,simulated,simulated,ont,sim_ont,231454,231454,Dyella,Dyella,genus,0.0,abund,0.0,4690202,1,1,genus,0.0,1.0000002
Centrifuger,unified,Centrifuger_unified,simulated,simulated,ont,sim_ont,232244,232244,Belliella,Belliella,genus,0.0,abund,0.0,4196595,3,3,genus,0.0,1.0000002
Centrifuger,unified,Centrifuger_unified,simulated,simulated,ont,sim_ont,235888,235888,Salinibacterium,Salinibacterium,genus,0.0,abund,0.0,3005445,1,1,genus,0.0,1.0000002
Centrifuger,unified,Centrifuger_unified,simulated,simulated,ont,sim_ont,236752,236752,Fastidiosipila,Fastidiosipila,genus,0.0,abund,0.0,1785891,1,1,genus,0.0,1.0000002
Centrifuger,unified,Centrifuger_unified,simulated,simulated,ont,sim_ont,239759,239759,Alistipes,Alistipes,genus,2.93036,abund,0.0293036,3559379,74762,69354,genus,2.9303594139281173,1.0000002
Centrifuger,unified,Centrifuger_unified,simulated,simulated,ont,sim_ont,239934,239934,Akkermansia,Akkermansia,genus,0.0,abund,0.0,4083449,4,1,genus,0.0,1.0000002
Centrifuger,unified,Centrifuger_unified,simulated,simulated,ont,sim_ont,244127,244127,Anaerotruncus,Anaerotruncus,genus,1.08351,abund,0.0108351,3563916,20149,17604,genus,1.0835097832980434,1.0000002
Centrifuger,unified,Centrifuger_unified,simulated,simulated,ont,sim_ont,245876,245876,Nitratireductor,Nitratireductor,genus,0.0,abund,0.0,4437668,2,2,genus,0.0,1.0000002
Centrifuger,unified,Centrifuger_unified,simulated,simulated,ont,sim_ont,246875,246875,Algoriphagus,Algoriphagus,genus,0.0,abund,0.0,5099995,2,2,genus,0.0,1.0000002
Centrifuger,unified,Centrifuger_unified,simulated,simulated,ont,sim_ont,248744,248744,Marvinbryantia,Marvinbryantia,genus,0.0,abund,0.0,4577574,89,89,genus,0.0,1.0000002
Centrifuger,unified,Centrifuger_unified,simulated,simulated,ont,sim_ont,252356,252356,Maribacter,Maribacter,genus,0.0,abund,0.0,4251007,3,3,genus,0.0,1.0000002
Centrifuger,unified,Centrifuger_unified,simulated,simulated,ont,sim_ont,252965,252965,Mahella,Mahella,genus,0.0,abund,0.0,3135972,1,1,genus,0.0,1.0000002
Centrifuger,unified,Centrifuger_unified,simulated,simulated,ont,sim_ont,256319,256319,Chlorobaculum,Chlorobaculum,genus,0.0,abund,0.0,2370310,1,1,genus,0.0,1.0000002
Centrifuger,unified,Centrifuger_unified,simulated,simulated,ont,sim_ont,261827,261827,Algibacter,Algibacter,genus,0.0,abund,0.0,4290169,2,2,genus,0.0,1.0000002
Centrifuger,unified,Centrifuger_unified,simulated,simulated,ont,sim_ont,261963,261963,Kangiella,Kangiella,genus,0.0,abund,0.0,2636722,1,1,genus,0.0,1.0000002
Centrifuger,unified,Centrifuger_unified,simulated,simulated,ont,sim_ont,263370,263370,Peredibacter,Peredibacter,genus,0.0,abund,0.0,4073039,2,2,genus,0.0,1.0000002
Centrifuger,unified,Centrifuger_unified,simulated,simulated,ont,sim_ont,264995,264995,Anaerofustis,Anaerofustis,genus,0.0,abund,0.0,2297660,1,1,genus,0.0,1.0000002
Centrifuger,unified,Centrifuger_unified,simulated,simulated,ont,sim_ont,274470,274470,Alkalibacter,Alkalibacter,genus,0.0,abund,0.0,2449552,1,1,genus,0.0,1.0000002
Centrifuger,unified,Centrifuger_unified,simulated,simulated,ont,sim_ont,283168,283168,Odoribacter,Odoribacter,genus,1.25963,abund,0.0125963,4393264,25294,5042,genus,1.2596297480740506,1.0000002
Centrifuger,unified,Centrifuger_unified,simulated,simulated,ont,sim_ont,283735,283735,Leeuwenhoekiella,Leeuwenhoekiella,genus,0.0,abund,0.0,3850106,1,0,genus,0.0,1.0000002
Centrifuger,unified,Centrifuger_unified,simulated,simulated,ont,sim_ont,285107,285107,Thioclava,Thioclava,genus,0.0,abund,0.0,4159896,1,1,genus,0.0,1.0000002
Centrifuger,unified,Centrifuger_unified,simulated,simulated,ont,sim_ont,289201,289201,Pontibacillus,Pontibacillus,genus,0.0,abund,0.0,4286409,1,1,genus,0.0,1.0000002
Centrifuger,unified,Centrifuger_unified,simulated,simulated,ont,sim_ont,290174,290174,Aquimarina,Aquimarina,genus,0.0,abund,0.0,5240881,1,1,genus,0.0,1.0000002
Centrifuger,unified,Centrifuger_unified,simulated,simulated,ont,sim_ont,292486,292486,Avibacterium,Avibacterium,genus,1.9999999999999998e-05,abund,2e-07,5878067,3,0,genus,1.9999996000000804e-05,1.0000002
Centrifuger,unified,Centrifuger_unified,simulated,simulated,ont,sim_ont,292632,292632,Subdoligranulum,Subdoligranulum,genus,0.0,abund,0.0,3118096,5,5,genus,0.0,1.0000002
Centrifuger,unified,Centrifuger_unified,simulated,simulated,ont,sim_ont,293088,293088,Martelella,Martelella,genus,0.0,abund,0.0,5425432,5,5,genus,0.0,1.0000002
Centrifuger,unified,Centrifuger_unified,simulated,simulated,ont,sim_ont,293431,293431,Haloquadratum,Haloquadratum,genus,0.0,abund,0.0,3219918,1,1,genus,0.0,1.0000002
Centrifuger,unified,Centrifuger_unified,simulated,simulated,ont,sim_ont,299566,299566,Adhaeribacter,Adhaeribacter,genus,0.0,abund,0.0,6580763,1,1,genus,0.0,1.0000002
Centrifuger,unified,Centrifuger_unified,simulated,simulated,ont,sim_ont,302485,302485,Phaeobacter,Phaeobacter,genus,0.0,abund,0.0,4555288,4,3,genus,0.0,1.0000002
Centrifuger,unified,Centrifuger_unified,simulated,simulated,ont,sim_ont,305899,305899,Endozoicomonas,Endozoicomonas,genus,0.0,abund,0.0,6261896,2,0,genus,0.0,1.0000002
Centrifuger,unified,Centrifuger_unified,simulated,simulated,ont,sim_ont,308865,308865,Elizabethkingia,Elizabethkingia,genus,0.0,abund,0.0,4086715,5,1,genus,0.0,1.0000002
Centrifuger,unified,Centrifuger_unified,simulated,simulated,ont,sim_ont,323449,323449,Pontibacter,Pontibacter,genus,0.0,abund,0.0,5336320,17,17,genus,0.0,1.0000002
Centrifuger,unified,Centrifuger_unified,simulated,simulated,ont,sim_ont,326319,326319,Dokdonia,Dokdonia,genus,0.0,abund,0.0,3358942,18,18,genus,0.0,1.0000002
Centrifuger,unified,Centrifuger_unified,simulated,simulated,ont,sim_ont,329857,329857,Cohnella,Cohnella,genus,0.0,abund,0.0,7213627,2,2,genus,0.0,1.0000002
Centrifuger,unified,Centrifuger_unified,simulated,simulated,ont,sim_ont,332102,332102,Fluviicola,Fluviicola,genus,0.0,abund,0.0,4633577,4,4,genus,0.0,1.0000002
Centrifuger,unified,Centrifuger_unified,simulated,simulated,ont,sim_ont,338191,338191,Nitrosopumilus,Nitrosopumilus,genus,0.0,abund,0.0,1757670,2,2,genus,0.0,1.0000002
Centrifuger,unified,Centrifuger_unified,simulated,simulated,ont,sim_ont,338648,338648,Candidatus_Contubernalis,Candidatus Contubernalis,genus,0.0,abund,0.0,3558951,1,1,genus,0.0,1.0000002
Centrifuger,unified,Centrifuger_unified,simulated,simulated,ont,sim_ont,349312,349312,Krasilnikovia,Krasilnikovia,genus,0.0,abund,0.0,7249319,2,2,genus,0.0,1.0000002
Centrifuger,unified,Centrifuger_unified,simulated,simulated,ont,sim_ont,349742,349742,Sedimenticola,Sedimenticola,genus,0.0,abund,0.0,3962284,1,1,genus,0.0,1.0000002
Centrifuger,unified,Centrifuger_unified,simulated,simulated,ont,sim_ont,354349,354349,Pseudochrobactrum,Pseudochrobactrum,genus,0.0,abund,0.0,6447442,1,1,genus,0.0,1.0000002
Centrifuger,unified,Centrifuger_unified,simulated,simulated,ont,sim_ont,361177,361177,Altererythrobacter,Altererythrobacter,genus,0.0,abund,0.0,2969393,1,1,genus,0.0,1.0000002
Centrifuger,unified,Centrifuger_unified,simulated,simulated,ont,sim_ont,366614,366614,Haematobacter,Haematobacter,genus,0.0,abund,0.0,4232912,4,4,genus,0.0,1.0000002
Centrifuger,unified,Centrifuger_unified,simulated,simulated,ont,sim_ont,375288,375288,Parabacteroides,Parabacteroides,genus,4.99806,abund,0.0499806,5384071,153254,97943,genus,4.9980590003882,1.0000002
Centrifuger,unified,Centrifuger_unified,simulated,simulated,ont,sim_ont,376469,376469,Olivibacter,Olivibacter,genus,0.0,abund,0.0,6411670,1,0,genus,0.0,1.0000002
Centrifuger,unified,Centrifuger_unified,simulated,simulated,ont,sim_ont,379899,379899,Niabella,Niabella,genus,0.0,abund,0.0,5289421,5,5,genus,0.0,1.0000002
Centrifuger,unified,Centrifuger_unified,simulated,simulated,ont,sim_ont,388463,388463,Edaphobacter,Edaphobacter,genus,0.0,abund,0.0,5402523,4,4,genus,0.0,1.0000002
Centrifuger,unified,Centrifuger_unified,simulated,simulated,ont,sim_ont,390805,390805,Geosporobacter,Geosporobacter,genus,0.0,abund,0.0,5817221,2,2,genus,0.0,1.0000002
Centrifuger,unified,Centrifuger_unified,simulated,simulated,ont,sim_ont,392733,392733,Terriglobus,Terriglobus,genus,0.0,abund,0.0,5576222,2,2,genus,0.0,1.0000002
Centrifuger,unified,Centrifuger_unified,simulated,simulated,ont,sim_ont,395331,395331,Methanoregula,Methanoregula,genus,0.0,abund,0.0,2845846,4,4,genus,0.0,1.0000002
Centrifuger,unified,Centrifuger_unified,simulated,simulated,ont,sim_ont,396811,396811,Fulvivirga,Fulvivirga,genus,0.0,abund,0.0,6008213,26,26,genus,0.0,1.0000002
Centrifuger,unified,Centrifuger_unified,simulated,simulated,ont,sim_ont,397864,397864,Barnesiella,Barnesiella,genus,0.7412099999999999,abund,0.0074121,3260012,18486,18433,genus,0.7412098517580297,1.0000002
Centrifuger,unified,Centrifuger_unified,simulated,simulated,ont,sim_ont,399320,399320,Sphaerochaeta,Sphaerochaeta,genus,0.0,abund,0.0,3487407,1,1,genus,0.0,1.0000002
Centrifuger,unified,Centrifuger_unified,simulated,simulated,ont,sim_ont,400634,400634,Lysinibacillus,Lysinibacillus,genus,0.0,abund,0.0,4729910,6,5,genus,0.0,1.0000002
Centrifuger,unified,Centrifuger_unified,simulated,simulated,ont,sim_ont,401469,401469,Undibacterium,Undibacterium,genus,0.0,abund,0.0,5477762,1,1,genus,0.0,1.0000002
Centrifuger,unified,Centrifuger_unified,simulated,simulated,ont,sim_ont,413496,413496,Cronobacter,Cronobacter,genus,0.0,abund,0.0,4483151,2,2,genus,0.0,1.0000002
Centrifuger,unified,Centrifuger_unified,simulated,simulated,ont,sim_ont,415014,415014,Proteiniborus,Proteiniborus,genus,0.0,abund,0.0,3881360,1,1,genus,0.0,1.0000002
Centrifuger,unified,Centrifuger_unified,simulated,simulated,ont,sim_ont,416916,416916,Aggregatibacter,Aggregatibacter,genus,0.9619300000000001,abund,0.0096193,2112611,13463,12126,genus,0.9619298076140387,1.0000002
Centrifuger,unified,Centrifuger_unified,simulated,simulated,ont,sim_ont,417127,417127,Zunongwangia,Zunongwangia,genus,0.0,abund,0.0,4411217,1,1,genus,0.0,1.0000002
Centrifuger,unified,Centrifuger_unified,simulated,simulated,ont,sim_ont,420345,420345,Lactonifactor,Lactonifactor,genus,0.00013000000000000002,abund,1.3e-06,4899275,28,28,genus,0.00012999997400000522,1.0000002
Centrifuger,unified,Centrifuger_unified,simulated,simulated,ont,sim_ont,423349,423349,Mucilaginibacter,Mucilaginibacter,genus,0.0,abund,0.0,6971260,5,5,genus,0.0,1.0000002
Centrifuger,unified,Centrifuger_unified,simulated,simulated,ont,sim_ont,427753,427753,Humibacter,Humibacter,genus,0.0,abund,0.0,4183638,4,4,genus,0.0,1.0000002
Centrifuger,unified,Centrifuger_unified,simulated,simulated,ont,sim_ont,432330,432330,Tumebacillus,Tumebacillus,genus,0.0,abund,0.0,4883366,1,1,genus,0.0,1.0000002
Centrifuger,unified,Centrifuger_unified,simulated,simulated,ont,sim_ont,437504,437504,Granulosicoccus,Granulosicoccus,genus,0.0,abund,0.0,7783862,3,3,genus,0.0,1.0000002
Centrifuger,unified,Centrifuger_unified,simulated,simulated,ont,sim_ont,444459,444459,Flagellimonas,Flagellimonas,genus,0.0,abund,0.0,3917689,1,1,genus,0.0,1.0000002
Centrifuger,unified,Centrifuger_unified,simulated,simulated,ont,sim_ont,455076,455076,Rhodocytophaga,Rhodocytophaga,genus,0.0,abund,0.0,8983451,4,4,genus,0.0,1.0000002
Centrifuger,unified,Centrifuger_unified,simulated,simulated,ont,sim_ont,458032,458032,Chloracidobacterium,Chloracidobacterium,genus,0.0,abund,0.0,3715385,1,1,genus,0.0,1.0000002
Centrifuger,unified,Centrifuger_unified,simulated,simulated,ont,sim_ont,459520,459520,Neptuniibacter,Neptuniibacter,genus,0.0,abund,0.0,3835037,1,0,genus,0.0,1.0000002
Centrifuger,unified,Centrifuger_unified,simulated,simulated,ont,sim_ont,459786,459786,Oscillibacter,Oscillibacter,genus,0.15314,abund,0.0015314,3072092,7441,7439,genus,0.15313996937200614,1.0000002
Centrifuger,unified,Centrifuger_unified,simulated,simulated,ont,sim_ont,475087,475087,Methanosphaerula,Methanosphaerula,genus,0.0,abund,0.0,2922917,2,2,genus,0.0,1.0000002
Centrifuger,unified,Centrifuger_unified,simulated,simulated,ont,sim_ont,482460,482460,Sediminibacillus,Sediminibacillus,genus,0.0,abund,0.0,4100703,1,1,genus,0.0,1.0000002
Centrifuger,unified,Centrifuger_unified,simulated,simulated,ont,sim_ont,490731,490731,Kwoniella,Kwoniella,genus,0.0,abund,0.0,19797565,1,1,genus,0.0,1.0000002
Centrifuger,unified,Centrifuger_unified,simulated,simulated,ont,sim_ont,496496,496496,Viridibacillus,Viridibacillus,genus,0.0,abund,0.0,4526142,1,1,genus,0.0,1.0000002
Centrifuger,unified,Centrifuger_unified,simulated,simulated,ont,sim_ont,504465,504465,Rhodovastum,Rhodovastum,genus,0.0,abund,0.0,7423543,1,1,genus,0.0,1.0000002
Centrifuger,unified,Centrifuger_unified,simulated,simulated,ont,sim_ont,508459,508459,Cloacibacillus,Cloacibacillus,genus,0.0,abund,0.0,3518418,1,1,genus,0.0,1.0000002
Centrifuger,unified,Centrifuger_unified,simulated,simulated,ont,sim_ont,510690,510690,Sneathiella,Sneathiella,genus,0.0,abund,0.0,4004533,1,1,genus,0.0,1.0000002
Centrifuger,unified,Centrifuger_unified,simulated,simulated,ont,sim_ont,515417,515417,Amphritea,Amphritea,genus,0.0,abund,0.0,4360874,3,3,genus,0.0,1.0000002
Centrifuger,unified,Centrifuger_unified,simulated,simulated,ont,sim_ont,543311,543311,Parvimonas,Parvimonas,genus,0.0,abund,0.0,6582254,1,0,genus,0.0,1.0000002
Centrifuger,unified,Centrifuger_unified,simulated,simulated,ont,sim_ont,558016,558016,Alphabaculovirus,Alphabaculovirus,genus,0.0,abund,0.0,134122,3,3,genus,0.0,1.0000002
Centrifuger,unified,Centrifuger_unified,simulated,simulated,ont,sim_ont,561367,561367,Salinimicrobium,Salinimicrobium,genus,0.0,abund,0.0,3606320,1,1,genus,0.0,1.0000002
Centrifuger,unified,Centrifuger_unified,simulated,simulated,ont,sim_ont,572511,572511,Blautia,Blautia,genus,3.5717499999999998,abund,0.0357175,4326021,89790,66540,genus,3.5717492856501427,1.0000002
Centrifuger,unified,Centrifuger_unified,simulated,simulated,ont,sim_ont,574697,574697,Butyricimonas,Butyricimonas,genus,0.00047,abund,4.7e-06,5062349,38,38,genus,0.00046999990600001885,1.0000002
Centrifuger,unified,Centrifuger_unified,simulated,simulated,ont,sim_ont,577309,577309,Paraprevotella,Paraprevotella,genus,0.77627,abund,0.0077627,4080155,23145,23046,genus,0.7762698447460311,1.0000002
Centrifuger,unified,Centrifuger_unified,simulated,simulated,ont,sim_ont,630749,630749,Spongiibacter,Spongiibacter,genus,0.0,abund,0.0,3758140,1,1,genus,0.0,1.0000002
Centrifuger,unified,Centrifuger_unified,simulated,simulated,ont,sim_ont,644652,644652,Gordonibacter,Gordonibacter,genus,1.2116500000000001,abund,0.0121165,3312212,18803,5274,genus,1.2116497576700487,1.0000002
Centrifuger,unified,Centrifuger_unified,simulated,simulated,ont,sim_ont,648800,648800,Solibacillus,Solibacillus,genus,0.0,abund,0.0,3961640,2,2,genus,0.0,1.0000002
Centrifuger,unified,Centrifuger_unified,simulated,simulated,ont,sim_ont,648802,648802,Rummeliibacillus,Rummeliibacillus,genus,0.0,abund,0.0,3670385,2,2,genus,0.0,1.0000002
Centrifuger,unified,Centrifuger_unified,simulated,simulated,ont,sim_ont,649461,649461,Lacibacter,Lacibacter,genus,0.0,abund,0.0,4552060,1,1,genus,0.0,1.0000002
Centrifuger,unified,Centrifuger_unified,simulated,simulated,ont,sim_ont,655352,655352,Cohaesibacter,Cohaesibacter,genus,0.0,abund,0.0,5318892,2,2,genus,0.0,1.0000002
Centrifuger,unified,Centrifuger_unified,simulated,simulated,ont,sim_ont,698776,698776,Cellulosilyticum,Cellulosilyticum,genus,0.0,abund,0.0,4782214,3,2,genus,0.0,1.0000002
Centrifuger,unified,Centrifuger_unified,simulated,simulated,ont,sim_ont,766765,766765,Yamadazyma,Yamadazyma,genus,0.0,abund,0.0,9926594,4,4,genus,0.0,1.0000002
Centrifuger,unified,Centrifuger_unified,simulated,simulated,ont,sim_ont,795750,795750,Ignavibacterium,Ignavibacterium,genus,0.0,abund,0.0,3612851,2,2,genus,0.0,1.0000002
Centrifuger,unified,Centrifuger_unified,simulated,simulated,ont,sim_ont,875170,875170,Celeribacter,Celeribacter,genus,0.0,abund,0.0,4073196,2,1,genus,0.0,1.0000002
Centrifuger,unified,Centrifuger_unified,simulated,simulated,ont,sim_ont,884214,884214,Candidatus_Zinderia,Candidatus Zinderia,genus,0.0,abund,0.0,336619,1,1,genus,0.0,1.0000002
Centrifuger,unified,Centrifuger_unified,simulated,simulated,ont,sim_ont,909656,909656,Phocaeicola,Phocaeicola,genus,1.05232,abund,0.0105232,4719137,60392,5420,genus,1.052319789536042,1.0000002
Centrifuger,unified,Centrifuger_unified,simulated,simulated,ont,sim_ont,940557,940557,Granulicella,Granulicella,genus,0.0,abund,0.0,4862219,1,1,genus,0.0,1.0000002
Centrifuger,unified,Centrifuger_unified,simulated,simulated,ont,sim_ont,946234,946234,Flavonifractor,Flavonifractor,genus,0.9693999999999999,abund,0.009694,4691745,24080,21832,genus,0.9693998061200388,1.0000002
Centrifuger,unified,Centrifuger_unified,simulated,simulated,ont,sim_ont,987053,987053,Rhodoligotrophos,Rhodoligotrophos,genus,0.0,abund,0.0,4813108,3,3,genus,0.0,1.0000002
Centrifuger,unified,Centrifuger_unified,simulated,simulated,ont,sim_ont,990721,990721,Christensenella,Christensenella,genus,0.0,abund,0.0,3336742,10,10,genus,0.0,1.0000002
Centrifuger,unified,Centrifuger_unified,simulated,simulated,ont,sim_ont,1004301,1004301,Flavihumibacter,Flavihumibacter,genus,0.0,abund,0.0,4649560,4,4,genus,0.0,1.0000002
Centrifuger,unified,Centrifuger_unified,simulated,simulated,ont,sim_ont,1017280,1017280,Pseudoflavonifractor,Pseudoflavonifractor,genus,0.0,abund,0.0,3280003,5,5,genus,0.0,1.0000002
Centrifuger,unified,Centrifuger_unified,simulated,simulated,ont,sim_ont,1055323,1055323,Aeribacillus,Aeribacillus,genus,0.0,abund,0.0,3988522,6,0,genus,0.0,1.0000002
Centrifuger,unified,Centrifuger_unified,simulated,simulated,ont,sim_ont,1070314,1070314,Halorussus,Halorussus,genus,0.0,abund,0.0,4238839,1,1,genus,0.0,1.0000002
Centrifuger,unified,Centrifuger_unified,simulated,simulated,ont,sim_ont,1077254,1077254,Tunicatimonas,Tunicatimonas,genus,0.0,abund,0.0,7291608,1,1,genus,0.0,1.0000002
Centrifuger,unified,Centrifuger_unified,simulated,simulated,ont,sim_ont,1122283,1122283,Maricurvus,Maricurvus,genus,0.0,abund,0.0,5859353,1,1,genus,0.0,1.0000002
Centrifuger,unified,Centrifuger_unified,simulated,simulated,ont,sim_ont,1155385,1155385,Proteiniclasticum,Proteiniclasticum,genus,0.0,abund,0.0,3691162,1,1,genus,0.0,1.0000002
Centrifuger,unified,Centrifuger_unified,simulated,simulated,ont,sim_ont,1155738,1155738,Moorena,Moorena,genus,0.0,abund,0.0,9684123,6,6,genus,0.0,1.0000002
Centrifuger,unified,Centrifuger_unified,simulated,simulated,ont,sim_ont,1161127,1161127,Murdochiella,Murdochiella,genus,0.0,abund,0.0,1671491,1,1,genus,0.0,1.0000002
Centrifuger,unified,Centrifuger_unified,simulated,simulated,ont,sim_ont,1164882,1164882,Lachnoanaerobaculum,Lachnoanaerobaculum,genus,0.0,abund,0.0,2944750,25,0,genus,0.0,1.0000002
Centrifuger,unified,Centrifuger_unified,simulated,simulated,ont,sim_ont,1185408,1185408,Defluviitalea,Defluviitalea,genus,0.0,abund,0.0,3014560,2,2,genus,0.0,1.0000002
Centrifuger,unified,Centrifuger_unified,simulated,simulated,ont,sim_ont,1193515,1193515,Snodgrassella,Snodgrassella,genus,0.0,abund,0.0,2441238,1,0,genus,0.0,1.0000002
Centrifuger,unified,Centrifuger_unified,simulated,simulated,ont,sim_ont,1213720,1213720,Stomatobaculum,Stomatobaculum,genus,0.0,abund,0.0,2151431,2,2,genus,0.0,1.0000002
Centrifuger,unified,Centrifuger_unified,simulated,simulated,ont,sim_ont,1217416,1217416,Halioglobus,Halioglobus,genus,0.0,abund,0.0,4045944,3,3,genus,0.0,1.0000002
Centrifuger,unified,Centrifuger_unified,simulated,simulated,ont,sim_ont,1221880,1221880,Psychrobacillus,Psychrobacillus,genus,0.0,abund,0.0,4085286,3,3,genus,0.0,1.0000002
Centrifuger,unified,Centrifuger_unified,simulated,simulated,ont,sim_ont,1274351,1274351,Kroppenstedtia,Kroppenstedtia,genus,0.0,abund,0.0,3455405,2,2,genus,0.0,1.0000002
Centrifuger,unified,Centrifuger_unified,simulated,simulated,ont,sim_ont,1295327,1295327,Croceicoccus,Croceicoccus,genus,0.0,abund,0.0,3791056,1,1,genus,0.0,1.0000002
Centrifuger,unified,Centrifuger_unified,simulated,simulated,ont,sim_ont,1329200,1329200,Fictibacillus,Fictibacillus,genus,0.0,abund,0.0,4433638,5,5,genus,0.0,1.0000002
Centrifuger,unified,Centrifuger_unified,simulated,simulated,ont,sim_ont,1330547,1330547,Kosakonia,Kosakonia,genus,0.0,abund,0.0,5214289,1,1,genus,0.0,1.0000002
Centrifuger,unified,Centrifuger_unified,simulated,simulated,ont,sim_ont,1344552,1344552,Noviherbaspirillum,Noviherbaspirillum,genus,0.0,abund,0.0,5255558,1,1,genus,0.0,1.0000002
Centrifuger,unified,Centrifuger_unified,simulated,simulated,ont,sim_ont,1348611,1348611,Vallitalea,Vallitalea,genus,0.0,abund,0.0,5975778,2,2,genus,0.0,1.0000002
Centrifuger,unified,Centrifuger_unified,simulated,simulated,ont,sim_ont,1348911,1348911,Coprobacter,Coprobacter,genus,0.7728299999999999,abund,0.0077283,3808002,19912,19848,genus,0.7728298454340309,1.0000002
Centrifuger,unified,Centrifuger_unified,simulated,simulated,ont,sim_ont,1392389,1392389,Intestinimonas,Intestinimonas,genus,0.85705,abund,0.0085705,3376471,18580,17911,genus,0.8570498285900343,1.0000002
Centrifuger,unified,Centrifuger_unified,simulated,simulated,ont,sim_ont,1400133,1400133,Allobacillus,Allobacillus,genus,0.0,abund,0.0,2700296,1,1,genus,0.0,1.0000002
Centrifuger,unified,Centrifuger_unified,simulated,simulated,ont,sim_ont,1432051,1432051,Eisenbergiella,Eisenbergiella,genus,0.0,abund,0.0,7083291,30,30,genus,0.0,1.0000002
Centrifuger,unified,Centrifuger_unified,simulated,simulated,ont,sim_ont,1433996,1433996,Desulfobaculum,Desulfobaculum,genus,0.0,abund,0.0,3388341,1,1,genus,0.0,1.0000002
Centrifuger,unified,Centrifuger_unified,simulated,simulated,ont,sim_ont,1433999,1433999,Domibacillus,Domibacillus,genus,0.0,abund,0.0,5102716,6,6,genus,0.0,1.0000002
Centrifuger,unified,Centrifuger_unified,simulated,simulated,ont,sim_ont,1434006,1434006,Fretibacterium,Fretibacterium,genus,0.0,abund,0.0,2849698,3,2,genus,0.0,1.0000002
Centrifuger,unified,Centrifuger_unified,simulated,simulated,ont,sim_ont,1434032,1434032,Pontimonas,Pontimonas,genus,0.0,abund,0.0,1760810,1,1,genus,0.0,1.0000002
Centrifuger,unified,Centrifuger_unified,simulated,simulated,ont,sim_ont,1434045,1434045,Sinomicrobium,Sinomicrobium,genus,0.0,abund,0.0,5364211,1,1,genus,0.0,1.0000002
Centrifuger,unified,Centrifuger_unified,simulated,simulated,ont,sim_ont,1434046,1434046,Sphingorhabdus,Sphingorhabdus,genus,0.0,abund,0.0,3415764,1,1,genus,0.0,1.0000002
Centrifuger,unified,Centrifuger_unified,simulated,simulated,ont,sim_ont,1470540,1470540,Jeotgalibaca,Jeotgalibaca,genus,0.0,abund,0.0,2426113,7,7,genus,0.0,1.0000002
Centrifuger,unified,Centrifuger_unified,simulated,simulated,ont,sim_ont,1471399,1471399,Draconibacterium,Draconibacterium,genus,0.0,abund,0.0,5382876,7,7,genus,0.0,1.0000002
Centrifuger,unified,Centrifuger_unified,simulated,simulated,ont,sim_ont,1485594,1485594,Methyloligella,Methyloligella,genus,0.0,abund,0.0,3230794,4,4,genus,0.0,1.0000002
Centrifuger,unified,Centrifuger_unified,simulated,simulated,ont,sim_ont,1505652,1505652,Terrisporobacter,Terrisporobacter,genus,0.0,abund,0.0,5121700,73,64,genus,0.0,1.0000002
Centrifuger,unified,Centrifuger_unified,simulated,simulated,ont,sim_ont,1505657,1505657,Intestinibacter,Intestinibacter,genus,0.78545,abund,0.0078545,3006269,17418,17347,genus,0.7854498429100315,1.0000002
Centrifuger,unified,Centrifuger_unified,simulated,simulated,ont,sim_ont,1506553,1506553,Lachnoclostridium,Lachnoclostridium,genus,0.00396,abund,3.96e-05,4409831,1608,1160,genus,0.003959999208000159,1.0000002
Centrifuger,unified,Centrifuger_unified,simulated,simulated,ont,sim_ont,1507401,1507401,Bocaparvovirus,Bocaparvovirus,genus,0.0,abund,0.0,5171,29,29,genus,0.0,1.0000002
Centrifuger,unified,Centrifuger_unified,simulated,simulated,ont,sim_ont,1508657,1508657,Ruminiclostridium,Ruminiclostridium,genus,0.0,abund,0.0,4638087,4,4,genus,0.0,1.0000002
Centrifuger,unified,Centrifuger_unified,simulated,simulated,ont,sim_ont,1511648,1511648,Defluviitoga,Defluviitoga,genus,0.0,abund,0.0,2053097,2,2,genus,0.0,1.0000002
Centrifuger,unified,Centrifuger_unified,simulated,simulated,ont,sim_ont,1520333,1520333,Vespertiliibacter,Vespertiliibacter,genus,0.0,abund,0.0,1831739,1,1,genus,0.0,1.0000002
Centrifuger,unified,Centrifuger_unified,simulated,simulated,ont,sim_ont,1522432,1522432,Pseudoduganella,Pseudoduganella,genus,0.0,abund,0.0,6952298,3,3,genus,0.0,1.0000002
Centrifuger,unified,Centrifuger_unified,simulated,simulated,ont,sim_ont,1524217,1524217,Labilithrix,Labilithrix,genus,0.0,abund,0.0,12191466,1,1,genus,0.0,1.0000002
Centrifuger,unified,Centrifuger_unified,simulated,simulated,ont,sim_ont,1565532,1565532,Rouxiella,Rouxiella,genus,0.0,abund,0.0,5019226,1,1,genus,0.0,1.0000002
Centrifuger,unified,Centrifuger_unified,simulated,simulated,ont,sim_ont,1582879,1582879,Ezakiella,Ezakiella,genus,0.0,abund,0.0,1864280,1,1,genus,0.0,1.0000002
Centrifuger,unified,Centrifuger_unified,simulated,simulated,ont,sim_ont,1637257,1637257,Mageeibacillus,Mageeibacillus,genus,0.0,abund,0.0,1809746,2,2,genus,0.0,1.0000002
Centrifuger,unified,Centrifuger_unified,simulated,simulated,ont,sim_ont,1643951,1643951,Pseudothermotoga,Pseudothermotoga,genus,0.0,abund,0.0,2127640,8,8,genus,0.0,1.0000002
Centrifuger,unified,Centrifuger_unified,simulated,simulated,ont,sim_ont,1648508,1648508,Ciceribacter,Ciceribacter,genus,0.0,abund,0.0,5043386,1,1,genus,0.0,1.0000002
Centrifuger,unified,Centrifuger_unified,simulated,simulated,ont,sim_ont,1649453,1649453,Gimesia,Gimesia,genus,0.0,abund,0.0,7894253,4,1,genus,0.0,1.0000002
Centrifuger,unified,Centrifuger_unified,simulated,simulated,ont,sim_ont,1649459,1649459,Hungatella,Hungatella,genus,0.90807,abund,0.0090807,5662031,39710,39232,genus,0.9080698183860364,1.0000002
Centrifuger,unified,Centrifuger_unified,simulated,simulated,ont,sim_ont,1649479,1649479,Permianibacter,Permianibacter,genus,0.0,abund,0.0,4266648,1,1,genus,0.0,1.0000002
Centrifuger,unified,Centrifuger_unified,simulated,simulated,ont,sim_ont,1649480,1649480,Planctopirus,Planctopirus,genus,0.0,abund,0.0,5337073,1,1,genus,0.0,1.0000002
Centrifuger,unified,Centrifuger_unified,simulated,simulated,ont,sim_ont,1658781,1658781,Aliiroseovarius,Aliiroseovarius,genus,0.0,abund,0.0,15083228,1,0,genus,0.0,1.0000002
Centrifuger,unified,Centrifuger_unified,simulated,simulated,ont,sim_ont,1663717,1663717,Herbinix,Herbinix,genus,0.0,abund,0.0,2609352,13,13,genus,0.0,1.0000002
Centrifuger,unified,Centrifuger_unified,simulated,simulated,ont,sim_ont,1677050,1677050,Novibacillus,Novibacillus,genus,0.0,abund,0.0,3629225,1,1,genus,0.0,1.0000002
Centrifuger,unified,Centrifuger_unified,simulated,simulated,ont,sim_ont,1679002,1679002,Candidatus_Methylopumilus,Candidatus Methylopumilus,genus,0.0,abund,0.0,12626664,1,0,genus,0.0,1.0000002
Centrifuger,unified,Centrifuger_unified,simulated,simulated,ont,sim_ont,1679449,1679449,Pseudooceanicola,Pseudooceanicola,genus,0.0,abund,0.0,4151590,1,1,genus,0.0,1.0000002
Centrifuger,unified,Centrifuger_unified,simulated,simulated,ont,sim_ont,1686313,1686313,Fenollaria,Fenollaria,genus,0.73702,abund,0.0073702,1619975,9413,9396,genus,0.7370198525960295,1.0000002
Centrifuger,unified,Centrifuger_unified,simulated,simulated,ont,sim_ont,1729679,1729679,Faecalibaculum,Faecalibaculum,genus,0.0,abund,0.0,2542486,4,4,genus,0.0,1.0000002
Centrifuger,unified,Centrifuger_unified,simulated,simulated,ont,sim_ont,1738645,1738645,Caproiciproducens,Caproiciproducens,genus,0.0,abund,0.0,3293314,13,13,genus,0.0,1.0000002
Centrifuger,unified,Centrifuger_unified,simulated,simulated,ont,sim_ont,1742989,1742989,Glutamicibacter,Glutamicibacter,genus,0.0,abund,0.0,4009311,1,0,genus,0.0,1.0000002
Centrifuger,unified,Centrifuger_unified,simulated,simulated,ont,sim_ont,1755832,1755832,Haloimpatiens,Haloimpatiens,genus,0.0,abund,0.0,3563010,1,1,genus,0.0,1.0000002
Centrifuger,unified,Centrifuger_unified,simulated,simulated,ont,sim_ont,1766253,1766253,Agathobacter,Agathobacter,genus,1.00102,abund,0.0100102,3425095,19938,1130,genus,1.0010197997960402,1.0000002
Centrifuger,unified,Centrifuger_unified,simulated,simulated,ont,sim_ont,1769710,1769710,Sellimonas,Sellimonas,genus,0.0005200000000000001,abund,5.2e-06,3271007,895,670,genus,0.0005199998960000209,1.0000002
Centrifuger,unified,Centrifuger_unified,simulated,simulated,ont,sim_ont,1769718,1769718,Athalassotoga,Athalassotoga,genus,0.0,abund,0.0,2044999,2,2,genus,0.0,1.0000002
Centrifuger,unified,Centrifuger_unified,simulated,simulated,ont,sim_ont,1778601,1778601,Apibacter,Apibacter,genus,0.0,abund,0.0,2503496,1,1,genus,0.0,1.0000002
Centrifuger,unified,Centrifuger_unified,simulated,simulated,ont,sim_ont,1822464,1822464,Paraburkholderia,Paraburkholderia,genus,0.0,abund,0.0,8495959,18,18,genus,0.0,1.0000002
Centrifuger,unified,Centrifuger_unified,simulated,simulated,ont,sim_ont,1827195,1827195,Caballeronia,Caballeronia,genus,0.0,abund,0.0,7324493,2,2,genus,0.0,1.0000002
Centrifuger,unified,Centrifuger_unified,simulated,simulated,ont,sim_ont,1843210,1843210,Anaerocolumna,Anaerocolumna,genus,0.8193300000000001,abund,0.0081933,5936457,33703,33647,genus,0.8193298361340329,1.0000002
Centrifuger,unified,Centrifuger_unified,simulated,simulated,ont,sim_ont,1848399,1848399,Crassaminicella,Crassaminicella,genus,0.0,abund,0.0,3476204,5,5,genus,0.0,1.0000002
Centrifuger,unified,Centrifuger_unified,simulated,simulated,ont,sim_ont,1849822,1849822,Paraclostridium,Paraclostridium,genus,0.0,abund,0.0,9719960,19,8,genus,0.0,1.0000002
Centrifuger,unified,Centrifuger_unified,simulated,simulated,ont,sim_ont,1858563,1858563,Alkalimarinus,Alkalimarinus,genus,0.0,abund,0.0,7649418,1,0,genus,0.0,1.0000002
Centrifuger,unified,Centrifuger_unified,simulated,simulated,ont,sim_ont,1860077,1860077,Sulfuriflexus,Sulfuriflexus,genus,0.0,abund,0.0,3111340,1,1,genus,0.0,1.0000002
Centrifuger,unified,Centrifuger_unified,simulated,simulated,ont,sim_ont,1860196,1860196,Pseudobacter,Pseudobacter,genus,0.0,abund,0.0,7797595,4,4,genus,0.0,1.0000002
Centrifuger,unified,Centrifuger_unified,simulated,simulated,ont,sim_ont,1866885,1866885,Mycolicibacterium,Mycolicibacterium,genus,0.0,abund,0.0,6158595,2,2,genus,0.0,1.0000002
Centrifuger,unified,Centrifuger_unified,simulated,simulated,ont,sim_ont,1870884,1870884,Clostridioides,Clostridioides,genus,0.00124,abund,1.24e-05,4134190,179,113,genus,0.0012399997520000498,1.0000002
Centrifuger,unified,Centrifuger_unified,simulated,simulated,ont,sim_ont,1874621,1874621,Panacibacter,Panacibacter,genus,0.0,abund,0.0,5528026,1,1,genus,0.0,1.0000002
Centrifuger,unified,Centrifuger_unified,simulated,simulated,ont,sim_ont,1884449,1884449,Salipaludibacillus,Salipaludibacillus,genus,0.0,abund,0.0,4857973,1,1,genus,0.0,1.0000002
Centrifuger,unified,Centrifuger_unified,simulated,simulated,ont,sim_ont,1905344,1905344,Ruthenibacterium,Ruthenibacterium,genus,0.8090999999999999,abund,0.008091,4419852,25507,25440,genus,0.8090998381800324,1.0000002
Centrifuger,unified,Centrifuger_unified,simulated,simulated,ont,sim_ont,1906945,1906945,Parageobacillus,Parageobacillus,genus,0.0,abund,0.0,3682311,1,0,genus,0.0,1.0000002
Centrifuger,unified,Centrifuger_unified,simulated,simulated,ont,sim_ont,1911549,1911549,Raineyella,Raineyella,genus,0.0,abund,0.0,3748377,1,1,genus,0.0,1.0000002
Centrifuger,unified,Centrifuger_unified,simulated,simulated,ont,sim_ont,1918385,1918385,Acutalibacter,Acutalibacter,genus,0.0,abund,0.0,3802813,4,0,genus,0.0,1.0000002
Centrifuger,unified,Centrifuger_unified,simulated,simulated,ont,sim_ont,1918454,1918454,Flintibacter,Flintibacter,genus,0.0,abund,0.0,2917795,29,29,genus,0.0,1.0000002
Centrifuger,unified,Centrifuger_unified,simulated,simulated,ont,sim_ont,1918536,1918536,Longicatena,Longicatena,genus,0.00039999999999999996,abund,4e-06,3103757,45,45,genus,0.00039999992000001595,1.0000002
Centrifuger,unified,Centrifuger_unified,simulated,simulated,ont,sim_ont,1918540,1918540,Muribaculum,Muribaculum,genus,0.0,abund,0.0,3368665,1,1,genus,0.0,1.0000002
Centrifuger,unified,Centrifuger_unified,simulated,simulated,ont,sim_ont,1918598,1918598,Turicimonas,Turicimonas,genus,0.74219,abund,0.0074219,2887709,16636,16507,genus,0.7421898515620299,1.0000002
Centrifuger,unified,Centrifuger_unified,simulated,simulated,ont,sim_ont,1924110,1924110,Massilimicrobiota,Massilimicrobiota,genus,0.0,abund,0.0,2661126,3,3,genus,0.0,1.0000002
Centrifuger,unified,Centrifuger_unified,simulated,simulated,ont,sim_ont,1926556,1926556,Emergencia,Emergencia,genus,0.0,abund,0.0,5902623,6,6,genus,0.0,1.0000002
Centrifuger,unified,Centrifuger_unified,simulated,simulated,ont,sim_ont,1928820,1928820,Intestinibacillus,Intestinibacillus,genus,0.0,abund,0.0,3035319,2,2,genus,0.0,1.0000002
Centrifuger,unified,Centrifuger_unified,simulated,simulated,ont,sim_ont,1937972,1937972,Bernardetia,Bernardetia,genus,0.0,abund,0.0,5500422,1,1,genus,0.0,1.0000002
Centrifuger,unified,Centrifuger_unified,simulated,simulated,ont,sim_ont,1981050,1981050,Phoenicibacter,Phoenicibacter,genus,0.0,abund,0.0,1447956,8,0,genus,0.0,1.0000002
Centrifuger,unified,Centrifuger_unified,simulated,simulated,ont,sim_ont,2005355,2005355,Faecalimonas,Faecalimonas,genus,0.0,abund,0.0,2919754,137,137,genus,0.0,1.0000002
Centrifuger,unified,Centrifuger_unified,simulated,simulated,ont,sim_ont,2005375,2005375,Alkalicoccus,Alkalicoccus,genus,0.0,abund,0.0,3694897,3,3,genus,0.0,1.0000002
Centrifuger,unified,Centrifuger_unified,simulated,simulated,ont,sim_ont,2035811,2035811,Pseudodesulfovibrio,Pseudodesulfovibrio,genus,0.0,abund,0.0,3839375,2,2,genus,0.0,1.0000002
Centrifuger,unified,Centrifuger_unified,simulated,simulated,ont,sim_ont,2038635,2038635,Hyphococcus,Hyphococcus,genus,0.0,abund,0.0,3357167,1,1,genus,0.0,1.0000002
Centrifuger,unified,Centrifuger_unified,simulated,simulated,ont,sim_ont,2039302,2039302,Monoglobus,Monoglobus,genus,0.0,abund,0.0,2810259,3,3,genus,0.0,1.0000002
Centrifuger,unified,Centrifuger_unified,simulated,simulated,ont,sim_ont,2048137,2048137,Agathobaculum,Agathobaculum,genus,0.0,abund,0.0,3606389,2,2,genus,0.0,1.0000002
Centrifuger,unified,Centrifuger_unified,simulated,simulated,ont,sim_ont,2058174,2058174,Antarcticibacterium,Antarcticibacterium,genus,0.0,abund,0.0,4048621,1,1,genus,0.0,1.0000002
Centrifuger,unified,Centrifuger_unified,simulated,simulated,ont,sim_ont,2060094,2060094,Aminipila,Aminipila,genus,0.0,abund,0.0,3199364,7,7,genus,0.0,1.0000002
Centrifuger,unified,Centrifuger_unified,simulated,simulated,ont,sim_ont,2060722,2060722,Labilibaculum,Labilibaculum,genus,0.0,abund,0.0,5344530,1,1,genus,0.0,1.0000002
Centrifuger,unified,Centrifuger_unified,simulated,simulated,ont,sim_ont,2083206,2083206,Tritonibacter,Tritonibacter,genus,0.0,abund,0.0,4218836,2,1,genus,0.0,1.0000002
Centrifuger,unified,Centrifuger_unified,simulated,simulated,ont,sim_ont,2094023,2094023,Glaesserella,Glaesserella,genus,0.0,abund,0.0,2369886,1,0,genus,0.0,1.0000002
Centrifuger,unified,Centrifuger_unified,simulated,simulated,ont,sim_ont,2163168,2163168,Kineothrix,Kineothrix,genus,0.0,abund,0.0,4329371,64,64,genus,0.0,1.0000002
Centrifuger,unified,Centrifuger_unified,simulated,simulated,ont,sim_ont,2172004,2172004,Lawsonibacter,Lawsonibacter,genus,0.7912,abund,0.007912,3126090,17917,17917,genus,0.7911998417600318,1.0000002
Centrifuger,unified,Centrifuger_unified,simulated,simulated,ont,sim_ont,2172100,2172100,Limnobaculum,Limnobaculum,genus,0.0,abund,0.0,4236857,3,3,genus,0.0,1.0000002
Centrifuger,unified,Centrifuger_unified,simulated,simulated,ont,sim_ont,2304687,2304687,Petroclostridium,Petroclostridium,genus,0.0,abund,0.0,5512510,1,1,genus,0.0,1.0000002
Centrifuger,unified,Centrifuger_unified,simulated,simulated,ont,sim_ont,2316020,2316020,Mediterraneibacter,Mediterraneibacter,genus,1.6297699999999997,abund,0.0162977,3209043,36848,32191,genus,1.629769674046065,1.0000002
Centrifuger,unified,Centrifuger_unified,simulated,simulated,ont,sim_ont,2321111,2321111,Aliarcobacter,Aliarcobacter,genus,0.0,abund,0.0,4000217,5,1,genus,0.0,1.0000002
Centrifuger,unified,Centrifuger_unified,simulated,simulated,ont,sim_ont,2321114,2321114,Malaciobacter,Malaciobacter,genus,0.0,abund,0.0,2842546,4,4,genus,0.0,1.0000002
Centrifuger,unified,Centrifuger_unified,simulated,simulated,ont,sim_ont,2529408,2529408,Schaalia,Schaalia,genus,0.7821,abund,0.007821,2348905,14360,14321,genus,0.7820998435800314,1.0000002
Centrifuger,unified,Centrifuger_unified,simulated,simulated,ont,sim_ont,2569097,2569097,Anaerobutyricum,Anaerobutyricum,genus,0.8828199999999999,abund,0.0088282,3664709,21312,20992,genus,0.8828198234360354,1.0000002
Centrifuger,unified,Centrifuger_unified,simulated,simulated,ont,sim_ont,2571159,2571159,Mycetohabitans,Mycetohabitans,genus,0.0,abund,0.0,5060830,4,4,genus,0.0,1.0000002
Centrifuger,unified,Centrifuger_unified,simulated,simulated,ont,sim_ont,2591381,2591381,Dysosmobacter,Dysosmobacter,genus,0.10336,abund,0.0010336,3576111,5802,5787,genus,0.10335997932800413,1.0000002
Centrifuger,unified,Centrifuger_unified,simulated,simulated,ont,sim_ont,2596745,2596745,Limnospira,Limnospira,genus,0.0,abund,0.0,6088654,2,0,genus,0.0,1.0000002
Centrifuger,unified,Centrifuger_unified,simulated,simulated,ont,sim_ont,2603323,2603323,Petrocella,Petrocella,genus,0.0,abund,0.0,3518882,6,6,genus,0.0,1.0000002
Centrifuger,unified,Centrifuger_unified,simulated,simulated,ont,sim_ont,2674996,2674996,Tellurirhabdus,Tellurirhabdus,genus,0.0,abund,0.0,5262164,2,2,genus,0.0,1.0000002
Centrifuger,unified,Centrifuger_unified,simulated,simulated,ont,sim_ont,2675229,2675229,Peribacillus,Peribacillus,genus,0.0,abund,0.0,6386291,3,2,genus,0.0,1.0000002
Centrifuger,unified,Centrifuger_unified,simulated,simulated,ont,sim_ont,2675230,2675230,Cytobacillus,Cytobacillus,genus,0.0,abund,0.0,5106367,16,11,genus,0.0,1.0000002
Centrifuger,unified,Centrifuger_unified,simulated,simulated,ont,sim_ont,2675231,2675231,Mesobacillus,Mesobacillus,genus,0.0,abund,0.0,5151864,12,12,genus,0.0,1.0000002
Centrifuger,unified,Centrifuger_unified,simulated,simulated,ont,sim_ont,2675232,2675232,Neobacillus,Neobacillus,genus,0.0,abund,0.0,5471149,27,26,genus,0.0,1.0000002
Centrifuger,unified,Centrifuger_unified,simulated,simulated,ont,sim_ont,2675233,2675233,Metabacillus,Metabacillus,genus,0.0,abund,0.0,5125454,15,6,genus,0.0,1.0000002
Centrifuger,unified,Centrifuger_unified,simulated,simulated,ont,sim_ont,2676247,2676247,Aquirufa,Aquirufa,genus,0.0,abund,0.0,2691669,3,3,genus,0.0,1.0000002
Centrifuger,unified,Centrifuger_unified,simulated,simulated,ont,sim_ont,2678529,2678529,Kineobactrum,Kineobactrum,genus,0.0,abund,0.0,4649503,1,1,genus,0.0,1.0000002
Centrifuger,unified,Centrifuger_unified,simulated,simulated,ont,sim_ont,2678885,2678885,Faecalibacillus,Faecalibacillus,genus,0.76803,abund,0.0076803,2890523,16475,14841,genus,0.7680298463940307,1.0000002
Centrifuger,unified,Centrifuger_unified,simulated,simulated,ont,sim_ont,2685905,2685905,Salicibibacter,Salicibibacter,genus,0.0,abund,0.0,3930866,3,3,genus,0.0,1.0000002
Centrifuger,unified,Centrifuger_unified,simulated,simulated,ont,sim_ont,2689589,2689589,Staphylospora,Staphylospora,genus,0.0,abund,0.0,2751094,1,1,genus,0.0,1.0000002
Centrifuger,unified,Centrifuger_unified,simulated,simulated,ont,sim_ont,2714594,2714594,Bremerella,Bremerella,genus,0.0,abund,0.0,6703258,1,1,genus,0.0,1.0000002
Centrifuger,unified,Centrifuger_unified,simulated,simulated,ont,sim_ont,2716172,2716172,Candidatus_Bandiella,Candidatus Bandiella,genus,0.0,abund,0.0,1404813,1,1,genus,0.0,1.0000002
Centrifuger,unified,Centrifuger_unified,simulated,simulated,ont,sim_ont,2717089,2717089,Massilistercora,Massilistercora,genus,0.00011,abund,1.1e-06,2769591,69,69,genus,0.00010999997800000442,1.0000002
Centrifuger,unified,Centrifuger_unified,simulated,simulated,ont,sim_ont,2719231,2719231,Lacrimispora,Lacrimispora,genus,0.0,abund,0.0,4823867,212,210,genus,0.0,1.0000002
Centrifuger,unified,Centrifuger_unified,simulated,simulated,ont,sim_ont,2719313,2719313,Enterocloster,Enterocloster,genus,0.00027,abund,2.7e-06,6311022,169,146,genus,0.00026999994600001084,1.0000002
Centrifuger,unified,Centrifuger_unified,simulated,simulated,ont,sim_ont,2742598,2742598,Limosilactobacillus,Limosilactobacillus,genus,0.0,abund,0.0,2227545,10,6,genus,0.0,1.0000002
Centrifuger,unified,Centrifuger_unified,simulated,simulated,ont,sim_ont,2743582,2743582,Peptacetobacter,Peptacetobacter,genus,0.0,abund,0.0,2540684,9,9,genus,0.0,1.0000002
Centrifuger,unified,Centrifuger_unified,simulated,simulated,ont,sim_ont,2749267,2749267,Amedibacterium,Amedibacterium,genus,0.0,abund,0.0,2996298,2,2,genus,0.0,1.0000002
Centrifuger,unified,Centrifuger_unified,simulated,simulated,ont,sim_ont,2749846,2749846,Amedibacillus,Amedibacillus,genus,0.0,abund,0.0,3879049,1,1,genus,0.0,1.0000002
Centrifuger,unified,Centrifuger_unified,simulated,simulated,ont,sim_ont,2755140,2755140,Pseudoleptotrichia,Pseudoleptotrichia,genus,0.0,abund,0.0,2290729,2,2,genus,0.0,1.0000002
Centrifuger,unified,Centrifuger_unified,simulated,simulated,ont,sim_ont,2758906,2758906,Entomomonas,Entomomonas,genus,0.0,abund,0.0,3300104,2,2,genus,0.0,1.0000002
Centrifuger,unified,Centrifuger_unified,simulated,simulated,ont,sim_ont,2759736,2759736,Lacticaseibacillus,Lacticaseibacillus,genus,0.40861,abund,0.0040861,3786814,10714,9643,genus,0.40860991827801635,1.0000002
Centrifuger,unified,Centrifuger_unified,simulated,simulated,ont,sim_ont,2767358,2767358,Mycoplasmopsis,Mycoplasmopsis,genus,0.0,abund,0.0,1202174,10,6,genus,0.0,1.0000002
Centrifuger,unified,Centrifuger_unified,simulated,simulated,ont,sim_ont,2767842,2767842,Lactiplantibacillus,Lactiplantibacillus,genus,0.16476,abund,0.0016476,4008837,10362,8563,genus,0.1647599670480066,1.0000002
Centrifuger,unified,Centrifuger_unified,simulated,simulated,ont,sim_ont,2767876,2767876,Amylolactobacillus,Amylolactobacillus,genus,0.00054,abund,5.4e-06,1610352,14,14,genus,0.0005399998920000217,1.0000002
Centrifuger,unified,Centrifuger_unified,simulated,simulated,ont,sim_ont,2767877,2767877,Apilactobacillus,Apilactobacillus,genus,0.0,abund,0.0,1860898,2,2,genus,0.0,1.0000002
Centrifuger,unified,Centrifuger_unified,simulated,simulated,ont,sim_ont,2767879,2767879,Companilactobacillus,Companilactobacillus,genus,0.0,abund,0.0,3076952,1,0,genus,0.0,1.0000002
Centrifuger,unified,Centrifuger_unified,simulated,simulated,ont,sim_ont,2767881,2767881,Fructilactobacillus,Fructilactobacillus,genus,0.0,abund,0.0,1485718,1,0,genus,0.0,1.0000002
Centrifuger,unified,Centrifuger_unified,simulated,simulated,ont,sim_ont,2767886,2767886,Levilactobacillus,Levilactobacillus,genus,0.8316199999999999,abund,0.0083162,4114042,14310,12007,genus,0.8316198336760332,1.0000002
Centrifuger,unified,Centrifuger_unified,simulated,simulated,ont,sim_ont,2767887,2767887,Ligilactobacillus,Ligilactobacillus,genus,0.00014,abund,1.4e-06,2365753,25,23,genus,0.0001399999720000056,1.0000002
Centrifuger,unified,Centrifuger_unified,simulated,simulated,ont,sim_ont,2767888,2767888,Liquorilactobacillus,Liquorilactobacillus,genus,0.0,abund,0.0,2572080,3,3,genus,0.0,1.0000002
Centrifuger,unified,Centrifuger_unified,simulated,simulated,ont,sim_ont,2767890,2767890,Paucilactobacillus,Paucilactobacillus,genus,0.0,abund,0.0,2321698,1,1,genus,0.0,1.0000002
Centrifuger,unified,Centrifuger_unified,simulated,simulated,ont,sim_ont,2767893,2767893,Lentilactobacillus,Lentilactobacillus,genus,0.0,abund,0.0,2351575,1,0,genus,0.0,1.0000002
Centrifuger,unified,Centrifuger_unified,simulated,simulated,ont,sim_ont,2770094,2770094,Biomaibacter,Biomaibacter,genus,0.0,abund,0.0,3398311,1,1,genus,0.0,1.0000002
Centrifuger,unified,Centrifuger_unified,simulated,simulated,ont,sim_ont,2782231,2782231,Kaistella,Kaistella,genus,0.0,abund,0.0,2986074,3,3,genus,0.0,1.0000002
Centrifuger,unified,Centrifuger_unified,simulated,simulated,ont,sim_ont,2794837,2794837,Schnuerera,Schnuerera,genus,0.0,abund,0.0,3091666,1,1,genus,0.0,1.0000002
Centrifuger,unified,Centrifuger_unified,simulated,simulated,ont,sim_ont,2794998,2794998,Maridesulfovibrio,Maridesulfovibrio,genus,0.0,abund,0.0,4115716,1,1,genus,0.0,1.0000002
Centrifuger,unified,Centrifuger_unified,simulated,simulated,ont,sim_ont,2795774,2795774,Polystyrenella,Polystyrenella,genus,0.0,abund,0.0,6125480,1,1,genus,0.0,1.0000002
Centrifuger,unified,Centrifuger_unified,simulated,simulated,ont,sim_ont,2800373,2800373,Priestia,Priestia,genus,0.0,abund,0.0,5233580,5,2,genus,0.0,1.0000002
Centrifuger,unified,Centrifuger_unified,simulated,simulated,ont,sim_ont,2800384,2800384,Pseudidiomarina,Pseudidiomarina,genus,0.0,abund,0.0,2574813,2,2,genus,0.0,1.0000002
Centrifuger,unified,Centrifuger_unified,simulated,simulated,ont,sim_ont,2801844,2801844,Arachnia,Arachnia,genus,0.0,abund,0.0,3383166,1,0,genus,0.0,1.0000002
Centrifuger,unified,Centrifuger_unified,simulated,simulated,ont,sim_ont,2803845,2803845,Usitatibacter,Usitatibacter,genus,0.0,abund,0.0,4260976,1,1,genus,0.0,1.0000002
Centrifuger,unified,Centrifuger_unified,simulated,simulated,ont,sim_ont,2803850,2803850,Mammaliicoccus,Mammaliicoccus,genus,0.0,abund,0.0,8878386,5,3,genus,0.0,1.0000002
Centrifuger,unified,Centrifuger_unified,simulated,simulated,ont,sim_ont,2804231,2804231,Lederbergia,Lederbergia,genus,0.0,abund,0.0,4384366,3,3,genus,0.0,1.0000002
Centrifuger,unified,Centrifuger_unified,simulated,simulated,ont,sim_ont,2805681,2805681,Yinghuangia,Yinghuangia,genus,0.0,abund,0.0,8343587,1,1,genus,0.0,1.0000002
Centrifuger,unified,Centrifuger_unified,simulated,simulated,ont,sim_ont,2811380,2811380,Entomobacter,Entomobacter,genus,0.0,abund,0.0,2701842,2,2,genus,0.0,1.0000002
Centrifuger,unified,Centrifuger_unified,simulated,simulated,ont,sim_ont,2812025,2812025,Syntrophotalea,Syntrophotalea,genus,0.0,abund,0.0,3363470,1,1,genus,0.0,1.0000002
Centrifuger,unified,Centrifuger_unified,simulated,simulated,ont,sim_ont,2815786,2815786,Sodaliphilus,Sodaliphilus,genus,0.0,abund,0.0,3340670,1,1,genus,0.0,1.0000002
Centrifuger,unified,Centrifuger_unified,simulated,simulated,ont,sim_ont,2834348,2834348,Caproicibacterium,Caproicibacterium,genus,0.00011999999999999999,abund,1.2e-06,2559484,19,3,genus,0.00011999997600000479,1.0000002
Centrifuger,unified,Centrifuger_unified,simulated,simulated,ont,sim_ont,2834378,2834378,Entomospira,Entomospira,genus,0.0,abund,0.0,2334952,1,0,genus,0.0,1.0000002
Centrifuger,unified,Centrifuger_unified,simulated,simulated,ont,sim_ont,2837485,2837485,Evansella,Evansella,genus,0.0,abund,0.0,4792708,1,1,genus,0.0,1.0000002
Centrifuger,unified,Centrifuger_unified,simulated,simulated,ont,sim_ont,2837502,2837502,Ectobacillus,Ectobacillus,genus,0.0,abund,0.0,3893080,4,4,genus,0.0,1.0000002
Centrifuger,unified,Centrifuger_unified,simulated,simulated,ont,sim_ont,2837504,2837504,Heyndrickxia,Heyndrickxia,genus,0.0,abund,0.0,3938476,4,0,genus,0.0,1.0000002
Centrifuger,unified,Centrifuger_unified,simulated,simulated,ont,sim_ont,2837506,2837506,Niallia,Niallia,genus,0.0,abund,0.0,5364940,11,11,genus,0.0,1.0000002
Centrifuger,unified,Centrifuger_unified,simulated,simulated,ont,sim_ont,2837508,2837508,Rossellomorea,Rossellomorea,genus,0.0,abund,0.0,4547352,12,9,genus,0.0,1.0000002
Centrifuger,unified,Centrifuger_unified,simulated,simulated,ont,sim_ont,2837510,2837510,Siminovitchia,Siminovitchia,genus,0.0,abund,0.0,4277599,2,2,genus,0.0,1.0000002
Centrifuger,unified,Centrifuger_unified,simulated,simulated,ont,sim_ont,2837511,2837511,Sutcliffiella,Sutcliffiella,genus,0.0,abund,0.0,5778581,11,9,genus,0.0,1.0000002
Centrifuger,unified,Centrifuger_unified,simulated,simulated,ont,sim_ont,2838409,2838409,Pigmentibacter,Pigmentibacter,genus,0.0,abund,0.0,3654982,1,1,genus,0.0,1.0000002
Centrifuger,unified,Centrifuger_unified,simulated,simulated,ont,sim_ont,2842531,2842531,Solibaculum,Solibaculum,genus,0.0,abund,0.0,2541474,3,3,genus,0.0,1.0000002
Centrifuger,unified,Centrifuger_unified,simulated,simulated,ont,sim_ont,2842824,2842824,Lentimonavirus,Lentimonavirus,genus,0.0,abund,0.0,11187,2,2,genus,0.0,1.0000002
Centrifuger,unified,Centrifuger_unified,simulated,simulated,ont,sim_ont,2862745,2862745,Pseudobdellovibrio,Pseudobdellovibrio,genus,0.0,abund,0.0,3025045,2,2,genus,0.0,1.0000002
Centrifuger,unified,Centrifuger_unified,simulated,simulated,ont,sim_ont,2884243,2884243,Musicola,Musicola,genus,0.0,abund,0.0,4653408,1,0,genus,0.0,1.0000002
Centrifuger,unified,Centrifuger_unified,simulated,simulated,ont,sim_ont,2884814,2884814,Pseudoprevotella,Pseudoprevotella,genus,0.0,abund,0.0,2920169,1,1,genus,0.0,1.0000002
Centrifuger,unified,Centrifuger_unified,simulated,simulated,ont,sim_ont,2886823,2886823,Desulfosediminicola,Desulfosediminicola,genus,0.0,abund,0.0,6202510,1,1,genus,0.0,1.0000002
Centrifuger,unified,Centrifuger_unified,simulated,simulated,ont,sim_ont,2886866,2886866,Sinanaerobacter,Sinanaerobacter,genus,0.0,abund,0.0,3370808,2,2,genus,0.0,1.0000002
Centrifuger,unified,Centrifuger_unified,simulated,simulated,ont,sim_ont,2888809,2888809,Novisyntrophococcus,Novisyntrophococcus,genus,0.0,abund,0.0,3420321,34,34,genus,0.0,1.0000002
Centrifuger,unified,Centrifuger_unified,simulated,simulated,ont,sim_ont,2892396,2892396,Vescimonas,Vescimonas,genus,0.7819200000000001,abund,0.0078192,2531083,14623,14258,genus,0.7819198436160314,1.0000002
Centrifuger,unified,Centrifuger_unified,simulated,simulated,ont,sim_ont,2892397,2892397,Pusillibacter,Pusillibacter,genus,0.68392,abund,0.0068392,3407680,16759,16741,genus,0.6839198632160274,1.0000002
Centrifuger,unified,Centrifuger_unified,simulated,simulated,ont,sim_ont,2893057,2893057,Shouchella,Shouchella,genus,0.0,abund,0.0,4178166,1,1,genus,0.0,1.0000002
Centrifuger,unified,Centrifuger_unified,simulated,simulated,ont,sim_ont,2893058,2893058,Pseudalkalibacillus,Pseudalkalibacillus,genus,0.0,abund,0.0,4692381,1,1,genus,0.0,1.0000002
Centrifuger,unified,Centrifuger_unified,simulated,simulated,ont,sim_ont,2894767,2894767,Desulfomarina,Desulfomarina,genus,0.0,abund,0.0,4307339,2,2,genus,0.0,1.0000002
Centrifuger,unified,Centrifuger_unified,simulated,simulated,ont,sim_ont,2895509,2895509,Metamycoplasma,Metamycoplasma,genus,0.0,abund,0.0,884420,2,1,genus,0.0,1.0000002
Centrifuger,unified,Centrifuger_unified,simulated,simulated,ont,sim_ont,2899790,2899790,Mergibacter,Mergibacter,genus,0.0,abund,0.0,7544962,9,9,genus,0.0,1.0000002
Centrifuger,unified,Centrifuger_unified,simulated,simulated,ont,sim_ont,2901164,2901164,Stutzerimonas,Stutzerimonas,genus,0.0,abund,0.0,4670756,3,0,genus,0.0,1.0000002
Centrifuger,unified,Centrifuger_unified,simulated,simulated,ont,sim_ont,2903107,2903107,Paracholeplasma,Paracholeplasma,genus,0.0,abund,0.0,1877792,1,1,genus,0.0,1.0000002
Centrifuger,unified,Centrifuger_unified,simulated,simulated,ont,sim_ont,2905123,2905123,Paraneptunicella,Paraneptunicella,genus,0.0,abund,0.0,4913533,6,6,genus,0.0,1.0000002
Centrifuger,unified,Centrifuger_unified,simulated,simulated,ont,sim_ont,2905722,2905722,Oceanidesulfovibrio,Oceanidesulfovibrio,genus,0.0,abund,0.0,4761435,1,1,genus,0.0,1.0000002
Centrifuger,unified,Centrifuger_unified,simulated,simulated,ont,sim_ont,2907187,2907187,Tichowtungia,Tichowtungia,genus,0.0,abund,0.0,3882676,7,7,genus,0.0,1.0000002
Centrifuger,unified,Centrifuger_unified,simulated,simulated,ont,sim_ont,2910589,2910589,Geotalea,Geotalea,genus,0.0,abund,0.0,4720432,5,5,genus,0.0,1.0000002
Centrifuger,unified,Centrifuger_unified,simulated,simulated,ont,sim_ont,2911469,2911469,Sulfuriroseicoccus,Sulfuriroseicoccus,genus,0.0,abund,0.0,3496488,5,5,genus,0.0,1.0000002
Centrifuger,unified,Centrifuger_unified,simulated,simulated,ont,sim_ont,2916693,2916693,Desulforamulus,Desulforamulus,genus,0.0,abund,0.0,3605766,3,3,genus,0.0,1.0000002
Centrifuger,unified,Centrifuger_unified,simulated,simulated,ont,sim_ont,2920401,2920401,Natronosporangium,Natronosporangium,genus,0.0,abund,0.0,5699854,1,1,genus,0.0,1.0000002
Centrifuger,unified,Centrifuger_unified,simulated,simulated,ont,sim_ont,2923290,2923290,Candidatus_Sulfidibacterium,Candidatus Sulfidibacterium,genus,0.0,abund,0.0,3266086,1,1,genus,0.0,1.0000002
Centrifuger,unified,Centrifuger_unified,simulated,simulated,ont,sim_ont,2923352,2923352,Mesomycoplasma,Mesomycoplasma,genus,0.0,abund,0.0,882949,5,5,genus,0.0,1.0000002
Centrifuger,unified,Centrifuger_unified,simulated,simulated,ont,sim_ont,2943184,2943184,Tannockella,Tannockella,genus,0.0,abund,0.0,2260890,15,15,genus,0.0,1.0000002
Centrifuger,unified,Centrifuger_unified,simulated,simulated,ont,sim_ont,2944152,2944152,Wujia,Wujia,genus,0.0,abund,0.0,2942917,37,37,genus,0.0,1.0000002
Centrifuger,unified,Centrifuger_unified,simulated,simulated,ont,sim_ont,2944193,2944193,Simiaoa,Simiaoa,genus,0.80263,abund,0.0080263,3572951,20439,20406,genus,0.8026298394740321,1.0000002
Centrifuger,unified,Centrifuger_unified,simulated,simulated,ont,sim_ont,2944195,2944195,Qiania,Qiania,genus,0.0,abund,0.0,3084832,14,14,genus,0.0,1.0000002
Centrifuger,unified,Centrifuger_unified,simulated,simulated,ont,sim_ont,2944198,2944198,Wansuia,Wansuia,genus,0.80108,abund,0.0080108,3949724,23061,22985,genus,0.8010798397840322,1.0000002
Centrifuger,unified,Centrifuger_unified,simulated,simulated,ont,sim_ont,2944627,2944627,Paenalkalicoccus,Paenalkalicoccus,genus,0.0,abund,0.0,4040495,5,5,genus,0.0,1.0000002
Centrifuger,unified,Centrifuger_unified,simulated,simulated,ont,sim_ont,2948819,2948819,Menthavirus,Menthavirus,genus,0.0,abund,0.0,13387,1,1,genus,0.0,1.0000002
Centrifuger,unified,Centrifuger_unified,simulated,simulated,ont,sim_ont,2974251,2974251,Segatella,Segatella,genus,0.0,abund,0.0,4272752,1,1,genus,0.0,1.0000002
Centrifuger,unified,Centrifuger_unified,simulated,simulated,ont,sim_ont,2974257,2974257,Hoylesella,Hoylesella,genus,8.999999999999999e-05,abund,9e-07,3084569,4,4,genus,8.99999820000036e-05,1.0000002
Centrifuger,unified,Centrifuger_unified,simulated,simulated,ont,sim_ont,2987594,2987594,Rasiella,Rasiella,genus,0.0,abund,0.0,3388965,1,1,genus,0.0,1.0000002
Centrifuger,unified,Centrifuger_unified,simulated,simulated,ont,sim_ont,2992720,2992720,Acidilutibacter,Acidilutibacter,genus,0.0,abund,0.0,3743723,8,8,genus,0.0,1.0000002
Centrifuger,unified,Centrifuger_unified,simulated,simulated,ont,sim_ont,3018276,3018276,Aliamphritea,Aliamphritea,genus,0.0,abund,0.0,5210777,2,2,genus,0.0,1.0000002
Centrifuger,unified,Centrifuger_unified,simulated,simulated,ont,sim_ont,3024823,3024823,Anaeromicropila,Anaeromicropila,genus,0.0,abund,0.0,5089009,7,7,genus,0.0,1.0000002
Centrifuger,unified,Centrifuger_unified,simulated,simulated,ont,sim_ont,3025755,3025755,Thomasclavelia,Thomasclavelia,genus,0.0,abund,0.0,2879920,21,19,genus,0.0,1.0000002
Centrifuger,unified,Centrifuger_unified,simulated,simulated,ont,sim_ont,3031933,3031933,Chordicoccus,Chordicoccus,genus,0.00019,abund,1.9e-06,3267205,41,41,genus,0.00018999996200000762,1.0000002
Centrifuger,unified,Centrifuger_unified,simulated,simulated,ont,sim_ont,3033930,3033930,Fervidibacillus,Fervidibacillus,genus,0.0,abund,0.0,3044253,2,2,genus,0.0,1.0000002
Centrifuger,unified,Centrifuger_unified,simulated,simulated,ont,sim_ont,3034001,3034001,Caldifermentibacillus,Caldifermentibacillus,genus,0.0,abund,0.0,15823763,2,1,genus,0.0,1.0000002
Centrifuger,unified,Centrifuger_unified,simulated,simulated,ont,sim_ont,3046369,3046369,Aristaeella,Aristaeella,genus,0.0,abund,0.0,3420564,2,2,genus,0.0,1.0000002
Centrifuger,unified,Centrifuger_unified,simulated,simulated,ont,sim_ont,3049269,3049269,Candidatus_Pelagisphaera,Candidatus Pelagisphaera,genus,0.0,abund,0.0,4086264,1,1,genus,0.0,1.0000002
Centrifuger,unified,Centrifuger_unified,simulated,simulated,ont,sim_ont,3050007,3050007,Fontisphaera,Fontisphaera,genus,0.0,abund,0.0,4726914,2,2,genus,0.0,1.0000002
Centrifuger,unified,Centrifuger_unified,simulated,simulated,ont,sim_ont,3051137,3051137,Paracidovorax,Paracidovorax,genus,0.0,abund,0.0,5112219,4,0,genus,0.0,1.0000002
Centrifuger,unified,Centrifuger_unified,simulated,simulated,ont,sim_ont,3051138,3051138,Paenacidovorax,Paenacidovorax,genus,0.0,abund,0.0,4679990,1,1,genus,0.0,1.0000002
Centrifuger,unified,Centrifuger_unified,simulated,simulated,ont,sim_ont,3059504,3059504,Allocoprobacillus,Allocoprobacillus,genus,0.7925700000000001,abund,0.0079257,2931125,16970,16822,genus,0.7925698414860318,1.0000002
Centrifuger,unified,Centrifuger_unified,simulated,simulated,ont,sim_ont,3072462,3072462,Haliovirga,Haliovirga,genus,0.0,abund,0.0,2725473,1,1,genus,0.0,1.0000002
Centrifuger,unified,Centrifuger_unified,simulated,simulated,ont,sim_ont,3076173,3076173,Macrococcoides,Macrococcoides,genus,0.0,abund,0.0,4667339,7,5,genus,0.0,1.0000002
Centrifuger,unified,Centrifuger_unified,simulated,simulated,ont,sim_ont,3076670,3076670,Claveliimonas,Claveliimonas,genus,0.0,abund,0.0,9567555,345,88,genus,0.0,1.0000002
Centrifuger,unified,Centrifuger_unified,simulated,simulated,ont,sim_ont,3088373,3088373,Chakrabartyella,Chakrabartyella,genus,0.0,abund,0.0,3403101,8,8,genus,0.0,1.0000002
Centrifuger,unified,Centrifuger_unified,simulated,simulated,ont,sim_ont,3093638,3093638,Desulfoferula,Desulfoferula,genus,0.0,abund,0.0,4479191,3,3,genus,0.0,1.0000002
Centrifuger,unified,Centrifuger_unified,simulated,simulated,ont,sim_ont,3136068,3136068,Methanolapillus,Methanolapillus,genus,0.0,abund,0.0,1932410,1,1,genus,0.0,1.0000002
Centrifuger,unified,Centrifuger_unified,simulated,simulated,ont,sim_ont,3136917,3136917,Helicovermis,Helicovermis,genus,0.0,abund,0.0,3122901,2,2,genus,0.0,1.0000002
Centrifuger,unified,Centrifuger_unified,simulated,simulated,ont,sim_ont,3154218,3154218,Tunturiibacter,Tunturiibacter,genus,0.0,abund,0.0,5477643,1,1,genus,0.0,1.0000002
Centrifuger,unified,Centrifuger_unified,simulated,simulated,ont,sim_ont,3236654,3236654,Ectopseudomonas,Ectopseudomonas,genus,0.0,abund,0.0,5336211,1,1,genus,0.0,1.0000002
Centrifuger,unified,Centrifuger_unified,simulated,simulated,ont,sim_ont,3238959,3238959,Candidatus_Endomicrobiellum,Candidatus Endomicrobiellum,genus,0.0,abund,0.0,1148570,1,0,genus,0.0,1.0000002
Centrifuger,unified,Centrifuger_unified,simulated,simulated,ont,sim_ont,3342669,3342669,Eshraghiella,Eshraghiella,genus,0.7781,abund,0.007781,2521323,14459,14417,genus,0.7780998443800312,1.0000002
Centrifuger,unified,Centrifuger_unified,simulated,simulated,ont,sim_ont,3366645,3366645,Promethearchaeum,Promethearchaeum,genus,0.0,abund,0.0,4324194,7,7,genus,0.0,1.0000002
Centrifuger,unified,Centrifuger_unified,simulated,simulated,ont,sim_ont,3389389,3389389,Bengtsoniella,Bengtsoniella,genus,0.0,abund,0.0,3827159,18,18,genus,0.0,1.0000002
Centrifuger,unified,Centrifuger_unified,simulated,simulated,ont,sim_ont,3393728,3393728,Owariibacterium,Owariibacterium,genus,8.999999999999999e-05,abund,9e-07,3606305,29,29,genus,8.99999820000036e-05,1.0000002
