taxid_raw	taxid	name_raw	name	rank	value	value_type	tax_abund_raw	seq_abund_raw	norm_abund	classified_fraction	sample_id	sample_id_core	assay	tool	db_mode	tool_db
0	0	AF33-28 sp003477885	AF33-28 sp003477885	species	0.0018	abund	0.0018	0.0251	0.01713779741219259	0.105031	DYN_0004_D10.fastq	DYN_0004_D10	pacbio	sylph	default	sylph_default
0	0	Acetatifactor acetigignens	Acetatifactor acetigignens	species	0.0005	abund	0.0005	0.0061	0.004760499281164609	0.105031	DYN_0004_D10.fastq	DYN_0004_D10	pacbio	sylph	default	sylph_default
0	0	Acetatifactor intestinalis	Acetatifactor intestinalis	species	0.0001	abund	0.0001	0.0012	0.0009520998562329218	0.105031	DYN_0004_D10.fastq	DYN_0004_D10	pacbio	sylph	default	sylph_default
0	0	Acutalibacter ornithocaccae	Acutalibacter ornithocaccae	species	0.0015	abund	0.0015	0.0097	0.014281497843493826	0.105031	DYN_0004_D10.fastq	DYN_0004_D10	pacbio	sylph	default	sylph_default
0	0	Acutalibacter sp900548545	Acutalibacter sp900548545	species	0.0022	abund	0.0022	0.0128	0.020946196837124276	0.105031	DYN_0004_D10.fastq	DYN_0004_D10	pacbio	sylph	default	sylph_default
0	0	Acutalibacter sp944380625	Acutalibacter sp944380625	species	0.0036	abund	0.0036	0.0172	0.03427559482438518	0.105031	DYN_0004_D10.fastq	DYN_0004_D10	pacbio	sylph	default	sylph_default
0	0	Acutalibacter timonensis	Acutalibacter timonensis	species	0.0238	abund	0.0238	0.2407	0.2265997657834354	0.105031	DYN_0004_D10.fastq	DYN_0004_D10	pacbio	sylph	default	sylph_default
0	0	Agathobaculum faecihominis_A	Agathobaculum faecihominis	species	0.0003	abund	0.0003	0.0034	0.0028562995686987652	0.105031	DYN_0004_D10.fastq	DYN_0004_D10	pacbio	sylph	default	sylph_default
0	0	Agathobaculum intestinigallinarum	Agathobaculum intestinigallinarum	species	0.0111	abund	0.0111	0.0645	0.10568308404185432	0.105031	DYN_0004_D10.fastq	DYN_0004_D10	pacbio	sylph	default	sylph_default
0	0	Agathobaculum pullistercoris	Agathobaculum pullistercoris	species	0.0104	abund	0.0104	0.0589	0.09901838504822386	0.105031	DYN_0004_D10.fastq	DYN_0004_D10	pacbio	sylph	default	sylph_default
0	0	Alangreenwoodia sp905206455	Alangreenwoodia sp905206455	species	0.0005	abund	0.0005	0.0031	0.004760499281164609	0.105031	DYN_0004_D10.fastq	DYN_0004_D10	pacbio	sylph	default	sylph_default
0	0	Alistipes intestinigallinarum	Alistipes intestinigallinarum	species	0.0012	abund	0.0012	0.0085	0.011425198274795061	0.105031	DYN_0004_D10.fastq	DYN_0004_D10	pacbio	sylph	default	sylph_default
0	0	Alistipes sp900541585	Alistipes sp900541585	species	0.0053	abund	0.0053	0.0448	0.05046129238034485	0.105031	DYN_0004_D10.fastq	DYN_0004_D10	pacbio	sylph	default	sylph_default
0	0	Allochristensenella sp019415425	Allochristensenella sp019415425	species	0.0001	abund	0.0001	0.0006	0.0009520998562329218	0.105031	DYN_0004_D10.fastq	DYN_0004_D10	pacbio	sylph	default	sylph_default
0	0	Allocoprobacillus merdigallinarum	Allocoprobacillus merdigallinarum	species	0.0114	abund	0.0114	0.0694	0.10853938361055308	0.105031	DYN_0004_D10.fastq	DYN_0004_D10	pacbio	sylph	default	sylph_default
0	0	Allocoprobacillus sp002160865	Allocoprobacillus sp002160865	species	0.0034	abund	0.0034	0.0259	0.03237139511191933	0.105031	DYN_0004_D10.fastq	DYN_0004_D10	pacbio	sylph	default	sylph_default
0	0	Anaerobutyricum stercoripullorum	Anaerobutyricum stercoripullorum	species	0.0266	abund	0.0266	0.1704	0.25325856175795713	0.105031	DYN_0004_D10.fastq	DYN_0004_D10	pacbio	sylph	default	sylph_default
0	0	Anaerococcus sp900551095	Anaerococcus sp900551095	species	0.0007	abund	0.0007	0.0018	0.0066646989936304515	0.105031	DYN_0004_D10.fastq	DYN_0004_D10	pacbio	sylph	default	sylph_default
0	0	Anaeromassilibacillus sp001305115	Anaeromassilibacillus sp001305115	species	0.0002	abund	0.0002	0.0013	0.0019041997124658436	0.105031	DYN_0004_D10.fastq	DYN_0004_D10	pacbio	sylph	default	sylph_default
0	0	Anaeromassilibacillus stercoravium	Anaeromassilibacillus stercoravium	species	0.0026	abund	0.0026	0.017	0.024754596262055964	0.105031	DYN_0004_D10.fastq	DYN_0004_D10	pacbio	sylph	default	sylph_default
0	0	Anaerostipes hominis	Anaerostipes hominis	species	0.0002	abund	0.0002	0.0015	0.0019041997124658436	0.105031	DYN_0004_D10.fastq	DYN_0004_D10	pacbio	sylph	default	sylph_default
0	0	Anaerotardibacter sp000436075	Anaerotardibacter sp000436075	species	0.0062	abund	0.0062	0.0317	0.05903019108644115	0.105031	DYN_0004_D10.fastq	DYN_0004_D10	pacbio	sylph	default	sylph_default
0	0	Anaerotignum sp001304995	Anaerotignum sp001304995	species	0.0003	abund	0.0003	0.0024	0.0028562995686987652	0.105031	DYN_0004_D10.fastq	DYN_0004_D10	pacbio	sylph	default	sylph_default
0	0	Avimonas_A narfia	Avimonas narfia	species	0.0037	abund	0.0037	0.0246	0.0352276946806181	0.105031	DYN_0004_D10.fastq	DYN_0004_D10	pacbio	sylph	default	sylph_default
0	0	Avimonoglobus intestinipullorum	Avimonoglobus intestinipullorum	species	0.0016	abund	0.0016	0.0082	0.015233597699726749	0.105031	DYN_0004_D10.fastq	DYN_0004_D10	pacbio	sylph	default	sylph_default
0	0	Avoscillospira_A sp019422005	Avoscillospira sp019422005	species	0.001	abund	0.001	0.0071	0.009520998562329217	0.105031	DYN_0004_D10.fastq	DYN_0004_D10	pacbio	sylph	default	sylph_default
0	0	Bacteroides sp900755095	Bacteroides sp900755095	species	0.0102	abund	0.0102	0.1012	0.09711418533575801	0.105031	DYN_0004_D10.fastq	DYN_0004_D10	pacbio	sylph	default	sylph_default
0	0	Bittarella massiliensis	Bittarella massiliensis	species	0.0001	abund	0.0001	0.0007	0.0009520998562329218	0.105031	DYN_0004_D10.fastq	DYN_0004_D10	pacbio	sylph	default	sylph_default
0	0	Blautia_A avistercoris	Blautia avistercoris	species	0.0016	abund	0.0016	0.0115	0.015233597699726749	0.105031	DYN_0004_D10.fastq	DYN_0004_D10	pacbio	sylph	default	sylph_default
0	0	Blautia_A excrementigallinarum	Blautia excrementigallinarum	species	0.0001	abund	0.0001	0.0005	0.0009520998562329218	0.105031	DYN_0004_D10.fastq	DYN_0004_D10	pacbio	sylph	default	sylph_default
0	0	Blautia pullicola	Blautia pullicola	species	0.0006	abund	0.0006	0.0047	0.0057125991373975305	0.105031	DYN_0004_D10.fastq	DYN_0004_D10	pacbio	sylph	default	sylph_default
0	0	Blautia_A sp021771755	Blautia sp021771755	species	0.0077	abund	0.0077	0.0779	0.07331168892993498	0.105031	DYN_0004_D10.fastq	DYN_0004_D10	pacbio	sylph	default	sylph_default
0	0	Blautia_A sp900066355	Blautia sp900066355	species	0.0044	abund	0.0044	0.0442	0.04189239367424855	0.105031	DYN_0004_D10.fastq	DYN_0004_D10	pacbio	sylph	default	sylph_default
0	0	Blautia_A sp900547615	Blautia sp900547615	species	0.001	abund	0.001	0.0076	0.009520998562329217	0.105031	DYN_0004_D10.fastq	DYN_0004_D10	pacbio	sylph	default	sylph_default
0	0	Blautia_A sp938028845	Blautia sp938028845	species	0.0059	abund	0.0059	0.0558	0.05617389151774238	0.105031	DYN_0004_D10.fastq	DYN_0004_D10	pacbio	sylph	default	sylph_default
0	0	Borkfalkia ceftriaxoniphila	Borkfalkia ceftriaxoniphila	species	0.0004	abund	0.0004	0.003	0.003808399424931687	0.105031	DYN_0004_D10.fastq	DYN_0004_D10	pacbio	sylph	default	sylph_default
0	0	Brotonthovivens avistercoris	Brotonthovivens avistercoris	species	0.0002	abund	0.0002	0.0013	0.0019041997124658436	0.105031	DYN_0004_D10.fastq	DYN_0004_D10	pacbio	sylph	default	sylph_default
0	0	Butyricimonas sp900759925	Butyricimonas sp900759925	species	0.0027	abund	0.0027	0.0389	0.025706696118288887	0.105031	DYN_0004_D10.fastq	DYN_0004_D10	pacbio	sylph	default	sylph_default
0	0	CABSLJ01 sp902478455	CABSLJ01 sp902478455	species	0.0007	abund	0.0007	0.0048	0.0066646989936304515	0.105031	DYN_0004_D10.fastq	DYN_0004_D10	pacbio	sylph	default	sylph_default
0	0	CAG-170 sp000432135	CAG-170 sp000432135	species	0.0007	abund	0.0007	0.0049	0.0066646989936304515	0.105031	DYN_0004_D10.fastq	DYN_0004_D10	pacbio	sylph	default	sylph_default
0	0	CAG-177 sp003514385	CAG-177 sp003514385	species	0.3292	abund	0.3292	1.8788	3.1343127267187785	0.105031	DYN_0004_D10.fastq	DYN_0004_D10	pacbio	sylph	default	sylph_default
0	0	CAG-273 sp000438355	CAG-273 sp000438355	species	0.0022	abund	0.0022	0.008	0.020946196837124276	0.105031	DYN_0004_D10.fastq	DYN_0004_D10	pacbio	sylph	default	sylph_default
0	0	CAG-314 sp000437915	CAG-314 sp000437915	species	0.0007	abund	0.0007	0.003	0.0066646989936304515	0.105031	DYN_0004_D10.fastq	DYN_0004_D10	pacbio	sylph	default	sylph_default
0	0	CAG-349 sp003539515	CAG-349 sp003539515	species	0.005	abund	0.005	0.0212	0.04760499281164609	0.105031	DYN_0004_D10.fastq	DYN_0004_D10	pacbio	sylph	default	sylph_default
0	0	CAJFTX01 sp904420075	CAJFTX01 sp904420075	species	0.0004	abund	0.0004	0.0021	0.003808399424931687	0.105031	DYN_0004_D10.fastq	DYN_0004_D10	pacbio	sylph	default	sylph_default
0	0	CAJFUR01 sp904420575	CAJFUR01 sp904420575	species	0.0027	abund	0.0027	0.0217	0.025706696118288887	0.105031	DYN_0004_D10.fastq	DYN_0004_D10	pacbio	sylph	default	sylph_default
0	0	CAJTWN01 sp910580105	CAJTWN01 sp910580105	species	0.0008	abund	0.0008	0.0055	0.007616798849863374	0.105031	DYN_0004_D10.fastq	DYN_0004_D10	pacbio	sylph	default	sylph_default
0	0	CAKTXU01 sp902492455	CAKTXU01 sp902492455	species	0.0016	abund	0.0016	0.0172	0.015233597699726749	0.105031	DYN_0004_D10.fastq	DYN_0004_D10	pacbio	sylph	default	sylph_default
0	0	CAKTXU01 sp934615635	CAKTXU01 sp934615635	species	0.001	abund	0.001	0.0067	0.009520998562329217	0.105031	DYN_0004_D10.fastq	DYN_0004_D10	pacbio	sylph	default	sylph_default
0	0	CAKXIK01 sp019421725	CAKXIK01 sp019421725	species	0.0008	abund	0.0008	0.0044	0.007616798849863374	0.105031	DYN_0004_D10.fastq	DYN_0004_D10	pacbio	sylph	default	sylph_default
0	0	CALVVN01 sp944358255	CALVVN01 sp944358255	species	0.0052	abund	0.0052	0.0126	0.04950919252411193	0.105031	DYN_0004_D10.fastq	DYN_0004_D10	pacbio	sylph	default	sylph_default
0	0	CALWKX01 sp944381375	CALWKX01 sp944381375	species	0.0022	abund	0.0022	0.0091	0.020946196837124276	0.105031	DYN_0004_D10.fastq	DYN_0004_D10	pacbio	sylph	default	sylph_default
0	0	CALXAO01 sp944386295	CALXAO01 sp944386295	species	0.0001	abund	0.0001	0.0004	0.0009520998562329218	0.105031	DYN_0004_D10.fastq	DYN_0004_D10	pacbio	sylph	default	sylph_default
0	0	CALXDZ01 sp944387205	CALXDZ01 sp944387205	species	0.0012	abund	0.0012	0.0077	0.011425198274795061	0.105031	DYN_0004_D10.fastq	DYN_0004_D10	pacbio	sylph	default	sylph_default
0	0	CALXRW01 sp944390965	CALXRW01 sp944390965	species	0.0117	abund	0.0117	0.0463	0.11139568317925183	0.105031	DYN_0004_D10.fastq	DYN_0004_D10	pacbio	sylph	default	sylph_default
0	0	CALXSR01 sp944391215	CALXSR01 sp944391215	species	0.0001	abund	0.0001	0.0004	0.0009520998562329218	0.105031	DYN_0004_D10.fastq	DYN_0004_D10	pacbio	sylph	default	sylph_default
0	0	CALXSV01 sp944390945	CALXSV01 sp944390945	species	0.0005	abund	0.0005	0.0027	0.004760499281164609	0.105031	DYN_0004_D10.fastq	DYN_0004_D10	pacbio	sylph	default	sylph_default
0	0	CHH4-2 sp018378255	CHH4-2 sp018378255	species	0.0004	abund	0.0004	0.006	0.003808399424931687	0.105031	DYN_0004_D10.fastq	DYN_0004_D10	pacbio	sylph	default	sylph_default
0	0	Choladousia sp900757145	Choladousia sp900757145	species	0.0005	abund	0.0005	0.0029	0.004760499281164609	0.105031	DYN_0004_D10.fastq	DYN_0004_D10	pacbio	sylph	default	sylph_default
0	0	Choladousia sp902363135	Choladousia sp902363135	species	0.0002	abund	0.0002	0.0024	0.0019041997124658436	0.105031	DYN_0004_D10.fastq	DYN_0004_D10	pacbio	sylph	default	sylph_default
0	0	Christensenella sp022846035	Christensenella sp022846035	species	0.0013	abund	0.0013	0.0098	0.012377298131027982	0.105031	DYN_0004_D10.fastq	DYN_0004_D10	pacbio	sylph	default	sylph_default
0	0	Clostridium_AP sp000509125	Clostridium sp000509125	species	0.0206	abund	0.0206	0.2235	0.19613257038398188	0.105031	DYN_0004_D10.fastq	DYN_0004_D10	pacbio	sylph	default	sylph_default
0	0	Collinsella sp900545745	Collinsella sp900545745	species	0.029	abund	0.029	0.1448	0.27610895830754734	0.105031	DYN_0004_D10.fastq	DYN_0004_D10	pacbio	sylph	default	sylph_default
0	0	DXTB01 sp019410105	DXTB01 sp019410105	species	0.0164	abund	0.0164	0.0657	0.15614437642219917	0.105031	DYN_0004_D10.fastq	DYN_0004_D10	pacbio	sylph	default	sylph_default
0	0	Desulfovibrio sp018379785	Desulfovibrio sp018379785	species	0.5713	abund	0.5713	5.4096	5.439346478658682	0.105031	DYN_0004_D10.fastq	DYN_0004_D10	pacbio	sylph	default	sylph_default
0	0	Desulfovibrio sp019422935	Desulfovibrio sp019422935	species	0.0003	abund	0.0003	0.0027	0.0028562995686987652	0.105031	DYN_0004_D10.fastq	DYN_0004_D10	pacbio	sylph	default	sylph_default
0	0	Dorea_D sp000433535	Dorea sp000433535	species	0.0193	abund	0.0193	0.1239	0.1837552722529539	0.105031	DYN_0004_D10.fastq	DYN_0004_D10	pacbio	sylph	default	sylph_default
0	0	Dysosmobacter avistercoris	Dysosmobacter avistercoris	species	0.0014	abund	0.0014	0.0081	0.013329397987260903	0.105031	DYN_0004_D10.fastq	DYN_0004_D10	pacbio	sylph	default	sylph_default
0	0	Dysosmobacter faecalis	Dysosmobacter faecalis	species	0.0018	abund	0.0018	0.0168	0.01713779741219259	0.105031	DYN_0004_D10.fastq	DYN_0004_D10	pacbio	sylph	default	sylph_default
0	0	Dysosmobacter pullicola	Dysosmobacter pullicola	species	0.0012	abund	0.0012	0.0089	0.011425198274795061	0.105031	DYN_0004_D10.fastq	DYN_0004_D10	pacbio	sylph	default	sylph_default
0	0	Dysosmobacter sp018228705	Dysosmobacter sp018228705	species	0.0248	abund	0.0248	0.2254	0.2361207643457646	0.105031	DYN_0004_D10.fastq	DYN_0004_D10	pacbio	sylph	default	sylph_default
0	0	Dysosmobacter sp900548505	Dysosmobacter sp900548505	species	0.0004	abund	0.0004	0.0025	0.003808399424931687	0.105031	DYN_0004_D10.fastq	DYN_0004_D10	pacbio	sylph	default	sylph_default
0	0	Dysosmobacter sp904393855	Dysosmobacter sp904393855	species	0.0007	abund	0.0007	0.004	0.0066646989936304515	0.105031	DYN_0004_D10.fastq	DYN_0004_D10	pacbio	sylph	default	sylph_default
0	0	Dysosmobacter sp944387035	Dysosmobacter sp944387035	species	0.0007	abund	0.0007	0.0041	0.0066646989936304515	0.105031	DYN_0004_D10.fastq	DYN_0004_D10	pacbio	sylph	default	sylph_default
0	0	Dysosmobacter sp958426425	Dysosmobacter sp958426425	species	0.0036	abund	0.0036	0.0253	0.03427559482438518	0.105031	DYN_0004_D10.fastq	DYN_0004_D10	pacbio	sylph	default	sylph_default
0	0	Egerieisoma faecipullorum	Egerieisoma faecipullorum	species	0.0462	abund	0.0462	0.2494	0.43987013357960986	0.105031	DYN_0004_D10.fastq	DYN_0004_D10	pacbio	sylph	default	sylph_default
0	0	Emergencia sp904420065	Emergencia sp904420065	species	0.0012	abund	0.0012	0.0079	0.011425198274795061	0.105031	DYN_0004_D10.fastq	DYN_0004_D10	pacbio	sylph	default	sylph_default
0	0	Enterenecus sp905210385	Enterenecus sp905210385	species	0.0004	abund	0.0004	0.0023	0.003808399424931687	0.105031	DYN_0004_D10.fastq	DYN_0004_D10	pacbio	sylph	default	sylph_default
0	0	Enterocloster pacaense	Enterocloster pacaense	species	0.0003	abund	0.0003	0.0049	0.0028562995686987652	0.105031	DYN_0004_D10.fastq	DYN_0004_D10	pacbio	sylph	default	sylph_default
0	0	Eubacterium_F sp003491505	Eubacterium sp003491505	species	0.0017	abund	0.0017	0.0146	0.016185697555959666	0.105031	DYN_0004_D10.fastq	DYN_0004_D10	pacbio	sylph	default	sylph_default
0	0	Faecimorpha sp944376225	Faecimorpha sp944376225	species	0.0001	abund	0.0001	0.0005	0.0009520998562329218	0.105031	DYN_0004_D10.fastq	DYN_0004_D10	pacbio	sylph	default	sylph_default
0	0	Faecivicinus avistercoris	Faecivicinus avistercoris	species	0.002	abund	0.002	0.0159	0.019041997124658434	0.105031	DYN_0004_D10.fastq	DYN_0004_D10	pacbio	sylph	default	sylph_default
0	0	Faecousia sp900544975	Faecousia sp900544975	species	0.0002	abund	0.0002	0.0018	0.0019041997124658436	0.105031	DYN_0004_D10.fastq	DYN_0004_D10	pacbio	sylph	default	sylph_default
0	0	Fenollaria sp946221515	Fenollaria sp946221515	species	0.004	abund	0.004	0.0155	0.03808399424931687	0.105031	DYN_0004_D10.fastq	DYN_0004_D10	pacbio	sylph	default	sylph_default
0	0	Fimisoma sp000435715	Fimisoma sp000435715	species	0.0094	abund	0.0094	0.0536	0.08949738648589464	0.105031	DYN_0004_D10.fastq	DYN_0004_D10	pacbio	sylph	default	sylph_default
0	0	Fimisoma sp900540145	Fimisoma sp900540145	species	0.0735	abund	0.0735	0.4154	0.6997933943311975	0.105031	DYN_0004_D10.fastq	DYN_0004_D10	pacbio	sylph	default	sylph_default
0	0	Fimivicinus sp900544715	Fimivicinus sp900544715	species	0.0022	abund	0.0022	0.0168	0.020946196837124276	0.105031	DYN_0004_D10.fastq	DYN_0004_D10	pacbio	sylph	default	sylph_default
0	0	Fournierella excrementavium	Fournierella excrementavium	species	0.0015	abund	0.0015	0.01	0.014281497843493826	0.105031	DYN_0004_D10.fastq	DYN_0004_D10	pacbio	sylph	default	sylph_default
0	0	Fournierella sp900543285	Fournierella sp900543285	species	0.0011	abund	0.0011	0.0119	0.010473098418562138	0.105031	DYN_0004_D10.fastq	DYN_0004_D10	pacbio	sylph	default	sylph_default
0	0	Frisingicoccus sp900757195	Frisingicoccus sp900757195	species	0.0123	abund	0.0123	0.0735	0.11710828231664937	0.105031	DYN_0004_D10.fastq	DYN_0004_D10	pacbio	sylph	default	sylph_default
0	0	Gallacutalibacter_A stercoravium	Gallacutalibacter stercoravium	species	0.0003	abund	0.0003	0.0028	0.0028562995686987652	0.105031	DYN_0004_D10.fastq	DYN_0004_D10	pacbio	sylph	default	sylph_default
0	0	Gemmiger stercorigallinarum	Gemmiger stercorigallinarum	species	0.0174	abund	0.0174	0.0985	0.16566537498452835	0.105031	DYN_0004_D10.fastq	DYN_0004_D10	pacbio	sylph	default	sylph_default
0	0	HGM11327 sp900759935	HGM11327 sp900759935	species	0.0008	abund	0.0008	0.0038	0.007616798849863374	0.105031	DYN_0004_D10.fastq	DYN_0004_D10	pacbio	sylph	default	sylph_default
0	0	HGM11616 sp900761075	HGM11616 sp900761075	species	0.0002	abund	0.0002	0.0012	0.0019041997124658436	0.105031	DYN_0004_D10.fastq	DYN_0004_D10	pacbio	sylph	default	sylph_default
0	0	HGM12998 sp900756495	HGM12998 sp900756495	species	0.0001	abund	0.0001	0.0006	0.0009520998562329218	0.105031	DYN_0004_D10.fastq	DYN_0004_D10	pacbio	sylph	default	sylph_default
0	0	HGM13010 sp900754965	HGM13010 sp900754965	species	0.0012	abund	0.0012	0.0055	0.011425198274795061	0.105031	DYN_0004_D10.fastq	DYN_0004_D10	pacbio	sylph	default	sylph_default
0	0	HGM13222 sp900757485	HGM13222 sp900757485	species	0.0007	abund	0.0007	0.0059	0.0066646989936304515	0.105031	DYN_0004_D10.fastq	DYN_0004_D10	pacbio	sylph	default	sylph_default
0	0	HGM13862 sp944393575	HGM13862 sp944393575	species	0.0011	abund	0.0011	0.0048	0.010473098418562138	0.105031	DYN_0004_D10.fastq	DYN_0004_D10	pacbio	sylph	default	sylph_default
0	0	Heritagella sp905215105	Heritagella sp905215105	species	0.0017	abund	0.0017	0.0094	0.016185697555959666	0.105031	DYN_0004_D10.fastq	DYN_0004_D10	pacbio	sylph	default	sylph_default
0	0	Hominibacterium hominis	Hominibacterium hominis	species	0.0028	abund	0.0028	0.0269	0.026658795974521806	0.105031	DYN_0004_D10.fastq	DYN_0004_D10	pacbio	sylph	default	sylph_default
0	0	Hominicoprocola sp900317525	Hominicoprocola sp900317525	species	0.0003	abund	0.0003	0.0019	0.0028562995686987652	0.105031	DYN_0004_D10.fastq	DYN_0004_D10	pacbio	sylph	default	sylph_default
0	0	Intestinimonas pullistercoris	Intestinimonas pullistercoris	species	0.0004	abund	0.0004	0.0021	0.003808399424931687	0.105031	DYN_0004_D10.fastq	DYN_0004_D10	pacbio	sylph	default	sylph_default
0	0	JAGZMM01 sp946491705	JAGZMM01 sp946491705	species	0.0005	abund	0.0005	0.0028	0.004760499281164609	0.105031	DYN_0004_D10.fastq	DYN_0004_D10	pacbio	sylph	default	sylph_default
0	0	Lachnoclostridium_B monacensis	Lachnoclostridium monacensis	species	0.0092	abund	0.0092	0.0763	0.0875931867734288	0.105031	DYN_0004_D10.fastq	DYN_0004_D10	pacbio	sylph	default	sylph_default
0	0	Lachnoclostridium_A sp003464085	Lachnoclostridium sp003464085	species	0.0001	abund	0.0001	0.0014	0.0009520998562329218	0.105031	DYN_0004_D10.fastq	DYN_0004_D10	pacbio	sylph	default	sylph_default
0	0	Laedolimicola faecalis	Laedolimicola faecalis	species	0.0018	abund	0.0018	0.0182	0.01713779741219259	0.105031	DYN_0004_D10.fastq	DYN_0004_D10	pacbio	sylph	default	sylph_default
0	0	Laedolimicola sp002160825	Laedolimicola sp002160825	species	0.0011	abund	0.0011	0.0111	0.010473098418562138	0.105031	DYN_0004_D10.fastq	DYN_0004_D10	pacbio	sylph	default	sylph_default
0	0	Lancefieldella sp938036925	Lancefieldella sp938036925	species	0.0001	abund	0.0001	0.0006	0.0009520998562329218	0.105031	DYN_0004_D10.fastq	DYN_0004_D10	pacbio	sylph	default	sylph_default
0	0	Lawsonibacter aceti	Lawsonibacter aceti	species	0.0012	abund	0.0012	0.0105	0.011425198274795061	0.105031	DYN_0004_D10.fastq	DYN_0004_D10	pacbio	sylph	default	sylph_default
0	0	Lawsonibacter sp900066825	Lawsonibacter sp900066825	species	0.0107	abund	0.0107	0.1051	0.1018746846169226	0.105031	DYN_0004_D10.fastq	DYN_0004_D10	pacbio	sylph	default	sylph_default
0	0	Lawsonibacter sp900545895	Lawsonibacter sp900545895	species	0.0089	abund	0.0089	0.0867	0.08473688720473004	0.105031	DYN_0004_D10.fastq	DYN_0004_D10	pacbio	sylph	default	sylph_default
0	0	Lawsonibacter sp949295195	Lawsonibacter sp949295195	species	0.0086	abund	0.0086	0.0562	0.08188058763603126	0.105031	DYN_0004_D10.fastq	DYN_0004_D10	pacbio	sylph	default	sylph_default
0	0	Lentihominibacter excrementigallinarum	Lentihominibacter excrementigallinarum	species	0.0014	abund	0.0014	0.0075	0.013329397987260903	0.105031	DYN_0004_D10.fastq	DYN_0004_D10	pacbio	sylph	default	sylph_default
0	0	Lentihominibacter excrementipullorum	Lentihominibacter excrementipullorum	species	0.0048	abund	0.0048	0.0255	0.045700793099180244	0.105031	DYN_0004_D10.fastq	DYN_0004_D10	pacbio	sylph	default	sylph_default
0	0	Lentihominibacter sp958448635	Lentihominibacter sp958448635	species	0.0014	abund	0.0014	0.0078	0.013329397987260903	0.105031	DYN_0004_D10.fastq	DYN_0004_D10	pacbio	sylph	default	sylph_default
0	0	Lientehia caecorum	Lientehia caecorum	species	0.0001	abund	0.0001	0.001	0.0009520998562329218	0.105031	DYN_0004_D10.fastq	DYN_0004_D10	pacbio	sylph	default	sylph_default
0	0	Limenecus avicola	Limenecus avicola	species	0.0261	abund	0.0261	0.1491	0.2484980624767926	0.105031	DYN_0004_D10.fastq	DYN_0004_D10	pacbio	sylph	default	sylph_default
0	0	Limiplasma merdipullorum	Limiplasma merdipullorum	species	0.0065	abund	0.0065	0.0468	0.06188649065513992	0.105031	DYN_0004_D10.fastq	DYN_0004_D10	pacbio	sylph	default	sylph_default
0	0	Limiplasma pullistercoris	Limiplasma pullistercoris	species	0.0092	abund	0.0092	0.0736	0.0875931867734288	0.105031	DYN_0004_D10.fastq	DYN_0004_D10	pacbio	sylph	default	sylph_default
0	0	Limiplasma sp944333375	Limiplasma sp944333375	species	0.0013	abund	0.0013	0.0078	0.012377298131027982	0.105031	DYN_0004_D10.fastq	DYN_0004_D10	pacbio	sylph	default	sylph_default
0	0	Limiplasma sp944349545	Limiplasma sp944349545	species	0.005	abund	0.005	0.0353	0.04760499281164609	0.105031	DYN_0004_D10.fastq	DYN_0004_D10	pacbio	sylph	default	sylph_default
0	0	Limivivens merdigallinarum	Limivivens merdigallinarum	species	0.0013	abund	0.0013	0.0121	0.012377298131027982	0.105031	DYN_0004_D10.fastq	DYN_0004_D10	pacbio	sylph	default	sylph_default
0	0	Mailhella merdigallinarum	Mailhella merdigallinarum	species	0.0225	abund	0.0225	0.1509	0.21422246765240738	0.105031	DYN_0004_D10.fastq	DYN_0004_D10	pacbio	sylph	default	sylph_default
0	0	Mediterraneibacter excrementigallinarum	Mediterraneibacter excrementigallinarum	species	0.0034	abund	0.0034	0.0328	0.03237139511191933	0.105031	DYN_0004_D10.fastq	DYN_0004_D10	pacbio	sylph	default	sylph_default
0	0	Mediterraneibacter excrementipullorum	Mediterraneibacter excrementipullorum	species	0.0707	abund	0.0707	0.4498	0.6731345983566757	0.105031	DYN_0004_D10.fastq	DYN_0004_D10	pacbio	sylph	default	sylph_default
0	0	Mediterraneibacter intestinigallinarum	Mediterraneibacter intestinigallinarum	species	0.0003	abund	0.0003	0.0022	0.0028562995686987652	0.105031	DYN_0004_D10.fastq	DYN_0004_D10	pacbio	sylph	default	sylph_default
0	0	Mediterraneibacter sp019420405	Mediterraneibacter sp019420405	species	0.0075	abund	0.0075	0.061	0.07140748921746913	0.105031	DYN_0004_D10.fastq	DYN_0004_D10	pacbio	sylph	default	sylph_default
0	0	Mediterraneibacter sp900120155	Mediterraneibacter sp900120155	species	0.0045	abund	0.0045	0.0366	0.042844493530481476	0.105031	DYN_0004_D10.fastq	DYN_0004_D10	pacbio	sylph	default	sylph_default
0	0	Mediterraneibacter sp900541505	Mediterraneibacter sp900541505	species	0.004	abund	0.004	0.0396	0.03808399424931687	0.105031	DYN_0004_D10.fastq	DYN_0004_D10	pacbio	sylph	default	sylph_default
0	0	Merdibacter merdigallinarum	Merdibacter merdigallinarum	species	0.0051	abund	0.0051	0.0312	0.048557092667879005	0.105031	DYN_0004_D10.fastq	DYN_0004_D10	pacbio	sylph	default	sylph_default
0	0	Merdiplasma excrementigallinarum	Merdiplasma excrementigallinarum	species	0.0004	abund	0.0004	0.002	0.003808399424931687	0.105031	DYN_0004_D10.fastq	DYN_0004_D10	pacbio	sylph	default	sylph_default
0	0	Metalachnospira sp900546215	Metalachnospira sp900546215	species	0.0003	abund	0.0003	0.002	0.0028562995686987652	0.105031	DYN_0004_D10.fastq	DYN_0004_D10	pacbio	sylph	default	sylph_default
0	0	Metaruminococcus_A sp003150405	Metaruminococcus sp003150405	species	0.0011	abund	0.0011	0.0078	0.010473098418562138	0.105031	DYN_0004_D10.fastq	DYN_0004_D10	pacbio	sylph	default	sylph_default
0	0	Monoglobus sp958352815	Monoglobus sp958352815	species	0.0011	abund	0.0011	0.0069	0.010473098418562138	0.105031	DYN_0004_D10.fastq	DYN_0004_D10	pacbio	sylph	default	sylph_default
0	0	Muricomes contortus_B	Muricomes contortus	species	0.0014	abund	0.0014	0.0213	0.013329397987260903	0.105031	DYN_0004_D10.fastq	DYN_0004_D10	pacbio	sylph	default	sylph_default
0	0	Muricomes sp000509105	Muricomes sp000509105	species	0.0004	abund	0.0004	0.0052	0.003808399424931687	0.105031	DYN_0004_D10.fastq	DYN_0004_D10	pacbio	sylph	default	sylph_default
0	0	Negativibacillus faecipullorum	Negativibacillus faecipullorum	species	0.0008	abund	0.0008	0.0041	0.007616798849863374	0.105031	DYN_0004_D10.fastq	DYN_0004_D10	pacbio	sylph	default	sylph_default
0	0	Otoolea sp900547735	Otoolea sp900547735	species	0.0023	abund	0.0023	0.0349	0.0218982966933572	0.105031	DYN_0004_D10.fastq	DYN_0004_D10	pacbio	sylph	default	sylph_default
0	0	Otoolea symbiosa	Otoolea symbiosa	species	0.0018	abund	0.0018	0.0244	0.01713779741219259	0.105031	DYN_0004_D10.fastq	DYN_0004_D10	pacbio	sylph	default	sylph_default
0	0	Parabacteroides sp905196875	Parabacteroides sp905196875	species	0.0005	abund	0.0005	0.0074	0.004760499281164609	0.105031	DYN_0004_D10.fastq	DYN_0004_D10	pacbio	sylph	default	sylph_default
0	0	Parachristensenella sp900542005	Parachristensenella sp900542005	species	0.0012	abund	0.0012	0.0096	0.011425198274795061	0.105031	DYN_0004_D10.fastq	DYN_0004_D10	pacbio	sylph	default	sylph_default
0	0	Pelethomonas sp017887695	Pelethomonas sp017887695	species	0.001	abund	0.001	0.0064	0.009520998562329217	0.105031	DYN_0004_D10.fastq	DYN_0004_D10	pacbio	sylph	default	sylph_default
0	0	Pelethomonas sp944387775	Pelethomonas sp944387775	species	0.0215	abund	0.0215	0.1285	0.20470146909007816	0.105031	DYN_0004_D10.fastq	DYN_0004_D10	pacbio	sylph	default	sylph_default
0	0	Pelethousia gallinarum	Pelethousia gallinarum	species	0.0002	abund	0.0002	0.0013	0.0019041997124658436	0.105031	DYN_0004_D10.fastq	DYN_0004_D10	pacbio	sylph	default	sylph_default
0	0	Peptoniphilus_A sp946998875	Peptoniphilus sp946998875	species	0.0005	abund	0.0005	0.002	0.004760499281164609	0.105031	DYN_0004_D10.fastq	DYN_0004_D10	pacbio	sylph	default	sylph_default
0	0	Porcipelethomonas sp900538575	Porcipelethomonas sp900538575	species	0.0001	abund	0.0001	0.0007	0.0009520998562329218	0.105031	DYN_0004_D10.fastq	DYN_0004_D10	pacbio	sylph	default	sylph_default
0	0	Porphyromonas sp900539765	Porphyromonas sp900539765	species	0.0049	abund	0.0049	0.0277	0.04665289295541317	0.105031	DYN_0004_D10.fastq	DYN_0004_D10	pacbio	sylph	default	sylph_default
0	0	Prevotella sp003447235	Prevotella sp003447235	species	0.0144	abund	0.0144	0.0929	0.1371023792975407	0.105031	DYN_0004_D10.fastq	DYN_0004_D10	pacbio	sylph	default	sylph_default
0	0	Pseudobutyricicoccus sp938000015	Pseudobutyricicoccus sp938000015	species	0.0006	abund	0.0006	0.0039	0.0057125991373975305	0.105031	DYN_0004_D10.fastq	DYN_0004_D10	pacbio	sylph	default	sylph_default
0	0	Pseudoruminococcus_B merdavium	Pseudoruminococcus merdavium	species	0.0001	abund	0.0001	0.0009	0.0009520998562329218	0.105031	DYN_0004_D10.fastq	DYN_0004_D10	pacbio	sylph	default	sylph_default
0	0	Pseudoscilispira sp020555605	Pseudoscilispira sp020555605	species	0.0015	abund	0.0015	0.0104	0.014281497843493826	0.105031	DYN_0004_D10.fastq	DYN_0004_D10	pacbio	sylph	default	sylph_default
0	0	Pullichristensenella sp904420265	Pullichristensenella sp904420265	species	0.0009	abund	0.0009	0.0056	0.008568898706096294	0.105031	DYN_0004_D10.fastq	DYN_0004_D10	pacbio	sylph	default	sylph_default
0	0	Pullichristensenella sp946496415	Pullichristensenella sp946496415	species	0.0019	abund	0.0019	0.008	0.01808989726842551	0.105031	DYN_0004_D10.fastq	DYN_0004_D10	pacbio	sylph	default	sylph_default
0	0	Pullilachnospira_A gallistercoris	Pullilachnospira gallistercoris	species	0.0004	abund	0.0004	0.0028	0.003808399424931687	0.105031	DYN_0004_D10.fastq	DYN_0004_D10	pacbio	sylph	default	sylph_default
0	0	QAKD01 sp003343965	QAKD01 sp003343965	species	0.0004	abund	0.0004	0.0018	0.003808399424931687	0.105031	DYN_0004_D10.fastq	DYN_0004_D10	pacbio	sylph	default	sylph_default
0	0	QANA01 sp944347775	QANA01 sp944347775	species	0.0009	abund	0.0009	0.005	0.008568898706096294	0.105031	DYN_0004_D10.fastq	DYN_0004_D10	pacbio	sylph	default	sylph_default
0	0	QAND01 sp003150225	QAND01 sp003150225	species	0.0028	abund	0.0028	0.0114	0.026658795974521806	0.105031	DYN_0004_D10.fastq	DYN_0004_D10	pacbio	sylph	default	sylph_default
0	0	RGIG7193 sp944381515	RGIG7193 sp944381515	species	0.0004	abund	0.0004	0.0031	0.003808399424931687	0.105031	DYN_0004_D10.fastq	DYN_0004_D10	pacbio	sylph	default	sylph_default
0	0	RGIG9041 sp902492505	RGIG9041 sp902492505	species	0.0008	abund	0.0008	0.0041	0.007616798849863374	0.105031	DYN_0004_D10.fastq	DYN_0004_D10	pacbio	sylph	default	sylph_default
0	0	Roseburia sp019411365	Roseburia sp019411365	species	0.0032	abund	0.0032	0.0238	0.030467195399453497	0.105031	DYN_0004_D10.fastq	DYN_0004_D10	pacbio	sylph	default	sylph_default
0	0	Rothia sp001808955	Rothia sp001808955	species	0.0014	abund	0.0014	0.0091	0.013329397987260903	0.105031	DYN_0004_D10.fastq	DYN_0004_D10	pacbio	sylph	default	sylph_default
0	0	Ruthenibacterium merdipullorum	Ruthenibacterium merdipullorum	species	0.0408	abund	0.0408	0.2363	0.38845674134303204	0.105031	DYN_0004_D10.fastq	DYN_0004_D10	pacbio	sylph	default	sylph_default
0	0	Ruthenibacterium sp018380115	Ruthenibacterium sp018380115	species	0.0005	abund	0.0005	0.0038	0.004760499281164609	0.105031	DYN_0004_D10.fastq	DYN_0004_D10	pacbio	sylph	default	sylph_default
0	0	Ruthenibacterium sp905212515	Ruthenibacterium sp905212515	species	0.001	abund	0.001	0.008	0.009520998562329217	0.105031	DYN_0004_D10.fastq	DYN_0004_D10	pacbio	sylph	default	sylph_default
0	0	Ruthenibacterium sp944388395	Ruthenibacterium sp944388395	species	0.0009	abund	0.0009	0.005	0.008568898706096294	0.105031	DYN_0004_D10.fastq	DYN_0004_D10	pacbio	sylph	default	sylph_default
0	0	S5-A14a sp900553025	S5-A14a sp900553025	species	0.0006	abund	0.0006	0.0022	0.0057125991373975305	0.105031	DYN_0004_D10.fastq	DYN_0004_D10	pacbio	sylph	default	sylph_default
0	0	Scatomonas hejianensis	Scatomonas hejianensis	species	0.0005	abund	0.0005	0.0057	0.004760499281164609	0.105031	DYN_0004_D10.fastq	DYN_0004_D10	pacbio	sylph	default	sylph_default
0	0	Scatomonas merdavium	Scatomonas merdavium	species	0.0021	abund	0.0021	0.0131	0.019994096980891354	0.105031	DYN_0004_D10.fastq	DYN_0004_D10	pacbio	sylph	default	sylph_default
0	0	Scatomorpha gallistercoris	Scatomorpha gallistercoris	species	0.0048	abund	0.0048	0.0313	0.045700793099180244	0.105031	DYN_0004_D10.fastq	DYN_0004_D10	pacbio	sylph	default	sylph_default
0	0	Scatomorpha intestinigallinarum	Scatomorpha intestinigallinarum	species	0.166	abund	0.166	0.9725	1.58048576134665	0.105031	DYN_0004_D10.fastq	DYN_0004_D10	pacbio	sylph	default	sylph_default
0	0	Scatomorpha sp900545405	Scatomorpha sp900545405	species	0.0021	abund	0.0021	0.0148	0.019994096980891354	0.105031	DYN_0004_D10.fastq	DYN_0004_D10	pacbio	sylph	default	sylph_default
0	0	Scatomorpha sp900759385	Scatomorpha sp900759385	species	0.0008	abund	0.0008	0.0061	0.007616798849863374	0.105031	DYN_0004_D10.fastq	DYN_0004_D10	pacbio	sylph	default	sylph_default
0	0	Scatosoma sp003150575	Scatosoma sp003150575	species	0.0014	abund	0.0014	0.0123	0.013329397987260903	0.105031	DYN_0004_D10.fastq	DYN_0004_D10	pacbio	sylph	default	sylph_default
0	0	Scatosoma sp900555925	Scatosoma sp900555925	species	0.0045	abund	0.0045	0.0298	0.042844493530481476	0.105031	DYN_0004_D10.fastq	DYN_0004_D10	pacbio	sylph	default	sylph_default
0	0	Slackia sp900553655	Slackia sp900553655	species	0.0014	abund	0.0014	0.0076	0.013329397987260903	0.105031	DYN_0004_D10.fastq	DYN_0004_D10	pacbio	sylph	default	sylph_default
0	0	Spyradocola merdavium	Spyradocola merdavium	species	0.0032	abund	0.0032	0.0224	0.030467195399453497	0.105031	DYN_0004_D10.fastq	DYN_0004_D10	pacbio	sylph	default	sylph_default
0	0	Streptococcus sp001072385	Streptococcus sp001072385	species	0.0002	abund	0.0002	0.0011	0.0019041997124658436	0.105031	DYN_0004_D10.fastq	DYN_0004_D10	pacbio	sylph	default	sylph_default
0	0	Tidjanibacter inops	Tidjanibacter inops	species	0.0012	abund	0.0012	0.0078	0.011425198274795061	0.105031	DYN_0004_D10.fastq	DYN_0004_D10	pacbio	sylph	default	sylph_default
0	0	UBA10677 sp900553005	UBA10677 sp900553005	species	0.0028	abund	0.0028	0.0118	0.026658795974521806	0.105031	DYN_0004_D10.fastq	DYN_0004_D10	pacbio	sylph	default	sylph_default
0	0	UBA3818 sp904397845	UBA3818 sp904397845	species	0.0005	abund	0.0005	0.0025	0.004760499281164609	0.105031	DYN_0004_D10.fastq	DYN_0004_D10	pacbio	sylph	default	sylph_default
0	0	UBA7185 sp900556545	UBA7185 sp900556545	species	0.0057	abund	0.0057	0.0352	0.05426969180527654	0.105031	DYN_0004_D10.fastq	DYN_0004_D10	pacbio	sylph	default	sylph_default
0	0	UBA738 sp003522945	UBA738 sp003522945	species	0.0001	abund	0.0001	0.0005	0.0009520998562329218	0.105031	DYN_0004_D10.fastq	DYN_0004_D10	pacbio	sylph	default	sylph_default
0	0	UMGS1071 sp900542375	UMGS1071 sp900542375	species	0.0544	abund	0.0544	0.2916	0.5179423217907093	0.105031	DYN_0004_D10.fastq	DYN_0004_D10	pacbio	sylph	default	sylph_default
0	0	UMGS1264 sp904399395	UMGS1264 sp904399395	species	0.0001	abund	0.0001	0.0005	0.0009520998562329218	0.105031	DYN_0004_D10.fastq	DYN_0004_D10	pacbio	sylph	default	sylph_default
0	0	UMGS1322 sp900550765	UMGS1322 sp900550765	species	0.0015	abund	0.0015	0.0094	0.014281497843493826	0.105031	DYN_0004_D10.fastq	DYN_0004_D10	pacbio	sylph	default	sylph_default
0	0	UMGS1370 sp904395885	UMGS1370 sp904395885	species	0.0011	abund	0.0011	0.0091	0.010473098418562138	0.105031	DYN_0004_D10.fastq	DYN_0004_D10	pacbio	sylph	default	sylph_default
0	0	UMGS1591 sp905198295	UMGS1591 sp905198295	species	0.0215	abund	0.0215	0.1758	0.20470146909007816	0.105031	DYN_0004_D10.fastq	DYN_0004_D10	pacbio	sylph	default	sylph_default
0	0	UMGS1623 sp902492895	UMGS1623 sp902492895	species	0.0015	abund	0.0015	0.0117	0.014281497843493826	0.105031	DYN_0004_D10.fastq	DYN_0004_D10	pacbio	sylph	default	sylph_default
0	0	UMGS1623 sp934647945	UMGS1623 sp934647945	species	0.0517	abund	0.0517	0.3845	0.4922356256724205	0.105031	DYN_0004_D10.fastq	DYN_0004_D10	pacbio	sylph	default	sylph_default
0	0	UMGS1766 sp959602365	UMGS1766 sp959602365	species	0.002	abund	0.002	0.0152	0.019041997124658434	0.105031	DYN_0004_D10.fastq	DYN_0004_D10	pacbio	sylph	default	sylph_default
0	0	UMGS1783 sp900555065	UMGS1783 sp900555065	species	0.0003	abund	0.0003	0.0019	0.0028562995686987652	0.105031	DYN_0004_D10.fastq	DYN_0004_D10	pacbio	sylph	default	sylph_default
0	0	UMGS1851 sp900555605	UMGS1851 sp900555605	species	0.0087	abund	0.0087	0.0639	0.08283268749226418	0.105031	DYN_0004_D10.fastq	DYN_0004_D10	pacbio	sylph	default	sylph_default
0	0	UMGS1975 sp900546685	UMGS1975 sp900546685	species	0.0004	abund	0.0004	0.0018	0.003808399424931687	0.105031	DYN_0004_D10.fastq	DYN_0004_D10	pacbio	sylph	default	sylph_default
0	0	UMGS775 sp900545325	UMGS775 sp900545325	species	0.0053	abund	0.0053	0.0288	0.05046129238034485	0.105031	DYN_0004_D10.fastq	DYN_0004_D10	pacbio	sylph	default	sylph_default
0	0	UMGS856 sp900546265	UMGS856 sp900546265	species	0.0005	abund	0.0005	0.005	0.004760499281164609	0.105031	DYN_0004_D10.fastq	DYN_0004_D10	pacbio	sylph	default	sylph_default
0	0	UMGS946 sp900544965	UMGS946 sp900544965	species	0.0079	abund	0.0079	0.0422	0.07521588864240082	0.105031	DYN_0004_D10.fastq	DYN_0004_D10	pacbio	sylph	default	sylph_default
0	0	Veillonella sp902466275	Veillonella sp902466275	species	0.0007	abund	0.0007	0.0023	0.0066646989936304515	0.105031	DYN_0004_D10.fastq	DYN_0004_D10	pacbio	sylph	default	sylph_default
0	0	Veillonella sp915066865	Veillonella sp915066865	species	0.001	abund	0.001	0.0053	0.009520998562329217	0.105031	DYN_0004_D10.fastq	DYN_0004_D10	pacbio	sylph	default	sylph_default
0	0	Ventricola sp900542395	Ventricola sp900542395	species	0.0008	abund	0.0008	0.0048	0.007616798849863374	0.105031	DYN_0004_D10.fastq	DYN_0004_D10	pacbio	sylph	default	sylph_default
0	0	Woodwardibium gallinarum	Woodwardibium gallinarum	species	0.0041	abund	0.0041	0.0264	0.03903609410554979	0.105031	DYN_0004_D10.fastq	DYN_0004_D10	pacbio	sylph	default	sylph_default
0	0	Zongyangia gallinarum	Zongyangia gallinarum	species	0.0004	abund	0.0004	0.0024	0.003808399424931687	0.105031	DYN_0004_D10.fastq	DYN_0004_D10	pacbio	sylph	default	sylph_default
287	287	Pseudomonas aeruginosa	Pseudomonas aeruginosa	species	0.0001	abund	0.0001	0.0024	0.0009520998562329218	0.105031	DYN_0004_D10.fastq	DYN_0004_D10	pacbio	sylph	default	sylph_default
562	562	Escherichia coli	Escherichia coli	species	0.0211	abund	0.0211	0.2927	0.20089306966514647	0.105031	DYN_0004_D10.fastq	DYN_0004_D10	pacbio	sylph	default	sylph_default
573	573	Klebsiella pneumoniae	Klebsiella pneumoniae	species	0.0005	abund	0.0005	0.0079	0.004760499281164609	0.105031	DYN_0004_D10.fastq	DYN_0004_D10	pacbio	sylph	default	sylph_default
817	817	Bacteroides fragilis	Bacteroides fragilis	species	0.1034	abund	0.1034	1.4913	0.984471251344841	0.105031	DYN_0004_D10.fastq	DYN_0004_D10	pacbio	sylph	default	sylph_default
818	818	Bacteroides thetaiotaomicron	Bacteroides thetaiotaomicron	species	0.1496	abund	0.1496	2.5915	1.424341384924451	0.105031	DYN_0004_D10.fastq	DYN_0004_D10	pacbio	sylph	default	sylph_default
820	820	Bacteroides uniformis	Bacteroides uniformis	species	0.7046	abund	0.7046	8.9772	6.708495587017166	0.105031	DYN_0004_D10.fastq	DYN_0004_D10	pacbio	sylph	default	sylph_default
821	821	Phocaeicola vulgatus	Phocaeicola vulgatus	species	0.0462	abund	0.0462	0.6572	0.43987013357960986	0.105031	DYN_0004_D10.fastq	DYN_0004_D10	pacbio	sylph	default	sylph_default
823	823	Parabacteroides distasonis	Parabacteroides distasonis	species	0.0735	abund	0.0735	0.9726	0.6997933943311975	0.105031	DYN_0004_D10.fastq	DYN_0004_D10	pacbio	sylph	default	sylph_default
847	847	Oxalobacter formigenes	Oxalobacter formigenes	species	0.0091	abund	0.0091	0.0604	0.08664108691719588	0.105031	DYN_0004_D10.fastq	DYN_0004_D10	pacbio	sylph	default	sylph_default
853	853	Faecalibacterium prausnitzii_J	Faecalibacterium prausnitzii	species	0.0043	abund	0.0043	0.0357	0.04094029381801563	0.105031	DYN_0004_D10.fastq	DYN_0004_D10	pacbio	sylph	default	sylph_default
1260	1260	Finegoldia magna_J	Finegoldia magna	species	0.0001	abund	0.0001	0.0007	0.0009520998562329218	0.105031	DYN_0004_D10.fastq	DYN_0004_D10	pacbio	sylph	default	sylph_default
1304	1304	Streptococcus salivarius_D	Streptococcus salivarius	species	0.0017	abund	0.0017	0.0112	0.016185697555959666	0.105031	DYN_0004_D10.fastq	DYN_0004_D10	pacbio	sylph	default	sylph_default
1318	1318	Streptococcus parasanguinis_S	Streptococcus parasanguinis	species	0.0001	abund	0.0001	0.0007	0.0009520998562329218	0.105031	DYN_0004_D10.fastq	DYN_0004_D10	pacbio	sylph	default	sylph_default
1323	1323	Faecalicoccus pleomorphus	Faecalicoccus pleomorphus	species	0.3754	abund	0.3754	2.0588	3.574182860298388	0.105031	DYN_0004_D10.fastq	DYN_0004_D10	pacbio	sylph	default	sylph_default
1343	1343	Streptococcus vestibularis	Streptococcus vestibularis	species	0.0053	abund	0.0053	0.0276	0.05046129238034485	0.105031	DYN_0004_D10.fastq	DYN_0004_D10	pacbio	sylph	default	sylph_default
1522	1522	Clostridium_AQ innocuum	Clostridium innocuum	species	0.0007	abund	0.0007	0.0086	0.0066646989936304515	0.105031	DYN_0004_D10.fastq	DYN_0004_D10	pacbio	sylph	default	sylph_default
1535	1535	Clostridium_A leptum	Clostridium leptum	species	0.01	abund	0.01	0.0901	0.09520998562329218	0.105031	DYN_0004_D10.fastq	DYN_0004_D10	pacbio	sylph	default	sylph_default
1547	1547	Thomasclavelia ramosa	Thomasclavelia ramosa	species	0.0086	abund	0.0086	0.077	0.08188058763603126	0.105031	DYN_0004_D10.fastq	DYN_0004_D10	pacbio	sylph	default	sylph_default
1623	1623	Ligilactobacillus ruminis	Ligilactobacillus ruminis	species	0.0002	abund	0.0002	0.0011	0.0019041997124658436	0.105031	DYN_0004_D10.fastq	DYN_0004_D10	pacbio	sylph	default	sylph_default
1655	1655	Actinomyces naeslundii	Actinomyces naeslundii	species	0.0001	abund	0.0001	0.0012	0.0009520998562329218	0.105031	DYN_0004_D10.fastq	DYN_0004_D10	pacbio	sylph	default	sylph_default
1744	1744	Propionibacterium freudenreichii	Propionibacterium freudenreichii	species	0.0007	abund	0.0007	0.0049	0.0066646989936304515	0.105031	DYN_0004_D10.fastq	DYN_0004_D10	pacbio	sylph	default	sylph_default
2173	2173	Methanobrevibacter_A smithii	Methanobrevibacter smithii	species	0.2666	abund	0.2666	1.3597	2.5382982167169694	0.105031	DYN_0004_D10.fastq	DYN_0004_D10	pacbio	sylph	default	sylph_default
28116	28116	Bacteroides ovatus	Bacteroides ovatus	species	0.0122	abund	0.0122	0.2165	0.11615618246041645	0.105031	DYN_0004_D10.fastq	DYN_0004_D10	pacbio	sylph	default	sylph_default
28117	28117	Alistipes putredinis	Alistipes putredinis	species	0.1333	abund	0.1333	0.9358	1.2691491083584847	0.105031	DYN_0004_D10.fastq	DYN_0004_D10	pacbio	sylph	default	sylph_default
28118	28118	Odoribacter splanchnicus	Odoribacter splanchnicus	species	0.0157	abund	0.0157	0.1893	0.14947967742856869	0.105031	DYN_0004_D10.fastq	DYN_0004_D10	pacbio	sylph	default	sylph_default
28128	28128	Prevotella corporis	Prevotella corporis	species	0.001	abund	0.001	0.0079	0.009520998562329217	0.105031	DYN_0004_D10.fastq	DYN_0004_D10	pacbio	sylph	default	sylph_default
29347	29347	Clostridium_AP scindens	Clostridium scindens	species	0.0038	abund	0.0038	0.0378	0.03617979453685102	0.105031	DYN_0004_D10.fastq	DYN_0004_D10	pacbio	sylph	default	sylph_default
33037	33037	Anaerococcus vaginalis	Anaerococcus vaginalis	species	0.0007	abund	0.0007	0.0035	0.0066646989936304515	0.105031	DYN_0004_D10.fastq	DYN_0004_D10	pacbio	sylph	default	sylph_default
33039	33039	Mediterraneibacter torques	Mediterraneibacter torques	species	0.0208	abund	0.0208	0.1572	0.1980367700964477	0.105031	DYN_0004_D10.fastq	DYN_0004_D10	pacbio	sylph	default	sylph_default
35833	35833	Bilophila wadsworthia	Bilophila wadsworthia	species	0.0014	abund	0.0014	0.0183	0.013329397987260903	0.105031	DYN_0004_D10.fastq	DYN_0004_D10	pacbio	sylph	default	sylph_default
39485	39485	Lachnospira eligens_A	Lachnospira eligens	species	0.0244	abund	0.0244	0.2027	0.2323123649208329	0.105031	DYN_0004_D10.fastq	DYN_0004_D10	pacbio	sylph	default	sylph_default
39491	39491	Agathobacter rectalis	Agathobacter rectalis	species	0.0052	abund	0.0052	0.0495	0.04950919252411193	0.105031	DYN_0004_D10.fastq	DYN_0004_D10	pacbio	sylph	default	sylph_default
39492	39492	Ruminiclostridium_E siraeum	Ruminiclostridium siraeum	species	0.0002	abund	0.0002	0.0014	0.0019041997124658436	0.105031	DYN_0004_D10.fastq	DYN_0004_D10	pacbio	sylph	default	sylph_default
40518	40518	Ruminococcus_E bromii_B	Ruminococcus bromii	species	0.0319	abund	0.0319	0.2107	0.30371985413830205	0.105031	DYN_0004_D10.fastq	DYN_0004_D10	pacbio	sylph	default	sylph_default
46503	46503	Parabacteroides merdae	Parabacteroides merdae	species	0.1714	abund	0.1714	2.0648	1.631899153583228	0.105031	DYN_0004_D10.fastq	DYN_0004_D10	pacbio	sylph	default	sylph_default
47678	47678	Bacteroides caccae	Bacteroides caccae	species	0.1034	abund	0.1034	1.3004	0.984471251344841	0.105031	DYN_0004_D10.fastq	DYN_0004_D10	pacbio	sylph	default	sylph_default
61171	61171	Holdemania filiformis	Holdemania filiformis	species	0.0023	abund	0.0023	0.0247	0.0218982966933572	0.105031	DYN_0004_D10.fastq	DYN_0004_D10	pacbio	sylph	default	sylph_default
67827	67827	Citrobacter werkmanii	Citrobacter werkmanii	species	0.0011	abund	0.0011	0.0151	0.010473098418562138	0.105031	DYN_0004_D10.fastq	DYN_0004_D10	pacbio	sylph	default	sylph_default
76517	76517	Campylobacter_B hominis	Campylobacter hominis	species	0.0009	abund	0.0009	0.0043	0.008568898706096294	0.105031	DYN_0004_D10.fastq	DYN_0004_D10	pacbio	sylph	default	sylph_default
84112	84112	Eggerthella lenta	Eggerthella lenta	species	0.001	abund	0.001	0.01	0.009520998562329217	0.105031	DYN_0004_D10.fastq	DYN_0004_D10	pacbio	sylph	default	sylph_default
105841	105841	Anaerostipes caccae	Anaerostipes caccae	species	0.0002	abund	0.0002	0.0018	0.0019041997124658436	0.105031	DYN_0004_D10.fastq	DYN_0004_D10	pacbio	sylph	default	sylph_default
114527	114527	Mogibacterium diversum	Mogibacterium diversum	species	0.002	abund	0.002	0.0099	0.019041997124658434	0.105031	DYN_0004_D10.fastq	DYN_0004_D10	pacbio	sylph	default	sylph_default
158836	158836	Enterobacter hormaechei_C	Enterobacter hormaechei	species	0.0013	abund	0.0013	0.0184	0.012377298131027982	0.105031	DYN_0004_D10.fastq	DYN_0004_D10	pacbio	sylph	default	sylph_default
166486	166486	Roseburia intestinalis	Roseburia intestinalis	species	0.0106	abund	0.0106	0.1308	0.1009225847606897	0.105031	DYN_0004_D10.fastq	DYN_0004_D10	pacbio	sylph	default	sylph_default
169435	169435	Anaerotruncus colihominis	Anaerotruncus colihominis	species	0.0012	abund	0.0012	0.0122	0.011425198274795061	0.105031	DYN_0004_D10.fastq	DYN_0004_D10	pacbio	sylph	default	sylph_default
172901	172901	Victivallis vadensis	Victivallis vadensis	species	0.0005	abund	0.0005	0.0068	0.004760499281164609	0.105031	DYN_0004_D10.fastq	DYN_0004_D10	pacbio	sylph	default	sylph_default
184870	184870	Varibaculum cambriense_A	Varibaculum cambriense	species	0.0002	abund	0.0002	0.0013	0.0019041997124658436	0.105031	DYN_0004_D10.fastq	DYN_0004_D10	pacbio	sylph	default	sylph_default
197614	197614	Streptococcus pasteurianus	Streptococcus pasteurianus	species	0.0005	abund	0.0005	0.0031	0.004760499281164609	0.105031	DYN_0004_D10.fastq	DYN_0004_D10	pacbio	sylph	default	sylph_default
208479	208479	Enterocloster bolteae	Enterocloster bolteae	species	0.0653	abund	0.0653	1.1885	0.6217212061200978	0.105031	DYN_0004_D10.fastq	DYN_0004_D10	pacbio	sylph	default	sylph_default
214853	214853	Anaerofustis stercorihominis	Anaerofustis stercorihominis	species	0.0027	abund	0.0027	0.017	0.025706696118288887	0.105031	DYN_0004_D10.fastq	DYN_0004_D10	pacbio	sylph	default	sylph_default
214856	214856	Alistipes finegoldii	Alistipes finegoldii	species	0.0843	abund	0.0843	0.8667	0.802620178804353	0.105031	DYN_0004_D10.fastq	DYN_0004_D10	pacbio	sylph	default	sylph_default
218538	218538	Dialister invisus	Dialister invisus	species	0.5169	abund	0.5169	2.6971	4.921404156867973	0.105031	DYN_0004_D10.fastq	DYN_0004_D10	pacbio	sylph	default	sylph_default
239935	239935	Akkermansia muciniphila	Akkermansia muciniphila	species	3.9802	abund	3.9802	29.1813	37.895478477782746	0.105031	DYN_0004_D10.fastq	DYN_0004_D10	pacbio	sylph	default	sylph_default
246787	246787	Bacteroides cellulosilyticus	Bacteroides cellulosilyticus	species	0.0408	abund	0.0408	0.7613	0.38845674134303204	0.105031	DYN_0004_D10.fastq	DYN_0004_D10	pacbio	sylph	default	sylph_default
261299	261299	Intestinibacter bartlettii	Intestinibacter bartlettii	species	0.0003	abund	0.0003	0.0026	0.0028562995686987652	0.105031	DYN_0004_D10.fastq	DYN_0004_D10	pacbio	sylph	default	sylph_default
291644	291644	Bacteroides salyersiae	Bacteroides salyersiae	species	0.0059	abund	0.0059	0.0857	0.05617389151774238	0.105031	DYN_0004_D10.fastq	DYN_0004_D10	pacbio	sylph	default	sylph_default
291645	291645	Bacteroides nordii	Bacteroides nordii	species	0.0033	abund	0.0033	0.0504	0.031419295255686416	0.105031	DYN_0004_D10.fastq	DYN_0004_D10	pacbio	sylph	default	sylph_default
292800	292800	Flavonifractor plautii	Flavonifractor plautii	species	0.0178	abund	0.0178	0.1875	0.16947377440946007	0.105031	DYN_0004_D10.fastq	DYN_0004_D10	pacbio	sylph	default	sylph_default
301301	301301	Roseburia hominis	Roseburia hominis	species	0.0007	abund	0.0007	0.0065	0.0066646989936304515	0.105031	DYN_0004_D10.fastq	DYN_0004_D10	pacbio	sylph	default	sylph_default
301302	301302	Agathobacter faecis	Agathobacter faecis	species	0.0039	abund	0.0039	0.036	0.037131894393083946	0.105031	DYN_0004_D10.fastq	DYN_0004_D10	pacbio	sylph	default	sylph_default
328813	328813	Alistipes onderdonkii	Alistipes onderdonkii	species	0.1279	abund	0.1279	1.3617	1.217735716121907	0.105031	DYN_0004_D10.fastq	DYN_0004_D10	pacbio	sylph	default	sylph_default
329854	329854	Bacteroides intestinalis_A	Bacteroides intestinalis	species	0.2448	abund	0.2448	4.451	2.3307404480581924	0.105031	DYN_0004_D10.fastq	DYN_0004_D10	pacbio	sylph	default	sylph_default
333367	333367	Enterocloster asparagiformis	Enterocloster asparagiformis	species	0.0008	abund	0.0008	0.0146	0.007616798849863374	0.105031	DYN_0004_D10.fastq	DYN_0004_D10	pacbio	sylph	default	sylph_default
341220	341220	Lactonifactor longoviformis	Lactonifactor longoviformis	species	0.0005	abund	0.0005	0.0064	0.004760499281164609	0.105031	DYN_0004_D10.fastq	DYN_0004_D10	pacbio	sylph	default	sylph_default
357276	357276	Phocaeicola dorei	Phocaeicola dorei	species	0.3646	abund	0.3646	5.6438	3.471356075825233	0.105031	DYN_0004_D10.fastq	DYN_0004_D10	pacbio	sylph	default	sylph_default
358742	358742	Enterocloster aldenensis	Enterocloster aldenensis	species	0.0009	abund	0.0009	0.0154	0.008568898706096294	0.105031	DYN_0004_D10.fastq	DYN_0004_D10	pacbio	sylph	default	sylph_default
358743	358743	Enterocloster citroniae	Enterocloster citroniae	species	0.0005	abund	0.0005	0.0094	0.004760499281164609	0.105031	DYN_0004_D10.fastq	DYN_0004_D10	pacbio	sylph	default	sylph_default
360807	360807	Roseburia inulinivorans	Roseburia inulinivorans	species	0.0026	abund	0.0026	0.0294	0.024754596262055964	0.105031	DYN_0004_D10.fastq	DYN_0004_D10	pacbio	sylph	default	sylph_default
418240	418240	Blautia_A wexlerae	Blautia wexlerae	species	0.0037	abund	0.0037	0.0477	0.0352276946806181	0.105031	DYN_0004_D10.fastq	DYN_0004_D10	pacbio	sylph	default	sylph_default
419015	419015	Alloscardovia omnicolens	Alloscardovia omnicolens	species	0.0017	abund	0.0017	0.0086	0.016185697555959666	0.105031	DYN_0004_D10.fastq	DYN_0004_D10	pacbio	sylph	default	sylph_default
460384	460384	Enterocloster lavalensis	Enterocloster lavalensis	species	0.0004	abund	0.0004	0.0079	0.003808399424931687	0.105031	DYN_0004_D10.fastq	DYN_0004_D10	pacbio	sylph	default	sylph_default
471189	471189	Gordonibacter pamelaeae	Gordonibacter pamelaeae	species	0.0054	abund	0.0054	0.0532	0.05141339223657777	0.105031	DYN_0004_D10.fastq	DYN_0004_D10	pacbio	sylph	default	sylph_default
487174	487174	Barnesiella intestinihominis	Barnesiella intestinihominis	species	0.012	abund	0.012	0.1133	0.1142519827479506	0.105031	DYN_0004_D10.fastq	DYN_0004_D10	pacbio	sylph	default	sylph_default
487175	487175	Parasutterella excrementihominis	Parasutterella excrementihominis	species	0.0408	abund	0.0408	0.318	0.38845674134303204	0.105031	DYN_0004_D10.fastq	DYN_0004_D10	pacbio	sylph	default	sylph_default
508460	508460	Cloacibacillus evryensis	Cloacibacillus evryensis	species	0.0021	abund	0.0021	0.0199	0.019994096980891354	0.105031	DYN_0004_D10.fastq	DYN_0004_D10	pacbio	sylph	default	sylph_default
544580	544580	Actinomyces oris_A	Actinomyces oris	species	0.0002	abund	0.0002	0.002	0.0019041997124658436	0.105031	DYN_0004_D10.fastq	DYN_0004_D10	pacbio	sylph	default	sylph_default
544645	544645	Butyricimonas virosa	Butyricimonas virosa	species	0.0033	abund	0.0033	0.0437	0.031419295255686416	0.105031	DYN_0004_D10.fastq	DYN_0004_D10	pacbio	sylph	default	sylph_default
626932	626932	Alistipes_A indistinctus	Alistipes indistinctus	species	0.0102	abund	0.0102	0.08	0.09711418533575801	0.105031	DYN_0004_D10.fastq	DYN_0004_D10	pacbio	sylph	default	sylph_default
649756	649756	Anaerostipes hadrus	Anaerostipes hadrus	species	0.0004	abund	0.0004	0.0031	0.003808399424931687	0.105031	DYN_0004_D10.fastq	DYN_0004_D10	pacbio	sylph	default	sylph_default
871665	871665	Blautia_A faecis	Blautia faecis	species	0.005	abund	0.005	0.0568	0.04760499281164609	0.105031	DYN_0004_D10.fastq	DYN_0004_D10	pacbio	sylph	default	sylph_default
881260	881260	Enterobacter bugandensis	Enterobacter bugandensis	species	0.0002	abund	0.0002	0.0028	0.0019041997124658436	0.105031	DYN_0004_D10.fastq	DYN_0004_D10	pacbio	sylph	default	sylph_default
1096246	1096246	Hungatella effluvii	Hungatella effluvii	species	0.0026	abund	0.0026	0.0485	0.024754596262055964	0.105031	DYN_0004_D10.fastq	DYN_0004_D10	pacbio	sylph	default	sylph_default
1297617	1297617	Intestinimonas butyriciproducens	Intestinimonas butyriciproducens	species	0.0121	abund	0.0121	0.1077	0.11520408260418352	0.105031	DYN_0004_D10.fastq	DYN_0004_D10	pacbio	sylph	default	sylph_default
1337051	1337051	Murimonas intestini	Murimonas intestini	species	0.0002	abund	0.0002	0.003	0.0019041997124658436	0.105031	DYN_0004_D10.fastq	DYN_0004_D10	pacbio	sylph	default	sylph_default
1432052	1432052	Eisenbergiella tayi	Eisenbergiella tayi	species	0.0176	abund	0.0176	0.3663	0.1675695746969942	0.105031	DYN_0004_D10.fastq	DYN_0004_D10	pacbio	sylph	default	sylph_default
1468449	1468449	Holdemania massiliensis	Holdemania massiliensis	species	0.0003	abund	0.0003	0.0029	0.0028562995686987652	0.105031	DYN_0004_D10.fastq	DYN_0004_D10	pacbio	sylph	default	sylph_default
1472417	1472417	Butyricimonas paravirosa	Butyricimonas paravirosa	species	0.0009	abund	0.0009	0.0143	0.008568898706096294	0.105031	DYN_0004_D10.fastq	DYN_0004_D10	pacbio	sylph	default	sylph_default
1550024	1550024	Ruthenibacterium lactatiformans	Ruthenibacterium lactatiformans	species	0.1932	abund	0.1932	2.1854	1.8394569222420047	0.105031	DYN_0004_D10.fastq	DYN_0004_D10	pacbio	sylph	default	sylph_default
1653434	1653434	Sellimonas intestinalis	Sellimonas intestinalis	species	0.0048	abund	0.0048	0.042	0.045700793099180244	0.105031	DYN_0004_D10.fastq	DYN_0004_D10	pacbio	sylph	default	sylph_default
1673720	1673720	Anaerotruncus massiliensis	Anaerotruncus massiliensis	species	0.0599	abund	0.0599	0.5182	0.5703078138835201	0.105031	DYN_0004_D10.fastq	DYN_0004_D10	pacbio	sylph	default	sylph_default
1673721	1673721	Intestinimonas massiliensis	Intestinimonas massiliensis	species	0.0086	abund	0.0086	0.0734	0.08188058763603126	0.105031	DYN_0004_D10.fastq	DYN_0004_D10	pacbio	sylph	default	sylph_default
1720200	1720200	Anaerotruncus rubiinfantis	Anaerotruncus rubiinfantis	species	0.0007	abund	0.0007	0.0065	0.0066646989936304515	0.105031	DYN_0004_D10.fastq	DYN_0004_D10	pacbio	sylph	default	sylph_default
1776391	1776391	Romboutsia timonensis	Romboutsia timonensis	species	0.0011	abund	0.0011	0.0094	0.010473098418562138	0.105031	DYN_0004_D10.fastq	DYN_0004_D10	pacbio	sylph	default	sylph_default
1796618	1796618	Cuneatibacter caecimuris	Cuneatibacter caecimuris	species	0.0012	abund	0.0012	0.0116	0.011425198274795061	0.105031	DYN_0004_D10.fastq	DYN_0004_D10	pacbio	sylph	default	sylph_default
1796628	1796628	Longibaculum muris	Longibaculum muris	species	0.0007	abund	0.0007	0.0061	0.0066646989936304515	0.105031	DYN_0004_D10.fastq	DYN_0004_D10	pacbio	sylph	default	sylph_default
1796635	1796635	Longicatena caecimuris	Longicatena caecimuris	species	0.014	abund	0.014	0.1139	0.13329397987260905	0.105031	DYN_0004_D10.fastq	DYN_0004_D10	pacbio	sylph	default	sylph_default
1816678	1816678	Christensenella timonensis	Christensenella timonensis	species	0.0006	abund	0.0006	0.0042	0.0057125991373975305	0.105031	DYN_0004_D10.fastq	DYN_0004_D10	pacbio	sylph	default	sylph_default
1849041	1849041	Harryflintia acetispora	Harryflintia acetispora	species	0.0064	abund	0.0064	0.0518	0.060934390798906994	0.105031	DYN_0004_D10.fastq	DYN_0004_D10	pacbio	sylph	default	sylph_default
1852371	1852371	Raoultibacter massiliensis	Raoultibacter massiliensis	species	0.0002	abund	0.0002	0.0016	0.0019041997124658436	0.105031	DYN_0004_D10.fastq	DYN_0004_D10	pacbio	sylph	default	sylph_default
1852384	1852384	Massiliimalia massiliensis	Massiliimalia massiliensis	species	0.0001	abund	0.0001	0.0005	0.0009520998562329218	0.105031	DYN_0004_D10.fastq	DYN_0004_D10	pacbio	sylph	default	sylph_default
1870997	1870997	Alterileibacterium massiliense	Alterileibacterium massiliense	species	0.0002	abund	0.0002	0.0006	0.0019041997124658436	0.105031	DYN_0004_D10.fastq	DYN_0004_D10	pacbio	sylph	default	sylph_default
1871035	1871035	Negativibacillus massiliensis	Negativibacillus massiliensis	species	0.0199	abund	0.0199	0.1578	0.18946787139035146	0.105031	DYN_0004_D10.fastq	DYN_0004_D10	pacbio	sylph	default	sylph_default
1912855	1912855	Faecalimonas umbilicata	Faecalimonas umbilicata	species	0.0003	abund	0.0003	0.0028	0.0028562995686987652	0.105031	DYN_0004_D10.fastq	DYN_0004_D10	pacbio	sylph	default	sylph_default
1987501	1987501	Massiliimalia timonensis	Massiliimalia timonensis	species	0.0001	abund	0.0001	0.0008	0.0009520998562329218	0.105031	DYN_0004_D10.fastq	DYN_0004_D10	pacbio	sylph	default	sylph_default
2041044	2041044	Eubacterium maltosivorans	Eubacterium maltosivorans	species	0.005	abund	0.005	0.0593	0.04760499281164609	0.105031	DYN_0004_D10.fastq	DYN_0004_D10	pacbio	sylph	default	sylph_default
2086584	2086584	Massilistercora timonensis	Massilistercora timonensis	species	0.0215	abund	0.0215	0.1641	0.20470146909007816	0.105031	DYN_0004_D10.fastq	DYN_0004_D10	pacbio	sylph	default	sylph_default
2093857	2093857	Dysosmobacter welbionis	Dysosmobacter welbionis	species	0.014	abund	0.014	0.1377	0.13329397987260905	0.105031	DYN_0004_D10.fastq	DYN_0004_D10	pacbio	sylph	default	sylph_default
2108523	2108523	Lawsonibacter asaccharolyticus	Lawsonibacter asaccharolyticus	species	0.0029	abund	0.0029	0.0347	0.02761089583075473	0.105031	DYN_0004_D10.fastq	DYN_0004_D10	pacbio	sylph	default	sylph_default
2211183	2211183	Evtepia gabavorous	Evtepia gabavorous	species	0.0103	abund	0.0103	0.0706	0.09806628519199094	0.105031	DYN_0004_D10.fastq	DYN_0004_D10	pacbio	sylph	default	sylph_default
2585118	2585118	Alistipes communis	Alistipes communis	species	0.0735	abund	0.0735	0.6674	0.6997933943311975	0.105031	DYN_0004_D10.fastq	DYN_0004_D10	pacbio	sylph	default	sylph_default
2720818	2720818	Avimonas intestinalis	Avimonas intestinalis	species	0.0003	abund	0.0003	0.0024	0.0028562995686987652	0.105031	DYN_0004_D10.fastq	DYN_0004_D10	pacbio	sylph	default	sylph_default
2720821	2720821	Avimicrobium caecorum	Avimicrobium caecorum	species	0.0024	abund	0.0024	0.013	0.022850396549590122	0.105031	DYN_0004_D10.fastq	DYN_0004_D10	pacbio	sylph	default	sylph_default
2720828	2720828	Aristotella avistercoris	Aristotella avistercoris	species	0.0001	abund	0.0001	0.0007	0.0009520998562329218	0.105031	DYN_0004_D10.fastq	DYN_0004_D10	pacbio	sylph	default	sylph_default
2720829	2720829	Avispirillum faecium	Avispirillum faecium	species	0.0006	abund	0.0006	0.0033	0.0057125991373975305	0.105031	DYN_0004_D10.fastq	DYN_0004_D10	pacbio	sylph	default	sylph_default
2721154	2721154	Schneewindia gallinarum	Schneewindia gallinarum	species	0.0016	abund	0.0016	0.0077	0.015233597699726749	0.105031	DYN_0004_D10.fastq	DYN_0004_D10	pacbio	sylph	default	sylph_default
2735723	2735723	Turicibacter bilis	Turicibacter bilis	species	0.0004	abund	0.0004	0.0028	0.003808399424931687	0.105031	DYN_0004_D10.fastq	DYN_0004_D10	pacbio	sylph	default	sylph_default
2748301	2748301	Streptococcus vaginalis	Streptococcus vaginalis	species	0.0002	abund	0.0002	0.001	0.0019041997124658436	0.105031	DYN_0004_D10.fastq	DYN_0004_D10	pacbio	sylph	default	sylph_default
2763026	2763026	Blautia celeris	Blautia celeris	species	0.0131	abund	0.0131	0.2231	0.12472508116651275	0.105031	DYN_0004_D10.fastq	DYN_0004_D10	pacbio	sylph	default	sylph_default
2763045	2763045	Eubacterium_G segne	Eubacterium segne	species	0.0006	abund	0.0006	0.0045	0.0057125991373975305	0.105031	DYN_0004_D10.fastq	DYN_0004_D10	pacbio	sylph	default	sylph_default
2763054	2763054	Mediterraneibacter hominis	Mediterraneibacter hominis	species	0.0009	abund	0.0009	0.0086	0.008568898706096294	0.105031	DYN_0004_D10.fastq	DYN_0004_D10	pacbio	sylph	default	sylph_default
2763066	2763066	Ruminococcus_E intestinalis	Ruminococcus intestinalis	species	0.0008	abund	0.0008	0.0051	0.007616798849863374	0.105031	DYN_0004_D10.fastq	DYN_0004_D10	pacbio	sylph	default	sylph_default
2763654	2763654	Luoshenia tenuis	Luoshenia tenuis	species	0.0004	abund	0.0004	0.0032	0.003808399424931687	0.105031	DYN_0004_D10.fastq	DYN_0004_D10	pacbio	sylph	default	sylph_default
2763656	2763656	Guopingia tenuis	Guopingia tenuis	species	0.0008	abund	0.0008	0.005	0.007616798849863374	0.105031	DYN_0004_D10.fastq	DYN_0004_D10	pacbio	sylph	default	sylph_default
2763661	2763661	Bianquea renquensis	Bianquea renquensis	species	0.0084	abund	0.0084	0.0907	0.07997638792356541	0.105031	DYN_0004_D10.fastq	DYN_0004_D10	pacbio	sylph	default	sylph_default
2764322	2764322	Hydrogeniiclostridium mannosilyticum	Hydrogeniiclostridium mannosilyticum	species	0.0018	abund	0.0018	0.0149	0.01713779741219259	0.105031	DYN_0004_D10.fastq	DYN_0004_D10	pacbio	sylph	default	sylph_default
2764712	2764712	Lentihominibacter faecis	Lentihominibacter faecis	species	0.003	abund	0.003	0.0173	0.02856299568698765	0.105031	DYN_0004_D10.fastq	DYN_0004_D10	pacbio	sylph	default	sylph_default
2780922	2780922	Solibaculum mannosilyticum	Solibaculum mannosilyticum	species	0.0008	abund	0.0008	0.0053	0.007616798849863374	0.105031	DYN_0004_D10.fastq	DYN_0004_D10	pacbio	sylph	default	sylph_default
2839743	2839743	Hominibacterium faecale	Hominibacterium faecale	species	0.0002	abund	0.0002	0.0025	0.0019041997124658436	0.105031	DYN_0004_D10.fastq	DYN_0004_D10	pacbio	sylph	default	sylph_default
2840791	2840791	Excrementavichristensenella intestinipullorum	Excrementavichristensenella intestinipullorum	species	0.0002	abund	0.0002	0.0017	0.0019041997124658436	0.105031	DYN_0004_D10.fastq	DYN_0004_D10	pacbio	sylph	default	sylph_default
2840792	2840792	Faecaligallichristensenella faecipullorum	Faecaligallichristensenella faecipullorum	species	0.0001	abund	0.0001	0.0007	0.0009520998562329218	0.105031	DYN_0004_D10.fastq	DYN_0004_D10	pacbio	sylph	default	sylph_default
2840906	2840906	Pullichristensenella avicola	Pullichristensenella avicola	species	0.0014	abund	0.0014	0.0093	0.013329397987260903	0.105031	DYN_0004_D10.fastq	DYN_0004_D10	pacbio	sylph	default	sylph_default
2840907	2840907	Pullichristensenella excrementigallinarum	Pullichristensenella excrementigallinarum	species	0.001	abund	0.001	0.0058	0.009520998562329217	0.105031	DYN_0004_D10.fastq	DYN_0004_D10	pacbio	sylph	default	sylph_default
2840908	2840908	Pullichristensenella excrementipullorum	Pullichristensenella excrementipullorum	species	0.0013	abund	0.0013	0.0101	0.012377298131027982	0.105031	DYN_0004_D10.fastq	DYN_0004_D10	pacbio	sylph	default	sylph_default
2840909	2840909	Pullichristensenella stercorigallinarum	Pullichristensenella stercorigallinarum	species	0.0004	abund	0.0004	0.0031	0.003808399424931687	0.105031	DYN_0004_D10.fastq	DYN_0004_D10	pacbio	sylph	default	sylph_default
2840910	2840910	Pullichristensenella stercoripullorum	Pullichristensenella stercoripullorum	species	0.0017	abund	0.0017	0.0101	0.016185697555959666	0.105031	DYN_0004_D10.fastq	DYN_0004_D10	pacbio	sylph	default	sylph_default
2840960	2840960	Ventrisoma faecale	Ventrisoma faecale	species	0.009	abund	0.009	0.059	0.08568898706096295	0.105031	DYN_0004_D10.fastq	DYN_0004_D10	pacbio	sylph	default	sylph_default
2850323	2850323	Diplocloster agilis	Diplocloster agilis	species	0.0007	abund	0.0007	0.0117	0.0066646989936304515	0.105031	DYN_0004_D10.fastq	DYN_0004_D10	pacbio	sylph	default	sylph_default
2881264	2881264	Blautia_A fusiformis	Blautia fusiformis	species	0.0008	abund	0.0008	0.0073	0.007616798849863374	0.105031	DYN_0004_D10.fastq	DYN_0004_D10	pacbio	sylph	default	sylph_default
2885357	2885357	Hominenteromicrobium mulieris	Hominenteromicrobium mulieris	species	0.0023	abund	0.0023	0.0181	0.0218982966933572	0.105031	DYN_0004_D10.fastq	DYN_0004_D10	pacbio	sylph	default	sylph_default
2897707	2897707	Merdimmobilis hominis	Merdimmobilis hominis	species	0.0018	abund	0.0018	0.0107	0.01713779741219259	0.105031	DYN_0004_D10.fastq	DYN_0004_D10	pacbio	sylph	default	sylph_default
2916441	2916441	Adlercreutzia rubneri	Adlercreutzia rubneri	species	0.0025	abund	0.0025	0.0196	0.023802496405823045	0.105031	DYN_0004_D10.fastq	DYN_0004_D10	pacbio	sylph	default	sylph_default
2981770	2981770	Gallintestinimicrobium propionicum	Gallintestinimicrobium propionicum	species	0.0005	abund	0.0005	0.0049	0.004760499281164609	0.105031	DYN_0004_D10.fastq	DYN_0004_D10	pacbio	sylph	default	sylph_default
2981778	2981778	Agathobaculum ammoniilyticum	Agathobaculum ammoniilyticum	species	0.0004	abund	0.0004	0.0034	0.003808399424931687	0.105031	DYN_0004_D10.fastq	DYN_0004_D10	pacbio	sylph	default	sylph_default
0	0	AF33-28 sp003477885	AF33-28 sp003477885	species	0.0001	abund	0.0001	0.0021	0.001982357022499752	0.050445000000000004	DYN_0021_D03.fastq	DYN_0021_D03	pacbio	sylph	default	sylph_default
0	0	Allisonella pneumosinta	Allisonella pneumosinta	species	0.0068	abund	0.0068	0.0334	0.13480027752998314	0.050445000000000004	DYN_0021_D03.fastq	DYN_0021_D03	pacbio	sylph	default	sylph_default
0	0	Allocoprobacillus merdigallinarum	Allocoprobacillus merdigallinarum	species	0.0004	abund	0.0004	0.0034	0.007929428089999009	0.050445000000000004	DYN_0021_D03.fastq	DYN_0021_D03	pacbio	sylph	default	sylph_default
0	0	Anaeromassilibacillus stercoravium	Anaeromassilibacillus stercoravium	species	0.0003	abund	0.0003	0.0028	0.005947071067499256	0.050445000000000004	DYN_0021_D03.fastq	DYN_0021_D03	pacbio	sylph	default	sylph_default
0	0	Anaerotignum sp001304995	Anaerotignum sp001304995	species	0.2645	abund	0.2645	2.7958	5.243334324511845	0.050445000000000004	DYN_0021_D03.fastq	DYN_0021_D03	pacbio	sylph	default	sylph_default
0	0	Bacteroides sp019412865	Bacteroides sp019412865	species	0.0002	abund	0.0002	0.0044	0.003964714044999504	0.050445000000000004	DYN_0021_D03.fastq	DYN_0021_D03	pacbio	sylph	default	sylph_default
0	0	Bacteroides sp948436425	Bacteroides sp948436425	species	0.0105	abund	0.0105	0.1854	0.208147487362474	0.050445000000000004	DYN_0021_D03.fastq	DYN_0021_D03	pacbio	sylph	default	sylph_default
0	0	Bulleidia moorei	Bulleidia moorei	species	0.0001	abund	0.0001	0.0009	0.001982357022499752	0.050445000000000004	DYN_0021_D03.fastq	DYN_0021_D03	pacbio	sylph	default	sylph_default
0	0	Butyricicoccus sp900547195	Butyricicoccus sp900547195	species	0.0001	abund	0.0001	0.0015	0.001982357022499752	0.050445000000000004	DYN_0021_D03.fastq	DYN_0021_D03	pacbio	sylph	default	sylph_default
0	0	CAJFUR01 sp904420575	CAJFUR01 sp904420575	species	0.0003	abund	0.0003	0.0029	0.005947071067499256	0.050445000000000004	DYN_0021_D03.fastq	DYN_0021_D03	pacbio	sylph	default	sylph_default
0	0	Campylobacter_B sp938045595	Campylobacter sp938045595	species	0.0001	abund	0.0001	0.0005	0.001982357022499752	0.050445000000000004	DYN_0021_D03.fastq	DYN_0021_D03	pacbio	sylph	default	sylph_default
0	0	Catenibacillus sp900553975	Catenibacillus sp900553975	species	0.0001	abund	0.0001	0.0006	0.001982357022499752	0.050445000000000004	DYN_0021_D03.fastq	DYN_0021_D03	pacbio	sylph	default	sylph_default
0	0	DXTB01 sp019410105	DXTB01 sp019410105	species	0.0084	abund	0.0084	0.0476	0.16651798988997918	0.050445000000000004	DYN_0021_D03.fastq	DYN_0021_D03	pacbio	sylph	default	sylph_default
0	0	Dysosmobacter faecalis	Dysosmobacter faecalis	species	0.0014	abund	0.0014	0.0191	0.027752998314996526	0.050445000000000004	DYN_0021_D03.fastq	DYN_0021_D03	pacbio	sylph	default	sylph_default
0	0	Eisenbergiella intestinigallinarum	Eisenbergiella intestinigallinarum	species	0.0001	abund	0.0001	0.001	0.001982357022499752	0.050445000000000004	DYN_0021_D03.fastq	DYN_0021_D03	pacbio	sylph	default	sylph_default
0	0	Emergencia sp904420065	Emergencia sp904420065	species	0.0006	abund	0.0006	0.0061	0.011894142134998512	0.050445000000000004	DYN_0021_D03.fastq	DYN_0021_D03	pacbio	sylph	default	sylph_default
0	0	Enterocloster sp005845215	Enterocloster sp005845215	species	0.0559	abund	0.0559	1.4124	1.1081375755773615	0.050445000000000004	DYN_0021_D03.fastq	DYN_0021_D03	pacbio	sylph	default	sylph_default
0	0	Evtepia excrementipullorum	Evtepia excrementipullorum	species	0.0007	abund	0.0007	0.0061	0.013876499157498263	0.050445000000000004	DYN_0021_D03.fastq	DYN_0021_D03	pacbio	sylph	default	sylph_default
0	0	Fimivicinus sp900544715	Fimivicinus sp900544715	species	0.0028	abund	0.0028	0.0298	0.05550599662999305	0.050445000000000004	DYN_0021_D03.fastq	DYN_0021_D03	pacbio	sylph	default	sylph_default
0	0	Fournierella sp002159185	Fournierella sp002159185	species	0.0123	abund	0.0123	0.1613	0.2438299137674695	0.050445000000000004	DYN_0021_D03.fastq	DYN_0021_D03	pacbio	sylph	default	sylph_default
0	0	Frisingicoccus sp902471845	Frisingicoccus sp902471845	species	0.0009	abund	0.0009	0.0092	0.01784121320249777	0.050445000000000004	DYN_0021_D03.fastq	DYN_0021_D03	pacbio	sylph	default	sylph_default
0	0	Granulicatella sp902479935	Granulicatella sp902479935	species	0.0002	abund	0.0002	0.0015	0.003964714044999504	0.050445000000000004	DYN_0021_D03.fastq	DYN_0021_D03	pacbio	sylph	default	sylph_default
0	0	Granulicatella sp916049935	Granulicatella sp916049935	species	0.0005	abund	0.0005	0.0021	0.009911785112498761	0.050445000000000004	DYN_0021_D03.fastq	DYN_0021_D03	pacbio	sylph	default	sylph_default
0	0	Hominibacterium hominis	Hominibacterium hominis	species	0.0004	abund	0.0004	0.0057	0.007929428089999009	0.050445000000000004	DYN_0021_D03.fastq	DYN_0021_D03	pacbio	sylph	default	sylph_default
0	0	Lactonifactor sp009677585	Lactonifactor sp009677585	species	0.0	abund	0.0	0.0009	0.0	0.050445000000000004	DYN_0021_D03.fastq	DYN_0021_D03	pacbio	sylph	default	sylph_default
0	0	Laedolimicola faecalis	Laedolimicola faecalis	species	0.0002	abund	0.0002	0.0023	0.003964714044999504	0.050445000000000004	DYN_0021_D03.fastq	DYN_0021_D03	pacbio	sylph	default	sylph_default
0	0	Lancefieldella sp015259025	Lancefieldella sp015259025	species	0.0002	abund	0.0002	0.001	0.003964714044999504	0.050445000000000004	DYN_0021_D03.fastq	DYN_0021_D03	pacbio	sylph	default	sylph_default
0	0	Lancefieldella sp916050095	Lancefieldella sp916050095	species	0.0001	abund	0.0001	0.0004	0.001982357022499752	0.050445000000000004	DYN_0021_D03.fastq	DYN_0021_D03	pacbio	sylph	default	sylph_default
0	0	Lawsonibacter sp900545895	Lawsonibacter sp900545895	species	0.0067	abund	0.0067	0.0916	0.1328179205074834	0.050445000000000004	DYN_0021_D03.fastq	DYN_0021_D03	pacbio	sylph	default	sylph_default
0	0	Mediterraneibacter intestinigallinarum	Mediterraneibacter intestinigallinarum	species	0.0002	abund	0.0002	0.0024	0.003964714044999504	0.050445000000000004	DYN_0021_D03.fastq	DYN_0021_D03	pacbio	sylph	default	sylph_default
0	0	Mediterraneibacter vanvlietii	Mediterraneibacter vanvlietii	species	0.0002	abund	0.0002	0.0024	0.003964714044999504	0.050445000000000004	DYN_0021_D03.fastq	DYN_0021_D03	pacbio	sylph	default	sylph_default
0	0	Muricomes contortus_B	Muricomes contortus	species	0.0023	abund	0.0023	0.0487	0.04559421151749429	0.050445000000000004	DYN_0021_D03.fastq	DYN_0021_D03	pacbio	sylph	default	sylph_default
0	0	Muricomes sp000509105	Muricomes sp000509105	species	0.0012	abund	0.0012	0.0244	0.023788284269997025	0.050445000000000004	DYN_0021_D03.fastq	DYN_0021_D03	pacbio	sylph	default	sylph_default
0	0	Otoolea symbiosa	Otoolea symbiosa	species	0.0005	abund	0.0005	0.0087	0.009911785112498761	0.050445000000000004	DYN_0021_D03.fastq	DYN_0021_D03	pacbio	sylph	default	sylph_default
0	0	Pauljensenia sp001838165	Pauljensenia sp001838165	species	0.0003	abund	0.0003	0.0028	0.005947071067499256	0.050445000000000004	DYN_0021_D03.fastq	DYN_0021_D03	pacbio	sylph	default	sylph_default
0	0	Pseudoscilispira sp018369915	Pseudoscilispira sp018369915	species	0.0048	abund	0.0048	0.0408	0.0951531370799881	0.050445000000000004	DYN_0021_D03.fastq	DYN_0021_D03	pacbio	sylph	default	sylph_default
0	0	QANA01 sp900554725	QANA01 sp900554725	species	0.0002	abund	0.0002	0.0007	0.003964714044999504	0.050445000000000004	DYN_0021_D03.fastq	DYN_0021_D03	pacbio	sylph	default	sylph_default
0	0	Ruthenibacterium merdipullorum	Ruthenibacterium merdipullorum	species	0.0016	abund	0.0016	0.0127	0.031717712359996035	0.050445000000000004	DYN_0021_D03.fastq	DYN_0021_D03	pacbio	sylph	default	sylph_default
0	0	Scatomonas hejianensis	Scatomonas hejianensis	species	0.0007	abund	0.0007	0.0112	0.013876499157498263	0.050445000000000004	DYN_0021_D03.fastq	DYN_0021_D03	pacbio	sylph	default	sylph_default
0	0	Scatomorpha gallistercoris	Scatomorpha gallistercoris	species	0.0001	abund	0.0001	0.0009	0.001982357022499752	0.050445000000000004	DYN_0021_D03.fastq	DYN_0021_D03	pacbio	sylph	default	sylph_default
0	0	Scatomorpha sp900759385	Scatomorpha sp900759385	species	0.0002	abund	0.0002	0.002	0.003964714044999504	0.050445000000000004	DYN_0021_D03.fastq	DYN_0021_D03	pacbio	sylph	default	sylph_default
0	0	Schaedlerella glycyrrhizinilytica_A	Schaedlerella glycyrrhizinilytica	species	0.0	abund	0.0	0.0004	0.0	0.050445000000000004	DYN_0021_D03.fastq	DYN_0021_D03	pacbio	sylph	default	sylph_default
0	0	Streptococcus sp902488495	Streptococcus sp902488495	species	0.0001	abund	0.0001	0.0009	0.001982357022499752	0.050445000000000004	DYN_0021_D03.fastq	DYN_0021_D03	pacbio	sylph	default	sylph_default
0	0	Tannerella sp938036405	Tannerella sp938036405	species	0.0001	abund	0.0001	0.0006	0.001982357022499752	0.050445000000000004	DYN_0021_D03.fastq	DYN_0021_D03	pacbio	sylph	default	sylph_default
0	0	UMGS1071 sp900542375	UMGS1071 sp900542375	species	0.0345	abund	0.0345	0.2603	0.6839131727624145	0.050445000000000004	DYN_0021_D03.fastq	DYN_0021_D03	pacbio	sylph	default	sylph_default
0	0	UMGS1370 sp900542035	UMGS1370 sp900542035	species	0.0	abund	0.0	0.0004	0.0	0.050445000000000004	DYN_0021_D03.fastq	DYN_0021_D03	pacbio	sylph	default	sylph_default
0	0	UMGS775 sp900545325	UMGS775 sp900545325	species	0.0001	abund	0.0001	0.001	0.001982357022499752	0.050445000000000004	DYN_0021_D03.fastq	DYN_0021_D03	pacbio	sylph	default	sylph_default
287	287	Pseudomonas aeruginosa	Pseudomonas aeruginosa	species	0.046	abund	0.046	1.1261	0.9118842303498859	0.050445000000000004	DYN_0021_D03.fastq	DYN_0021_D03	pacbio	sylph	default	sylph_default
539	539	Eikenella corrodens	Eikenella corrodens	species	0.0052	abund	0.0052	0.0443	0.10308256516998711	0.050445000000000004	DYN_0021_D03.fastq	DYN_0021_D03	pacbio	sylph	default	sylph_default
739	739	Aggregatibacter segnis	Aggregatibacter segnis	species	0.0003	abund	0.0003	0.002	0.005947071067499256	0.050445000000000004	DYN_0021_D03.fastq	DYN_0021_D03	pacbio	sylph	default	sylph_default
817	817	Bacteroides fragilis	Bacteroides fragilis	species	0.1511	abund	0.1511	3.0703	2.9953414609971256	0.050445000000000004	DYN_0021_D03.fastq	DYN_0021_D03	pacbio	sylph	default	sylph_default
818	818	Bacteroides thetaiotaomicron	Bacteroides thetaiotaomicron	species	0.0008	abund	0.0008	0.0204	0.015858856179998018	0.050445000000000004	DYN_0021_D03.fastq	DYN_0021_D03	pacbio	sylph	default	sylph_default
820	820	Bacteroides uniformis	Bacteroides uniformis	species	0.4945	abund	0.4945	8.8718	9.802755476261275	0.050445000000000004	DYN_0021_D03.fastq	DYN_0021_D03	pacbio	sylph	default	sylph_default
821	821	Phocaeicola vulgatus	Phocaeicola vulgatus	species	0.552	abund	0.552	11.0452	10.942610764198632	0.050445000000000004	DYN_0021_D03.fastq	DYN_0021_D03	pacbio	sylph	default	sylph_default
823	823	Parabacteroides distasonis	Parabacteroides distasonis	species	0.4797	abund	0.4797	8.9448	9.509366636931311	0.050445000000000004	DYN_0021_D03.fastq	DYN_0021_D03	pacbio	sylph	default	sylph_default
1303	1303	Streptococcus oralis_BY	Streptococcus oralis	species	0.0003	abund	0.0003	0.0026	0.005947071067499256	0.050445000000000004	DYN_0021_D03.fastq	DYN_0021_D03	pacbio	sylph	default	sylph_default
1318	1318	Streptococcus parasanguinis_N	Streptococcus parasanguinis	species	0.0	abund	0.0	0.0004	0.0	0.050445000000000004	DYN_0021_D03.fastq	DYN_0021_D03	pacbio	sylph	default	sylph_default
1322	1322	Blautia hansenii	Blautia hansenii	species	0.0001	abund	0.0001	0.0013	0.001982357022499752	0.050445000000000004	DYN_0021_D03.fastq	DYN_0021_D03	pacbio	sylph	default	sylph_default
1382	1382	Lancefieldella parvula	Lancefieldella parvula	species	0.0002	abund	0.0002	0.001	0.003964714044999504	0.050445000000000004	DYN_0021_D03.fastq	DYN_0021_D03	pacbio	sylph	default	sylph_default
1522	1522	Clostridium_AQ innocuum	Clostridium innocuum	species	0.1741	abund	0.1741	3.1847	3.4512835761720684	0.050445000000000004	DYN_0021_D03.fastq	DYN_0021_D03	pacbio	sylph	default	sylph_default
2047	2047	Rothia dentocariosa	Rothia dentocariosa	species	0.0004	abund	0.0004	0.0036	0.007929428089999009	0.050445000000000004	DYN_0021_D03.fastq	DYN_0021_D03	pacbio	sylph	default	sylph_default
28117	28117	Alistipes putredinis	Alistipes putredinis	species	0.0206	abund	0.0206	0.2033	0.40836554663494895	0.050445000000000004	DYN_0021_D03.fastq	DYN_0021_D03	pacbio	sylph	default	sylph_default
28118	28118	Odoribacter splanchnicus	Odoribacter splanchnicus	species	0.0002	abund	0.0002	0.0026	0.003964714044999504	0.050445000000000004	DYN_0021_D03.fastq	DYN_0021_D03	pacbio	sylph	default	sylph_default
29391	29391	Gemella morbillorum	Gemella morbillorum	species	0.0002	abund	0.0002	0.0017	0.003964714044999504	0.050445000000000004	DYN_0021_D03.fastq	DYN_0021_D03	pacbio	sylph	default	sylph_default
29466	29466	Veillonella parvula_A	Veillonella parvula	species	0.0023	abund	0.0023	0.0193	0.04559421151749429	0.050445000000000004	DYN_0021_D03.fastq	DYN_0021_D03	pacbio	sylph	default	sylph_default
33025	33025	Phascolarctobacterium faecium	Phascolarctobacterium faecium	species	0.092	abund	0.092	0.8261	1.8237684606997717	0.050445000000000004	DYN_0021_D03.fastq	DYN_0021_D03	pacbio	sylph	default	sylph_default
33038	33038	Ruminococcus_B gnavus	Ruminococcus gnavus	species	0.0001	abund	0.0001	0.0017	0.001982357022499752	0.050445000000000004	DYN_0021_D03.fastq	DYN_0021_D03	pacbio	sylph	default	sylph_default
33039	33039	Mediterraneibacter torques	Mediterraneibacter torques	species	0.0182	abund	0.0182	0.1938	0.3607889780949549	0.050445000000000004	DYN_0021_D03.fastq	DYN_0021_D03	pacbio	sylph	default	sylph_default
35703	35703	Citrobacter_A amalonaticus	Citrobacter amalonaticus	species	0.0002	abund	0.0002	0.0033	0.003964714044999504	0.050445000000000004	DYN_0021_D03.fastq	DYN_0021_D03	pacbio	sylph	default	sylph_default
35833	35833	Bilophila wadsworthia	Bilophila wadsworthia	species	0.1561	abund	0.1561	2.8007	3.094459312122113	0.050445000000000004	DYN_0021_D03.fastq	DYN_0021_D03	pacbio	sylph	default	sylph_default
45634	45634	Streptococcus cristatus_H	Streptococcus cristatus	species	0.0001	abund	0.0001	0.0004	0.001982357022499752	0.050445000000000004	DYN_0021_D03.fastq	DYN_0021_D03	pacbio	sylph	default	sylph_default
46503	46503	Parabacteroides merdae	Parabacteroides merdae	species	0.0086	abund	0.0086	0.1453	0.1704827039349787	0.050445000000000004	DYN_0021_D03.fastq	DYN_0021_D03	pacbio	sylph	default	sylph_default
46506	46506	Bacteroides stercoris_A	Bacteroides stercoris	species	0.0054	abund	0.0054	0.07100000000000001	0.10704727921498662	0.050445000000000004	DYN_0021_D03.fastq	DYN_0021_D03	pacbio	sylph	default	sylph_default
47678	47678	Bacteroides caccae	Bacteroides caccae	species	0.1823	abund	0.1823	3.2302	3.613836852017048	0.050445000000000004	DYN_0021_D03.fastq	DYN_0021_D03	pacbio	sylph	default	sylph_default
53442	53442	Eubacterium callanderi	Eubacterium callanderi	species	0.0004	abund	0.0004	0.0067	0.007929428089999009	0.050445000000000004	DYN_0021_D03.fastq	DYN_0021_D03	pacbio	sylph	default	sylph_default
57706	57706	Citrobacter braakii	Citrobacter braakii	species	0.0444	abund	0.0444	0.9585	0.88016651798989	0.050445000000000004	DYN_0021_D03.fastq	DYN_0021_D03	pacbio	sylph	default	sylph_default
61171	61171	Holdemania filiformis	Holdemania filiformis	species	0.0084	abund	0.0084	0.1282	0.16651798988997918	0.050445000000000004	DYN_0021_D03.fastq	DYN_0021_D03	pacbio	sylph	default	sylph_default
71452	71452	Enterococcus_A raffinosus	Enterococcus raffinosus	species	0.0001	abund	0.0001	0.002	0.001982357022499752	0.050445000000000004	DYN_0021_D03.fastq	DYN_0021_D03	pacbio	sylph	default	sylph_default
76860	76860	Streptococcus constellatus	Streptococcus constellatus	species	0.0002	abund	0.0002	0.0015	0.003964714044999504	0.050445000000000004	DYN_0021_D03.fastq	DYN_0021_D03	pacbio	sylph	default	sylph_default
82983	82983	Hafnia protea	Hafnia protea	species	0.0002	abund	0.0002	0.0037	0.003964714044999504	0.050445000000000004	DYN_0021_D03.fastq	DYN_0021_D03	pacbio	sylph	default	sylph_default
84112	84112	Eggerthella lenta	Eggerthella lenta	species	0.0003	abund	0.0003	0.0049	0.005947071067499256	0.050445000000000004	DYN_0021_D03.fastq	DYN_0021_D03	pacbio	sylph	default	sylph_default
158836	158836	Enterobacter hormaechei_C	Enterobacter hormaechei	species	0.5832	abund	0.5832	11.3648	11.561106155218555	0.050445000000000004	DYN_0021_D03.fastq	DYN_0021_D03	pacbio	sylph	default	sylph_default
208479	208479	Enterocloster bolteae	Enterocloster bolteae	species	0.0039	abund	0.0039	0.0992	0.07731192387749032	0.050445000000000004	DYN_0021_D03.fastq	DYN_0021_D03	pacbio	sylph	default	sylph_default
214853	214853	Anaerofustis stercorihominis	Anaerofustis stercorihominis	species	0.0008	abund	0.0008	0.0069	0.015858856179998018	0.050445000000000004	DYN_0021_D03.fastq	DYN_0021_D03	pacbio	sylph	default	sylph_default
216816	216816	Bifidobacterium longum	Bifidobacterium longum	species	0.0004	abund	0.0004	0.0037	0.007929428089999009	0.050445000000000004	DYN_0021_D03.fastq	DYN_0021_D03	pacbio	sylph	default	sylph_default
230143	230143	Scardovia wiggsiae	Scardovia wiggsiae	species	0.0002	abund	0.0002	0.0011	0.003964714044999504	0.050445000000000004	DYN_0021_D03.fastq	DYN_0021_D03	pacbio	sylph	default	sylph_default
267212	267212	Neisseria bacilliformis	Neisseria bacilliformis	species	0.0006	abund	0.0006	0.0054	0.011894142134998512	0.050445000000000004	DYN_0021_D03.fastq	DYN_0021_D03	pacbio	sylph	default	sylph_default
270498	270498	Christensenella hongkongensis	Christensenella hongkongensis	species	0.0058	abund	0.0058	0.0724	0.11497670730498562	0.050445000000000004	DYN_0021_D03.fastq	DYN_0021_D03	pacbio	sylph	default	sylph_default
291644	291644	Bacteroides salyersiae	Bacteroides salyersiae	species	0.0002	abund	0.0002	0.0037	0.003964714044999504	0.050445000000000004	DYN_0021_D03.fastq	DYN_0021_D03	pacbio	sylph	default	sylph_default
292800	292800	Flavonifractor plautii	Flavonifractor plautii	species	0.008	abund	0.008	0.1187	0.15858856179998018	0.050445000000000004	DYN_0021_D03.fastq	DYN_0021_D03	pacbio	sylph	default	sylph_default
313439	313439	Streptococcus massiliensis	Streptococcus massiliensis	species	0.0003	abund	0.0003	0.0021	0.005947071067499256	0.050445000000000004	DYN_0021_D03.fastq	DYN_0021_D03	pacbio	sylph	default	sylph_default
328813	328813	Alistipes onderdonkii	Alistipes onderdonkii	species	0.0772	abund	0.0772	1.1579	1.5303796213698089	0.050445000000000004	DYN_0021_D03.fastq	DYN_0021_D03	pacbio	sylph	default	sylph_default
328814	328814	Alistipes shahii	Alistipes shahii	species	0.0085	abund	0.0085	0.1261	0.16850034691247895	0.050445000000000004	DYN_0021_D03.fastq	DYN_0021_D03	pacbio	sylph	default	sylph_default
329854	329854	Bacteroides intestinalis	Bacteroides intestinalis	species	0.0004	abund	0.0004	0.0098	0.007929428089999009	0.050445000000000004	DYN_0021_D03.fastq	DYN_0021_D03	pacbio	sylph	default	sylph_default
358742	358742	Enterocloster aldenensis	Enterocloster aldenensis	species	0.003	abund	0.003	0.0706	0.059470710674992565	0.050445000000000004	DYN_0021_D03.fastq	DYN_0021_D03	pacbio	sylph	default	sylph_default
358743	358743	Enterocloster citroniae	Enterocloster citroniae	species	0.0009	abund	0.0009	0.023	0.01784121320249777	0.050445000000000004	DYN_0021_D03.fastq	DYN_0021_D03	pacbio	sylph	default	sylph_default
395631	395631	Phytobacter diazotrophicus	Phytobacter diazotrophicus	species	0.8165	abund	0.8165	17.5436	16.185945088710476	0.050445000000000004	DYN_0021_D03.fastq	DYN_0021_D03	pacbio	sylph	default	sylph_default
419015	419015	Alloscardovia omnicolens	Alloscardovia omnicolens	species	0.0005	abund	0.0005	0.0037	0.009911785112498761	0.050445000000000004	DYN_0021_D03.fastq	DYN_0021_D03	pacbio	sylph	default	sylph_default
454154	454154	Paraprevotella clara	Paraprevotella clara	species	0.0444	abund	0.0444	0.7278	0.88016651798989	0.050445000000000004	DYN_0021_D03.fastq	DYN_0021_D03	pacbio	sylph	default	sylph_default
487175	487175	Parasutterella excrementihominis	Parasutterella excrementihominis	species	0.46	abund	0.46	5.048	9.11884230349886	0.050445000000000004	DYN_0021_D03.fastq	DYN_0021_D03	pacbio	sylph	default	sylph_default
544580	544580	Actinomyces oris	Actinomyces oris	species	0.0001	abund	0.0001	0.0011	0.001982357022499752	0.050445000000000004	DYN_0021_D03.fastq	DYN_0021_D03	pacbio	sylph	default	sylph_default
674529	674529	Bacteroides faecis	Bacteroides faecis	species	0.0004	abund	0.0004	0.0086	0.007929428089999009	0.050445000000000004	DYN_0021_D03.fastq	DYN_0021_D03	pacbio	sylph	default	sylph_default
871665	871665	Blautia_A faecis	Blautia faecis	species	0.0001	abund	0.0001	0.002	0.001982357022499752	0.050445000000000004	DYN_0021_D03.fastq	DYN_0021_D03	pacbio	sylph	default	sylph_default
1034346	1034346	Dielma fastidiosa	Dielma fastidiosa	species	0.0065	abund	0.0065	0.0906	0.12885320646248388	0.050445000000000004	DYN_0021_D03.fastq	DYN_0021_D03	pacbio	sylph	default	sylph_default
1134687	1134687	Klebsiella michiganensis	Klebsiella michiganensis	species	0.0657	abund	0.0657	1.5772	1.302408563782337	0.050445000000000004	DYN_0021_D03.fastq	DYN_0021_D03	pacbio	sylph	default	sylph_default
1297617	1297617	Intestinimonas butyriciproducens	Intestinimonas butyriciproducens	species	0.0006	abund	0.0006	0.0075	0.011894142134998512	0.050445000000000004	DYN_0021_D03.fastq	DYN_0021_D03	pacbio	sylph	default	sylph_default
1335613	1335613	Gordonibacter urolithinfaciens	Gordonibacter urolithinfaciens	species	0.0002	abund	0.0002	0.0019	0.003964714044999504	0.050445000000000004	DYN_0021_D03.fastq	DYN_0021_D03	pacbio	sylph	default	sylph_default
1501392	1501392	Coprobacter secundus	Coprobacter secundus	species	0.0001	abund	0.0001	0.0016	0.001982357022499752	0.050445000000000004	DYN_0021_D03.fastq	DYN_0021_D03	pacbio	sylph	default	sylph_default
1550024	1550024	Ruthenibacterium lactatiformans	Ruthenibacterium lactatiformans	species	0.0296	abund	0.0296	0.4711	0.5867776786599266	0.050445000000000004	DYN_0021_D03.fastq	DYN_0021_D03	pacbio	sylph	default	sylph_default
1653434	1653434	Sellimonas intestinalis	Sellimonas intestinalis	species	0.0009	abund	0.0009	0.0106	0.01784121320249777	0.050445000000000004	DYN_0021_D03.fastq	DYN_0021_D03	pacbio	sylph	default	sylph_default
1796635	1796635	Longicatena caecimuris	Longicatena caecimuris	species	0.02	abund	0.02	0.2287	0.39647140449995044	0.050445000000000004	DYN_0021_D03.fastq	DYN_0021_D03	pacbio	sylph	default	sylph_default
1871006	1871006	Bacteroides congonensis	Bacteroides congonensis	species	0.0003	abund	0.0003	0.007	0.005947071067499256	0.050445000000000004	DYN_0021_D03.fastq	DYN_0021_D03	pacbio	sylph	default	sylph_default
2070688	2070688	Rubneribacter badeniensis	Rubneribacter badeniensis	species	0.0003	abund	0.0003	0.0034	0.005947071067499256	0.050445000000000004	DYN_0021_D03.fastq	DYN_0021_D03	pacbio	sylph	default	sylph_default
2093857	2093857	Dysosmobacter welbionis	Dysosmobacter welbionis	species	0.0088	abund	0.0088	0.1217	0.17444741797997818	0.050445000000000004	DYN_0021_D03.fastq	DYN_0021_D03	pacbio	sylph	default	sylph_default
2107999	2107999	Lactobacillus paragasseri	Lactobacillus paragasseri	species	0.0001	abund	0.0001	0.001	0.001982357022499752	0.050445000000000004	DYN_0021_D03.fastq	DYN_0021_D03	pacbio	sylph	default	sylph_default
2108523	2108523	Lawsonibacter asaccharolyticus	Lawsonibacter asaccharolyticus	species	0.0263	abund	0.0263	0.4362	0.5213598969174348	0.050445000000000004	DYN_0021_D03.fastq	DYN_0021_D03	pacbio	sylph	default	sylph_default
2585118	2585118	Alistipes communis	Alistipes communis	species	0.0	abund	0.0	0.0006	0.0	0.050445000000000004	DYN_0021_D03.fastq	DYN_0021_D03	pacbio	sylph	default	sylph_default
2763026	2763026	Blautia celeris	Blautia celeris	species	0.0002	abund	0.0002	0.0057	0.003964714044999504	0.050445000000000004	DYN_0021_D03.fastq	DYN_0021_D03	pacbio	sylph	default	sylph_default
2764330	2764330	Veillonella hominis	Veillonella hominis	species	0.0025	abund	0.0025	0.0197	0.049558925562493805	0.050445000000000004	DYN_0021_D03.fastq	DYN_0021_D03	pacbio	sylph	default	sylph_default
0	0	Actinomyces sp900323545	Actinomyces sp900323545	species	0.0001	abund	0.0001	0.0014	0.0015369482355834258	0.065064	DYN_0036_D05.fastq	DYN_0036_D05	pacbio	sylph	default	sylph_default
0	0	Allocoprobacillus merdigallinarum	Allocoprobacillus merdigallinarum	species	0.0018	abund	0.0018	0.0141	0.02766506824050166	0.065064	DYN_0036_D05.fastq	DYN_0036_D05	pacbio	sylph	default	sylph_default
0	0	Anaeroglobus micronuciformis	Anaeroglobus micronuciformis	species	0.0043	abund	0.0043	0.0263	0.0660887741300873	0.065064	DYN_0036_D05.fastq	DYN_0036_D05	pacbio	sylph	default	sylph_default
0	0	Bulleidia sp015256775	Bulleidia sp015256775	species	0.0	abund	0.0	0.0003	0.0	0.065064	DYN_0036_D05.fastq	DYN_0036_D05	pacbio	sylph	default	sylph_default
0	0	Campylobacter_A sp938039205	Campylobacter sp938039205	species	0.0001	abund	0.0001	0.0007	0.0015369482355834258	0.065064	DYN_0036_D05.fastq	DYN_0036_D05	pacbio	sylph	default	sylph_default
0	0	Centipeda artemidis	Centipeda artemidis	species	0.0	abund	0.0	0.0004	0.0	0.065064	DYN_0036_D05.fastq	DYN_0036_D05	pacbio	sylph	default	sylph_default
0	0	Centipeda flueggei	Centipeda flueggei	species	0.0012	abund	0.0012	0.0088	0.018443378827001106	0.065064	DYN_0036_D05.fastq	DYN_0036_D05	pacbio	sylph	default	sylph_default
0	0	Clostridium sp900766315	Clostridium sp900766315	species	0.0017	abund	0.0017	0.0236	0.026128120004918234	0.065064	DYN_0036_D05.fastq	DYN_0036_D05	pacbio	sylph	default	sylph_default
0	0	Granulicatella sp001058355	Granulicatella sp001058355	species	0.0001	abund	0.0001	0.0008	0.0015369482355834258	0.065064	DYN_0036_D05.fastq	DYN_0036_D05	pacbio	sylph	default	sylph_default
0	0	Granulicatella sp900551535	Granulicatella sp900551535	species	0.0001	abund	0.0001	0.0006	0.0015369482355834258	0.065064	DYN_0036_D05.fastq	DYN_0036_D05	pacbio	sylph	default	sylph_default
0	0	Granulicatella sp902479935	Granulicatella sp902479935	species	0.0003	abund	0.0003	0.0019	0.004610844706750277	0.065064	DYN_0036_D05.fastq	DYN_0036_D05	pacbio	sylph	default	sylph_default
0	0	Granulicatella sp916719965	Granulicatella sp916719965	species	0.0001	abund	0.0001	0.0005	0.0015369482355834258	0.065064	DYN_0036_D05.fastq	DYN_0036_D05	pacbio	sylph	default	sylph_default
0	0	Haemophilus_D sp014931275	Haemophilus sp014931275	species	0.0153	abund	0.0153	0.1074	0.23515308004426413	0.065064	DYN_0036_D05.fastq	DYN_0036_D05	pacbio	sylph	default	sylph_default
0	0	Johnsonella sp900766185	Johnsonella sp900766185	species	0.0002	abund	0.0002	0.002	0.0030738964711668516	0.065064	DYN_0036_D05.fastq	DYN_0036_D05	pacbio	sylph	default	sylph_default
0	0	Lachnoanaerobaculum sp000296385	Lachnoanaerobaculum sp000296385	species	0.0026	abund	0.0026	0.0261	0.03996065412516907	0.065064	DYN_0036_D05.fastq	DYN_0036_D05	pacbio	sylph	default	sylph_default
0	0	Lachnoanaerobaculum sp916439285	Lachnoanaerobaculum sp916439285	species	0.0026	abund	0.0026	0.0196	0.03996065412516907	0.065064	DYN_0036_D05.fastq	DYN_0036_D05	pacbio	sylph	default	sylph_default
0	0	Lancefieldella sp000564995	Lancefieldella sp000564995	species	0.0009	abund	0.0009	0.0049	0.01383253412025083	0.065064	DYN_0036_D05.fastq	DYN_0036_D05	pacbio	sylph	default	sylph_default
0	0	Lancefieldella sp015259035	Lancefieldella sp015259035	species	0.0007	abund	0.0007	0.0028	0.010758637649083979	0.065064	DYN_0036_D05.fastq	DYN_0036_D05	pacbio	sylph	default	sylph_default
0	0	Lancefieldella sp024691995	Lancefieldella sp024691995	species	0.0111	abund	0.0111	0.0675	0.17060125414976027	0.065064	DYN_0036_D05.fastq	DYN_0036_D05	pacbio	sylph	default	sylph_default
0	0	Nanosynbacter sp021222645	Nanosynbacter sp021222645	species	0.0003	abund	0.0003	0.0006	0.004610844706750277	0.065064	DYN_0036_D05.fastq	DYN_0036_D05	pacbio	sylph	default	sylph_default
0	0	Nanosynbacter sp905373315	Nanosynbacter sp905373315	species	0.0022	abund	0.0022	0.0034	0.033812861182835365	0.065064	DYN_0036_D05.fastq	DYN_0036_D05	pacbio	sylph	default	sylph_default
0	0	Nanosynbacter sp938041005	Nanosynbacter sp938041005	species	0.0002	abund	0.0002	0.0006	0.0030738964711668516	0.065064	DYN_0036_D05.fastq	DYN_0036_D05	pacbio	sylph	default	sylph_default
0	0	Pauljensenia marseillensis	Pauljensenia marseillensis	species	0.0003	abund	0.0003	0.0024	0.004610844706750277	0.065064	DYN_0036_D05.fastq	DYN_0036_D05	pacbio	sylph	default	sylph_default
0	0	Pauljensenia radingae_A	Pauljensenia radingae	species	0.0023	abund	0.0023	0.0194	0.03534980941841879	0.065064	DYN_0036_D05.fastq	DYN_0036_D05	pacbio	sylph	default	sylph_default
0	0	Pauljensenia sp000308055	Pauljensenia sp000308055	species	0.0001	abund	0.0001	0.0005	0.0015369482355834258	0.065064	DYN_0036_D05.fastq	DYN_0036_D05	pacbio	sylph	default	sylph_default
0	0	Pauljensenia sp900556405	Pauljensenia sp900556405	species	0.0002	abund	0.0002	0.0014	0.0030738964711668516	0.065064	DYN_0036_D05.fastq	DYN_0036_D05	pacbio	sylph	default	sylph_default
0	0	Pauljensenia sp902373545	Pauljensenia sp902373545	species	0.0004	abund	0.0004	0.0032	0.006147792942333703	0.065064	DYN_0036_D05.fastq	DYN_0036_D05	pacbio	sylph	default	sylph_default
0	0	Pauljensenia sp916438365	Pauljensenia sp916438365	species	0.0003	abund	0.0003	0.002	0.004610844706750277	0.065064	DYN_0036_D05.fastq	DYN_0036_D05	pacbio	sylph	default	sylph_default
0	0	Pauljensenia sp916439125	Pauljensenia sp916439125	species	0.0002	abund	0.0002	0.002	0.0030738964711668516	0.065064	DYN_0036_D05.fastq	DYN_0036_D05	pacbio	sylph	default	sylph_default
0	0	Pauljensenia sp938030835	Pauljensenia sp938030835	species	0.0002	abund	0.0002	0.0012	0.0030738964711668516	0.065064	DYN_0036_D05.fastq	DYN_0036_D05	pacbio	sylph	default	sylph_default
0	0	Peptostreptococcus sp900759325	Peptostreptococcus sp900759325	species	0.0001	abund	0.0001	0.0008	0.0015369482355834258	0.065064	DYN_0036_D05.fastq	DYN_0036_D05	pacbio	sylph	default	sylph_default
0	0	Saccharimonas sp013333675	Saccharimonas sp013333675	species	0.0001	abund	0.0001	0.0002	0.0015369482355834258	0.065064	DYN_0036_D05.fastq	DYN_0036_D05	pacbio	sylph	default	sylph_default
0	0	Saccharimonas sp938041435	Saccharimonas sp938041435	species	0.0003	abund	0.0003	0.0011	0.004610844706750277	0.065064	DYN_0036_D05.fastq	DYN_0036_D05	pacbio	sylph	default	sylph_default
0	0	Selenomonas sp905372355	Selenomonas sp905372355	species	0.0001	abund	0.0001	0.0008	0.0015369482355834258	0.065064	DYN_0036_D05.fastq	DYN_0036_D05	pacbio	sylph	default	sylph_default
0	0	Streptococcus sp023110115	Streptococcus sp023110115	species	0.0003	abund	0.0003	0.0017	0.004610844706750277	0.065064	DYN_0036_D05.fastq	DYN_0036_D05	pacbio	sylph	default	sylph_default
0	0	UBA4285 sp900542465	UBA4285 sp900542465	species	0.002	abund	0.002	0.0105	0.030738964711668516	0.065064	DYN_0036_D05.fastq	DYN_0036_D05	pacbio	sylph	default	sylph_default
0	0	Veillonella sp018376995	Veillonella sp018376995	species	1.1362	abund	1.1362	8.4624	17.462805852698885	0.065064	DYN_0036_D05.fastq	DYN_0036_D05	pacbio	sylph	default	sylph_default
0	0	Veillonella sp902466275	Veillonella sp902466275	species	1.0892	abund	1.0892	4.7462	16.74044018197467	0.065064	DYN_0036_D05.fastq	DYN_0036_D05	pacbio	sylph	default	sylph_default
199	199	Campylobacter_A concisus_AB	Campylobacter concisus	species	0.0	abund	0.0	0.0002	0.0	0.065064	DYN_0036_D05.fastq	DYN_0036_D05	pacbio	sylph	default	sylph_default
200	200	Campylobacter_A curvus	Campylobacter curvus	species	0.0143	abund	0.0143	0.0987	0.21978359768842987	0.065064	DYN_0036_D05.fastq	DYN_0036_D05	pacbio	sylph	default	sylph_default
571	571	Klebsiella oxytoca	Klebsiella oxytoca	species	0.0016	abund	0.0016	0.0332	0.024591171769334813	0.065064	DYN_0036_D05.fastq	DYN_0036_D05	pacbio	sylph	default	sylph_default
573	573	Klebsiella pneumoniae	Klebsiella pneumoniae	species	1.2594	abund	1.2594	24.376	19.356326078937666	0.065064	DYN_0036_D05.fastq	DYN_0036_D05	pacbio	sylph	default	sylph_default
582	582	Morganella morganii	Morganella morganii	species	0.0263	abund	0.0263	0.3501	0.4042173859584409	0.065064	DYN_0036_D05.fastq	DYN_0036_D05	pacbio	sylph	default	sylph_default
729	729	Haemophilus_D parainfluenzae	Haemophilus parainfluenzae	species	0.0045000000000000005	abund	0.0045000000000000005	0.031799999999999995	0.06916267060125417	0.065064	DYN_0036_D05.fastq	DYN_0036_D05	pacbio	sylph	default	sylph_default
1302	1302	Streptococcus gordonii	Streptococcus gordonii	species	0.0002	abund	0.0002	0.0014	0.0030738964711668516	0.065064	DYN_0036_D05.fastq	DYN_0036_D05	pacbio	sylph	default	sylph_default
1303	1303	Streptococcus oralis_S	Streptococcus oralis	species	0.001	abund	0.001	0.0069	0.015369482355834258	0.065064	DYN_0036_D05.fastq	DYN_0036_D05	pacbio	sylph	default	sylph_default
1304	1304	Streptococcus salivarius	Streptococcus salivarius	species	0.0027	abund	0.0027	0.0203	0.0414976023607525	0.065064	DYN_0036_D05.fastq	DYN_0036_D05	pacbio	sylph	default	sylph_default
1308	1308	Streptococcus thermophilus	Streptococcus thermophilus	species	0.0009	abund	0.0009	0.0063	0.01383253412025083	0.065064	DYN_0036_D05.fastq	DYN_0036_D05	pacbio	sylph	default	sylph_default
1318	1318	Streptococcus parasanguinis	Streptococcus parasanguinis	species	0.0014	abund	0.0014	0.0104	0.021517275298167958	0.065064	DYN_0036_D05.fastq	DYN_0036_D05	pacbio	sylph	default	sylph_default
1351	1351	Enterococcus faecalis	Enterococcus faecalis	species	0.0054	abund	0.0054	0.0542	0.082995204721505	0.065064	DYN_0036_D05.fastq	DYN_0036_D05	pacbio	sylph	default	sylph_default
1382	1382	Lancefieldella parvula	Lancefieldella parvula	species	0.2048	abund	0.2048	1.1036	3.147669986474856	0.065064	DYN_0036_D05.fastq	DYN_0036_D05	pacbio	sylph	default	sylph_default
1509	1509	Clostridium_F sporogenes	Clostridium sporogenes	species	0.002	abund	0.002	0.0296	0.030738964711668516	0.065064	DYN_0036_D05.fastq	DYN_0036_D05	pacbio	sylph	default	sylph_default
1527	1527	Anaerocolumna aminovalerica	Anaerocolumna aminovalerica	species	0.0032	abund	0.0032	0.0513	0.049182343538669626	0.065064	DYN_0036_D05.fastq	DYN_0036_D05	pacbio	sylph	default	sylph_default
1597	1597	Lacticaseibacillus paracasei	Lacticaseibacillus paracasei	species	0.0002	abund	0.0002	0.0023	0.0030738964711668516	0.065064	DYN_0036_D05.fastq	DYN_0036_D05	pacbio	sylph	default	sylph_default
1655	1655	Actinomyces naeslundii	Actinomyces naeslundii	species	0.0003	abund	0.0003	0.003	0.004610844706750277	0.065064	DYN_0036_D05.fastq	DYN_0036_D05	pacbio	sylph	default	sylph_default
2047	2047	Rothia dentocariosa	Rothia dentocariosa	species	0.0012	abund	0.0012	0.0106	0.018443378827001106	0.065064	DYN_0036_D05.fastq	DYN_0036_D05	pacbio	sylph	default	sylph_default
2718	2718	Cardiobacterium hominis	Cardiobacterium hominis	species	0.0011	abund	0.0011	0.0099	0.016906430591417682	0.065064	DYN_0036_D05.fastq	DYN_0036_D05	pacbio	sylph	default	sylph_default
28126	28126	Prevotella buccae	Prevotella buccae	species	0.0024	abund	0.0024	0.027	0.03688675765400221	0.065064	DYN_0036_D05.fastq	DYN_0036_D05	pacbio	sylph	default	sylph_default
29360	29360	Cellulosilyticum lentocellum	Cellulosilyticum lentocellum	species	0.0429	abund	0.0429	0.7059	0.6593507930652897	0.065064	DYN_0036_D05.fastq	DYN_0036_D05	pacbio	sylph	default	sylph_default
29391	29391	Gemella morbillorum	Gemella morbillorum	species	0.0002	abund	0.0002	0.0013	0.0030738964711668516	0.065064	DYN_0036_D05.fastq	DYN_0036_D05	pacbio	sylph	default	sylph_default
33012	33012	Propionimicrobium lymphophilum	Propionimicrobium lymphophilum	species	0.0003	abund	0.0003	0.0021	0.004610844706750277	0.065064	DYN_0036_D05.fastq	DYN_0036_D05	pacbio	sylph	default	sylph_default
35519	35519	Mogibacterium timidum	Mogibacterium timidum	species	0.0006	abund	0.0006	0.0035	0.009221689413500553	0.065064	DYN_0036_D05.fastq	DYN_0036_D05	pacbio	sylph	default	sylph_default
35703	35703	Citrobacter_A amalonaticus	Citrobacter amalonaticus	species	0.0388	abund	0.0388	0.6862	0.5963359154063692	0.065064	DYN_0036_D05.fastq	DYN_0036_D05	pacbio	sylph	default	sylph_default
37734	37734	Enterococcus_D casseliflavus	Enterococcus casseliflavus	species	0.0013	abund	0.0013	0.0162	0.019980327062584534	0.065064	DYN_0036_D05.fastq	DYN_0036_D05	pacbio	sylph	default	sylph_default
39777	39777	Veillonella atypica	Veillonella atypica	species	0.0039	abund	0.0039	0.0278	0.059940981187753595	0.065064	DYN_0036_D05.fastq	DYN_0036_D05	pacbio	sylph	default	sylph_default
42817	42817	Corynebacterium argentoratense	Corynebacterium argentoratense	species	0.0007	abund	0.0007	0.0047	0.010758637649083979	0.065064	DYN_0036_D05.fastq	DYN_0036_D05	pacbio	sylph	default	sylph_default
44252	44252	Paenibacillus_A macerans	Paenibacillus macerans	species	0.0002	abund	0.0002	0.005	0.0030738964711668516	0.065064	DYN_0036_D05.fastq	DYN_0036_D05	pacbio	sylph	default	sylph_default
47715	47715	Lacticaseibacillus rhamnosus	Lacticaseibacillus rhamnosus	species	0.0001	abund	0.0001	0.0012	0.0015369482355834258	0.065064	DYN_0036_D05.fastq	DYN_0036_D05	pacbio	sylph	default	sylph_default
52769	52769	Actinomyces gerencseriae	Actinomyces gerencseriae	species	0.0002	abund	0.0002	0.0018	0.0030738964711668516	0.065064	DYN_0036_D05.fastq	DYN_0036_D05	pacbio	sylph	default	sylph_default
61592	61592	Corynebacterium durum	Corynebacterium durum	species	0.0002	abund	0.0002	0.0015	0.0030738964711668516	0.065064	DYN_0036_D05.fastq	DYN_0036_D05	pacbio	sylph	default	sylph_default
66228	66228	Gleimia europaea	Gleimia europaea	species	0.0011	abund	0.0011	0.0079	0.016906430591417682	0.065064	DYN_0036_D05.fastq	DYN_0036_D05	pacbio	sylph	default	sylph_default
68892	68892	Streptococcus infantis_H	Streptococcus infantis	species	0.0002	abund	0.0002	0.0015	0.0030738964711668516	0.065064	DYN_0036_D05.fastq	DYN_0036_D05	pacbio	sylph	default	sylph_default
76857	76857	Fusobacterium polymorphum	Fusobacterium polymorphum	species	0.0291	abund	0.0291	0.249	0.4472519365547769	0.065064	DYN_0036_D05.fastq	DYN_0036_D05	pacbio	sylph	default	sylph_default
84109	84109	Slackia exigua	Slackia exigua	species	0.0014	abund	0.0014	0.01	0.021517275298167958	0.065064	DYN_0036_D05.fastq	DYN_0036_D05	pacbio	sylph	default	sylph_default
84135	84135	Gemella sanguinis	Gemella sanguinis	species	0.0001	abund	0.0001	0.0006	0.0015369482355834258	0.065064	DYN_0036_D05.fastq	DYN_0036_D05	pacbio	sylph	default	sylph_default
84163	84163	Cryptobacterium curtum	Cryptobacterium curtum	species	0.0026	abund	0.0026	0.0147	0.03996065412516907	0.065064	DYN_0036_D05.fastq	DYN_0036_D05	pacbio	sylph	default	sylph_default
114527	114527	Mogibacterium diversum	Mogibacterium diversum	species	0.0015	abund	0.0015	0.0098	0.023054223533751386	0.065064	DYN_0036_D05.fastq	DYN_0036_D05	pacbio	sylph	default	sylph_default
133448	133448	Citrobacter youngae	Citrobacter youngae	species	0.0761	abund	0.0761	1.2804	1.169617607278987	0.065064	DYN_0036_D05.fastq	DYN_0036_D05	pacbio	sylph	default	sylph_default
133926	133926	Olsenella uli	Olsenella uli	species	0.0015	abund	0.0015	0.0111	0.023054223533751386	0.065064	DYN_0036_D05.fastq	DYN_0036_D05	pacbio	sylph	default	sylph_default
143393	143393	Eubacterium_B sulci	Eubacterium sulci	species	0.0019	abund	0.0019	0.0114	0.02920201647608509	0.065064	DYN_0036_D05.fastq	DYN_0036_D05	pacbio	sylph	default	sylph_default
158836	158836	Enterobacter hormaechei_B	Enterobacter hormaechei	species	0.0415	abund	0.0415	0.6616	0.6378335177671217	0.065064	DYN_0036_D05.fastq	DYN_0036_D05	pacbio	sylph	default	sylph_default
177972	177972	Shuttleworthia satelles	Shuttleworthia satelles	species	0.0038	abund	0.0038	0.029	0.05840403295217018	0.065064	DYN_0036_D05.fastq	DYN_0036_D05	pacbio	sylph	default	sylph_default
184870	184870	Varibaculum cambriense	Varibaculum cambriense	species	0.0018	abund	0.0018	0.0125	0.02766506824050166	0.065064	DYN_0036_D05.fastq	DYN_0036_D05	pacbio	sylph	default	sylph_default
216816	216816	Bifidobacterium longum	Bifidobacterium longum	species	0.2823	abund	0.2823	2.3502	4.3388048690520105	0.065064	DYN_0036_D05.fastq	DYN_0036_D05	pacbio	sylph	default	sylph_default
218538	218538	Dialister invisus	Dialister invisus	species	0.0021	abund	0.0021	0.014	0.03227591294725194	0.065064	DYN_0036_D05.fastq	DYN_0036_D05	pacbio	sylph	default	sylph_default
237576	237576	Oribacterium sinus	Oribacterium sinus	species	0.0005	abund	0.0005	0.0049	0.007684741177917129	0.065064	DYN_0036_D05.fastq	DYN_0036_D05	pacbio	sylph	default	sylph_default
246144	246144	Enterococcus_G italicus	Enterococcus italicus	species	0.0014	abund	0.0014	0.0121	0.021517275298167958	0.065064	DYN_0036_D05.fastq	DYN_0036_D05	pacbio	sylph	default	sylph_default
261299	261299	Intestinibacter bartlettii	Intestinibacter bartlettii	species	0.0139	abund	0.0139	0.1437	0.21363580474609617	0.065064	DYN_0036_D05.fastq	DYN_0036_D05	pacbio	sylph	default	sylph_default
357441	357441	Enterococcus_B lactis	Enterococcus lactis	species	0.0091	abund	0.0091	0.0908	0.13986228943809176	0.065064	DYN_0036_D05.fastq	DYN_0036_D05	pacbio	sylph	default	sylph_default
423477	423477	Veillonella rogosae	Veillonella rogosae	species	0.0567	abund	0.0567	0.4331	0.8714496495758024	0.065064	DYN_0036_D05.fastq	DYN_0036_D05	pacbio	sylph	default	sylph_default
544580	544580	Actinomyces oris	Actinomyces oris	species	0.0003	abund	0.0003	0.0037	0.004610844706750277	0.065064	DYN_0036_D05.fastq	DYN_0036_D05	pacbio	sylph	default	sylph_default
674529	674529	Bacteroides faecis	Bacteroides faecis	species	2.0469	abund	2.0469	42.5722	31.45979343415714	0.065064	DYN_0036_D05.fastq	DYN_0036_D05	pacbio	sylph	default	sylph_default
996558	996558	Bacillus_J hisashii	Bacillus hisashii	species	0.0006	abund	0.0006	0.0093	0.009221689413500553	0.065064	DYN_0036_D05.fastq	DYN_0036_D05	pacbio	sylph	default	sylph_default
1110546	1110546	Veillonella tobetsuensis	Veillonella tobetsuensis	species	0.0009	abund	0.0009	0.0069	0.01383253412025083	0.065064	DYN_0036_D05.fastq	DYN_0036_D05	pacbio	sylph	default	sylph_default
1234680	1234680	Streptococcus rubneri	Streptococcus rubneri	species	0.0017	abund	0.0017	0.0131	0.026128120004918234	0.065064	DYN_0036_D05.fastq	DYN_0036_D05	pacbio	sylph	default	sylph_default
1274374	1274374	Paenibacillus_A antibioticophila	Paenibacillus antibioticophila	species	0.0016	abund	0.0016	0.0313	0.024591171769334813	0.065064	DYN_0036_D05.fastq	DYN_0036_D05	pacbio	sylph	default	sylph_default
1297617	1297617	Intestinimonas butyriciproducens	Intestinimonas butyriciproducens	species	0.0156	abund	0.0156	0.1758	0.23976392475101438	0.065064	DYN_0036_D05.fastq	DYN_0036_D05	pacbio	sylph	default	sylph_default
1852387	1852387	Streptococcus timonensis	Streptococcus timonensis	species	0.0001	abund	0.0001	0.0009	0.0015369482355834258	0.065064	DYN_0036_D05.fastq	DYN_0036_D05	pacbio	sylph	default	sylph_default
2068655	2068655	Novisyntrophococcus fermenticellae	Novisyntrophococcus fermenticellae	species	0.0013	abund	0.0013	0.0151	0.019980327062584534	0.065064	DYN_0036_D05.fastq	DYN_0036_D05	pacbio	sylph	default	sylph_default
2663009	2663009	Fusobacterium pseudoperiodonticum	Fusobacterium pseudoperiodonticum	species	0.0064	abund	0.0064	0.0537	0.09836468707733925	0.065064	DYN_0036_D05.fastq	DYN_0036_D05	pacbio	sylph	default	sylph_default
2682456	2682456	Veillonella nakazawae	Veillonella nakazawae	species	0.0014	abund	0.0014	0.01	0.021517275298167958	0.065064	DYN_0036_D05.fastq	DYN_0036_D05	pacbio	sylph	default	sylph_default
2763067	2763067	Streptococcus hominis	Streptococcus hominis	species	0.0005	abund	0.0005	0.0031	0.007684741177917129	0.065064	DYN_0036_D05.fastq	DYN_0036_D05	pacbio	sylph	default	sylph_default
0	0	Abiotrophia sp001815865	Abiotrophia sp001815865	species	0.0001	abund	0.0001	0.001	0.0016389949682854474	0.061013000000000005	DYN_0036_D08.fastq	DYN_0036_D08	pacbio	sylph	default	sylph_default
0	0	Actinomyces sp900323545	Actinomyces sp900323545	species	0.0001	abund	0.0001	0.0009	0.0016389949682854474	0.061013000000000005	DYN_0036_D08.fastq	DYN_0036_D08	pacbio	sylph	default	sylph_default
0	0	Allocoprobacillus merdigallinarum	Allocoprobacillus merdigallinarum	species	0.0028	abund	0.0028	0.0224	0.04589185911199252	0.061013000000000005	DYN_0036_D08.fastq	DYN_0036_D08	pacbio	sylph	default	sylph_default
0	0	Anaeroglobus micronuciformis	Anaeroglobus micronuciformis	species	0.0051	abund	0.0051	0.0329	0.08358874338255781	0.061013000000000005	DYN_0036_D08.fastq	DYN_0036_D08	pacbio	sylph	default	sylph_default
0	0	Bulleidia moorei	Bulleidia moorei	species	0.0007	abund	0.0007	0.0062	0.01147296477799813	0.061013000000000005	DYN_0036_D08.fastq	DYN_0036_D08	pacbio	sylph	default	sylph_default
0	0	Centipeda artemidis	Centipeda artemidis	species	0.0002	abund	0.0002	0.0014	0.003277989936570895	0.061013000000000005	DYN_0036_D08.fastq	DYN_0036_D08	pacbio	sylph	default	sylph_default
0	0	Centipeda flueggei	Centipeda flueggei	species	0.0015	abund	0.0015	0.0118	0.02458492452428171	0.061013000000000005	DYN_0036_D08.fastq	DYN_0036_D08	pacbio	sylph	default	sylph_default
0	0	Clostridium sp900766315	Clostridium sp900766315	species	0.0045	abund	0.0045	0.0663	0.07375477357284513	0.061013000000000005	DYN_0036_D08.fastq	DYN_0036_D08	pacbio	sylph	default	sylph_default
0	0	Granulicatella sp001058355	Granulicatella sp001058355	species	0.0005	abund	0.0005	0.0033	0.008194974841427238	0.061013000000000005	DYN_0036_D08.fastq	DYN_0036_D08	pacbio	sylph	default	sylph_default
0	0	Granulicatella sp916049935	Granulicatella sp916049935	species	0.0007	abund	0.0007	0.003	0.01147296477799813	0.061013000000000005	DYN_0036_D08.fastq	DYN_0036_D08	pacbio	sylph	default	sylph_default
0	0	Haemophilus_D sp014931275	Haemophilus sp014931275	species	0.0017	abund	0.0017	0.013	0.0278629144608526	0.061013000000000005	DYN_0036_D08.fastq	DYN_0036_D08	pacbio	sylph	default	sylph_default
0	0	Lachnoanaerobaculum sp000287675	Lachnoanaerobaculum sp000287675	species	0.0174	abund	0.0174	0.1775	0.2851851244816678	0.061013000000000005	DYN_0036_D08.fastq	DYN_0036_D08	pacbio	sylph	default	sylph_default
0	0	Lachnoanaerobaculum sp916439285	Lachnoanaerobaculum sp916439285	species	0.0173	abund	0.0173	0.1396	0.2835461295133824	0.061013000000000005	DYN_0036_D08.fastq	DYN_0036_D08	pacbio	sylph	default	sylph_default
0	0	Lancefieldella sp024691995	Lancefieldella sp024691995	species	0.0424	abund	0.0424	0.2713	0.6949338665530297	0.061013000000000005	DYN_0036_D08.fastq	DYN_0036_D08	pacbio	sylph	default	sylph_default
0	0	Nanosynbacter sp905372835	Nanosynbacter sp905372835	species	0.0003	abund	0.0003	0.0008	0.004916984904856342	0.061013000000000005	DYN_0036_D08.fastq	DYN_0036_D08	pacbio	sylph	default	sylph_default
0	0	Nanosynbacter sp905373315	Nanosynbacter sp905373315	species	0.0003	abund	0.0003	0.0004	0.004916984904856342	0.061013000000000005	DYN_0036_D08.fastq	DYN_0036_D08	pacbio	sylph	default	sylph_default
0	0	Nanosynbacter sp937936045	Nanosynbacter sp937936045	species	0.0001	abund	0.0001	0.0003	0.0016389949682854474	0.061013000000000005	DYN_0036_D08.fastq	DYN_0036_D08	pacbio	sylph	default	sylph_default
0	0	Pauljensenia marseillensis	Pauljensenia marseillensis	species	0.0012	abund	0.0012	0.0086	0.019667939619425368	0.061013000000000005	DYN_0036_D08.fastq	DYN_0036_D08	pacbio	sylph	default	sylph_default
0	0	Pauljensenia radingae_A	Pauljensenia radingae	species	0.0076	abund	0.0076	0.0683	0.124563617589694	0.061013000000000005	DYN_0036_D08.fastq	DYN_0036_D08	pacbio	sylph	default	sylph_default
0	0	Pauljensenia sp900556405	Pauljensenia sp900556405	species	0.0046	abund	0.0046	0.0332	0.07539376854113057	0.061013000000000005	DYN_0036_D08.fastq	DYN_0036_D08	pacbio	sylph	default	sylph_default
0	0	Pauljensenia sp902373545	Pauljensenia sp902373545	species	0.0005	abund	0.0005	0.0041	0.008194974841427238	0.061013000000000005	DYN_0036_D08.fastq	DYN_0036_D08	pacbio	sylph	default	sylph_default
0	0	Pauljensenia sp916439125	Pauljensenia sp916439125	species	0.0011	abund	0.0011	0.0097	0.01802894465113992	0.061013000000000005	DYN_0036_D08.fastq	DYN_0036_D08	pacbio	sylph	default	sylph_default
0	0	Pauljensenia sp938030835	Pauljensenia sp938030835	species	0.0005	abund	0.0005	0.0037	0.008194974841427238	0.061013000000000005	DYN_0036_D08.fastq	DYN_0036_D08	pacbio	sylph	default	sylph_default
0	0	Selenomonas sp905372355	Selenomonas sp905372355	species	0.0009	abund	0.0009	0.0089	0.014750954714569026	0.061013000000000005	DYN_0036_D08.fastq	DYN_0036_D08	pacbio	sylph	default	sylph_default
0	0	Streptococcus sp023110115	Streptococcus sp023110115	species	0.0007	abund	0.0007	0.0049	0.01147296477799813	0.061013000000000005	DYN_0036_D08.fastq	DYN_0036_D08	pacbio	sylph	default	sylph_default
0	0	Streptococcus sp916048115	Streptococcus sp916048115	species	0.0001	abund	0.0001	0.0004	0.0016389949682854474	0.061013000000000005	DYN_0036_D08.fastq	DYN_0036_D08	pacbio	sylph	default	sylph_default
0	0	UBA4285 sp900542465	UBA4285 sp900542465	species	0.0048	abund	0.0048	0.0267	0.07867175847770147	0.061013000000000005	DYN_0036_D08.fastq	DYN_0036_D08	pacbio	sylph	default	sylph_default
0	0	Veillonella sp018376995	Veillonella sp018376995	species	0.7689	abund	0.7689	6.0276	12.602232311146805	0.061013000000000005	DYN_0036_D08.fastq	DYN_0036_D08	pacbio	sylph	default	sylph_default
0	0	Veillonella sp902466275	Veillonella sp902466275	species	0.7392	abund	0.7392	3.3906	12.115450805566027	0.061013000000000005	DYN_0036_D08.fastq	DYN_0036_D08	pacbio	sylph	default	sylph_default
200	200	Campylobacter_A curvus	Campylobacter curvus	species	0.0183	abund	0.0183	0.1325	0.2999360791962369	0.061013000000000005	DYN_0036_D08.fastq	DYN_0036_D08	pacbio	sylph	default	sylph_default
571	571	Klebsiella oxytoca	Klebsiella oxytoca	species	0.0024	abund	0.0024	0.0518	0.039335879238850735	0.061013000000000005	DYN_0036_D08.fastq	DYN_0036_D08	pacbio	sylph	default	sylph_default
573	573	Klebsiella pneumoniae	Klebsiella pneumoniae	species	0.6643	abund	0.6643	13.5337	10.887843574320227	0.061013000000000005	DYN_0036_D08.fastq	DYN_0036_D08	pacbio	sylph	default	sylph_default
582	582	Morganella morganii	Morganella morganii	species	0.1074	abund	0.1074	1.5053	1.7602805959385706	0.061013000000000005	DYN_0036_D08.fastq	DYN_0036_D08	pacbio	sylph	default	sylph_default
1303	1303	Streptococcus oralis_S	Streptococcus oralis	species	0.0017000000000000001	abund	0.0017000000000000001	0.0127	0.027862914460852605	0.061013000000000005	DYN_0036_D08.fastq	DYN_0036_D08	pacbio	sylph	default	sylph_default
1304	1304	Streptococcus salivarius	Streptococcus salivarius	species	0.0017	abund	0.0017	0.0134	0.0278629144608526	0.061013000000000005	DYN_0036_D08.fastq	DYN_0036_D08	pacbio	sylph	default	sylph_default
1308	1308	Streptococcus thermophilus	Streptococcus thermophilus	species	0.0009	abund	0.0009	0.0069	0.014750954714569026	0.061013000000000005	DYN_0036_D08.fastq	DYN_0036_D08	pacbio	sylph	default	sylph_default
1318	1318	Streptococcus parasanguinis	Streptococcus parasanguinis	species	0.0004	abund	0.0004	0.0029	0.00655597987314179	0.061013000000000005	DYN_0036_D08.fastq	DYN_0036_D08	pacbio	sylph	default	sylph_default
1351	1351	Enterococcus faecalis	Enterococcus faecalis	species	0.0047	abund	0.0047	0.0494	0.07703276350941603	0.061013000000000005	DYN_0036_D08.fastq	DYN_0036_D08	pacbio	sylph	default	sylph_default
1382	1382	Lancefieldella parvula	Lancefieldella parvula	species	0.5131	abund	0.5131	2.9097	8.40968318227263	0.061013000000000005	DYN_0036_D08.fastq	DYN_0036_D08	pacbio	sylph	default	sylph_default
1509	1509	Clostridium_F sporogenes	Clostridium sporogenes	species	0.002	abund	0.002	0.0298	0.03277989936570895	0.061013000000000005	DYN_0036_D08.fastq	DYN_0036_D08	pacbio	sylph	default	sylph_default
1527	1527	Anaerocolumna aminovalerica	Anaerocolumna aminovalerica	species	0.0197	abund	0.0197	0.3352	0.3228820087522331	0.061013000000000005	DYN_0036_D08.fastq	DYN_0036_D08	pacbio	sylph	default	sylph_default
1584	1584	Lactobacillus delbrueckii	Lactobacillus delbrueckii	species	0.0002	abund	0.0002	0.0014	0.003277989936570895	0.061013000000000005	DYN_0036_D08.fastq	DYN_0036_D08	pacbio	sylph	default	sylph_default
1597	1597	Lacticaseibacillus paracasei	Lacticaseibacillus paracasei	species	0.0001	abund	0.0001	0.0014	0.0016389949682854474	0.061013000000000005	DYN_0036_D08.fastq	DYN_0036_D08	pacbio	sylph	default	sylph_default
1655	1655	Actinomyces naeslundii	Actinomyces naeslundii	species	0.0001	abund	0.0001	0.001	0.0016389949682854474	0.061013000000000005	DYN_0036_D08.fastq	DYN_0036_D08	pacbio	sylph	default	sylph_default
2047	2047	Rothia dentocariosa	Rothia dentocariosa	species	0.0007	abund	0.0007	0.0065	0.01147296477799813	0.061013000000000005	DYN_0036_D08.fastq	DYN_0036_D08	pacbio	sylph	default	sylph_default
2718	2718	Cardiobacterium hominis	Cardiobacterium hominis	species	0.0002	abund	0.0002	0.0021	0.003277989936570895	0.061013000000000005	DYN_0036_D08.fastq	DYN_0036_D08	pacbio	sylph	default	sylph_default
28037	28037	Streptococcus mitis_N	Streptococcus mitis	species	0.0004	abund	0.0004	0.003	0.00655597987314179	0.061013000000000005	DYN_0036_D08.fastq	DYN_0036_D08	pacbio	sylph	default	sylph_default
28038	28038	Latilactobacillus curvatus	Latilactobacillus curvatus	species	0.0009	abund	0.0009	0.0063	0.014750954714569026	0.061013000000000005	DYN_0036_D08.fastq	DYN_0036_D08	pacbio	sylph	default	sylph_default
28126	28126	Prevotella buccae	Prevotella buccae	species	0.1046	abund	0.1046	1.2618	1.7143887368265778	0.061013000000000005	DYN_0036_D08.fastq	DYN_0036_D08	pacbio	sylph	default	sylph_default
28129	28129	Prevotella denticola	Prevotella denticola	species	0.0003	abund	0.0003	0.0035	0.004916984904856342	0.061013000000000005	DYN_0036_D08.fastq	DYN_0036_D08	pacbio	sylph	default	sylph_default
28135	28135	Prevotella oris	Prevotella oris	species	0.0004	abund	0.0004	0.0052	0.00655597987314179	0.061013000000000005	DYN_0036_D08.fastq	DYN_0036_D08	pacbio	sylph	default	sylph_default
29360	29360	Cellulosilyticum lentocellum	Cellulosilyticum lentocellum	species	0.0001	abund	0.0001	0.0024	0.0016389949682854474	0.061013000000000005	DYN_0036_D08.fastq	DYN_0036_D08	pacbio	sylph	default	sylph_default
33012	33012	Propionimicrobium lymphophilum	Propionimicrobium lymphophilum	species	0.0002	abund	0.0002	0.0014	0.003277989936570895	0.061013000000000005	DYN_0036_D08.fastq	DYN_0036_D08	pacbio	sylph	default	sylph_default
35519	35519	Mogibacterium timidum	Mogibacterium timidum	species	0.0006	abund	0.0006	0.0037	0.009833969809712684	0.061013000000000005	DYN_0036_D08.fastq	DYN_0036_D08	pacbio	sylph	default	sylph_default
35703	35703	Citrobacter_A amalonaticus	Citrobacter amalonaticus	species	0.0834	abund	0.0834	1.5543	1.366921803550063	0.061013000000000005	DYN_0036_D08.fastq	DYN_0036_D08	pacbio	sylph	default	sylph_default
37734	37734	Enterococcus_D casseliflavus	Enterococcus casseliflavus	species	0.0011	abund	0.0011	0.0145	0.01802894465113992	0.061013000000000005	DYN_0036_D08.fastq	DYN_0036_D08	pacbio	sylph	default	sylph_default
39777	39777	Veillonella atypica	Veillonella atypica	species	0.0068	abund	0.0068	0.0507	0.1114516578434104	0.061013000000000005	DYN_0036_D08.fastq	DYN_0036_D08	pacbio	sylph	default	sylph_default
42817	42817	Corynebacterium argentoratense	Corynebacterium argentoratense	species	0.0012	abund	0.0012	0.009	0.019667939619425368	0.061013000000000005	DYN_0036_D08.fastq	DYN_0036_D08	pacbio	sylph	default	sylph_default
44252	44252	Paenibacillus_A macerans	Paenibacillus macerans	species	0.0003	abund	0.0003	0.0081	0.004916984904856342	0.061013000000000005	DYN_0036_D08.fastq	DYN_0036_D08	pacbio	sylph	default	sylph_default
52769	52769	Actinomyces gerencseriae	Actinomyces gerencseriae	species	0.0001	abund	0.0001	0.0008	0.0016389949682854474	0.061013000000000005	DYN_0036_D08.fastq	DYN_0036_D08	pacbio	sylph	default	sylph_default
66228	66228	Gleimia europaea	Gleimia europaea	species	0.0008	abund	0.0008	0.0061	0.01311195974628358	0.061013000000000005	DYN_0036_D08.fastq	DYN_0036_D08	pacbio	sylph	default	sylph_default
76857	76857	Fusobacterium polymorphum	Fusobacterium polymorphum	species	0.0107	abund	0.0107	0.0969	0.17537246160654282	0.061013000000000005	DYN_0036_D08.fastq	DYN_0036_D08	pacbio	sylph	default	sylph_default
84109	84109	Slackia exigua	Slackia exigua	species	0.0014	abund	0.0014	0.0108	0.02294592955599626	0.061013000000000005	DYN_0036_D08.fastq	DYN_0036_D08	pacbio	sylph	default	sylph_default
84163	84163	Cryptobacterium curtum	Cryptobacterium curtum	species	0.002	abund	0.002	0.0119	0.03277989936570895	0.061013000000000005	DYN_0036_D08.fastq	DYN_0036_D08	pacbio	sylph	default	sylph_default
114527	114527	Mogibacterium diversum	Mogibacterium diversum	species	0.0013	abund	0.0013	0.009	0.021306934587710817	0.061013000000000005	DYN_0036_D08.fastq	DYN_0036_D08	pacbio	sylph	default	sylph_default
133448	133448	Citrobacter youngae	Citrobacter youngae	species	0.0226	abund	0.0226	0.4004	0.37041286283251107	0.061013000000000005	DYN_0036_D08.fastq	DYN_0036_D08	pacbio	sylph	default	sylph_default
133926	133926	Olsenella uli	Olsenella uli	species	0.0012	abund	0.0012	0.009	0.019667939619425368	0.061013000000000005	DYN_0036_D08.fastq	DYN_0036_D08	pacbio	sylph	default	sylph_default
143393	143393	Eubacterium_B sulci	Eubacterium sulci	species	0.0039	abund	0.0039	0.0252	0.06392080376313244	0.061013000000000005	DYN_0036_D08.fastq	DYN_0036_D08	pacbio	sylph	default	sylph_default
158836	158836	Enterobacter hormaechei_C	Enterobacter hormaechei	species	0.547	abund	0.547	10.1037	8.965302476521398	0.061013000000000005	DYN_0036_D08.fastq	DYN_0036_D08	pacbio	sylph	default	sylph_default
177972	177972	Shuttleworthia satelles	Shuttleworthia satelles	species	0.0396	abund	0.0396	0.3154	0.6490420074410372	0.061013000000000005	DYN_0036_D08.fastq	DYN_0036_D08	pacbio	sylph	default	sylph_default
184870	184870	Varibaculum cambriense	Varibaculum cambriense	species	0.0025	abund	0.0025	0.0185	0.040974874207136185	0.061013000000000005	DYN_0036_D08.fastq	DYN_0036_D08	pacbio	sylph	default	sylph_default
216816	216816	Bifidobacterium longum	Bifidobacterium longum	species	0.0749	abund	0.0749	0.6564	1.2276072312458	0.061013000000000005	DYN_0036_D08.fastq	DYN_0036_D08	pacbio	sylph	default	sylph_default
218538	218538	Dialister invisus	Dialister invisus	species	0.0024	abund	0.0024	0.0166	0.039335879238850735	0.061013000000000005	DYN_0036_D08.fastq	DYN_0036_D08	pacbio	sylph	default	sylph_default
246144	246144	Enterococcus_G italicus	Enterococcus italicus	species	0.0012	abund	0.0012	0.0106	0.019667939619425368	0.061013000000000005	DYN_0036_D08.fastq	DYN_0036_D08	pacbio	sylph	default	sylph_default
261299	261299	Intestinibacter bartlettii	Intestinibacter bartlettii	species	0.008	abund	0.008	0.087	0.1311195974628358	0.061013000000000005	DYN_0036_D08.fastq	DYN_0036_D08	pacbio	sylph	default	sylph_default
357441	357441	Enterococcus_B lactis	Enterococcus lactis	species	0.01	abund	0.01	0.1051	0.16389949682854474	0.061013000000000005	DYN_0036_D08.fastq	DYN_0036_D08	pacbio	sylph	default	sylph_default
423477	423477	Veillonella rogosae	Veillonella rogosae	species	0.0947	abund	0.0947	0.7608	1.5521282349663188	0.061013000000000005	DYN_0036_D08.fastq	DYN_0036_D08	pacbio	sylph	default	sylph_default
544580	544580	Actinomyces oris	Actinomyces oris	species	0.0002	abund	0.0002	0.0026	0.003277989936570895	0.061013000000000005	DYN_0036_D08.fastq	DYN_0036_D08	pacbio	sylph	default	sylph_default
544581	544581	Actinomyces johnsonii	Actinomyces johnsonii	species	0.0	abund	0.0	0.0006	0.0	0.061013000000000005	DYN_0036_D08.fastq	DYN_0036_D08	pacbio	sylph	default	sylph_default
674529	674529	Bacteroides faecis	Bacteroides faecis	species	1.9406	abund	1.9406	42.484	31.80633635454739	0.061013000000000005	DYN_0036_D08.fastq	DYN_0036_D08	pacbio	sylph	default	sylph_default
996558	996558	Bacillus_J hisashii	Bacillus hisashii	species	0.0002	abund	0.0002	0.0037	0.003277989936570895	0.061013000000000005	DYN_0036_D08.fastq	DYN_0036_D08	pacbio	sylph	default	sylph_default
1110546	1110546	Veillonella tobetsuensis	Veillonella tobetsuensis	species	0.0052	abund	0.0052	0.0413	0.08522773835084327	0.061013000000000005	DYN_0036_D08.fastq	DYN_0036_D08	pacbio	sylph	default	sylph_default
1234680	1234680	Streptococcus rubneri	Streptococcus rubneri	species	0.0008	abund	0.0008	0.0064	0.01311195974628358	0.061013000000000005	DYN_0036_D08.fastq	DYN_0036_D08	pacbio	sylph	default	sylph_default
1297617	1297617	Intestinimonas butyriciproducens	Intestinimonas butyriciproducens	species	0.1526	abund	0.1526	1.8082	2.5011063216035927	0.061013000000000005	DYN_0036_D08.fastq	DYN_0036_D08	pacbio	sylph	default	sylph_default
2068655	2068655	Novisyntrophococcus fermenticellae	Novisyntrophococcus fermenticellae	species	0.0033	abund	0.0033	0.0421	0.05408683395341976	0.061013000000000005	DYN_0036_D08.fastq	DYN_0036_D08	pacbio	sylph	default	sylph_default
2663009	2663009	Fusobacterium pseudoperiodonticum	Fusobacterium pseudoperiodonticum	species	0.007	abund	0.007	0.062	0.11472964777998132	0.061013000000000005	DYN_0036_D08.fastq	DYN_0036_D08	pacbio	sylph	default	sylph_default
2682456	2682456	Veillonella nakazawae	Veillonella nakazawae	species	0.003	abund	0.003	0.0231	0.04916984904856342	0.061013000000000005	DYN_0036_D08.fastq	DYN_0036_D08	pacbio	sylph	default	sylph_default
2763067	2763067	Streptococcus hominis	Streptococcus hominis	species	0.0001	abund	0.0001	0.0004	0.0016389949682854474	0.061013000000000005	DYN_0036_D08.fastq	DYN_0036_D08	pacbio	sylph	default	sylph_default
0	0	Abiotrophia sp001815865	Abiotrophia sp001815865	species	0.0005	abund	0.0005	0.004	0.010110405629473851	0.04945400000000002	DYN_0036_D11.fastq	DYN_0036_D11	pacbio	sylph	default	sylph_default
0	0	Allocoprobacillus merdigallinarum	Allocoprobacillus merdigallinarum	species	0.0135	abund	0.0135	0.1146	0.272980951995794	0.04945400000000002	DYN_0036_D11.fastq	DYN_0036_D11	pacbio	sylph	default	sylph_default
0	0	Anaeroglobus micronuciformis	Anaeroglobus micronuciformis	species	0.0003	abund	0.0003	0.0023	0.00606624337768431	0.04945400000000002	DYN_0036_D11.fastq	DYN_0036_D11	pacbio	sylph	default	sylph_default
0	0	Bulleidia moorei	Bulleidia moorei	species	0.0011	abund	0.0011	0.0096	0.02224289238484247	0.04945400000000002	DYN_0036_D11.fastq	DYN_0036_D11	pacbio	sylph	default	sylph_default
0	0	Bulleidia sp015256775	Bulleidia sp015256775	species	0.0004	abund	0.0004	0.0027	0.00808832450357908	0.04945400000000002	DYN_0036_D11.fastq	DYN_0036_D11	pacbio	sylph	default	sylph_default
0	0	Campylobacter_A sp938018145	Campylobacter sp938018145	species	0.0001	abund	0.0001	0.001	0.00202208112589477	0.04945400000000002	DYN_0036_D11.fastq	DYN_0036_D11	pacbio	sylph	default	sylph_default
0	0	Campylobacter_A sp938039205	Campylobacter sp938039205	species	0.0001	abund	0.0001	0.0007	0.00202208112589477	0.04945400000000002	DYN_0036_D11.fastq	DYN_0036_D11	pacbio	sylph	default	sylph_default
0	0	Centipeda artemidis	Centipeda artemidis	species	0.0042	abund	0.0042	0.0379	0.08492740728758034	0.04945400000000002	DYN_0036_D11.fastq	DYN_0036_D11	pacbio	sylph	default	sylph_default
0	0	Centipeda flueggei	Centipeda flueggei	species	0.0004	abund	0.0004	0.0032	0.00808832450357908	0.04945400000000002	DYN_0036_D11.fastq	DYN_0036_D11	pacbio	sylph	default	sylph_default
0	0	Centipeda noxia	Centipeda noxia	species	0.0003	abund	0.0003	0.0024	0.00606624337768431	0.04945400000000002	DYN_0036_D11.fastq	DYN_0036_D11	pacbio	sylph	default	sylph_default
0	0	Clostridium sp900766315	Clostridium sp900766315	species	0.0067	abund	0.0067	0.1033	0.1354794354349496	0.04945400000000002	DYN_0036_D11.fastq	DYN_0036_D11	pacbio	sylph	default	sylph_default
0	0	Granulicatella sp015264885	Granulicatella sp015264885	species	0.0006	abund	0.0006	0.0032	0.01213248675536862	0.04945400000000002	DYN_0036_D11.fastq	DYN_0036_D11	pacbio	sylph	default	sylph_default
0	0	Granulicatella sp902479935	Granulicatella sp902479935	species	0.0007	abund	0.0007	0.0048	0.014154567881263388	0.04945400000000002	DYN_0036_D11.fastq	DYN_0036_D11	pacbio	sylph	default	sylph_default
0	0	Granulicatella sp916049935	Granulicatella sp916049935	species	0.0007	abund	0.0007	0.0031	0.014154567881263388	0.04945400000000002	DYN_0036_D11.fastq	DYN_0036_D11	pacbio	sylph	default	sylph_default
0	0	Haemophilus_D sp014931275	Haemophilus sp014931275	species	0.0044	abund	0.0044	0.0342	0.08897156953936988	0.04945400000000002	DYN_0036_D11.fastq	DYN_0036_D11	pacbio	sylph	default	sylph_default
0	0	Lachnoanaerobaculum sp000287675	Lachnoanaerobaculum sp000287675	species	0.0288	abund	0.0288	0.3066	0.5823593642576937	0.04945400000000002	DYN_0036_D11.fastq	DYN_0036_D11	pacbio	sylph	default	sylph_default
0	0	Lachnoanaerobaculum sp916439285	Lachnoanaerobaculum sp916439285	species	0.0288	abund	0.0288	0.2417	0.5823593642576937	0.04945400000000002	DYN_0036_D11.fastq	DYN_0036_D11	pacbio	sylph	default	sylph_default
0	0	Lancefieldella sp024691995	Lancefieldella sp024691995	species	0.0046	abund	0.0046	0.0304	0.09301573179115942	0.04945400000000002	DYN_0036_D11.fastq	DYN_0036_D11	pacbio	sylph	default	sylph_default
0	0	Pauljensenia marseillensis	Pauljensenia marseillensis	species	0.0044	abund	0.0044	0.0341	0.08897156953936988	0.04945400000000002	DYN_0036_D11.fastq	DYN_0036_D11	pacbio	sylph	default	sylph_default
0	0	Pauljensenia radingae_A	Pauljensenia radingae	species	0.0095	abund	0.0095	0.0886	0.19209770696000314	0.04945400000000002	DYN_0036_D11.fastq	DYN_0036_D11	pacbio	sylph	default	sylph_default
0	0	Pauljensenia sp900556405	Pauljensenia sp900556405	species	0.001	abund	0.001	0.0076	0.020220811258947702	0.04945400000000002	DYN_0036_D11.fastq	DYN_0036_D11	pacbio	sylph	default	sylph_default
0	0	Pauljensenia sp916439125	Pauljensenia sp916439125	species	0.0002	abund	0.0002	0.0019	0.00404416225178954	0.04945400000000002	DYN_0036_D11.fastq	DYN_0036_D11	pacbio	sylph	default	sylph_default
0	0	Pauljensenia sp938030835	Pauljensenia sp938030835	species	0.0004	abund	0.0004	0.0032	0.00808832450357908	0.04945400000000002	DYN_0036_D11.fastq	DYN_0036_D11	pacbio	sylph	default	sylph_default
0	0	Peptostreptococcus sp900759325	Peptostreptococcus sp900759325	species	0.0007	abund	0.0007	0.0044	0.014154567881263388	0.04945400000000002	DYN_0036_D11.fastq	DYN_0036_D11	pacbio	sylph	default	sylph_default
0	0	Selenomonas sp905372355	Selenomonas sp905372355	species	0.0011	abund	0.0011	0.0109	0.02224289238484247	0.04945400000000002	DYN_0036_D11.fastq	DYN_0036_D11	pacbio	sylph	default	sylph_default
0	0	Streptococcus sp027665725	Streptococcus sp027665725	species	0.0009	abund	0.0009	0.0059	0.01819873013305293	0.04945400000000002	DYN_0036_D11.fastq	DYN_0036_D11	pacbio	sylph	default	sylph_default
0	0	UBA4285 sp900542465	UBA4285 sp900542465	species	0.0032	abund	0.0032	0.0184	0.06470659602863264	0.04945400000000002	DYN_0036_D11.fastq	DYN_0036_D11	pacbio	sylph	default	sylph_default
0	0	Veillonella sp018376995	Veillonella sp018376995	species	0.1858	abund	0.1858	1.5191	3.7570267319124824	0.04945400000000002	DYN_0036_D11.fastq	DYN_0036_D11	pacbio	sylph	default	sylph_default
0	0	Veillonella sp900556785	Veillonella sp900556785	species	0.0497	abund	0.0497	0.3086	1.0049743195697007	0.04945400000000002	DYN_0036_D11.fastq	DYN_0036_D11	pacbio	sylph	default	sylph_default
0	0	Veillonella sp902466275	Veillonella sp902466275	species	0.1806	abund	0.1806	0.8638	3.651878513365955	0.04945400000000002	DYN_0036_D11.fastq	DYN_0036_D11	pacbio	sylph	default	sylph_default
200	200	Campylobacter_A curvus	Campylobacter curvus	species	0.0262	abund	0.0262	0.198	0.5297852549844297	0.04945400000000002	DYN_0036_D11.fastq	DYN_0036_D11	pacbio	sylph	default	sylph_default
571	571	Klebsiella oxytoca	Klebsiella oxytoca	species	0.0108	abund	0.0108	0.2387	0.21838476159663517	0.04945400000000002	DYN_0036_D11.fastq	DYN_0036_D11	pacbio	sylph	default	sylph_default
573	573	Klebsiella pneumoniae	Klebsiella pneumoniae	species	0.4161	abund	0.4161	8.8409	8.413879564848138	0.04945400000000002	DYN_0036_D11.fastq	DYN_0036_D11	pacbio	sylph	default	sylph_default
582	582	Morganella morganii	Morganella morganii	species	0.1688	abund	0.1688	2.467	3.413272940510372	0.04945400000000002	DYN_0036_D11.fastq	DYN_0036_D11	pacbio	sylph	default	sylph_default
729	729	Haemophilus_D parainfluenzae	Haemophilus parainfluenzae	species	0.0112	abund	0.0112	0.08829999999999999	0.22647308610021422	0.04945400000000002	DYN_0036_D11.fastq	DYN_0036_D11	pacbio	sylph	default	sylph_default
1304	1304	Streptococcus salivarius	Streptococcus salivarius	species	0.0003	abund	0.0003	0.0029	0.00606624337768431	0.04945400000000002	DYN_0036_D11.fastq	DYN_0036_D11	pacbio	sylph	default	sylph_default
1308	1308	Streptococcus thermophilus	Streptococcus thermophilus	species	0.0014	abund	0.0014	0.0111	0.028309135762526777	0.04945400000000002	DYN_0036_D11.fastq	DYN_0036_D11	pacbio	sylph	default	sylph_default
1351	1351	Enterococcus faecalis	Enterococcus faecalis	species	0.0071	abund	0.0071	0.0777	0.1435677599385287	0.04945400000000002	DYN_0036_D11.fastq	DYN_0036_D11	pacbio	sylph	default	sylph_default
1382	1382	Lancefieldella parvula	Lancefieldella parvula	species	0.1295	abund	0.1295	0.7662	2.6185950580337276	0.04945400000000002	DYN_0036_D11.fastq	DYN_0036_D11	pacbio	sylph	default	sylph_default
1509	1509	Clostridium_F sporogenes	Clostridium sporogenes	species	0.0038	abund	0.0038	0.0605	0.07683908278400127	0.04945400000000002	DYN_0036_D11.fastq	DYN_0036_D11	pacbio	sylph	default	sylph_default
1527	1527	Anaerocolumna aminovalerica	Anaerocolumna aminovalerica	species	0.0155	abund	0.0155	0.2743	0.3134225745136894	0.04945400000000002	DYN_0036_D11.fastq	DYN_0036_D11	pacbio	sylph	default	sylph_default
1659	1659	Actinomyces israelii	Actinomyces israelii	species	0.0001	abund	0.0001	0.0019	0.00202208112589477	0.04945400000000002	DYN_0036_D11.fastq	DYN_0036_D11	pacbio	sylph	default	sylph_default
2047	2047	Rothia dentocariosa	Rothia dentocariosa	species	0.0001	abund	0.0001	0.0008	0.00202208112589477	0.04945400000000002	DYN_0036_D11.fastq	DYN_0036_D11	pacbio	sylph	default	sylph_default
2718	2718	Cardiobacterium hominis	Cardiobacterium hominis	species	0.0003	abund	0.0003	0.0026	0.00606624337768431	0.04945400000000002	DYN_0036_D11.fastq	DYN_0036_D11	pacbio	sylph	default	sylph_default
28038	28038	Latilactobacillus curvatus	Latilactobacillus curvatus	species	0.0002	abund	0.0002	0.0012	0.00404416225178954	0.04945400000000002	DYN_0036_D11.fastq	DYN_0036_D11	pacbio	sylph	default	sylph_default
28126	28126	Prevotella buccae	Prevotella buccae	species	0.0615	abund	0.0615	0.7738	1.2435798924252837	0.04945400000000002	DYN_0036_D11.fastq	DYN_0036_D11	pacbio	sylph	default	sylph_default
33012	33012	Propionimicrobium lymphophilum	Propionimicrobium lymphophilum	species	0.0005	abund	0.0005	0.0037	0.010110405629473851	0.04945400000000002	DYN_0036_D11.fastq	DYN_0036_D11	pacbio	sylph	default	sylph_default
33038	33038	Ruminococcus_B gnavus	Ruminococcus gnavus	species	0.0003	abund	0.0003	0.0036	0.00606624337768431	0.04945400000000002	DYN_0036_D11.fastq	DYN_0036_D11	pacbio	sylph	default	sylph_default
35519	35519	Mogibacterium timidum	Mogibacterium timidum	species	0.0008	abund	0.0008	0.0055	0.01617664900715816	0.04945400000000002	DYN_0036_D11.fastq	DYN_0036_D11	pacbio	sylph	default	sylph_default
35703	35703	Citrobacter_A amalonaticus	Citrobacter amalonaticus	species	0.208	abund	0.208	4.0441	4.205928741861122	0.04945400000000002	DYN_0036_D11.fastq	DYN_0036_D11	pacbio	sylph	default	sylph_default
37734	37734	Enterococcus_D casseliflavus	Enterococcus casseliflavus	species	0.001	abund	0.001	0.0136	0.020220811258947702	0.04945400000000002	DYN_0036_D11.fastq	DYN_0036_D11	pacbio	sylph	default	sylph_default
39777	39777	Veillonella atypica	Veillonella atypica	species	0.0005	abund	0.0005	0.0042	0.010110405629473851	0.04945400000000002	DYN_0036_D11.fastq	DYN_0036_D11	pacbio	sylph	default	sylph_default
42817	42817	Corynebacterium argentoratense	Corynebacterium argentoratense	species	0.002	abund	0.002	0.0158	0.040441622517895404	0.04945400000000002	DYN_0036_D11.fastq	DYN_0036_D11	pacbio	sylph	default	sylph_default
43675	43675	Rothia mucilaginosa	Rothia mucilaginosa	species	0.0001	abund	0.0001	0.0011	0.00202208112589477	0.04945400000000002	DYN_0036_D11.fastq	DYN_0036_D11	pacbio	sylph	default	sylph_default
44252	44252	Paenibacillus_A macerans	Paenibacillus macerans	species	0.0053	abund	0.0053	0.1492	0.10717029967242282	0.04945400000000002	DYN_0036_D11.fastq	DYN_0036_D11	pacbio	sylph	default	sylph_default
66228	66228	Gleimia europaea	Gleimia europaea	species	0.0015	abund	0.0015	0.0116	0.03033121688842155	0.04945400000000002	DYN_0036_D11.fastq	DYN_0036_D11	pacbio	sylph	default	sylph_default
71452	71452	Enterococcus_A raffinosus	Enterococcus raffinosus	species	0.0024	abund	0.0024	0.0389	0.04852994702147448	0.04945400000000002	DYN_0036_D11.fastq	DYN_0036_D11	pacbio	sylph	default	sylph_default
76857	76857	Fusobacterium polymorphum	Fusobacterium polymorphum	species	0.0563	abund	0.0563	0.5292	1.1384316738787554	0.04945400000000002	DYN_0036_D11.fastq	DYN_0036_D11	pacbio	sylph	default	sylph_default
84109	84109	Slackia exigua	Slackia exigua	species	0.0011	abund	0.0011	0.0088	0.02224289238484247	0.04945400000000002	DYN_0036_D11.fastq	DYN_0036_D11	pacbio	sylph	default	sylph_default
84163	84163	Cryptobacterium curtum	Cryptobacterium curtum	species	0.0004	abund	0.0004	0.0024	0.00808832450357908	0.04945400000000002	DYN_0036_D11.fastq	DYN_0036_D11	pacbio	sylph	default	sylph_default
114527	114527	Mogibacterium diversum	Mogibacterium diversum	species	0.0024	abund	0.0024	0.0165	0.04852994702147448	0.04945400000000002	DYN_0036_D11.fastq	DYN_0036_D11	pacbio	sylph	default	sylph_default
133448	133448	Citrobacter youngae	Citrobacter youngae	species	0.0053	abund	0.0053	0.0985	0.10717029967242282	0.04945400000000002	DYN_0036_D11.fastq	DYN_0036_D11	pacbio	sylph	default	sylph_default
133926	133926	Olsenella uli	Olsenella uli	species	0.0013	abund	0.0013	0.0103	0.02628705463663201	0.04945400000000002	DYN_0036_D11.fastq	DYN_0036_D11	pacbio	sylph	default	sylph_default
143393	143393	Eubacterium_B sulci	Eubacterium sulci	species	0.0111	abund	0.0111	0.0742	0.2244510049743195	0.04945400000000002	DYN_0036_D11.fastq	DYN_0036_D11	pacbio	sylph	default	sylph_default
158836	158836	Enterobacter hormaechei_C	Enterobacter hormaechei	species	0.7092	abund	0.7092	13.6623	14.34059934484571	0.04945400000000002	DYN_0036_D11.fastq	DYN_0036_D11	pacbio	sylph	default	sylph_default
177972	177972	Shuttleworthia satelles	Shuttleworthia satelles	species	0.0153	abund	0.0153	0.1272	0.3093784122618998	0.04945400000000002	DYN_0036_D11.fastq	DYN_0036_D11	pacbio	sylph	default	sylph_default
184870	184870	Varibaculum cambriense	Varibaculum cambriense	species	0.0038	abund	0.0038	0.0297	0.07683908278400127	0.04945400000000002	DYN_0036_D11.fastq	DYN_0036_D11	pacbio	sylph	default	sylph_default
216816	216816	Bifidobacterium longum	Bifidobacterium longum	species	0.0981	abund	0.0981	0.8968	1.9836615845027696	0.04945400000000002	DYN_0036_D11.fastq	DYN_0036_D11	pacbio	sylph	default	sylph_default
218538	218538	Dialister invisus	Dialister invisus	species	0.0017	abund	0.0017	0.0121	0.03437537914021109	0.04945400000000002	DYN_0036_D11.fastq	DYN_0036_D11	pacbio	sylph	default	sylph_default
246144	246144	Enterococcus_G italicus	Enterococcus italicus	species	0.0024	abund	0.0024	0.0223	0.04852994702147448	0.04945400000000002	DYN_0036_D11.fastq	DYN_0036_D11	pacbio	sylph	default	sylph_default
261299	261299	Intestinibacter bartlettii	Intestinibacter bartlettii	species	0.0209	abund	0.0209	0.2384	0.42261495531200693	0.04945400000000002	DYN_0036_D11.fastq	DYN_0036_D11	pacbio	sylph	default	sylph_default
357441	357441	Enterococcus_B lactis	Enterococcus lactis	species	0.0165	abund	0.0165	0.1813	0.3336433857726371	0.04945400000000002	DYN_0036_D11.fastq	DYN_0036_D11	pacbio	sylph	default	sylph_default
423477	423477	Veillonella rogosae	Veillonella rogosae	species	0.1387	abund	0.1387	1.1622	2.8046265216160458	0.04945400000000002	DYN_0036_D11.fastq	DYN_0036_D11	pacbio	sylph	default	sylph_default
620903	620903	Negativicoccus succinicivorans	Negativicoccus succinicivorans	species	0.0003	abund	0.0003	0.0017	0.00606624337768431	0.04945400000000002	DYN_0036_D11.fastq	DYN_0036_D11	pacbio	sylph	default	sylph_default
674529	674529	Bacteroides faecis	Bacteroides faecis	species	2.0856	abund	2.0856	47.6208	42.17252396166133	0.04945400000000002	DYN_0036_D11.fastq	DYN_0036_D11	pacbio	sylph	default	sylph_default
996558	996558	Bacillus_J hisashii	Bacillus hisashii	species	0.0008	abund	0.0008	0.0124	0.01617664900715816	0.04945400000000002	DYN_0036_D11.fastq	DYN_0036_D11	pacbio	sylph	default	sylph_default
1110546	1110546	Veillonella tobetsuensis	Veillonella tobetsuensis	species	0.0018	abund	0.0018	0.0152	0.03639746026610586	0.04945400000000002	DYN_0036_D11.fastq	DYN_0036_D11	pacbio	sylph	default	sylph_default
1156431	1156431	Streptococcus ilei	Streptococcus ilei	species	0.0005	abund	0.0005	0.0035	0.010110405629473851	0.04945400000000002	DYN_0036_D11.fastq	DYN_0036_D11	pacbio	sylph	default	sylph_default
1274374	1274374	Paenibacillus_A antibioticophila	Paenibacillus antibioticophila	species	0.0005	abund	0.0005	0.0109	0.010110405629473851	0.04945400000000002	DYN_0036_D11.fastq	DYN_0036_D11	pacbio	sylph	default	sylph_default
1297617	1297617	Intestinimonas butyriciproducens	Intestinimonas butyriciproducens	species	0.1021	abund	0.1021	1.2609	2.0645448295385602	0.04945400000000002	DYN_0036_D11.fastq	DYN_0036_D11	pacbio	sylph	default	sylph_default
2068655	2068655	Novisyntrophococcus fermenticellae	Novisyntrophococcus fermenticellae	species	0.0101	abund	0.0101	0.1322	0.20423019371537177	0.04945400000000002	DYN_0036_D11.fastq	DYN_0036_D11	pacbio	sylph	default	sylph_default
2663009	2663009	Fusobacterium pseudoperiodonticum	Fusobacterium pseudoperiodonticum	species	0.0029	abund	0.0029	0.0266	0.05864035265094833	0.04945400000000002	DYN_0036_D11.fastq	DYN_0036_D11	pacbio	sylph	default	sylph_default
2682456	2682456	Veillonella nakazawae	Veillonella nakazawae	species	0.0471	abund	0.0471	0.3786	0.9524002102964367	0.04945400000000002	DYN_0036_D11.fastq	DYN_0036_D11	pacbio	sylph	default	sylph_default
2763067	2763067	Streptococcus hominis	Streptococcus hominis	species	0.0002	abund	0.0002	0.0015	0.00404416225178954	0.04945400000000002	DYN_0036_D11.fastq	DYN_0036_D11	pacbio	sylph	default	sylph_default
0	0	Allocoprobacillus merdigallinarum	Allocoprobacillus merdigallinarum	species	0.0038	abund	0.0038	0.028	0.0689530030847396	0.05511000000000001	DYN_0036_D14.fastq	DYN_0036_D14	pacbio	sylph	default	sylph_default
0	0	Anaeroglobus micronuciformis	Anaeroglobus micronuciformis	species	0.0006	abund	0.0006	0.0037	0.010887316276537832	0.05511000000000001	DYN_0036_D14.fastq	DYN_0036_D14	pacbio	sylph	default	sylph_default
0	0	Bacteroides sp900755095	Bacteroides sp900755095	species	0.0024	abund	0.0024	0.0283	0.04354926510615133	0.05511000000000001	DYN_0036_D14.fastq	DYN_0036_D14	pacbio	sylph	default	sylph_default
0	0	Bulleidia moorei	Bulleidia moorei	species	0.001	abund	0.001	0.0075	0.018145527127563052	0.05511000000000001	DYN_0036_D14.fastq	DYN_0036_D14	pacbio	sylph	default	sylph_default
0	0	Centipeda artemidis	Centipeda artemidis	species	0.0002	abund	0.0002	0.0016	0.0036291054255126105	0.05511000000000001	DYN_0036_D14.fastq	DYN_0036_D14	pacbio	sylph	default	sylph_default
0	0	Clostridium sp900766315	Clostridium sp900766315	species	0.0008	abund	0.0008	0.0105	0.014516421702050442	0.05511000000000001	DYN_0036_D14.fastq	DYN_0036_D14	pacbio	sylph	default	sylph_default
0	0	Granulicatella sp900551535	Granulicatella sp900551535	species	0.0002	abund	0.0002	0.0011	0.0036291054255126105	0.05511000000000001	DYN_0036_D14.fastq	DYN_0036_D14	pacbio	sylph	default	sylph_default
0	0	Granulicatella sp916049935	Granulicatella sp916049935	species	0.0004	abund	0.0004	0.0015	0.007258210851025221	0.05511000000000001	DYN_0036_D14.fastq	DYN_0036_D14	pacbio	sylph	default	sylph_default
0	0	Granulicatella sp916050055	Granulicatella sp916050055	species	0.0002	abund	0.0002	0.0009	0.0036291054255126105	0.05511000000000001	DYN_0036_D14.fastq	DYN_0036_D14	pacbio	sylph	default	sylph_default
0	0	Haemophilus_D sp014931275	Haemophilus sp014931275	species	0.0019	abund	0.0019	0.0129	0.0344765015423698	0.05511000000000001	DYN_0036_D14.fastq	DYN_0036_D14	pacbio	sylph	default	sylph_default
0	0	Haemophilus_D sp902466845	Haemophilus sp902466845	species	0.002	abund	0.002	0.012	0.036291054255126104	0.05511000000000001	DYN_0036_D14.fastq	DYN_0036_D14	pacbio	sylph	default	sylph_default
0	0	Johnsonella sp900766185	Johnsonella sp900766185	species	0.0001	abund	0.0001	0.0005	0.0018145527127563052	0.05511000000000001	DYN_0036_D14.fastq	DYN_0036_D14	pacbio	sylph	default	sylph_default
0	0	Lachnoanaerobaculum sp000296385	Lachnoanaerobaculum sp000296385	species	0.0004	abund	0.0004	0.0038	0.007258210851025221	0.05511000000000001	DYN_0036_D14.fastq	DYN_0036_D14	pacbio	sylph	default	sylph_default
0	0	Lachnoanaerobaculum sp916439285	Lachnoanaerobaculum sp916439285	species	0.0003	abund	0.0003	0.0021	0.005443658138268916	0.05511000000000001	DYN_0036_D14.fastq	DYN_0036_D14	pacbio	sylph	default	sylph_default
0	0	Lancefieldella sp024691995	Lancefieldella sp024691995	species	0.0007	abund	0.0007	0.0041	0.012701868989294136	0.05511000000000001	DYN_0036_D14.fastq	DYN_0036_D14	pacbio	sylph	default	sylph_default
0	0	Nanosynbacter featherlites	Nanosynbacter featherlites	species	0.0001	abund	0.0001	0.0003	0.0018145527127563052	0.05511000000000001	DYN_0036_D14.fastq	DYN_0036_D14	pacbio	sylph	default	sylph_default
0	0	Pauljensenia marseillensis	Pauljensenia marseillensis	species	0.0031	abund	0.0031	0.0206	0.056251134095445465	0.05511000000000001	DYN_0036_D14.fastq	DYN_0036_D14	pacbio	sylph	default	sylph_default
0	0	Pauljensenia radingae_A	Pauljensenia radingae	species	0.0011	abund	0.0011	0.0092	0.019960079840319358	0.05511000000000001	DYN_0036_D14.fastq	DYN_0036_D14	pacbio	sylph	default	sylph_default
0	0	Pauljensenia sp900556405	Pauljensenia sp900556405	species	0.0013	abund	0.0013	0.0088	0.02358918526583197	0.05511000000000001	DYN_0036_D14.fastq	DYN_0036_D14	pacbio	sylph	default	sylph_default
0	0	Pauljensenia sp916439125	Pauljensenia sp916439125	species	0.0021	abund	0.0021	0.0169	0.038105606967882406	0.05511000000000001	DYN_0036_D14.fastq	DYN_0036_D14	pacbio	sylph	default	sylph_default
0	0	Selenomonas sp905372355	Selenomonas sp905372355	species	0.0051	abund	0.0051	0.0451	0.09254218835057157	0.05511000000000001	DYN_0036_D14.fastq	DYN_0036_D14	pacbio	sylph	default	sylph_default
0	0	Streptococcus sp027665725	Streptococcus sp027665725	species	0.0027	abund	0.0027	0.0157	0.04899292324442024	0.05511000000000001	DYN_0036_D14.fastq	DYN_0036_D14	pacbio	sylph	default	sylph_default
0	0	Streptococcus sp902488495	Streptococcus sp902488495	species	0.0004	abund	0.0004	0.0025	0.007258210851025221	0.05511000000000001	DYN_0036_D14.fastq	DYN_0036_D14	pacbio	sylph	default	sylph_default
0	0	UBA4285 sp900542465	UBA4285 sp900542465	species	0.0027	abund	0.0027	0.0138	0.04899292324442024	0.05511000000000001	DYN_0036_D14.fastq	DYN_0036_D14	pacbio	sylph	default	sylph_default
0	0	Veillonella sp018376995	Veillonella sp018376995	species	0.0033	abund	0.0033	0.0235	0.05988023952095808	0.05511000000000001	DYN_0036_D14.fastq	DYN_0036_D14	pacbio	sylph	default	sylph_default
0	0	Veillonella sp902466275	Veillonella sp902466275	species	0.0039	abund	0.0039	0.0162	0.0707675557974959	0.05511000000000001	DYN_0036_D14.fastq	DYN_0036_D14	pacbio	sylph	default	sylph_default
200	200	Campylobacter_A curvus	Campylobacter curvus	species	0.0026	abund	0.0026	0.0173	0.04717837053166394	0.05511000000000001	DYN_0036_D14.fastq	DYN_0036_D14	pacbio	sylph	default	sylph_default
571	571	Klebsiella oxytoca	Klebsiella oxytoca	species	0.0113	abund	0.0113	0.2188	0.20504445654146247	0.05511000000000001	DYN_0036_D14.fastq	DYN_0036_D14	pacbio	sylph	default	sylph_default
573	573	Klebsiella pneumoniae	Klebsiella pneumoniae	species	2.4161	abund	2.4161	44.8603	43.84140809290509	0.05511000000000001	DYN_0036_D14.fastq	DYN_0036_D14	pacbio	sylph	default	sylph_default
582	582	Morganella morganii	Morganella morganii	species	0.1026	abund	0.1026	1.3106	1.8617310832879692	0.05511000000000001	DYN_0036_D14.fastq	DYN_0036_D14	pacbio	sylph	default	sylph_default
729	729	Haemophilus_D parainfluenzae_P	Haemophilus parainfluenzae	species	0.0037	abund	0.0037	0.0254	0.0671384503719833	0.05511000000000001	DYN_0036_D14.fastq	DYN_0036_D14	pacbio	sylph	default	sylph_default
1304	1304	Streptococcus salivarius	Streptococcus salivarius	species	0.0045	abund	0.0045	0.0331	0.08165487207403373	0.05511000000000001	DYN_0036_D14.fastq	DYN_0036_D14	pacbio	sylph	default	sylph_default
1305	1305	Streptococcus sanguinis	Streptococcus sanguinis	species	0.0002	abund	0.0002	0.0014	0.0036291054255126105	0.05511000000000001	DYN_0036_D14.fastq	DYN_0036_D14	pacbio	sylph	default	sylph_default
1308	1308	Streptococcus thermophilus	Streptococcus thermophilus	species	0.01	abund	0.01	0.0707	0.18145527127563052	0.05511000000000001	DYN_0036_D14.fastq	DYN_0036_D14	pacbio	sylph	default	sylph_default
1318	1318	Streptococcus parasanguinis	Streptococcus parasanguinis	species	0.0003	abund	0.0003	0.002	0.005443658138268916	0.05511000000000001	DYN_0036_D14.fastq	DYN_0036_D14	pacbio	sylph	default	sylph_default
1351	1351	Enterococcus faecalis	Enterococcus faecalis	species	0.0086	abund	0.0086	0.0828	0.15605153329704224	0.05511000000000001	DYN_0036_D14.fastq	DYN_0036_D14	pacbio	sylph	default	sylph_default
1352	1352	Enterococcus_B faecium	Enterococcus faecium	species	0.0004	abund	0.0004	0.0038	0.007258210851025221	0.05511000000000001	DYN_0036_D14.fastq	DYN_0036_D14	pacbio	sylph	default	sylph_default
1382	1382	Lancefieldella parvula	Lancefieldella parvula	species	0.0451	abund	0.0451	0.233	0.8183632734530937	0.05511000000000001	DYN_0036_D14.fastq	DYN_0036_D14	pacbio	sylph	default	sylph_default
1383	1383	Lancefieldella rimae	Lancefieldella rimae	species	0.0007	abund	0.0007	0.0036	0.012701868989294136	0.05511000000000001	DYN_0036_D14.fastq	DYN_0036_D14	pacbio	sylph	default	sylph_default
1509	1509	Clostridium_F sporogenes	Clostridium sporogenes	species	0.0034	abund	0.0034	0.0473	0.06169479223371437	0.05511000000000001	DYN_0036_D14.fastq	DYN_0036_D14	pacbio	sylph	default	sylph_default
1527	1527	Anaerocolumna aminovalerica	Anaerocolumna aminovalerica	species	0.0052	abund	0.0052	0.0807	0.09435674106332788	0.05511000000000001	DYN_0036_D14.fastq	DYN_0036_D14	pacbio	sylph	default	sylph_default
1584	1584	Lactobacillus delbrueckii	Lactobacillus delbrueckii	species	0.0003	abund	0.0003	0.002	0.005443658138268916	0.05511000000000001	DYN_0036_D14.fastq	DYN_0036_D14	pacbio	sylph	default	sylph_default
1597	1597	Lacticaseibacillus paracasei	Lacticaseibacillus paracasei	species	0.0004	abund	0.0004	0.0036	0.007258210851025221	0.05511000000000001	DYN_0036_D14.fastq	DYN_0036_D14	pacbio	sylph	default	sylph_default
2047	2047	Rothia dentocariosa	Rothia dentocariosa	species	0.001	abund	0.001	0.0083	0.018145527127563052	0.05511000000000001	DYN_0036_D14.fastq	DYN_0036_D14	pacbio	sylph	default	sylph_default
2718	2718	Cardiobacterium hominis	Cardiobacterium hominis	species	0.0002	abund	0.0002	0.0016	0.0036291054255126105	0.05511000000000001	DYN_0036_D14.fastq	DYN_0036_D14	pacbio	sylph	default	sylph_default
28116	28116	Bacteroides ovatus	Bacteroides ovatus	species	0.0036	abund	0.0036	0.0779	0.06532389765922698	0.05511000000000001	DYN_0036_D14.fastq	DYN_0036_D14	pacbio	sylph	default	sylph_default
28126	28126	Prevotella buccae	Prevotella buccae	species	0.0731	abund	0.0731	0.8035	1.326438033024859	0.05511000000000001	DYN_0036_D14.fastq	DYN_0036_D14	pacbio	sylph	default	sylph_default
29360	29360	Cellulosilyticum lentocellum	Cellulosilyticum lentocellum	species	0.0048	abund	0.0048	0.076	0.08709853021230266	0.05511000000000001	DYN_0036_D14.fastq	DYN_0036_D14	pacbio	sylph	default	sylph_default
29391	29391	Gemella morbillorum	Gemella morbillorum	species	0.0	abund	0.0	0.0002	0.0	0.05511000000000001	DYN_0036_D14.fastq	DYN_0036_D14	pacbio	sylph	default	sylph_default
33012	33012	Propionimicrobium lymphophilum	Propionimicrobium lymphophilum	species	0.0009	abund	0.0009	0.0063	0.016330974414806746	0.05511000000000001	DYN_0036_D14.fastq	DYN_0036_D14	pacbio	sylph	default	sylph_default
33038	33038	Ruminococcus_B gnavus	Ruminococcus gnavus	species	0.3918	abund	0.3918	4.6602	7.109417528579204	0.05511000000000001	DYN_0036_D14.fastq	DYN_0036_D14	pacbio	sylph	default	sylph_default
35519	35519	Mogibacterium timidum	Mogibacterium timidum	species	0.0008	abund	0.0008	0.0047	0.014516421702050442	0.05511000000000001	DYN_0036_D14.fastq	DYN_0036_D14	pacbio	sylph	default	sylph_default
35703	35703	Citrobacter_A amalonaticus	Citrobacter amalonaticus	species	0.1446	abund	0.1446	2.4561	2.6238432226456174	0.05511000000000001	DYN_0036_D14.fastq	DYN_0036_D14	pacbio	sylph	default	sylph_default
37734	37734	Enterococcus_D casseliflavus	Enterococcus casseliflavus	species	0.0063	abund	0.0063	0.0733	0.11431682090364723	0.05511000000000001	DYN_0036_D14.fastq	DYN_0036_D14	pacbio	sylph	default	sylph_default
39777	39777	Veillonella atypica	Veillonella atypica	species	0.0004	abund	0.0004	0.0027	0.007258210851025221	0.05511000000000001	DYN_0036_D14.fastq	DYN_0036_D14	pacbio	sylph	default	sylph_default
42817	42817	Corynebacterium argentoratense	Corynebacterium argentoratense	species	0.0047	abund	0.0047	0.0317	0.08528397749954635	0.05511000000000001	DYN_0036_D14.fastq	DYN_0036_D14	pacbio	sylph	default	sylph_default
43675	43675	Rothia mucilaginosa	Rothia mucilaginosa	species	0.0004	abund	0.0004	0.0034	0.007258210851025221	0.05511000000000001	DYN_0036_D14.fastq	DYN_0036_D14	pacbio	sylph	default	sylph_default
44252	44252	Paenibacillus_A macerans	Paenibacillus macerans	species	0.0001	abund	0.0001	0.0013	0.0018145527127563052	0.05511000000000001	DYN_0036_D14.fastq	DYN_0036_D14	pacbio	sylph	default	sylph_default
47715	47715	Lacticaseibacillus rhamnosus	Lacticaseibacillus rhamnosus	species	0.0009	abund	0.0009	0.0087	0.016330974414806746	0.05511000000000001	DYN_0036_D14.fastq	DYN_0036_D14	pacbio	sylph	default	sylph_default
66228	66228	Gleimia europaea	Gleimia europaea	species	0.001	abund	0.001	0.0067	0.018145527127563052	0.05511000000000001	DYN_0036_D14.fastq	DYN_0036_D14	pacbio	sylph	default	sylph_default
71452	71452	Enterococcus_A raffinosus	Enterococcus raffinosus	species	0.0116	abund	0.0116	0.1624	0.2104881146797314	0.05511000000000001	DYN_0036_D14.fastq	DYN_0036_D14	pacbio	sylph	default	sylph_default
76857	76857	Fusobacterium polymorphum	Fusobacterium polymorphum	species	0.0358	abund	0.0358	0.2939	0.6496098711667573	0.05511000000000001	DYN_0036_D14.fastq	DYN_0036_D14	pacbio	sylph	default	sylph_default
84109	84109	Slackia exigua	Slackia exigua	species	0.006	abund	0.006	0.0423	0.10887316276537831	0.05511000000000001	DYN_0036_D14.fastq	DYN_0036_D14	pacbio	sylph	default	sylph_default
84163	84163	Cryptobacterium curtum	Cryptobacterium curtum	species	0.0001	abund	0.0001	0.0005	0.0018145527127563052	0.05511000000000001	DYN_0036_D14.fastq	DYN_0036_D14	pacbio	sylph	default	sylph_default
114527	114527	Mogibacterium diversum	Mogibacterium diversum	species	0.0046	abund	0.0046	0.0281	0.08346942478679004	0.05511000000000001	DYN_0036_D14.fastq	DYN_0036_D14	pacbio	sylph	default	sylph_default
133448	133448	Citrobacter youngae	Citrobacter youngae	species	0.0342	abund	0.0342	0.5519	0.6205770277626563	0.05511000000000001	DYN_0036_D14.fastq	DYN_0036_D14	pacbio	sylph	default	sylph_default
133926	133926	Olsenella uli	Olsenella uli	species	0.0017	abund	0.0017	0.0117	0.030847396116857186	0.05511000000000001	DYN_0036_D14.fastq	DYN_0036_D14	pacbio	sylph	default	sylph_default
143393	143393	Eubacterium_B sulci	Eubacterium sulci	species	0.0233	abund	0.0233	0.1358	0.42279078207221915	0.05511000000000001	DYN_0036_D14.fastq	DYN_0036_D14	pacbio	sylph	default	sylph_default
158836	158836	Enterobacter hormaechei_B	Enterobacter hormaechei	species	0.0327	abund	0.0327	0.4991	0.5933587370713118	0.05511000000000001	DYN_0036_D14.fastq	DYN_0036_D14	pacbio	sylph	default	sylph_default
177972	177972	Shuttleworthia satelles	Shuttleworthia satelles	species	0.0067	abund	0.0067	0.0489	0.12157503175467246	0.05511000000000001	DYN_0036_D14.fastq	DYN_0036_D14	pacbio	sylph	default	sylph_default
184870	184870	Varibaculum cambriense	Varibaculum cambriense	species	0.0025	abund	0.0025	0.017	0.04536381781890763	0.05511000000000001	DYN_0036_D14.fastq	DYN_0036_D14	pacbio	sylph	default	sylph_default
216816	216816	Bifidobacterium longum	Bifidobacterium longum	species	0.0606	abund	0.0606	0.4842	1.099618943930321	0.05511000000000001	DYN_0036_D14.fastq	DYN_0036_D14	pacbio	sylph	default	sylph_default
218538	218538	Dialister invisus	Dialister invisus	species	0.0086	abund	0.0086	0.0549	0.15605153329704224	0.05511000000000001	DYN_0036_D14.fastq	DYN_0036_D14	pacbio	sylph	default	sylph_default
246144	246144	Enterococcus_G italicus	Enterococcus italicus	species	0.0008	abund	0.0008	0.0067	0.014516421702050442	0.05511000000000001	DYN_0036_D14.fastq	DYN_0036_D14	pacbio	sylph	default	sylph_default
261299	261299	Intestinibacter bartlettii	Intestinibacter bartlettii	species	0.0223	abund	0.0223	0.2223	0.4046452549446561	0.05511000000000001	DYN_0036_D14.fastq	DYN_0036_D14	pacbio	sylph	default	sylph_default
357276	357276	Phocaeicola dorei	Phocaeicola dorei	species	0.0001	abund	0.0001	0.0021	0.0018145527127563052	0.05511000000000001	DYN_0036_D14.fastq	DYN_0036_D14	pacbio	sylph	default	sylph_default
357441	357441	Enterococcus_B lactis	Enterococcus lactis	species	0.0295	abund	0.0295	0.2836	0.53529305026311	0.05511000000000001	DYN_0036_D14.fastq	DYN_0036_D14	pacbio	sylph	default	sylph_default
423477	423477	Veillonella rogosae	Veillonella rogosae	species	0.4556	abund	0.4556	3.3357	8.267102159317727	0.05511000000000001	DYN_0036_D14.fastq	DYN_0036_D14	pacbio	sylph	default	sylph_default
544580	544580	Actinomyces oris	Actinomyces oris	species	0.0006	abund	0.0006	0.0063	0.010887316276537832	0.05511000000000001	DYN_0036_D14.fastq	DYN_0036_D14	pacbio	sylph	default	sylph_default
620903	620903	Negativicoccus succinicivorans	Negativicoccus succinicivorans	species	0.0003	abund	0.0003	0.0013	0.005443658138268916	0.05511000000000001	DYN_0036_D14.fastq	DYN_0036_D14	pacbio	sylph	default	sylph_default
674529	674529	Bacteroides faecis	Bacteroides faecis	species	1.3775	abund	1.3775	27.4842	24.995463618218103	0.05511000000000001	DYN_0036_D14.fastq	DYN_0036_D14	pacbio	sylph	default	sylph_default
1156431	1156431	Streptococcus ilei	Streptococcus ilei	species	0.0019	abund	0.0019	0.0129	0.0344765015423698	0.05511000000000001	DYN_0036_D14.fastq	DYN_0036_D14	pacbio	sylph	default	sylph_default
1234680	1234680	Streptococcus rubneri	Streptococcus rubneri	species	0.0018	abund	0.0018	0.0132	0.03266194882961349	0.05511000000000001	DYN_0036_D14.fastq	DYN_0036_D14	pacbio	sylph	default	sylph_default
1297617	1297617	Intestinimonas butyriciproducens	Intestinimonas butyriciproducens	species	0.0808	abund	0.0808	0.8728	1.4661585919070947	0.05511000000000001	DYN_0036_D14.fastq	DYN_0036_D14	pacbio	sylph	default	sylph_default
1502943	1502943	Veillonella_A seminalis	Veillonella seminalis	species	0.0005	abund	0.0005	0.0041	0.009072763563781526	0.05511000000000001	DYN_0036_D14.fastq	DYN_0036_D14	pacbio	sylph	default	sylph_default
1796634	1796634	Muricomes intestini	Muricomes intestini	species	0.0004	abund	0.0004	0.0047	0.007258210851025221	0.05511000000000001	DYN_0036_D14.fastq	DYN_0036_D14	pacbio	sylph	default	sylph_default
2068655	2068655	Novisyntrophococcus fermenticellae	Novisyntrophococcus fermenticellae	species	0.0092	abund	0.0092	0.1053	0.16693884957358007	0.05511000000000001	DYN_0036_D14.fastq	DYN_0036_D14	pacbio	sylph	default	sylph_default
2682456	2682456	Veillonella nakazawae	Veillonella nakazawae	species	0.0091	abund	0.0091	0.0642	0.16512429686082378	0.05511000000000001	DYN_0036_D14.fastq	DYN_0036_D14	pacbio	sylph	default	sylph_default
2763067	2763067	Streptococcus hominis	Streptococcus hominis	species	0.0014	abund	0.0014	0.0084	0.025403737978588272	0.05511000000000001	DYN_0036_D14.fastq	DYN_0036_D14	pacbio	sylph	default	sylph_default
0	0	Actinomyces sp900323545	Actinomyces sp900323545	species	0.0001	abund	0.0001	0.0009	0.002249820014398848	0.044448	DYN_0036_D16.fastq	DYN_0036_D16	pacbio	sylph	default	sylph_default
0	0	Allocoprobacillus merdigallinarum	Allocoprobacillus merdigallinarum	species	0.0079	abund	0.0079	0.0682	0.177735781137509	0.044448	DYN_0036_D16.fastq	DYN_0036_D16	pacbio	sylph	default	sylph_default
0	0	Anaeroglobus micronuciformis	Anaeroglobus micronuciformis	species	0.0005	abund	0.0005	0.0037	0.011249100071994242	0.044448	DYN_0036_D16.fastq	DYN_0036_D16	pacbio	sylph	default	sylph_default
0	0	Bacteroides sp900755095	Bacteroides sp900755095	species	0.0926	abund	0.0926	1.3042	2.0833333333333335	0.044448	DYN_0036_D16.fastq	DYN_0036_D16	pacbio	sylph	default	sylph_default
0	0	Centipeda artemidis	Centipeda artemidis	species	0.0001	abund	0.0001	0.0009	0.002249820014398848	0.044448	DYN_0036_D16.fastq	DYN_0036_D16	pacbio	sylph	default	sylph_default
0	0	Clostridium sp900766315	Clostridium sp900766315	species	0.0009	abund	0.0009	0.0149	0.020248380129589634	0.044448	DYN_0036_D16.fastq	DYN_0036_D16	pacbio	sylph	default	sylph_default
0	0	Granulicatella sp916438765	Granulicatella sp916438765	species	0.0001	abund	0.0001	0.0006	0.002249820014398848	0.044448	DYN_0036_D16.fastq	DYN_0036_D16	pacbio	sylph	default	sylph_default
0	0	Haemophilus_D sp014931275	Haemophilus sp014931275	species	0.0015	abund	0.0015	0.0115	0.03374730021598272	0.044448	DYN_0036_D16.fastq	DYN_0036_D16	pacbio	sylph	default	sylph_default
0	0	Lancefieldella sp024691995	Lancefieldella sp024691995	species	0.002	abund	0.002	0.0135	0.04499640028797697	0.044448	DYN_0036_D16.fastq	DYN_0036_D16	pacbio	sylph	default	sylph_default
0	0	Nanosynbacter sp022819365	Nanosynbacter sp022819365	species	0.0001	abund	0.0001	0.0002	0.002249820014398848	0.044448	DYN_0036_D16.fastq	DYN_0036_D16	pacbio	sylph	default	sylph_default
0	0	Pauljensenia marseillensis	Pauljensenia marseillensis	species	0.0017	abund	0.0017	0.0136	0.03824694024478042	0.044448	DYN_0036_D16.fastq	DYN_0036_D16	pacbio	sylph	default	sylph_default
0	0	Pauljensenia radingae_A	Pauljensenia radingae	species	0.0022	abund	0.0022	0.0207	0.04949604031677466	0.044448	DYN_0036_D16.fastq	DYN_0036_D16	pacbio	sylph	default	sylph_default
0	0	Pauljensenia sp900556405	Pauljensenia sp900556405	species	0.0005	abund	0.0005	0.0039	0.011249100071994242	0.044448	DYN_0036_D16.fastq	DYN_0036_D16	pacbio	sylph	default	sylph_default
0	0	Pauljensenia sp902373545	Pauljensenia sp902373545	species	0.0001	abund	0.0001	0.0008	0.002249820014398848	0.044448	DYN_0036_D16.fastq	DYN_0036_D16	pacbio	sylph	default	sylph_default
0	0	Pauljensenia sp916439125	Pauljensenia sp916439125	species	0.0005	abund	0.0005	0.0046	0.011249100071994242	0.044448	DYN_0036_D16.fastq	DYN_0036_D16	pacbio	sylph	default	sylph_default
0	0	Rothia sp001808955	Rothia sp001808955	species	0.0008	abund	0.0008	0.0077	0.017998560115190784	0.044448	DYN_0036_D16.fastq	DYN_0036_D16	pacbio	sylph	default	sylph_default
0	0	Selenomonas sp905372355	Selenomonas sp905372355	species	0.0072	abund	0.0072	0.074	0.16198704103671707	0.044448	DYN_0036_D16.fastq	DYN_0036_D16	pacbio	sylph	default	sylph_default
0	0	Streptococcus sp027665725	Streptococcus sp027665725	species	0.0008	abund	0.0008	0.005	0.017998560115190784	0.044448	DYN_0036_D16.fastq	DYN_0036_D16	pacbio	sylph	default	sylph_default
0	0	Streptococcus sp030546305	Streptococcus sp030546305	species	0.0003	abund	0.0003	0.0021	0.006749460043196544	0.044448	DYN_0036_D16.fastq	DYN_0036_D16	pacbio	sylph	default	sylph_default
0	0	UBA4285 sp900542465	UBA4285 sp900542465	species	0.002	abund	0.002	0.0117	0.04499640028797697	0.044448	DYN_0036_D16.fastq	DYN_0036_D16	pacbio	sylph	default	sylph_default
0	0	Veillonella sp018376995	Veillonella sp018376995	species	0.0112	abund	0.0112	0.0939	0.25197984161267095	0.044448	DYN_0036_D16.fastq	DYN_0036_D16	pacbio	sylph	default	sylph_default
0	0	Veillonella sp902466275	Veillonella sp902466275	species	0.0105	abund	0.0105	0.0516	0.23623110151187907	0.044448	DYN_0036_D16.fastq	DYN_0036_D16	pacbio	sylph	default	sylph_default
200	200	Campylobacter_A curvus	Campylobacter curvus	species	0.0139	abund	0.0139	0.1078	0.3127249820014399	0.044448	DYN_0036_D16.fastq	DYN_0036_D16	pacbio	sylph	default	sylph_default
571	571	Klebsiella oxytoca	Klebsiella oxytoca	species	0.0147	abund	0.0147	0.3343	0.3307235421166307	0.044448	DYN_0036_D16.fastq	DYN_0036_D16	pacbio	sylph	default	sylph_default
573	573	Klebsiella pneumoniae	Klebsiella pneumoniae	species	1.3444	abund	1.3444	29.2306	30.246580273578115	0.044448	DYN_0036_D16.fastq	DYN_0036_D16	pacbio	sylph	default	sylph_default
582	582	Morganella morganii	Morganella morganii	species	0.0419	abund	0.0419	0.626	0.9426745860331175	0.044448	DYN_0036_D16.fastq	DYN_0036_D16	pacbio	sylph	default	sylph_default
729	729	Haemophilus_D parainfluenzae	Haemophilus parainfluenzae	species	0.0023	abund	0.0023	0.0182	0.0517458603311735	0.044448	DYN_0036_D16.fastq	DYN_0036_D16	pacbio	sylph	default	sylph_default
1303	1303	Streptococcus oralis_AA	Streptococcus oralis	species	0.0001	abund	0.0001	0.0006	0.002249820014398848	0.044448	DYN_0036_D16.fastq	DYN_0036_D16	pacbio	sylph	default	sylph_default
1304	1304	Streptococcus salivarius	Streptococcus salivarius	species	0.0044	abund	0.0044	0.0379	0.09899208063354932	0.044448	DYN_0036_D16.fastq	DYN_0036_D16	pacbio	sylph	default	sylph_default
1308	1308	Streptococcus thermophilus	Streptococcus thermophilus	species	0.0008	abund	0.0008	0.0064	0.017998560115190784	0.044448	DYN_0036_D16.fastq	DYN_0036_D16	pacbio	sylph	default	sylph_default
1328	1328	Streptococcus anginosus	Streptococcus anginosus	species	0.0002	abund	0.0002	0.0015	0.004499640028797696	0.044448	DYN_0036_D16.fastq	DYN_0036_D16	pacbio	sylph	default	sylph_default
1351	1351	Enterococcus faecalis	Enterococcus faecalis	species	0.004	abund	0.004	0.0448	0.08999280057595394	0.044448	DYN_0036_D16.fastq	DYN_0036_D16	pacbio	sylph	default	sylph_default
1352	1352	Enterococcus_B faecium	Enterococcus faecium	species	0.0004	abund	0.0004	0.0046	0.008999280057595392	0.044448	DYN_0036_D16.fastq	DYN_0036_D16	pacbio	sylph	default	sylph_default
1382	1382	Lancefieldella parvula	Lancefieldella parvula	species	0.019	abund	0.019	0.1151	0.4274658027357811	0.044448	DYN_0036_D16.fastq	DYN_0036_D16	pacbio	sylph	default	sylph_default
1509	1509	Clostridium_F sporogenes	Clostridium sporogenes	species	0.0025	abund	0.0025	0.0408	0.0562455003599712	0.044448	DYN_0036_D16.fastq	DYN_0036_D16	pacbio	sylph	default	sylph_default
1527	1527	Anaerocolumna aminovalerica	Anaerocolumna aminovalerica	species	0.0077	abund	0.0077	0.1403	0.1732361411087113	0.044448	DYN_0036_D16.fastq	DYN_0036_D16	pacbio	sylph	default	sylph_default
1584	1584	Lactobacillus delbrueckii	Lactobacillus delbrueckii	species	0.0001	abund	0.0001	0.0004	0.002249820014398848	0.044448	DYN_0036_D16.fastq	DYN_0036_D16	pacbio	sylph	default	sylph_default
2047	2047	Rothia dentocariosa	Rothia dentocariosa	species	0.0006	abund	0.0006	0.006	0.013498920086393088	0.044448	DYN_0036_D16.fastq	DYN_0036_D16	pacbio	sylph	default	sylph_default
28116	28116	Bacteroides ovatus	Bacteroides ovatus	species	0.1116	abund	0.1116	2.8322	2.5107991360691146	0.044448	DYN_0036_D16.fastq	DYN_0036_D16	pacbio	sylph	default	sylph_default
28126	28126	Prevotella buccae	Prevotella buccae	species	0.0266	abund	0.0266	0.3429	0.5984521238300935	0.044448	DYN_0036_D16.fastq	DYN_0036_D16	pacbio	sylph	default	sylph_default
33012	33012	Propionimicrobium lymphophilum	Propionimicrobium lymphophilum	species	0.0023	abund	0.0023	0.0185	0.0517458603311735	0.044448	DYN_0036_D16.fastq	DYN_0036_D16	pacbio	sylph	default	sylph_default
33038	33038	Ruminococcus_B gnavus	Ruminococcus gnavus	species	0.1484	abund	0.1484	2.0668	3.338732901367891	0.044448	DYN_0036_D16.fastq	DYN_0036_D16	pacbio	sylph	default	sylph_default
35519	35519	Mogibacterium timidum	Mogibacterium timidum	species	0.0015	abund	0.0015	0.0107	0.03374730021598272	0.044448	DYN_0036_D16.fastq	DYN_0036_D16	pacbio	sylph	default	sylph_default
35703	35703	Citrobacter_A amalonaticus	Citrobacter amalonaticus	species	0.0989	abund	0.0989	1.9678	2.225071994240461	0.044448	DYN_0036_D16.fastq	DYN_0036_D16	pacbio	sylph	default	sylph_default
37734	37734	Enterococcus_D casseliflavus	Enterococcus casseliflavus	species	0.0079	abund	0.0079	0.1081	0.177735781137509	0.044448	DYN_0036_D16.fastq	DYN_0036_D16	pacbio	sylph	default	sylph_default
39777	39777	Veillonella atypica	Veillonella atypica	species	0.0012	abund	0.0012	0.0094	0.026997840172786176	0.044448	DYN_0036_D16.fastq	DYN_0036_D16	pacbio	sylph	default	sylph_default
42817	42817	Corynebacterium argentoratense	Corynebacterium argentoratense	species	0.0024	abund	0.0024	0.0188	0.05399568034557235	0.044448	DYN_0036_D16.fastq	DYN_0036_D16	pacbio	sylph	default	sylph_default
47715	47715	Lacticaseibacillus rhamnosus	Lacticaseibacillus rhamnosus	species	0.0	abund	0.0	0.0004	0.0	0.044448	DYN_0036_D16.fastq	DYN_0036_D16	pacbio	sylph	default	sylph_default
56774	56774	Eubacterium_B infirmum	Eubacterium infirmum	species	0.0002	abund	0.0002	0.0017	0.004499640028797696	0.044448	DYN_0036_D16.fastq	DYN_0036_D16	pacbio	sylph	default	sylph_default
66228	66228	Gleimia europaea	Gleimia europaea	species	0.0003	abund	0.0003	0.0025	0.006749460043196544	0.044448	DYN_0036_D16.fastq	DYN_0036_D16	pacbio	sylph	default	sylph_default
71452	71452	Enterococcus_A raffinosus	Enterococcus raffinosus	species	0.0067	abund	0.0067	0.1105	0.15073794096472284	0.044448	DYN_0036_D16.fastq	DYN_0036_D16	pacbio	sylph	default	sylph_default
76857	76857	Fusobacterium polymorphum	Fusobacterium polymorphum	species	0.0228	abund	0.0228	0.2197	0.5129589632829374	0.044448	DYN_0036_D16.fastq	DYN_0036_D16	pacbio	sylph	default	sylph_default
84109	84109	Slackia exigua	Slackia exigua	species	0.0025	abund	0.0025	0.0203	0.0562455003599712	0.044448	DYN_0036_D16.fastq	DYN_0036_D16	pacbio	sylph	default	sylph_default
84135	84135	Gemella sanguinis	Gemella sanguinis	species	0.0	abund	0.0	0.0003	0.0	0.044448	DYN_0036_D16.fastq	DYN_0036_D16	pacbio	sylph	default	sylph_default
84163	84163	Cryptobacterium curtum	Cryptobacterium curtum	species	0.0006	abund	0.0006	0.0036	0.013498920086393088	0.044448	DYN_0036_D16.fastq	DYN_0036_D16	pacbio	sylph	default	sylph_default
114527	114527	Mogibacterium diversum	Mogibacterium diversum	species	0.0037	abund	0.0037	0.0261	0.08324334053275738	0.044448	DYN_0036_D16.fastq	DYN_0036_D16	pacbio	sylph	default	sylph_default
133448	133448	Citrobacter youngae	Citrobacter youngae	species	0.0672	abund	0.0672	1.2702	1.511879049676026	0.044448	DYN_0036_D16.fastq	DYN_0036_D16	pacbio	sylph	default	sylph_default
133926	133926	Olsenella uli	Olsenella uli	species	0.002	abund	0.002	0.0165	0.04499640028797697	0.044448	DYN_0036_D16.fastq	DYN_0036_D16	pacbio	sylph	default	sylph_default
143393	143393	Eubacterium_B sulci	Eubacterium sulci	species	0.0117	abund	0.0117	0.0798	0.2632289416846652	0.044448	DYN_0036_D16.fastq	DYN_0036_D16	pacbio	sylph	default	sylph_default
158836	158836	Enterobacter hormaechei_B	Enterobacter hormaechei	species	0.0021	abund	0.0021	0.0378	0.04724622030237581	0.044448	DYN_0036_D16.fastq	DYN_0036_D16	pacbio	sylph	default	sylph_default
177972	177972	Shuttleworthia satelles	Shuttleworthia satelles	species	0.0078	abund	0.0078	0.0667	0.17548596112311013	0.044448	DYN_0036_D16.fastq	DYN_0036_D16	pacbio	sylph	default	sylph_default
184870	184870	Varibaculum cambriense	Varibaculum cambriense	species	0.0024	abund	0.0024	0.0188	0.05399568034557235	0.044448	DYN_0036_D16.fastq	DYN_0036_D16	pacbio	sylph	default	sylph_default
216816	216816	Bifidobacterium longum	Bifidobacterium longum	species	0.0431	abund	0.0431	0.4032	0.9696724262059034	0.044448	DYN_0036_D16.fastq	DYN_0036_D16	pacbio	sylph	default	sylph_default
218538	218538	Dialister invisus	Dialister invisus	species	0.0317	abund	0.0317	0.2357	0.7131929445644348	0.044448	DYN_0036_D16.fastq	DYN_0036_D16	pacbio	sylph	default	sylph_default
246144	246144	Enterococcus_G italicus	Enterococcus italicus	species	0.001	abund	0.001	0.0094	0.022498200143988484	0.044448	DYN_0036_D16.fastq	DYN_0036_D16	pacbio	sylph	default	sylph_default
261299	261299	Intestinibacter bartlettii	Intestinibacter bartlettii	species	0.0055	abund	0.0055	0.0636	0.12374010079193663	0.044448	DYN_0036_D16.fastq	DYN_0036_D16	pacbio	sylph	default	sylph_default
357276	357276	Phocaeicola dorei	Phocaeicola dorei	species	0.0862	abund	0.0862	1.9021	1.9393448524118069	0.044448	DYN_0036_D16.fastq	DYN_0036_D16	pacbio	sylph	default	sylph_default
357441	357441	Enterococcus_B lactis	Enterococcus lactis	species	0.0203	abund	0.0203	0.2281	0.4567134629229661	0.044448	DYN_0036_D16.fastq	DYN_0036_D16	pacbio	sylph	default	sylph_default
423477	423477	Veillonella rogosae	Veillonella rogosae	species	0.3259	abund	0.3259	2.7949	7.332163426925847	0.044448	DYN_0036_D16.fastq	DYN_0036_D16	pacbio	sylph	default	sylph_default
544580	544580	Actinomyces oris	Actinomyces oris	species	0.0002	abund	0.0002	0.0026	0.004499640028797696	0.044448	DYN_0036_D16.fastq	DYN_0036_D16	pacbio	sylph	default	sylph_default
620903	620903	Negativicoccus succinicivorans	Negativicoccus succinicivorans	species	0.0031	abund	0.0031	0.0172	0.0697444204463643	0.044448	DYN_0036_D16.fastq	DYN_0036_D16	pacbio	sylph	default	sylph_default
674529	674529	Bacteroides faecis	Bacteroides faecis	species	1.6792	abund	1.6792	39.2336	37.77897768178546	0.044448	DYN_0036_D16.fastq	DYN_0036_D16	pacbio	sylph	default	sylph_default
1156431	1156431	Streptococcus ilei	Streptococcus ilei	species	0.0009	abund	0.0009	0.0073	0.020248380129589634	0.044448	DYN_0036_D16.fastq	DYN_0036_D16	pacbio	sylph	default	sylph_default
1234680	1234680	Streptococcus rubneri	Streptococcus rubneri	species	0.0017	abund	0.0017	0.0141	0.03824694024478042	0.044448	DYN_0036_D16.fastq	DYN_0036_D16	pacbio	sylph	default	sylph_default
1297617	1297617	Intestinimonas butyriciproducens	Intestinimonas butyriciproducens	species	0.0951	abund	0.0951	1.2025	2.1395788336933044	0.044448	DYN_0036_D16.fastq	DYN_0036_D16	pacbio	sylph	default	sylph_default
1502943	1502943	Veillonella_A seminalis	Veillonella seminalis	species	0.0036	abund	0.0036	0.0315	0.08099352051835854	0.044448	DYN_0036_D16.fastq	DYN_0036_D16	pacbio	sylph	default	sylph_default
1796634	1796634	Muricomes intestini	Muricomes intestini	species	0.0006	abund	0.0006	0.0089	0.013498920086393088	0.044448	DYN_0036_D16.fastq	DYN_0036_D16	pacbio	sylph	default	sylph_default
2068655	2068655	Novisyntrophococcus fermenticellae	Novisyntrophococcus fermenticellae	species	0.0078	abund	0.0078	0.104	0.17548596112311013	0.044448	DYN_0036_D16.fastq	DYN_0036_D16	pacbio	sylph	default	sylph_default
2663009	2663009	Fusobacterium pseudoperiodonticum	Fusobacterium pseudoperiodonticum	species	0.0003	abund	0.0003	0.0029	0.006749460043196544	0.044448	DYN_0036_D16.fastq	DYN_0036_D16	pacbio	sylph	default	sylph_default
2682456	2682456	Veillonella nakazawae	Veillonella nakazawae	species	0.0069	abund	0.0069	0.0567	0.1552375809935205	0.044448	DYN_0036_D16.fastq	DYN_0036_D16	pacbio	sylph	default	sylph_default
2763067	2763067	Streptococcus hominis	Streptococcus hominis	species	0.0003	abund	0.0003	0.0024	0.006749460043196544	0.044448	DYN_0036_D16.fastq	DYN_0036_D16	pacbio	sylph	default	sylph_default
